gold_case_order,gold_case_id,term_review_task_id,resolution_case_id,canonical_term,category,problem_context_samples_json,source_candidate_id,source_record_id,source,candidate_rank,matched_name,matched_field,retrieval_method,retrieval_score,category_compatibility,normalized_names_json,hanja_json,era_values_json,birth_year,death_year,bonkwan_json,source_entity_type_proposal,source_context_json,candidate_pair_signals_json,gold_candidate_role,gold_alternative_key,gold_display_name,gold_entity_type,gold_related_entity_key,gold_related_display_name,gold_related_entity_type,gold_reason
1,gold-case:52ac2a4d5bb6963a155f,term-review-task:c4b6e0dcfe7ddcbb3b7c,resolution-case:8007b2d75e6c74a82791,향토 예비군의 날,제도,"[{""problem_id"": ""cj_v41_1474"", ""full_text"": ""한국사 교양 강좌 기념일에 담긴 일제 강점기 사회ㆍ문화 우리 학회에서는 일제 강점기의 힘든 현실 속에서도 우리 민족이 기리기 시작한 기념일을 중심으로 당시의 사회와 문화를 살펴보는 강연을 마련하였다. 많은 관심과 참여 바랍니다. [제1강] 어린이날 - 어린이에게서 민족의 미래를 보다 [제2강] 메이데이 - 고등 경찰의 경계 속에 첫 노동절 행사가 열리다 [제3강] 과학 데이 - 과학의 대중화를 촉진하다 [제4강] (가) ● 일시: 2026년 ◯ ◯월 ◯ ◯일 10:00~16:00 ● 장소: 학회 소회의실\n(가)에 들어갈 내용으로 가장 적절한 것은?\n제헌절 – 첫 헌법 제정의 의미를 강조하다\n가갸날 – 우리 말과 글의 소중함을 되새기다\n향토 예비군의 날 – 범국민적인 안보의식을 조성하다\n은사의 날 – 스승을 향한 감사와 공경의 마음을 전하다\n이산가족의 날 - 이산가족 문제에 대한 관심을 제고하다""}]",source-candidate:5ff30242dcc344b39043,AKS:ARTICLE:E0006150:sha256-704d8ea620c542f5,AKS,1,향토 예비군의 날,body,body_mention,1.0,COMPATIBLE,"[""국군""]","[""國軍""]","[""현대""]",,,[],Concept,"{""headword"": ""국군"", ""origin"": ""國軍"", ""headword_origin"": ""국군(國軍)"", ""primary_type"": ""제도/법령·제도"", ""era"": ""현대"", ""definition"": ""대한민국의 국방을 책임질 국민의 군대."", ""snippet"": ""의 병력이 파월되어 전투경험을 쌓았으며, 주월 한국군의 막강함을 세계만방에 과시하였다. (1) 향토예비군의 창설 북한은 공산통일의 하나로 1964년부터 무장공비의 침투를 증가시켜 왔다. 1967년에""}",[],,,,,,,,
1,gold-case:52ac2a4d5bb6963a155f,term-review-task:c4b6e0dcfe7ddcbb3b7c,resolution-case:8007b2d75e6c74a82791,향토 예비군의 날,제도,"[{""problem_id"": ""cj_v41_1474"", ""full_text"": ""한국사 교양 강좌 기념일에 담긴 일제 강점기 사회ㆍ문화 우리 학회에서는 일제 강점기의 힘든 현실 속에서도 우리 민족이 기리기 시작한 기념일을 중심으로 당시의 사회와 문화를 살펴보는 강연을 마련하였다. 많은 관심과 참여 바랍니다. [제1강] 어린이날 - 어린이에게서 민족의 미래를 보다 [제2강] 메이데이 - 고등 경찰의 경계 속에 첫 노동절 행사가 열리다 [제3강] 과학 데이 - 과학의 대중화를 촉진하다 [제4강] (가) ● 일시: 2026년 ◯ ◯월 ◯ ◯일 10:00~16:00 ● 장소: 학회 소회의실\n(가)에 들어갈 내용으로 가장 적절한 것은?\n제헌절 – 첫 헌법 제정의 의미를 강조하다\n가갸날 – 우리 말과 글의 소중함을 되새기다\n향토 예비군의 날 – 범국민적인 안보의식을 조성하다\n은사의 날 – 스승을 향한 감사와 공경의 마음을 전하다\n이산가족의 날 - 이산가족 문제에 대한 관심을 제고하다""}]",source-candidate:f0270dd68a59e39655d2,AKS:ARTICLE:E0062995:sha256-704d8ea620c542f5,AKS,2,향토 예비군의 날,body,body_mention,1.0,COMPATIBLE,"[""rokrf"", ""예비군"", ""향토예비군""]","[""鄕土豫備軍""]","[""현대""]",,,[],Concept,"{""headword"": ""향토예비군"", ""aliases"": [""예비군"", ""ROKRF""], ""origin"": ""鄕土豫備軍"", ""headword_origin"": ""향토예비군(鄕土豫備軍)"", ""primary_type"": ""제도/법령·제도"", ""era"": ""현대"", ""definition"": ""대한민국의 예비전력."", ""snippet"": ""병참선(군수. 보급품지원 통로나 보급체계) 등의 경비, ⑤ 「민방위기본법」에 의한 민방위 업무의 지원이다. 예비군의 조직은 「병역법」의 규정에 따라 대한민국 국민으로써 지원자 중 선발하여 조직하지만, 향토를 방위하""}","[{""left_source_candidate_id"": ""source-candidate:3225dc37298598ac3ee6"", ""right_source_candidate_id"": ""source-candidate:f0270dd68a59e39655d2"", ""signals"": [""normalized_name_match"", ""hanja_match"", ""era_overlap""], ""conflicts"": [], ""merge_eligible"": true}]",,,,,,,,
1,gold-case:52ac2a4d5bb6963a155f,term-review-task:c4b6e0dcfe7ddcbb3b7c,resolution-case:8007b2d75e6c74a82791,향토 예비군의 날,제도,"[{""problem_id"": ""cj_v41_1474"", ""full_text"": ""한국사 교양 강좌 기념일에 담긴 일제 강점기 사회ㆍ문화 우리 학회에서는 일제 강점기의 힘든 현실 속에서도 우리 민족이 기리기 시작한 기념일을 중심으로 당시의 사회와 문화를 살펴보는 강연을 마련하였다. 많은 관심과 참여 바랍니다. [제1강] 어린이날 - 어린이에게서 민족의 미래를 보다 [제2강] 메이데이 - 고등 경찰의 경계 속에 첫 노동절 행사가 열리다 [제3강] 과학 데이 - 과학의 대중화를 촉진하다 [제4강] (가) ● 일시: 2026년 ◯ ◯월 ◯ ◯일 10:00~16:00 ● 장소: 학회 소회의실\n(가)에 들어갈 내용으로 가장 적절한 것은?\n제헌절 – 첫 헌법 제정의 의미를 강조하다\n가갸날 – 우리 말과 글의 소중함을 되새기다\n향토 예비군의 날 – 범국민적인 안보의식을 조성하다\n은사의 날 – 스승을 향한 감사와 공경의 마음을 전하다\n이산가족의 날 - 이산가족 문제에 대한 관심을 제고하다""}]",source-candidate:5288a360dee3716e143a,AKS:ARTICLE:E0062996:sha256-704d8ea620c542f5,AKS,3,향토 예비군의 날,body,body_mention,1.0,COMPATIBLE,"[""예비군의날""]","[""豫備軍""]","[""현대""]",,,[],Concept,"{""headword"": ""예비군의 날"", ""origin"": ""豫備軍의 날"", ""headword_origin"": ""예비군의 날(豫備軍의 날)"", ""primary_type"": ""제도/법령·제도"", ""era"": ""현대"", ""definition"": ""향토 방위의 임무를 새롭게 다짐하고, 범국민적인 안보의식과 향토애를 통한 방위 체제를 더욱 공고히 하기 위하여 지정한 날."", ""snippet"": ""1일 대전공설운동장에서 향토예비군 창설식을 가진 뒤, 1970년부터 4월 첫째 토요일에 ‘향토예비군의 날’ 기념식을 거행해오고 있다. 이 날은 예비군의 노고를 치하하고 사기를 진작시키기 위하여 모범예""}",[],,,,,,,,
1,gold-case:52ac2a4d5bb6963a155f,term-review-task:c4b6e0dcfe7ddcbb3b7c,resolution-case:8007b2d75e6c74a82791,향토 예비군의 날,제도,"[{""problem_id"": ""cj_v41_1474"", ""full_text"": ""한국사 교양 강좌 기념일에 담긴 일제 강점기 사회ㆍ문화 우리 학회에서는 일제 강점기의 힘든 현실 속에서도 우리 민족이 기리기 시작한 기념일을 중심으로 당시의 사회와 문화를 살펴보는 강연을 마련하였다. 많은 관심과 참여 바랍니다. [제1강] 어린이날 - 어린이에게서 민족의 미래를 보다 [제2강] 메이데이 - 고등 경찰의 경계 속에 첫 노동절 행사가 열리다 [제3강] 과학 데이 - 과학의 대중화를 촉진하다 [제4강] (가) ● 일시: 2026년 ◯ ◯월 ◯ ◯일 10:00~16:00 ● 장소: 학회 소회의실\n(가)에 들어갈 내용으로 가장 적절한 것은?\n제헌절 – 첫 헌법 제정의 의미를 강조하다\n가갸날 – 우리 말과 글의 소중함을 되새기다\n향토 예비군의 날 – 범국민적인 안보의식을 조성하다\n은사의 날 – 스승을 향한 감사와 공경의 마음을 전하다\n이산가족의 날 - 이산가족 문제에 대한 관심을 제고하다""}]",source-candidate:3225dc37298598ac3ee6,THESAURUS:TERM:20945:sha256-1022516a18f91e61,THESAURUS,4,향토예비군,name,bidirectional_containment,0.599524,UNKNOWN,"[""향토예비군""]","[""鄕土豫備軍""]","[""현대""]",,,[],,"{""term_name"": ""향토예비군"", ""hanja"": ""鄕土豫備軍"", ""era"": ""현대"", ""thesaurus_category"": ""국방·군사>군>특수군"", ""description"": ""향토방위를 위하여 조직된 한국의 비정규군(非正規軍)."", ""term_year"": ""1968-?""}","[{""left_source_candidate_id"": ""source-candidate:3225dc37298598ac3ee6"", ""right_source_candidate_id"": ""source-candidate:f0270dd68a59e39655d2"", ""signals"": [""normalized_name_match"", ""hanja_match"", ""era_overlap""], ""conflicts"": [], ""merge_eligible"": true}]",,,,,,,,
1,gold-case:52ac2a4d5bb6963a155f,term-review-task:c4b6e0dcfe7ddcbb3b7c,resolution-case:8007b2d75e6c74a82791,향토 예비군의 날,제도,"[{""problem_id"": ""cj_v41_1474"", ""full_text"": ""한국사 교양 강좌 기념일에 담긴 일제 강점기 사회ㆍ문화 우리 학회에서는 일제 강점기의 힘든 현실 속에서도 우리 민족이 기리기 시작한 기념일을 중심으로 당시의 사회와 문화를 살펴보는 강연을 마련하였다. 많은 관심과 참여 바랍니다. [제1강] 어린이날 - 어린이에게서 민족의 미래를 보다 [제2강] 메이데이 - 고등 경찰의 경계 속에 첫 노동절 행사가 열리다 [제3강] 과학 데이 - 과학의 대중화를 촉진하다 [제4강] (가) ● 일시: 2026년 ◯ ◯월 ◯ ◯일 10:00~16:00 ● 장소: 학회 소회의실\n(가)에 들어갈 내용으로 가장 적절한 것은?\n제헌절 – 첫 헌법 제정의 의미를 강조하다\n가갸날 – 우리 말과 글의 소중함을 되새기다\n향토 예비군의 날 – 범국민적인 안보의식을 조성하다\n은사의 날 – 스승을 향한 감사와 공경의 마음을 전하다\n이산가족의 날 - 이산가족 문제에 대한 관심을 제고하다""}]",source-candidate:d190bd27b3fc6efeffd9,AKS:ARTICLE:E0006156:sha256-704d8ea620c542f5,AKS,5,국군의 날,name,name_ngram,0.290152,COMPATIBLE,"[""국군의날""]","[""國軍""]","[""현대""]",,,[],Concept,"{""headword"": ""국군의 날"", ""origin"": ""國軍의 날"", ""headword_origin"": ""국군의 날(國軍의 날)"", ""primary_type"": ""제도/법령·제도"", ""era"": ""현대"", ""definition"": ""한국군의 위용과 전투력을 국내외에 과시하고 국군장병의 사기를 높이기 위하여 지정된 기념일.""}",[],,,,,,,,
2,gold-case:15f38e2c61e53a062f5e,term-review-task:cda55c4f003829a5435e,resolution-case:4d6893ef841958a21671,남한 대토벌 작전,사건,"[{""problem_id"": ""cj_v41_1414"", ""full_text"": ""특별 전시 (가) , 기록으로 되살아나다 부패한 지배층과 외세의 침략에 맞서 새로운 세상을 꿈꾸며 봉기했던 (가) 관련 기록물이 세계 기록 유산으로 등재된 것을 기념하여 특별전을 개최합니다. 많은 관람 부탁드립니다. •기간: 2025. . . ~ . . •장소: △△ 박물관 특별 전시실 •주요 전시 자료 ▲ 전봉준 공초 ▲ 갑오군정실기 ▲ 사발통문\n(가) 운동에 대한 설명으로 옳은 것은?\n집강소를 중심으로 폐정 개혁안을 실천하였다.\n일본의 황무지 개간권 요구를 저지하였다.\n조선 총독부의 방해와 탄압으로 중단되었다.\n이른바 남한 대토벌 작전으로 큰 피해를 입었다.\n상황 수습을 위해 박규수가 안핵사로 파견되었다.""}, {""problem_id"": ""cj_v41_1472"", ""full_text"": ""국민부는 중국의 반일 단체와 연락을 취하여 대규모 항일 행동을 계획하였지만, 각지의 일본 경관대에게 단원이 검거되고 무기를 압수당하여 세력이 꺾였다. 그러나 당시 이를 피한 양세봉, 양하산 등 주요 인물이 흩어졌던 단원을 모아 국민부 산하의 무장 단체를 재편하여 행동을 재개하였다. 총사령관 양세봉의 지휘 아래 이 부대는 대도회 등과 함께 한중 연합군을 편성하여 소양구에 이어 영릉가를 점령하였다.\n밑줄 그은 ‘이 부대’에 대한 설명으로 옳은 것은?\n일본군의 공세를 피해 자유시로 이동하였다.\n흥경성 전투에서 일본군을 격퇴하였다.\n이른바 남한 대토벌 작전으로 큰 피해를 입었다.\n영국군의 요청으로 인도·미얀마 전선에 파견되었다.\n한국인 유격대를 중심으로 조국 광복회를 조직하였다.""}]",source-candidate:bfc21f0c9a148c36fcf1,AKS:ARTICLE:E0066314:sha256-704d8ea620c542f5,AKS,1,남한 대토벌 작전,name,exact,1.0,COMPATIBLE,"[""남한대토벌작전""]","[""南韓"", ""大討伐"", ""作戰""]","[""근대"", ""대한제국기""]",,,[],Event,"{""headword"": ""남한 대토벌 작전"", ""origin"": ""南韓 大討伐 作戰"", ""headword_origin"": ""남한 대토벌 작전(南韓 大討伐 作戰)"", ""primary_type"": ""사건/전쟁"", ""era"": ""근대/대한제국기"", ""definition"": ""대한제국기 일제가 국내의 의병세력을 완전히 진압하기 위해 펼친 군사작전.""}","[{""left_source_candidate_id"": ""source-candidate:2447ef3f1ab31b2f37ac"", ""right_source_candidate_id"": ""source-candidate:bfc21f0c9a148c36fcf1"", ""signals"": [""era_overlap""], ""conflicts"": [""entity_type_conflict""], ""merge_eligible"": false}, {""left_source_candidate_id"": ""source-candidate:855052d2840d940d6afe"", ""right_source_candidate_id"": ""source-candidate:bfc21f0c9a148c36fcf1"", ""signals"": [""normalized_name_match"", ""era_overlap""], ""conflicts"": [], ""merge_eligible"": true}]",IDENTITY_MEMBER,ALT_001,남한 대토벌 작전,Event,,,,
2,gold-case:15f38e2c61e53a062f5e,term-review-task:cda55c4f003829a5435e,resolution-case:4d6893ef841958a21671,남한 대토벌 작전,사건,"[{""problem_id"": ""cj_v41_1414"", ""full_text"": ""특별 전시 (가) , 기록으로 되살아나다 부패한 지배층과 외세의 침략에 맞서 새로운 세상을 꿈꾸며 봉기했던 (가) 관련 기록물이 세계 기록 유산으로 등재된 것을 기념하여 특별전을 개최합니다. 많은 관람 부탁드립니다. •기간: 2025. . . ~ . . •장소: △△ 박물관 특별 전시실 •주요 전시 자료 ▲ 전봉준 공초 ▲ 갑오군정실기 ▲ 사발통문\n(가) 운동에 대한 설명으로 옳은 것은?\n집강소를 중심으로 폐정 개혁안을 실천하였다.\n일본의 황무지 개간권 요구를 저지하였다.\n조선 총독부의 방해와 탄압으로 중단되었다.\n이른바 남한 대토벌 작전으로 큰 피해를 입었다.\n상황 수습을 위해 박규수가 안핵사로 파견되었다.""}, {""problem_id"": ""cj_v41_1472"", ""full_text"": ""국민부는 중국의 반일 단체와 연락을 취하여 대규모 항일 행동을 계획하였지만, 각지의 일본 경관대에게 단원이 검거되고 무기를 압수당하여 세력이 꺾였다. 그러나 당시 이를 피한 양세봉, 양하산 등 주요 인물이 흩어졌던 단원을 모아 국민부 산하의 무장 단체를 재편하여 행동을 재개하였다. 총사령관 양세봉의 지휘 아래 이 부대는 대도회 등과 함께 한중 연합군을 편성하여 소양구에 이어 영릉가를 점령하였다.\n밑줄 그은 ‘이 부대’에 대한 설명으로 옳은 것은?\n일본군의 공세를 피해 자유시로 이동하였다.\n흥경성 전투에서 일본군을 격퇴하였다.\n이른바 남한 대토벌 작전으로 큰 피해를 입었다.\n영국군의 요청으로 인도·미얀마 전선에 파견되었다.\n한국인 유격대를 중심으로 조국 광복회를 조직하였다.""}]",source-candidate:855052d2840d940d6afe,THESAURUS:TERM:39849827:sha256-1022516a18f91e61,THESAURUS,2,남한대토벌작전,name,exact,1.0,UNKNOWN,"[""남한대토벌작전""]","[""南韓大討伐作戰""]","[""근대""]",,,[],,"{""term_name"": ""남한대토벌작전"", ""hanja"": ""南韓大討伐作戰"", ""era"": ""근대"", ""thesaurus_category"": ""사회운동·독립운동>일본제국주의>식민통치 및 정책"", ""description"": ""1909년 9월부터 약 2개월에 걸쳐 호남지역의 의병을 초토화하기 위해 일본군대가 벌인 의병 토벌 작전."", ""term_year"": ""1909""}","[{""left_source_candidate_id"": ""source-candidate:855052d2840d940d6afe"", ""right_source_candidate_id"": ""source-candidate:bfc21f0c9a148c36fcf1"", ""signals"": [""normalized_name_match"", ""era_overlap""], ""conflicts"": [], ""merge_eligible"": true}]",IDENTITY_MEMBER,ALT_001,남한 대토벌 작전,Event,,,,
2,gold-case:15f38e2c61e53a062f5e,term-review-task:cda55c4f003829a5435e,resolution-case:4d6893ef841958a21671,남한 대토벌 작전,사건,"[{""problem_id"": ""cj_v41_1414"", ""full_text"": ""특별 전시 (가) , 기록으로 되살아나다 부패한 지배층과 외세의 침략에 맞서 새로운 세상을 꿈꾸며 봉기했던 (가) 관련 기록물이 세계 기록 유산으로 등재된 것을 기념하여 특별전을 개최합니다. 많은 관람 부탁드립니다. •기간: 2025. . . ~ . . •장소: △△ 박물관 특별 전시실 •주요 전시 자료 ▲ 전봉준 공초 ▲ 갑오군정실기 ▲ 사발통문\n(가) 운동에 대한 설명으로 옳은 것은?\n집강소를 중심으로 폐정 개혁안을 실천하였다.\n일본의 황무지 개간권 요구를 저지하였다.\n조선 총독부의 방해와 탄압으로 중단되었다.\n이른바 남한 대토벌 작전으로 큰 피해를 입었다.\n상황 수습을 위해 박규수가 안핵사로 파견되었다.""}, {""problem_id"": ""cj_v41_1472"", ""full_text"": ""국민부는 중국의 반일 단체와 연락을 취하여 대규모 항일 행동을 계획하였지만, 각지의 일본 경관대에게 단원이 검거되고 무기를 압수당하여 세력이 꺾였다. 그러나 당시 이를 피한 양세봉, 양하산 등 주요 인물이 흩어졌던 단원을 모아 국민부 산하의 무장 단체를 재편하여 행동을 재개하였다. 총사령관 양세봉의 지휘 아래 이 부대는 대도회 등과 함께 한중 연합군을 편성하여 소양구에 이어 영릉가를 점령하였다.\n밑줄 그은 ‘이 부대’에 대한 설명으로 옳은 것은?\n일본군의 공세를 피해 자유시로 이동하였다.\n흥경성 전투에서 일본군을 격퇴하였다.\n이른바 남한 대토벌 작전으로 큰 피해를 입었다.\n영국군의 요청으로 인도·미얀마 전선에 파견되었다.\n한국인 유격대를 중심으로 조국 광복회를 조직하였다.""}]",source-candidate:2447ef3f1ab31b2f37ac,THESAURUS:TERM:6309949:sha256-1022516a18f91e61,THESAURUS,3,,description,description_containment,0.47,UNKNOWN,"[""박봉석""]","[""朴奉石""]","[""대한제국기""]",,,[],Person,"{""term_name"": ""박봉석"", ""hanja"": ""朴奉石"", ""era"": ""대한제국기"", ""thesaurus_category"": ""인명"", ""description"": ""조선 고종·순종 때 의병. 광주(光州) 출신. 1908년(융희 2) 안규홍(安圭洪) 의병부대에 가담, 이후 남한대토벌작전(南韓大討伐作戰) 때 붙잡혀 교수형을 당함. 건국훈장 독립장이 추서."", ""term_year"": ""1885-1910""}","[{""left_source_candidate_id"": ""source-candidate:2447ef3f1ab31b2f37ac"", ""right_source_candidate_id"": ""source-candidate:a14abbce2fffc6b9daa8"", ""signals"": [], ""conflicts"": [""entity_type_conflict""], ""merge_eligible"": false}, {""left_source_candidate_id"": ""source-candidate:2447ef3f1ab31b2f37ac"", ""right_source_candidate_id"": ""source-candidate:bfc21f0c9a148c36fcf1"", ""signals"": [""era_overlap""], ""conflicts"": [""entity_type_conflict""], ""merge_eligible"": false}]",EVIDENCE_ONLY,,,,REL_002,박봉석,Person,
2,gold-case:15f38e2c61e53a062f5e,term-review-task:cda55c4f003829a5435e,resolution-case:4d6893ef841958a21671,남한 대토벌 작전,사건,"[{""problem_id"": ""cj_v41_1414"", ""full_text"": ""특별 전시 (가) , 기록으로 되살아나다 부패한 지배층과 외세의 침략에 맞서 새로운 세상을 꿈꾸며 봉기했던 (가) 관련 기록물이 세계 기록 유산으로 등재된 것을 기념하여 특별전을 개최합니다. 많은 관람 부탁드립니다. •기간: 2025. . . ~ . . •장소: △△ 박물관 특별 전시실 •주요 전시 자료 ▲ 전봉준 공초 ▲ 갑오군정실기 ▲ 사발통문\n(가) 운동에 대한 설명으로 옳은 것은?\n집강소를 중심으로 폐정 개혁안을 실천하였다.\n일본의 황무지 개간권 요구를 저지하였다.\n조선 총독부의 방해와 탄압으로 중단되었다.\n이른바 남한 대토벌 작전으로 큰 피해를 입었다.\n상황 수습을 위해 박규수가 안핵사로 파견되었다.""}, {""problem_id"": ""cj_v41_1472"", ""full_text"": ""국민부는 중국의 반일 단체와 연락을 취하여 대규모 항일 행동을 계획하였지만, 각지의 일본 경관대에게 단원이 검거되고 무기를 압수당하여 세력이 꺾였다. 그러나 당시 이를 피한 양세봉, 양하산 등 주요 인물이 흩어졌던 단원을 모아 국민부 산하의 무장 단체를 재편하여 행동을 재개하였다. 총사령관 양세봉의 지휘 아래 이 부대는 대도회 등과 함께 한중 연합군을 편성하여 소양구에 이어 영릉가를 점령하였다.\n밑줄 그은 ‘이 부대’에 대한 설명으로 옳은 것은?\n일본군의 공세를 피해 자유시로 이동하였다.\n흥경성 전투에서 일본군을 격퇴하였다.\n이른바 남한 대토벌 작전으로 큰 피해를 입었다.\n영국군의 요청으로 인도·미얀마 전선에 파견되었다.\n한국인 유격대를 중심으로 조국 광복회를 조직하였다.""}]",source-candidate:7a6dc9f945c1b32c1cf2,THESAURUS:TERM:14683681:sha256-1022516a18f91e61,THESAURUS,4,지리산공비토벌작전,name,name_ngram,0.331667,UNKNOWN,"[""지리산공비토벌작전""]","[""智異山共匪討伐作戰""]","[""현대""]",,,[],,"{""term_name"": ""지리산공비토벌작전"", ""hanja"": ""智異山共匪討伐作戰"", ""era"": ""현대"", ""thesaurus_category"": ""국방·군사>전쟁·전투"", ""description"": ""1950년부터 1956년까지 군경이 지리산 주변에 있던 북한군 낙오병 및 빨치산 토벌을 위한 작전."", ""term_year"": ""1950-1956""}","[{""left_source_candidate_id"": ""source-candidate:7a6dc9f945c1b32c1cf2"", ""right_source_candidate_id"": ""source-candidate:a14abbce2fffc6b9daa8"", ""signals"": [""normalized_name_match"", ""era_overlap""], ""conflicts"": [], ""merge_eligible"": true}]",,,,,,,,
2,gold-case:15f38e2c61e53a062f5e,term-review-task:cda55c4f003829a5435e,resolution-case:4d6893ef841958a21671,남한 대토벌 작전,사건,"[{""problem_id"": ""cj_v41_1414"", ""full_text"": ""특별 전시 (가) , 기록으로 되살아나다 부패한 지배층과 외세의 침략에 맞서 새로운 세상을 꿈꾸며 봉기했던 (가) 관련 기록물이 세계 기록 유산으로 등재된 것을 기념하여 특별전을 개최합니다. 많은 관람 부탁드립니다. •기간: 2025. . . ~ . . •장소: △△ 박물관 특별 전시실 •주요 전시 자료 ▲ 전봉준 공초 ▲ 갑오군정실기 ▲ 사발통문\n(가) 운동에 대한 설명으로 옳은 것은?\n집강소를 중심으로 폐정 개혁안을 실천하였다.\n일본의 황무지 개간권 요구를 저지하였다.\n조선 총독부의 방해와 탄압으로 중단되었다.\n이른바 남한 대토벌 작전으로 큰 피해를 입었다.\n상황 수습을 위해 박규수가 안핵사로 파견되었다.""}, {""problem_id"": ""cj_v41_1472"", ""full_text"": ""국민부는 중국의 반일 단체와 연락을 취하여 대규모 항일 행동을 계획하였지만, 각지의 일본 경관대에게 단원이 검거되고 무기를 압수당하여 세력이 꺾였다. 그러나 당시 이를 피한 양세봉, 양하산 등 주요 인물이 흩어졌던 단원을 모아 국민부 산하의 무장 단체를 재편하여 행동을 재개하였다. 총사령관 양세봉의 지휘 아래 이 부대는 대도회 등과 함께 한중 연합군을 편성하여 소양구에 이어 영릉가를 점령하였다.\n밑줄 그은 ‘이 부대’에 대한 설명으로 옳은 것은?\n일본군의 공세를 피해 자유시로 이동하였다.\n흥경성 전투에서 일본군을 격퇴하였다.\n이른바 남한 대토벌 작전으로 큰 피해를 입었다.\n영국군의 요청으로 인도·미얀마 전선에 파견되었다.\n한국인 유격대를 중심으로 조국 광복회를 조직하였다.""}]",source-candidate:a14abbce2fffc6b9daa8,AKS:ARTICLE:E0054157:sha256-704d8ea620c542f5,AKS,5,지리산 공비토벌작전,name,name_ngram,0.275,COMPATIBLE,"[""지리산공비토벌작전""]","[""智異山"", ""共匪討伐作戰""]","[""현대""]",,,[],Event,"{""headword"": ""지리산 공비토벌작전"", ""origin"": ""智異山 共匪討伐作戰"", ""headword_origin"": ""지리산 공비토벌작전(智異山 共匪討伐作戰)"", ""primary_type"": ""사건/전쟁"", ""era"": ""현대"", ""definition"": ""한국전쟁 후 월북하지 못하고 빨치산으로 남아있던 지리산지역의 공비들을 토벌하기 위한 군·경 합동작전.""}","[{""left_source_candidate_id"": ""source-candidate:2447ef3f1ab31b2f37ac"", ""right_source_candidate_id"": ""source-candidate:a14abbce2fffc6b9daa8"", ""signals"": [], ""conflicts"": [""entity_type_conflict""], ""merge_eligible"": false}, {""left_source_candidate_id"": ""source-candidate:7a6dc9f945c1b32c1cf2"", ""right_source_candidate_id"": ""source-candidate:a14abbce2fffc6b9daa8"", ""signals"": [""normalized_name_match"", ""era_overlap""], ""conflicts"": [], ""merge_eligible"": true}]",,,,,,,,
3,gold-case:f18f430586a90fa5f255,term-review-task:642bd465f60e74fe10c1,resolution-case:36ccf7c06312cbbe1a84,쌍영총,유적,"[{""problem_id"": ""cj_v41_1197"", ""full_text"": ""이것은 (가) 의 쌍영총 벽화의 개마 무사 부분 모사도이다. 안악 3호분 등 (가) 의 다른 고분 벽화에서도 개마 무사가 그려져 있어 이 국가의 군사, 무기 등의 모습을 알 수 있다.\n(가) 국가에 대한 설명으로 옳은 것은?\n태학과 경당을 두어 인재를 양성하였다.\n골품에 따라 관등 승진에 제한이 있었다.\n국경 지역인 양계에 병마사를 파견하였다.\n정사암에서 국가의 중대한 일을 결정하였다.\n여러 가(加)들이 별도로 사출도를 주관하였다.""}, {""problem_id"": ""cj_v41_1486"", ""full_text"": ""이것은 =의 쌍영총 벽화 속 공양 행렬을 모사한 것이다. 승려를 앞세워 공양에 나서고 있는 귀족 부인의 모습에서 전진의 승려 순도를 통해 불교가 수용된 이후 ~의 귀족 사회에 불교가 확산되었음을 확인할 수 있다. 4 4\n(가) 국가에 대한 설명으로 옳은 것은?\n지방의 22담로에 왕족을 파견하였다.\n태학과 경당을 두어 인재를 양성하였다.\n월에 무천이라는 제천 행시를 개최하였다.\n사회 질서를 유지하기 위해 범금 8조를 만들었다.\n물시계인 누각을 만들고 누각박시를 두어 시간을 측정하였다.""}]",source-candidate:357f3dd6d59ce289a848,AKS:ARTICLE:E0034153:sha256-704d8ea620c542f5,AKS,1,쌍영총,name,exact,1.0,COMPATIBLE,"[""쌍영총""]","[""雙楹塚""]","[""고대"", ""삼국"", ""고구려""]",,,[],Heritage,"{""headword"": ""쌍영총"", ""origin"": ""雙楹塚"", ""headword_origin"": ""쌍영총(雙楹塚)"", ""primary_type"": ""유적/고인돌·고분·능묘"", ""era"": ""고대/삼국/고구려"", ""definition"": ""북한 평안남도 룡강군에 있는 삼국시대 고구려의 인물풍속도·사신도 관련 벽화무덤. 횡혈식석실분.""}","[{""left_source_candidate_id"": ""source-candidate:1ad6c2d4b52d3bfd7945"", ""right_source_candidate_id"": ""source-candidate:357f3dd6d59ce289a848"", ""signals"": [], ""conflicts"": [""entity_type_conflict""], ""merge_eligible"": false}, {""left_source_candidate_id"": ""source-candidate:357f3dd6d59ce289a848"", ""right_source_candidate_id"": ""source-candidate:75598965b43907e54dfa"", ""signals"": [""normalized_name_match"", ""hanja_match""], ""conflicts"": [], ""merge_eligible"": true}]",IDENTITY_MEMBER,ALT_003,쌍영총,Heritage,,,,
3,gold-case:f18f430586a90fa5f255,term-review-task:642bd465f60e74fe10c1,resolution-case:36ccf7c06312cbbe1a84,쌍영총,유적,"[{""problem_id"": ""cj_v41_1197"", ""full_text"": ""이것은 (가) 의 쌍영총 벽화의 개마 무사 부분 모사도이다. 안악 3호분 등 (가) 의 다른 고분 벽화에서도 개마 무사가 그려져 있어 이 국가의 군사, 무기 등의 모습을 알 수 있다.\n(가) 국가에 대한 설명으로 옳은 것은?\n태학과 경당을 두어 인재를 양성하였다.\n골품에 따라 관등 승진에 제한이 있었다.\n국경 지역인 양계에 병마사를 파견하였다.\n정사암에서 국가의 중대한 일을 결정하였다.\n여러 가(加)들이 별도로 사출도를 주관하였다.""}, {""problem_id"": ""cj_v41_1486"", ""full_text"": ""이것은 =의 쌍영총 벽화 속 공양 행렬을 모사한 것이다. 승려를 앞세워 공양에 나서고 있는 귀족 부인의 모습에서 전진의 승려 순도를 통해 불교가 수용된 이후 ~의 귀족 사회에 불교가 확산되었음을 확인할 수 있다. 4 4\n(가) 국가에 대한 설명으로 옳은 것은?\n지방의 22담로에 왕족을 파견하였다.\n태학과 경당을 두어 인재를 양성하였다.\n월에 무천이라는 제천 행시를 개최하였다.\n사회 질서를 유지하기 위해 범금 8조를 만들었다.\n물시계인 누각을 만들고 누각박시를 두어 시간을 측정하였다.""}]",source-candidate:75598965b43907e54dfa,THESAURUS:TERM:6083:sha256-1022516a18f91e61,THESAURUS,2,쌍영총,name,exact,1.0,UNKNOWN,"[""쌍영총""]","[""雙楹塚""]","[""삼국시대""]",,,[],,"{""term_name"": ""쌍영총"", ""hanja"": ""雙楹塚"", ""era"": ""삼국시대"", ""thesaurus_category"": ""사회·생활>풍속·의례>매장"", ""description"": ""고구려 벽화고분으로 평안남도 남포시 용강군 용강읍(구:지운면 진지동)에 있음."", ""term_year"": ""?-?""}","[{""left_source_candidate_id"": ""source-candidate:357f3dd6d59ce289a848"", ""right_source_candidate_id"": ""source-candidate:75598965b43907e54dfa"", ""signals"": [""normalized_name_match"", ""hanja_match""], ""conflicts"": [], ""merge_eligible"": true}]",IDENTITY_MEMBER,ALT_003,쌍영총,Heritage,,,,
3,gold-case:f18f430586a90fa5f255,term-review-task:642bd465f60e74fe10c1,resolution-case:36ccf7c06312cbbe1a84,쌍영총,유적,"[{""problem_id"": ""cj_v41_1197"", ""full_text"": ""이것은 (가) 의 쌍영총 벽화의 개마 무사 부분 모사도이다. 안악 3호분 등 (가) 의 다른 고분 벽화에서도 개마 무사가 그려져 있어 이 국가의 군사, 무기 등의 모습을 알 수 있다.\n(가) 국가에 대한 설명으로 옳은 것은?\n태학과 경당을 두어 인재를 양성하였다.\n골품에 따라 관등 승진에 제한이 있었다.\n국경 지역인 양계에 병마사를 파견하였다.\n정사암에서 국가의 중대한 일을 결정하였다.\n여러 가(加)들이 별도로 사출도를 주관하였다.""}, {""problem_id"": ""cj_v41_1486"", ""full_text"": ""이것은 =의 쌍영총 벽화 속 공양 행렬을 모사한 것이다. 승려를 앞세워 공양에 나서고 있는 귀족 부인의 모습에서 전진의 승려 순도를 통해 불교가 수용된 이후 ~의 귀족 사회에 불교가 확산되었음을 확인할 수 있다. 4 4\n(가) 국가에 대한 설명으로 옳은 것은?\n지방의 22담로에 왕족을 파견하였다.\n태학과 경당을 두어 인재를 양성하였다.\n월에 무천이라는 제천 행시를 개최하였다.\n사회 질서를 유지하기 위해 범금 8조를 만들었다.\n물시계인 누각을 만들고 누각박시를 두어 시간을 측정하였다.""}]",source-candidate:1ad6c2d4b52d3bfd7945,AKS:ARTICLE:E0037772:sha256-704d8ea620c542f5,AKS,3,영총,name,name_ngram,0.386,CONFLICT,"[""영총""]","[""營總""]","[""조선"", ""조선 후기""]",,,[],Work,"{""headword"": ""영총"", ""origin"": ""營總"", ""headword_origin"": ""영총(營總)"", ""primary_type"": ""문헌/고서"", ""era"": ""조선/조선 후기"", ""definition"": ""조선후기 경상도 영(營)에서 행해지던 여러 가지 사례와 서식을 수록한 군서. 군영업무기록.""}","[{""left_source_candidate_id"": ""source-candidate:1ad6c2d4b52d3bfd7945"", ""right_source_candidate_id"": ""source-candidate:357f3dd6d59ce289a848"", ""signals"": [], ""conflicts"": [""entity_type_conflict""], ""merge_eligible"": false}]",,,,,,,,
4,gold-case:b6888b04acd4645f4ce8,term-review-task:fecb5b85c1f368e611fe,resolution-case:597ec0e486a420f4a6a6,신승겸,인물,"[{""problem_id"": ""cj_v41_0055"", ""full_text"": ""(가) 태조는 정예 기병 5천을 거느리고 공산(公山) 아래에서 견원을 맞아서 크게 싸웠다. 태조의 장수 김락과 신승겸은 죽고 모든 군사가 패배했으며, 태조는 겨우 죽음-을 면하였다. - 삼국유사 - (나) [태조를] 신검의 군대가 막아서자 일리천(-利川)을 사이에 두고 대지하였다. 태조가 견원과 함께 병사들을 사열한 후 … 신검이 00%, 용검 및 문무 관료들과 함께 항복하여 오니, 태조가 그를 위로하였다. - 「고려사절요 -\n(가), (나) 사이의 시기에 있었던 사실로 옳은 것은?\n최승로가 시무 28조를 건의하였다\n경순왕 김부가 경주의 사심관이 되었다.\n대공이 난을 일으키자 귀족들이 동참하였다.\n궁예가 국호를 마진에서 태봉으로 바꾸었다.\n쌍기의 건의를 받아들여 과거제가 시행되었다.""}]",source-candidate:0f4725318e80b7835892,AKS:ARTICLE:E0033143:sha256-704d8ea620c542f5,AKS,1,신승선,name,name_ngram,0.336667,COMPATIBLE,"[""거창부원군居昌府院君"", ""사지당仕止堂"", ""신승선"", ""원지元之"", ""자계子繼"", ""장성章成""]","[""愼承善"", ""居昌府院君"", ""仕止堂"", ""元之"", ""子繼"", ""章成""]","[""조선"", ""조선 전기""]",,,[],Person,"{""headword"": ""신승선"", ""aliases"": [""거창부원군(居昌府院君)"", ""사지당(仕止堂)"", ""원지(元之)"", ""자계(子繼)"", ""장성(章成)""], ""origin"": ""愼承善"", ""headword_origin"": ""신승선(愼承善)"", ""primary_type"": ""인물/전통 인물"", ""era"": ""조선/조선 전기"", ""definition"": ""조선 전기에, 병조참판, 좌의정, 영의정 등을 역임한 문신.""}","[{""left_source_candidate_id"": ""source-candidate:0f4725318e80b7835892"", ""right_source_candidate_id"": ""source-candidate:1cd76e0a0593390b85bf"", ""signals"": [""normalized_name_match"", ""hanja_match"", ""era_overlap"", ""entity_type_match""], ""conflicts"": [], ""merge_eligible"": true}]",,,,,,,,
4,gold-case:b6888b04acd4645f4ce8,term-review-task:fecb5b85c1f368e611fe,resolution-case:597ec0e486a420f4a6a6,신승겸,인물,"[{""problem_id"": ""cj_v41_0055"", ""full_text"": ""(가) 태조는 정예 기병 5천을 거느리고 공산(公山) 아래에서 견원을 맞아서 크게 싸웠다. 태조의 장수 김락과 신승겸은 죽고 모든 군사가 패배했으며, 태조는 겨우 죽음-을 면하였다. - 삼국유사 - (나) [태조를] 신검의 군대가 막아서자 일리천(-利川)을 사이에 두고 대지하였다. 태조가 견원과 함께 병사들을 사열한 후 … 신검이 00%, 용검 및 문무 관료들과 함께 항복하여 오니, 태조가 그를 위로하였다. - 「고려사절요 -\n(가), (나) 사이의 시기에 있었던 사실로 옳은 것은?\n최승로가 시무 28조를 건의하였다\n경순왕 김부가 경주의 사심관이 되었다.\n대공이 난을 일으키자 귀족들이 동참하였다.\n궁예가 국호를 마진에서 태봉으로 바꾸었다.\n쌍기의 건의를 받아들여 과거제가 시행되었다.""}]",source-candidate:5c28497cf7f4fddaab48,AKS:ARTICLE:E0041599:sha256-704d8ea620c542f5,AKS,2,유승겸,name,name_ngram,0.336667,COMPATIBLE,"[""동은東隱"", ""유승겸"", ""응조應祖""]","[""兪承兼"", ""東隱"", ""應祖""]","[""근대"", ""개항기"", ""일제강점기""]",,,[],Person,"{""headword"": ""유승겸"", ""aliases"": [""동은(東隱)"", ""응조(應祖)""], ""origin"": ""兪承兼"", ""headword_origin"": ""유승겸(兪承兼)"", ""primary_type"": ""인물/근현대 인물"", ""era"": ""근대/개항기 | 근대/일제강점기"", ""definition"": ""일제강점기 탁지부 경리과장, 한성은행 부지배인 등을 역임한 관료.""}",[],,,,,,,,
4,gold-case:b6888b04acd4645f4ce8,term-review-task:fecb5b85c1f368e611fe,resolution-case:597ec0e486a420f4a6a6,신승겸,인물,"[{""problem_id"": ""cj_v41_0055"", ""full_text"": ""(가) 태조는 정예 기병 5천을 거느리고 공산(公山) 아래에서 견원을 맞아서 크게 싸웠다. 태조의 장수 김락과 신승겸은 죽고 모든 군사가 패배했으며, 태조는 겨우 죽음-을 면하였다. - 삼국유사 - (나) [태조를] 신검의 군대가 막아서자 일리천(-利川)을 사이에 두고 대지하였다. 태조가 견원과 함께 병사들을 사열한 후 … 신검이 00%, 용검 및 문무 관료들과 함께 항복하여 오니, 태조가 그를 위로하였다. - 「고려사절요 -\n(가), (나) 사이의 시기에 있었던 사실로 옳은 것은?\n최승로가 시무 28조를 건의하였다\n경순왕 김부가 경주의 사심관이 되었다.\n대공이 난을 일으키자 귀족들이 동참하였다.\n궁예가 국호를 마진에서 태봉으로 바꾸었다.\n쌍기의 건의를 받아들여 과거제가 시행되었다.""}]",source-candidate:1cd76e0a0593390b85bf,THESAURUS:TERM:22797:sha256-1022516a18f91e61,THESAURUS,3,신승선,name,name_ngram,0.336667,UNKNOWN,"[""신승선""]","[""愼承善""]","[""조선전기""]",,,[],Person,"{""term_name"": ""신승선"", ""hanja"": ""愼承善"", ""era"": ""조선전기"", ""thesaurus_category"": ""인명"", ""description"": ""조선전기의 문신."", ""term_year"": ""1436-1502""}","[{""left_source_candidate_id"": ""source-candidate:0f4725318e80b7835892"", ""right_source_candidate_id"": ""source-candidate:1cd76e0a0593390b85bf"", ""signals"": [""normalized_name_match"", ""hanja_match"", ""era_overlap"", ""entity_type_match""], ""conflicts"": [], ""merge_eligible"": true}]",,,,,,,,
5,gold-case:1a415f418cbbd2428d7c,term-review-task:0db3d5a12bcfb0a70df2,resolution-case:9e9e45f885561b2577ac,천견충의군,기관,"[{""problem_id"": ""cj_v41_0866"", ""full_text"": ""1 (가) 왕이 보현원 문에 들어서자 … - 이고 등이 왕을 모시던 문관 및 대소 신료, 환관들을 모두 살해하였다. … 정중부 등이 왕을 모시고 환궁하였다. (나) 이자겸과 척준경이 왕을 위협하여 남궁(南宮)으로 거처를 옮기게 하고 안보린, 최탁 등 17인을 죽였다. 이 외에도 죽인 군사가 헤아릴 수 없을 정도였다. (다) 묘청이 서경을 근거지로 삼고 반란을 일으켰다. … - 국호를 대위, 연호를 천개, 그 군대를 천견충의군이라 불렀다\n(가)~(다)를 일어난 순서대로 옳게 나열한 것은?\n(가)-(나)-(다)\n(가)-(다)-(나)\n(나)-(가)-(다)\n(나)-(다)-(가)\n(다)-(가)-(나)""}]",source-candidate:ef03d291f178294776a3,AKS:ARTICLE:E0055761:sha256-704d8ea620c542f5,AKS,1,천견충의군,name,exact,1.0,COMPATIBLE,"[""천견충의군""]","[""天遣忠義軍""]","[""고려"", ""고려 전기""]",,,[],Concept,"{""headword"": ""천견충의군"", ""origin"": ""天遣忠義軍"", ""headword_origin"": ""천견충의군(天遣忠義軍)"", ""primary_type"": ""제도/법령·제도"", ""era"": ""고려/고려 전기"", ""definition"": ""고려시대 1135년(인종 13) 서경에서 반란을 일으킨 묘청(妙淸)이 그의 군대에 붙인 명칭.""}","[{""left_source_candidate_id"": ""source-candidate:6d019a32e7376d647609"", ""right_source_candidate_id"": ""source-candidate:ef03d291f178294776a3"", ""signals"": [], ""conflicts"": [""entity_type_conflict""], ""merge_eligible"": false}, {""left_source_candidate_id"": ""source-candidate:76110e729857f227a3a7"", ""right_source_candidate_id"": ""source-candidate:ef03d291f178294776a3"", ""signals"": [""era_overlap""], ""conflicts"": [""entity_type_conflict""], ""merge_eligible"": false}, {""left_source_candidate_id"": ""source-candidate:e64221314fdea23e623f"", ""right_source_candidate_id"": ""source-candidate:ef03d291f178294776a3"", ""signals"": [""normalized_name_match"", ""hanja_match"", ""era_overlap""], ""conflicts"": [], ""merge_eligible"": true}]",IDENTITY_MEMBER,ALT_004,천견충의군,Organization,,,,
5,gold-case:1a415f418cbbd2428d7c,term-review-task:0db3d5a12bcfb0a70df2,resolution-case:9e9e45f885561b2577ac,천견충의군,기관,"[{""problem_id"": ""cj_v41_0866"", ""full_text"": ""1 (가) 왕이 보현원 문에 들어서자 … - 이고 등이 왕을 모시던 문관 및 대소 신료, 환관들을 모두 살해하였다. … 정중부 등이 왕을 모시고 환궁하였다. (나) 이자겸과 척준경이 왕을 위협하여 남궁(南宮)으로 거처를 옮기게 하고 안보린, 최탁 등 17인을 죽였다. 이 외에도 죽인 군사가 헤아릴 수 없을 정도였다. (다) 묘청이 서경을 근거지로 삼고 반란을 일으켰다. … - 국호를 대위, 연호를 천개, 그 군대를 천견충의군이라 불렀다\n(가)~(다)를 일어난 순서대로 옳게 나열한 것은?\n(가)-(나)-(다)\n(가)-(다)-(나)\n(나)-(가)-(다)\n(나)-(다)-(가)\n(다)-(가)-(나)""}]",source-candidate:e64221314fdea23e623f,THESAURUS:TERM:7963:sha256-1022516a18f91e61,THESAURUS,2,천견충의군,name,exact,1.0,UNKNOWN,"[""천견충의군""]","[""天遣忠義軍""]","[""고려전기""]",,,[],,"{""term_name"": ""천견충의군"", ""hanja"": ""天遣忠義軍"", ""era"": ""고려전기"", ""thesaurus_category"": ""정치·행정·법제>정치>정치사건"", ""description"": ""1135년(인종 13) 서경에서 반란을 일으킨 묘청(妙淸)이 그의 군대에 붙인 명칭."", ""term_year"": ""1135-1136""}","[{""left_source_candidate_id"": ""source-candidate:e64221314fdea23e623f"", ""right_source_candidate_id"": ""source-candidate:ef03d291f178294776a3"", ""signals"": [""normalized_name_match"", ""hanja_match"", ""era_overlap""], ""conflicts"": [], ""merge_eligible"": true}]",IDENTITY_MEMBER,ALT_004,천견충의군,Organization,,,,
5,gold-case:1a415f418cbbd2428d7c,term-review-task:0db3d5a12bcfb0a70df2,resolution-case:9e9e45f885561b2577ac,천견충의군,기관,"[{""problem_id"": ""cj_v41_0866"", ""full_text"": ""1 (가) 왕이 보현원 문에 들어서자 … - 이고 등이 왕을 모시던 문관 및 대소 신료, 환관들을 모두 살해하였다. … 정중부 등이 왕을 모시고 환궁하였다. (나) 이자겸과 척준경이 왕을 위협하여 남궁(南宮)으로 거처를 옮기게 하고 안보린, 최탁 등 17인을 죽였다. 이 외에도 죽인 군사가 헤아릴 수 없을 정도였다. (다) 묘청이 서경을 근거지로 삼고 반란을 일으켰다. … - 국호를 대위, 연호를 천개, 그 군대를 천견충의군이라 불렀다\n(가)~(다)를 일어난 순서대로 옳게 나열한 것은?\n(가)-(나)-(다)\n(가)-(다)-(나)\n(나)-(가)-(다)\n(나)-(다)-(가)\n(다)-(가)-(나)""}]",source-candidate:6d019a32e7376d647609,AKS:ARTICLE:E0020998:sha256-704d8ea620c542f5,AKS,3,충의군(忠義君),name,name_ngram,0.291818,CONFLICT,"[""박위"", ""충의군忠義君""]","[""朴葳"", ""忠義君""]","[""조선"", ""조선 전기""]",,,[],Person,"{""headword"": ""박위"", ""aliases"": [""충의군(忠義君)""], ""origin"": ""朴葳"", ""headword_origin"": ""박위(朴葳)"", ""primary_type"": ""인물/전통 인물"", ""era"": ""조선/조선 전기"", ""definition"": ""고려 후기에, 김해부사, 경상도도순문사, 지문하부사 등을 역임한 무신·공신.""}","[{""left_source_candidate_id"": ""source-candidate:6d019a32e7376d647609"", ""right_source_candidate_id"": ""source-candidate:ef03d291f178294776a3"", ""signals"": [], ""conflicts"": [""entity_type_conflict""], ""merge_eligible"": false}]",,,,,,,,
5,gold-case:1a415f418cbbd2428d7c,term-review-task:0db3d5a12bcfb0a70df2,resolution-case:9e9e45f885561b2577ac,천견충의군,기관,"[{""problem_id"": ""cj_v41_0866"", ""full_text"": ""1 (가) 왕이 보현원 문에 들어서자 … - 이고 등이 왕을 모시던 문관 및 대소 신료, 환관들을 모두 살해하였다. … 정중부 등이 왕을 모시고 환궁하였다. (나) 이자겸과 척준경이 왕을 위협하여 남궁(南宮)으로 거처를 옮기게 하고 안보린, 최탁 등 17인을 죽였다. 이 외에도 죽인 군사가 헤아릴 수 없을 정도였다. (다) 묘청이 서경을 근거지로 삼고 반란을 일으켰다. … - 국호를 대위, 연호를 천개, 그 군대를 천견충의군이라 불렀다\n(가)~(다)를 일어난 순서대로 옳게 나열한 것은?\n(가)-(나)-(다)\n(가)-(다)-(나)\n(나)-(가)-(다)\n(나)-(다)-(가)\n(다)-(가)-(나)""}]",source-candidate:76110e729857f227a3a7,AKS:ARTICLE:E0029081:sha256-704d8ea620c542f5,AKS,4,충의군(忠義君),name,name_ngram,0.291818,CONFLICT,"[""문량文良"", ""설장수"", ""연산부원군燕山府院君"", ""운재芸齋"", ""정난공신定難功臣"", ""천민天民"", ""충의군忠義君""]","[""偰長壽"", ""天民"", ""芸齋"", ""燕山府院君"", ""文良"", ""忠義君"", ""定難功臣""]","[""고려"", ""고려 후기"", ""조선"", ""조선 전기""]",,,[],Person,"{""headword"": ""설장수"", ""aliases"": [""천민(天民)"", ""운재(芸齋)"", ""연산부원군(燕山府院君)"", ""문량(文良)"", ""충의군(忠義君)"", ""정난공신(定難功臣)""], ""origin"": ""偰長壽"", ""headword_origin"": ""설장수(偰長壽)"", ""primary_type"": ""인물/전통 인물"", ""era"": ""고려/고려 후기 | 조선/조선 전기"", ""definition"": ""고려 후기에 문하찬성사, 조선 초에 검교문하시중 등을 역임한 관료.""}","[{""left_source_candidate_id"": ""source-candidate:76110e729857f227a3a7"", ""right_source_candidate_id"": ""source-candidate:ef03d291f178294776a3"", ""signals"": [""era_overlap""], ""conflicts"": [""entity_type_conflict""], ""merge_eligible"": false}]",,,,,,,,
6,gold-case:5fcf8549fec5b8b0fd72,term-review-task:5fb0a00092b1066e17c4,resolution-case:98c1b48664a65bb93a0f,불랑기포,유물,"[{""problem_id"": ""cj_v41_0020"", ""full_text"": ""2 이 무기는 불랑기포라고 하는데, 서양에서 명에 전래되었기 때문에 이렇게 불렀습니다. 불랑기포는 당시 조 - 명 연합군이 일본군으로부터 평양성을 탈환하는 데 기여하였다\n(가) 전쟁 중 있었던 사실로 옳은 것은?\n김상용이 강화도에서 순절하였다.\n정봉수가 용골산성에서 항쟁하였다.\n최영이 홍산 전투에서 큰 승리를 거두었다.\n김시민이 진주성에서 적군을 크게 물리쳤다.\n이종무가 적의 근거지인 쓰시마를 정벌하였다.""}, {""problem_id"": ""cj_v41_0683"", ""full_text"": ""역사 인물 다큐멘터리 기획안 화약 무기 연구의 선구자, ○○○ 1. 기획 의도 중국의 군사 기밀이었던 화약 제조 기술을 습득해 우리나라 최초로 화약의 자체 생산에 성공한 인물의 활동을 통해 국방 과학 기술의 중요성을 되새겨 본다. 2. 주요 장면 (가) 중국인 이원에게 염초 제조법을 배우다. (나) 나세, 심덕부 등과 함께 진포에서 왜구를 크게 격퇴하다.\n(가)에 들어갈 내용으로 가장 적절한 것은?\n신기전과 화차를 개발하다\n화통도감의 설치를 건의하다\n불랑기포를 활용하여 평양성을 탈환하다\n조총 부대를 이끌고 나선 정벌에 참여하다\n발화 장치를 활용한 비격진천뢰를 발명하다""}, {""problem_id"": ""cj_v41_0970"", ""full_text"": ""조·명 연합군, 평양성 탈환 평안도 도체찰사 류성룡, 도원수 김명원이 이끄는 관군이 명 제독 이여송 부대에 합세하여 평양성을 되찾았다 이번 전 투에서 아군의 불랑기포를 비롯한 화포가 위력을 발휘하여 일본 군은 크게 패하고 남쪽으로 내려갔다. 이 전투의 승리는 향후 전 쟁의 판도를 바꿀 것으로 기대된다\n다음 기사에 보도된 전투 이후의 사실로 옳은 것은?\n송상현이 동래성에서 항전하였다.\n권율이 행주산성에서 적군을 격퇴하였다.\n이순신이 한산도 앞바다에서 대승을 거두었다.\n신립이 탄금대 앞에서 배수의 진을 치고 싸웠다.\n최윤덕이 올라산성에서 이만주 부대를 정벌하였다.""}]",source-candidate:8c97fc0245f4c31ea56c,AKS:ARTICLE:E0024964:sha256-704d8ea620c542f5,AKS,1,불랑기,name,bidirectional_containment,0.594643,COMPATIBLE,"[""불랑기""]","[""佛狼機""]","[""조선"", ""조선 후기""]",,,[],Heritage,"{""headword"": ""불랑기"", ""origin"": ""佛狼機"", ""headword_origin"": ""불랑기(佛狼機)"", ""primary_type"": ""물품"", ""era"": ""조선/조선 후기"", ""definition"": ""조선 중기에 제작된 서양식 청동제 화포.""}","[{""left_source_candidate_id"": ""source-candidate:8c97fc0245f4c31ea56c"", ""right_source_candidate_id"": ""source-candidate:c32c138ee09cd576d092"", ""signals"": [""normalized_name_match"", ""hanja_match""], ""conflicts"": [], ""merge_eligible"": true}]",,,,,,,,
6,gold-case:5fcf8549fec5b8b0fd72,term-review-task:5fb0a00092b1066e17c4,resolution-case:98c1b48664a65bb93a0f,불랑기포,유물,"[{""problem_id"": ""cj_v41_0020"", ""full_text"": ""2 이 무기는 불랑기포라고 하는데, 서양에서 명에 전래되었기 때문에 이렇게 불렀습니다. 불랑기포는 당시 조 - 명 연합군이 일본군으로부터 평양성을 탈환하는 데 기여하였다\n(가) 전쟁 중 있었던 사실로 옳은 것은?\n김상용이 강화도에서 순절하였다.\n정봉수가 용골산성에서 항쟁하였다.\n최영이 홍산 전투에서 큰 승리를 거두었다.\n김시민이 진주성에서 적군을 크게 물리쳤다.\n이종무가 적의 근거지인 쓰시마를 정벌하였다.""}, {""problem_id"": ""cj_v41_0683"", ""full_text"": ""역사 인물 다큐멘터리 기획안 화약 무기 연구의 선구자, ○○○ 1. 기획 의도 중국의 군사 기밀이었던 화약 제조 기술을 습득해 우리나라 최초로 화약의 자체 생산에 성공한 인물의 활동을 통해 국방 과학 기술의 중요성을 되새겨 본다. 2. 주요 장면 (가) 중국인 이원에게 염초 제조법을 배우다. (나) 나세, 심덕부 등과 함께 진포에서 왜구를 크게 격퇴하다.\n(가)에 들어갈 내용으로 가장 적절한 것은?\n신기전과 화차를 개발하다\n화통도감의 설치를 건의하다\n불랑기포를 활용하여 평양성을 탈환하다\n조총 부대를 이끌고 나선 정벌에 참여하다\n발화 장치를 활용한 비격진천뢰를 발명하다""}, {""problem_id"": ""cj_v41_0970"", ""full_text"": ""조·명 연합군, 평양성 탈환 평안도 도체찰사 류성룡, 도원수 김명원이 이끄는 관군이 명 제독 이여송 부대에 합세하여 평양성을 되찾았다 이번 전 투에서 아군의 불랑기포를 비롯한 화포가 위력을 발휘하여 일본 군은 크게 패하고 남쪽으로 내려갔다. 이 전투의 승리는 향후 전 쟁의 판도를 바꿀 것으로 기대된다\n다음 기사에 보도된 전투 이후의 사실로 옳은 것은?\n송상현이 동래성에서 항전하였다.\n권율이 행주산성에서 적군을 격퇴하였다.\n이순신이 한산도 앞바다에서 대승을 거두었다.\n신립이 탄금대 앞에서 배수의 진을 치고 싸웠다.\n최윤덕이 올라산성에서 이만주 부대를 정벌하였다.""}]",source-candidate:c32c138ee09cd576d092,THESAURUS:TERM:35662240:sha256-1022516a18f91e61,THESAURUS,2,불랑기,name,bidirectional_containment,0.594643,UNKNOWN,"[""불랑기""]","[""佛狼機""]","[""조선시대""]",,,[],,"{""term_name"": ""불랑기"", ""hanja"": ""佛狼機"", ""era"": ""조선시대"", ""thesaurus_category"": ""국방·군사>군수품>무기류"", ""description"": ""조선시대 임진왜란 때 명나라 원군(援軍)이 가져와 전투에 사용한 대포."", ""term_year"": ""?-?""}","[{""left_source_candidate_id"": ""source-candidate:8c97fc0245f4c31ea56c"", ""right_source_candidate_id"": ""source-candidate:c32c138ee09cd576d092"", ""signals"": [""normalized_name_match"", ""hanja_match""], ""conflicts"": [], ""merge_eligible"": true}]",IDENTITY_MEMBER,ALT_005,불랑기포,,,,,
6,gold-case:5fcf8549fec5b8b0fd72,term-review-task:5fb0a00092b1066e17c4,resolution-case:98c1b48664a65bb93a0f,불랑기포,유물,"[{""problem_id"": ""cj_v41_0020"", ""full_text"": ""2 이 무기는 불랑기포라고 하는데, 서양에서 명에 전래되었기 때문에 이렇게 불렀습니다. 불랑기포는 당시 조 - 명 연합군이 일본군으로부터 평양성을 탈환하는 데 기여하였다\n(가) 전쟁 중 있었던 사실로 옳은 것은?\n김상용이 강화도에서 순절하였다.\n정봉수가 용골산성에서 항쟁하였다.\n최영이 홍산 전투에서 큰 승리를 거두었다.\n김시민이 진주성에서 적군을 크게 물리쳤다.\n이종무가 적의 근거지인 쓰시마를 정벌하였다.""}, {""problem_id"": ""cj_v41_0683"", ""full_text"": ""역사 인물 다큐멘터리 기획안 화약 무기 연구의 선구자, ○○○ 1. 기획 의도 중국의 군사 기밀이었던 화약 제조 기술을 습득해 우리나라 최초로 화약의 자체 생산에 성공한 인물의 활동을 통해 국방 과학 기술의 중요성을 되새겨 본다. 2. 주요 장면 (가) 중국인 이원에게 염초 제조법을 배우다. (나) 나세, 심덕부 등과 함께 진포에서 왜구를 크게 격퇴하다.\n(가)에 들어갈 내용으로 가장 적절한 것은?\n신기전과 화차를 개발하다\n화통도감의 설치를 건의하다\n불랑기포를 활용하여 평양성을 탈환하다\n조총 부대를 이끌고 나선 정벌에 참여하다\n발화 장치를 활용한 비격진천뢰를 발명하다""}, {""problem_id"": ""cj_v41_0970"", ""full_text"": ""조·명 연합군, 평양성 탈환 평안도 도체찰사 류성룡, 도원수 김명원이 이끄는 관군이 명 제독 이여송 부대에 합세하여 평양성을 되찾았다 이번 전 투에서 아군의 불랑기포를 비롯한 화포가 위력을 발휘하여 일본 군은 크게 패하고 남쪽으로 내려갔다. 이 전투의 승리는 향후 전 쟁의 판도를 바꿀 것으로 기대된다\n다음 기사에 보도된 전투 이후의 사실로 옳은 것은?\n송상현이 동래성에서 항전하였다.\n권율이 행주산성에서 적군을 격퇴하였다.\n이순신이 한산도 앞바다에서 대승을 거두었다.\n신립이 탄금대 앞에서 배수의 진을 치고 싸웠다.\n최윤덕이 올라산성에서 이만주 부대를 정벌하였다.""}]",source-candidate:78ba6a46cdd6baddcbff,THESAURUS:TERM:35662243:sha256-1022516a18f91e61,THESAURUS,3,불랑기자포,name,name_ngram,0.562222,UNKNOWN,"[""불랑기자포""]","[""佛狼機子砲""]","[""조선시대""]",,,[],Heritage,"{""term_name"": ""불랑기자포"", ""hanja"": ""佛狼機子砲"", ""era"": ""조선시대"", ""thesaurus_category"": ""문화재"", ""description"": ""조선시대에 화기(火器)인 불랑기의 실탄을 장전하던 통신(筒身)으로 육군박물관 소장."", ""term_year"": ""1563""}",[],EVIDENCE_ONLY,,,,REL_006,불랑기자포,Heritage,
6,gold-case:5fcf8549fec5b8b0fd72,term-review-task:5fb0a00092b1066e17c4,resolution-case:98c1b48664a65bb93a0f,불랑기포,유물,"[{""problem_id"": ""cj_v41_0020"", ""full_text"": ""2 이 무기는 불랑기포라고 하는데, 서양에서 명에 전래되었기 때문에 이렇게 불렀습니다. 불랑기포는 당시 조 - 명 연합군이 일본군으로부터 평양성을 탈환하는 데 기여하였다\n(가) 전쟁 중 있었던 사실로 옳은 것은?\n김상용이 강화도에서 순절하였다.\n정봉수가 용골산성에서 항쟁하였다.\n최영이 홍산 전투에서 큰 승리를 거두었다.\n김시민이 진주성에서 적군을 크게 물리쳤다.\n이종무가 적의 근거지인 쓰시마를 정벌하였다.""}, {""problem_id"": ""cj_v41_0683"", ""full_text"": ""역사 인물 다큐멘터리 기획안 화약 무기 연구의 선구자, ○○○ 1. 기획 의도 중국의 군사 기밀이었던 화약 제조 기술을 습득해 우리나라 최초로 화약의 자체 생산에 성공한 인물의 활동을 통해 국방 과학 기술의 중요성을 되새겨 본다. 2. 주요 장면 (가) 중국인 이원에게 염초 제조법을 배우다. (나) 나세, 심덕부 등과 함께 진포에서 왜구를 크게 격퇴하다.\n(가)에 들어갈 내용으로 가장 적절한 것은?\n신기전과 화차를 개발하다\n화통도감의 설치를 건의하다\n불랑기포를 활용하여 평양성을 탈환하다\n조총 부대를 이끌고 나선 정벌에 참여하다\n발화 장치를 활용한 비격진천뢰를 발명하다""}, {""problem_id"": ""cj_v41_0970"", ""full_text"": ""조·명 연합군, 평양성 탈환 평안도 도체찰사 류성룡, 도원수 김명원이 이끄는 관군이 명 제독 이여송 부대에 합세하여 평양성을 되찾았다 이번 전 투에서 아군의 불랑기포를 비롯한 화포가 위력을 발휘하여 일본 군은 크게 패하고 남쪽으로 내려갔다. 이 전투의 승리는 향후 전 쟁의 판도를 바꿀 것으로 기대된다\n다음 기사에 보도된 전투 이후의 사실로 옳은 것은?\n송상현이 동래성에서 항전하였다.\n권율이 행주산성에서 적군을 격퇴하였다.\n이순신이 한산도 앞바다에서 대승을 거두었다.\n신립이 탄금대 앞에서 배수의 진을 치고 싸웠다.\n최윤덕이 올라산성에서 이만주 부대를 정벌하였다.""}]",source-candidate:316102373523e20e4636,AKS:ARTICLE:E0024965:sha256-704d8ea620c542f5,AKS,4,불랑기자포,name,name_ngram,0.448889,COMPATIBLE,"[""보물제8611호"", ""보물제8612호"", ""불랑기자포"", ""후장식화포""]","[""佛狼機子砲""]","[""조선"", ""조선 전기"", ""조선 후기""]",,,[],Heritage,"{""headword"": ""불랑기자포"", ""aliases"": [""보물 제861-1호"", ""보물 제861-2호"", ""후장식화포""], ""origin"": ""佛狼機子砲"", ""headword_origin"": ""불랑기자포(佛狼機子砲)"", ""primary_type"": ""물품"", ""era"": ""조선/조선 전기 | 조선/조선 후기"", ""definition"": ""불씨를 손으로 점화, 발사시키는 화포(火砲).""}",[],EVIDENCE_ONLY,,,,REL_006,불랑기자포,Heritage,
6,gold-case:5fcf8549fec5b8b0fd72,term-review-task:5fb0a00092b1066e17c4,resolution-case:98c1b48664a65bb93a0f,불랑기포,유물,"[{""problem_id"": ""cj_v41_0020"", ""full_text"": ""2 이 무기는 불랑기포라고 하는데, 서양에서 명에 전래되었기 때문에 이렇게 불렀습니다. 불랑기포는 당시 조 - 명 연합군이 일본군으로부터 평양성을 탈환하는 데 기여하였다\n(가) 전쟁 중 있었던 사실로 옳은 것은?\n김상용이 강화도에서 순절하였다.\n정봉수가 용골산성에서 항쟁하였다.\n최영이 홍산 전투에서 큰 승리를 거두었다.\n김시민이 진주성에서 적군을 크게 물리쳤다.\n이종무가 적의 근거지인 쓰시마를 정벌하였다.""}, {""problem_id"": ""cj_v41_0683"", ""full_text"": ""역사 인물 다큐멘터리 기획안 화약 무기 연구의 선구자, ○○○ 1. 기획 의도 중국의 군사 기밀이었던 화약 제조 기술을 습득해 우리나라 최초로 화약의 자체 생산에 성공한 인물의 활동을 통해 국방 과학 기술의 중요성을 되새겨 본다. 2. 주요 장면 (가) 중국인 이원에게 염초 제조법을 배우다. (나) 나세, 심덕부 등과 함께 진포에서 왜구를 크게 격퇴하다.\n(가)에 들어갈 내용으로 가장 적절한 것은?\n신기전과 화차를 개발하다\n화통도감의 설치를 건의하다\n불랑기포를 활용하여 평양성을 탈환하다\n조총 부대를 이끌고 나선 정벌에 참여하다\n발화 장치를 활용한 비격진천뢰를 발명하다""}, {""problem_id"": ""cj_v41_0970"", ""full_text"": ""조·명 연합군, 평양성 탈환 평안도 도체찰사 류성룡, 도원수 김명원이 이끄는 관군이 명 제독 이여송 부대에 합세하여 평양성을 되찾았다 이번 전 투에서 아군의 불랑기포를 비롯한 화포가 위력을 발휘하여 일본 군은 크게 패하고 남쪽으로 내려갔다. 이 전투의 승리는 향후 전 쟁의 판도를 바꿀 것으로 기대된다\n다음 기사에 보도된 전투 이후의 사실로 옳은 것은?\n송상현이 동래성에서 항전하였다.\n권율이 행주산성에서 적군을 격퇴하였다.\n이순신이 한산도 앞바다에서 대승을 거두었다.\n신립이 탄금대 앞에서 배수의 진을 치고 싸웠다.\n최윤덕이 올라산성에서 이만주 부대를 정벌하였다.""}]",source-candidate:982476267d86fd142c59,THESAURUS:TERM:2616:sha256-1022516a18f91e61,THESAURUS,5,기포,name,name_ngram,0.306667,UNKNOWN,"[""기포""]","[""譏捕""]","[""조선시대""]",,,[],,"{""term_name"": ""기포"", ""hanja"": ""譏捕"", ""era"": ""조선시대"", ""thesaurus_category"": ""정치·행정·법제>사법>사법제도"", ""description"": ""조선시대에 강도·절도 등을 수소문, 염탐하여 체포하는 일."", ""term_year"": ""?-?""}",[],,,,,,,,
7,gold-case:6d7d6c93345ade424c9c,term-review-task:65f002f4455283779607,resolution-case:e117f406c236b8d147d7,흐경국 중앙 총상회,단체,"[{""problem_id"": ""cj_v41_1509"", ""full_text"": ""오는 7월 1일부터 경성 화폐교환소에서 구 백동화 교환 사무를 시작하니, 혼잡을 예방하고 서로의 편의를 도모하기 위하여 청원 방법을 다음과 같이 정하였다. 교흰을 청구하고자 하는 자는 이 뜻을 준수하도록 한다. 광무 9년 6월 29일 탁지부 대신 제1항 구 백동화 교흰을 청구하고자 하는 자는 미리 제1호 서식의 청원서에 교환하고자 하는 액수와 청원인의 거주지 • 성명 및 청원 연•월•일을 기입하여 탁지부 내 화폐교환소에 제출하도록 한다. 제4항 제1항의 청원은 1일 1인에 대하여 교환 청구액이 1천 원 이상 1만 원 이하여야 한다. 단, 금년 10월 1일 이후에는 1천 원 이하인 자라도 청원할 수 있다.\n다음 자료를 활용한 탐구 활동으로 가장 적절한 것은?\n삼국 간섭이 발생한 원인을 분석한다.\n삼정이정청이 설지된 목적을 살펴본다.\n흐경국 중앙 총상회가 설립된 배경을 파악한다.\n재정 고문 메가타가 주도한 정책을 찾아본다.\n조미 수호 통상 조약이 체결되는 과정을 조사한다.""}]",source-candidate:ffb20bad9f988ba56e7d,AKS:ARTICLE:E0065074:sha256-704d8ea620c542f5,AKS,1,황국중앙총상회,name,name_ngram,0.424571,COMPATIBLE,"[""황국중앙총상회""]","[""皇國中央總商會""]","[""근대"", ""대한제국기""]",,,[],Organization,"{""headword"": ""황국중앙총상회"", ""origin"": ""皇國中央總商會"", ""headword_origin"": ""황국중앙총상회(皇國中央總商會)"", ""primary_type"": ""단체"", ""era"": ""근대/대한제국기"", ""definition"": ""1898년 서울에서 창립된 시전상인(市廛商人)의 단체.""}","[{""left_source_candidate_id"": ""source-candidate:59a28bacf0f55b9b142c"", ""right_source_candidate_id"": ""source-candidate:ffb20bad9f988ba56e7d"", ""signals"": [""normalized_name_match"", ""hanja_match"", ""era_overlap""], ""conflicts"": [], ""merge_eligible"": true}]",AMBIGUOUS,,,,,,,
7,gold-case:6d7d6c93345ade424c9c,term-review-task:65f002f4455283779607,resolution-case:e117f406c236b8d147d7,흐경국 중앙 총상회,단체,"[{""problem_id"": ""cj_v41_1509"", ""full_text"": ""오는 7월 1일부터 경성 화폐교환소에서 구 백동화 교환 사무를 시작하니, 혼잡을 예방하고 서로의 편의를 도모하기 위하여 청원 방법을 다음과 같이 정하였다. 교흰을 청구하고자 하는 자는 이 뜻을 준수하도록 한다. 광무 9년 6월 29일 탁지부 대신 제1항 구 백동화 교흰을 청구하고자 하는 자는 미리 제1호 서식의 청원서에 교환하고자 하는 액수와 청원인의 거주지 • 성명 및 청원 연•월•일을 기입하여 탁지부 내 화폐교환소에 제출하도록 한다. 제4항 제1항의 청원은 1일 1인에 대하여 교환 청구액이 1천 원 이상 1만 원 이하여야 한다. 단, 금년 10월 1일 이후에는 1천 원 이하인 자라도 청원할 수 있다.\n다음 자료를 활용한 탐구 활동으로 가장 적절한 것은?\n삼국 간섭이 발생한 원인을 분석한다.\n삼정이정청이 설지된 목적을 살펴본다.\n흐경국 중앙 총상회가 설립된 배경을 파악한다.\n재정 고문 메가타가 주도한 정책을 찾아본다.\n조미 수호 통상 조약이 체결되는 과정을 조사한다.""}]",source-candidate:59a28bacf0f55b9b142c,THESAURUS:TERM:918:sha256-1022516a18f91e61,THESAURUS,2,황국중앙총상회,name,name_ngram,0.424571,UNKNOWN,"[""황국중앙총상회""]","[""皇國中央總商會""]","[""대한제국기""]",,,[],,"{""term_name"": ""황국중앙총상회"", ""hanja"": ""皇國中央總商會"", ""era"": ""대한제국기"", ""thesaurus_category"": ""정치·행정·법제>정치>정치조직·단체"", ""description"": ""1898년 수구파인 참정대신(參政大臣) 조병식(趙秉式)이 조직한 단체."", ""term_year"": ""1898""}","[{""left_source_candidate_id"": ""source-candidate:59a28bacf0f55b9b142c"", ""right_source_candidate_id"": ""source-candidate:ffb20bad9f988ba56e7d"", ""signals"": [""normalized_name_match"", ""hanja_match"", ""era_overlap""], ""conflicts"": [], ""merge_eligible"": true}]",AMBIGUOUS,,,,,,,
7,gold-case:6d7d6c93345ade424c9c,term-review-task:65f002f4455283779607,resolution-case:e117f406c236b8d147d7,흐경국 중앙 총상회,단체,"[{""problem_id"": ""cj_v41_1509"", ""full_text"": ""오는 7월 1일부터 경성 화폐교환소에서 구 백동화 교환 사무를 시작하니, 혼잡을 예방하고 서로의 편의를 도모하기 위하여 청원 방법을 다음과 같이 정하였다. 교흰을 청구하고자 하는 자는 이 뜻을 준수하도록 한다. 광무 9년 6월 29일 탁지부 대신 제1항 구 백동화 교흰을 청구하고자 하는 자는 미리 제1호 서식의 청원서에 교환하고자 하는 액수와 청원인의 거주지 • 성명 및 청원 연•월•일을 기입하여 탁지부 내 화폐교환소에 제출하도록 한다. 제4항 제1항의 청원은 1일 1인에 대하여 교환 청구액이 1천 원 이상 1만 원 이하여야 한다. 단, 금년 10월 1일 이후에는 1천 원 이하인 자라도 청원할 수 있다.\n다음 자료를 활용한 탐구 활동으로 가장 적절한 것은?\n삼국 간섭이 발생한 원인을 분석한다.\n삼정이정청이 설지된 목적을 살펴본다.\n흐경국 중앙 총상회가 설립된 배경을 파악한다.\n재정 고문 메가타가 주도한 정책을 찾아본다.\n조미 수호 통상 조약이 체결되는 과정을 조사한다.""}]",source-candidate:fe1cd1cbffe597fd3371,THESAURUS:TERM:23073071:sha256-1022516a18f91e61,THESAURUS,3,한국중앙사학회,name,name_ngram,0.273048,UNKNOWN,"[""한국중앙사학회""]","[""韓國中央史學會""]","[""현대""]",,,[],,"{""term_name"": ""한국중앙사학회"", ""hanja"": ""韓國中央史學會"", ""era"": ""현대"", ""thesaurus_category"": ""학술·과학기술>학술기구·단체"", ""description"": ""현대 중앙대학교 사학과를 중심으로 설립한 역사 연구단체."", ""term_year"": ""?-?""}",[],,,,,,,,
8,gold-case:32e20fbb4c7dc100e567,term-review-task:09cacb3686d655af2481,resolution-case:f2d9e2bb31148330da80,가구영험불정존승다라니기,문헌,"[{""problem_id"": ""cj_v41_0338"", ""full_text"": ""오늘 소개해 주실 자료는 무엇인가요? 이것은 일본의 이시야마사에 소장된 가구영험불정존승다라니기이다. 해동성국이라 불린 (가)의 사신 이거정이 가져간 것으로, 당시 양국의 교류와 불교문화를 엿볼 수 있는 중요한 자료로 평가받고 있다.\n(가) 국가에 대한 설명으로 옳은 것은?\n광군을 창설하여 외침에 대비하였다.\n9서당 10정의 군사 조직을 운영하였다.\n광덕, 준풍 등의 독자적인 연호를 사용하였다.\n5경 15부 62주의 지방 행정 제도를 갖추었다.\n지방관을 감찰하기 위해 외사정을 파견하였다.""}]",source-candidate:c51b5abad4a394c2eaf8,AKS:ARTICLE:E0077859:sha256-704d8ea620c542f5,AKS,1,가구영험불정존승다라니기,definition,body_mention,1.0,COMPATIBLE,"[""가구영험불정존승다라니기발문加句靈驗佛頂尊勝陀羅尼記跋文"", ""불정존승다라니경발문""]","[""佛頂尊勝陀羅尼經"", ""跋文"", ""加句靈驗佛頂尊勝陀羅尼記跋文""]","[""고대"", ""남북국"", ""발해""]",,,[],Work,"{""headword"": ""불정존승다라니경 발문"", ""aliases"": [""가구영험불정존승다라니기발문(加句靈驗佛頂尊勝陀羅尼記跋文)""], ""origin"": ""佛頂尊勝陀羅尼經 跋文"", ""headword_origin"": ""불정존승다라니경 발문(佛頂尊勝陀羅尼經 跋文)"", ""primary_type"": ""문헌/고서"", ""era"": ""고대/남북국/발해"", ""definition"": ""일본 자하현(滋賀縣) 대진시(大津市) 석산사(石山寺)에 있는 가구영험불정존승다라니기(加句靈驗佛頂尊勝陀羅尼記)의 발문(跋文)."", ""snippet"": ""일본 자하현(滋賀縣) 대진시(大津市) 석산사(石山寺)에 있는 가구영험불정존승다라니기(加句靈驗佛頂尊勝陀羅尼記)의 발문(跋文""}",[],IDENTITY_MEMBER,ALT_134,가구영험불정존승다라니기,Work,,,,
8,gold-case:32e20fbb4c7dc100e567,term-review-task:09cacb3686d655af2481,resolution-case:f2d9e2bb31148330da80,가구영험불정존승다라니기,문헌,"[{""problem_id"": ""cj_v41_0338"", ""full_text"": ""오늘 소개해 주실 자료는 무엇인가요? 이것은 일본의 이시야마사에 소장된 가구영험불정존승다라니기이다. 해동성국이라 불린 (가)의 사신 이거정이 가져간 것으로, 당시 양국의 교류와 불교문화를 엿볼 수 있는 중요한 자료로 평가받고 있다.\n(가) 국가에 대한 설명으로 옳은 것은?\n광군을 창설하여 외침에 대비하였다.\n9서당 10정의 군사 조직을 운영하였다.\n광덕, 준풍 등의 독자적인 연호를 사용하였다.\n5경 15부 62주의 지방 행정 제도를 갖추었다.\n지방관을 감찰하기 위해 외사정을 파견하였다.""}]",source-candidate:df195e248ea9141000d8,THESAURUS:TERM:2104017:sha256-1022516a18f91e61,THESAURUS,2,불정심다라니경,name,name_ngram,0.290191,UNKNOWN,"[""불정심다라니경""]","[""佛頂心陀羅尼經""]","[""조선전기""]",,,[],Work,"{""term_name"": ""불정심다라니경"", ""hanja"": ""佛頂心陀羅尼經"", ""era"": ""조선전기"", ""thesaurus_category"": ""서명"", ""description"": ""1485년(성종 16)에 인수대비(仁粹大妃)가 성종을 위하여 ≪불정심다라니경≫을 목판으로 간행한 책으로 호림박물관 소장."", ""term_year"": ""1485""}","[{""left_source_candidate_id"": ""source-candidate:20cefaf8a584bcb2926d"", ""right_source_candidate_id"": ""source-candidate:df195e248ea9141000d8"", ""signals"": [""normalized_name_match"", ""hanja_match"", ""era_overlap"", ""entity_type_match""], ""conflicts"": [], ""merge_eligible"": true}]",,,,,,,,
8,gold-case:32e20fbb4c7dc100e567,term-review-task:09cacb3686d655af2481,resolution-case:f2d9e2bb31148330da80,가구영험불정존승다라니기,문헌,"[{""problem_id"": ""cj_v41_0338"", ""full_text"": ""오늘 소개해 주실 자료는 무엇인가요? 이것은 일본의 이시야마사에 소장된 가구영험불정존승다라니기이다. 해동성국이라 불린 (가)의 사신 이거정이 가져간 것으로, 당시 양국의 교류와 불교문화를 엿볼 수 있는 중요한 자료로 평가받고 있다.\n(가) 국가에 대한 설명으로 옳은 것은?\n광군을 창설하여 외침에 대비하였다.\n9서당 10정의 군사 조직을 운영하였다.\n광덕, 준풍 등의 독자적인 연호를 사용하였다.\n5경 15부 62주의 지방 행정 제도를 갖추었다.\n지방관을 감찰하기 위해 외사정을 파견하였다.""}]",source-candidate:ed52371dd2dac65d15a1,AKS:ARTICLE:E0014436:sha256-704d8ea620c542f5,AKS,3,대불정다라니,name,name_ngram,0.285556,COMPATIBLE,"[""대불정다라니""]","[""大佛頂陀羅尼""]","[""고려"", ""고려 후기""]",,,[],Work,"{""headword"": ""대불정다라니"", ""origin"": ""大佛頂陀羅尼"", ""headword_origin"": ""대불정다라니(大佛頂陀羅尼)"", ""primary_type"": ""문헌/고서"", ""era"": ""고려/고려 후기"", ""definition"": ""경기도 성남시 한국학중앙연구원에서 소장하고 있는 고려 말에 간행된 것으로 추정되는 불교경전. 다라니.""}","[{""left_source_candidate_id"": ""source-candidate:c02ccf18c2d1ce877eec"", ""right_source_candidate_id"": ""source-candidate:ed52371dd2dac65d15a1"", ""signals"": [""normalized_name_match"", ""hanja_match"", ""entity_type_match""], ""conflicts"": [], ""merge_eligible"": true}]",,,,,,,,
8,gold-case:32e20fbb4c7dc100e567,term-review-task:09cacb3686d655af2481,resolution-case:f2d9e2bb31148330da80,가구영험불정존승다라니기,문헌,"[{""problem_id"": ""cj_v41_0338"", ""full_text"": ""오늘 소개해 주실 자료는 무엇인가요? 이것은 일본의 이시야마사에 소장된 가구영험불정존승다라니기이다. 해동성국이라 불린 (가)의 사신 이거정이 가져간 것으로, 당시 양국의 교류와 불교문화를 엿볼 수 있는 중요한 자료로 평가받고 있다.\n(가) 국가에 대한 설명으로 옳은 것은?\n광군을 창설하여 외침에 대비하였다.\n9서당 10정의 군사 조직을 운영하였다.\n광덕, 준풍 등의 독자적인 연호를 사용하였다.\n5경 15부 62주의 지방 행정 제도를 갖추었다.\n지방관을 감찰하기 위해 외사정을 파견하였다.""}]",source-candidate:c02ccf18c2d1ce877eec,THESAURUS:TERM:2104107:sha256-1022516a18f91e61,THESAURUS,4,대불정다라니,name,name_ngram,0.285556,UNKNOWN,"[""대불정다라니""]","[""大佛頂陀羅尼""]","[""조선전기""]",,,[],Work,"{""term_name"": ""대불정다라니"", ""hanja"": ""大佛頂陀羅尼"", ""era"": ""조선전기"", ""thesaurus_category"": ""서명"", ""description"": ""고려 말-조선 초에 목판으로 닥종이에 찍어낸 다라니(陀羅尼). 정신문화연구원 소장."", ""term_year"": ""?""}","[{""left_source_candidate_id"": ""source-candidate:c02ccf18c2d1ce877eec"", ""right_source_candidate_id"": ""source-candidate:ed52371dd2dac65d15a1"", ""signals"": [""normalized_name_match"", ""hanja_match"", ""entity_type_match""], ""conflicts"": [], ""merge_eligible"": true}]",,,,,,,,
8,gold-case:32e20fbb4c7dc100e567,term-review-task:09cacb3686d655af2481,resolution-case:f2d9e2bb31148330da80,가구영험불정존승다라니기,문헌,"[{""problem_id"": ""cj_v41_0338"", ""full_text"": ""오늘 소개해 주실 자료는 무엇인가요? 이것은 일본의 이시야마사에 소장된 가구영험불정존승다라니기이다. 해동성국이라 불린 (가)의 사신 이거정이 가져간 것으로, 당시 양국의 교류와 불교문화를 엿볼 수 있는 중요한 자료로 평가받고 있다.\n(가) 국가에 대한 설명으로 옳은 것은?\n광군을 창설하여 외침에 대비하였다.\n9서당 10정의 군사 조직을 운영하였다.\n광덕, 준풍 등의 독자적인 연호를 사용하였다.\n5경 15부 62주의 지방 행정 제도를 갖추었다.\n지방관을 감찰하기 위해 외사정을 파견하였다.""}]",source-candidate:20cefaf8a584bcb2926d,AKS:ARTICLE:E0025029:sha256-704d8ea620c542f5,AKS,5,불정심다라니경,name,name_ngram,0.274737,COMPATIBLE,"[""불정심다라니경""]","[""佛頂心陀羅尼經""]","[""조선"", ""조선 전기""]",,,[],Work,"{""headword"": ""불정심다라니경"", ""origin"": ""佛頂心陀羅尼經"", ""headword_origin"": ""불정심다라니경(佛頂心陀羅尼經)"", ""primary_type"": ""문헌/고서"", ""era"": ""조선/조선 전기"", ""definition"": ""인수대비가 성종을 위해서 필사하여 1485년에 간행한 불교경전. 다라니경.""}","[{""left_source_candidate_id"": ""source-candidate:20cefaf8a584bcb2926d"", ""right_source_candidate_id"": ""source-candidate:df195e248ea9141000d8"", ""signals"": [""normalized_name_match"", ""hanja_match"", ""era_overlap"", ""entity_type_match""], ""conflicts"": [], ""merge_eligible"": true}]",,,,,,,,
9,gold-case:c4f3b8f7fe21d151cc6c,term-review-task:6866f8ef1a3840b7acfa,resolution-case:63a2d23e118ff46ff643,교복 자율화 조치,정책,"[{""problem_id"": ""cj_v41_1285"", ""full_text"": ""이것은 통일 주체 국민 회의에서 대통령을 선출하도록 헌법을 개정한 (가) 정부의 홍보물이다. “우리 모두 불굴의 투지와 굳은 단결로써 조국의 안정과 번영, 그리고 평화 통일을 위해 전진합시다.\""라는 문구 등으로 헌법을 미화하였다. 乶 必& 출훼전쯔!\n(가) 정부 시기에 볼 수 있는 모습으로 가장 적절한 것은?\n거리에서 장발과 미니스커트를 단속하는 경찰\n교복 자율화 조치로 사복을 입고 등교하는 학생\n금융 실명제에 따라 신분증 제시를 요구하는 은행원\n칠레와의 자유 무역 협정(FTA) 비준을 보도하는 기자\n전국 민주 노동조합 총연맹 창립 대회에 참가하는 노동 자""}]",source-candidate:710cb30e193a8d1f4a7f,AKS:ARTICLE:E0076165:sha256-704d8ea620c542f5,AKS,1,교복·두발 자율화 조치,name,name_ngram,0.55875,COMPATIBLE,"[""교복두발자율화조치""]","[""校服"", ""頭髮"", ""自律化"", ""措置""]","[""현대""]",,,[],Concept,"{""headword"": ""교복·두발 자율화 조치"", ""origin"": ""校服·頭髮 自律化 措置"", ""headword_origin"": ""교복·두발 자율화 조치(校服·頭髮 自律化 措置)"", ""primary_type"": ""제도/법령·제도"", ""era"": ""현대"", ""definition"": ""1982년부터 시행한 중·고등학생의 교복과 머리모양에 대한 자율화 정책.""}","[{""left_source_candidate_id"": ""source-candidate:710cb30e193a8d1f4a7f"", ""right_source_candidate_id"": ""source-candidate:fb0356dfe6cbc8eb15bd"", ""signals"": [""hanja_match"", ""era_overlap""], ""conflicts"": [""entity_type_conflict""], ""merge_eligible"": false}]",IDENTITY_MEMBER,ALT_007,교복자율화조치,Concept,,,,
9,gold-case:c4f3b8f7fe21d151cc6c,term-review-task:6866f8ef1a3840b7acfa,resolution-case:63a2d23e118ff46ff643,교복 자율화 조치,정책,"[{""problem_id"": ""cj_v41_1285"", ""full_text"": ""이것은 통일 주체 국민 회의에서 대통령을 선출하도록 헌법을 개정한 (가) 정부의 홍보물이다. “우리 모두 불굴의 투지와 굳은 단결로써 조국의 안정과 번영, 그리고 평화 통일을 위해 전진합시다.\""라는 문구 등으로 헌법을 미화하였다. 乶 必& 출훼전쯔!\n(가) 정부 시기에 볼 수 있는 모습으로 가장 적절한 것은?\n거리에서 장발과 미니스커트를 단속하는 경찰\n교복 자율화 조치로 사복을 입고 등교하는 학생\n금융 실명제에 따라 신분증 제시를 요구하는 은행원\n칠레와의 자유 무역 협정(FTA) 비준을 보도하는 기자\n전국 민주 노동조합 총연맹 창립 대회에 참가하는 노동 자""}]",source-candidate:fb0356dfe6cbc8eb15bd,AKS:ARTICLE:E0005480:sha256-704d8ea620c542f5,AKS,2,교복 자율화 조치,body,body_mention,1.0,CONFLICT,"[""교복"", ""학생복""]","[""校服""]","[""현대""]",,,[],Heritage,"{""headword"": ""교복"", ""aliases"": [""학생복""], ""origin"": ""校服"", ""headword_origin"": ""교복(校服)"", ""primary_type"": ""물품"", ""era"": ""현대"", ""definition"": ""학교(學校)에 입학한 학생이 입도록 만든 제복(制服)."", ""snippet"": ""3년 신학기부터 모든 학교에서 획일화된 교복 지정을 금지하였다. 이는 정치적 정책이었지만, 복장 자율화로 길러지는 자율 의식을 통해 민주 시민을 양성하기 위한 목적도 있었다. 교복 자율화 조치로 학교에""}","[{""left_source_candidate_id"": ""source-candidate:710cb30e193a8d1f4a7f"", ""right_source_candidate_id"": ""source-candidate:fb0356dfe6cbc8eb15bd"", ""signals"": [""hanja_match"", ""era_overlap""], ""conflicts"": [""entity_type_conflict""], ""merge_eligible"": false}]",REJECTED,,,,,,,
10,gold-case:174fb296d31b9f2fc1cb,term-review-task:e3491f7fcf3cc7c69c96,resolution-case:2ecad02e2943310c8a6f,허정 과도 정부,국가,"[{""problem_id"": ""cj_v41_0557"", ""full_text"": ""우리는 조국 흥망의 관두(曰에서 이 위기를 극복하기 위해 오직 민족 자결 원칙에 의하여 조국의 남뿌통일과 민주 독립을 촉진해야 겠다. 우리 민족자주연맹 중앙집행위원회는 김구 선생과 김규식 박사의가인에 의하여 실현되는 남북 정치 협상을 전적으로 지지 하며, 아울러 그 성공을 위하여 적극적으로 협력할 것을 결의한다 관두: 가장 중요한 지점\n다음 자료의 상황이 나타나게 된 배경으로 적절한 것은?\n허정 과도 정부에서 헌법이 개정되었다.\n통일 주체 국민 회의에서 대통령이 선출되었다.\n유엔 소총회에서 남한만의 단독 총선거가 결의되었다.\n유상 매수, 유상 분배 원칙의 농지 개혁법이 제정되었다.\n국가 보안법 개정안을 통과시킨 보안법 파동이 일어났다.""}, {""problem_id"": ""cj_v41_0709"", ""full_text"": ""전국의 언른인 여러군! 지금 광주에서는 젊은 대학생들과 시민들이 피를 홀리며 싸우고 있다 대학생들의 평화적 시위를 질서 유지, 진압이라는 명목 아래 저 잔인한 공수 부대를 투입하여 시민과 학생을 무차별 살육 하였고 더군다나 발포 명령까지 내렸던 것이다. ------ 그러나 일부 언론은 순수한광주 시민의 의거를 불순배의 선동이니, 폭도의 소행이니, 난동이니 하여 몰아부치고만 있다. - - 이번 광주 의거를 몇십 년 뒤의 자건 비화나 남기고 싶은 이야기-들로 만들지 않기 위해, 시실 그대로보도하여 주시기를 수많은 사망자의 피맺힌 원혼-과 광주 시민의 이름으로 간절히, 간절히 촉구하는 바이다.\n다음 자료에 나타난 민주화 운동에 대한 설명으로 옳은 것은?\n허정 과도 정부가 출범하는 계기가 되었다.\n굴욕적인 한일 국교 정상화에 반대하였다.\n호헌 철폐, 독재 타도 등의 구호를 외쳤다.\n3·15 부정 선거에 항의하며 시위가 시작되었다.\n관련 기록물이 유네스코 세계 기록 유산으로 등재되었다.""}, {""problem_id"": ""cj_v41_0754"", ""full_text"": ""이 개헌안에 따라 허정 과도 정부가 총선을 실시하면 정국에 이번에 여야 합의로 내각 책임제 개헌안이 통과되었군. 많은 변화가 있을 것 같네.\n'개헌안'이 발표된 이후의 사실로 옳은 것은?\n반민족 행위 처벌법이 제정되었다.\n제2차 미소 공동 위원회가 결렬되었다.\n국회가 민의원과 참의원의 양원제로 운영되었다.\n평화 통일론을 주장한 진보당의 조봉암이 구속되었다.\n유상 매수, 유상 분배 원칙의 농지 개혁법이 제정되었다.""}]",source-candidate:9860b838178bff565ef9,AKS:ARTICLE:E0066921:sha256-704d8ea620c542f5,AKS,1,허정 과도정부,name,exact,1.0,COMPATIBLE,"[""허정과도정부""]","[""許政"", ""過渡政府""]","[""현대""]",,,[],Concept,"{""headword"": ""허정 과도정부"", ""origin"": ""許政 過渡政府"", ""headword_origin"": ""허정 과도정부(許政 過渡政府)"", ""primary_type"": ""개념"", ""era"": ""현대"", ""definition"": ""제1공화국 붕괴 이후 1960년 4월 27일 구성되어 1960년 6월 15일까지 제2공화국이 등장하기 이전 과도정부.""}","[{""left_source_candidate_id"": ""source-candidate:0f126a69897e80b7db60"", ""right_source_candidate_id"": ""source-candidate:9860b838178bff565ef9"", ""signals"": [], ""conflicts"": [""entity_type_conflict""], ""merge_eligible"": false}]",IDENTITY_MEMBER,ALT_008,허정 과도정부,Institution,,,,
10,gold-case:174fb296d31b9f2fc1cb,term-review-task:e3491f7fcf3cc7c69c96,resolution-case:2ecad02e2943310c8a6f,허정 과도 정부,국가,"[{""problem_id"": ""cj_v41_0557"", ""full_text"": ""우리는 조국 흥망의 관두(曰에서 이 위기를 극복하기 위해 오직 민족 자결 원칙에 의하여 조국의 남뿌통일과 민주 독립을 촉진해야 겠다. 우리 민족자주연맹 중앙집행위원회는 김구 선생과 김규식 박사의가인에 의하여 실현되는 남북 정치 협상을 전적으로 지지 하며, 아울러 그 성공을 위하여 적극적으로 협력할 것을 결의한다 관두: 가장 중요한 지점\n다음 자료의 상황이 나타나게 된 배경으로 적절한 것은?\n허정 과도 정부에서 헌법이 개정되었다.\n통일 주체 국민 회의에서 대통령이 선출되었다.\n유엔 소총회에서 남한만의 단독 총선거가 결의되었다.\n유상 매수, 유상 분배 원칙의 농지 개혁법이 제정되었다.\n국가 보안법 개정안을 통과시킨 보안법 파동이 일어났다.""}, {""problem_id"": ""cj_v41_0709"", ""full_text"": ""전국의 언른인 여러군! 지금 광주에서는 젊은 대학생들과 시민들이 피를 홀리며 싸우고 있다 대학생들의 평화적 시위를 질서 유지, 진압이라는 명목 아래 저 잔인한 공수 부대를 투입하여 시민과 학생을 무차별 살육 하였고 더군다나 발포 명령까지 내렸던 것이다. ------ 그러나 일부 언론은 순수한광주 시민의 의거를 불순배의 선동이니, 폭도의 소행이니, 난동이니 하여 몰아부치고만 있다. - - 이번 광주 의거를 몇십 년 뒤의 자건 비화나 남기고 싶은 이야기-들로 만들지 않기 위해, 시실 그대로보도하여 주시기를 수많은 사망자의 피맺힌 원혼-과 광주 시민의 이름으로 간절히, 간절히 촉구하는 바이다.\n다음 자료에 나타난 민주화 운동에 대한 설명으로 옳은 것은?\n허정 과도 정부가 출범하는 계기가 되었다.\n굴욕적인 한일 국교 정상화에 반대하였다.\n호헌 철폐, 독재 타도 등의 구호를 외쳤다.\n3·15 부정 선거에 항의하며 시위가 시작되었다.\n관련 기록물이 유네스코 세계 기록 유산으로 등재되었다.""}, {""problem_id"": ""cj_v41_0754"", ""full_text"": ""이 개헌안에 따라 허정 과도 정부가 총선을 실시하면 정국에 이번에 여야 합의로 내각 책임제 개헌안이 통과되었군. 많은 변화가 있을 것 같네.\n'개헌안'이 발표된 이후의 사실로 옳은 것은?\n반민족 행위 처벌법이 제정되었다.\n제2차 미소 공동 위원회가 결렬되었다.\n국회가 민의원과 참의원의 양원제로 운영되었다.\n평화 통일론을 주장한 진보당의 조봉암이 구속되었다.\n유상 매수, 유상 분배 원칙의 농지 개혁법이 제정되었다.""}]",source-candidate:37b06ad722e937c2b619,THESAURUS:TERM:2733:sha256-1022516a18f91e61,THESAURUS,2,남조선과도정부,name,name_ngram,0.450513,UNKNOWN,"[""남조선과도정부""]","[""南朝鮮過渡政府""]","[""현대""]",,,[],,"{""term_name"": ""남조선과도정부"", ""hanja"": ""南朝鮮過渡政府"", ""era"": ""현대"", ""thesaurus_category"": ""정치·행정·법제>행정>중앙행정기구"", ""description"": ""1947년 2월 5일 발족하여 민정이양까지의 과도정부."", ""term_year"": ""1947-1948""}","[{""left_source_candidate_id"": ""source-candidate:37b06ad722e937c2b619"", ""right_source_candidate_id"": ""source-candidate:c2cba40ee7762213c66a"", ""signals"": [""normalized_name_match"", ""era_overlap""], ""conflicts"": [], ""merge_eligible"": true}]",,,,,,,,
10,gold-case:174fb296d31b9f2fc1cb,term-review-task:e3491f7fcf3cc7c69c96,resolution-case:2ecad02e2943310c8a6f,허정 과도 정부,국가,"[{""problem_id"": ""cj_v41_0557"", ""full_text"": ""우리는 조국 흥망의 관두(曰에서 이 위기를 극복하기 위해 오직 민족 자결 원칙에 의하여 조국의 남뿌통일과 민주 독립을 촉진해야 겠다. 우리 민족자주연맹 중앙집행위원회는 김구 선생과 김규식 박사의가인에 의하여 실현되는 남북 정치 협상을 전적으로 지지 하며, 아울러 그 성공을 위하여 적극적으로 협력할 것을 결의한다 관두: 가장 중요한 지점\n다음 자료의 상황이 나타나게 된 배경으로 적절한 것은?\n허정 과도 정부에서 헌법이 개정되었다.\n통일 주체 국민 회의에서 대통령이 선출되었다.\n유엔 소총회에서 남한만의 단독 총선거가 결의되었다.\n유상 매수, 유상 분배 원칙의 농지 개혁법이 제정되었다.\n국가 보안법 개정안을 통과시킨 보안법 파동이 일어났다.""}, {""problem_id"": ""cj_v41_0709"", ""full_text"": ""전국의 언른인 여러군! 지금 광주에서는 젊은 대학생들과 시민들이 피를 홀리며 싸우고 있다 대학생들의 평화적 시위를 질서 유지, 진압이라는 명목 아래 저 잔인한 공수 부대를 투입하여 시민과 학생을 무차별 살육 하였고 더군다나 발포 명령까지 내렸던 것이다. ------ 그러나 일부 언론은 순수한광주 시민의 의거를 불순배의 선동이니, 폭도의 소행이니, 난동이니 하여 몰아부치고만 있다. - - 이번 광주 의거를 몇십 년 뒤의 자건 비화나 남기고 싶은 이야기-들로 만들지 않기 위해, 시실 그대로보도하여 주시기를 수많은 사망자의 피맺힌 원혼-과 광주 시민의 이름으로 간절히, 간절히 촉구하는 바이다.\n다음 자료에 나타난 민주화 운동에 대한 설명으로 옳은 것은?\n허정 과도 정부가 출범하는 계기가 되었다.\n굴욕적인 한일 국교 정상화에 반대하였다.\n호헌 철폐, 독재 타도 등의 구호를 외쳤다.\n3·15 부정 선거에 항의하며 시위가 시작되었다.\n관련 기록물이 유네스코 세계 기록 유산으로 등재되었다.""}, {""problem_id"": ""cj_v41_0754"", ""full_text"": ""이 개헌안에 따라 허정 과도 정부가 총선을 실시하면 정국에 이번에 여야 합의로 내각 책임제 개헌안이 통과되었군. 많은 변화가 있을 것 같네.\n'개헌안'이 발표된 이후의 사실로 옳은 것은?\n반민족 행위 처벌법이 제정되었다.\n제2차 미소 공동 위원회가 결렬되었다.\n국회가 민의원과 참의원의 양원제로 운영되었다.\n평화 통일론을 주장한 진보당의 조봉암이 구속되었다.\n유상 매수, 유상 분배 원칙의 농지 개혁법이 제정되었다.""}]",source-candidate:5801187ea0313ba86e2c,THESAURUS:TERM:48240333:sha256-1022516a18f91e61,THESAURUS,3,허정과도내각,name,name_ngram,0.437818,UNKNOWN,"[""허정과도내각""]","[""許政過渡內閣""]","[""현대""]",,,[],,"{""term_name"": ""허정과도내각"", ""hanja"": ""許政過渡內閣"", ""era"": ""현대"", ""thesaurus_category"": ""정치·행정·법제>정치>정권"", ""description"": ""1960년 4·19혁명 직후부터 제2공화국 출범 직전까지 대통령 권한대행이었던 허정(許政)을 수반으로 했던 과도기적 중앙권력."", ""term_year"": ""1960""}",[],IDENTITY_MEMBER,ALT_008,허정 과도정부,Institution,,,,
10,gold-case:174fb296d31b9f2fc1cb,term-review-task:e3491f7fcf3cc7c69c96,resolution-case:2ecad02e2943310c8a6f,허정 과도 정부,국가,"[{""problem_id"": ""cj_v41_0557"", ""full_text"": ""우리는 조국 흥망의 관두(曰에서 이 위기를 극복하기 위해 오직 민족 자결 원칙에 의하여 조국의 남뿌통일과 민주 독립을 촉진해야 겠다. 우리 민족자주연맹 중앙집행위원회는 김구 선생과 김규식 박사의가인에 의하여 실현되는 남북 정치 협상을 전적으로 지지 하며, 아울러 그 성공을 위하여 적극적으로 협력할 것을 결의한다 관두: 가장 중요한 지점\n다음 자료의 상황이 나타나게 된 배경으로 적절한 것은?\n허정 과도 정부에서 헌법이 개정되었다.\n통일 주체 국민 회의에서 대통령이 선출되었다.\n유엔 소총회에서 남한만의 단독 총선거가 결의되었다.\n유상 매수, 유상 분배 원칙의 농지 개혁법이 제정되었다.\n국가 보안법 개정안을 통과시킨 보안법 파동이 일어났다.""}, {""problem_id"": ""cj_v41_0709"", ""full_text"": ""전국의 언른인 여러군! 지금 광주에서는 젊은 대학생들과 시민들이 피를 홀리며 싸우고 있다 대학생들의 평화적 시위를 질서 유지, 진압이라는 명목 아래 저 잔인한 공수 부대를 투입하여 시민과 학생을 무차별 살육 하였고 더군다나 발포 명령까지 내렸던 것이다. ------ 그러나 일부 언론은 순수한광주 시민의 의거를 불순배의 선동이니, 폭도의 소행이니, 난동이니 하여 몰아부치고만 있다. - - 이번 광주 의거를 몇십 년 뒤의 자건 비화나 남기고 싶은 이야기-들로 만들지 않기 위해, 시실 그대로보도하여 주시기를 수많은 사망자의 피맺힌 원혼-과 광주 시민의 이름으로 간절히, 간절히 촉구하는 바이다.\n다음 자료에 나타난 민주화 운동에 대한 설명으로 옳은 것은?\n허정 과도 정부가 출범하는 계기가 되었다.\n굴욕적인 한일 국교 정상화에 반대하였다.\n호헌 철폐, 독재 타도 등의 구호를 외쳤다.\n3·15 부정 선거에 항의하며 시위가 시작되었다.\n관련 기록물이 유네스코 세계 기록 유산으로 등재되었다.""}, {""problem_id"": ""cj_v41_0754"", ""full_text"": ""이 개헌안에 따라 허정 과도 정부가 총선을 실시하면 정국에 이번에 여야 합의로 내각 책임제 개헌안이 통과되었군. 많은 변화가 있을 것 같네.\n'개헌안'이 발표된 이후의 사실로 옳은 것은?\n반민족 행위 처벌법이 제정되었다.\n제2차 미소 공동 위원회가 결렬되었다.\n국회가 민의원과 참의원의 양원제로 운영되었다.\n평화 통일론을 주장한 진보당의 조봉암이 구속되었다.\n유상 매수, 유상 분배 원칙의 농지 개혁법이 제정되었다.""}]",source-candidate:c2cba40ee7762213c66a,AKS:ARTICLE:E0012154:sha256-704d8ea620c542f5,AKS,4,남조선 과도정부,name,name_ngram,0.348513,COMPATIBLE,"[""남조선과도정부""]","[""南朝鮮"", ""過渡政府""]","[""현대""]",,,[],Concept,"{""headword"": ""남조선 과도정부"", ""origin"": ""南朝鮮 過渡政府"", ""headword_origin"": ""남조선 과도정부(南朝鮮 過渡政府)"", ""primary_type"": ""개념"", ""era"": ""현대"", ""definition"": ""1947년 미군정청이 행정권의 민정이양을 위해 잠정적으로 설치하였던 집행부.""}","[{""left_source_candidate_id"": ""source-candidate:0f126a69897e80b7db60"", ""right_source_candidate_id"": ""source-candidate:c2cba40ee7762213c66a"", ""signals"": [], ""conflicts"": [""entity_type_conflict""], ""merge_eligible"": false}, {""left_source_candidate_id"": ""source-candidate:37b06ad722e937c2b619"", ""right_source_candidate_id"": ""source-candidate:c2cba40ee7762213c66a"", ""signals"": [""normalized_name_match"", ""era_overlap""], ""conflicts"": [], ""merge_eligible"": true}]",,,,,,,,
10,gold-case:174fb296d31b9f2fc1cb,term-review-task:e3491f7fcf3cc7c69c96,resolution-case:2ecad02e2943310c8a6f,허정 과도 정부,국가,"[{""problem_id"": ""cj_v41_0557"", ""full_text"": ""우리는 조국 흥망의 관두(曰에서 이 위기를 극복하기 위해 오직 민족 자결 원칙에 의하여 조국의 남뿌통일과 민주 독립을 촉진해야 겠다. 우리 민족자주연맹 중앙집행위원회는 김구 선생과 김규식 박사의가인에 의하여 실현되는 남북 정치 협상을 전적으로 지지 하며, 아울러 그 성공을 위하여 적극적으로 협력할 것을 결의한다 관두: 가장 중요한 지점\n다음 자료의 상황이 나타나게 된 배경으로 적절한 것은?\n허정 과도 정부에서 헌법이 개정되었다.\n통일 주체 국민 회의에서 대통령이 선출되었다.\n유엔 소총회에서 남한만의 단독 총선거가 결의되었다.\n유상 매수, 유상 분배 원칙의 농지 개혁법이 제정되었다.\n국가 보안법 개정안을 통과시킨 보안법 파동이 일어났다.""}, {""problem_id"": ""cj_v41_0709"", ""full_text"": ""전국의 언른인 여러군! 지금 광주에서는 젊은 대학생들과 시민들이 피를 홀리며 싸우고 있다 대학생들의 평화적 시위를 질서 유지, 진압이라는 명목 아래 저 잔인한 공수 부대를 투입하여 시민과 학생을 무차별 살육 하였고 더군다나 발포 명령까지 내렸던 것이다. ------ 그러나 일부 언론은 순수한광주 시민의 의거를 불순배의 선동이니, 폭도의 소행이니, 난동이니 하여 몰아부치고만 있다. - - 이번 광주 의거를 몇십 년 뒤의 자건 비화나 남기고 싶은 이야기-들로 만들지 않기 위해, 시실 그대로보도하여 주시기를 수많은 사망자의 피맺힌 원혼-과 광주 시민의 이름으로 간절히, 간절히 촉구하는 바이다.\n다음 자료에 나타난 민주화 운동에 대한 설명으로 옳은 것은?\n허정 과도 정부가 출범하는 계기가 되었다.\n굴욕적인 한일 국교 정상화에 반대하였다.\n호헌 철폐, 독재 타도 등의 구호를 외쳤다.\n3·15 부정 선거에 항의하며 시위가 시작되었다.\n관련 기록물이 유네스코 세계 기록 유산으로 등재되었다.""}, {""problem_id"": ""cj_v41_0754"", ""full_text"": ""이 개헌안에 따라 허정 과도 정부가 총선을 실시하면 정국에 이번에 여야 합의로 내각 책임제 개헌안이 통과되었군. 많은 변화가 있을 것 같네.\n'개헌안'이 발표된 이후의 사실로 옳은 것은?\n반민족 행위 처벌법이 제정되었다.\n제2차 미소 공동 위원회가 결렬되었다.\n국회가 민의원과 참의원의 양원제로 운영되었다.\n평화 통일론을 주장한 진보당의 조봉암이 구속되었다.\n유상 매수, 유상 분배 원칙의 농지 개혁법이 제정되었다.""}]",source-candidate:0f126a69897e80b7db60,AKS:ARTICLE:E0064031:sha256-704d8ea620c542f5,AKS,5,홍도정부,name,name_ngram,0.310667,CONFLICT,"[""홍도정부""]","[""紅桃井賦""]","[""고려"", ""고려 후기""]",,,[],Work,"{""headword"": ""홍도정부"", ""origin"": ""紅桃井賦"", ""headword_origin"": ""홍도정부(紅桃井賦)"", ""primary_type"": ""작품/문학"", ""era"": ""고려/고려 후기"", ""definition"": ""고려 후기에 이인로(李仁老)가 지은 부(賦).""}","[{""left_source_candidate_id"": ""source-candidate:0f126a69897e80b7db60"", ""right_source_candidate_id"": ""source-candidate:9860b838178bff565ef9"", ""signals"": [], ""conflicts"": [""entity_type_conflict""], ""merge_eligible"": false}, {""left_source_candidate_id"": ""source-candidate:0f126a69897e80b7db60"", ""right_source_candidate_id"": ""source-candidate:c2cba40ee7762213c66a"", ""signals"": [], ""conflicts"": [""entity_type_conflict""], ""merge_eligible"": false}]",,,,,,,,
11,gold-case:17b2a48e340099cd7339,term-review-task:f584c3ac2f2a1ad7234f,resolution-case:8d6bad50ee0203c3b76f,견내량,지명,"[{""problem_id"": ""cj_v41_0116"", ""full_text"": ""주제: 임진왜란 때 수군의 활약 욕포에서 26칙의 적선은 걱파하는 전과루 올렉어 견내량에 머로민 왜군을 한산도 앞바다로 유인하여 학익진 전술을 펼쳐 물리워어 10여 척의 배로 명량에서 대승은 거두없어 (가) (나) (다)\n(가)~(다) 학생이 발표한 내용을 일어난 순서대로 옳게 나열한 것은?\n(가) - (나) - (다)\n(가) - (다) - (나)\n(나) - (가) - (다)\n(나) - (다) - (가)\n(다) - (가) - (나)""}]",source-candidate:96a4a1c514933a01f933,AKS:ARTICLE:E0001870:sha256-704d8ea620c542f5,AKS,1,견내량,definition,body_mention,1.0,COMPATIBLE,"[""거제대교""]","[""巨濟大橋""]","[""현대""]",,,[],Place,"{""headword"": ""거제대교"", ""origin"": ""巨濟大橋"", ""headword_origin"": ""거제대교(巨濟大橋)"", ""primary_type"": ""지명/시설"", ""era"": ""현대"", ""definition"": ""경상남도 거제시 사등면의 서쪽과 통영시 용남면 장평리 사이의 견내량해(見乃梁海)에 건설된 다리."", ""snippet"": ""경상남도 거제시 사등면의 서쪽과 통영시 용남면 장평리 사이의 견내량해(見乃梁海)에 건설된 다리""}","[{""left_source_candidate_id"": ""source-candidate:96a4a1c514933a01f933"", ""right_source_candidate_id"": ""source-candidate:a9cc79df3a0764a41c1c"", ""signals"": [], ""conflicts"": [""entity_type_conflict""], ""merge_eligible"": false}]",,,,,,,,
11,gold-case:17b2a48e340099cd7339,term-review-task:f584c3ac2f2a1ad7234f,resolution-case:8d6bad50ee0203c3b76f,견내량,지명,"[{""problem_id"": ""cj_v41_0116"", ""full_text"": ""주제: 임진왜란 때 수군의 활약 욕포에서 26칙의 적선은 걱파하는 전과루 올렉어 견내량에 머로민 왜군을 한산도 앞바다로 유인하여 학익진 전술을 펼쳐 물리워어 10여 척의 배로 명량에서 대승은 거두없어 (가) (나) (다)\n(가)~(다) 학생이 발표한 내용을 일어난 순서대로 옳게 나열한 것은?\n(가) - (나) - (다)\n(가) - (다) - (나)\n(나) - (가) - (다)\n(나) - (다) - (가)\n(다) - (가) - (나)""}]",source-candidate:a59c095a3a4dd400b999,AKS:ARTICLE:E0001872:sha256-704d8ea620c542f5,AKS,2,견내량,body,body_mention,1.0,COMPATIBLE,"[""거제도""]","[""巨濟島""]",[],,,[],Place,"{""headword"": ""거제도"", ""origin"": ""巨濟島"", ""headword_origin"": ""거제도(巨濟島)"", ""primary_type"": ""지명/자연지명"", ""era"": ""미상"", ""definition"": ""경상남도 거제시에 있는 섬."", ""snippet"": ""이전에는 육지와의 연결이 불편하였으나 1971년통영반도와 [거제도](E0001872) 간의 견내량(見乃梁) 해협에 길이 740ｍ의 [거제대교](E0001870)가 놓이면서 교통이 편리해졌다. 관광객""}","[{""left_source_candidate_id"": ""source-candidate:a59c095a3a4dd400b999"", ""right_source_candidate_id"": ""source-candidate:a9cc79df3a0764a41c1c"", ""signals"": [], ""conflicts"": [""entity_type_conflict""], ""merge_eligible"": false}]",,,,,,,,
11,gold-case:17b2a48e340099cd7339,term-review-task:f584c3ac2f2a1ad7234f,resolution-case:8d6bad50ee0203c3b76f,견내량,지명,"[{""problem_id"": ""cj_v41_0116"", ""full_text"": ""주제: 임진왜란 때 수군의 활약 욕포에서 26칙의 적선은 걱파하는 전과루 올렉어 견내량에 머로민 왜군을 한산도 앞바다로 유인하여 학익진 전술을 펼쳐 물리워어 10여 척의 배로 명량에서 대승은 거두없어 (가) (나) (다)\n(가)~(다) 학생이 발표한 내용을 일어난 순서대로 옳게 나열한 것은?\n(가) - (나) - (다)\n(가) - (다) - (나)\n(나) - (가) - (다)\n(나) - (다) - (가)\n(다) - (가) - (나)""}]",source-candidate:0d9b5a77dc7a6e471821,AKS:ARTICLE:E0001877:sha256-704d8ea620c542f5,AKS,3,견내량,body,body_mention,1.0,COMPATIBLE,"[""거제시""]","[""巨濟市""]","[""현대""]",,,[],Place,"{""headword"": ""거제시"", ""origin"": ""巨濟市"", ""headword_origin"": ""거제시(巨濟市)"", ""primary_type"": ""지명/행정지명·마을"", ""era"": ""현대"", ""definition"": ""경상남도 남해안에 위치한 시."", ""snippet"": ""승포에 설치하였다가 1956년 다시 고현동으으로 이전하였다. 1971년에는 통영과 마주한 견내량(見乃梁)에 연륙교인 [거제대교](E0001870)가 세워지면서 육지와 연결되었으며, 1973년""}","[{""left_source_candidate_id"": ""source-candidate:0d9b5a77dc7a6e471821"", ""right_source_candidate_id"": ""source-candidate:a9cc79df3a0764a41c1c"", ""signals"": [], ""conflicts"": [""entity_type_conflict""], ""merge_eligible"": false}]",,,,,,,,
11,gold-case:17b2a48e340099cd7339,term-review-task:f584c3ac2f2a1ad7234f,resolution-case:8d6bad50ee0203c3b76f,견내량,지명,"[{""problem_id"": ""cj_v41_0116"", ""full_text"": ""주제: 임진왜란 때 수군의 활약 욕포에서 26칙의 적선은 걱파하는 전과루 올렉어 견내량에 머로민 왜군을 한산도 앞바다로 유인하여 학익진 전술을 펼쳐 물리워어 10여 척의 배로 명량에서 대승은 거두없어 (가) (나) (다)\n(가)~(다) 학생이 발표한 내용을 일어난 순서대로 옳게 나열한 것은?\n(가) - (나) - (다)\n(가) - (다) - (나)\n(나) - (가) - (다)\n(나) - (다) - (가)\n(다) - (가) - (나)""}]",source-candidate:954958d46babf1a3e22f,AKS:ARTICLE:E0038822:sha256-704d8ea620c542f5,AKS,4,견내량,body,body_mention,1.0,COMPATIBLE,"[""옥포""]","[""玉浦""]",[],,,[],Place,"{""headword"": ""옥포"", ""origin"": ""玉浦"", ""headword_origin"": ""옥포(玉浦)"", ""primary_type"": ""지명/시설"", ""era"": ""미상"", ""definition"": ""경상남도 거제시 옥포동에 있는 포구."", ""snippet"": ""치되어 있어 군사상 중요지역으로 여겨왔던 곳이다. 조선 초기에는 가배량도만호(加背梁都萬戶)와 견내량만호(見乃梁萬戶)가 지켰고, 1488년(성종 19) 둘레 1,074척, 높이 13척의 석성을 쌓았으며""}","[{""left_source_candidate_id"": ""source-candidate:954958d46babf1a3e22f"", ""right_source_candidate_id"": ""source-candidate:a9cc79df3a0764a41c1c"", ""signals"": [], ""conflicts"": [""entity_type_conflict""], ""merge_eligible"": false}]",,,,,,,,
11,gold-case:17b2a48e340099cd7339,term-review-task:f584c3ac2f2a1ad7234f,resolution-case:8d6bad50ee0203c3b76f,견내량,지명,"[{""problem_id"": ""cj_v41_0116"", ""full_text"": ""주제: 임진왜란 때 수군의 활약 욕포에서 26칙의 적선은 걱파하는 전과루 올렉어 견내량에 머로민 왜군을 한산도 앞바다로 유인하여 학익진 전술을 펼쳐 물리워어 10여 척의 배로 명량에서 대승은 거두없어 (가) (나) (다)\n(가)~(다) 학생이 발표한 내용을 일어난 순서대로 옳게 나열한 것은?\n(가) - (나) - (다)\n(가) - (다) - (나)\n(나) - (가) - (다)\n(나) - (다) - (가)\n(다) - (가) - (나)""}]",source-candidate:3eb6396c3c18d33091d1,AKS:ARTICLE:E0039414:sha256-704d8ea620c542f5,AKS,5,견내량,body,body_mention,1.0,COMPATIBLE,"[""용남""]","[""龍南""]","[""근대"", ""일제강점기""]",,,[],Place,"{""headword"": ""용남"", ""origin"": ""龍南"", ""headword_origin"": ""용남(龍南)"", ""primary_type"": ""지명/고지명"", ""era"": ""근대/일제강점기"", ""definition"": ""경상남도 통영 지역의 옛 지명."", ""snippet"": ""다가 뒤에 현령을 두었으며, 조선 태종 때 일부 지역을 거제의 관할로 하였다. 조선시대에 이곳은 통영ㆍ견내량(見乃梁)ㆍ가배량(歌背梁) 등의 해안 지역을 차지하였고, 가배량의 도만호(都萬戶)가 이곳을 다스렸다. 그""}","[{""left_source_candidate_id"": ""source-candidate:3eb6396c3c18d33091d1"", ""right_source_candidate_id"": ""source-candidate:a9cc79df3a0764a41c1c"", ""signals"": [], ""conflicts"": [""entity_type_conflict""], ""merge_eligible"": false}]",,,,,,,,
11,gold-case:17b2a48e340099cd7339,term-review-task:f584c3ac2f2a1ad7234f,resolution-case:8d6bad50ee0203c3b76f,견내량,지명,"[{""problem_id"": ""cj_v41_0116"", ""full_text"": ""주제: 임진왜란 때 수군의 활약 욕포에서 26칙의 적선은 걱파하는 전과루 올렉어 견내량에 머로민 왜군을 한산도 앞바다로 유인하여 학익진 전술을 펼쳐 물리워어 10여 척의 배로 명량에서 대승은 거두없어 (가) (나) (다)\n(가)~(다) 학생이 발표한 내용을 일어난 순서대로 옳게 나열한 것은?\n(가) - (나) - (다)\n(가) - (다) - (나)\n(나) - (가) - (다)\n(나) - (다) - (가)\n(다) - (가) - (나)""}]",source-candidate:a9cc79df3a0764a41c1c,AKS:ARTICLE:E0012406:sha256-704d8ea620c542f5,AKS,6,내량(內椋),name,name_ngram,0.301429,CONFLICT,"[""내경부"", ""내략內掠"", ""내량內椋""]","[""內"", ""部"", ""內掠"", ""內椋""]","[""고대"", ""삼국"", ""백제""]",,,[],Concept,"{""headword"": ""내경부"", ""aliases"": [""내략(內掠)"", ""내량(內椋)""], ""origin"": ""內𢈴部"", ""headword_origin"": ""내경부(內𢈴部)"", ""primary_type"": ""제도/관청"", ""era"": ""고대/삼국/백제"", ""definition"": ""백제시대의 중앙관서.""}","[{""left_source_candidate_id"": ""source-candidate:0d9b5a77dc7a6e471821"", ""right_source_candidate_id"": ""source-candidate:a9cc79df3a0764a41c1c"", ""signals"": [], ""conflicts"": [""entity_type_conflict""], ""merge_eligible"": false}, {""left_source_candidate_id"": ""source-candidate:3eb6396c3c18d33091d1"", ""right_source_candidate_id"": ""source-candidate:a9cc79df3a0764a41c1c"", ""signals"": [], ""conflicts"": [""entity_type_conflict""], ""merge_eligible"": false}, {""left_source_candidate_id"": ""source-candidate:954958d46babf1a3e22f"", ""right_source_candidate_id"": ""source-candidate:a9cc79df3a0764a41c1c"", ""signals"": [], ""conflicts"": [""entity_type_conflict""], ""merge_eligible"": false}, {""left_source_candidate_id"": ""source-candidate:96a4a1c514933a01f933"", ""right_source_candidate_id"": ""source-candidate:a9cc79df3a0764a41c1c"", ""signals"": [], ""conflicts"": [""entity_type_conflict""], ""merge_eligible"": false}, {""left_source_candidate_id"": ""source-candidate:a59c095a3a4dd400b999"", ""right_source_candidate_id"": ""source-candidate:a9cc79df3a0764a41c1c"", ""signals"": [], ""conflicts"": [""entity_type_conflict""], ""merge_eligible"": false}]",,,,,,,,
12,gold-case:6c4be7f5a77abceaed26,term-review-task:4d972bf6554815263f5a,resolution-case:83f3f5d0533d5b20bd6e,홍영구 충렬비,문화재,"[{""problem_id"": ""cj_v41_0491"", ""full_text"": ""이 비각에는 홍영구 충렬비와 유림 대접비가 나란히 세워져 있다. 홍영구와 유림은 이 전쟁 당시 남한신성에 피란해 있던 국욈을 구하기 위해 근영 병을 이끌고 김회에서 적을 크게 물리쳤습니다.\n'이 전쟁' 중에 있었던 사실로 옳은 것은?\n훈련도감이 설치되었다.\n외규장각 도서가 약탈되었다.\n곽재우가 의령에서 의병을 일으켰다.\n강홍립이 이끄는 부대가 참전하였다.\n김준룡이 광교산 전투에서 승리하였다.""}]",source-candidate:0d5e803aa4d465097bf6,THESAURUS:TERM:16826679:sha256-1022516a18f91e61,THESAURUS,1,충렬비,name,bidirectional_containment,0.388667,UNKNOWN,"[""충렬비""]","[""忠烈碑""]",[],,,[],,"{""term_name"": ""충렬비"", ""hanja"": ""忠烈碑"", ""era"": ""통시대"", ""thesaurus_category"": ""문화·예술>미술"", ""description"": ""나라를 위해 충성스러운 절개를 지킨 이들을 기념하기 위해 세운 비."", ""term_year"": ""?-?""}",[],,,,,,,,
12,gold-case:6c4be7f5a77abceaed26,term-review-task:4d972bf6554815263f5a,resolution-case:83f3f5d0533d5b20bd6e,홍영구 충렬비,문화재,"[{""problem_id"": ""cj_v41_0491"", ""full_text"": ""이 비각에는 홍영구 충렬비와 유림 대접비가 나란히 세워져 있다. 홍영구와 유림은 이 전쟁 당시 남한신성에 피란해 있던 국욈을 구하기 위해 근영 병을 이끌고 김회에서 적을 크게 물리쳤습니다.\n'이 전쟁' 중에 있었던 사실로 옳은 것은?\n훈련도감이 설치되었다.\n외규장각 도서가 약탈되었다.\n곽재우가 의령에서 의병을 일으켰다.\n강홍립이 이끄는 부대가 참전하였다.\n김준룡이 광교산 전투에서 승리하였다.""}]",source-candidate:39aa124a845b566a9b34,AKS:ARTICLE:E0058120:sha256-704d8ea620c542f5,AKS,2,통영 충렬묘비,name,name_ngram,0.316667,COMPATIBLE,"[""통영충렬묘비""]","[""統營"", ""忠烈廟碑""]","[""조선"", ""조선 후기""]",,,[],Heritage,"{""headword"": ""통영 충렬묘비"", ""origin"": ""統營 忠烈廟碑"", ""headword_origin"": ""통영 충렬묘비(統營 忠烈廟碑)"", ""primary_type"": ""유적/탑·비"", ""era"": ""조선/조선 후기"", ""definition"": ""경상남도 통영시 충렬사에 있는 조선후기 통제사 민섬이 건립한 충무공 이순신 관련 전공비.""}",[],,,,,,,,
12,gold-case:6c4be7f5a77abceaed26,term-review-task:4d972bf6554815263f5a,resolution-case:83f3f5d0533d5b20bd6e,홍영구 충렬비,문화재,"[{""problem_id"": ""cj_v41_0491"", ""full_text"": ""이 비각에는 홍영구 충렬비와 유림 대접비가 나란히 세워져 있다. 홍영구와 유림은 이 전쟁 당시 남한신성에 피란해 있던 국욈을 구하기 위해 근영 병을 이끌고 김회에서 적을 크게 물리쳤습니다.\n'이 전쟁' 중에 있었던 사실로 옳은 것은?\n훈련도감이 설치되었다.\n외규장각 도서가 약탈되었다.\n곽재우가 의령에서 의병을 일으켰다.\n강홍립이 이끄는 부대가 참전하였다.\n김준룡이 광교산 전투에서 승리하였다.""}]",source-candidate:4c67aa0203eca631d7a9,AKS:ARTICLE:E0032726:sha256-704d8ea620c542f5,AKS,3,신길원 현감 충렬비,name,name_ngram,0.298571,COMPATIBLE,"[""신길원현감충렬비""]","[""申吉元"", ""縣監"", ""忠烈碑""]","[""조선"", ""조선 후기""]",,,[],Heritage,"{""headword"": ""신길원 현감 충렬비"", ""origin"": ""申吉元 縣監 忠烈碑"", ""headword_origin"": ""신길원 현감 충렬비(申吉元 縣監 忠烈碑)"", ""primary_type"": ""유적/탑·비"", ""era"": ""조선/조선 후기"", ""definition"": ""경상북도 문경시 문경읍에 있는 조선후기에 건립된 현감 신길원의 충렬비.""}","[{""left_source_candidate_id"": ""source-candidate:4c67aa0203eca631d7a9"", ""right_source_candidate_id"": ""source-candidate:b108e2e2c679406ca240"", ""signals"": [""normalized_name_match"", ""era_overlap"", ""entity_type_match""], ""conflicts"": [], ""merge_eligible"": true}]",,,,,,,,
12,gold-case:6c4be7f5a77abceaed26,term-review-task:4d972bf6554815263f5a,resolution-case:83f3f5d0533d5b20bd6e,홍영구 충렬비,문화재,"[{""problem_id"": ""cj_v41_0491"", ""full_text"": ""이 비각에는 홍영구 충렬비와 유림 대접비가 나란히 세워져 있다. 홍영구와 유림은 이 전쟁 당시 남한신성에 피란해 있던 국욈을 구하기 위해 근영 병을 이끌고 김회에서 적을 크게 물리쳤습니다.\n'이 전쟁' 중에 있었던 사실로 옳은 것은?\n훈련도감이 설치되었다.\n외규장각 도서가 약탈되었다.\n곽재우가 의령에서 의병을 일으켰다.\n강홍립이 이끄는 부대가 참전하였다.\n김준룡이 광교산 전투에서 승리하였다.""}]",source-candidate:b108e2e2c679406ca240,THESAURUS:TERM:6303462:sha256-1022516a18f91e61,THESAURUS,4,신길원현감충렬비,name,name_ngram,0.298571,UNKNOWN,"[""신길원현감충렬비""]","[""申吉元縣監忠烈碑""]","[""조선후기""]",,,[],Heritage,"{""term_name"": ""신길원현감충렬비"", ""hanja"": ""申吉元縣監忠烈碑"", ""era"": ""조선후기"", ""thesaurus_category"": ""문화재"", ""description"": ""1706년(숙종 32) 임진왜란 때 전사한 문경현감 신길원(申吉元)을 위해 세운 경상북도 문경시 문경읍 상초리에 있는 충렬비."", ""term_year"": ""1706""}","[{""left_source_candidate_id"": ""source-candidate:4c67aa0203eca631d7a9"", ""right_source_candidate_id"": ""source-candidate:b108e2e2c679406ca240"", ""signals"": [""normalized_name_match"", ""era_overlap"", ""entity_type_match""], ""conflicts"": [], ""merge_eligible"": true}]",,,,,,,,
13,gold-case:5bff298111dd99e91bbe,term-review-task:6d5f6ee2a0cbcd4f2926,resolution-case:d060b08bfb192841beac,부여씨,왕조,"[{""problem_id"": ""cj_v41_0103"", ""full_text"": ""이것은 (가)의 중대성에서 일본의 태정관에 보낸 외교 문서의 사본이다. 문서에는 정당성의 좌윤 하복연 등 주요 사신단의 명단과 두 나라의 우호를 돈독히 하고자 사신을 파견한다는 내용 등이 담겨 있다. 오늘 소개해 주실 자료는 무엇인가요?\n(가) 국가에 대한 설명으로 옳은 것은?\n광군을 창설하여 외침에 대비하였다.\n주자감을 설치하여 인재를 양성하였다.\n골품제라는 엄격한 신분제를 마련하였다.\n9주 5소경의 지방 행정 제도를 갖추었다.\n왕족인 부여씨와 8성의 귀족이 지배층을 이루었다.""}, {""problem_id"": ""cj_v41_0201"", ""full_text"": ""목종 5년에 6위의 직원을 마련하여 두엇는데 뒤에 8양군뉘다 ) 과 용호군짓{로)의 2군을 설치하고, 6위의 위에 엇게 하여다. 뒤에 또 중방을 설치하고 , 2군 ' 6위의 상장군과 대장군이 모두 회합하게 하였다\n다음 군사 제도를 운영한 국가에 대한 설명으로 옳은 것은?\n중정대를 두어 관리를 감찰하였다.\n9주 5소경의 지방 제도를 운영하였다.\n고관들의 합좌 기구인 도병마사를 설치하였다.\n인재를 등용하기 위하여 독서삼품과를 시행하였다.\n왕족인 부여씨와 8성의 귀족이 지배층을 이루었다.""}, {""problem_id"": ""cj_v41_0481"", ""full_text"": ""[기관라의] 관제에는 선조성이 있는데, 좌상국평장소 시중국좌상시 -간의가 소속되어 있다. 중대성에는 우상 우평장소:내사-조고사인이 소속되어 있다. 정당성에는 대내상 1명을좍 우당의 위에 두었고, 좌 우사정 각 1명을 좌-우평장소의 아래에 배치하였다 - 신당서\n다음 제도를 운영한 국가에 대한 설명으로 옳은 것은?\n교육 기관으로 주자감을 두었다.\n신라에 침입한 왜구를 격퇴하였다.\n9서당 10정의 군사 조직을 갖추었다.\n개국, 태창이라는 연호를 사용하였다.\n왕족인 부여씨와 8성의 귀족이 지배층을 이루었다.""}]",source-candidate:b2c8e15d581474f0939b,THESAURUS:TERM:12593836:sha256-1022516a18f91e61,THESAURUS,1,부여씨,name,exact,1.0,UNKNOWN,"[""부여씨""]","[""夫餘氏""]","[""삼국시대""]",,,[],,"{""term_name"": ""부여씨"", ""hanja"": ""夫餘氏"", ""era"": ""삼국시대"", ""thesaurus_category"": ""사회·생활>신분·계급"", ""description"": ""삼국시대 백제의 시조 온조(溫祚)에서 유래한 부여계통의 백제 왕성(王姓)."", ""term_year"": ""?-?""}",[],IDENTITY_MEMBER,ALT_009,부여씨,Polity,,,,
13,gold-case:5bff298111dd99e91bbe,term-review-task:6d5f6ee2a0cbcd4f2926,resolution-case:d060b08bfb192841beac,부여씨,왕조,"[{""problem_id"": ""cj_v41_0103"", ""full_text"": ""이것은 (가)의 중대성에서 일본의 태정관에 보낸 외교 문서의 사본이다. 문서에는 정당성의 좌윤 하복연 등 주요 사신단의 명단과 두 나라의 우호를 돈독히 하고자 사신을 파견한다는 내용 등이 담겨 있다. 오늘 소개해 주실 자료는 무엇인가요?\n(가) 국가에 대한 설명으로 옳은 것은?\n광군을 창설하여 외침에 대비하였다.\n주자감을 설치하여 인재를 양성하였다.\n골품제라는 엄격한 신분제를 마련하였다.\n9주 5소경의 지방 행정 제도를 갖추었다.\n왕족인 부여씨와 8성의 귀족이 지배층을 이루었다.""}, {""problem_id"": ""cj_v41_0201"", ""full_text"": ""목종 5년에 6위의 직원을 마련하여 두엇는데 뒤에 8양군뉘다 ) 과 용호군짓{로)의 2군을 설치하고, 6위의 위에 엇게 하여다. 뒤에 또 중방을 설치하고 , 2군 ' 6위의 상장군과 대장군이 모두 회합하게 하였다\n다음 군사 제도를 운영한 국가에 대한 설명으로 옳은 것은?\n중정대를 두어 관리를 감찰하였다.\n9주 5소경의 지방 제도를 운영하였다.\n고관들의 합좌 기구인 도병마사를 설치하였다.\n인재를 등용하기 위하여 독서삼품과를 시행하였다.\n왕족인 부여씨와 8성의 귀족이 지배층을 이루었다.""}, {""problem_id"": ""cj_v41_0481"", ""full_text"": ""[기관라의] 관제에는 선조성이 있는데, 좌상국평장소 시중국좌상시 -간의가 소속되어 있다. 중대성에는 우상 우평장소:내사-조고사인이 소속되어 있다. 정당성에는 대내상 1명을좍 우당의 위에 두었고, 좌 우사정 각 1명을 좌-우평장소의 아래에 배치하였다 - 신당서\n다음 제도를 운영한 국가에 대한 설명으로 옳은 것은?\n교육 기관으로 주자감을 두었다.\n신라에 침입한 왜구를 격퇴하였다.\n9서당 10정의 군사 조직을 갖추었다.\n개국, 태창이라는 연호를 사용하였다.\n왕족인 부여씨와 8성의 귀족이 지배층을 이루었다.""}]",source-candidate:9016aa23c09da0c15b48,AKS:ARTICLE:E0029415:sha256-704d8ea620c542f5,AKS,2,부여씨,body,body_mention,1.0,COMPATIBLE,"[""성씨""]","[""姓氏""]","[""현대""]",,,[],Concept,"{""headword"": ""성씨"", ""origin"": ""姓氏"", ""headword_origin"": ""성씨(姓氏)"", ""primary_type"": ""개념"", ""era"": ""현대"", ""definition"": ""출생의 혈통을 나타내거나 한 혈통을 잇는 겨레붙이를 가리키는 가족용어. 칭호."", ""snippet"": ""문에 고씨(高氏)라 하고, 백제는 시조 [온조(溫祚)](E0038871)가 부여 계통에서 나왔다 하여 성을 부여씨(夫餘氏)라 하였다 한다. 또한 신라는 박 · 석 · 김 3성의 전설이 있고, 제3대 [유리이사금](E004139""}","[{""left_source_candidate_id"": ""source-candidate:07dc90ff64514d2fe9d3"", ""right_source_candidate_id"": ""source-candidate:9016aa23c09da0c15b48"", ""signals"": [], ""conflicts"": [""entity_type_conflict""], ""merge_eligible"": false}, {""left_source_candidate_id"": ""source-candidate:0eecd78a6337cb10748a"", ""right_source_candidate_id"": ""source-candidate:9016aa23c09da0c15b48"", ""signals"": [], ""conflicts"": [""entity_type_conflict""], ""merge_eligible"": false}, {""left_source_candidate_id"": ""source-candidate:160de71238b7f1358778"", ""right_source_candidate_id"": ""source-candidate:9016aa23c09da0c15b48"", ""signals"": [], ""conflicts"": [""entity_type_conflict""], ""merge_eligible"": false}, {""left_source_candidate_id"": ""source-candidate:1ae4ad9ec54136cbf67a"", ""right_source_candidate_id"": ""source-candidate:9016aa23c09da0c15b48"", ""signals"": [], ""conflicts"": [""entity_type_conflict""], ""merge_eligible"": false}, {""left_source_candidate_id"": ""source-candidate:31fbedeed6ea9f4155e6"", ""right_source_candidate_id"": ""source-candidate:9016aa23c09da0c15b48"", ""signals"": [], ""conflicts"": [""entity_type_conflict""], ""merge_eligible"": false}, {""left_source_candidate_id"": ""source-candidate:41909866d045208c216e"", ""right_source_candidate_id"": ""source-candidate:9016aa23c09da0c15b48"", ""signals"": [], ""conflicts"": [""entity_type_conflict""], ""merge_eligible"": false}, {""left_source_candidate_id"": ""source-candidate:58ac08f92f70a63d56c1"", ""right_source_candidate_id"": ""source-candidate:9016aa23c09da0c15b48"", ""signals"": [], ""conflicts"": [""entity_type_conflict""], ""merge_eligible"": false}, {""left_source_candidate_id"": ""source-candidate:642c7ee560d4137aeaae"", ""right_source_candidate_id"": ""source-candidate:9016aa23c09da0c15b48"", ""signals"": [], ""conflicts"": [""entity_type_conflict""], ""merge_eligible"": false}, {""left_source_candidate_id"": ""source-candidate:72307300a8c118d5b41f"", ""right_source_candidate_id"": ""source-candidate:9016aa23c09da0c15b48"", ""signals"": [], ""conflicts"": [""entity_type_conflict""], ""merge_eligible"": false}, {""left_source_candidate_id"": ""source-candidate:739639047d0d52a2a71f"", ""right_source_candidate_id"": ""source-candidate:9016aa23c09da0c15b48"", ""signals"": [], ""conflicts"": [""entity_type_conflict""], ""merge_eligible"": false}, {""left_source_candidate_id"": ""source-candidate:741d510b7f279732b837"", ""right_source_candidate_id"": ""source-candidate:9016aa23c09da0c15b48"", ""signals"": [], ""conflicts"": [""entity_type_conflict""], ""merge_eligible"": false}, {""left_source_candidate_id"": ""source-candidate:78edd6d976dad1317c4a"", ""right_source_candidate_id"": ""source-candidate:9016aa23c09da0c15b48"", ""signals"": [], ""conflicts"": [""entity_type_conflict""], ""merge_eligible"": false}, {""left_source_candidate_id"": ""source-candidate:7ccc80f0da8a2a1d60bb"", ""right_source_candidate_id"": ""source-candidate:9016aa23c09da0c15b48"", ""signals"": [], ""conflicts"": [""entity_type_conflict""], ""merge_eligible"": false}, {""left_source_candidate_id"": ""source-candidate:9016aa23c09da0c15b48"", ""right_source_candidate_id"": ""source-candidate:bb6ab72d7d8da56e7c74"", ""signals"": [], ""conflicts"": [""entity_type_conflict""], ""merge_eligible"": false}, {""left_source_candidate_id"": ""source-candidate:9016aa23c09da0c15b48"", ""right_source_candidate_id"": ""source-candidate:bf1bfc9017829455df3e"", ""signals"": [], ""conflicts"": [""entity_type_conflict""], ""merge_eligible"": false}, {""left_source_candidate_id"": ""source-candidate:9016aa23c09da0c15b48"", ""right_source_candidate_id"": ""source-candidate:ed4bdef69f0116c60052"", ""signals"": [], ""conflicts"": [""entity_type_conflict""], ""merge_eligible"": false}, {""left_source_candidate_id"": ""source-candidate:9016aa23c09da0c15b48"", ""right_source_candidate_id"": ""source-candidate:eeb4647dd122c44467ae"", ""signals"": [], ""conflicts"": [""entity_type_conflict""], ""merge_eligible"": false}, {""left_source_candidate_id"": ""source-candidate:9016aa23c09da0c15b48"", ""right_source_candidate_id"": ""source-candidate:fbfa3148275dd653e929"", ""signals"": [], ""conflicts"": [""entity_type_conflict""], ""merge_eligible"": false}]",,,,,,,,
13,gold-case:5bff298111dd99e91bbe,term-review-task:6d5f6ee2a0cbcd4f2926,resolution-case:d060b08bfb192841beac,부여씨,왕조,"[{""problem_id"": ""cj_v41_0103"", ""full_text"": ""이것은 (가)의 중대성에서 일본의 태정관에 보낸 외교 문서의 사본이다. 문서에는 정당성의 좌윤 하복연 등 주요 사신단의 명단과 두 나라의 우호를 돈독히 하고자 사신을 파견한다는 내용 등이 담겨 있다. 오늘 소개해 주실 자료는 무엇인가요?\n(가) 국가에 대한 설명으로 옳은 것은?\n광군을 창설하여 외침에 대비하였다.\n주자감을 설치하여 인재를 양성하였다.\n골품제라는 엄격한 신분제를 마련하였다.\n9주 5소경의 지방 행정 제도를 갖추었다.\n왕족인 부여씨와 8성의 귀족이 지배층을 이루었다.""}, {""problem_id"": ""cj_v41_0201"", ""full_text"": ""목종 5년에 6위의 직원을 마련하여 두엇는데 뒤에 8양군뉘다 ) 과 용호군짓{로)의 2군을 설치하고, 6위의 위에 엇게 하여다. 뒤에 또 중방을 설치하고 , 2군 ' 6위의 상장군과 대장군이 모두 회합하게 하였다\n다음 군사 제도를 운영한 국가에 대한 설명으로 옳은 것은?\n중정대를 두어 관리를 감찰하였다.\n9주 5소경의 지방 제도를 운영하였다.\n고관들의 합좌 기구인 도병마사를 설치하였다.\n인재를 등용하기 위하여 독서삼품과를 시행하였다.\n왕족인 부여씨와 8성의 귀족이 지배층을 이루었다.""}, {""problem_id"": ""cj_v41_0481"", ""full_text"": ""[기관라의] 관제에는 선조성이 있는데, 좌상국평장소 시중국좌상시 -간의가 소속되어 있다. 중대성에는 우상 우평장소:내사-조고사인이 소속되어 있다. 정당성에는 대내상 1명을좍 우당의 위에 두었고, 좌 우사정 각 1명을 좌-우평장소의 아래에 배치하였다 - 신당서\n다음 제도를 운영한 국가에 대한 설명으로 옳은 것은?\n교육 기관으로 주자감을 두었다.\n신라에 침입한 왜구를 격퇴하였다.\n9서당 10정의 군사 조직을 갖추었다.\n개국, 태창이라는 연호를 사용하였다.\n왕족인 부여씨와 8성의 귀족이 지배층을 이루었다.""}]",source-candidate:7ccc80f0da8a2a1d60bb,AKS:ARTICLE:E0062433:sha256-704d8ea620c542f5,AKS,3,부여씨,body,body_mention,1.0,COMPATIBLE,"[""해구""]","[""解仇""]","[""고대"", ""삼국"", ""백제""]",,,[],Person,"{""headword"": ""해구"", ""origin"": ""解仇"", ""headword_origin"": ""해구(解仇)"", ""primary_type"": ""인물/전통 인물"", ""era"": ""고대/삼국/백제"", ""definition"": ""삼국시대 백제의 병관좌평으로 반란을 일으킨 관리. 대신, 반란자."", ""snippet"": ""사냥을 나가 외숙(外宿)한 틈을 타 몰래 사람을 보내어 왕을 살해하고 전권을 장악하였다. 이로 인하여 부여씨의 백제왕통은 일시 단절되었다. 그러나 한성시대 이래 그 견제세력이었던 진씨(眞氏)가문이 13세""}","[{""left_source_candidate_id"": ""source-candidate:07dc90ff64514d2fe9d3"", ""right_source_candidate_id"": ""source-candidate:7ccc80f0da8a2a1d60bb"", ""signals"": [""era_overlap""], ""conflicts"": [""entity_type_conflict""], ""merge_eligible"": false}, {""left_source_candidate_id"": ""source-candidate:0eecd78a6337cb10748a"", ""right_source_candidate_id"": ""source-candidate:7ccc80f0da8a2a1d60bb"", ""signals"": [], ""conflicts"": [""entity_type_conflict""], ""merge_eligible"": false}, {""left_source_candidate_id"": ""source-candidate:160de71238b7f1358778"", ""right_source_candidate_id"": ""source-candidate:7ccc80f0da8a2a1d60bb"", ""signals"": [""era_overlap""], ""conflicts"": [""entity_type_conflict""], ""merge_eligible"": false}, {""left_source_candidate_id"": ""source-candidate:1ae4ad9ec54136cbf67a"", ""right_source_candidate_id"": ""source-candidate:7ccc80f0da8a2a1d60bb"", ""signals"": [""era_overlap""], ""conflicts"": [""entity_type_conflict""], ""merge_eligible"": false}, {""left_source_candidate_id"": ""source-candidate:2803d31cc7afd42e33c1"", ""right_source_candidate_id"": ""source-candidate:7ccc80f0da8a2a1d60bb"", ""signals"": [], ""conflicts"": [""entity_type_conflict""], ""merge_eligible"": false}, {""left_source_candidate_id"": ""source-candidate:5e7e0bb0d90af1fa4349"", ""right_source_candidate_id"": ""source-candidate:7ccc80f0da8a2a1d60bb"", ""signals"": [""era_overlap""], ""conflicts"": [""entity_type_conflict""], ""merge_eligible"": false}, {""left_source_candidate_id"": ""source-candidate:642c7ee560d4137aeaae"", ""right_source_candidate_id"": ""source-candidate:7ccc80f0da8a2a1d60bb"", ""signals"": [], ""conflicts"": [""entity_type_conflict""], ""merge_eligible"": false}, {""left_source_candidate_id"": ""source-candidate:72307300a8c118d5b41f"", ""right_source_candidate_id"": ""source-candidate:7ccc80f0da8a2a1d60bb"", ""signals"": [""era_overlap""], ""conflicts"": [""entity_type_conflict""], ""merge_eligible"": false}, {""left_source_candidate_id"": ""source-candidate:741d510b7f279732b837"", ""right_source_candidate_id"": ""source-candidate:7ccc80f0da8a2a1d60bb"", ""signals"": [], ""conflicts"": [""entity_type_conflict""], ""merge_eligible"": false}, {""left_source_candidate_id"": ""source-candidate:78edd6d976dad1317c4a"", ""right_source_candidate_id"": ""source-candidate:7ccc80f0da8a2a1d60bb"", ""signals"": [], ""conflicts"": [""entity_type_conflict""], ""merge_eligible"": false}, {""left_source_candidate_id"": ""source-candidate:7ccc80f0da8a2a1d60bb"", ""right_source_candidate_id"": ""source-candidate:9016aa23c09da0c15b48"", ""signals"": [], ""conflicts"": [""entity_type_conflict""], ""merge_eligible"": false}, {""left_source_candidate_id"": ""source-candidate:7ccc80f0da8a2a1d60bb"", ""right_source_candidate_id"": ""source-candidate:eeb4647dd122c44467ae"", ""signals"": [""era_overlap""], ""conflicts"": [""entity_type_conflict""], ""merge_eligible"": false}, {""left_source_candidate_id"": ""source-candidate:7ccc80f0da8a2a1d60bb"", ""right_source_candidate_id"": ""source-candidate:fbfa3148275dd653e929"", ""signals"": [""era_overlap""], ""conflicts"": [""entity_type_conflict""], ""merge_eligible"": false}]",,,,,,,,
13,gold-case:5bff298111dd99e91bbe,term-review-task:6d5f6ee2a0cbcd4f2926,resolution-case:d060b08bfb192841beac,부여씨,왕조,"[{""problem_id"": ""cj_v41_0103"", ""full_text"": ""이것은 (가)의 중대성에서 일본의 태정관에 보낸 외교 문서의 사본이다. 문서에는 정당성의 좌윤 하복연 등 주요 사신단의 명단과 두 나라의 우호를 돈독히 하고자 사신을 파견한다는 내용 등이 담겨 있다. 오늘 소개해 주실 자료는 무엇인가요?\n(가) 국가에 대한 설명으로 옳은 것은?\n광군을 창설하여 외침에 대비하였다.\n주자감을 설치하여 인재를 양성하였다.\n골품제라는 엄격한 신분제를 마련하였다.\n9주 5소경의 지방 행정 제도를 갖추었다.\n왕족인 부여씨와 8성의 귀족이 지배층을 이루었다.""}, {""problem_id"": ""cj_v41_0201"", ""full_text"": ""목종 5년에 6위의 직원을 마련하여 두엇는데 뒤에 8양군뉘다 ) 과 용호군짓{로)의 2군을 설치하고, 6위의 위에 엇게 하여다. 뒤에 또 중방을 설치하고 , 2군 ' 6위의 상장군과 대장군이 모두 회합하게 하였다\n다음 군사 제도를 운영한 국가에 대한 설명으로 옳은 것은?\n중정대를 두어 관리를 감찰하였다.\n9주 5소경의 지방 제도를 운영하였다.\n고관들의 합좌 기구인 도병마사를 설치하였다.\n인재를 등용하기 위하여 독서삼품과를 시행하였다.\n왕족인 부여씨와 8성의 귀족이 지배층을 이루었다.""}, {""problem_id"": ""cj_v41_0481"", ""full_text"": ""[기관라의] 관제에는 선조성이 있는데, 좌상국평장소 시중국좌상시 -간의가 소속되어 있다. 중대성에는 우상 우평장소:내사-조고사인이 소속되어 있다. 정당성에는 대내상 1명을좍 우당의 위에 두었고, 좌 우사정 각 1명을 좌-우평장소의 아래에 배치하였다 - 신당서\n다음 제도를 운영한 국가에 대한 설명으로 옳은 것은?\n교육 기관으로 주자감을 두었다.\n신라에 침입한 왜구를 격퇴하였다.\n9서당 10정의 군사 조직을 갖추었다.\n개국, 태창이라는 연호를 사용하였다.\n왕족인 부여씨와 8성의 귀족이 지배층을 이루었다.""}]",source-candidate:739639047d0d52a2a71f,AKS:ARTICLE:E0065914:sha256-704d8ea620c542f5,AKS,4,부여씨,body,body_mention,1.0,COMPATIBLE,"[""흑치문대""]","[""黑齒文大""]","[""고대"", ""삼국"", ""백제""]",,,[],Person,"{""headword"": ""흑치문대"", ""origin"": ""黑齒文大"", ""headword_origin"": ""흑치문대(黑齒文大)"", ""primary_type"": ""인물/전통 인물"", ""era"": ""고대/삼국/백제"", ""definition"": ""삼국시대 백제의 흑치상지 장군의 증조부로 달솔을 역임한 관리."", ""snippet"": ""흑치상지 묘지명(黑齒常之墓誌銘)](E0065917)이 유일하다. 이에 의하면 흑치씨는 원래 왕족 부여씨(扶餘氏)였다가 흑치 지역에 분봉(分封)되었기 때문에 자손들이 흑치를 씨(氏)로 삼았다고 적고 있다. 하""}","[{""left_source_candidate_id"": ""source-candidate:07dc90ff64514d2fe9d3"", ""right_source_candidate_id"": ""source-candidate:739639047d0d52a2a71f"", ""signals"": [""era_overlap""], ""conflicts"": [""entity_type_conflict""], ""merge_eligible"": false}, {""left_source_candidate_id"": ""source-candidate:0eecd78a6337cb10748a"", ""right_source_candidate_id"": ""source-candidate:739639047d0d52a2a71f"", ""signals"": [], ""conflicts"": [""entity_type_conflict""], ""merge_eligible"": false}, {""left_source_candidate_id"": ""source-candidate:160de71238b7f1358778"", ""right_source_candidate_id"": ""source-candidate:739639047d0d52a2a71f"", ""signals"": [""era_overlap""], ""conflicts"": [""entity_type_conflict""], ""merge_eligible"": false}, {""left_source_candidate_id"": ""source-candidate:1ae4ad9ec54136cbf67a"", ""right_source_candidate_id"": ""source-candidate:739639047d0d52a2a71f"", ""signals"": [""era_overlap""], ""conflicts"": [""entity_type_conflict""], ""merge_eligible"": false}, {""left_source_candidate_id"": ""source-candidate:2803d31cc7afd42e33c1"", ""right_source_candidate_id"": ""source-candidate:739639047d0d52a2a71f"", ""signals"": [], ""conflicts"": [""entity_type_conflict""], ""merge_eligible"": false}, {""left_source_candidate_id"": ""source-candidate:5e7e0bb0d90af1fa4349"", ""right_source_candidate_id"": ""source-candidate:739639047d0d52a2a71f"", ""signals"": [""era_overlap""], ""conflicts"": [""entity_type_conflict""], ""merge_eligible"": false}, {""left_source_candidate_id"": ""source-candidate:642c7ee560d4137aeaae"", ""right_source_candidate_id"": ""source-candidate:739639047d0d52a2a71f"", ""signals"": [], ""conflicts"": [""entity_type_conflict""], ""merge_eligible"": false}, {""left_source_candidate_id"": ""source-candidate:72307300a8c118d5b41f"", ""right_source_candidate_id"": ""source-candidate:739639047d0d52a2a71f"", ""signals"": [""era_overlap""], ""conflicts"": [""entity_type_conflict""], ""merge_eligible"": false}, {""left_source_candidate_id"": ""source-candidate:739639047d0d52a2a71f"", ""right_source_candidate_id"": ""source-candidate:741d510b7f279732b837"", ""signals"": [], ""conflicts"": [""entity_type_conflict""], ""merge_eligible"": false}, {""left_source_candidate_id"": ""source-candidate:739639047d0d52a2a71f"", ""right_source_candidate_id"": ""source-candidate:78edd6d976dad1317c4a"", ""signals"": [], ""conflicts"": [""entity_type_conflict""], ""merge_eligible"": false}, {""left_source_candidate_id"": ""source-candidate:739639047d0d52a2a71f"", ""right_source_candidate_id"": ""source-candidate:9016aa23c09da0c15b48"", ""signals"": [], ""conflicts"": [""entity_type_conflict""], ""merge_eligible"": false}, {""left_source_candidate_id"": ""source-candidate:739639047d0d52a2a71f"", ""right_source_candidate_id"": ""source-candidate:eeb4647dd122c44467ae"", ""signals"": [""era_overlap""], ""conflicts"": [""entity_type_conflict""], ""merge_eligible"": false}, {""left_source_candidate_id"": ""source-candidate:739639047d0d52a2a71f"", ""right_source_candidate_id"": ""source-candidate:fbfa3148275dd653e929"", ""signals"": [""era_overlap""], ""conflicts"": [""entity_type_conflict""], ""merge_eligible"": false}]",,,,,,,,
13,gold-case:5bff298111dd99e91bbe,term-review-task:6d5f6ee2a0cbcd4f2926,resolution-case:d060b08bfb192841beac,부여씨,왕조,"[{""problem_id"": ""cj_v41_0103"", ""full_text"": ""이것은 (가)의 중대성에서 일본의 태정관에 보낸 외교 문서의 사본이다. 문서에는 정당성의 좌윤 하복연 등 주요 사신단의 명단과 두 나라의 우호를 돈독히 하고자 사신을 파견한다는 내용 등이 담겨 있다. 오늘 소개해 주실 자료는 무엇인가요?\n(가) 국가에 대한 설명으로 옳은 것은?\n광군을 창설하여 외침에 대비하였다.\n주자감을 설치하여 인재를 양성하였다.\n골품제라는 엄격한 신분제를 마련하였다.\n9주 5소경의 지방 행정 제도를 갖추었다.\n왕족인 부여씨와 8성의 귀족이 지배층을 이루었다.""}, {""problem_id"": ""cj_v41_0201"", ""full_text"": ""목종 5년에 6위의 직원을 마련하여 두엇는데 뒤에 8양군뉘다 ) 과 용호군짓{로)의 2군을 설치하고, 6위의 위에 엇게 하여다. 뒤에 또 중방을 설치하고 , 2군 ' 6위의 상장군과 대장군이 모두 회합하게 하였다\n다음 군사 제도를 운영한 국가에 대한 설명으로 옳은 것은?\n중정대를 두어 관리를 감찰하였다.\n9주 5소경의 지방 제도를 운영하였다.\n고관들의 합좌 기구인 도병마사를 설치하였다.\n인재를 등용하기 위하여 독서삼품과를 시행하였다.\n왕족인 부여씨와 8성의 귀족이 지배층을 이루었다.""}, {""problem_id"": ""cj_v41_0481"", ""full_text"": ""[기관라의] 관제에는 선조성이 있는데, 좌상국평장소 시중국좌상시 -간의가 소속되어 있다. 중대성에는 우상 우평장소:내사-조고사인이 소속되어 있다. 정당성에는 대내상 1명을좍 우당의 위에 두었고, 좌 우사정 각 1명을 좌-우평장소의 아래에 배치하였다 - 신당서\n다음 제도를 운영한 국가에 대한 설명으로 옳은 것은?\n교육 기관으로 주자감을 두었다.\n신라에 침입한 왜구를 격퇴하였다.\n9서당 10정의 군사 조직을 갖추었다.\n개국, 태창이라는 연호를 사용하였다.\n왕족인 부여씨와 8성의 귀족이 지배층을 이루었다.""}]",source-candidate:bf1bfc9017829455df3e,AKS:ARTICLE:E0065915:sha256-704d8ea620c542f5,AKS,5,부여씨,body,body_mention,1.0,COMPATIBLE,"[""흑치사자黑齒沙子"", ""흑치사차""]","[""黑齒沙次"", ""黑齒沙子""]","[""고대"", ""삼국"", ""백제""]",,,[],Person,"{""headword"": ""흑치사차"", ""aliases"": [""흑치사자(黑齒沙子)""], ""origin"": ""黑齒沙次"", ""headword_origin"": ""흑치사차(黑齒沙次)"", ""primary_type"": ""인물/전통 인물"", ""era"": ""고대/삼국/백제"", ""definition"": ""삼국시대 백제의 흑치상지 장군의 부친으로 달솔을 역임한 관리."", ""snippet"": ""찬자가 서로 다른 데서 나온 표기상의 차이일 뿐이다. 「흑치상지묘지명」에 따르면 흑치씨는 원래 왕족 부여씨(扶餘氏)였다가 흑치 지역에 분봉(分封)되었기 때문에 흑치를 씨(氏)로 삼았다고 적고 있다. 그 시기는 정""}","[{""left_source_candidate_id"": ""source-candidate:07dc90ff64514d2fe9d3"", ""right_source_candidate_id"": ""source-candidate:bf1bfc9017829455df3e"", ""signals"": [""era_overlap""], ""conflicts"": [""entity_type_conflict""], ""merge_eligible"": false}, {""left_source_candidate_id"": ""source-candidate:0eecd78a6337cb10748a"", ""right_source_candidate_id"": ""source-candidate:bf1bfc9017829455df3e"", ""signals"": [], ""conflicts"": [""entity_type_conflict""], ""merge_eligible"": false}, {""left_source_candidate_id"": ""source-candidate:160de71238b7f1358778"", ""right_source_candidate_id"": ""source-candidate:bf1bfc9017829455df3e"", ""signals"": [""era_overlap""], ""conflicts"": [""entity_type_conflict""], ""merge_eligible"": false}, {""left_source_candidate_id"": ""source-candidate:1ae4ad9ec54136cbf67a"", ""right_source_candidate_id"": ""source-candidate:bf1bfc9017829455df3e"", ""signals"": [""era_overlap""], ""conflicts"": [""entity_type_conflict""], ""merge_eligible"": false}, {""left_source_candidate_id"": ""source-candidate:2803d31cc7afd42e33c1"", ""right_source_candidate_id"": ""source-candidate:bf1bfc9017829455df3e"", ""signals"": [], ""conflicts"": [""entity_type_conflict""], ""merge_eligible"": false}, {""left_source_candidate_id"": ""source-candidate:5e7e0bb0d90af1fa4349"", ""right_source_candidate_id"": ""source-candidate:bf1bfc9017829455df3e"", ""signals"": [""era_overlap""], ""conflicts"": [""entity_type_conflict""], ""merge_eligible"": false}, {""left_source_candidate_id"": ""source-candidate:642c7ee560d4137aeaae"", ""right_source_candidate_id"": ""source-candidate:bf1bfc9017829455df3e"", ""signals"": [], ""conflicts"": [""entity_type_conflict""], ""merge_eligible"": false}, {""left_source_candidate_id"": ""source-candidate:72307300a8c118d5b41f"", ""right_source_candidate_id"": ""source-candidate:bf1bfc9017829455df3e"", ""signals"": [""era_overlap""], ""conflicts"": [""entity_type_conflict""], ""merge_eligible"": false}, {""left_source_candidate_id"": ""source-candidate:741d510b7f279732b837"", ""right_source_candidate_id"": ""source-candidate:bf1bfc9017829455df3e"", ""signals"": [], ""conflicts"": [""entity_type_conflict""], ""merge_eligible"": false}, {""left_source_candidate_id"": ""source-candidate:78edd6d976dad1317c4a"", ""right_source_candidate_id"": ""source-candidate:bf1bfc9017829455df3e"", ""signals"": [], ""conflicts"": [""entity_type_conflict""], ""merge_eligible"": false}, {""left_source_candidate_id"": ""source-candidate:9016aa23c09da0c15b48"", ""right_source_candidate_id"": ""source-candidate:bf1bfc9017829455df3e"", ""signals"": [], ""conflicts"": [""entity_type_conflict""], ""merge_eligible"": false}, {""left_source_candidate_id"": ""source-candidate:bf1bfc9017829455df3e"", ""right_source_candidate_id"": ""source-candidate:eeb4647dd122c44467ae"", ""signals"": [""era_overlap""], ""conflicts"": [""entity_type_conflict""], ""merge_eligible"": false}, {""left_source_candidate_id"": ""source-candidate:bf1bfc9017829455df3e"", ""right_source_candidate_id"": ""source-candidate:fbfa3148275dd653e929"", ""signals"": [""era_overlap""], ""conflicts"": [""entity_type_conflict""], ""merge_eligible"": false}]",,,,,,,,
13,gold-case:5bff298111dd99e91bbe,term-review-task:6d5f6ee2a0cbcd4f2926,resolution-case:d060b08bfb192841beac,부여씨,왕조,"[{""problem_id"": ""cj_v41_0103"", ""full_text"": ""이것은 (가)의 중대성에서 일본의 태정관에 보낸 외교 문서의 사본이다. 문서에는 정당성의 좌윤 하복연 등 주요 사신단의 명단과 두 나라의 우호를 돈독히 하고자 사신을 파견한다는 내용 등이 담겨 있다. 오늘 소개해 주실 자료는 무엇인가요?\n(가) 국가에 대한 설명으로 옳은 것은?\n광군을 창설하여 외침에 대비하였다.\n주자감을 설치하여 인재를 양성하였다.\n골품제라는 엄격한 신분제를 마련하였다.\n9주 5소경의 지방 행정 제도를 갖추었다.\n왕족인 부여씨와 8성의 귀족이 지배층을 이루었다.""}, {""problem_id"": ""cj_v41_0201"", ""full_text"": ""목종 5년에 6위의 직원을 마련하여 두엇는데 뒤에 8양군뉘다 ) 과 용호군짓{로)의 2군을 설치하고, 6위의 위에 엇게 하여다. 뒤에 또 중방을 설치하고 , 2군 ' 6위의 상장군과 대장군이 모두 회합하게 하였다\n다음 군사 제도를 운영한 국가에 대한 설명으로 옳은 것은?\n중정대를 두어 관리를 감찰하였다.\n9주 5소경의 지방 제도를 운영하였다.\n고관들의 합좌 기구인 도병마사를 설치하였다.\n인재를 등용하기 위하여 독서삼품과를 시행하였다.\n왕족인 부여씨와 8성의 귀족이 지배층을 이루었다.""}, {""problem_id"": ""cj_v41_0481"", ""full_text"": ""[기관라의] 관제에는 선조성이 있는데, 좌상국평장소 시중국좌상시 -간의가 소속되어 있다. 중대성에는 우상 우평장소:내사-조고사인이 소속되어 있다. 정당성에는 대내상 1명을좍 우당의 위에 두었고, 좌 우사정 각 1명을 좌-우평장소의 아래에 배치하였다 - 신당서\n다음 제도를 운영한 국가에 대한 설명으로 옳은 것은?\n교육 기관으로 주자감을 두었다.\n신라에 침입한 왜구를 격퇴하였다.\n9서당 10정의 군사 조직을 갖추었다.\n개국, 태창이라는 연호를 사용하였다.\n왕족인 부여씨와 8성의 귀족이 지배층을 이루었다.""}]",source-candidate:58ac08f92f70a63d56c1,AKS:ARTICLE:E0065920:sha256-704d8ea620c542f5,AKS,6,부여씨,body,body_mention,1.0,COMPATIBLE,"[""흑치가해黑齒加亥"", ""흑치현덕""]","[""黑齒顯德"", ""黑齒加亥""]","[""고대"", ""삼국"", ""백제""]",,,[],Person,"{""headword"": ""흑치현덕"", ""aliases"": [""흑치가해(黑齒加亥)""], ""origin"": ""黑齒顯德"", ""headword_origin"": ""흑치현덕(黑齒顯德)"", ""primary_type"": ""인물/전통 인물"", ""era"": ""고대/삼국/백제"", ""definition"": ""삼국시대 백제의 흑치상지 장군의 조부로 달솔을 역임한 관리."", ""snippet"": ""에 가해에서 현덕으로 개명했기 때문으로 추측된다. 「흑치상지 묘지명」에 따르면 흑치씨는 원래 왕족 부여씨(扶餘氏)였다가 흑치 지역에 분봉(分封)되었기 때문에 흑치를 씨(氏)로 삼았다고 적고 있다. 이는 그 시기""}","[{""left_source_candidate_id"": ""source-candidate:07dc90ff64514d2fe9d3"", ""right_source_candidate_id"": ""source-candidate:58ac08f92f70a63d56c1"", ""signals"": [""era_overlap""], ""conflicts"": [""entity_type_conflict""], ""merge_eligible"": false}, {""left_source_candidate_id"": ""source-candidate:0eecd78a6337cb10748a"", ""right_source_candidate_id"": ""source-candidate:58ac08f92f70a63d56c1"", ""signals"": [], ""conflicts"": [""entity_type_conflict""], ""merge_eligible"": false}, {""left_source_candidate_id"": ""source-candidate:160de71238b7f1358778"", ""right_source_candidate_id"": ""source-candidate:58ac08f92f70a63d56c1"", ""signals"": [""era_overlap""], ""conflicts"": [""entity_type_conflict""], ""merge_eligible"": false}, {""left_source_candidate_id"": ""source-candidate:1ae4ad9ec54136cbf67a"", ""right_source_candidate_id"": ""source-candidate:58ac08f92f70a63d56c1"", ""signals"": [""era_overlap""], ""conflicts"": [""entity_type_conflict""], ""merge_eligible"": false}, {""left_source_candidate_id"": ""source-candidate:2803d31cc7afd42e33c1"", ""right_source_candidate_id"": ""source-candidate:58ac08f92f70a63d56c1"", ""signals"": [], ""conflicts"": [""entity_type_conflict""], ""merge_eligible"": false}, {""left_source_candidate_id"": ""source-candidate:58ac08f92f70a63d56c1"", ""right_source_candidate_id"": ""source-candidate:5e7e0bb0d90af1fa4349"", ""signals"": [""era_overlap""], ""conflicts"": [""entity_type_conflict""], ""merge_eligible"": false}, {""left_source_candidate_id"": ""source-candidate:58ac08f92f70a63d56c1"", ""right_source_candidate_id"": ""source-candidate:642c7ee560d4137aeaae"", ""signals"": [], ""conflicts"": [""entity_type_conflict""], ""merge_eligible"": false}, {""left_source_candidate_id"": ""source-candidate:58ac08f92f70a63d56c1"", ""right_source_candidate_id"": ""source-candidate:72307300a8c118d5b41f"", ""signals"": [""era_overlap""], ""conflicts"": [""entity_type_conflict""], ""merge_eligible"": false}, {""left_source_candidate_id"": ""source-candidate:58ac08f92f70a63d56c1"", ""right_source_candidate_id"": ""source-candidate:741d510b7f279732b837"", ""signals"": [], ""conflicts"": [""entity_type_conflict""], ""merge_eligible"": false}, {""left_source_candidate_id"": ""source-candidate:58ac08f92f70a63d56c1"", ""right_source_candidate_id"": ""source-candidate:78edd6d976dad1317c4a"", ""signals"": [], ""conflicts"": [""entity_type_conflict""], ""merge_eligible"": false}, {""left_source_candidate_id"": ""source-candidate:58ac08f92f70a63d56c1"", ""right_source_candidate_id"": ""source-candidate:9016aa23c09da0c15b48"", ""signals"": [], ""conflicts"": [""entity_type_conflict""], ""merge_eligible"": false}, {""left_source_candidate_id"": ""source-candidate:58ac08f92f70a63d56c1"", ""right_source_candidate_id"": ""source-candidate:eeb4647dd122c44467ae"", ""signals"": [""era_overlap""], ""conflicts"": [""entity_type_conflict""], ""merge_eligible"": false}, {""left_source_candidate_id"": ""source-candidate:58ac08f92f70a63d56c1"", ""right_source_candidate_id"": ""source-candidate:fbfa3148275dd653e929"", ""signals"": [""era_overlap""], ""conflicts"": [""entity_type_conflict""], ""merge_eligible"": false}]",,,,,,,,
13,gold-case:5bff298111dd99e91bbe,term-review-task:6d5f6ee2a0cbcd4f2926,resolution-case:d060b08bfb192841beac,부여씨,왕조,"[{""problem_id"": ""cj_v41_0103"", ""full_text"": ""이것은 (가)의 중대성에서 일본의 태정관에 보낸 외교 문서의 사본이다. 문서에는 정당성의 좌윤 하복연 등 주요 사신단의 명단과 두 나라의 우호를 돈독히 하고자 사신을 파견한다는 내용 등이 담겨 있다. 오늘 소개해 주실 자료는 무엇인가요?\n(가) 국가에 대한 설명으로 옳은 것은?\n광군을 창설하여 외침에 대비하였다.\n주자감을 설치하여 인재를 양성하였다.\n골품제라는 엄격한 신분제를 마련하였다.\n9주 5소경의 지방 행정 제도를 갖추었다.\n왕족인 부여씨와 8성의 귀족이 지배층을 이루었다.""}, {""problem_id"": ""cj_v41_0201"", ""full_text"": ""목종 5년에 6위의 직원을 마련하여 두엇는데 뒤에 8양군뉘다 ) 과 용호군짓{로)의 2군을 설치하고, 6위의 위에 엇게 하여다. 뒤에 또 중방을 설치하고 , 2군 ' 6위의 상장군과 대장군이 모두 회합하게 하였다\n다음 군사 제도를 운영한 국가에 대한 설명으로 옳은 것은?\n중정대를 두어 관리를 감찰하였다.\n9주 5소경의 지방 제도를 운영하였다.\n고관들의 합좌 기구인 도병마사를 설치하였다.\n인재를 등용하기 위하여 독서삼품과를 시행하였다.\n왕족인 부여씨와 8성의 귀족이 지배층을 이루었다.""}, {""problem_id"": ""cj_v41_0481"", ""full_text"": ""[기관라의] 관제에는 선조성이 있는데, 좌상국평장소 시중국좌상시 -간의가 소속되어 있다. 중대성에는 우상 우평장소:내사-조고사인이 소속되어 있다. 정당성에는 대내상 1명을좍 우당의 위에 두었고, 좌 우사정 각 1명을 좌-우평장소의 아래에 배치하였다 - 신당서\n다음 제도를 운영한 국가에 대한 설명으로 옳은 것은?\n교육 기관으로 주자감을 두었다.\n신라에 침입한 왜구를 격퇴하였다.\n9서당 10정의 군사 조직을 갖추었다.\n개국, 태창이라는 연호를 사용하였다.\n왕족인 부여씨와 8성의 귀족이 지배층을 이루었다.""}]",source-candidate:741d510b7f279732b837,AKS:ARTICLE:E0000151:sha256-704d8ea620c542f5,AKS,7,부여,name,name_ngram,0.471,COMPATIBLE,"[""가림"", ""부여""]","[""嘉林""]",[],,,[],Place,"{""headword"": ""가림"", ""aliases"": [""부여""], ""origin"": ""嘉林"", ""headword_origin"": ""가림(嘉林)"", ""primary_type"": ""지명/고지명"", ""era"": ""미상"", ""definition"": ""충청남도 부여 지역의 옛 지명.""}","[{""left_source_candidate_id"": ""source-candidate:160de71238b7f1358778"", ""right_source_candidate_id"": ""source-candidate:741d510b7f279732b837"", ""signals"": [], ""conflicts"": [""entity_type_conflict""], ""merge_eligible"": false}, {""left_source_candidate_id"": ""source-candidate:2803d31cc7afd42e33c1"", ""right_source_candidate_id"": ""source-candidate:741d510b7f279732b837"", ""signals"": [], ""conflicts"": [""entity_type_conflict""], ""merge_eligible"": false}, {""left_source_candidate_id"": ""source-candidate:31fbedeed6ea9f4155e6"", ""right_source_candidate_id"": ""source-candidate:741d510b7f279732b837"", ""signals"": [], ""conflicts"": [""entity_type_conflict""], ""merge_eligible"": false}, {""left_source_candidate_id"": ""source-candidate:41909866d045208c216e"", ""right_source_candidate_id"": ""source-candidate:741d510b7f279732b837"", ""signals"": [], ""conflicts"": [""entity_type_conflict""], ""merge_eligible"": false}, {""left_source_candidate_id"": ""source-candidate:58ac08f92f70a63d56c1"", ""right_source_candidate_id"": ""source-candidate:741d510b7f279732b837"", ""signals"": [], ""conflicts"": [""entity_type_conflict""], ""merge_eligible"": false}, {""left_source_candidate_id"": ""source-candidate:5e7e0bb0d90af1fa4349"", ""right_source_candidate_id"": ""source-candidate:741d510b7f279732b837"", ""signals"": [], ""conflicts"": [""entity_type_conflict""], ""merge_eligible"": false}, {""left_source_candidate_id"": ""source-candidate:642c7ee560d4137aeaae"", ""right_source_candidate_id"": ""source-candidate:741d510b7f279732b837"", ""signals"": [], ""conflicts"": [""entity_type_conflict""], ""merge_eligible"": false}, {""left_source_candidate_id"": ""source-candidate:739639047d0d52a2a71f"", ""right_source_candidate_id"": ""source-candidate:741d510b7f279732b837"", ""signals"": [], ""conflicts"": [""entity_type_conflict""], ""merge_eligible"": false}, {""left_source_candidate_id"": ""source-candidate:741d510b7f279732b837"", ""right_source_candidate_id"": ""source-candidate:78edd6d976dad1317c4a"", ""signals"": [], ""conflicts"": [""entity_type_conflict""], ""merge_eligible"": false}, {""left_source_candidate_id"": ""source-candidate:741d510b7f279732b837"", ""right_source_candidate_id"": ""source-candidate:7ccc80f0da8a2a1d60bb"", ""signals"": [], ""conflicts"": [""entity_type_conflict""], ""merge_eligible"": false}, {""left_source_candidate_id"": ""source-candidate:741d510b7f279732b837"", ""right_source_candidate_id"": ""source-candidate:9016aa23c09da0c15b48"", ""signals"": [], ""conflicts"": [""entity_type_conflict""], ""merge_eligible"": false}, {""left_source_candidate_id"": ""source-candidate:741d510b7f279732b837"", ""right_source_candidate_id"": ""source-candidate:bb6ab72d7d8da56e7c74"", ""signals"": [], ""conflicts"": [""entity_type_conflict""], ""merge_eligible"": false}, {""left_source_candidate_id"": ""source-candidate:741d510b7f279732b837"", ""right_source_candidate_id"": ""source-candidate:bf1bfc9017829455df3e"", ""signals"": [], ""conflicts"": [""entity_type_conflict""], ""merge_eligible"": false}, {""left_source_candidate_id"": ""source-candidate:741d510b7f279732b837"", ""right_source_candidate_id"": ""source-candidate:ed4bdef69f0116c60052"", ""signals"": [], ""conflicts"": [""entity_type_conflict""], ""merge_eligible"": false}, {""left_source_candidate_id"": ""source-candidate:741d510b7f279732b837"", ""right_source_candidate_id"": ""source-candidate:eeb4647dd122c44467ae"", ""signals"": [], ""conflicts"": [""entity_type_conflict""], ""merge_eligible"": false}, {""left_source_candidate_id"": ""source-candidate:741d510b7f279732b837"", ""right_source_candidate_id"": ""source-candidate:fbfa3148275dd653e929"", ""signals"": [], ""conflicts"": [""entity_type_conflict""], ""merge_eligible"": false}]",,,,,,,,
13,gold-case:5bff298111dd99e91bbe,term-review-task:6d5f6ee2a0cbcd4f2926,resolution-case:d060b08bfb192841beac,부여씨,왕조,"[{""problem_id"": ""cj_v41_0103"", ""full_text"": ""이것은 (가)의 중대성에서 일본의 태정관에 보낸 외교 문서의 사본이다. 문서에는 정당성의 좌윤 하복연 등 주요 사신단의 명단과 두 나라의 우호를 돈독히 하고자 사신을 파견한다는 내용 등이 담겨 있다. 오늘 소개해 주실 자료는 무엇인가요?\n(가) 국가에 대한 설명으로 옳은 것은?\n광군을 창설하여 외침에 대비하였다.\n주자감을 설치하여 인재를 양성하였다.\n골품제라는 엄격한 신분제를 마련하였다.\n9주 5소경의 지방 행정 제도를 갖추었다.\n왕족인 부여씨와 8성의 귀족이 지배층을 이루었다.""}, {""problem_id"": ""cj_v41_0201"", ""full_text"": ""목종 5년에 6위의 직원을 마련하여 두엇는데 뒤에 8양군뉘다 ) 과 용호군짓{로)의 2군을 설치하고, 6위의 위에 엇게 하여다. 뒤에 또 중방을 설치하고 , 2군 ' 6위의 상장군과 대장군이 모두 회합하게 하였다\n다음 군사 제도를 운영한 국가에 대한 설명으로 옳은 것은?\n중정대를 두어 관리를 감찰하였다.\n9주 5소경의 지방 제도를 운영하였다.\n고관들의 합좌 기구인 도병마사를 설치하였다.\n인재를 등용하기 위하여 독서삼품과를 시행하였다.\n왕족인 부여씨와 8성의 귀족이 지배층을 이루었다.""}, {""problem_id"": ""cj_v41_0481"", ""full_text"": ""[기관라의] 관제에는 선조성이 있는데, 좌상국평장소 시중국좌상시 -간의가 소속되어 있다. 중대성에는 우상 우평장소:내사-조고사인이 소속되어 있다. 정당성에는 대내상 1명을좍 우당의 위에 두었고, 좌 우사정 각 1명을 좌-우평장소의 아래에 배치하였다 - 신당서\n다음 제도를 운영한 국가에 대한 설명으로 옳은 것은?\n교육 기관으로 주자감을 두었다.\n신라에 침입한 왜구를 격퇴하였다.\n9서당 10정의 군사 조직을 갖추었다.\n개국, 태창이라는 연호를 사용하였다.\n왕족인 부여씨와 8성의 귀족이 지배층을 이루었다.""}]",source-candidate:0eecd78a6337cb10748a,THESAURUS:TERM:24329:sha256-1022516a18f91e61,THESAURUS,8,부여부,name,name_ngram,0.455,UNKNOWN,"[""부여부""]","[""扶餘府""]","[""남북국시대""]",,,[],Place,"{""term_name"": ""부여부"", ""hanja"": ""扶餘府"", ""era"": ""남북국시대"", ""thesaurus_category"": ""지명"", ""description"": ""발해의 지방행정구역인 15부(府) 중의 하나. 부여(扶餘)의 옛땅에 설치됨."", ""term_year"": ""669-918""}","[{""left_source_candidate_id"": ""source-candidate:0eecd78a6337cb10748a"", ""right_source_candidate_id"": ""source-candidate:160de71238b7f1358778"", ""signals"": [], ""conflicts"": [""entity_type_conflict""], ""merge_eligible"": false}, {""left_source_candidate_id"": ""source-candidate:0eecd78a6337cb10748a"", ""right_source_candidate_id"": ""source-candidate:2803d31cc7afd42e33c1"", ""signals"": [], ""conflicts"": [""entity_type_conflict""], ""merge_eligible"": false}, {""left_source_candidate_id"": ""source-candidate:0eecd78a6337cb10748a"", ""right_source_candidate_id"": ""source-candidate:31fbedeed6ea9f4155e6"", ""signals"": [], ""conflicts"": [""entity_type_conflict""], ""merge_eligible"": false}, {""left_source_candidate_id"": ""source-candidate:0eecd78a6337cb10748a"", ""right_source_candidate_id"": ""source-candidate:41909866d045208c216e"", ""signals"": [], ""conflicts"": [""entity_type_conflict""], ""merge_eligible"": false}, {""left_source_candidate_id"": ""source-candidate:0eecd78a6337cb10748a"", ""right_source_candidate_id"": ""source-candidate:58ac08f92f70a63d56c1"", ""signals"": [], ""conflicts"": [""entity_type_conflict""], ""merge_eligible"": false}, {""left_source_candidate_id"": ""source-candidate:0eecd78a6337cb10748a"", ""right_source_candidate_id"": ""source-candidate:5e7e0bb0d90af1fa4349"", ""signals"": [""normalized_name_match"", ""hanja_match""], ""conflicts"": [""entity_type_conflict""], ""merge_eligible"": false}, {""left_source_candidate_id"": ""source-candidate:0eecd78a6337cb10748a"", ""right_source_candidate_id"": ""source-candidate:642c7ee560d4137aeaae"", ""signals"": [], ""conflicts"": [""entity_type_conflict""], ""merge_eligible"": false}, {""left_source_candidate_id"": ""source-candidate:0eecd78a6337cb10748a"", ""right_source_candidate_id"": ""source-candidate:739639047d0d52a2a71f"", ""signals"": [], ""conflicts"": [""entity_type_conflict""], ""merge_eligible"": false}, {""left_source_candidate_id"": ""source-candidate:0eecd78a6337cb10748a"", ""right_source_candidate_id"": ""source-candidate:78edd6d976dad1317c4a"", ""signals"": [], ""conflicts"": [""entity_type_conflict""], ""merge_eligible"": false}, {""left_source_candidate_id"": ""source-candidate:0eecd78a6337cb10748a"", ""right_source_candidate_id"": ""source-candidate:7ccc80f0da8a2a1d60bb"", ""signals"": [], ""conflicts"": [""entity_type_conflict""], ""merge_eligible"": false}, {""left_source_candidate_id"": ""source-candidate:0eecd78a6337cb10748a"", ""right_source_candidate_id"": ""source-candidate:9016aa23c09da0c15b48"", ""signals"": [], ""conflicts"": [""entity_type_conflict""], ""merge_eligible"": false}, {""left_source_candidate_id"": ""source-candidate:0eecd78a6337cb10748a"", ""right_source_candidate_id"": ""source-candidate:bb6ab72d7d8da56e7c74"", ""signals"": [], ""conflicts"": [""entity_type_conflict""], ""merge_eligible"": false}, {""left_source_candidate_id"": ""source-candidate:0eecd78a6337cb10748a"", ""right_source_candidate_id"": ""source-candidate:bf1bfc9017829455df3e"", ""signals"": [], ""conflicts"": [""entity_type_conflict""], ""merge_eligible"": false}, {""left_source_candidate_id"": ""source-candidate:0eecd78a6337cb10748a"", ""right_source_candidate_id"": ""source-candidate:ed4bdef69f0116c60052"", ""signals"": [], ""conflicts"": [""entity_type_conflict""], ""merge_eligible"": false}, {""left_source_candidate_id"": ""source-candidate:0eecd78a6337cb10748a"", ""right_source_candidate_id"": ""source-candidate:eeb4647dd122c44467ae"", ""signals"": [], ""conflicts"": [""entity_type_conflict""], ""merge_eligible"": false}, {""left_source_candidate_id"": ""source-candidate:0eecd78a6337cb10748a"", ""right_source_candidate_id"": ""source-candidate:fbfa3148275dd653e929"", ""signals"": [], ""conflicts"": [""entity_type_conflict""], ""merge_eligible"": false}]",,,,,,,,
13,gold-case:5bff298111dd99e91bbe,term-review-task:6d5f6ee2a0cbcd4f2926,resolution-case:d060b08bfb192841beac,부여씨,왕조,"[{""problem_id"": ""cj_v41_0103"", ""full_text"": ""이것은 (가)의 중대성에서 일본의 태정관에 보낸 외교 문서의 사본이다. 문서에는 정당성의 좌윤 하복연 등 주요 사신단의 명단과 두 나라의 우호를 돈독히 하고자 사신을 파견한다는 내용 등이 담겨 있다. 오늘 소개해 주실 자료는 무엇인가요?\n(가) 국가에 대한 설명으로 옳은 것은?\n광군을 창설하여 외침에 대비하였다.\n주자감을 설치하여 인재를 양성하였다.\n골품제라는 엄격한 신분제를 마련하였다.\n9주 5소경의 지방 행정 제도를 갖추었다.\n왕족인 부여씨와 8성의 귀족이 지배층을 이루었다.""}, {""problem_id"": ""cj_v41_0201"", ""full_text"": ""목종 5년에 6위의 직원을 마련하여 두엇는데 뒤에 8양군뉘다 ) 과 용호군짓{로)의 2군을 설치하고, 6위의 위에 엇게 하여다. 뒤에 또 중방을 설치하고 , 2군 ' 6위의 상장군과 대장군이 모두 회합하게 하였다\n다음 군사 제도를 운영한 국가에 대한 설명으로 옳은 것은?\n중정대를 두어 관리를 감찰하였다.\n9주 5소경의 지방 제도를 운영하였다.\n고관들의 합좌 기구인 도병마사를 설치하였다.\n인재를 등용하기 위하여 독서삼품과를 시행하였다.\n왕족인 부여씨와 8성의 귀족이 지배층을 이루었다.""}, {""problem_id"": ""cj_v41_0481"", ""full_text"": ""[기관라의] 관제에는 선조성이 있는데, 좌상국평장소 시중국좌상시 -간의가 소속되어 있다. 중대성에는 우상 우평장소:내사-조고사인이 소속되어 있다. 정당성에는 대내상 1명을좍 우당의 위에 두었고, 좌 우사정 각 1명을 좌-우평장소의 아래에 배치하였다 - 신당서\n다음 제도를 운영한 국가에 대한 설명으로 옳은 것은?\n교육 기관으로 주자감을 두었다.\n신라에 침입한 왜구를 격퇴하였다.\n9서당 10정의 군사 조직을 갖추었다.\n개국, 태창이라는 연호를 사용하였다.\n왕족인 부여씨와 8성의 귀족이 지배층을 이루었다.""}]",source-candidate:1ae4ad9ec54136cbf67a,AKS:ARTICLE:E0016523:sha256-704d8ea620c542f5,AKS,9,동부여,name,name_ngram,0.421667,COMPATIBLE,"[""동부여""]","[""東夫餘""]","[""고대"", ""초기국가"", ""부여""]",,,[],Place,"{""headword"": ""동부여"", ""origin"": ""東夫餘"", ""headword_origin"": ""동부여(東夫餘)"", ""primary_type"": ""지명/국가"", ""era"": ""고대/초기국가/부여"", ""definition"": ""고대 부여족(夫餘族)이 두만강 유역에 세운 국가.""}","[{""left_source_candidate_id"": ""source-candidate:0400dd042bd46d567a80"", ""right_source_candidate_id"": ""source-candidate:1ae4ad9ec54136cbf67a"", ""signals"": [""normalized_name_match"", ""hanja_match""], ""conflicts"": [], ""merge_eligible"": true}, {""left_source_candidate_id"": ""source-candidate:160de71238b7f1358778"", ""right_source_candidate_id"": ""source-candidate:1ae4ad9ec54136cbf67a"", ""signals"": [""era_overlap""], ""conflicts"": [""entity_type_conflict""], ""merge_eligible"": false}, {""left_source_candidate_id"": ""source-candidate:1ae4ad9ec54136cbf67a"", ""right_source_candidate_id"": ""source-candidate:2803d31cc7afd42e33c1"", ""signals"": [], ""conflicts"": [""entity_type_conflict""], ""merge_eligible"": false}, {""left_source_candidate_id"": ""source-candidate:1ae4ad9ec54136cbf67a"", ""right_source_candidate_id"": ""source-candidate:31fbedeed6ea9f4155e6"", ""signals"": [""era_overlap""], ""conflicts"": [""entity_type_conflict""], ""merge_eligible"": false}, {""left_source_candidate_id"": ""source-candidate:1ae4ad9ec54136cbf67a"", ""right_source_candidate_id"": ""source-candidate:41909866d045208c216e"", ""signals"": [""era_overlap""], ""conflicts"": [""entity_type_conflict""], ""merge_eligible"": false}, {""left_source_candidate_id"": ""source-candidate:1ae4ad9ec54136cbf67a"", ""right_source_candidate_id"": ""source-candidate:58ac08f92f70a63d56c1"", ""signals"": [""era_overlap""], ""conflicts"": [""entity_type_conflict""], ""merge_eligible"": false}, {""left_source_candidate_id"": ""source-candidate:1ae4ad9ec54136cbf67a"", ""right_source_candidate_id"": ""source-candidate:5e7e0bb0d90af1fa4349"", ""signals"": [""era_overlap""], ""conflicts"": [""entity_type_conflict""], ""merge_eligible"": false}, {""left_source_candidate_id"": ""source-candidate:1ae4ad9ec54136cbf67a"", ""right_source_candidate_id"": ""source-candidate:642c7ee560d4137aeaae"", ""signals"": [], ""conflicts"": [""entity_type_conflict""], ""merge_eligible"": false}, {""left_source_candidate_id"": ""source-candidate:1ae4ad9ec54136cbf67a"", ""right_source_candidate_id"": ""source-candidate:739639047d0d52a2a71f"", ""signals"": [""era_overlap""], ""conflicts"": [""entity_type_conflict""], ""merge_eligible"": false}, {""left_source_candidate_id"": ""source-candidate:1ae4ad9ec54136cbf67a"", ""right_source_candidate_id"": ""source-candidate:78edd6d976dad1317c4a"", ""signals"": [], ""conflicts"": [""entity_type_conflict""], ""merge_eligible"": false}, {""left_source_candidate_id"": ""source-candidate:1ae4ad9ec54136cbf67a"", ""right_source_candidate_id"": ""source-candidate:7ccc80f0da8a2a1d60bb"", ""signals"": [""era_overlap""], ""conflicts"": [""entity_type_conflict""], ""merge_eligible"": false}, {""left_source_candidate_id"": ""source-candidate:1ae4ad9ec54136cbf67a"", ""right_source_candidate_id"": ""source-candidate:9016aa23c09da0c15b48"", ""signals"": [], ""conflicts"": [""entity_type_conflict""], ""merge_eligible"": false}, {""left_source_candidate_id"": ""source-candidate:1ae4ad9ec54136cbf67a"", ""right_source_candidate_id"": ""source-candidate:bb6ab72d7d8da56e7c74"", ""signals"": [], ""conflicts"": [""entity_type_conflict""], ""merge_eligible"": false}, {""left_source_candidate_id"": ""source-candidate:1ae4ad9ec54136cbf67a"", ""right_source_candidate_id"": ""source-candidate:bf1bfc9017829455df3e"", ""signals"": [""era_overlap""], ""conflicts"": [""entity_type_conflict""], ""merge_eligible"": false}, {""left_source_candidate_id"": ""source-candidate:1ae4ad9ec54136cbf67a"", ""right_source_candidate_id"": ""source-candidate:ed4bdef69f0116c60052"", ""signals"": [], ""conflicts"": [""entity_type_conflict""], ""merge_eligible"": false}, {""left_source_candidate_id"": ""source-candidate:1ae4ad9ec54136cbf67a"", ""right_source_candidate_id"": ""source-candidate:eeb4647dd122c44467ae"", ""signals"": [""era_overlap""], ""conflicts"": [""entity_type_conflict""], ""merge_eligible"": false}, {""left_source_candidate_id"": ""source-candidate:1ae4ad9ec54136cbf67a"", ""right_source_candidate_id"": ""source-candidate:fbfa3148275dd653e929"", ""signals"": [""era_overlap""], ""conflicts"": [""entity_type_conflict""], ""merge_eligible"": false}]",,,,,,,,
13,gold-case:5bff298111dd99e91bbe,term-review-task:6d5f6ee2a0cbcd4f2926,resolution-case:d060b08bfb192841beac,부여씨,왕조,"[{""problem_id"": ""cj_v41_0103"", ""full_text"": ""이것은 (가)의 중대성에서 일본의 태정관에 보낸 외교 문서의 사본이다. 문서에는 정당성의 좌윤 하복연 등 주요 사신단의 명단과 두 나라의 우호를 돈독히 하고자 사신을 파견한다는 내용 등이 담겨 있다. 오늘 소개해 주실 자료는 무엇인가요?\n(가) 국가에 대한 설명으로 옳은 것은?\n광군을 창설하여 외침에 대비하였다.\n주자감을 설치하여 인재를 양성하였다.\n골품제라는 엄격한 신분제를 마련하였다.\n9주 5소경의 지방 행정 제도를 갖추었다.\n왕족인 부여씨와 8성의 귀족이 지배층을 이루었다.""}, {""problem_id"": ""cj_v41_0201"", ""full_text"": ""목종 5년에 6위의 직원을 마련하여 두엇는데 뒤에 8양군뉘다 ) 과 용호군짓{로)의 2군을 설치하고, 6위의 위에 엇게 하여다. 뒤에 또 중방을 설치하고 , 2군 ' 6위의 상장군과 대장군이 모두 회합하게 하였다\n다음 군사 제도를 운영한 국가에 대한 설명으로 옳은 것은?\n중정대를 두어 관리를 감찰하였다.\n9주 5소경의 지방 제도를 운영하였다.\n고관들의 합좌 기구인 도병마사를 설치하였다.\n인재를 등용하기 위하여 독서삼품과를 시행하였다.\n왕족인 부여씨와 8성의 귀족이 지배층을 이루었다.""}, {""problem_id"": ""cj_v41_0481"", ""full_text"": ""[기관라의] 관제에는 선조성이 있는데, 좌상국평장소 시중국좌상시 -간의가 소속되어 있다. 중대성에는 우상 우평장소:내사-조고사인이 소속되어 있다. 정당성에는 대내상 1명을좍 우당의 위에 두었고, 좌 우사정 각 1명을 좌-우평장소의 아래에 배치하였다 - 신당서\n다음 제도를 운영한 국가에 대한 설명으로 옳은 것은?\n교육 기관으로 주자감을 두었다.\n신라에 침입한 왜구를 격퇴하였다.\n9서당 10정의 군사 조직을 갖추었다.\n개국, 태창이라는 연호를 사용하였다.\n왕족인 부여씨와 8성의 귀족이 지배층을 이루었다.""}]",source-candidate:41909866d045208c216e,AKS:ARTICLE:E0024371:sha256-704d8ea620c542f5,AKS,10,부여경,name,name_ngram,0.421667,COMPATIBLE,"[""부여경""]","[""扶餘敬""]","[""고대"", ""삼국"", ""백제""]",,,[],Person,"{""headword"": ""부여경"", ""origin"": ""扶餘敬"", ""headword_origin"": ""부여경(扶餘敬)"", ""primary_type"": ""인물/전통 인물"", ""era"": ""고대/삼국/백제"", ""definition"": ""백제의 제31대 의자왕의 증손으로, 부여융 사후에 왕위를 계승한 왕족.""}","[{""left_source_candidate_id"": ""source-candidate:07dc90ff64514d2fe9d3"", ""right_source_candidate_id"": ""source-candidate:41909866d045208c216e"", ""signals"": [""era_overlap""], ""conflicts"": [""entity_type_conflict""], ""merge_eligible"": false}, {""left_source_candidate_id"": ""source-candidate:0eecd78a6337cb10748a"", ""right_source_candidate_id"": ""source-candidate:41909866d045208c216e"", ""signals"": [], ""conflicts"": [""entity_type_conflict""], ""merge_eligible"": false}, {""left_source_candidate_id"": ""source-candidate:160de71238b7f1358778"", ""right_source_candidate_id"": ""source-candidate:41909866d045208c216e"", ""signals"": [""era_overlap""], ""conflicts"": [""entity_type_conflict""], ""merge_eligible"": false}, {""left_source_candidate_id"": ""source-candidate:1ae4ad9ec54136cbf67a"", ""right_source_candidate_id"": ""source-candidate:41909866d045208c216e"", ""signals"": [""era_overlap""], ""conflicts"": [""entity_type_conflict""], ""merge_eligible"": false}, {""left_source_candidate_id"": ""source-candidate:2803d31cc7afd42e33c1"", ""right_source_candidate_id"": ""source-candidate:41909866d045208c216e"", ""signals"": [], ""conflicts"": [""entity_type_conflict""], ""merge_eligible"": false}, {""left_source_candidate_id"": ""source-candidate:41909866d045208c216e"", ""right_source_candidate_id"": ""source-candidate:5e7e0bb0d90af1fa4349"", ""signals"": [""era_overlap""], ""conflicts"": [""entity_type_conflict""], ""merge_eligible"": false}, {""left_source_candidate_id"": ""source-candidate:41909866d045208c216e"", ""right_source_candidate_id"": ""source-candidate:642c7ee560d4137aeaae"", ""signals"": [], ""conflicts"": [""entity_type_conflict""], ""merge_eligible"": false}, {""left_source_candidate_id"": ""source-candidate:41909866d045208c216e"", ""right_source_candidate_id"": ""source-candidate:72307300a8c118d5b41f"", ""signals"": [""era_overlap""], ""conflicts"": [""entity_type_conflict""], ""merge_eligible"": false}, {""left_source_candidate_id"": ""source-candidate:41909866d045208c216e"", ""right_source_candidate_id"": ""source-candidate:741d510b7f279732b837"", ""signals"": [], ""conflicts"": [""entity_type_conflict""], ""merge_eligible"": false}, {""left_source_candidate_id"": ""source-candidate:41909866d045208c216e"", ""right_source_candidate_id"": ""source-candidate:78edd6d976dad1317c4a"", ""signals"": [], ""conflicts"": [""entity_type_conflict""], ""merge_eligible"": false}, {""left_source_candidate_id"": ""source-candidate:41909866d045208c216e"", ""right_source_candidate_id"": ""source-candidate:9016aa23c09da0c15b48"", ""signals"": [], ""conflicts"": [""entity_type_conflict""], ""merge_eligible"": false}, {""left_source_candidate_id"": ""source-candidate:41909866d045208c216e"", ""right_source_candidate_id"": ""source-candidate:bb6ab72d7d8da56e7c74"", ""signals"": [""normalized_name_match"", ""hanja_match"", ""entity_type_match""], ""conflicts"": [], ""merge_eligible"": true}, {""left_source_candidate_id"": ""source-candidate:41909866d045208c216e"", ""right_source_candidate_id"": ""source-candidate:eeb4647dd122c44467ae"", ""signals"": [""era_overlap""], ""conflicts"": [""entity_type_conflict""], ""merge_eligible"": false}, {""left_source_candidate_id"": ""source-candidate:41909866d045208c216e"", ""right_source_candidate_id"": ""source-candidate:fbfa3148275dd653e929"", ""signals"": [""era_overlap""], ""conflicts"": [""entity_type_conflict""], ""merge_eligible"": false}]",,,,,,,,
13,gold-case:5bff298111dd99e91bbe,term-review-task:6d5f6ee2a0cbcd4f2926,resolution-case:d060b08bfb192841beac,부여씨,왕조,"[{""problem_id"": ""cj_v41_0103"", ""full_text"": ""이것은 (가)의 중대성에서 일본의 태정관에 보낸 외교 문서의 사본이다. 문서에는 정당성의 좌윤 하복연 등 주요 사신단의 명단과 두 나라의 우호를 돈독히 하고자 사신을 파견한다는 내용 등이 담겨 있다. 오늘 소개해 주실 자료는 무엇인가요?\n(가) 국가에 대한 설명으로 옳은 것은?\n광군을 창설하여 외침에 대비하였다.\n주자감을 설치하여 인재를 양성하였다.\n골품제라는 엄격한 신분제를 마련하였다.\n9주 5소경의 지방 행정 제도를 갖추었다.\n왕족인 부여씨와 8성의 귀족이 지배층을 이루었다.""}, {""problem_id"": ""cj_v41_0201"", ""full_text"": ""목종 5년에 6위의 직원을 마련하여 두엇는데 뒤에 8양군뉘다 ) 과 용호군짓{로)의 2군을 설치하고, 6위의 위에 엇게 하여다. 뒤에 또 중방을 설치하고 , 2군 ' 6위의 상장군과 대장군이 모두 회합하게 하였다\n다음 군사 제도를 운영한 국가에 대한 설명으로 옳은 것은?\n중정대를 두어 관리를 감찰하였다.\n9주 5소경의 지방 제도를 운영하였다.\n고관들의 합좌 기구인 도병마사를 설치하였다.\n인재를 등용하기 위하여 독서삼품과를 시행하였다.\n왕족인 부여씨와 8성의 귀족이 지배층을 이루었다.""}, {""problem_id"": ""cj_v41_0481"", ""full_text"": ""[기관라의] 관제에는 선조성이 있는데, 좌상국평장소 시중국좌상시 -간의가 소속되어 있다. 중대성에는 우상 우평장소:내사-조고사인이 소속되어 있다. 정당성에는 대내상 1명을좍 우당의 위에 두었고, 좌 우사정 각 1명을 좌-우평장소의 아래에 배치하였다 - 신당서\n다음 제도를 운영한 국가에 대한 설명으로 옳은 것은?\n교육 기관으로 주자감을 두었다.\n신라에 침입한 왜구를 격퇴하였다.\n9서당 10정의 군사 조직을 갖추었다.\n개국, 태창이라는 연호를 사용하였다.\n왕족인 부여씨와 8성의 귀족이 지배층을 이루었다.""}]",source-candidate:bb6ab72d7d8da56e7c74,THESAURUS:TERM:12607608:sha256-1022516a18f91e61,THESAURUS,11,부여경,name,name_ngram,0.421667,UNKNOWN,"[""부여경""]","[""扶餘敬""]","[""삼국시대""]",,,[],Person,"{""term_name"": ""부여경"", ""hanja"": ""扶餘敬"", ""era"": ""삼국시대"", ""thesaurus_category"": ""인명"", ""description"": ""백제 의자왕의 증손자. 682년 할아버지인 대방군왕(帶方郡王) 부여융(扶餘隆)이 죽은 뒤 그 왕위를 계승함."", ""term_year"": ""?""}","[{""left_source_candidate_id"": ""source-candidate:07dc90ff64514d2fe9d3"", ""right_source_candidate_id"": ""source-candidate:bb6ab72d7d8da56e7c74"", ""signals"": [], ""conflicts"": [""entity_type_conflict""], ""merge_eligible"": false}, {""left_source_candidate_id"": ""source-candidate:0eecd78a6337cb10748a"", ""right_source_candidate_id"": ""source-candidate:bb6ab72d7d8da56e7c74"", ""signals"": [], ""conflicts"": [""entity_type_conflict""], ""merge_eligible"": false}, {""left_source_candidate_id"": ""source-candidate:160de71238b7f1358778"", ""right_source_candidate_id"": ""source-candidate:bb6ab72d7d8da56e7c74"", ""signals"": [], ""conflicts"": [""entity_type_conflict""], ""merge_eligible"": false}, {""left_source_candidate_id"": ""source-candidate:1ae4ad9ec54136cbf67a"", ""right_source_candidate_id"": ""source-candidate:bb6ab72d7d8da56e7c74"", ""signals"": [], ""conflicts"": [""entity_type_conflict""], ""merge_eligible"": false}, {""left_source_candidate_id"": ""source-candidate:2803d31cc7afd42e33c1"", ""right_source_candidate_id"": ""source-candidate:bb6ab72d7d8da56e7c74"", ""signals"": [], ""conflicts"": [""entity_type_conflict""], ""merge_eligible"": false}, {""left_source_candidate_id"": ""source-candidate:41909866d045208c216e"", ""right_source_candidate_id"": ""source-candidate:bb6ab72d7d8da56e7c74"", ""signals"": [""normalized_name_match"", ""hanja_match"", ""entity_type_match""], ""conflicts"": [], ""merge_eligible"": true}, {""left_source_candidate_id"": ""source-candidate:5e7e0bb0d90af1fa4349"", ""right_source_candidate_id"": ""source-candidate:bb6ab72d7d8da56e7c74"", ""signals"": [], ""conflicts"": [""entity_type_conflict""], ""merge_eligible"": false}, {""left_source_candidate_id"": ""source-candidate:642c7ee560d4137aeaae"", ""right_source_candidate_id"": ""source-candidate:bb6ab72d7d8da56e7c74"", ""signals"": [], ""conflicts"": [""entity_type_conflict""], ""merge_eligible"": false}, {""left_source_candidate_id"": ""source-candidate:72307300a8c118d5b41f"", ""right_source_candidate_id"": ""source-candidate:bb6ab72d7d8da56e7c74"", ""signals"": [], ""conflicts"": [""entity_type_conflict""], ""merge_eligible"": false}, {""left_source_candidate_id"": ""source-candidate:741d510b7f279732b837"", ""right_source_candidate_id"": ""source-candidate:bb6ab72d7d8da56e7c74"", ""signals"": [], ""conflicts"": [""entity_type_conflict""], ""merge_eligible"": false}, {""left_source_candidate_id"": ""source-candidate:78edd6d976dad1317c4a"", ""right_source_candidate_id"": ""source-candidate:bb6ab72d7d8da56e7c74"", ""signals"": [], ""conflicts"": [""entity_type_conflict""], ""merge_eligible"": false}, {""left_source_candidate_id"": ""source-candidate:9016aa23c09da0c15b48"", ""right_source_candidate_id"": ""source-candidate:bb6ab72d7d8da56e7c74"", ""signals"": [], ""conflicts"": [""entity_type_conflict""], ""merge_eligible"": false}, {""left_source_candidate_id"": ""source-candidate:bb6ab72d7d8da56e7c74"", ""right_source_candidate_id"": ""source-candidate:eeb4647dd122c44467ae"", ""signals"": [], ""conflicts"": [""entity_type_conflict""], ""merge_eligible"": false}, {""left_source_candidate_id"": ""source-candidate:bb6ab72d7d8da56e7c74"", ""right_source_candidate_id"": ""source-candidate:fbfa3148275dd653e929"", ""signals"": [], ""conflicts"": [""entity_type_conflict""], ""merge_eligible"": false}]",,,,,,,,
13,gold-case:5bff298111dd99e91bbe,term-review-task:6d5f6ee2a0cbcd4f2926,resolution-case:d060b08bfb192841beac,부여씨,왕조,"[{""problem_id"": ""cj_v41_0103"", ""full_text"": ""이것은 (가)의 중대성에서 일본의 태정관에 보낸 외교 문서의 사본이다. 문서에는 정당성의 좌윤 하복연 등 주요 사신단의 명단과 두 나라의 우호를 돈독히 하고자 사신을 파견한다는 내용 등이 담겨 있다. 오늘 소개해 주실 자료는 무엇인가요?\n(가) 국가에 대한 설명으로 옳은 것은?\n광군을 창설하여 외침에 대비하였다.\n주자감을 설치하여 인재를 양성하였다.\n골품제라는 엄격한 신분제를 마련하였다.\n9주 5소경의 지방 행정 제도를 갖추었다.\n왕족인 부여씨와 8성의 귀족이 지배층을 이루었다.""}, {""problem_id"": ""cj_v41_0201"", ""full_text"": ""목종 5년에 6위의 직원을 마련하여 두엇는데 뒤에 8양군뉘다 ) 과 용호군짓{로)의 2군을 설치하고, 6위의 위에 엇게 하여다. 뒤에 또 중방을 설치하고 , 2군 ' 6위의 상장군과 대장군이 모두 회합하게 하였다\n다음 군사 제도를 운영한 국가에 대한 설명으로 옳은 것은?\n중정대를 두어 관리를 감찰하였다.\n9주 5소경의 지방 제도를 운영하였다.\n고관들의 합좌 기구인 도병마사를 설치하였다.\n인재를 등용하기 위하여 독서삼품과를 시행하였다.\n왕족인 부여씨와 8성의 귀족이 지배층을 이루었다.""}, {""problem_id"": ""cj_v41_0481"", ""full_text"": ""[기관라의] 관제에는 선조성이 있는데, 좌상국평장소 시중국좌상시 -간의가 소속되어 있다. 중대성에는 우상 우평장소:내사-조고사인이 소속되어 있다. 정당성에는 대내상 1명을좍 우당의 위에 두었고, 좌 우사정 각 1명을 좌-우평장소의 아래에 배치하였다 - 신당서\n다음 제도를 운영한 국가에 대한 설명으로 옳은 것은?\n교육 기관으로 주자감을 두었다.\n신라에 침입한 왜구를 격퇴하였다.\n9서당 10정의 군사 조직을 갖추었다.\n개국, 태창이라는 연호를 사용하였다.\n왕족인 부여씨와 8성의 귀족이 지배층을 이루었다.""}]",source-candidate:ed4bdef69f0116c60052,THESAURUS:TERM:12607648:sha256-1022516a18f91e61,THESAURUS,12,부여용,name,name_ngram,0.421667,UNKNOWN,"[""부여용""]","[""扶餘勇""]","[""삼국시대""]",,,[],Person,"{""term_name"": ""부여용"", ""hanja"": ""扶餘勇"", ""era"": ""삼국시대"", ""thesaurus_category"": ""인명"", ""description"": ""백제 의자왕의 아들로 663년 9월의 백촌강(白村江)전투에서 백제부흥군을 지휘하여 나당연합군에 저항하다 패배하자 왜로 망명함. 고구려로 망명한 형인 부여풍과 내응하여 백제 재건을 꾀했으나 좌절됨."", ""term_year"": ""?""}","[{""left_source_candidate_id"": ""source-candidate:07dc90ff64514d2fe9d3"", ""right_source_candidate_id"": ""source-candidate:ed4bdef69f0116c60052"", ""signals"": [], ""conflicts"": [""entity_type_conflict""], ""merge_eligible"": false}, {""left_source_candidate_id"": ""source-candidate:0eecd78a6337cb10748a"", ""right_source_candidate_id"": ""source-candidate:ed4bdef69f0116c60052"", ""signals"": [], ""conflicts"": [""entity_type_conflict""], ""merge_eligible"": false}, {""left_source_candidate_id"": ""source-candidate:160de71238b7f1358778"", ""right_source_candidate_id"": ""source-candidate:ed4bdef69f0116c60052"", ""signals"": [], ""conflicts"": [""entity_type_conflict""], ""merge_eligible"": false}, {""left_source_candidate_id"": ""source-candidate:1ae4ad9ec54136cbf67a"", ""right_source_candidate_id"": ""source-candidate:ed4bdef69f0116c60052"", ""signals"": [], ""conflicts"": [""entity_type_conflict""], ""merge_eligible"": false}, {""left_source_candidate_id"": ""source-candidate:2803d31cc7afd42e33c1"", ""right_source_candidate_id"": ""source-candidate:ed4bdef69f0116c60052"", ""signals"": [], ""conflicts"": [""entity_type_conflict""], ""merge_eligible"": false}, {""left_source_candidate_id"": ""source-candidate:5e7e0bb0d90af1fa4349"", ""right_source_candidate_id"": ""source-candidate:ed4bdef69f0116c60052"", ""signals"": [], ""conflicts"": [""entity_type_conflict""], ""merge_eligible"": false}, {""left_source_candidate_id"": ""source-candidate:642c7ee560d4137aeaae"", ""right_source_candidate_id"": ""source-candidate:ed4bdef69f0116c60052"", ""signals"": [], ""conflicts"": [""entity_type_conflict""], ""merge_eligible"": false}, {""left_source_candidate_id"": ""source-candidate:72307300a8c118d5b41f"", ""right_source_candidate_id"": ""source-candidate:ed4bdef69f0116c60052"", ""signals"": [], ""conflicts"": [""entity_type_conflict""], ""merge_eligible"": false}, {""left_source_candidate_id"": ""source-candidate:741d510b7f279732b837"", ""right_source_candidate_id"": ""source-candidate:ed4bdef69f0116c60052"", ""signals"": [], ""conflicts"": [""entity_type_conflict""], ""merge_eligible"": false}, {""left_source_candidate_id"": ""source-candidate:78edd6d976dad1317c4a"", ""right_source_candidate_id"": ""source-candidate:ed4bdef69f0116c60052"", ""signals"": [], ""conflicts"": [""entity_type_conflict""], ""merge_eligible"": false}, {""left_source_candidate_id"": ""source-candidate:9016aa23c09da0c15b48"", ""right_source_candidate_id"": ""source-candidate:ed4bdef69f0116c60052"", ""signals"": [], ""conflicts"": [""entity_type_conflict""], ""merge_eligible"": false}, {""left_source_candidate_id"": ""source-candidate:ed4bdef69f0116c60052"", ""right_source_candidate_id"": ""source-candidate:eeb4647dd122c44467ae"", ""signals"": [], ""conflicts"": [""entity_type_conflict""], ""merge_eligible"": false}, {""left_source_candidate_id"": ""source-candidate:ed4bdef69f0116c60052"", ""right_source_candidate_id"": ""source-candidate:fbfa3148275dd653e929"", ""signals"": [], ""conflicts"": [""entity_type_conflict""], ""merge_eligible"": false}]",,,,,,,,
13,gold-case:5bff298111dd99e91bbe,term-review-task:6d5f6ee2a0cbcd4f2926,resolution-case:d060b08bfb192841beac,부여씨,왕조,"[{""problem_id"": ""cj_v41_0103"", ""full_text"": ""이것은 (가)의 중대성에서 일본의 태정관에 보낸 외교 문서의 사본이다. 문서에는 정당성의 좌윤 하복연 등 주요 사신단의 명단과 두 나라의 우호를 돈독히 하고자 사신을 파견한다는 내용 등이 담겨 있다. 오늘 소개해 주실 자료는 무엇인가요?\n(가) 국가에 대한 설명으로 옳은 것은?\n광군을 창설하여 외침에 대비하였다.\n주자감을 설치하여 인재를 양성하였다.\n골품제라는 엄격한 신분제를 마련하였다.\n9주 5소경의 지방 행정 제도를 갖추었다.\n왕족인 부여씨와 8성의 귀족이 지배층을 이루었다.""}, {""problem_id"": ""cj_v41_0201"", ""full_text"": ""목종 5년에 6위의 직원을 마련하여 두엇는데 뒤에 8양군뉘다 ) 과 용호군짓{로)의 2군을 설치하고, 6위의 위에 엇게 하여다. 뒤에 또 중방을 설치하고 , 2군 ' 6위의 상장군과 대장군이 모두 회합하게 하였다\n다음 군사 제도를 운영한 국가에 대한 설명으로 옳은 것은?\n중정대를 두어 관리를 감찰하였다.\n9주 5소경의 지방 제도를 운영하였다.\n고관들의 합좌 기구인 도병마사를 설치하였다.\n인재를 등용하기 위하여 독서삼품과를 시행하였다.\n왕족인 부여씨와 8성의 귀족이 지배층을 이루었다.""}, {""problem_id"": ""cj_v41_0481"", ""full_text"": ""[기관라의] 관제에는 선조성이 있는데, 좌상국평장소 시중국좌상시 -간의가 소속되어 있다. 중대성에는 우상 우평장소:내사-조고사인이 소속되어 있다. 정당성에는 대내상 1명을좍 우당의 위에 두었고, 좌 우사정 각 1명을 좌-우평장소의 아래에 배치하였다 - 신당서\n다음 제도를 운영한 국가에 대한 설명으로 옳은 것은?\n교육 기관으로 주자감을 두었다.\n신라에 침입한 왜구를 격퇴하였다.\n9서당 10정의 군사 조직을 갖추었다.\n개국, 태창이라는 연호를 사용하였다.\n왕족인 부여씨와 8성의 귀족이 지배층을 이루었다.""}]",source-candidate:0400dd042bd46d567a80,THESAURUS:TERM:3582:sha256-1022516a18f91e61,THESAURUS,13,동부여,name,name_ngram,0.421667,UNKNOWN,"[""동부여""]","[""東夫餘""]","[""삼국시대""]",,,[],,"{""term_name"": ""동부여"", ""hanja"": ""東夫餘"", ""era"": ""삼국시대"", ""thesaurus_category"": ""역사일반>국가>고대국가"", ""description"": ""3세기경 부여의 일파가 세운 나라."", ""term_year"": ""?-?""}","[{""left_source_candidate_id"": ""source-candidate:0400dd042bd46d567a80"", ""right_source_candidate_id"": ""source-candidate:1ae4ad9ec54136cbf67a"", ""signals"": [""normalized_name_match"", ""hanja_match""], ""conflicts"": [], ""merge_eligible"": true}]",,,,,,,,
13,gold-case:5bff298111dd99e91bbe,term-review-task:6d5f6ee2a0cbcd4f2926,resolution-case:d060b08bfb192841beac,부여씨,왕조,"[{""problem_id"": ""cj_v41_0103"", ""full_text"": ""이것은 (가)의 중대성에서 일본의 태정관에 보낸 외교 문서의 사본이다. 문서에는 정당성의 좌윤 하복연 등 주요 사신단의 명단과 두 나라의 우호를 돈독히 하고자 사신을 파견한다는 내용 등이 담겨 있다. 오늘 소개해 주실 자료는 무엇인가요?\n(가) 국가에 대한 설명으로 옳은 것은?\n광군을 창설하여 외침에 대비하였다.\n주자감을 설치하여 인재를 양성하였다.\n골품제라는 엄격한 신분제를 마련하였다.\n9주 5소경의 지방 행정 제도를 갖추었다.\n왕족인 부여씨와 8성의 귀족이 지배층을 이루었다.""}, {""problem_id"": ""cj_v41_0201"", ""full_text"": ""목종 5년에 6위의 직원을 마련하여 두엇는데 뒤에 8양군뉘다 ) 과 용호군짓{로)의 2군을 설치하고, 6위의 위에 엇게 하여다. 뒤에 또 중방을 설치하고 , 2군 ' 6위의 상장군과 대장군이 모두 회합하게 하였다\n다음 군사 제도를 운영한 국가에 대한 설명으로 옳은 것은?\n중정대를 두어 관리를 감찰하였다.\n9주 5소경의 지방 제도를 운영하였다.\n고관들의 합좌 기구인 도병마사를 설치하였다.\n인재를 등용하기 위하여 독서삼품과를 시행하였다.\n왕족인 부여씨와 8성의 귀족이 지배층을 이루었다.""}, {""problem_id"": ""cj_v41_0481"", ""full_text"": ""[기관라의] 관제에는 선조성이 있는데, 좌상국평장소 시중국좌상시 -간의가 소속되어 있다. 중대성에는 우상 우평장소:내사-조고사인이 소속되어 있다. 정당성에는 대내상 1명을좍 우당의 위에 두었고, 좌 우사정 각 1명을 좌-우평장소의 아래에 배치하였다 - 신당서\n다음 제도를 운영한 국가에 대한 설명으로 옳은 것은?\n교육 기관으로 주자감을 두었다.\n신라에 침입한 왜구를 격퇴하였다.\n9서당 10정의 군사 조직을 갖추었다.\n개국, 태창이라는 연호를 사용하였다.\n왕족인 부여씨와 8성의 귀족이 지배층을 이루었다.""}]",source-candidate:31fbedeed6ea9f4155e6,AKS:ARTICLE:E0024402:sha256-704d8ea620c542f5,AKS,14,부여문사,name,name_ngram,0.386429,COMPATIBLE,"[""부여문사""]","[""扶餘文思""]","[""고대"", ""삼국"", ""백제""]",,,[],Person,"{""headword"": ""부여문사"", ""origin"": ""扶餘文思"", ""headword_origin"": ""부여문사(扶餘文思)"", ""primary_type"": ""인물/전통 인물"", ""era"": ""고대/삼국/백제"", ""definition"": ""백제의 제31대 의자왕의 손자이자 태자 효의 아들로, 나당연합군의 침공에 의자왕의 둘째 아들 부여태가 왕을 자처하며 사비성을 지키려 하자 부당함을 말하며 대립한 왕족.""}","[{""left_source_candidate_id"": ""source-candidate:07dc90ff64514d2fe9d3"", ""right_source_candidate_id"": ""source-candidate:31fbedeed6ea9f4155e6"", ""signals"": [""era_overlap""], ""conflicts"": [""entity_type_conflict""], ""merge_eligible"": false}, {""left_source_candidate_id"": ""source-candidate:0eecd78a6337cb10748a"", ""right_source_candidate_id"": ""source-candidate:31fbedeed6ea9f4155e6"", ""signals"": [], ""conflicts"": [""entity_type_conflict""], ""merge_eligible"": false}, {""left_source_candidate_id"": ""source-candidate:160de71238b7f1358778"", ""right_source_candidate_id"": ""source-candidate:31fbedeed6ea9f4155e6"", ""signals"": [""era_overlap""], ""conflicts"": [""entity_type_conflict""], ""merge_eligible"": false}, {""left_source_candidate_id"": ""source-candidate:1ae4ad9ec54136cbf67a"", ""right_source_candidate_id"": ""source-candidate:31fbedeed6ea9f4155e6"", ""signals"": [""era_overlap""], ""conflicts"": [""entity_type_conflict""], ""merge_eligible"": false}, {""left_source_candidate_id"": ""source-candidate:2803d31cc7afd42e33c1"", ""right_source_candidate_id"": ""source-candidate:31fbedeed6ea9f4155e6"", ""signals"": [], ""conflicts"": [""entity_type_conflict""], ""merge_eligible"": false}, {""left_source_candidate_id"": ""source-candidate:31fbedeed6ea9f4155e6"", ""right_source_candidate_id"": ""source-candidate:5e7e0bb0d90af1fa4349"", ""signals"": [""era_overlap""], ""conflicts"": [""entity_type_conflict""], ""merge_eligible"": false}, {""left_source_candidate_id"": ""source-candidate:31fbedeed6ea9f4155e6"", ""right_source_candidate_id"": ""source-candidate:642c7ee560d4137aeaae"", ""signals"": [], ""conflicts"": [""entity_type_conflict""], ""merge_eligible"": false}, {""left_source_candidate_id"": ""source-candidate:31fbedeed6ea9f4155e6"", ""right_source_candidate_id"": ""source-candidate:72307300a8c118d5b41f"", ""signals"": [""era_overlap""], ""conflicts"": [""entity_type_conflict""], ""merge_eligible"": false}, {""left_source_candidate_id"": ""source-candidate:31fbedeed6ea9f4155e6"", ""right_source_candidate_id"": ""source-candidate:741d510b7f279732b837"", ""signals"": [], ""conflicts"": [""entity_type_conflict""], ""merge_eligible"": false}, {""left_source_candidate_id"": ""source-candidate:31fbedeed6ea9f4155e6"", ""right_source_candidate_id"": ""source-candidate:78edd6d976dad1317c4a"", ""signals"": [], ""conflicts"": [""entity_type_conflict""], ""merge_eligible"": false}, {""left_source_candidate_id"": ""source-candidate:31fbedeed6ea9f4155e6"", ""right_source_candidate_id"": ""source-candidate:9016aa23c09da0c15b48"", ""signals"": [], ""conflicts"": [""entity_type_conflict""], ""merge_eligible"": false}, {""left_source_candidate_id"": ""source-candidate:31fbedeed6ea9f4155e6"", ""right_source_candidate_id"": ""source-candidate:eeb4647dd122c44467ae"", ""signals"": [""era_overlap""], ""conflicts"": [""entity_type_conflict""], ""merge_eligible"": false}, {""left_source_candidate_id"": ""source-candidate:31fbedeed6ea9f4155e6"", ""right_source_candidate_id"": ""source-candidate:fbfa3148275dd653e929"", ""signals"": [""era_overlap""], ""conflicts"": [""entity_type_conflict""], ""merge_eligible"": false}]",,,,,,,,
13,gold-case:5bff298111dd99e91bbe,term-review-task:6d5f6ee2a0cbcd4f2926,resolution-case:d060b08bfb192841beac,부여씨,왕조,"[{""problem_id"": ""cj_v41_0103"", ""full_text"": ""이것은 (가)의 중대성에서 일본의 태정관에 보낸 외교 문서의 사본이다. 문서에는 정당성의 좌윤 하복연 등 주요 사신단의 명단과 두 나라의 우호를 돈독히 하고자 사신을 파견한다는 내용 등이 담겨 있다. 오늘 소개해 주실 자료는 무엇인가요?\n(가) 국가에 대한 설명으로 옳은 것은?\n광군을 창설하여 외침에 대비하였다.\n주자감을 설치하여 인재를 양성하였다.\n골품제라는 엄격한 신분제를 마련하였다.\n9주 5소경의 지방 행정 제도를 갖추었다.\n왕족인 부여씨와 8성의 귀족이 지배층을 이루었다.""}, {""problem_id"": ""cj_v41_0201"", ""full_text"": ""목종 5년에 6위의 직원을 마련하여 두엇는데 뒤에 8양군뉘다 ) 과 용호군짓{로)의 2군을 설치하고, 6위의 위에 엇게 하여다. 뒤에 또 중방을 설치하고 , 2군 ' 6위의 상장군과 대장군이 모두 회합하게 하였다\n다음 군사 제도를 운영한 국가에 대한 설명으로 옳은 것은?\n중정대를 두어 관리를 감찰하였다.\n9주 5소경의 지방 제도를 운영하였다.\n고관들의 합좌 기구인 도병마사를 설치하였다.\n인재를 등용하기 위하여 독서삼품과를 시행하였다.\n왕족인 부여씨와 8성의 귀족이 지배층을 이루었다.""}, {""problem_id"": ""cj_v41_0481"", ""full_text"": ""[기관라의] 관제에는 선조성이 있는데, 좌상국평장소 시중국좌상시 -간의가 소속되어 있다. 중대성에는 우상 우평장소:내사-조고사인이 소속되어 있다. 정당성에는 대내상 1명을좍 우당의 위에 두었고, 좌 우사정 각 1명을 좌-우평장소의 아래에 배치하였다 - 신당서\n다음 제도를 운영한 국가에 대한 설명으로 옳은 것은?\n교육 기관으로 주자감을 두었다.\n신라에 침입한 왜구를 격퇴하였다.\n9서당 10정의 군사 조직을 갖추었다.\n개국, 태창이라는 연호를 사용하였다.\n왕족인 부여씨와 8성의 귀족이 지배층을 이루었다.""}]",source-candidate:72307300a8c118d5b41f,AKS:ARTICLE:E0024368:sha256-704d8ea620c542f5,AKS,15,부여,name,name_ngram,0.386,COMPATIBLE,"[""부여"", ""북부여""]","[""夫餘""]","[""고대"", ""초기국가"", ""부여""]",,,[],Place,"{""headword"": ""부여"", ""aliases"": [""북부여""], ""origin"": ""夫餘"", ""headword_origin"": ""부여(夫餘)"", ""primary_type"": ""지명/국가"", ""era"": ""고대/초기국가/부여"", ""definition"": ""서기전 2세기경부터 494년까지 북만주지역에 존속했던 예맥족(濊貊族)의 국가.""}","[{""left_source_candidate_id"": ""source-candidate:160de71238b7f1358778"", ""right_source_candidate_id"": ""source-candidate:72307300a8c118d5b41f"", ""signals"": [""era_overlap""], ""conflicts"": [""entity_type_conflict""], ""merge_eligible"": false}, {""left_source_candidate_id"": ""source-candidate:2803d31cc7afd42e33c1"", ""right_source_candidate_id"": ""source-candidate:72307300a8c118d5b41f"", ""signals"": [], ""conflicts"": [""entity_type_conflict""], ""merge_eligible"": false}, {""left_source_candidate_id"": ""source-candidate:31fbedeed6ea9f4155e6"", ""right_source_candidate_id"": ""source-candidate:72307300a8c118d5b41f"", ""signals"": [""era_overlap""], ""conflicts"": [""entity_type_conflict""], ""merge_eligible"": false}, {""left_source_candidate_id"": ""source-candidate:41909866d045208c216e"", ""right_source_candidate_id"": ""source-candidate:72307300a8c118d5b41f"", ""signals"": [""era_overlap""], ""conflicts"": [""entity_type_conflict""], ""merge_eligible"": false}, {""left_source_candidate_id"": ""source-candidate:58ac08f92f70a63d56c1"", ""right_source_candidate_id"": ""source-candidate:72307300a8c118d5b41f"", ""signals"": [""era_overlap""], ""conflicts"": [""entity_type_conflict""], ""merge_eligible"": false}, {""left_source_candidate_id"": ""source-candidate:5e7e0bb0d90af1fa4349"", ""right_source_candidate_id"": ""source-candidate:72307300a8c118d5b41f"", ""signals"": [""era_overlap""], ""conflicts"": [""entity_type_conflict""], ""merge_eligible"": false}, {""left_source_candidate_id"": ""source-candidate:642c7ee560d4137aeaae"", ""right_source_candidate_id"": ""source-candidate:72307300a8c118d5b41f"", ""signals"": [], ""conflicts"": [""entity_type_conflict""], ""merge_eligible"": false}, {""left_source_candidate_id"": ""source-candidate:72307300a8c118d5b41f"", ""right_source_candidate_id"": ""source-candidate:739639047d0d52a2a71f"", ""signals"": [""era_overlap""], ""conflicts"": [""entity_type_conflict""], ""merge_eligible"": false}, {""left_source_candidate_id"": ""source-candidate:72307300a8c118d5b41f"", ""right_source_candidate_id"": ""source-candidate:78edd6d976dad1317c4a"", ""signals"": [], ""conflicts"": [""entity_type_conflict""], ""merge_eligible"": false}, {""left_source_candidate_id"": ""source-candidate:72307300a8c118d5b41f"", ""right_source_candidate_id"": ""source-candidate:7ccc80f0da8a2a1d60bb"", ""signals"": [""era_overlap""], ""conflicts"": [""entity_type_conflict""], ""merge_eligible"": false}, {""left_source_candidate_id"": ""source-candidate:72307300a8c118d5b41f"", ""right_source_candidate_id"": ""source-candidate:9016aa23c09da0c15b48"", ""signals"": [], ""conflicts"": [""entity_type_conflict""], ""merge_eligible"": false}, {""left_source_candidate_id"": ""source-candidate:72307300a8c118d5b41f"", ""right_source_candidate_id"": ""source-candidate:bb6ab72d7d8da56e7c74"", ""signals"": [], ""conflicts"": [""entity_type_conflict""], ""merge_eligible"": false}, {""left_source_candidate_id"": ""source-candidate:72307300a8c118d5b41f"", ""right_source_candidate_id"": ""source-candidate:bf1bfc9017829455df3e"", ""signals"": [""era_overlap""], ""conflicts"": [""entity_type_conflict""], ""merge_eligible"": false}, {""left_source_candidate_id"": ""source-candidate:72307300a8c118d5b41f"", ""right_source_candidate_id"": ""source-candidate:ed4bdef69f0116c60052"", ""signals"": [], ""conflicts"": [""entity_type_conflict""], ""merge_eligible"": false}, {""left_source_candidate_id"": ""source-candidate:72307300a8c118d5b41f"", ""right_source_candidate_id"": ""source-candidate:eeb4647dd122c44467ae"", ""signals"": [""era_overlap""], ""conflicts"": [""entity_type_conflict""], ""merge_eligible"": false}, {""left_source_candidate_id"": ""source-candidate:72307300a8c118d5b41f"", ""right_source_candidate_id"": ""source-candidate:fbfa3148275dd653e929"", ""signals"": [""era_overlap""], ""conflicts"": [""entity_type_conflict""], ""merge_eligible"": false}]",,,,,,,,
13,gold-case:5bff298111dd99e91bbe,term-review-task:6d5f6ee2a0cbcd4f2926,resolution-case:d060b08bfb192841beac,부여씨,왕조,"[{""problem_id"": ""cj_v41_0103"", ""full_text"": ""이것은 (가)의 중대성에서 일본의 태정관에 보낸 외교 문서의 사본이다. 문서에는 정당성의 좌윤 하복연 등 주요 사신단의 명단과 두 나라의 우호를 돈독히 하고자 사신을 파견한다는 내용 등이 담겨 있다. 오늘 소개해 주실 자료는 무엇인가요?\n(가) 국가에 대한 설명으로 옳은 것은?\n광군을 창설하여 외침에 대비하였다.\n주자감을 설치하여 인재를 양성하였다.\n골품제라는 엄격한 신분제를 마련하였다.\n9주 5소경의 지방 행정 제도를 갖추었다.\n왕족인 부여씨와 8성의 귀족이 지배층을 이루었다.""}, {""problem_id"": ""cj_v41_0201"", ""full_text"": ""목종 5년에 6위의 직원을 마련하여 두엇는데 뒤에 8양군뉘다 ) 과 용호군짓{로)의 2군을 설치하고, 6위의 위에 엇게 하여다. 뒤에 또 중방을 설치하고 , 2군 ' 6위의 상장군과 대장군이 모두 회합하게 하였다\n다음 군사 제도를 운영한 국가에 대한 설명으로 옳은 것은?\n중정대를 두어 관리를 감찰하였다.\n9주 5소경의 지방 제도를 운영하였다.\n고관들의 합좌 기구인 도병마사를 설치하였다.\n인재를 등용하기 위하여 독서삼품과를 시행하였다.\n왕족인 부여씨와 8성의 귀족이 지배층을 이루었다.""}, {""problem_id"": ""cj_v41_0481"", ""full_text"": ""[기관라의] 관제에는 선조성이 있는데, 좌상국평장소 시중국좌상시 -간의가 소속되어 있다. 중대성에는 우상 우평장소:내사-조고사인이 소속되어 있다. 정당성에는 대내상 1명을좍 우당의 위에 두었고, 좌 우사정 각 1명을 좌-우평장소의 아래에 배치하였다 - 신당서\n다음 제도를 운영한 국가에 대한 설명으로 옳은 것은?\n교육 기관으로 주자감을 두었다.\n신라에 침입한 왜구를 격퇴하였다.\n9서당 10정의 군사 조직을 갖추었다.\n개국, 태창이라는 연호를 사용하였다.\n왕족인 부여씨와 8성의 귀족이 지배층을 이루었다.""}]",source-candidate:07dc90ff64514d2fe9d3,AKS:ARTICLE:E0011923:sha256-704d8ea620c542f5,AKS,16,남부여,name,name_ngram,0.336667,COMPATIBLE,"[""남부여""]","[""南扶餘""]","[""고대"", ""삼국"", ""백제""]",,,[],Place,"{""headword"": ""남부여"", ""origin"": ""南扶餘"", ""headword_origin"": ""남부여(南扶餘)"", ""primary_type"": ""지명/고지명"", ""era"": ""고대/삼국/백제"", ""definition"": ""538년부터 660년까지 불린 백제의 별칭.""}","[{""left_source_candidate_id"": ""source-candidate:07dc90ff64514d2fe9d3"", ""right_source_candidate_id"": ""source-candidate:160de71238b7f1358778"", ""signals"": [""era_overlap""], ""conflicts"": [""entity_type_conflict""], ""merge_eligible"": false}, {""left_source_candidate_id"": ""source-candidate:07dc90ff64514d2fe9d3"", ""right_source_candidate_id"": ""source-candidate:2803d31cc7afd42e33c1"", ""signals"": [], ""conflicts"": [""entity_type_conflict""], ""merge_eligible"": false}, {""left_source_candidate_id"": ""source-candidate:07dc90ff64514d2fe9d3"", ""right_source_candidate_id"": ""source-candidate:31fbedeed6ea9f4155e6"", ""signals"": [""era_overlap""], ""conflicts"": [""entity_type_conflict""], ""merge_eligible"": false}, {""left_source_candidate_id"": ""source-candidate:07dc90ff64514d2fe9d3"", ""right_source_candidate_id"": ""source-candidate:41909866d045208c216e"", ""signals"": [""era_overlap""], ""conflicts"": [""entity_type_conflict""], ""merge_eligible"": false}, {""left_source_candidate_id"": ""source-candidate:07dc90ff64514d2fe9d3"", ""right_source_candidate_id"": ""source-candidate:58ac08f92f70a63d56c1"", ""signals"": [""era_overlap""], ""conflicts"": [""entity_type_conflict""], ""merge_eligible"": false}, {""left_source_candidate_id"": ""source-candidate:07dc90ff64514d2fe9d3"", ""right_source_candidate_id"": ""source-candidate:5e7e0bb0d90af1fa4349"", ""signals"": [""era_overlap""], ""conflicts"": [""entity_type_conflict""], ""merge_eligible"": false}, {""left_source_candidate_id"": ""source-candidate:07dc90ff64514d2fe9d3"", ""right_source_candidate_id"": ""source-candidate:642c7ee560d4137aeaae"", ""signals"": [], ""conflicts"": [""entity_type_conflict""], ""merge_eligible"": false}, {""left_source_candidate_id"": ""source-candidate:07dc90ff64514d2fe9d3"", ""right_source_candidate_id"": ""source-candidate:739639047d0d52a2a71f"", ""signals"": [""era_overlap""], ""conflicts"": [""entity_type_conflict""], ""merge_eligible"": false}, {""left_source_candidate_id"": ""source-candidate:07dc90ff64514d2fe9d3"", ""right_source_candidate_id"": ""source-candidate:78edd6d976dad1317c4a"", ""signals"": [], ""conflicts"": [""entity_type_conflict""], ""merge_eligible"": false}, {""left_source_candidate_id"": ""source-candidate:07dc90ff64514d2fe9d3"", ""right_source_candidate_id"": ""source-candidate:7ccc80f0da8a2a1d60bb"", ""signals"": [""era_overlap""], ""conflicts"": [""entity_type_conflict""], ""merge_eligible"": false}, {""left_source_candidate_id"": ""source-candidate:07dc90ff64514d2fe9d3"", ""right_source_candidate_id"": ""source-candidate:9016aa23c09da0c15b48"", ""signals"": [], ""conflicts"": [""entity_type_conflict""], ""merge_eligible"": false}, {""left_source_candidate_id"": ""source-candidate:07dc90ff64514d2fe9d3"", ""right_source_candidate_id"": ""source-candidate:bb6ab72d7d8da56e7c74"", ""signals"": [], ""conflicts"": [""entity_type_conflict""], ""merge_eligible"": false}, {""left_source_candidate_id"": ""source-candidate:07dc90ff64514d2fe9d3"", ""right_source_candidate_id"": ""source-candidate:bf1bfc9017829455df3e"", ""signals"": [""era_overlap""], ""conflicts"": [""entity_type_conflict""], ""merge_eligible"": false}, {""left_source_candidate_id"": ""source-candidate:07dc90ff64514d2fe9d3"", ""right_source_candidate_id"": ""source-candidate:ed4bdef69f0116c60052"", ""signals"": [], ""conflicts"": [""entity_type_conflict""], ""merge_eligible"": false}, {""left_source_candidate_id"": ""source-candidate:07dc90ff64514d2fe9d3"", ""right_source_candidate_id"": ""source-candidate:eeb4647dd122c44467ae"", ""signals"": [""era_overlap""], ""conflicts"": [""entity_type_conflict""], ""merge_eligible"": false}, {""left_source_candidate_id"": ""source-candidate:07dc90ff64514d2fe9d3"", ""right_source_candidate_id"": ""source-candidate:fbfa3148275dd653e929"", ""signals"": [""era_overlap""], ""conflicts"": [""entity_type_conflict""], ""merge_eligible"": false}]",,,,,,,,
13,gold-case:5bff298111dd99e91bbe,term-review-task:6d5f6ee2a0cbcd4f2926,resolution-case:d060b08bfb192841beac,부여씨,왕조,"[{""problem_id"": ""cj_v41_0103"", ""full_text"": ""이것은 (가)의 중대성에서 일본의 태정관에 보낸 외교 문서의 사본이다. 문서에는 정당성의 좌윤 하복연 등 주요 사신단의 명단과 두 나라의 우호를 돈독히 하고자 사신을 파견한다는 내용 등이 담겨 있다. 오늘 소개해 주실 자료는 무엇인가요?\n(가) 국가에 대한 설명으로 옳은 것은?\n광군을 창설하여 외침에 대비하였다.\n주자감을 설치하여 인재를 양성하였다.\n골품제라는 엄격한 신분제를 마련하였다.\n9주 5소경의 지방 행정 제도를 갖추었다.\n왕족인 부여씨와 8성의 귀족이 지배층을 이루었다.""}, {""problem_id"": ""cj_v41_0201"", ""full_text"": ""목종 5년에 6위의 직원을 마련하여 두엇는데 뒤에 8양군뉘다 ) 과 용호군짓{로)의 2군을 설치하고, 6위의 위에 엇게 하여다. 뒤에 또 중방을 설치하고 , 2군 ' 6위의 상장군과 대장군이 모두 회합하게 하였다\n다음 군사 제도를 운영한 국가에 대한 설명으로 옳은 것은?\n중정대를 두어 관리를 감찰하였다.\n9주 5소경의 지방 제도를 운영하였다.\n고관들의 합좌 기구인 도병마사를 설치하였다.\n인재를 등용하기 위하여 독서삼품과를 시행하였다.\n왕족인 부여씨와 8성의 귀족이 지배층을 이루었다.""}, {""problem_id"": ""cj_v41_0481"", ""full_text"": ""[기관라의] 관제에는 선조성이 있는데, 좌상국평장소 시중국좌상시 -간의가 소속되어 있다. 중대성에는 우상 우평장소:내사-조고사인이 소속되어 있다. 정당성에는 대내상 1명을좍 우당의 위에 두었고, 좌 우사정 각 1명을 좌-우평장소의 아래에 배치하였다 - 신당서\n다음 제도를 운영한 국가에 대한 설명으로 옳은 것은?\n교육 기관으로 주자감을 두었다.\n신라에 침입한 왜구를 격퇴하였다.\n9서당 10정의 군사 조직을 갖추었다.\n개국, 태창이라는 연호를 사용하였다.\n왕족인 부여씨와 8성의 귀족이 지배층을 이루었다.""}]",source-candidate:fbfa3148275dd653e929,AKS:ARTICLE:E0071952:sha256-704d8ea620c542f5,AKS,17,태비 부여씨 묘지명,description,bidirectional_containment,0.891193,CONFLICT,"[""당고괵왕비부여지명唐故虢王妃扶餘誌銘"", ""태비부여씨묘지명""]","[""太妃"", ""扶餘氏"", ""墓誌銘"", ""唐故虢王妃扶餘誌銘""]","[""고대"", ""삼국"", ""백제""]",,,[],Heritage,"{""headword"": ""태비 부여씨 묘지명"", ""aliases"": [""당고괵왕비부여지명(唐故虢王妃扶餘誌銘)""], ""origin"": ""太妃 扶餘氏 墓誌銘"", ""headword_origin"": ""태비 부여씨 묘지명(太妃 扶餘氏 墓誌銘)"", ""primary_type"": ""유적/고인돌·고분·능묘"", ""era"": ""고대/삼국/백제"", ""definition"": ""백제 의자왕의 증손녀인 부여씨(扶餘氏, 690∼738)의 생애를 기록한 묘지명.""}","[{""left_source_candidate_id"": ""source-candidate:07dc90ff64514d2fe9d3"", ""right_source_candidate_id"": ""source-candidate:fbfa3148275dd653e929"", ""signals"": [""era_overlap""], ""conflicts"": [""entity_type_conflict""], ""merge_eligible"": false}, {""left_source_candidate_id"": ""source-candidate:0eecd78a6337cb10748a"", ""right_source_candidate_id"": ""source-candidate:fbfa3148275dd653e929"", ""signals"": [], ""conflicts"": [""entity_type_conflict""], ""merge_eligible"": false}, {""left_source_candidate_id"": ""source-candidate:1ae4ad9ec54136cbf67a"", ""right_source_candidate_id"": ""source-candidate:fbfa3148275dd653e929"", ""signals"": [""era_overlap""], ""conflicts"": [""entity_type_conflict""], ""merge_eligible"": false}, {""left_source_candidate_id"": ""source-candidate:2803d31cc7afd42e33c1"", ""right_source_candidate_id"": ""source-candidate:fbfa3148275dd653e929"", ""signals"": [], ""conflicts"": [""entity_type_conflict""], ""merge_eligible"": false}, {""left_source_candidate_id"": ""source-candidate:31fbedeed6ea9f4155e6"", ""right_source_candidate_id"": ""source-candidate:fbfa3148275dd653e929"", ""signals"": [""era_overlap""], ""conflicts"": [""entity_type_conflict""], ""merge_eligible"": false}, {""left_source_candidate_id"": ""source-candidate:41909866d045208c216e"", ""right_source_candidate_id"": ""source-candidate:fbfa3148275dd653e929"", ""signals"": [""era_overlap""], ""conflicts"": [""entity_type_conflict""], ""merge_eligible"": false}, {""left_source_candidate_id"": ""source-candidate:58ac08f92f70a63d56c1"", ""right_source_candidate_id"": ""source-candidate:fbfa3148275dd653e929"", ""signals"": [""era_overlap""], ""conflicts"": [""entity_type_conflict""], ""merge_eligible"": false}, {""left_source_candidate_id"": ""source-candidate:5e7e0bb0d90af1fa4349"", ""right_source_candidate_id"": ""source-candidate:fbfa3148275dd653e929"", ""signals"": [""era_overlap""], ""conflicts"": [""entity_type_conflict""], ""merge_eligible"": false}, {""left_source_candidate_id"": ""source-candidate:72307300a8c118d5b41f"", ""right_source_candidate_id"": ""source-candidate:fbfa3148275dd653e929"", ""signals"": [""era_overlap""], ""conflicts"": [""entity_type_conflict""], ""merge_eligible"": false}, {""left_source_candidate_id"": ""source-candidate:739639047d0d52a2a71f"", ""right_source_candidate_id"": ""source-candidate:fbfa3148275dd653e929"", ""signals"": [""era_overlap""], ""conflicts"": [""entity_type_conflict""], ""merge_eligible"": false}, {""left_source_candidate_id"": ""source-candidate:741d510b7f279732b837"", ""right_source_candidate_id"": ""source-candidate:fbfa3148275dd653e929"", ""signals"": [], ""conflicts"": [""entity_type_conflict""], ""merge_eligible"": false}, {""left_source_candidate_id"": ""source-candidate:7ccc80f0da8a2a1d60bb"", ""right_source_candidate_id"": ""source-candidate:fbfa3148275dd653e929"", ""signals"": [""era_overlap""], ""conflicts"": [""entity_type_conflict""], ""merge_eligible"": false}, {""left_source_candidate_id"": ""source-candidate:9016aa23c09da0c15b48"", ""right_source_candidate_id"": ""source-candidate:fbfa3148275dd653e929"", ""signals"": [], ""conflicts"": [""entity_type_conflict""], ""merge_eligible"": false}, {""left_source_candidate_id"": ""source-candidate:bb6ab72d7d8da56e7c74"", ""right_source_candidate_id"": ""source-candidate:fbfa3148275dd653e929"", ""signals"": [], ""conflicts"": [""entity_type_conflict""], ""merge_eligible"": false}, {""left_source_candidate_id"": ""source-candidate:bf1bfc9017829455df3e"", ""right_source_candidate_id"": ""source-candidate:fbfa3148275dd653e929"", ""signals"": [""era_overlap""], ""conflicts"": [""entity_type_conflict""], ""merge_eligible"": false}, {""left_source_candidate_id"": ""source-candidate:ed4bdef69f0116c60052"", ""right_source_candidate_id"": ""source-candidate:fbfa3148275dd653e929"", ""signals"": [], ""conflicts"": [""entity_type_conflict""], ""merge_eligible"": false}]",,,,,,,,
13,gold-case:5bff298111dd99e91bbe,term-review-task:6d5f6ee2a0cbcd4f2926,resolution-case:d060b08bfb192841beac,부여씨,왕조,"[{""problem_id"": ""cj_v41_0103"", ""full_text"": ""이것은 (가)의 중대성에서 일본의 태정관에 보낸 외교 문서의 사본이다. 문서에는 정당성의 좌윤 하복연 등 주요 사신단의 명단과 두 나라의 우호를 돈독히 하고자 사신을 파견한다는 내용 등이 담겨 있다. 오늘 소개해 주실 자료는 무엇인가요?\n(가) 국가에 대한 설명으로 옳은 것은?\n광군을 창설하여 외침에 대비하였다.\n주자감을 설치하여 인재를 양성하였다.\n골품제라는 엄격한 신분제를 마련하였다.\n9주 5소경의 지방 행정 제도를 갖추었다.\n왕족인 부여씨와 8성의 귀족이 지배층을 이루었다.""}, {""problem_id"": ""cj_v41_0201"", ""full_text"": ""목종 5년에 6위의 직원을 마련하여 두엇는데 뒤에 8양군뉘다 ) 과 용호군짓{로)의 2군을 설치하고, 6위의 위에 엇게 하여다. 뒤에 또 중방을 설치하고 , 2군 ' 6위의 상장군과 대장군이 모두 회합하게 하였다\n다음 군사 제도를 운영한 국가에 대한 설명으로 옳은 것은?\n중정대를 두어 관리를 감찰하였다.\n9주 5소경의 지방 제도를 운영하였다.\n고관들의 합좌 기구인 도병마사를 설치하였다.\n인재를 등용하기 위하여 독서삼품과를 시행하였다.\n왕족인 부여씨와 8성의 귀족이 지배층을 이루었다.""}, {""problem_id"": ""cj_v41_0481"", ""full_text"": ""[기관라의] 관제에는 선조성이 있는데, 좌상국평장소 시중국좌상시 -간의가 소속되어 있다. 중대성에는 우상 우평장소:내사-조고사인이 소속되어 있다. 정당성에는 대내상 1명을좍 우당의 위에 두었고, 좌 우사정 각 1명을 좌-우평장소의 아래에 배치하였다 - 신당서\n다음 제도를 운영한 국가에 대한 설명으로 옳은 것은?\n교육 기관으로 주자감을 두었다.\n신라에 침입한 왜구를 격퇴하였다.\n9서당 10정의 군사 조직을 갖추었다.\n개국, 태창이라는 연호를 사용하였다.\n왕족인 부여씨와 8성의 귀족이 지배층을 이루었다.""}]",source-candidate:160de71238b7f1358778,AKS:ARTICLE:E0024414:sha256-704d8ea620c542f5,AKS,18,부여성,name,name_ngram,0.421667,CONFLICT,"[""부여성""]","[""扶餘城""]","[""고대"", ""남북국"", ""발해""]",,,[],Heritage,"{""headword"": ""부여성"", ""origin"": ""扶餘城"", ""headword_origin"": ""부여성(扶餘城)"", ""primary_type"": ""유적"", ""era"": ""고대/남북국/발해"", ""definition"": ""중국 요령성 용안(龍安)에 있었던 초기국가시대 부여의 성곽.""}","[{""left_source_candidate_id"": ""source-candidate:07dc90ff64514d2fe9d3"", ""right_source_candidate_id"": ""source-candidate:160de71238b7f1358778"", ""signals"": [""era_overlap""], ""conflicts"": [""entity_type_conflict""], ""merge_eligible"": false}, {""left_source_candidate_id"": ""source-candidate:0eecd78a6337cb10748a"", ""right_source_candidate_id"": ""source-candidate:160de71238b7f1358778"", ""signals"": [], ""conflicts"": [""entity_type_conflict""], ""merge_eligible"": false}, {""left_source_candidate_id"": ""source-candidate:160de71238b7f1358778"", ""right_source_candidate_id"": ""source-candidate:1ae4ad9ec54136cbf67a"", ""signals"": [""era_overlap""], ""conflicts"": [""entity_type_conflict""], ""merge_eligible"": false}, {""left_source_candidate_id"": ""source-candidate:160de71238b7f1358778"", ""right_source_candidate_id"": ""source-candidate:2803d31cc7afd42e33c1"", ""signals"": [], ""conflicts"": [""entity_type_conflict""], ""merge_eligible"": false}, {""left_source_candidate_id"": ""source-candidate:160de71238b7f1358778"", ""right_source_candidate_id"": ""source-candidate:31fbedeed6ea9f4155e6"", ""signals"": [""era_overlap""], ""conflicts"": [""entity_type_conflict""], ""merge_eligible"": false}, {""left_source_candidate_id"": ""source-candidate:160de71238b7f1358778"", ""right_source_candidate_id"": ""source-candidate:41909866d045208c216e"", ""signals"": [""era_overlap""], ""conflicts"": [""entity_type_conflict""], ""merge_eligible"": false}, {""left_source_candidate_id"": ""source-candidate:160de71238b7f1358778"", ""right_source_candidate_id"": ""source-candidate:58ac08f92f70a63d56c1"", ""signals"": [""era_overlap""], ""conflicts"": [""entity_type_conflict""], ""merge_eligible"": false}, {""left_source_candidate_id"": ""source-candidate:160de71238b7f1358778"", ""right_source_candidate_id"": ""source-candidate:5e7e0bb0d90af1fa4349"", ""signals"": [""era_overlap""], ""conflicts"": [""entity_type_conflict""], ""merge_eligible"": false}, {""left_source_candidate_id"": ""source-candidate:160de71238b7f1358778"", ""right_source_candidate_id"": ""source-candidate:72307300a8c118d5b41f"", ""signals"": [""era_overlap""], ""conflicts"": [""entity_type_conflict""], ""merge_eligible"": false}, {""left_source_candidate_id"": ""source-candidate:160de71238b7f1358778"", ""right_source_candidate_id"": ""source-candidate:739639047d0d52a2a71f"", ""signals"": [""era_overlap""], ""conflicts"": [""entity_type_conflict""], ""merge_eligible"": false}, {""left_source_candidate_id"": ""source-candidate:160de71238b7f1358778"", ""right_source_candidate_id"": ""source-candidate:741d510b7f279732b837"", ""signals"": [], ""conflicts"": [""entity_type_conflict""], ""merge_eligible"": false}, {""left_source_candidate_id"": ""source-candidate:160de71238b7f1358778"", ""right_source_candidate_id"": ""source-candidate:7ccc80f0da8a2a1d60bb"", ""signals"": [""era_overlap""], ""conflicts"": [""entity_type_conflict""], ""merge_eligible"": false}, {""left_source_candidate_id"": ""source-candidate:160de71238b7f1358778"", ""right_source_candidate_id"": ""source-candidate:9016aa23c09da0c15b48"", ""signals"": [], ""conflicts"": [""entity_type_conflict""], ""merge_eligible"": false}, {""left_source_candidate_id"": ""source-candidate:160de71238b7f1358778"", ""right_source_candidate_id"": ""source-candidate:bb6ab72d7d8da56e7c74"", ""signals"": [], ""conflicts"": [""entity_type_conflict""], ""merge_eligible"": false}, {""left_source_candidate_id"": ""source-candidate:160de71238b7f1358778"", ""right_source_candidate_id"": ""source-candidate:bf1bfc9017829455df3e"", ""signals"": [""era_overlap""], ""conflicts"": [""entity_type_conflict""], ""merge_eligible"": false}, {""left_source_candidate_id"": ""source-candidate:160de71238b7f1358778"", ""right_source_candidate_id"": ""source-candidate:ed4bdef69f0116c60052"", ""signals"": [], ""conflicts"": [""entity_type_conflict""], ""merge_eligible"": false}]",,,,,,,,
13,gold-case:5bff298111dd99e91bbe,term-review-task:6d5f6ee2a0cbcd4f2926,resolution-case:d060b08bfb192841beac,부여씨,왕조,"[{""problem_id"": ""cj_v41_0103"", ""full_text"": ""이것은 (가)의 중대성에서 일본의 태정관에 보낸 외교 문서의 사본이다. 문서에는 정당성의 좌윤 하복연 등 주요 사신단의 명단과 두 나라의 우호를 돈독히 하고자 사신을 파견한다는 내용 등이 담겨 있다. 오늘 소개해 주실 자료는 무엇인가요?\n(가) 국가에 대한 설명으로 옳은 것은?\n광군을 창설하여 외침에 대비하였다.\n주자감을 설치하여 인재를 양성하였다.\n골품제라는 엄격한 신분제를 마련하였다.\n9주 5소경의 지방 행정 제도를 갖추었다.\n왕족인 부여씨와 8성의 귀족이 지배층을 이루었다.""}, {""problem_id"": ""cj_v41_0201"", ""full_text"": ""목종 5년에 6위의 직원을 마련하여 두엇는데 뒤에 8양군뉘다 ) 과 용호군짓{로)의 2군을 설치하고, 6위의 위에 엇게 하여다. 뒤에 또 중방을 설치하고 , 2군 ' 6위의 상장군과 대장군이 모두 회합하게 하였다\n다음 군사 제도를 운영한 국가에 대한 설명으로 옳은 것은?\n중정대를 두어 관리를 감찰하였다.\n9주 5소경의 지방 제도를 운영하였다.\n고관들의 합좌 기구인 도병마사를 설치하였다.\n인재를 등용하기 위하여 독서삼품과를 시행하였다.\n왕족인 부여씨와 8성의 귀족이 지배층을 이루었다.""}, {""problem_id"": ""cj_v41_0481"", ""full_text"": ""[기관라의] 관제에는 선조성이 있는데, 좌상국평장소 시중국좌상시 -간의가 소속되어 있다. 중대성에는 우상 우평장소:내사-조고사인이 소속되어 있다. 정당성에는 대내상 1명을좍 우당의 위에 두었고, 좌 우사정 각 1명을 좌-우평장소의 아래에 배치하였다 - 신당서\n다음 제도를 운영한 국가에 대한 설명으로 옳은 것은?\n교육 기관으로 주자감을 두었다.\n신라에 침입한 왜구를 격퇴하였다.\n9서당 10정의 군사 조직을 갖추었다.\n개국, 태창이라는 연호를 사용하였다.\n왕족인 부여씨와 8성의 귀족이 지배층을 이루었다.""}]",source-candidate:642c7ee560d4137aeaae,AKS:ARTICLE:E0024403:sha256-704d8ea620c542f5,AKS,19,부여 여흥민씨 고택,name,name_ngram,0.390455,CONFLICT,"[""부여여흥민씨고택""]","[""扶餘"", ""驪興閔氏"", ""古宅""]","[""조선"", ""조선 후기""]",,,[],Heritage,"{""headword"": ""부여 여흥민씨 고택"", ""origin"": ""扶餘 驪興閔氏 古宅"", ""headword_origin"": ""부여 여흥민씨 고택(扶餘 驪興閔氏 古宅)"", ""primary_type"": ""유적/건물"", ""era"": ""조선/조선 후기"", ""definition"": ""충청남도 부여군 부여읍에 있는 조선후기 여흥민씨 관련 주택.""}","[{""left_source_candidate_id"": ""source-candidate:07dc90ff64514d2fe9d3"", ""right_source_candidate_id"": ""source-candidate:642c7ee560d4137aeaae"", ""signals"": [], ""conflicts"": [""entity_type_conflict""], ""merge_eligible"": false}, {""left_source_candidate_id"": ""source-candidate:0eecd78a6337cb10748a"", ""right_source_candidate_id"": ""source-candidate:642c7ee560d4137aeaae"", ""signals"": [], ""conflicts"": [""entity_type_conflict""], ""merge_eligible"": false}, {""left_source_candidate_id"": ""source-candidate:1ae4ad9ec54136cbf67a"", ""right_source_candidate_id"": ""source-candidate:642c7ee560d4137aeaae"", ""signals"": [], ""conflicts"": [""entity_type_conflict""], ""merge_eligible"": false}, {""left_source_candidate_id"": ""source-candidate:2803d31cc7afd42e33c1"", ""right_source_candidate_id"": ""source-candidate:642c7ee560d4137aeaae"", ""signals"": [""era_overlap""], ""conflicts"": [""entity_type_conflict""], ""merge_eligible"": false}, {""left_source_candidate_id"": ""source-candidate:31fbedeed6ea9f4155e6"", ""right_source_candidate_id"": ""source-candidate:642c7ee560d4137aeaae"", ""signals"": [], ""conflicts"": [""entity_type_conflict""], ""merge_eligible"": false}, {""left_source_candidate_id"": ""source-candidate:41909866d045208c216e"", ""right_source_candidate_id"": ""source-candidate:642c7ee560d4137aeaae"", ""signals"": [], ""conflicts"": [""entity_type_conflict""], ""merge_eligible"": false}, {""left_source_candidate_id"": ""source-candidate:58ac08f92f70a63d56c1"", ""right_source_candidate_id"": ""source-candidate:642c7ee560d4137aeaae"", ""signals"": [], ""conflicts"": [""entity_type_conflict""], ""merge_eligible"": false}, {""left_source_candidate_id"": ""source-candidate:5e7e0bb0d90af1fa4349"", ""right_source_candidate_id"": ""source-candidate:642c7ee560d4137aeaae"", ""signals"": [], ""conflicts"": [""entity_type_conflict""], ""merge_eligible"": false}, {""left_source_candidate_id"": ""source-candidate:642c7ee560d4137aeaae"", ""right_source_candidate_id"": ""source-candidate:72307300a8c118d5b41f"", ""signals"": [], ""conflicts"": [""entity_type_conflict""], ""merge_eligible"": false}, {""left_source_candidate_id"": ""source-candidate:642c7ee560d4137aeaae"", ""right_source_candidate_id"": ""source-candidate:739639047d0d52a2a71f"", ""signals"": [], ""conflicts"": [""entity_type_conflict""], ""merge_eligible"": false}, {""left_source_candidate_id"": ""source-candidate:642c7ee560d4137aeaae"", ""right_source_candidate_id"": ""source-candidate:741d510b7f279732b837"", ""signals"": [], ""conflicts"": [""entity_type_conflict""], ""merge_eligible"": false}, {""left_source_candidate_id"": ""source-candidate:642c7ee560d4137aeaae"", ""right_source_candidate_id"": ""source-candidate:7ccc80f0da8a2a1d60bb"", ""signals"": [], ""conflicts"": [""entity_type_conflict""], ""merge_eligible"": false}, {""left_source_candidate_id"": ""source-candidate:642c7ee560d4137aeaae"", ""right_source_candidate_id"": ""source-candidate:9016aa23c09da0c15b48"", ""signals"": [], ""conflicts"": [""entity_type_conflict""], ""merge_eligible"": false}, {""left_source_candidate_id"": ""source-candidate:642c7ee560d4137aeaae"", ""right_source_candidate_id"": ""source-candidate:bb6ab72d7d8da56e7c74"", ""signals"": [], ""conflicts"": [""entity_type_conflict""], ""merge_eligible"": false}, {""left_source_candidate_id"": ""source-candidate:642c7ee560d4137aeaae"", ""right_source_candidate_id"": ""source-candidate:bf1bfc9017829455df3e"", ""signals"": [], ""conflicts"": [""entity_type_conflict""], ""merge_eligible"": false}, {""left_source_candidate_id"": ""source-candidate:642c7ee560d4137aeaae"", ""right_source_candidate_id"": ""source-candidate:ed4bdef69f0116c60052"", ""signals"": [], ""conflicts"": [""entity_type_conflict""], ""merge_eligible"": false}]",,,,,,,,
13,gold-case:5bff298111dd99e91bbe,term-review-task:6d5f6ee2a0cbcd4f2926,resolution-case:d060b08bfb192841beac,부여씨,왕조,"[{""problem_id"": ""cj_v41_0103"", ""full_text"": ""이것은 (가)의 중대성에서 일본의 태정관에 보낸 외교 문서의 사본이다. 문서에는 정당성의 좌윤 하복연 등 주요 사신단의 명단과 두 나라의 우호를 돈독히 하고자 사신을 파견한다는 내용 등이 담겨 있다. 오늘 소개해 주실 자료는 무엇인가요?\n(가) 국가에 대한 설명으로 옳은 것은?\n광군을 창설하여 외침에 대비하였다.\n주자감을 설치하여 인재를 양성하였다.\n골품제라는 엄격한 신분제를 마련하였다.\n9주 5소경의 지방 행정 제도를 갖추었다.\n왕족인 부여씨와 8성의 귀족이 지배층을 이루었다.""}, {""problem_id"": ""cj_v41_0201"", ""full_text"": ""목종 5년에 6위의 직원을 마련하여 두엇는데 뒤에 8양군뉘다 ) 과 용호군짓{로)의 2군을 설치하고, 6위의 위에 엇게 하여다. 뒤에 또 중방을 설치하고 , 2군 ' 6위의 상장군과 대장군이 모두 회합하게 하였다\n다음 군사 제도를 운영한 국가에 대한 설명으로 옳은 것은?\n중정대를 두어 관리를 감찰하였다.\n9주 5소경의 지방 제도를 운영하였다.\n고관들의 합좌 기구인 도병마사를 설치하였다.\n인재를 등용하기 위하여 독서삼품과를 시행하였다.\n왕족인 부여씨와 8성의 귀족이 지배층을 이루었다.""}, {""problem_id"": ""cj_v41_0481"", ""full_text"": ""[기관라의] 관제에는 선조성이 있는데, 좌상국평장소 시중국좌상시 -간의가 소속되어 있다. 중대성에는 우상 우평장소:내사-조고사인이 소속되어 있다. 정당성에는 대내상 1명을좍 우당의 위에 두었고, 좌 우사정 각 1명을 좌-우평장소의 아래에 배치하였다 - 신당서\n다음 제도를 운영한 국가에 대한 설명으로 옳은 것은?\n교육 기관으로 주자감을 두었다.\n신라에 침입한 왜구를 격퇴하였다.\n9서당 10정의 군사 조직을 갖추었다.\n개국, 태창이라는 연호를 사용하였다.\n왕족인 부여씨와 8성의 귀족이 지배층을 이루었다.""}]",source-candidate:eeb4647dd122c44467ae,AKS:ARTICLE:E0024388:sha256-704d8ea620c542f5,AKS,20,부여나성,name,name_ngram,0.386429,CONFLICT,"[""부여나성"", ""사비나성"", ""사비성벽"", ""외곽성""]","[""扶餘羅城""]","[""고대"", ""삼국"", ""백제""]",,,[],Heritage,"{""headword"": ""부여나성"", ""aliases"": [""외곽성"", ""사비나성"", ""사비성벽""], ""origin"": ""扶餘羅城"", ""headword_origin"": ""부여나성(扶餘羅城)"", ""primary_type"": ""유적"", ""era"": ""고대/삼국/백제"", ""definition"": ""백제, 사비 도성의 외곽 성으로 도성을 보호하고 경계를 구분하기 위해 쌓은 성. 부여군 부여읍 쌍북리, 석목리, 능산리, 염창리 일원에 축조된 백제 산성.""}","[{""left_source_candidate_id"": ""source-candidate:07dc90ff64514d2fe9d3"", ""right_source_candidate_id"": ""source-candidate:eeb4647dd122c44467ae"", ""signals"": [""era_overlap""], ""conflicts"": [""entity_type_conflict""], ""merge_eligible"": false}, {""left_source_candidate_id"": ""source-candidate:0eecd78a6337cb10748a"", ""right_source_candidate_id"": ""source-candidate:eeb4647dd122c44467ae"", ""signals"": [], ""conflicts"": [""entity_type_conflict""], ""merge_eligible"": false}, {""left_source_candidate_id"": ""source-candidate:1ae4ad9ec54136cbf67a"", ""right_source_candidate_id"": ""source-candidate:eeb4647dd122c44467ae"", ""signals"": [""era_overlap""], ""conflicts"": [""entity_type_conflict""], ""merge_eligible"": false}, {""left_source_candidate_id"": ""source-candidate:2803d31cc7afd42e33c1"", ""right_source_candidate_id"": ""source-candidate:eeb4647dd122c44467ae"", ""signals"": [], ""conflicts"": [""entity_type_conflict""], ""merge_eligible"": false}, {""left_source_candidate_id"": ""source-candidate:31fbedeed6ea9f4155e6"", ""right_source_candidate_id"": ""source-candidate:eeb4647dd122c44467ae"", ""signals"": [""era_overlap""], ""conflicts"": [""entity_type_conflict""], ""merge_eligible"": false}, {""left_source_candidate_id"": ""source-candidate:41909866d045208c216e"", ""right_source_candidate_id"": ""source-candidate:eeb4647dd122c44467ae"", ""signals"": [""era_overlap""], ""conflicts"": [""entity_type_conflict""], ""merge_eligible"": false}, {""left_source_candidate_id"": ""source-candidate:58ac08f92f70a63d56c1"", ""right_source_candidate_id"": ""source-candidate:eeb4647dd122c44467ae"", ""signals"": [""era_overlap""], ""conflicts"": [""entity_type_conflict""], ""merge_eligible"": false}, {""left_source_candidate_id"": ""source-candidate:5e7e0bb0d90af1fa4349"", ""right_source_candidate_id"": ""source-candidate:eeb4647dd122c44467ae"", ""signals"": [""era_overlap""], ""conflicts"": [""entity_type_conflict""], ""merge_eligible"": false}, {""left_source_candidate_id"": ""source-candidate:72307300a8c118d5b41f"", ""right_source_candidate_id"": ""source-candidate:eeb4647dd122c44467ae"", ""signals"": [""era_overlap""], ""conflicts"": [""entity_type_conflict""], ""merge_eligible"": false}, {""left_source_candidate_id"": ""source-candidate:739639047d0d52a2a71f"", ""right_source_candidate_id"": ""source-candidate:eeb4647dd122c44467ae"", ""signals"": [""era_overlap""], ""conflicts"": [""entity_type_conflict""], ""merge_eligible"": false}, {""left_source_candidate_id"": ""source-candidate:741d510b7f279732b837"", ""right_source_candidate_id"": ""source-candidate:eeb4647dd122c44467ae"", ""signals"": [], ""conflicts"": [""entity_type_conflict""], ""merge_eligible"": false}, {""left_source_candidate_id"": ""source-candidate:7ccc80f0da8a2a1d60bb"", ""right_source_candidate_id"": ""source-candidate:eeb4647dd122c44467ae"", ""signals"": [""era_overlap""], ""conflicts"": [""entity_type_conflict""], ""merge_eligible"": false}, {""left_source_candidate_id"": ""source-candidate:9016aa23c09da0c15b48"", ""right_source_candidate_id"": ""source-candidate:eeb4647dd122c44467ae"", ""signals"": [], ""conflicts"": [""entity_type_conflict""], ""merge_eligible"": false}, {""left_source_candidate_id"": ""source-candidate:bb6ab72d7d8da56e7c74"", ""right_source_candidate_id"": ""source-candidate:eeb4647dd122c44467ae"", ""signals"": [], ""conflicts"": [""entity_type_conflict""], ""merge_eligible"": false}, {""left_source_candidate_id"": ""source-candidate:bf1bfc9017829455df3e"", ""right_source_candidate_id"": ""source-candidate:eeb4647dd122c44467ae"", ""signals"": [""era_overlap""], ""conflicts"": [""entity_type_conflict""], ""merge_eligible"": false}, {""left_source_candidate_id"": ""source-candidate:ed4bdef69f0116c60052"", ""right_source_candidate_id"": ""source-candidate:eeb4647dd122c44467ae"", ""signals"": [], ""conflicts"": [""entity_type_conflict""], ""merge_eligible"": false}]",,,,,,,,
13,gold-case:5bff298111dd99e91bbe,term-review-task:6d5f6ee2a0cbcd4f2926,resolution-case:d060b08bfb192841beac,부여씨,왕조,"[{""problem_id"": ""cj_v41_0103"", ""full_text"": ""이것은 (가)의 중대성에서 일본의 태정관에 보낸 외교 문서의 사본이다. 문서에는 정당성의 좌윤 하복연 등 주요 사신단의 명단과 두 나라의 우호를 돈독히 하고자 사신을 파견한다는 내용 등이 담겨 있다. 오늘 소개해 주실 자료는 무엇인가요?\n(가) 국가에 대한 설명으로 옳은 것은?\n광군을 창설하여 외침에 대비하였다.\n주자감을 설치하여 인재를 양성하였다.\n골품제라는 엄격한 신분제를 마련하였다.\n9주 5소경의 지방 행정 제도를 갖추었다.\n왕족인 부여씨와 8성의 귀족이 지배층을 이루었다.""}, {""problem_id"": ""cj_v41_0201"", ""full_text"": ""목종 5년에 6위의 직원을 마련하여 두엇는데 뒤에 8양군뉘다 ) 과 용호군짓{로)의 2군을 설치하고, 6위의 위에 엇게 하여다. 뒤에 또 중방을 설치하고 , 2군 ' 6위의 상장군과 대장군이 모두 회합하게 하였다\n다음 군사 제도를 운영한 국가에 대한 설명으로 옳은 것은?\n중정대를 두어 관리를 감찰하였다.\n9주 5소경의 지방 제도를 운영하였다.\n고관들의 합좌 기구인 도병마사를 설치하였다.\n인재를 등용하기 위하여 독서삼품과를 시행하였다.\n왕족인 부여씨와 8성의 귀족이 지배층을 이루었다.""}, {""problem_id"": ""cj_v41_0481"", ""full_text"": ""[기관라의] 관제에는 선조성이 있는데, 좌상국평장소 시중국좌상시 -간의가 소속되어 있다. 중대성에는 우상 우평장소:내사-조고사인이 소속되어 있다. 정당성에는 대내상 1명을좍 우당의 위에 두었고, 좌 우사정 각 1명을 좌-우평장소의 아래에 배치하였다 - 신당서\n다음 제도를 운영한 국가에 대한 설명으로 옳은 것은?\n교육 기관으로 주자감을 두었다.\n신라에 침입한 왜구를 격퇴하였다.\n9서당 10정의 군사 조직을 갖추었다.\n개국, 태창이라는 연호를 사용하였다.\n왕족인 부여씨와 8성의 귀족이 지배층을 이루었다.""}]",source-candidate:2803d31cc7afd42e33c1,AKS:ARTICLE:E0024397:sha256-704d8ea620c542f5,AKS,21,부여동헌,name,name_ngram,0.386429,CONFLICT,"[""부여동헌""]","[""扶餘東軒""]","[""조선"", ""조선 전기"", ""조선 후기""]",,,[],Concept,"{""headword"": ""부여동헌"", ""origin"": ""扶餘東軒"", ""headword_origin"": ""부여동헌(扶餘東軒)"", ""primary_type"": ""제도/관청"", ""era"": ""조선/조선 전기 | 조선/조선 후기"", ""definition"": ""충청남도 부여군 부여읍 국립부여박물관 내에 있는 조선시대 부여현의 관청.""}","[{""left_source_candidate_id"": ""source-candidate:07dc90ff64514d2fe9d3"", ""right_source_candidate_id"": ""source-candidate:2803d31cc7afd42e33c1"", ""signals"": [], ""conflicts"": [""entity_type_conflict""], ""merge_eligible"": false}, {""left_source_candidate_id"": ""source-candidate:0eecd78a6337cb10748a"", ""right_source_candidate_id"": ""source-candidate:2803d31cc7afd42e33c1"", ""signals"": [], ""conflicts"": [""entity_type_conflict""], ""merge_eligible"": false}, {""left_source_candidate_id"": ""source-candidate:160de71238b7f1358778"", ""right_source_candidate_id"": ""source-candidate:2803d31cc7afd42e33c1"", ""signals"": [], ""conflicts"": [""entity_type_conflict""], ""merge_eligible"": false}, {""left_source_candidate_id"": ""source-candidate:1ae4ad9ec54136cbf67a"", ""right_source_candidate_id"": ""source-candidate:2803d31cc7afd42e33c1"", ""signals"": [], ""conflicts"": [""entity_type_conflict""], ""merge_eligible"": false}, {""left_source_candidate_id"": ""source-candidate:2803d31cc7afd42e33c1"", ""right_source_candidate_id"": ""source-candidate:31fbedeed6ea9f4155e6"", ""signals"": [], ""conflicts"": [""entity_type_conflict""], ""merge_eligible"": false}, {""left_source_candidate_id"": ""source-candidate:2803d31cc7afd42e33c1"", ""right_source_candidate_id"": ""source-candidate:41909866d045208c216e"", ""signals"": [], ""conflicts"": [""entity_type_conflict""], ""merge_eligible"": false}, {""left_source_candidate_id"": ""source-candidate:2803d31cc7afd42e33c1"", ""right_source_candidate_id"": ""source-candidate:58ac08f92f70a63d56c1"", ""signals"": [], ""conflicts"": [""entity_type_conflict""], ""merge_eligible"": false}, {""left_source_candidate_id"": ""source-candidate:2803d31cc7afd42e33c1"", ""right_source_candidate_id"": ""source-candidate:642c7ee560d4137aeaae"", ""signals"": [""era_overlap""], ""conflicts"": [""entity_type_conflict""], ""merge_eligible"": false}, {""left_source_candidate_id"": ""source-candidate:2803d31cc7afd42e33c1"", ""right_source_candidate_id"": ""source-candidate:72307300a8c118d5b41f"", ""signals"": [], ""conflicts"": [""entity_type_conflict""], ""merge_eligible"": false}, {""left_source_candidate_id"": ""source-candidate:2803d31cc7afd42e33c1"", ""right_source_candidate_id"": ""source-candidate:739639047d0d52a2a71f"", ""signals"": [], ""conflicts"": [""entity_type_conflict""], ""merge_eligible"": false}, {""left_source_candidate_id"": ""source-candidate:2803d31cc7afd42e33c1"", ""right_source_candidate_id"": ""source-candidate:741d510b7f279732b837"", ""signals"": [], ""conflicts"": [""entity_type_conflict""], ""merge_eligible"": false}, {""left_source_candidate_id"": ""source-candidate:2803d31cc7afd42e33c1"", ""right_source_candidate_id"": ""source-candidate:78edd6d976dad1317c4a"", ""signals"": [""era_overlap""], ""conflicts"": [""entity_type_conflict""], ""merge_eligible"": false}, {""left_source_candidate_id"": ""source-candidate:2803d31cc7afd42e33c1"", ""right_source_candidate_id"": ""source-candidate:7ccc80f0da8a2a1d60bb"", ""signals"": [], ""conflicts"": [""entity_type_conflict""], ""merge_eligible"": false}, {""left_source_candidate_id"": ""source-candidate:2803d31cc7afd42e33c1"", ""right_source_candidate_id"": ""source-candidate:bb6ab72d7d8da56e7c74"", ""signals"": [], ""conflicts"": [""entity_type_conflict""], ""merge_eligible"": false}, {""left_source_candidate_id"": ""source-candidate:2803d31cc7afd42e33c1"", ""right_source_candidate_id"": ""source-candidate:bf1bfc9017829455df3e"", ""signals"": [], ""conflicts"": [""entity_type_conflict""], ""merge_eligible"": false}, {""left_source_candidate_id"": ""source-candidate:2803d31cc7afd42e33c1"", ""right_source_candidate_id"": ""source-candidate:ed4bdef69f0116c60052"", ""signals"": [], ""conflicts"": [""entity_type_conflict""], ""merge_eligible"": false}, {""left_source_candidate_id"": ""source-candidate:2803d31cc7afd42e33c1"", ""right_source_candidate_id"": ""source-candidate:eeb4647dd122c44467ae"", ""signals"": [], ""conflicts"": [""entity_type_conflict""], ""merge_eligible"": false}, {""left_source_candidate_id"": ""source-candidate:2803d31cc7afd42e33c1"", ""right_source_candidate_id"": ""source-candidate:fbfa3148275dd653e929"", ""signals"": [], ""conflicts"": [""entity_type_conflict""], ""merge_eligible"": false}]",,,,,,,,
13,gold-case:5bff298111dd99e91bbe,term-review-task:6d5f6ee2a0cbcd4f2926,resolution-case:d060b08bfb192841beac,부여씨,왕조,"[{""problem_id"": ""cj_v41_0103"", ""full_text"": ""이것은 (가)의 중대성에서 일본의 태정관에 보낸 외교 문서의 사본이다. 문서에는 정당성의 좌윤 하복연 등 주요 사신단의 명단과 두 나라의 우호를 돈독히 하고자 사신을 파견한다는 내용 등이 담겨 있다. 오늘 소개해 주실 자료는 무엇인가요?\n(가) 국가에 대한 설명으로 옳은 것은?\n광군을 창설하여 외침에 대비하였다.\n주자감을 설치하여 인재를 양성하였다.\n골품제라는 엄격한 신분제를 마련하였다.\n9주 5소경의 지방 행정 제도를 갖추었다.\n왕족인 부여씨와 8성의 귀족이 지배층을 이루었다.""}, {""problem_id"": ""cj_v41_0201"", ""full_text"": ""목종 5년에 6위의 직원을 마련하여 두엇는데 뒤에 8양군뉘다 ) 과 용호군짓{로)의 2군을 설치하고, 6위의 위에 엇게 하여다. 뒤에 또 중방을 설치하고 , 2군 ' 6위의 상장군과 대장군이 모두 회합하게 하였다\n다음 군사 제도를 운영한 국가에 대한 설명으로 옳은 것은?\n중정대를 두어 관리를 감찰하였다.\n9주 5소경의 지방 제도를 운영하였다.\n고관들의 합좌 기구인 도병마사를 설치하였다.\n인재를 등용하기 위하여 독서삼품과를 시행하였다.\n왕족인 부여씨와 8성의 귀족이 지배층을 이루었다.""}, {""problem_id"": ""cj_v41_0481"", ""full_text"": ""[기관라의] 관제에는 선조성이 있는데, 좌상국평장소 시중국좌상시 -간의가 소속되어 있다. 중대성에는 우상 우평장소:내사-조고사인이 소속되어 있다. 정당성에는 대내상 1명을좍 우당의 위에 두었고, 좌 우사정 각 1명을 좌-우평장소의 아래에 배치하였다 - 신당서\n다음 제도를 운영한 국가에 대한 설명으로 옳은 것은?\n교육 기관으로 주자감을 두었다.\n신라에 침입한 왜구를 격퇴하였다.\n9서당 10정의 군사 조직을 갖추었다.\n개국, 태창이라는 연호를 사용하였다.\n왕족인 부여씨와 8성의 귀족이 지배층을 이루었다.""}]",source-candidate:78edd6d976dad1317c4a,AKS:ARTICLE:E0024463:sha256-704d8ea620c542f5,AKS,22,부여향교,name,name_ngram,0.386429,CONFLICT,"[""부여향교""]","[""扶餘鄕校""]","[""조선"", ""조선 전기"", ""조선 후기""]",,,[],Heritage,"{""headword"": ""부여향교"", ""origin"": ""扶餘鄕校"", ""headword_origin"": ""부여향교(扶餘鄕校)"", ""primary_type"": ""유적/건물"", ""era"": ""조선/조선 전기 | 조선/조선 후기"", ""definition"": ""충청남도 부여군 부여읍에 있는 조선시대에 창건된 향교. 교육시설.""}","[{""left_source_candidate_id"": ""source-candidate:07dc90ff64514d2fe9d3"", ""right_source_candidate_id"": ""source-candidate:78edd6d976dad1317c4a"", ""signals"": [], ""conflicts"": [""entity_type_conflict""], ""merge_eligible"": false}, {""left_source_candidate_id"": ""source-candidate:0eecd78a6337cb10748a"", ""right_source_candidate_id"": ""source-candidate:78edd6d976dad1317c4a"", ""signals"": [], ""conflicts"": [""entity_type_conflict""], ""merge_eligible"": false}, {""left_source_candidate_id"": ""source-candidate:1ae4ad9ec54136cbf67a"", ""right_source_candidate_id"": ""source-candidate:78edd6d976dad1317c4a"", ""signals"": [], ""conflicts"": [""entity_type_conflict""], ""merge_eligible"": false}, {""left_source_candidate_id"": ""source-candidate:2803d31cc7afd42e33c1"", ""right_source_candidate_id"": ""source-candidate:78edd6d976dad1317c4a"", ""signals"": [""era_overlap""], ""conflicts"": [""entity_type_conflict""], ""merge_eligible"": false}, {""left_source_candidate_id"": ""source-candidate:31fbedeed6ea9f4155e6"", ""right_source_candidate_id"": ""source-candidate:78edd6d976dad1317c4a"", ""signals"": [], ""conflicts"": [""entity_type_conflict""], ""merge_eligible"": false}, {""left_source_candidate_id"": ""source-candidate:41909866d045208c216e"", ""right_source_candidate_id"": ""source-candidate:78edd6d976dad1317c4a"", ""signals"": [], ""conflicts"": [""entity_type_conflict""], ""merge_eligible"": false}, {""left_source_candidate_id"": ""source-candidate:58ac08f92f70a63d56c1"", ""right_source_candidate_id"": ""source-candidate:78edd6d976dad1317c4a"", ""signals"": [], ""conflicts"": [""entity_type_conflict""], ""merge_eligible"": false}, {""left_source_candidate_id"": ""source-candidate:5e7e0bb0d90af1fa4349"", ""right_source_candidate_id"": ""source-candidate:78edd6d976dad1317c4a"", ""signals"": [], ""conflicts"": [""entity_type_conflict""], ""merge_eligible"": false}, {""left_source_candidate_id"": ""source-candidate:72307300a8c118d5b41f"", ""right_source_candidate_id"": ""source-candidate:78edd6d976dad1317c4a"", ""signals"": [], ""conflicts"": [""entity_type_conflict""], ""merge_eligible"": false}, {""left_source_candidate_id"": ""source-candidate:739639047d0d52a2a71f"", ""right_source_candidate_id"": ""source-candidate:78edd6d976dad1317c4a"", ""signals"": [], ""conflicts"": [""entity_type_conflict""], ""merge_eligible"": false}, {""left_source_candidate_id"": ""source-candidate:741d510b7f279732b837"", ""right_source_candidate_id"": ""source-candidate:78edd6d976dad1317c4a"", ""signals"": [], ""conflicts"": [""entity_type_conflict""], ""merge_eligible"": false}, {""left_source_candidate_id"": ""source-candidate:78edd6d976dad1317c4a"", ""right_source_candidate_id"": ""source-candidate:7ccc80f0da8a2a1d60bb"", ""signals"": [], ""conflicts"": [""entity_type_conflict""], ""merge_eligible"": false}, {""left_source_candidate_id"": ""source-candidate:78edd6d976dad1317c4a"", ""right_source_candidate_id"": ""source-candidate:9016aa23c09da0c15b48"", ""signals"": [], ""conflicts"": [""entity_type_conflict""], ""merge_eligible"": false}, {""left_source_candidate_id"": ""source-candidate:78edd6d976dad1317c4a"", ""right_source_candidate_id"": ""source-candidate:bb6ab72d7d8da56e7c74"", ""signals"": [], ""conflicts"": [""entity_type_conflict""], ""merge_eligible"": false}, {""left_source_candidate_id"": ""source-candidate:78edd6d976dad1317c4a"", ""right_source_candidate_id"": ""source-candidate:bf1bfc9017829455df3e"", ""signals"": [], ""conflicts"": [""entity_type_conflict""], ""merge_eligible"": false}, {""left_source_candidate_id"": ""source-candidate:78edd6d976dad1317c4a"", ""right_source_candidate_id"": ""source-candidate:ed4bdef69f0116c60052"", ""signals"": [], ""conflicts"": [""entity_type_conflict""], ""merge_eligible"": false}]",,,,,,,,
13,gold-case:5bff298111dd99e91bbe,term-review-task:6d5f6ee2a0cbcd4f2926,resolution-case:d060b08bfb192841beac,부여씨,왕조,"[{""problem_id"": ""cj_v41_0103"", ""full_text"": ""이것은 (가)의 중대성에서 일본의 태정관에 보낸 외교 문서의 사본이다. 문서에는 정당성의 좌윤 하복연 등 주요 사신단의 명단과 두 나라의 우호를 돈독히 하고자 사신을 파견한다는 내용 등이 담겨 있다. 오늘 소개해 주실 자료는 무엇인가요?\n(가) 국가에 대한 설명으로 옳은 것은?\n광군을 창설하여 외침에 대비하였다.\n주자감을 설치하여 인재를 양성하였다.\n골품제라는 엄격한 신분제를 마련하였다.\n9주 5소경의 지방 행정 제도를 갖추었다.\n왕족인 부여씨와 8성의 귀족이 지배층을 이루었다.""}, {""problem_id"": ""cj_v41_0201"", ""full_text"": ""목종 5년에 6위의 직원을 마련하여 두엇는데 뒤에 8양군뉘다 ) 과 용호군짓{로)의 2군을 설치하고, 6위의 위에 엇게 하여다. 뒤에 또 중방을 설치하고 , 2군 ' 6위의 상장군과 대장군이 모두 회합하게 하였다\n다음 군사 제도를 운영한 국가에 대한 설명으로 옳은 것은?\n중정대를 두어 관리를 감찰하였다.\n9주 5소경의 지방 제도를 운영하였다.\n고관들의 합좌 기구인 도병마사를 설치하였다.\n인재를 등용하기 위하여 독서삼품과를 시행하였다.\n왕족인 부여씨와 8성의 귀족이 지배층을 이루었다.""}, {""problem_id"": ""cj_v41_0481"", ""full_text"": ""[기관라의] 관제에는 선조성이 있는데, 좌상국평장소 시중국좌상시 -간의가 소속되어 있다. 중대성에는 우상 우평장소:내사-조고사인이 소속되어 있다. 정당성에는 대내상 1명을좍 우당의 위에 두었고, 좌 우사정 각 1명을 좌-우평장소의 아래에 배치하였다 - 신당서\n다음 제도를 운영한 국가에 대한 설명으로 옳은 것은?\n교육 기관으로 주자감을 두었다.\n신라에 침입한 왜구를 격퇴하였다.\n9서당 10정의 군사 조직을 갖추었다.\n개국, 태창이라는 연호를 사용하였다.\n왕족인 부여씨와 8성의 귀족이 지배층을 이루었다.""}]",source-candidate:5e7e0bb0d90af1fa4349,AKS:ARTICLE:E0024405:sha256-704d8ea620c542f5,AKS,23,부여부,name,name_ngram,0.37,CONFLICT,"[""부여부""]","[""扶餘府""]","[""고대"", ""남북국"", ""발해""]",,,[],Concept,"{""headword"": ""부여부"", ""origin"": ""扶餘府"", ""headword_origin"": ""부여부(扶餘府)"", ""primary_type"": ""제도/법령·제도"", ""era"": ""고대/남북국/발해"", ""definition"": ""발해시대의 지방행정구역.""}","[{""left_source_candidate_id"": ""source-candidate:07dc90ff64514d2fe9d3"", ""right_source_candidate_id"": ""source-candidate:5e7e0bb0d90af1fa4349"", ""signals"": [""era_overlap""], ""conflicts"": [""entity_type_conflict""], ""merge_eligible"": false}, {""left_source_candidate_id"": ""source-candidate:0eecd78a6337cb10748a"", ""right_source_candidate_id"": ""source-candidate:5e7e0bb0d90af1fa4349"", ""signals"": [""normalized_name_match"", ""hanja_match""], ""conflicts"": [""entity_type_conflict""], ""merge_eligible"": false}, {""left_source_candidate_id"": ""source-candidate:160de71238b7f1358778"", ""right_source_candidate_id"": ""source-candidate:5e7e0bb0d90af1fa4349"", ""signals"": [""era_overlap""], ""conflicts"": [""entity_type_conflict""], ""merge_eligible"": false}, {""left_source_candidate_id"": ""source-candidate:1ae4ad9ec54136cbf67a"", ""right_source_candidate_id"": ""source-candidate:5e7e0bb0d90af1fa4349"", ""signals"": [""era_overlap""], ""conflicts"": [""entity_type_conflict""], ""merge_eligible"": false}, {""left_source_candidate_id"": ""source-candidate:31fbedeed6ea9f4155e6"", ""right_source_candidate_id"": ""source-candidate:5e7e0bb0d90af1fa4349"", ""signals"": [""era_overlap""], ""conflicts"": [""entity_type_conflict""], ""merge_eligible"": false}, {""left_source_candidate_id"": ""source-candidate:41909866d045208c216e"", ""right_source_candidate_id"": ""source-candidate:5e7e0bb0d90af1fa4349"", ""signals"": [""era_overlap""], ""conflicts"": [""entity_type_conflict""], ""merge_eligible"": false}, {""left_source_candidate_id"": ""source-candidate:58ac08f92f70a63d56c1"", ""right_source_candidate_id"": ""source-candidate:5e7e0bb0d90af1fa4349"", ""signals"": [""era_overlap""], ""conflicts"": [""entity_type_conflict""], ""merge_eligible"": false}, {""left_source_candidate_id"": ""source-candidate:5e7e0bb0d90af1fa4349"", ""right_source_candidate_id"": ""source-candidate:642c7ee560d4137aeaae"", ""signals"": [], ""conflicts"": [""entity_type_conflict""], ""merge_eligible"": false}, {""left_source_candidate_id"": ""source-candidate:5e7e0bb0d90af1fa4349"", ""right_source_candidate_id"": ""source-candidate:72307300a8c118d5b41f"", ""signals"": [""era_overlap""], ""conflicts"": [""entity_type_conflict""], ""merge_eligible"": false}, {""left_source_candidate_id"": ""source-candidate:5e7e0bb0d90af1fa4349"", ""right_source_candidate_id"": ""source-candidate:739639047d0d52a2a71f"", ""signals"": [""era_overlap""], ""conflicts"": [""entity_type_conflict""], ""merge_eligible"": false}, {""left_source_candidate_id"": ""source-candidate:5e7e0bb0d90af1fa4349"", ""right_source_candidate_id"": ""source-candidate:741d510b7f279732b837"", ""signals"": [], ""conflicts"": [""entity_type_conflict""], ""merge_eligible"": false}, {""left_source_candidate_id"": ""source-candidate:5e7e0bb0d90af1fa4349"", ""right_source_candidate_id"": ""source-candidate:78edd6d976dad1317c4a"", ""signals"": [], ""conflicts"": [""entity_type_conflict""], ""merge_eligible"": false}, {""left_source_candidate_id"": ""source-candidate:5e7e0bb0d90af1fa4349"", ""right_source_candidate_id"": ""source-candidate:7ccc80f0da8a2a1d60bb"", ""signals"": [""era_overlap""], ""conflicts"": [""entity_type_conflict""], ""merge_eligible"": false}, {""left_source_candidate_id"": ""source-candidate:5e7e0bb0d90af1fa4349"", ""right_source_candidate_id"": ""source-candidate:bb6ab72d7d8da56e7c74"", ""signals"": [], ""conflicts"": [""entity_type_conflict""], ""merge_eligible"": false}, {""left_source_candidate_id"": ""source-candidate:5e7e0bb0d90af1fa4349"", ""right_source_candidate_id"": ""source-candidate:bf1bfc9017829455df3e"", ""signals"": [""era_overlap""], ""conflicts"": [""entity_type_conflict""], ""merge_eligible"": false}, {""left_source_candidate_id"": ""source-candidate:5e7e0bb0d90af1fa4349"", ""right_source_candidate_id"": ""source-candidate:ed4bdef69f0116c60052"", ""signals"": [], ""conflicts"": [""entity_type_conflict""], ""merge_eligible"": false}, {""left_source_candidate_id"": ""source-candidate:5e7e0bb0d90af1fa4349"", ""right_source_candidate_id"": ""source-candidate:eeb4647dd122c44467ae"", ""signals"": [""era_overlap""], ""conflicts"": [""entity_type_conflict""], ""merge_eligible"": false}, {""left_source_candidate_id"": ""source-candidate:5e7e0bb0d90af1fa4349"", ""right_source_candidate_id"": ""source-candidate:fbfa3148275dd653e929"", ""signals"": [""era_overlap""], ""conflicts"": [""entity_type_conflict""], ""merge_eligible"": false}]",,,,,,,,
14,gold-case:5abe2b30263d91d51a40,term-review-task:996c8a5901b9d70fd28a,resolution-case:3437a5c344a962382e98,포츠머스 조약,조약,"[{""problem_id"": ""cj_v41_0838"", ""full_text"": ""당신은 무슨 이유로 이토 히로부미를 살해했는가? 일본은 전쟁 당시 우리나라의 독립을 보장해주겠다고 약속했다. 그러나 포츠머스 조약으로 전쟁이 종결되자, 이토는 우리 군신을 위협해 주권을 빼앗으려 하였다.\n'전쟁' 중에 있었던 사실로 옳지 않은 것은?\n일본이 독도를 불법적으로 편입하였다.\n일본과 미국이 가쓰라·태프트 밀약을 맺었다.\n일본인 메가타가 대한 제국의 재정 고문으로 초빙되었다.\n대한 제국이 기유각서를 통해 일제에 사법권을 박탈당하였다.\n군사 전략상 필요한 지역을 일본에 제공하는 한일 의정서가 강요되었다.""}, {""problem_id"": ""cj_v41_1366"", ""full_text"": ""미국 잡지 ‘포퓰러 매거진’의 1912년 마지막 호에는 한반도를 둘러싼 대한 제국과 일본, 러시아 간의 암투를 다룬 첩보 소설(The cat and the king)이 실렸습니다. 베델, 민영환 등 당대 인물들이 등장하는 이 소설은 일제가 포츠머스 조약을 체결하여 전쟁을 끝내고 대한 제국의 외교권을 박탈하려 하는 등 긴박하게 전개되었던 당시 상황을 배경으로 하고 있다.\n밑줄 그은 ‘전쟁’ 기간에 있었던 사실로 옳은 것은?\n고종이 아관 파천을 단행하였다.\n일본이 독도를 불법 편입하였다.\n러시아가 절영도 조차를 요구하였다.\n조청 상민 수륙 무역 장정을 체결하였다.\n평양 관민이 대동강에 침입한 제너럴 셔먼호를 불태웠다.""}]",source-candidate:fefc2a2847bddf38da04,AKS:ARTICLE:E0066871:sha256-704d8ea620c542f5,AKS,1,포츠머스 조약,name,exact,1.0,COMPATIBLE,"[""포츠머스조약""]","[""條約""]","[""근대"", ""대한제국기""]",,,[],Event,"{""headword"": ""포츠머스 조약"", ""origin"": ""Portsmouth 條約"", ""headword_origin"": ""포츠머스 조약(Portsmouth 條約)"", ""primary_type"": ""사건/조약·회담"", ""era"": ""근대/대한제국기"", ""definition"": ""1905년 9월, 러일전쟁을 마무리하기 위해 미국 포츠머스에서 일본과 러시아 간에 체결된 강화조약.""}","[{""left_source_candidate_id"": ""source-candidate:1b64055f429cb78d839c"", ""right_source_candidate_id"": ""source-candidate:fefc2a2847bddf38da04"", ""signals"": [""normalized_name_match"", ""hanja_match"", ""era_overlap""], ""conflicts"": [], ""merge_eligible"": true}, {""left_source_candidate_id"": ""source-candidate:9eb988e0e90548a7c816"", ""right_source_candidate_id"": ""source-candidate:fefc2a2847bddf38da04"", ""signals"": [], ""conflicts"": [""entity_type_conflict""], ""merge_eligible"": false}]",IDENTITY_MEMBER,ALT_010,포츠머스 조약,Concept,,,,
14,gold-case:5abe2b30263d91d51a40,term-review-task:996c8a5901b9d70fd28a,resolution-case:3437a5c344a962382e98,포츠머스 조약,조약,"[{""problem_id"": ""cj_v41_0838"", ""full_text"": ""당신은 무슨 이유로 이토 히로부미를 살해했는가? 일본은 전쟁 당시 우리나라의 독립을 보장해주겠다고 약속했다. 그러나 포츠머스 조약으로 전쟁이 종결되자, 이토는 우리 군신을 위협해 주권을 빼앗으려 하였다.\n'전쟁' 중에 있었던 사실로 옳지 않은 것은?\n일본이 독도를 불법적으로 편입하였다.\n일본과 미국이 가쓰라·태프트 밀약을 맺었다.\n일본인 메가타가 대한 제국의 재정 고문으로 초빙되었다.\n대한 제국이 기유각서를 통해 일제에 사법권을 박탈당하였다.\n군사 전략상 필요한 지역을 일본에 제공하는 한일 의정서가 강요되었다.""}, {""problem_id"": ""cj_v41_1366"", ""full_text"": ""미국 잡지 ‘포퓰러 매거진’의 1912년 마지막 호에는 한반도를 둘러싼 대한 제국과 일본, 러시아 간의 암투를 다룬 첩보 소설(The cat and the king)이 실렸습니다. 베델, 민영환 등 당대 인물들이 등장하는 이 소설은 일제가 포츠머스 조약을 체결하여 전쟁을 끝내고 대한 제국의 외교권을 박탈하려 하는 등 긴박하게 전개되었던 당시 상황을 배경으로 하고 있다.\n밑줄 그은 ‘전쟁’ 기간에 있었던 사실로 옳은 것은?\n고종이 아관 파천을 단행하였다.\n일본이 독도를 불법 편입하였다.\n러시아가 절영도 조차를 요구하였다.\n조청 상민 수륙 무역 장정을 체결하였다.\n평양 관민이 대동강에 침입한 제너럴 셔먼호를 불태웠다.""}]",source-candidate:1b64055f429cb78d839c,THESAURUS:TERM:25169427:sha256-1022516a18f91e61,THESAURUS,2,포츠머스조약,name,exact,1.0,UNKNOWN,"[""포츠머스조약""]","[""條約""]","[""대한제국기""]",,,[],,"{""term_name"": ""포츠머스조약"", ""hanja"": ""포츠머스條約"", ""era"": ""대한제국기"", ""thesaurus_category"": ""외교·국제관계>외교협상·협약>대한제국기"", ""description"": ""1905년 8월 10일 미국 뉴햄프셔주(州)의 군항도시인 포츠머스에서 미국 대통령 T.루스벨트의 알선으로 강화회의가 열려, 배상금과 할양지(割讓地)의 문제로 체결된 러일전쟁의 강화조약. 한 때 난항했으나 9월 5일 일본의 전권외상 고무라 주타로[小村壽太郞]와 러시아의 전권 재무장관 비테와의 사이에 조인되어 체결."", ""term_year"": ""1905""}","[{""left_source_candidate_id"": ""source-candidate:1b64055f429cb78d839c"", ""right_source_candidate_id"": ""source-candidate:fefc2a2847bddf38da04"", ""signals"": [""normalized_name_match"", ""hanja_match"", ""era_overlap""], ""conflicts"": [], ""merge_eligible"": true}]",IDENTITY_MEMBER,ALT_010,포츠머스 조약,Concept,,,,
14,gold-case:5abe2b30263d91d51a40,term-review-task:996c8a5901b9d70fd28a,resolution-case:3437a5c344a962382e98,포츠머스 조약,조약,"[{""problem_id"": ""cj_v41_0838"", ""full_text"": ""당신은 무슨 이유로 이토 히로부미를 살해했는가? 일본은 전쟁 당시 우리나라의 독립을 보장해주겠다고 약속했다. 그러나 포츠머스 조약으로 전쟁이 종결되자, 이토는 우리 군신을 위협해 주권을 빼앗으려 하였다.\n'전쟁' 중에 있었던 사실로 옳지 않은 것은?\n일본이 독도를 불법적으로 편입하였다.\n일본과 미국이 가쓰라·태프트 밀약을 맺었다.\n일본인 메가타가 대한 제국의 재정 고문으로 초빙되었다.\n대한 제국이 기유각서를 통해 일제에 사법권을 박탈당하였다.\n군사 전략상 필요한 지역을 일본에 제공하는 한일 의정서가 강요되었다.""}, {""problem_id"": ""cj_v41_1366"", ""full_text"": ""미국 잡지 ‘포퓰러 매거진’의 1912년 마지막 호에는 한반도를 둘러싼 대한 제국과 일본, 러시아 간의 암투를 다룬 첩보 소설(The cat and the king)이 실렸습니다. 베델, 민영환 등 당대 인물들이 등장하는 이 소설은 일제가 포츠머스 조약을 체결하여 전쟁을 끝내고 대한 제국의 외교권을 박탈하려 하는 등 긴박하게 전개되었던 당시 상황을 배경으로 하고 있다.\n밑줄 그은 ‘전쟁’ 기간에 있었던 사실로 옳은 것은?\n고종이 아관 파천을 단행하였다.\n일본이 독도를 불법 편입하였다.\n러시아가 절영도 조차를 요구하였다.\n조청 상민 수륙 무역 장정을 체결하였다.\n평양 관민이 대동강에 침입한 제너럴 셔먼호를 불태웠다.""}]",source-candidate:9eb988e0e90548a7c816,THESAURUS:TERM:39853727:sha256-1022516a18f91e61,THESAURUS,3,,description,description_containment,0.47,UNKNOWN,"[""야오뚱반도""]","[""遼東半島""]",[],,,[],Place,"{""term_name"": ""랴오뚱반도"", ""hanja"": ""遼東半島"", ""thesaurus_category"": ""지명"", ""description"": ""중국 랴오닝성[遼寧省] 남부, 황해와 보하이해[渤海]를 가르는 반도. 청 ·일전쟁 후, 1895년의 시모노세키[下關]조약에 의해 일본에 할양되었다가 ‘3국간섭’으로 다시 반환. 그 후 남단부의 관동주(關東州)가 러시아의 조차지가 되었으나, 러 ·일전쟁의 결과, 포츠머스조약 및 베이징[北京]조약에 의해 관동주는 일본 조차지가 되었음. 일본의 통치는 약 40년 간에 걸쳐 계속되었으나, 제2차 세계대전 후 조차권(租借權)은 소멸되고 다시 중국 영토로 복귀."", ""term_year"": ""?""}","[{""left_source_candidate_id"": ""source-candidate:9eb988e0e90548a7c816"", ""right_source_candidate_id"": ""source-candidate:fefc2a2847bddf38da04"", ""signals"": [], ""conflicts"": [""entity_type_conflict""], ""merge_eligible"": false}]",EVIDENCE_ONLY,,,,REL_135,랴오뚱반도,Place,
14,gold-case:5abe2b30263d91d51a40,term-review-task:996c8a5901b9d70fd28a,resolution-case:3437a5c344a962382e98,포츠머스 조약,조약,"[{""problem_id"": ""cj_v41_0838"", ""full_text"": ""당신은 무슨 이유로 이토 히로부미를 살해했는가? 일본은 전쟁 당시 우리나라의 독립을 보장해주겠다고 약속했다. 그러나 포츠머스 조약으로 전쟁이 종결되자, 이토는 우리 군신을 위협해 주권을 빼앗으려 하였다.\n'전쟁' 중에 있었던 사실로 옳지 않은 것은?\n일본이 독도를 불법적으로 편입하였다.\n일본과 미국이 가쓰라·태프트 밀약을 맺었다.\n일본인 메가타가 대한 제국의 재정 고문으로 초빙되었다.\n대한 제국이 기유각서를 통해 일제에 사법권을 박탈당하였다.\n군사 전략상 필요한 지역을 일본에 제공하는 한일 의정서가 강요되었다.""}, {""problem_id"": ""cj_v41_1366"", ""full_text"": ""미국 잡지 ‘포퓰러 매거진’의 1912년 마지막 호에는 한반도를 둘러싼 대한 제국과 일본, 러시아 간의 암투를 다룬 첩보 소설(The cat and the king)이 실렸습니다. 베델, 민영환 등 당대 인물들이 등장하는 이 소설은 일제가 포츠머스 조약을 체결하여 전쟁을 끝내고 대한 제국의 외교권을 박탈하려 하는 등 긴박하게 전개되었던 당시 상황을 배경으로 하고 있다.\n밑줄 그은 ‘전쟁’ 기간에 있었던 사실로 옳은 것은?\n고종이 아관 파천을 단행하였다.\n일본이 독도를 불법 편입하였다.\n러시아가 절영도 조차를 요구하였다.\n조청 상민 수륙 무역 장정을 체결하였다.\n평양 관민이 대동강에 침입한 제너럴 셔먼호를 불태웠다.""}]",source-candidate:12d4b14b899b2cca6ccc,THESAURUS:TERM:7581:sha256-1022516a18f91e61,THESAURUS,4,제물포조약,name,name_ngram,0.271818,UNKNOWN,"[""제물포조약""]","[""濟物浦條約""]","[""개항기""]",,,[],,"{""term_name"": ""제물포조약"", ""hanja"": ""濟物浦條約"", ""era"": ""개항기"", ""thesaurus_category"": ""외교·국제관계>외교협상·협약>개항기"", ""description"": ""1882년 8월 30일 조선과 일본 사이에 임오군란으로 빚어진 양국간의 문제를 뒤처리하기 위하여 맺어진 조약."", ""term_year"": ""1882""}",[],,,,,,,,
15,gold-case:1c20ff8911297a9c700f,term-review-task:76e93c17fa71ad9f5efd,resolution-case:48ea7a32a70f2fbe87b6,돈오점수,사상,"[{""problem_id"": ""cj_v41_0206"", ""full_text"": ""이 목판의 근은 '불일보조국사' 라는 시호를 반은 그가 지은 것 이다. 그는 화누록 바탕으로 수행하는 참신법을 강조하고 돈오점수률 주장하였다. 원든성물론 간화결의론 합각 목판\n‘그’에 대한 설명으로 옳은 것은?\n화왕계를 지어 국왕에게 바쳤다.\n천태종을 개창하여 불교 통합에 힘썼다.\n정혜결사를 통해 불교 개혁에 앞장섰다.\n심성의 도야를 강조한 유불 일치설을 제창하였다.\n불교 관련 설화를 중심으로 삼국유사를 저술하였다.""}, {""problem_id"": ""cj_v41_0301"", ""full_text"": ""이것은 개경 흥왕사 터에서 출토된 대각국사의 묘지명 탁본이다. 여기에는 문종의 넷째 아들인 그가 송에 유학하고 돌아온 후 국청사를 중심으로 천태종을 개창한 내용이 기록되어 있다.\n‘그’에 대한 설명으로 옳은 것은?\n정혜쌍수와 돈오점수를 주장하였다.\n무애가를 지어 불교 대중화에 힘썼다.\n황룡사 구층 목탑의 건립을 건의하였다.\n백련사 결사를 통해 불교 정화 운동을 전개하였다.\n교장도감을 설치하여 불교 경전 주석서를 편찬하였다.""}, {""problem_id"": ""cj_v41_0345"", ""full_text"": ""이곳은 (가)이/가 불교계 개혁 운동을 전개한 순천 송광사이다. 그는 수행 방법으로 돈오점수를 주장하였다. 지도에는 보조국사 감로탑과 국사전이 표시되어 있다.\n(가) 인물에 대한 설명으로 옳은 것은?\n승려들의 전기를 담은 해동고승전을 집필하였다.\n화엄일승법계도를 지어 화엄 사상을 정리하였다.\n권수정혜결사문을 작성하여 정혜쌍수를 강조하였다.\n불교 경전에 대한 주석서를 모아 교장을 편찬하였다.\n보현십원가를 지어 불교 교리를 대중에게 전파하였다.""}]",source-candidate:eb3f3c90a76870e7f651,AKS:ARTICLE:E0016070:sha256-704d8ea620c542f5,AKS,1,돈오점수,name,exact,1.0,COMPATIBLE,"[""돈오점수"", ""점수돈오""]","[""頓悟漸修""]",[],,,[],Concept,"{""headword"": ""돈오점수"", ""aliases"": [""점수돈오""], ""origin"": ""頓悟漸修"", ""headword_origin"": ""돈오점수(頓悟漸修)"", ""primary_type"": ""개념"", ""era"": ""미상"", ""definition"": ""선종의 수증관에서 돈오와 점수라는 의미, 그리고 돈오한 이후의 점수라는 의미.""}","[{""left_source_candidate_id"": ""source-candidate:cde3a691cb5ef125ebff"", ""right_source_candidate_id"": ""source-candidate:eb3f3c90a76870e7f651"", ""signals"": [], ""conflicts"": [""entity_type_conflict""], ""merge_eligible"": false}, {""left_source_candidate_id"": ""source-candidate:ce2e80af8b52e490d3cb"", ""right_source_candidate_id"": ""source-candidate:eb3f3c90a76870e7f651"", ""signals"": [""normalized_name_match"", ""hanja_match""], ""conflicts"": [], ""merge_eligible"": true}, {""left_source_candidate_id"": ""source-candidate:d94714900ddbff8788ed"", ""right_source_candidate_id"": ""source-candidate:eb3f3c90a76870e7f651"", ""signals"": [], ""conflicts"": [""entity_type_conflict""], ""merge_eligible"": false}]",IDENTITY_MEMBER,ALT_011,돈오점수,Concept,,,,
15,gold-case:1c20ff8911297a9c700f,term-review-task:76e93c17fa71ad9f5efd,resolution-case:48ea7a32a70f2fbe87b6,돈오점수,사상,"[{""problem_id"": ""cj_v41_0206"", ""full_text"": ""이 목판의 근은 '불일보조국사' 라는 시호를 반은 그가 지은 것 이다. 그는 화누록 바탕으로 수행하는 참신법을 강조하고 돈오점수률 주장하였다. 원든성물론 간화결의론 합각 목판\n‘그’에 대한 설명으로 옳은 것은?\n화왕계를 지어 국왕에게 바쳤다.\n천태종을 개창하여 불교 통합에 힘썼다.\n정혜결사를 통해 불교 개혁에 앞장섰다.\n심성의 도야를 강조한 유불 일치설을 제창하였다.\n불교 관련 설화를 중심으로 삼국유사를 저술하였다.""}, {""problem_id"": ""cj_v41_0301"", ""full_text"": ""이것은 개경 흥왕사 터에서 출토된 대각국사의 묘지명 탁본이다. 여기에는 문종의 넷째 아들인 그가 송에 유학하고 돌아온 후 국청사를 중심으로 천태종을 개창한 내용이 기록되어 있다.\n‘그’에 대한 설명으로 옳은 것은?\n정혜쌍수와 돈오점수를 주장하였다.\n무애가를 지어 불교 대중화에 힘썼다.\n황룡사 구층 목탑의 건립을 건의하였다.\n백련사 결사를 통해 불교 정화 운동을 전개하였다.\n교장도감을 설치하여 불교 경전 주석서를 편찬하였다.""}, {""problem_id"": ""cj_v41_0345"", ""full_text"": ""이곳은 (가)이/가 불교계 개혁 운동을 전개한 순천 송광사이다. 그는 수행 방법으로 돈오점수를 주장하였다. 지도에는 보조국사 감로탑과 국사전이 표시되어 있다.\n(가) 인물에 대한 설명으로 옳은 것은?\n승려들의 전기를 담은 해동고승전을 집필하였다.\n화엄일승법계도를 지어 화엄 사상을 정리하였다.\n권수정혜결사문을 작성하여 정혜쌍수를 강조하였다.\n불교 경전에 대한 주석서를 모아 교장을 편찬하였다.\n보현십원가를 지어 불교 교리를 대중에게 전파하였다.""}]",source-candidate:ce2e80af8b52e490d3cb,THESAURUS:TERM:3518:sha256-1022516a18f91e61,THESAURUS,2,돈오점수,name,exact,1.0,UNKNOWN,"[""돈오점수""]","[""頓悟漸修""]",[],,,[],,"{""term_name"": ""돈오점수"", ""hanja"": ""頓悟漸修"", ""era"": ""통시대"", ""thesaurus_category"": ""전통사상·종교>불교>불교종파·용어"", ""description"": ""부처가 되기 위해서 진심(眞心)의 이치를 먼저 깨친 뒤에 오랜 습기(習氣)를 제거하여 가는 불교의 선수행(禪修行)방법."", ""term_year"": ""?-?""}","[{""left_source_candidate_id"": ""source-candidate:ce2e80af8b52e490d3cb"", ""right_source_candidate_id"": ""source-candidate:eb3f3c90a76870e7f651"", ""signals"": [""normalized_name_match"", ""hanja_match""], ""conflicts"": [], ""merge_eligible"": true}]",IDENTITY_MEMBER,ALT_011,돈오점수,Concept,,,,
15,gold-case:1c20ff8911297a9c700f,term-review-task:76e93c17fa71ad9f5efd,resolution-case:48ea7a32a70f2fbe87b6,돈오점수,사상,"[{""problem_id"": ""cj_v41_0206"", ""full_text"": ""이 목판의 근은 '불일보조국사' 라는 시호를 반은 그가 지은 것 이다. 그는 화누록 바탕으로 수행하는 참신법을 강조하고 돈오점수률 주장하였다. 원든성물론 간화결의론 합각 목판\n‘그’에 대한 설명으로 옳은 것은?\n화왕계를 지어 국왕에게 바쳤다.\n천태종을 개창하여 불교 통합에 힘썼다.\n정혜결사를 통해 불교 개혁에 앞장섰다.\n심성의 도야를 강조한 유불 일치설을 제창하였다.\n불교 관련 설화를 중심으로 삼국유사를 저술하였다.""}, {""problem_id"": ""cj_v41_0301"", ""full_text"": ""이것은 개경 흥왕사 터에서 출토된 대각국사의 묘지명 탁본이다. 여기에는 문종의 넷째 아들인 그가 송에 유학하고 돌아온 후 국청사를 중심으로 천태종을 개창한 내용이 기록되어 있다.\n‘그’에 대한 설명으로 옳은 것은?\n정혜쌍수와 돈오점수를 주장하였다.\n무애가를 지어 불교 대중화에 힘썼다.\n황룡사 구층 목탑의 건립을 건의하였다.\n백련사 결사를 통해 불교 정화 운동을 전개하였다.\n교장도감을 설치하여 불교 경전 주석서를 편찬하였다.""}, {""problem_id"": ""cj_v41_0345"", ""full_text"": ""이곳은 (가)이/가 불교계 개혁 운동을 전개한 순천 송광사이다. 그는 수행 방법으로 돈오점수를 주장하였다. 지도에는 보조국사 감로탑과 국사전이 표시되어 있다.\n(가) 인물에 대한 설명으로 옳은 것은?\n승려들의 전기를 담은 해동고승전을 집필하였다.\n화엄일승법계도를 지어 화엄 사상을 정리하였다.\n권수정혜결사문을 작성하여 정혜쌍수를 강조하였다.\n불교 경전에 대한 주석서를 모아 교장을 편찬하였다.\n보현십원가를 지어 불교 교리를 대중에게 전파하였다.""}]",source-candidate:b21c2cfcf11f12adcc8d,THESAURUS:TERM:14689119:sha256-1022516a18f91e61,THESAURUS,3,,description,description_containment,0.47,UNKNOWN,"[""보임""]","[""保任""]",[],,,[],,"{""term_name"": ""보임"", ""hanja"": ""保任"", ""era"": ""통시대"", ""thesaurus_category"": ""전통사상·종교>불교>불교종파·용어"", ""description"": ""선종(禪宗)에서 돈오점수설(頓悟漸修說)에 따라 견성(見性)의 깨달음 뒤에 더욱 갈고 닦는 수행법."", ""term_year"": ""?-?""}",[],EVIDENCE_ONLY,,,,REL_012,보임,Concept,
15,gold-case:1c20ff8911297a9c700f,term-review-task:76e93c17fa71ad9f5efd,resolution-case:48ea7a32a70f2fbe87b6,돈오점수,사상,"[{""problem_id"": ""cj_v41_0206"", ""full_text"": ""이 목판의 근은 '불일보조국사' 라는 시호를 반은 그가 지은 것 이다. 그는 화누록 바탕으로 수행하는 참신법을 강조하고 돈오점수률 주장하였다. 원든성물론 간화결의론 합각 목판\n‘그’에 대한 설명으로 옳은 것은?\n화왕계를 지어 국왕에게 바쳤다.\n천태종을 개창하여 불교 통합에 힘썼다.\n정혜결사를 통해 불교 개혁에 앞장섰다.\n심성의 도야를 강조한 유불 일치설을 제창하였다.\n불교 관련 설화를 중심으로 삼국유사를 저술하였다.""}, {""problem_id"": ""cj_v41_0301"", ""full_text"": ""이것은 개경 흥왕사 터에서 출토된 대각국사의 묘지명 탁본이다. 여기에는 문종의 넷째 아들인 그가 송에 유학하고 돌아온 후 국청사를 중심으로 천태종을 개창한 내용이 기록되어 있다.\n‘그’에 대한 설명으로 옳은 것은?\n정혜쌍수와 돈오점수를 주장하였다.\n무애가를 지어 불교 대중화에 힘썼다.\n황룡사 구층 목탑의 건립을 건의하였다.\n백련사 결사를 통해 불교 정화 운동을 전개하였다.\n교장도감을 설치하여 불교 경전 주석서를 편찬하였다.""}, {""problem_id"": ""cj_v41_0345"", ""full_text"": ""이곳은 (가)이/가 불교계 개혁 운동을 전개한 순천 송광사이다. 그는 수행 방법으로 돈오점수를 주장하였다. 지도에는 보조국사 감로탑과 국사전이 표시되어 있다.\n(가) 인물에 대한 설명으로 옳은 것은?\n승려들의 전기를 담은 해동고승전을 집필하였다.\n화엄일승법계도를 지어 화엄 사상을 정리하였다.\n권수정혜결사문을 작성하여 정혜쌍수를 강조하였다.\n불교 경전에 대한 주석서를 모아 교장을 편찬하였다.\n보현십원가를 지어 불교 교리를 대중에게 전파하였다.""}]",source-candidate:d94714900ddbff8788ed,THESAURUS:TERM:23181:sha256-1022516a18f91e61,THESAURUS,4,이돈오,name,name_ngram,0.271429,UNKNOWN,"[""이돈오""]","[""李惇五""]","[""조선후기""]",,,[],Person,"{""term_name"": ""이돈오"", ""hanja"": ""李惇五"", ""era"": ""조선후기"", ""thesaurus_category"": ""인명"", ""description"": ""조선후기의 문신. 병자호란 때 강화에서 군기(軍器)를 관리하다가 전사."", ""term_year"": ""1585-1637""}","[{""left_source_candidate_id"": ""source-candidate:d94714900ddbff8788ed"", ""right_source_candidate_id"": ""source-candidate:eb3f3c90a76870e7f651"", ""signals"": [], ""conflicts"": [""entity_type_conflict""], ""merge_eligible"": false}]",,,,,,,,
15,gold-case:1c20ff8911297a9c700f,term-review-task:76e93c17fa71ad9f5efd,resolution-case:48ea7a32a70f2fbe87b6,돈오점수,사상,"[{""problem_id"": ""cj_v41_0206"", ""full_text"": ""이 목판의 근은 '불일보조국사' 라는 시호를 반은 그가 지은 것 이다. 그는 화누록 바탕으로 수행하는 참신법을 강조하고 돈오점수률 주장하였다. 원든성물론 간화결의론 합각 목판\n‘그’에 대한 설명으로 옳은 것은?\n화왕계를 지어 국왕에게 바쳤다.\n천태종을 개창하여 불교 통합에 힘썼다.\n정혜결사를 통해 불교 개혁에 앞장섰다.\n심성의 도야를 강조한 유불 일치설을 제창하였다.\n불교 관련 설화를 중심으로 삼국유사를 저술하였다.""}, {""problem_id"": ""cj_v41_0301"", ""full_text"": ""이것은 개경 흥왕사 터에서 출토된 대각국사의 묘지명 탁본이다. 여기에는 문종의 넷째 아들인 그가 송에 유학하고 돌아온 후 국청사를 중심으로 천태종을 개창한 내용이 기록되어 있다.\n‘그’에 대한 설명으로 옳은 것은?\n정혜쌍수와 돈오점수를 주장하였다.\n무애가를 지어 불교 대중화에 힘썼다.\n황룡사 구층 목탑의 건립을 건의하였다.\n백련사 결사를 통해 불교 정화 운동을 전개하였다.\n교장도감을 설치하여 불교 경전 주석서를 편찬하였다.""}, {""problem_id"": ""cj_v41_0345"", ""full_text"": ""이곳은 (가)이/가 불교계 개혁 운동을 전개한 순천 송광사이다. 그는 수행 방법으로 돈오점수를 주장하였다. 지도에는 보조국사 감로탑과 국사전이 표시되어 있다.\n(가) 인물에 대한 설명으로 옳은 것은?\n승려들의 전기를 담은 해동고승전을 집필하였다.\n화엄일승법계도를 지어 화엄 사상을 정리하였다.\n권수정혜결사문을 작성하여 정혜쌍수를 강조하였다.\n불교 경전에 대한 주석서를 모아 교장을 편찬하였다.\n보현십원가를 지어 불교 교리를 대중에게 전파하였다.""}]",source-candidate:cde3a691cb5ef125ebff,AKS:ARTICLE:E0044039:sha256-704d8ea620c542f5,AKS,5,이돈오,name,name_ngram,0.271429,CONFLICT,"[""이돈오"", ""일죽一竹"", ""자전子典"", ""충현忠顯""]","[""李惇五"", ""一竹"", ""子典"", ""忠顯""]","[""조선"", ""조선 전기"", ""조선 후기""]",,,[],Person,"{""headword"": ""이돈오"", ""aliases"": [""일죽(一竹)"", ""자전(子典)"", ""충현(忠顯)""], ""origin"": ""李惇五"", ""headword_origin"": ""이돈오(李惇五)"", ""primary_type"": ""인물/전통 인물"", ""era"": ""조선/조선 전기 | 조선/조선 후기"", ""definition"": ""조선 후기에, 종친부전부, 가평군수, 훈련도감낭청 등을 역임한 문신.""}","[{""left_source_candidate_id"": ""source-candidate:cde3a691cb5ef125ebff"", ""right_source_candidate_id"": ""source-candidate:eb3f3c90a76870e7f651"", ""signals"": [], ""conflicts"": [""entity_type_conflict""], ""merge_eligible"": false}]",,,,,,,,
16,gold-case:6fd58983e027b15efc5e,term-review-task:feb85bf6af4e88623631,resolution-case:8b55bcf52a378607a4de,왕옹,인물,"[{""problem_id"": ""cj_v41_1109"", ""full_text"": ""(가) 최 우가 녹전거(祿轉車) 100여 대를 빼앗아 집안의 재물을 강화도로 옮기니, 수도가 흉흉하였다. …… 또 사자(使者)를 여러 도에 나누어 보내어, 백성을 산성과 섬으로 옮겼다. (나) 김 방경과 흔도(忻都), 홍차구, 왕희, 왕옹 등이 3군을 거느리고 진도를 토벌하여 크게 격파하고, 승화후 왕온을 죽였다. 김통정이 남은 무리를 이끌고 탐라로 도망하여 들어갔다.\n(가), (나) 사이의 시기에 있었던 사실로 옳은 것은?\n양규가 곽주성을 급습하여 탈환하였다.\n최무선이 진포에서 왜구를 격퇴하였다.\n강조가 정변을 일으켜 국왕을 폐위하였다.\n김윤후가 처인성에서 살리타를 사살하였다.\n이자겸과 척준경이 반란을 일으켜 궁궐을 불태웠다.""}]",source-candidate:fa9163a89862d4d37ab7,AKS:ARTICLE:E0039128:sha256-704d8ea620c542f5,AKS,1,왕옹,name,exact,1.0,COMPATIBLE,"[""왕옹""]","[""王雍""]","[""고려"", ""고려 후기""]",,,[],Person,"{""headword"": ""왕옹"", ""origin"": ""王雍"", ""headword_origin"": ""왕옹(王雍)"", ""primary_type"": ""인물/전통 인물"", ""era"": ""고려/고려 후기"", ""definition"": ""고려의 제8대 왕, 현종의 9대손이자 삼벌초가 왕으로 추대한 왕온의 조카로, 신안후에 봉해진 종실.""}","[{""left_source_candidate_id"": ""source-candidate:3d56c72bfab89f1b8ae8"", ""right_source_candidate_id"": ""source-candidate:fa9163a89862d4d37ab7"", ""signals"": [""era_overlap""], ""conflicts"": [""entity_type_conflict""], ""merge_eligible"": false}]",IDENTITY_MEMBER,ALT_013,왕옹,Person,,,,
16,gold-case:6fd58983e027b15efc5e,term-review-task:feb85bf6af4e88623631,resolution-case:8b55bcf52a378607a4de,왕옹,인물,"[{""problem_id"": ""cj_v41_1109"", ""full_text"": ""(가) 최 우가 녹전거(祿轉車) 100여 대를 빼앗아 집안의 재물을 강화도로 옮기니, 수도가 흉흉하였다. …… 또 사자(使者)를 여러 도에 나누어 보내어, 백성을 산성과 섬으로 옮겼다. (나) 김 방경과 흔도(忻都), 홍차구, 왕희, 왕옹 등이 3군을 거느리고 진도를 토벌하여 크게 격파하고, 승화후 왕온을 죽였다. 김통정이 남은 무리를 이끌고 탐라로 도망하여 들어갔다.\n(가), (나) 사이의 시기에 있었던 사실로 옳은 것은?\n양규가 곽주성을 급습하여 탈환하였다.\n최무선이 진포에서 왜구를 격퇴하였다.\n강조가 정변을 일으켜 국왕을 폐위하였다.\n김윤후가 처인성에서 살리타를 사살하였다.\n이자겸과 척준경이 반란을 일으켜 궁궐을 불태웠다.""}]",source-candidate:83579b6eb3f3ec086775,AKS:ARTICLE:E0031836:sha256-704d8ea620c542f5,AKS,2,왕옹(王顒),name,bidirectional_containment,0.496667,COMPATIBLE,"[""강정康正"", ""명효明孝"", ""문혜文惠"", ""숙종"", ""왕옹王顒"", ""왕희王熙"", ""천상天常""]","[""肅宗"", ""王熙"", ""王顒"", ""天常"", ""明孝"", ""文惠"", ""康正""]","[""고려"", ""고려 전기""]",,,[],Person,"{""headword"": ""숙종"", ""aliases"": [""왕희(王熙)"", ""왕옹(王顒)"", ""천상(天常)"", ""명효(明孝)"", ""문혜(文惠)"", ""강정(康正)""], ""origin"": ""肅宗"", ""headword_origin"": ""숙종(肅宗)"", ""primary_type"": ""인물/전통 인물"", ""era"": ""고려/고려 전기"", ""definition"": ""고려 전기, 제15대(재위: 1095~1105) 왕.""}","[{""left_source_candidate_id"": ""source-candidate:3d56c72bfab89f1b8ae8"", ""right_source_candidate_id"": ""source-candidate:83579b6eb3f3ec086775"", ""signals"": [""era_overlap""], ""conflicts"": [""entity_type_conflict""], ""merge_eligible"": false}]",,,,,,,,
16,gold-case:6fd58983e027b15efc5e,term-review-task:feb85bf6af4e88623631,resolution-case:8b55bcf52a378607a4de,왕옹,인물,"[{""problem_id"": ""cj_v41_1109"", ""full_text"": ""(가) 최 우가 녹전거(祿轉車) 100여 대를 빼앗아 집안의 재물을 강화도로 옮기니, 수도가 흉흉하였다. …… 또 사자(使者)를 여러 도에 나누어 보내어, 백성을 산성과 섬으로 옮겼다. (나) 김 방경과 흔도(忻都), 홍차구, 왕희, 왕옹 등이 3군을 거느리고 진도를 토벌하여 크게 격파하고, 승화후 왕온을 죽였다. 김통정이 남은 무리를 이끌고 탐라로 도망하여 들어갔다.\n(가), (나) 사이의 시기에 있었던 사실로 옳은 것은?\n양규가 곽주성을 급습하여 탈환하였다.\n최무선이 진포에서 왜구를 격퇴하였다.\n강조가 정변을 일으켜 국왕을 폐위하였다.\n김윤후가 처인성에서 살리타를 사살하였다.\n이자겸과 척준경이 반란을 일으켜 궁궐을 불태웠다.""}]",source-candidate:8924ceb60ce4962227ca,THESAURUS:TERM:23091:sha256-1022516a18f91e61,THESAURUS,3,,description,description_containment,0.47,UNKNOWN,"[""윤호""]","[""尹虎""]","[""조선전기""]",,,[],Person,"{""term_name"": ""윤호"", ""hanja"": ""尹虎"", ""era"": ""조선전기"", ""thesaurus_category"": ""인명"", ""description"": ""고려말 조선초의 문신. 위화도회군과 공양왕 옹립에 공을 세움."", ""term_year"": ""?-1393""}","[{""left_source_candidate_id"": ""source-candidate:3d56c72bfab89f1b8ae8"", ""right_source_candidate_id"": ""source-candidate:8924ceb60ce4962227ca"", ""signals"": [], ""conflicts"": [""entity_type_conflict""], ""merge_eligible"": false}]",,,,,,,,
16,gold-case:6fd58983e027b15efc5e,term-review-task:feb85bf6af4e88623631,resolution-case:8b55bcf52a378607a4de,왕옹,인물,"[{""problem_id"": ""cj_v41_1109"", ""full_text"": ""(가) 최 우가 녹전거(祿轉車) 100여 대를 빼앗아 집안의 재물을 강화도로 옮기니, 수도가 흉흉하였다. …… 또 사자(使者)를 여러 도에 나누어 보내어, 백성을 산성과 섬으로 옮겼다. (나) 김 방경과 흔도(忻都), 홍차구, 왕희, 왕옹 등이 3군을 거느리고 진도를 토벌하여 크게 격파하고, 승화후 왕온을 죽였다. 김통정이 남은 무리를 이끌고 탐라로 도망하여 들어갔다.\n(가), (나) 사이의 시기에 있었던 사실로 옳은 것은?\n양규가 곽주성을 급습하여 탈환하였다.\n최무선이 진포에서 왜구를 격퇴하였다.\n강조가 정변을 일으켜 국왕을 폐위하였다.\n김윤후가 처인성에서 살리타를 사살하였다.\n이자겸과 척준경이 반란을 일으켜 궁궐을 불태웠다.""}]",source-candidate:8578f04c34511359f494,THESAURUS:TERM:29369204:sha256-1022516a18f91e61,THESAURUS,4,심왕옹립운동,name,bidirectional_containment,0.396111,UNKNOWN,"[""심왕옹립운동""]","[""瀋王擁立運動""]","[""고려후기""]",,,[],,"{""term_name"": ""심왕옹립운동"", ""hanja"": ""瀋王擁立運動"", ""era"": ""고려후기"", ""thesaurus_category"": ""정치·행정·법제>정치>정치사건"", ""description"": ""심왕(瀋王)이 고려의 왕위를 차지하려고 일으킨 사건. 원나라의 정세와 관련해서 충숙왕 8년, 충혜왕 즉위년, 공민왕 5년 등에 있었음."", ""term_year"": ""1321-1356""}",[],,,,,,,,
16,gold-case:6fd58983e027b15efc5e,term-review-task:feb85bf6af4e88623631,resolution-case:8b55bcf52a378607a4de,왕옹,인물,"[{""problem_id"": ""cj_v41_1109"", ""full_text"": ""(가) 최 우가 녹전거(祿轉車) 100여 대를 빼앗아 집안의 재물을 강화도로 옮기니, 수도가 흉흉하였다. …… 또 사자(使者)를 여러 도에 나누어 보내어, 백성을 산성과 섬으로 옮겼다. (나) 김 방경과 흔도(忻都), 홍차구, 왕희, 왕옹 등이 3군을 거느리고 진도를 토벌하여 크게 격파하고, 승화후 왕온을 죽였다. 김통정이 남은 무리를 이끌고 탐라로 도망하여 들어갔다.\n(가), (나) 사이의 시기에 있었던 사실로 옳은 것은?\n양규가 곽주성을 급습하여 탈환하였다.\n최무선이 진포에서 왜구를 격퇴하였다.\n강조가 정변을 일으켜 국왕을 폐위하였다.\n김윤후가 처인성에서 살리타를 사살하였다.\n이자겸과 척준경이 반란을 일으켜 궁궐을 불태웠다.""}]",source-candidate:3d56c72bfab89f1b8ae8,ITKC:EVENT:ITKC_PH_1294A_0521:sha256-b824cb8eb9575bbc,ITKC_EVENT,5,권한공의 심왕옹립운동,name,bidirectional_containment,0.314533,UNKNOWN,"[""권한공의심왕옹립운동""]",[],"[""고려"", ""1322년(충숙왕 9) 8월""]",,,[],Event,"{""event_name"": ""권한공의 심왕옹립운동"", ""subject_category"": ""반란"", ""period"": ""고려"", ""event_date"": ""1322년(충숙왕 9) 8월""}","[{""left_source_candidate_id"": ""source-candidate:3d56c72bfab89f1b8ae8"", ""right_source_candidate_id"": ""source-candidate:83579b6eb3f3ec086775"", ""signals"": [""era_overlap""], ""conflicts"": [""entity_type_conflict""], ""merge_eligible"": false}, {""left_source_candidate_id"": ""source-candidate:3d56c72bfab89f1b8ae8"", ""right_source_candidate_id"": ""source-candidate:8924ceb60ce4962227ca"", ""signals"": [], ""conflicts"": [""entity_type_conflict""], ""merge_eligible"": false}, {""left_source_candidate_id"": ""source-candidate:3d56c72bfab89f1b8ae8"", ""right_source_candidate_id"": ""source-candidate:fa9163a89862d4d37ab7"", ""signals"": [""era_overlap""], ""conflicts"": [""entity_type_conflict""], ""merge_eligible"": false}]",,,,,,,,
17,gold-case:99fc4b19c5f9dce3f977,term-review-task:cd644baa4ddb35c97961,resolution-case:538fe3565f6920ace08f,파고다공원,유적,"[{""problem_id"": ""cj_v41_0083"", ""full_text"": ""그날 오후 2시 10분 파고다 공원에 모든면 수백 명의 학생들이 10여 년간 약둘리 온 감정을 터뜨러 '만세. 독립 만세 틀 외치자 뇌생 벽력 같은 소리에 공원 근처에 살년 시민들도 크게 놀랍다. 공원 문을 쏟아저 나오 학생들은 종로 거리블 달리다 몹에 숨경년 선언서들을 길가에 뿌리터 거리블 누벗다. 월손 대통령이 주장한 약소민족의 사걸권이 실현되논 신세계가 시작된 젓이다 시위 학생들은 넉수궁 문앞에 당도하자 붐어하신 고종에계 조이를 표하고 잠시 멋없다 스고필드 기고문\n다음 자료에 나타난 민족 운동에 대한 설명으로 옳은 것은?\n조선 형평사의 주도로 전개되었다.\n신간회에서 진상 조사단을 파견하였다.\n조선 혁명 선언을 활동 지침으로 삼았다.\n전개 과정에서 일제가 제암리 학살 등을 자행하였다.\n성진회와 각 학교 독서회에 의해 전국적으로 확산되었다.""}]",source-candidate:c37d779ad76c175b7528,AKS:ARTICLE:E0058835:sha256-704d8ea620c542f5,AKS,1,파고다공원,name,exact,1.0,COMPATIBLE,"[""서울탑골공원"", ""탑공원"", ""탑동공원"", ""파고다공원""]","[""塔"", ""公園""]","[""근대"", ""대한제국기""]",,,[],Place,"{""headword"": ""서울 탑골공원"", ""aliases"": [""탑공원"", ""탑동공원"", ""파고다공원""], ""origin"": ""서울 塔골公園"", ""headword_origin"": ""서울 탑골공원(서울 塔골公園)"", ""primary_type"": ""지명/시설"", ""era"": ""근대/대한제국기"", ""definition"": ""서울특별시 종로구 종로에 있는 서울 최초의 근대식 공원.""}",[],IDENTITY_MEMBER,ALT_014,파고다 공원,Place,,,,
17,gold-case:99fc4b19c5f9dce3f977,term-review-task:cd644baa4ddb35c97961,resolution-case:538fe3565f6920ace08f,파고다공원,유적,"[{""problem_id"": ""cj_v41_0083"", ""full_text"": ""그날 오후 2시 10분 파고다 공원에 모든면 수백 명의 학생들이 10여 년간 약둘리 온 감정을 터뜨러 '만세. 독립 만세 틀 외치자 뇌생 벽력 같은 소리에 공원 근처에 살년 시민들도 크게 놀랍다. 공원 문을 쏟아저 나오 학생들은 종로 거리블 달리다 몹에 숨경년 선언서들을 길가에 뿌리터 거리블 누벗다. 월손 대통령이 주장한 약소민족의 사걸권이 실현되논 신세계가 시작된 젓이다 시위 학생들은 넉수궁 문앞에 당도하자 붐어하신 고종에계 조이를 표하고 잠시 멋없다 스고필드 기고문\n다음 자료에 나타난 민족 운동에 대한 설명으로 옳은 것은?\n조선 형평사의 주도로 전개되었다.\n신간회에서 진상 조사단을 파견하였다.\n조선 혁명 선언을 활동 지침으로 삼았다.\n전개 과정에서 일제가 제암리 학살 등을 자행하였다.\n성진회와 각 학교 독서회에 의해 전국적으로 확산되었다.""}]",source-candidate:341972f0053a4d3379d0,THESAURUS:TERM:35668979:sha256-1022516a18f91e61,THESAURUS,2,공원,name,name_ngram,0.298929,UNKNOWN,"[""공원""]","[""公員""]","[""조선시대""]",,,[],,"{""term_name"": ""공원"", ""hanja"": ""公員"", ""era"": ""조선시대"", ""thesaurus_category"": ""경제·산업>상업·유통·서비스업>상업·유통·서비스업단체"", ""description"": ""조선시대 보부상 조합에서 도공원(都公員)·상공원(上公員)·문서공원(文書公員) 등으로 위계질서에 따라 정해진 직임."", ""term_year"": ""?-?""}",[],,,,,,,,
18,gold-case:d90009d74209a0069c8e,term-review-task:7d90a3b1011f43a37501,resolution-case:c258191ff9ef77758e0a,카자흐스탄,국가,"[{""problem_id"": ""cj_v41_1178"", ""full_text"": ""이 문서는 일제에 협력하는 것을 방지한다는 명분으로 (가) 의 한인들을 중앙아시아로 강제 이주 시키라는 명령서이다. 1937년에 소련 공산당 서기장 스탈린이 승인한 이 명령의 시행으로 블라디보스토크를 포함한 (가) 의 한인 10만 명 이상이 우즈베키스탄, 카자흐스탄 등지로 강제 이주당하였다.\n(가) 지역에서 일어난 민족 운동에 대한 설명으로 옳은 것은?\n권업회를 조직하고 신문을 발행하였다.\n한인 자치 기구인 경학사를 설립하였다.\n유학생을 중심으로 2·8 독립 선언서를 발표하였다.\n독립군 양성을 위해 대조선 국민 군단을 결성하였다.\n서전서숙과 명동 학교를 설립하여 민족 교육을 실시하였다.""}]",source-candidate:2ef964b13fcafc3d5ef0,AKS:ARTICLE:E0058599:sha256-704d8ea620c542f5,AKS,1,카자흐스탄,name,exact,1.0,COMPATIBLE,"[""republicofkazakhstan"", ""카자흐스탄"", ""카자흐스탄공화국""]",[],"[""현대""]",,,[],Place,"{""headword"": ""카자흐스탄"", ""aliases"": [""카자흐스탄공화국"", ""Republic of Kazakhstan""], ""origin"": ""Kazakhstan"", ""headword_origin"": ""카자흐스탄(Kazakhstan)"", ""primary_type"": ""지명/국가"", ""era"": ""현대"", ""definition"": ""중앙아시아 북부에 있는 공화국.""}","[{""left_source_candidate_id"": ""source-candidate:00b9a317ae174e3faf93"", ""right_source_candidate_id"": ""source-candidate:2ef964b13fcafc3d5ef0"", ""signals"": [], ""conflicts"": [""entity_type_conflict""], ""merge_eligible"": false}]",IDENTITY_MEMBER,ALT_015,카자흐스탄,Polity,,,,
18,gold-case:d90009d74209a0069c8e,term-review-task:7d90a3b1011f43a37501,resolution-case:c258191ff9ef77758e0a,카자흐스탄,국가,"[{""problem_id"": ""cj_v41_1178"", ""full_text"": ""이 문서는 일제에 협력하는 것을 방지한다는 명분으로 (가) 의 한인들을 중앙아시아로 강제 이주 시키라는 명령서이다. 1937년에 소련 공산당 서기장 스탈린이 승인한 이 명령의 시행으로 블라디보스토크를 포함한 (가) 의 한인 10만 명 이상이 우즈베키스탄, 카자흐스탄 등지로 강제 이주당하였다.\n(가) 지역에서 일어난 민족 운동에 대한 설명으로 옳은 것은?\n권업회를 조직하고 신문을 발행하였다.\n한인 자치 기구인 경학사를 설립하였다.\n유학생을 중심으로 2·8 독립 선언서를 발표하였다.\n독립군 양성을 위해 대조선 국민 군단을 결성하였다.\n서전서숙과 명동 학교를 설립하여 민족 교육을 실시하였다.""}]",source-candidate:8b18b510bf1c687d4bca,THESAURUS:TERM:10489817:sha256-1022516a18f91e61,THESAURUS,2,,description,description_containment,0.47,UNKNOWN,"[""고려일보""]","[""高麗日報""]","[""현대""]",,,[],,"{""term_name"": ""고려일보"", ""hanja"": ""高麗日報"", ""era"": ""현대"", ""thesaurus_category"": ""문화·예술>언론·출판"", ""description"": ""1991년 5월에 레닌기치의 제호를 바꾸어 카자흐스탄 알마아타시에서 발간되고 있는 한인동포 발행의 신문."", ""term_year"": ""1991-?""}",[],EVIDENCE_ONLY,,,,REL_016,고려일보,Institution,
18,gold-case:d90009d74209a0069c8e,term-review-task:7d90a3b1011f43a37501,resolution-case:c258191ff9ef77758e0a,카자흐스탄,국가,"[{""problem_id"": ""cj_v41_1178"", ""full_text"": ""이 문서는 일제에 협력하는 것을 방지한다는 명분으로 (가) 의 한인들을 중앙아시아로 강제 이주 시키라는 명령서이다. 1937년에 소련 공산당 서기장 스탈린이 승인한 이 명령의 시행으로 블라디보스토크를 포함한 (가) 의 한인 10만 명 이상이 우즈베키스탄, 카자흐스탄 등지로 강제 이주당하였다.\n(가) 지역에서 일어난 민족 운동에 대한 설명으로 옳은 것은?\n권업회를 조직하고 신문을 발행하였다.\n한인 자치 기구인 경학사를 설립하였다.\n유학생을 중심으로 2·8 독립 선언서를 발표하였다.\n독립군 양성을 위해 대조선 국민 군단을 결성하였다.\n서전서숙과 명동 학교를 설립하여 민족 교육을 실시하였다.""}]",source-candidate:703b161e25919733a82e,THESAURUS:TERM:21024241:sha256-1022516a18f91e61,THESAURUS,3,,description,description_containment,0.47,UNKNOWN,"[""네닌기치""]",[],"[""일제시기""]",,,[],,"{""term_name"": ""레닌기치"", ""hanja"": ""레닌기치"", ""era"": ""일제시기"", ""thesaurus_category"": ""문화·예술>언론·출판"", ""description"": ""1938년 5월 카자흐스탄공화국 크질오르다(Kzyl-Orda)시에서 창간되어 1978년 8월 알마아타(Alma Ata)시로 이전, 발행된 해외동포신문. 1991년 고려일보로 제호가 변경됨."", ""term_year"": ""1938-1991""}",[],EVIDENCE_ONLY,,,,REL_016,고려일보,Institution,
18,gold-case:d90009d74209a0069c8e,term-review-task:7d90a3b1011f43a37501,resolution-case:c258191ff9ef77758e0a,카자흐스탄,국가,"[{""problem_id"": ""cj_v41_1178"", ""full_text"": ""이 문서는 일제에 협력하는 것을 방지한다는 명분으로 (가) 의 한인들을 중앙아시아로 강제 이주 시키라는 명령서이다. 1937년에 소련 공산당 서기장 스탈린이 승인한 이 명령의 시행으로 블라디보스토크를 포함한 (가) 의 한인 10만 명 이상이 우즈베키스탄, 카자흐스탄 등지로 강제 이주당하였다.\n(가) 지역에서 일어난 민족 운동에 대한 설명으로 옳은 것은?\n권업회를 조직하고 신문을 발행하였다.\n한인 자치 기구인 경학사를 설립하였다.\n유학생을 중심으로 2·8 독립 선언서를 발표하였다.\n독립군 양성을 위해 대조선 국민 군단을 결성하였다.\n서전서숙과 명동 학교를 설립하여 민족 교육을 실시하였다.""}]",source-candidate:00b9a317ae174e3faf93,THESAURUS:TERM:23842:sha256-1022516a18f91e61,THESAURUS,4,,description,description_containment,0.47,UNKNOWN,"[""계봉우""]","[""桂奉瑀""]","[""일제시기""]",,,[],Person,"{""term_name"": ""계봉우"", ""hanja"": ""桂奉瑀"", ""era"": ""일제시기"", ""thesaurus_category"": ""인명"", ""description"": ""일제시기 소련 카자흐스탄에서 활약한 독립운동가·역사학자. 함경남도 영흥 출신."", ""term_year"": ""1880-1959""}","[{""left_source_candidate_id"": ""source-candidate:00b9a317ae174e3faf93"", ""right_source_candidate_id"": ""source-candidate:2ef964b13fcafc3d5ef0"", ""signals"": [], ""conflicts"": [""entity_type_conflict""], ""merge_eligible"": false}]",EVIDENCE_ONLY,,,,REL_017,계봉우,Person,
19,gold-case:7f37013597b6ed133d6f,term-review-task:514e98b43e7e87ada88b,resolution-case:01c89db492b6f7584179,강우규,인물,"[{""problem_id"": ""cj_v41_0183"", ""full_text"": ""○○시 근현대 역사 투어 출발지: ○○ 버스 터미널 답사 장소 - 친일파 연구의 선구자 임종국 선생 흉상 - 유관순 열사 사적지 - 일본군 '위안부' 묘역, 망향의 동산 - 독립 기념관\n다음 지역에서 있었던 사실로 옳은 것은?\n4ㆍ3 사건으로 많은 주민이 희생되었다.\n오페르트가 남연군 묘 도굴을 시도하였다.\n아우내 장터에서 독립 만세 운동이 일어났다.\n강우규가 사이토 총독에게 폭탄을 투척하였다.\n지주 문재철의 횡포에 맞서 소작 쟁의가 발생하였다.""}, {""problem_id"": ""cj_v41_0234"", ""full_text"": ""이 사진은 璽5년 9월 2일 일왕을 대신하여 일본의 외무 대신이 연합군 앞에서 항복 문서에 서영하는 장면이다. 서영하는 인물은 시게미쓰 마모루인데. 그는 윤봉길의 상하이 홍커우 공원 뽼 당시 폭탄에 맞아 다리를 다쳤습니다. '활치 구월며望들우특\n‘의거’를 일으킨 단체에 대한 설명으로 옳은 것은?\n신채호의 조선 혁명 선언을 활동 지침으로 삼았다.\n김구를 단장으로 하여 활발한 의열 활동을 펼쳤다.\n조선 총독을 저격한 강우규가 단원으로 활동하였다.\n이상재 등의 주도로 민립 대학 설립 운동을 전개하였다.\n진상 조사단을 파견하여 광주 학생 항일 운동을 지원하였다.""}, {""problem_id"": ""cj_v41_0269"", ""full_text"": ""답사 자료집 우리 고장 탐방 [동고산성] 견훤이 세운 후백제와의 관련성을 짐작하게 해 주는 수막새 등이 출토되었다. [경기전] 태조 이성계의 어진을 모셨던 곳이며, 그 옆에는 실록을 보관하던 사고가 있었다.\n다음 답사 지역에 대한 탐구 활동으로 가장 적절한 것은?\n김헌창이 반란을 일으킨 근거지를 검색한다.\n성왕이 새롭게 도읍지로 삼은 지역을 파악한다.\n동학 농민군이 정부와 화약을 체결한 장소를 알아본다.\n강우규가 총독 사이토에게 폭탄을 투척한 곳을 찾아본다.\n신립이 배수의 진을 치고 왜군과 맞선 격전지를 조사한다.""}]",source-candidate:6d08ee6573d5932675e9,AKS:ARTICLE:E0001298:sha256-704d8ea620c542f5,AKS,1,강우규,name,exact,1.0,COMPATIBLE,"[""강영일姜寧一"", ""강우규"", ""왈우曰愚"", ""찬구燦九""]","[""姜宇奎"", ""姜寧一"", ""曰愚"", ""燦九""]","[""조선"", ""조선 후기"", ""근대"", ""일제강점기""]",,,[],Person,"{""headword"": ""강우규"", ""aliases"": [""강영일(姜寧一)"", ""왈우(曰愚)"", ""찬구(燦九)""], ""origin"": ""姜宇奎"", ""headword_origin"": ""강우규(姜宇奎)"", ""primary_type"": ""인물/근현대 인물"", ""era"": ""조선/조선 후기 | 근대/일제강점기"", ""definition"": ""대한국민노인동맹단 라오허현 지부장으로 사이토 마코토 총독 처단 투탄 의거를 일으킨 독립운동가.""}","[{""left_source_candidate_id"": ""source-candidate:6d08ee6573d5932675e9"", ""right_source_candidate_id"": ""source-candidate:97c3ce588ad131781368"", ""signals"": [""normalized_name_match"", ""hanja_match"", ""entity_type_match""], ""conflicts"": [], ""merge_eligible"": true}]",IDENTITY_MEMBER,ALT_018,강우규,Person,,,,
19,gold-case:7f37013597b6ed133d6f,term-review-task:514e98b43e7e87ada88b,resolution-case:01c89db492b6f7584179,강우규,인물,"[{""problem_id"": ""cj_v41_0183"", ""full_text"": ""○○시 근현대 역사 투어 출발지: ○○ 버스 터미널 답사 장소 - 친일파 연구의 선구자 임종국 선생 흉상 - 유관순 열사 사적지 - 일본군 '위안부' 묘역, 망향의 동산 - 독립 기념관\n다음 지역에서 있었던 사실로 옳은 것은?\n4ㆍ3 사건으로 많은 주민이 희생되었다.\n오페르트가 남연군 묘 도굴을 시도하였다.\n아우내 장터에서 독립 만세 운동이 일어났다.\n강우규가 사이토 총독에게 폭탄을 투척하였다.\n지주 문재철의 횡포에 맞서 소작 쟁의가 발생하였다.""}, {""problem_id"": ""cj_v41_0234"", ""full_text"": ""이 사진은 璽5년 9월 2일 일왕을 대신하여 일본의 외무 대신이 연합군 앞에서 항복 문서에 서영하는 장면이다. 서영하는 인물은 시게미쓰 마모루인데. 그는 윤봉길의 상하이 홍커우 공원 뽼 당시 폭탄에 맞아 다리를 다쳤습니다. '활치 구월며望들우특\n‘의거’를 일으킨 단체에 대한 설명으로 옳은 것은?\n신채호의 조선 혁명 선언을 활동 지침으로 삼았다.\n김구를 단장으로 하여 활발한 의열 활동을 펼쳤다.\n조선 총독을 저격한 강우규가 단원으로 활동하였다.\n이상재 등의 주도로 민립 대학 설립 운동을 전개하였다.\n진상 조사단을 파견하여 광주 학생 항일 운동을 지원하였다.""}, {""problem_id"": ""cj_v41_0269"", ""full_text"": ""답사 자료집 우리 고장 탐방 [동고산성] 견훤이 세운 후백제와의 관련성을 짐작하게 해 주는 수막새 등이 출토되었다. [경기전] 태조 이성계의 어진을 모셨던 곳이며, 그 옆에는 실록을 보관하던 사고가 있었다.\n다음 답사 지역에 대한 탐구 활동으로 가장 적절한 것은?\n김헌창이 반란을 일으킨 근거지를 검색한다.\n성왕이 새롭게 도읍지로 삼은 지역을 파악한다.\n동학 농민군이 정부와 화약을 체결한 장소를 알아본다.\n강우규가 총독 사이토에게 폭탄을 투척한 곳을 찾아본다.\n신립이 배수의 진을 치고 왜군과 맞선 격전지를 조사한다.""}]",source-candidate:97c3ce588ad131781368,THESAURUS:TERM:20993:sha256-1022516a18f91e61,THESAURUS,2,강우규,name,exact,1.0,UNKNOWN,"[""강우규""]","[""姜宇奎""]","[""일제시기""]",,,[],Person,"{""term_name"": ""강우규"", ""hanja"": ""姜宇奎"", ""era"": ""일제시기"", ""thesaurus_category"": ""인명"", ""description"": ""1919년 2월 사이토 총독 저격을 시도했던 독립운동가. 평안남도 덕천 출신."", ""term_year"": ""1855-1920""}","[{""left_source_candidate_id"": ""source-candidate:6d08ee6573d5932675e9"", ""right_source_candidate_id"": ""source-candidate:97c3ce588ad131781368"", ""signals"": [""normalized_name_match"", ""hanja_match"", ""entity_type_match""], ""conflicts"": [], ""merge_eligible"": true}]",IDENTITY_MEMBER,ALT_018,강우규,Person,,,,
19,gold-case:7f37013597b6ed133d6f,term-review-task:514e98b43e7e87ada88b,resolution-case:01c89db492b6f7584179,강우규,인물,"[{""problem_id"": ""cj_v41_0183"", ""full_text"": ""○○시 근현대 역사 투어 출발지: ○○ 버스 터미널 답사 장소 - 친일파 연구의 선구자 임종국 선생 흉상 - 유관순 열사 사적지 - 일본군 '위안부' 묘역, 망향의 동산 - 독립 기념관\n다음 지역에서 있었던 사실로 옳은 것은?\n4ㆍ3 사건으로 많은 주민이 희생되었다.\n오페르트가 남연군 묘 도굴을 시도하였다.\n아우내 장터에서 독립 만세 운동이 일어났다.\n강우규가 사이토 총독에게 폭탄을 투척하였다.\n지주 문재철의 횡포에 맞서 소작 쟁의가 발생하였다.""}, {""problem_id"": ""cj_v41_0234"", ""full_text"": ""이 사진은 璽5년 9월 2일 일왕을 대신하여 일본의 외무 대신이 연합군 앞에서 항복 문서에 서영하는 장면이다. 서영하는 인물은 시게미쓰 마모루인데. 그는 윤봉길의 상하이 홍커우 공원 뽼 당시 폭탄에 맞아 다리를 다쳤습니다. '활치 구월며望들우특\n‘의거’를 일으킨 단체에 대한 설명으로 옳은 것은?\n신채호의 조선 혁명 선언을 활동 지침으로 삼았다.\n김구를 단장으로 하여 활발한 의열 활동을 펼쳤다.\n조선 총독을 저격한 강우규가 단원으로 활동하였다.\n이상재 등의 주도로 민립 대학 설립 운동을 전개하였다.\n진상 조사단을 파견하여 광주 학생 항일 운동을 지원하였다.""}, {""problem_id"": ""cj_v41_0269"", ""full_text"": ""답사 자료집 우리 고장 탐방 [동고산성] 견훤이 세운 후백제와의 관련성을 짐작하게 해 주는 수막새 등이 출토되었다. [경기전] 태조 이성계의 어진을 모셨던 곳이며, 그 옆에는 실록을 보관하던 사고가 있었다.\n다음 답사 지역에 대한 탐구 활동으로 가장 적절한 것은?\n김헌창이 반란을 일으킨 근거지를 검색한다.\n성왕이 새롭게 도읍지로 삼은 지역을 파악한다.\n동학 농민군이 정부와 화약을 체결한 장소를 알아본다.\n강우규가 총독 사이토에게 폭탄을 투척한 곳을 찾아본다.\n신립이 배수의 진을 치고 왜군과 맞선 격전지를 조사한다.""}]",source-candidate:e202e397dc91889429bb,THESAURUS:TERM:21037628:sha256-1022516a18f91e61,THESAURUS,3,,description,description_containment,0.47,UNKNOWN,"[""조병철""]","[""趙炳喆""]","[""일제시기""]",,,[],Person,"{""term_name"": ""조병철"", ""hanja"": ""趙炳喆"", ""era"": ""일제시기"", ""thesaurus_category"": ""인명"", ""description"": ""일제시기의 독립운동가. 함경남도 원산 출신. 1919년 9월 강우규(姜宇奎)가 사이토(齋藤實)총독을 암살하려는 계획을 알고 폭탄을 제공함."", ""term_year"": ""1891-1936""}",[],EVIDENCE_ONLY,,,,REL_019,조병철,Person,
19,gold-case:7f37013597b6ed133d6f,term-review-task:514e98b43e7e87ada88b,resolution-case:01c89db492b6f7584179,강우규,인물,"[{""problem_id"": ""cj_v41_0183"", ""full_text"": ""○○시 근현대 역사 투어 출발지: ○○ 버스 터미널 답사 장소 - 친일파 연구의 선구자 임종국 선생 흉상 - 유관순 열사 사적지 - 일본군 '위안부' 묘역, 망향의 동산 - 독립 기념관\n다음 지역에서 있었던 사실로 옳은 것은?\n4ㆍ3 사건으로 많은 주민이 희생되었다.\n오페르트가 남연군 묘 도굴을 시도하였다.\n아우내 장터에서 독립 만세 운동이 일어났다.\n강우규가 사이토 총독에게 폭탄을 투척하였다.\n지주 문재철의 횡포에 맞서 소작 쟁의가 발생하였다.""}, {""problem_id"": ""cj_v41_0234"", ""full_text"": ""이 사진은 璽5년 9월 2일 일왕을 대신하여 일본의 외무 대신이 연합군 앞에서 항복 문서에 서영하는 장면이다. 서영하는 인물은 시게미쓰 마모루인데. 그는 윤봉길의 상하이 홍커우 공원 뽼 당시 폭탄에 맞아 다리를 다쳤습니다. '활치 구월며望들우특\n‘의거’를 일으킨 단체에 대한 설명으로 옳은 것은?\n신채호의 조선 혁명 선언을 활동 지침으로 삼았다.\n김구를 단장으로 하여 활발한 의열 활동을 펼쳤다.\n조선 총독을 저격한 강우규가 단원으로 활동하였다.\n이상재 등의 주도로 민립 대학 설립 운동을 전개하였다.\n진상 조사단을 파견하여 광주 학생 항일 운동을 지원하였다.""}, {""problem_id"": ""cj_v41_0269"", ""full_text"": ""답사 자료집 우리 고장 탐방 [동고산성] 견훤이 세운 후백제와의 관련성을 짐작하게 해 주는 수막새 등이 출토되었다. [경기전] 태조 이성계의 어진을 모셨던 곳이며, 그 옆에는 실록을 보관하던 사고가 있었다.\n다음 답사 지역에 대한 탐구 활동으로 가장 적절한 것은?\n김헌창이 반란을 일으킨 근거지를 검색한다.\n성왕이 새롭게 도읍지로 삼은 지역을 파악한다.\n동학 농민군이 정부와 화약을 체결한 장소를 알아본다.\n강우규가 총독 사이토에게 폭탄을 투척한 곳을 찾아본다.\n신립이 배수의 진을 치고 왜군과 맞선 격전지를 조사한다.""}]",source-candidate:90bf695dc37998f88d41,THESAURUS:TERM:23921:sha256-1022516a18f91e61,THESAURUS,4,,description,description_containment,0.47,UNKNOWN,"[""한흥근""]","[""韓興根""]","[""일제시기""]",,,[],Person,"{""term_name"": ""한흥근"", ""hanja"": ""韓興根"", ""era"": ""일제시기"", ""thesaurus_category"": ""인명"", ""description"": ""일제시기 독립운동가. 함경남도 원산 출생. 1919년 강우규(姜宇奎)의 조선총독 암살계획을 도움."", ""term_year"": ""1886-1948""}",[],EVIDENCE_ONLY,,,,REL_020,한흥근,Person,
19,gold-case:7f37013597b6ed133d6f,term-review-task:514e98b43e7e87ada88b,resolution-case:01c89db492b6f7584179,강우규,인물,"[{""problem_id"": ""cj_v41_0183"", ""full_text"": ""○○시 근현대 역사 투어 출발지: ○○ 버스 터미널 답사 장소 - 친일파 연구의 선구자 임종국 선생 흉상 - 유관순 열사 사적지 - 일본군 '위안부' 묘역, 망향의 동산 - 독립 기념관\n다음 지역에서 있었던 사실로 옳은 것은?\n4ㆍ3 사건으로 많은 주민이 희생되었다.\n오페르트가 남연군 묘 도굴을 시도하였다.\n아우내 장터에서 독립 만세 운동이 일어났다.\n강우규가 사이토 총독에게 폭탄을 투척하였다.\n지주 문재철의 횡포에 맞서 소작 쟁의가 발생하였다.""}, {""problem_id"": ""cj_v41_0234"", ""full_text"": ""이 사진은 璽5년 9월 2일 일왕을 대신하여 일본의 외무 대신이 연합군 앞에서 항복 문서에 서영하는 장면이다. 서영하는 인물은 시게미쓰 마모루인데. 그는 윤봉길의 상하이 홍커우 공원 뽼 당시 폭탄에 맞아 다리를 다쳤습니다. '활치 구월며望들우특\n‘의거’를 일으킨 단체에 대한 설명으로 옳은 것은?\n신채호의 조선 혁명 선언을 활동 지침으로 삼았다.\n김구를 단장으로 하여 활발한 의열 활동을 펼쳤다.\n조선 총독을 저격한 강우규가 단원으로 활동하였다.\n이상재 등의 주도로 민립 대학 설립 운동을 전개하였다.\n진상 조사단을 파견하여 광주 학생 항일 운동을 지원하였다.""}, {""problem_id"": ""cj_v41_0269"", ""full_text"": ""답사 자료집 우리 고장 탐방 [동고산성] 견훤이 세운 후백제와의 관련성을 짐작하게 해 주는 수막새 등이 출토되었다. [경기전] 태조 이성계의 어진을 모셨던 곳이며, 그 옆에는 실록을 보관하던 사고가 있었다.\n다음 답사 지역에 대한 탐구 활동으로 가장 적절한 것은?\n김헌창이 반란을 일으킨 근거지를 검색한다.\n성왕이 새롭게 도읍지로 삼은 지역을 파악한다.\n동학 농민군이 정부와 화약을 체결한 장소를 알아본다.\n강우규가 총독 사이토에게 폭탄을 투척한 곳을 찾아본다.\n신립이 배수의 진을 치고 왜군과 맞선 격전지를 조사한다.""}]",source-candidate:8a68dd1b41d4810c6643,THESAURUS:TERM:39851359:sha256-1022516a18f91e61,THESAURUS,5,,description,description_containment,0.47,UNKNOWN,"[""노인동맹단""]","[""老人同盟團""]","[""일제시기""]",,,[],,"{""term_name"": ""노인동맹단"", ""hanja"": ""老人同盟團"", ""era"": ""일제시기"", ""thesaurus_category"": ""사회운동·독립운동>독립운동>민족주의운동(독립)"", ""description"": ""1919년 박은식(朴殷植)이 블라디보스톡에서 결성한 65세 이상의 재외 한인들의 독립운동단체. 사이또총독에게 폭탄을 투척한 강우규(姜宇奎)의사가 노인동맹단원임."", ""term_year"": ""1919-?""}",[],EVIDENCE_ONLY,,,,REL_021,노인동맹단,Organization,
19,gold-case:7f37013597b6ed133d6f,term-review-task:514e98b43e7e87ada88b,resolution-case:01c89db492b6f7584179,강우규,인물,"[{""problem_id"": ""cj_v41_0183"", ""full_text"": ""○○시 근현대 역사 투어 출발지: ○○ 버스 터미널 답사 장소 - 친일파 연구의 선구자 임종국 선생 흉상 - 유관순 열사 사적지 - 일본군 '위안부' 묘역, 망향의 동산 - 독립 기념관\n다음 지역에서 있었던 사실로 옳은 것은?\n4ㆍ3 사건으로 많은 주민이 희생되었다.\n오페르트가 남연군 묘 도굴을 시도하였다.\n아우내 장터에서 독립 만세 운동이 일어났다.\n강우규가 사이토 총독에게 폭탄을 투척하였다.\n지주 문재철의 횡포에 맞서 소작 쟁의가 발생하였다.""}, {""problem_id"": ""cj_v41_0234"", ""full_text"": ""이 사진은 璽5년 9월 2일 일왕을 대신하여 일본의 외무 대신이 연합군 앞에서 항복 문서에 서영하는 장면이다. 서영하는 인물은 시게미쓰 마모루인데. 그는 윤봉길의 상하이 홍커우 공원 뽼 당시 폭탄에 맞아 다리를 다쳤습니다. '활치 구월며望들우특\n‘의거’를 일으킨 단체에 대한 설명으로 옳은 것은?\n신채호의 조선 혁명 선언을 활동 지침으로 삼았다.\n김구를 단장으로 하여 활발한 의열 활동을 펼쳤다.\n조선 총독을 저격한 강우규가 단원으로 활동하였다.\n이상재 등의 주도로 민립 대학 설립 운동을 전개하였다.\n진상 조사단을 파견하여 광주 학생 항일 운동을 지원하였다.""}, {""problem_id"": ""cj_v41_0269"", ""full_text"": ""답사 자료집 우리 고장 탐방 [동고산성] 견훤이 세운 후백제와의 관련성을 짐작하게 해 주는 수막새 등이 출토되었다. [경기전] 태조 이성계의 어진을 모셨던 곳이며, 그 옆에는 실록을 보관하던 사고가 있었다.\n다음 답사 지역에 대한 탐구 활동으로 가장 적절한 것은?\n김헌창이 반란을 일으킨 근거지를 검색한다.\n성왕이 새롭게 도읍지로 삼은 지역을 파악한다.\n동학 농민군이 정부와 화약을 체결한 장소를 알아본다.\n강우규가 총독 사이토에게 폭탄을 투척한 곳을 찾아본다.\n신립이 배수의 진을 치고 왜군과 맞선 격전지를 조사한다.""}]",source-candidate:222c6efaeb5c85a98260,THESAURUS:TERM:4939:sha256-1022516a18f91e61,THESAURUS,6,,description,description_containment,0.47,UNKNOWN,"[""사이토총독저격사건""]","[""齋藤總督狙擊事件""]","[""일제시기""]",,,[],,"{""term_name"": ""사이토총독저격사건"", ""hanja"": ""齋藤總督狙擊事件"", ""era"": ""일제시기"", ""thesaurus_category"": ""사회운동·독립운동>독립운동>의거·의열투쟁"", ""description"": ""1919년 9월 2일 강우규(姜宇奎)가 조선 총독 사이토 마코토를 저격한 사건."", ""term_year"": ""1919""}",[],EVIDENCE_ONLY,,,,REL_022,사이토총독저격사건,Event,
19,gold-case:7f37013597b6ed133d6f,term-review-task:514e98b43e7e87ada88b,resolution-case:01c89db492b6f7584179,강우규,인물,"[{""problem_id"": ""cj_v41_0183"", ""full_text"": ""○○시 근현대 역사 투어 출발지: ○○ 버스 터미널 답사 장소 - 친일파 연구의 선구자 임종국 선생 흉상 - 유관순 열사 사적지 - 일본군 '위안부' 묘역, 망향의 동산 - 독립 기념관\n다음 지역에서 있었던 사실로 옳은 것은?\n4ㆍ3 사건으로 많은 주민이 희생되었다.\n오페르트가 남연군 묘 도굴을 시도하였다.\n아우내 장터에서 독립 만세 운동이 일어났다.\n강우규가 사이토 총독에게 폭탄을 투척하였다.\n지주 문재철의 횡포에 맞서 소작 쟁의가 발생하였다.""}, {""problem_id"": ""cj_v41_0234"", ""full_text"": ""이 사진은 璽5년 9월 2일 일왕을 대신하여 일본의 외무 대신이 연합군 앞에서 항복 문서에 서영하는 장면이다. 서영하는 인물은 시게미쓰 마모루인데. 그는 윤봉길의 상하이 홍커우 공원 뽼 당시 폭탄에 맞아 다리를 다쳤습니다. '활치 구월며望들우특\n‘의거’를 일으킨 단체에 대한 설명으로 옳은 것은?\n신채호의 조선 혁명 선언을 활동 지침으로 삼았다.\n김구를 단장으로 하여 활발한 의열 활동을 펼쳤다.\n조선 총독을 저격한 강우규가 단원으로 활동하였다.\n이상재 등의 주도로 민립 대학 설립 운동을 전개하였다.\n진상 조사단을 파견하여 광주 학생 항일 운동을 지원하였다.""}, {""problem_id"": ""cj_v41_0269"", ""full_text"": ""답사 자료집 우리 고장 탐방 [동고산성] 견훤이 세운 후백제와의 관련성을 짐작하게 해 주는 수막새 등이 출토되었다. [경기전] 태조 이성계의 어진을 모셨던 곳이며, 그 옆에는 실록을 보관하던 사고가 있었다.\n다음 답사 지역에 대한 탐구 활동으로 가장 적절한 것은?\n김헌창이 반란을 일으킨 근거지를 검색한다.\n성왕이 새롭게 도읍지로 삼은 지역을 파악한다.\n동학 농민군이 정부와 화약을 체결한 장소를 알아본다.\n강우규가 총독 사이토에게 폭탄을 투척한 곳을 찾아본다.\n신립이 배수의 진을 치고 왜군과 맞선 격전지를 조사한다.""}]",source-candidate:ae7d449ed8cb35da23d8,AKS:ARTICLE:E0001297:sha256-704d8ea620c542f5,AKS,7,강우,name,name_ngram,0.386,COMPATIBLE,"[""강우"", ""순서舜瑞"", ""호석湖石""]","[""姜虞"", ""舜瑞"", ""湖石""]","[""조선"", ""조선 후기"", ""근대"", ""일제강점기""]",,,[],Person,"{""headword"": ""강우"", ""aliases"": [""순서(舜瑞)"", ""호석(湖石)""], ""origin"": ""姜虞"", ""headword_origin"": ""강우(姜虞)"", ""primary_type"": ""인물/근현대 인물"", ""era"": ""조선/조선 후기 | 근대/일제강점기"", ""definition"": ""일제강점기 때, 『종리문답』, 『천산도설』, 『제천혈고사』 등을 저술한 대종교인.""}",[],,,,,,,,
19,gold-case:7f37013597b6ed133d6f,term-review-task:514e98b43e7e87ada88b,resolution-case:01c89db492b6f7584179,강우규,인물,"[{""problem_id"": ""cj_v41_0183"", ""full_text"": ""○○시 근현대 역사 투어 출발지: ○○ 버스 터미널 답사 장소 - 친일파 연구의 선구자 임종국 선생 흉상 - 유관순 열사 사적지 - 일본군 '위안부' 묘역, 망향의 동산 - 독립 기념관\n다음 지역에서 있었던 사실로 옳은 것은?\n4ㆍ3 사건으로 많은 주민이 희생되었다.\n오페르트가 남연군 묘 도굴을 시도하였다.\n아우내 장터에서 독립 만세 운동이 일어났다.\n강우규가 사이토 총독에게 폭탄을 투척하였다.\n지주 문재철의 횡포에 맞서 소작 쟁의가 발생하였다.""}, {""problem_id"": ""cj_v41_0234"", ""full_text"": ""이 사진은 璽5년 9월 2일 일왕을 대신하여 일본의 외무 대신이 연합군 앞에서 항복 문서에 서영하는 장면이다. 서영하는 인물은 시게미쓰 마모루인데. 그는 윤봉길의 상하이 홍커우 공원 뽼 당시 폭탄에 맞아 다리를 다쳤습니다. '활치 구월며望들우특\n‘의거’를 일으킨 단체에 대한 설명으로 옳은 것은?\n신채호의 조선 혁명 선언을 활동 지침으로 삼았다.\n김구를 단장으로 하여 활발한 의열 활동을 펼쳤다.\n조선 총독을 저격한 강우규가 단원으로 활동하였다.\n이상재 등의 주도로 민립 대학 설립 운동을 전개하였다.\n진상 조사단을 파견하여 광주 학생 항일 운동을 지원하였다.""}, {""problem_id"": ""cj_v41_0269"", ""full_text"": ""답사 자료집 우리 고장 탐방 [동고산성] 견훤이 세운 후백제와의 관련성을 짐작하게 해 주는 수막새 등이 출토되었다. [경기전] 태조 이성계의 어진을 모셨던 곳이며, 그 옆에는 실록을 보관하던 사고가 있었다.\n다음 답사 지역에 대한 탐구 활동으로 가장 적절한 것은?\n김헌창이 반란을 일으킨 근거지를 검색한다.\n성왕이 새롭게 도읍지로 삼은 지역을 파악한다.\n동학 농민군이 정부와 화약을 체결한 장소를 알아본다.\n강우규가 총독 사이토에게 폭탄을 투척한 곳을 찾아본다.\n신립이 배수의 진을 치고 왜군과 맞선 격전지를 조사한다.""}]",source-candidate:5fa061b5e87b398d3158,AKS:ARTICLE:E0001299:sha256-704d8ea620c542f5,AKS,8,강우성,name,name_ngram,0.336667,COMPATIBLE,"[""강우성""]","[""康遇聖""]","[""조선"", ""조선 전기"", ""조선 후기""]",,,[],Person,"{""headword"": ""강우성"", ""origin"": ""康遇聖"", ""headword_origin"": ""강우성(康遇聖)"", ""primary_type"": ""인물/전통 인물"", ""era"": ""조선/조선 전기 | 조선/조선 후기"", ""definition"": ""조선시대 때, 부산훈도이자 『첩해신어』를 저술한 역관.""}",[],,,,,,,,
19,gold-case:7f37013597b6ed133d6f,term-review-task:514e98b43e7e87ada88b,resolution-case:01c89db492b6f7584179,강우규,인물,"[{""problem_id"": ""cj_v41_0183"", ""full_text"": ""○○시 근현대 역사 투어 출발지: ○○ 버스 터미널 답사 장소 - 친일파 연구의 선구자 임종국 선생 흉상 - 유관순 열사 사적지 - 일본군 '위안부' 묘역, 망향의 동산 - 독립 기념관\n다음 지역에서 있었던 사실로 옳은 것은?\n4ㆍ3 사건으로 많은 주민이 희생되었다.\n오페르트가 남연군 묘 도굴을 시도하였다.\n아우내 장터에서 독립 만세 운동이 일어났다.\n강우규가 사이토 총독에게 폭탄을 투척하였다.\n지주 문재철의 횡포에 맞서 소작 쟁의가 발생하였다.""}, {""problem_id"": ""cj_v41_0234"", ""full_text"": ""이 사진은 璽5년 9월 2일 일왕을 대신하여 일본의 외무 대신이 연합군 앞에서 항복 문서에 서영하는 장면이다. 서영하는 인물은 시게미쓰 마모루인데. 그는 윤봉길의 상하이 홍커우 공원 뽼 당시 폭탄에 맞아 다리를 다쳤습니다. '활치 구월며望들우특\n‘의거’를 일으킨 단체에 대한 설명으로 옳은 것은?\n신채호의 조선 혁명 선언을 활동 지침으로 삼았다.\n김구를 단장으로 하여 활발한 의열 활동을 펼쳤다.\n조선 총독을 저격한 강우규가 단원으로 활동하였다.\n이상재 등의 주도로 민립 대학 설립 운동을 전개하였다.\n진상 조사단을 파견하여 광주 학생 항일 운동을 지원하였다.""}, {""problem_id"": ""cj_v41_0269"", ""full_text"": ""답사 자료집 우리 고장 탐방 [동고산성] 견훤이 세운 후백제와의 관련성을 짐작하게 해 주는 수막새 등이 출토되었다. [경기전] 태조 이성계의 어진을 모셨던 곳이며, 그 옆에는 실록을 보관하던 사고가 있었다.\n다음 답사 지역에 대한 탐구 활동으로 가장 적절한 것은?\n김헌창이 반란을 일으킨 근거지를 검색한다.\n성왕이 새롭게 도읍지로 삼은 지역을 파악한다.\n동학 농민군이 정부와 화약을 체결한 장소를 알아본다.\n강우규가 총독 사이토에게 폭탄을 투척한 곳을 찾아본다.\n신립이 배수의 진을 치고 왜군과 맞선 격전지를 조사한다.""}]",source-candidate:a1e2da216686351b8c9d,AKS:ARTICLE:E0001300:sha256-704d8ea620c542f5,AKS,9,강우형,name,name_ngram,0.336667,COMPATIBLE,"[""강우형""]","[""姜友馨""]","[""조선"", ""조선 후기""]",,,[],Person,"{""headword"": ""강우형"", ""origin"": ""姜友馨"", ""headword_origin"": ""강우형(姜友馨)"", ""primary_type"": ""인물/근현대 인물"", ""era"": ""조선/조선 후기"", ""definition"": ""조선 후기에, 중추원의관, 장례원소경, 봉상사제조 등을 역임한 문신.""}",[],,,,,,,,
19,gold-case:7f37013597b6ed133d6f,term-review-task:514e98b43e7e87ada88b,resolution-case:01c89db492b6f7584179,강우규,인물,"[{""problem_id"": ""cj_v41_0183"", ""full_text"": ""○○시 근현대 역사 투어 출발지: ○○ 버스 터미널 답사 장소 - 친일파 연구의 선구자 임종국 선생 흉상 - 유관순 열사 사적지 - 일본군 '위안부' 묘역, 망향의 동산 - 독립 기념관\n다음 지역에서 있었던 사실로 옳은 것은?\n4ㆍ3 사건으로 많은 주민이 희생되었다.\n오페르트가 남연군 묘 도굴을 시도하였다.\n아우내 장터에서 독립 만세 운동이 일어났다.\n강우규가 사이토 총독에게 폭탄을 투척하였다.\n지주 문재철의 횡포에 맞서 소작 쟁의가 발생하였다.""}, {""problem_id"": ""cj_v41_0234"", ""full_text"": ""이 사진은 璽5년 9월 2일 일왕을 대신하여 일본의 외무 대신이 연합군 앞에서 항복 문서에 서영하는 장면이다. 서영하는 인물은 시게미쓰 마모루인데. 그는 윤봉길의 상하이 홍커우 공원 뽼 당시 폭탄에 맞아 다리를 다쳤습니다. '활치 구월며望들우특\n‘의거’를 일으킨 단체에 대한 설명으로 옳은 것은?\n신채호의 조선 혁명 선언을 활동 지침으로 삼았다.\n김구를 단장으로 하여 활발한 의열 활동을 펼쳤다.\n조선 총독을 저격한 강우규가 단원으로 활동하였다.\n이상재 등의 주도로 민립 대학 설립 운동을 전개하였다.\n진상 조사단을 파견하여 광주 학생 항일 운동을 지원하였다.""}, {""problem_id"": ""cj_v41_0269"", ""full_text"": ""답사 자료집 우리 고장 탐방 [동고산성] 견훤이 세운 후백제와의 관련성을 짐작하게 해 주는 수막새 등이 출토되었다. [경기전] 태조 이성계의 어진을 모셨던 곳이며, 그 옆에는 실록을 보관하던 사고가 있었다.\n다음 답사 지역에 대한 탐구 활동으로 가장 적절한 것은?\n김헌창이 반란을 일으킨 근거지를 검색한다.\n성왕이 새롭게 도읍지로 삼은 지역을 파악한다.\n동학 농민군이 정부와 화약을 체결한 장소를 알아본다.\n강우규가 총독 사이토에게 폭탄을 투척한 곳을 찾아본다.\n신립이 배수의 진을 치고 왜군과 맞선 격전지를 조사한다.""}]",source-candidate:bdc0d214fbc34727d16d,AKS:ARTICLE:E0009989:sha256-704d8ea620c542f5,AKS,10,김우규,name,name_ngram,0.336667,COMPATIBLE,"[""김우규"", ""백도伯道"", ""성백聖伯""]","[""金友奎"", ""伯道"", ""聖伯""]","[""조선"", ""조선 후기""]",,,[],Person,"{""headword"": ""김우규"", ""aliases"": [""백도(伯道)"", ""성백(聖伯)""], ""origin"": ""金友奎"", ""headword_origin"": ""김우규(金友奎)"", ""primary_type"": ""인물/전통 인물"", ""era"": ""조선/조선 후기"", ""definition"": ""조선후기 『청구가요』 등에 주요 작품이 실려 있는 가객.""}",[],,,,,,,,
20,gold-case:eaf76058483d688d410a,term-review-task:72c5b8f6045ef5a881a1,resolution-case:251a04988b501311afe8,몸뻬,유물,"[{""problem_id"": ""cj_v41_1184"", ""full_text"": ""○○ 고 한국사 교실 홈 게시판 수업 과제 사용자 성적 캘린더 ▣ 조별 과제 안내 수업 보관처리된 수업 일제 강점기 사회 및 문화의 변화를 일상생활의 변동과 설정 연관하여 보고서를 작성한 후 제목과 함께 게시판에 올려 주세요. 번호 제 목 1 1조 - 소비 문화의 정점, 백화점의 탄생 2 2조 - 수학여행을 통해 본 식민지 근대 관광 3 3조 - 문화 주택과 토막집 4 4조 - (가)\n(가)에 들어갈 내용으로 가장 적절한 것은?\n서양식 의료의 수용, 광혜원\n근대적 우편 제도의 시작, 우정총국\n전시 통제 체제 속에서 강요된 여성복, 몸뻬\n근면, 자조, 협동을 기치로 내세운 새마을 운동\n상품 광고의 새로운 장을 연 컬러텔레비전 방송""}, {""problem_id"": ""cj_v41_1233"", ""full_text"": ""이것은 한 제과업체의 캐러멜 광고로 탱크와 전투기 그림을 활용하여 “캐러멜도 싸우고 있다!”라는 문구를 담고 있다. 중일 전쟁 이후 일제가 국가 총동원법을 시행한 시기에 제작된 이 광고는 당시 군국주의 문화가 일상에까지 스며들어 있었음을 잘 보여 줍니다.\n밑줄 그은 ‘시기’에 볼 수 있는 사회 모습으로 가장 적절한 것은?\n몸뻬 착용을 권장하는 애국반 반장\n경성 제국 대학 설립을 추진하는 관리\n헌병 경찰에게 끌려가 태형을 당하는 농민\n원산 총파업에 연대 지원금을 보내는 외국 노동자\n안창남의 고국 방문 비행을 환영하기 위해 상경하는 청년""}, {""problem_id"": ""cj_v41_1326"", ""full_text"": ""한국사 웹 드라마 기획안 식민지 조선인의 삶 1화 단성사, 영화 아리랑을 상영하다 2화 몸뻬, 새로운 일상복으로 강요되다 3화 목포의 눈물, 나라 잃 은 설움을 노래하다 가 차례로 제시되어 있다. 이어 주의 사항으로 이라는 내용이 나와 있다. 경성 단성사에서 나운규 (1902~ 가 제작한 (무성 영화) 아리랑이 개봉한 것은 1926 년 10월의 일이다(1926.10.1). 영화 아리랑은 폭발적인 인기를 끌면서 이후 2년 6개월 동안 전국을 돌며 상영되었다. 몸뻬( 일 본어: もんぺ )는 원래 일본 도호쿠 지방에서 전통적으로 사용된 바지로, 일제 강점기 말에 일제에 의해 일본과 조선의 부녀자들 에게 강제로 보급된 헐렁한 바지이다( ). 당 시 일제는 국민복 착용과 함께 몸뻬 착용을 강요하였다. 목포의 눈물(문일석 작사, 손목인 작곡, 이난영 노래)은 1935년 9월 발 매된 대중가요이다(1935년 조선일보 향토 노래 현상 모집 당선 가사). 지금까지 큰 인기를 얻어 목포시 죽교동(유달산 정상 아 래)에 현재\n(가)에 들어갈 내용으로 적절하지 않은 것은?\n잡지 신여성, 여권 신장을 주장하다\n조선 형평사, 사회적 차별 철폐를 외치다\n소설 상록수, 브나로드 운동을 널리 알리다\n경성 방직 주식회사, 광목 태극성을 광고하다\n새마을 운동, 근면·자조·협동을 기치로 내세우다""}]",source-candidate:3ede17ec4ce65a3ae36d,THESAURUS:TERM:20873:sha256-1022516a18f91e61,THESAURUS,1,몸뻬,name,exact,1.0,UNKNOWN,"[""몸뻬""]",[],"[""근대-현대""]",,,[],,"{""term_name"": ""몸뻬"", ""hanja"": ""몸뻬"", ""era"": ""근대-현대"", ""thesaurus_category"": ""사회·생활>일상생활>의생활"", ""description"": ""일제말기 여성 노동력을 동원하기 위해 일제가 강제로 보급한 하의."", ""term_year"": ""1940-?""}",[],,,,,,,,
20,gold-case:eaf76058483d688d410a,term-review-task:72c5b8f6045ef5a881a1,resolution-case:251a04988b501311afe8,몸뻬,유물,"[{""problem_id"": ""cj_v41_1184"", ""full_text"": ""○○ 고 한국사 교실 홈 게시판 수업 과제 사용자 성적 캘린더 ▣ 조별 과제 안내 수업 보관처리된 수업 일제 강점기 사회 및 문화의 변화를 일상생활의 변동과 설정 연관하여 보고서를 작성한 후 제목과 함께 게시판에 올려 주세요. 번호 제 목 1 1조 - 소비 문화의 정점, 백화점의 탄생 2 2조 - 수학여행을 통해 본 식민지 근대 관광 3 3조 - 문화 주택과 토막집 4 4조 - (가)\n(가)에 들어갈 내용으로 가장 적절한 것은?\n서양식 의료의 수용, 광혜원\n근대적 우편 제도의 시작, 우정총국\n전시 통제 체제 속에서 강요된 여성복, 몸뻬\n근면, 자조, 협동을 기치로 내세운 새마을 운동\n상품 광고의 새로운 장을 연 컬러텔레비전 방송""}, {""problem_id"": ""cj_v41_1233"", ""full_text"": ""이것은 한 제과업체의 캐러멜 광고로 탱크와 전투기 그림을 활용하여 “캐러멜도 싸우고 있다!”라는 문구를 담고 있다. 중일 전쟁 이후 일제가 국가 총동원법을 시행한 시기에 제작된 이 광고는 당시 군국주의 문화가 일상에까지 스며들어 있었음을 잘 보여 줍니다.\n밑줄 그은 ‘시기’에 볼 수 있는 사회 모습으로 가장 적절한 것은?\n몸뻬 착용을 권장하는 애국반 반장\n경성 제국 대학 설립을 추진하는 관리\n헌병 경찰에게 끌려가 태형을 당하는 농민\n원산 총파업에 연대 지원금을 보내는 외국 노동자\n안창남의 고국 방문 비행을 환영하기 위해 상경하는 청년""}, {""problem_id"": ""cj_v41_1326"", ""full_text"": ""한국사 웹 드라마 기획안 식민지 조선인의 삶 1화 단성사, 영화 아리랑을 상영하다 2화 몸뻬, 새로운 일상복으로 강요되다 3화 목포의 눈물, 나라 잃 은 설움을 노래하다 가 차례로 제시되어 있다. 이어 주의 사항으로 이라는 내용이 나와 있다. 경성 단성사에서 나운규 (1902~ 가 제작한 (무성 영화) 아리랑이 개봉한 것은 1926 년 10월의 일이다(1926.10.1). 영화 아리랑은 폭발적인 인기를 끌면서 이후 2년 6개월 동안 전국을 돌며 상영되었다. 몸뻬( 일 본어: もんぺ )는 원래 일본 도호쿠 지방에서 전통적으로 사용된 바지로, 일제 강점기 말에 일제에 의해 일본과 조선의 부녀자들 에게 강제로 보급된 헐렁한 바지이다( ). 당 시 일제는 국민복 착용과 함께 몸뻬 착용을 강요하였다. 목포의 눈물(문일석 작사, 손목인 작곡, 이난영 노래)은 1935년 9월 발 매된 대중가요이다(1935년 조선일보 향토 노래 현상 모집 당선 가사). 지금까지 큰 인기를 얻어 목포시 죽교동(유달산 정상 아 래)에 현재\n(가)에 들어갈 내용으로 적절하지 않은 것은?\n잡지 신여성, 여권 신장을 주장하다\n조선 형평사, 사회적 차별 철폐를 외치다\n소설 상록수, 브나로드 운동을 널리 알리다\n경성 방직 주식회사, 광목 태극성을 광고하다\n새마을 운동, 근면·자조·협동을 기치로 내세우다""}]",source-candidate:7f84d98000d3e7dc8f4b,AKS:ARTICLE:E0079810:sha256-704d8ea620c542f5,AKS,2,몸뻬,name,exact,1.0,CONFLICT,"[""몸뻬"", ""왜바지"", ""일바지""]",[],"[""근대"", ""일제강점기""]",,,[],,"{""headword"": ""몸뻬"", ""aliases"": [""왜바지"", ""일바지""], ""origin"": ""←monpe"", ""headword_origin"": ""몸뻬(←monpe)"", ""primary_type"": ""의복"", ""era"": ""근대/일제강점기"", ""definition"": ""일제강점기, 전시 체제하에서 여성의 방공 활동 참여와 노동력 동원을 위해 일제가 강제 보급한 바지.""}",[],,,,,,,,
21,gold-case:0d64ebbff107b51c815d,term-review-task:3e9ea0d64dcd984f7853,resolution-case:854a3cf765d5ed7069d4,대기성 차관,제도,"[{""problem_id"": ""cj_v41_0285"", ""full_text"": ""미셸 캉드쉬 총재 귀하 1. 첨부된 경제 계획 각서에는 향후 3년 이상 한국이 실행할 정책이 요약되어 있다. 이 정책은 현재의 재정적 어려움을 초래한 근본 원인을 해결하여 시장의 신뢰를 회복하며, 한국 경제를 강력하고 지속 가능한 성장의 길로 이끌 수 있을 것이다. 이 경제 계획을 지원하기 위해 한국 정부는 향후 3년간 특별 인출권(SDR) 155억 달러 규모의 국제 통화 기금(IMF) 대기성 차관을 요청합니다.\n다음 문서가 작성된 이후의 사실로 옳은 것은?\n전국 민주 노동조합 총연맹이 창립되었다.\n저유가, 저금리, 저달러의 3저 호황이 있었다.\n제2차 석유 파동으로 경제 불황이 심화되었다.\n대통령 긴급 명령으로 금융 실명제가 실시되었다.\n대통령 직속 자문 기구인 노사정 위원회가 구성되었다.""}]",source-candidate:fe30c3d77438b5578b80,THESAURUS:TERM:35672178:sha256-1022516a18f91e61,THESAURUS,1,지대경차관,name,name_ngram,0.3095,UNKNOWN,"[""지대경차관""]","[""支待敬差官""]","[""조선시대""]",,,[],,"{""term_name"": ""지대경차관"", ""hanja"": ""支待敬差官"", ""era"": ""조선시대"", ""thesaurus_category"": ""정치·행정·법제>인사"", ""description"": ""조선시대에 외국 사신의 지대(支待)에 관한 일을 보살피기 위하여 파견하는 경차관."", ""term_year"": ""?-?""}",[],,,,,,,,
21,gold-case:0d64ebbff107b51c815d,term-review-task:3e9ea0d64dcd984f7853,resolution-case:854a3cf765d5ed7069d4,대기성 차관,제도,"[{""problem_id"": ""cj_v41_0285"", ""full_text"": ""미셸 캉드쉬 총재 귀하 1. 첨부된 경제 계획 각서에는 향후 3년 이상 한국이 실행할 정책이 요약되어 있다. 이 정책은 현재의 재정적 어려움을 초래한 근본 원인을 해결하여 시장의 신뢰를 회복하며, 한국 경제를 강력하고 지속 가능한 성장의 길로 이끌 수 있을 것이다. 이 경제 계획을 지원하기 위해 한국 정부는 향후 3년간 특별 인출권(SDR) 155억 달러 규모의 국제 통화 기금(IMF) 대기성 차관을 요청합니다.\n다음 문서가 작성된 이후의 사실로 옳은 것은?\n전국 민주 노동조합 총연맹이 창립되었다.\n저유가, 저금리, 저달러의 3저 호황이 있었다.\n제2차 석유 파동으로 경제 불황이 심화되었다.\n대통령 긴급 명령으로 금융 실명제가 실시되었다.\n대통령 직속 자문 기구인 노사정 위원회가 구성되었다.""}]",source-candidate:135f4913999bb7b35319,THESAURUS:TERM:35670046:sha256-1022516a18f91e61,THESAURUS,2,기성낭관,name,name_ngram,0.291667,UNKNOWN,"[""기성낭관""]","[""騎省郎官""]","[""조선시대""]",,,[],,"{""term_name"": ""기성낭관"", ""hanja"": ""騎省郎官"", ""era"": ""조선시대"", ""thesaurus_category"": ""정치·행정·법제>인사"", ""description"": ""조선시대 병조(兵曹)의 낭관을 말함."", ""term_year"": ""?-?""}",[],,,,,,,,
21,gold-case:0d64ebbff107b51c815d,term-review-task:3e9ea0d64dcd984f7853,resolution-case:854a3cf765d5ed7069d4,대기성 차관,제도,"[{""problem_id"": ""cj_v41_0285"", ""full_text"": ""미셸 캉드쉬 총재 귀하 1. 첨부된 경제 계획 각서에는 향후 3년 이상 한국이 실행할 정책이 요약되어 있다. 이 정책은 현재의 재정적 어려움을 초래한 근본 원인을 해결하여 시장의 신뢰를 회복하며, 한국 경제를 강력하고 지속 가능한 성장의 길로 이끌 수 있을 것이다. 이 경제 계획을 지원하기 위해 한국 정부는 향후 3년간 특별 인출권(SDR) 155억 달러 규모의 국제 통화 기금(IMF) 대기성 차관을 요청합니다.\n다음 문서가 작성된 이후의 사실로 옳은 것은?\n전국 민주 노동조합 총연맹이 창립되었다.\n저유가, 저금리, 저달러의 3저 호황이 있었다.\n제2차 석유 파동으로 경제 불황이 심화되었다.\n대통령 긴급 명령으로 금융 실명제가 실시되었다.\n대통령 직속 자문 기구인 노사정 위원회가 구성되었다.""}]",source-candidate:c6b613a3774d4b51db9a,AKS:ARTICLE:E0055121:sha256-704d8ea620c542f5,AKS,3,차관보,name,name_ngram,0.2725,COMPATIBLE,"[""차관보""]","[""次官補""]","[""현대""]",,,[],Concept,"{""headword"": ""차관보"", ""origin"": ""次官補"", ""headword_origin"": ""차관보(次官補)"", ""primary_type"": ""제도/관직"", ""era"": ""현대"", ""definition"": ""행정각부의 장관과 차관을 직접 보좌하는 기관.""}","[{""left_source_candidate_id"": ""source-candidate:c6b613a3774d4b51db9a"", ""right_source_candidate_id"": ""source-candidate:ce8b74243fca096c2a37"", ""signals"": [""normalized_name_match"", ""hanja_match"", ""era_overlap""], ""conflicts"": [], ""merge_eligible"": true}]",,,,,,,,
21,gold-case:0d64ebbff107b51c815d,term-review-task:3e9ea0d64dcd984f7853,resolution-case:854a3cf765d5ed7069d4,대기성 차관,제도,"[{""problem_id"": ""cj_v41_0285"", ""full_text"": ""미셸 캉드쉬 총재 귀하 1. 첨부된 경제 계획 각서에는 향후 3년 이상 한국이 실행할 정책이 요약되어 있다. 이 정책은 현재의 재정적 어려움을 초래한 근본 원인을 해결하여 시장의 신뢰를 회복하며, 한국 경제를 강력하고 지속 가능한 성장의 길로 이끌 수 있을 것이다. 이 경제 계획을 지원하기 위해 한국 정부는 향후 3년간 특별 인출권(SDR) 155억 달러 규모의 국제 통화 기금(IMF) 대기성 차관을 요청합니다.\n다음 문서가 작성된 이후의 사실로 옳은 것은?\n전국 민주 노동조합 총연맹이 창립되었다.\n저유가, 저금리, 저달러의 3저 호황이 있었다.\n제2차 석유 파동으로 경제 불황이 심화되었다.\n대통령 긴급 명령으로 금융 실명제가 실시되었다.\n대통령 직속 자문 기구인 노사정 위원회가 구성되었다.""}]",source-candidate:ce8b74243fca096c2a37,THESAURUS:TERM:14683756:sha256-1022516a18f91e61,THESAURUS,4,차관보,name,name_ngram,0.2725,UNKNOWN,"[""차관보""]","[""次官補""]","[""현대""]",,,[],,"{""term_name"": ""차관보"", ""hanja"": ""次官補"", ""era"": ""현대"", ""thesaurus_category"": ""정치·행정·법제>인사"", ""description"": ""1962년 ‘정부조직법’에 따라 행정부에 설치되어 각 부의 장관과 차관의 업무를 보좌하는 기관."", ""term_year"": ""1962-?""}","[{""left_source_candidate_id"": ""source-candidate:c6b613a3774d4b51db9a"", ""right_source_candidate_id"": ""source-candidate:ce8b74243fca096c2a37"", ""signals"": [""normalized_name_match"", ""hanja_match"", ""era_overlap""], ""conflicts"": [], ""merge_eligible"": true}]",,,,,,,,
22,gold-case:aeb24bc70af226486ee6,term-review-task:fa21f3aac6ad39a0b7db,resolution-case:c70ba28fa5e4983c35de,박종철 고문 치사 사건 은폐 조작,사건,"[{""problem_id"": ""cj_v41_0562"", ""full_text"": ""(가)의 현장을 찾아서 일시: 매주 토요일, 10:00 참가 대상: 시민 누구나 답사 경로: 향린 교회 - 명동 성당 - 성공회 성당 - 향린 교회: 민주 헌법 쟁취 국민운동 본부 발기인 대회 개최지 - 명동 성당: 박종철 고문 은폐 조작 발표 장소 - 성공회 성당: 6·10 국민 대회가 시작된 곳\n(가) 민주화 운동에 대한 설명으로 옳은 것은?\n신군부의 비상계엄 확대가 원인이 되어 일어났다.\n관련 기록물이 유네스코 세계 기록 유산으로 등재되었다.\n3·15 부정 선거에 항의하며 시위대가 경무대로 행진하였다.\n3·1 민주 구국 선언을 통해 긴급 조치 철폐 등을 요구하였다.\n호헌 철폐와 독재 타도 등의 구호를 내세운 시위가 확산되었다.""}]",source-candidate:0674fce0352fe8f36e5b,AKS:ARTICLE:E0068065:sha256-704d8ea620c542f5,AKS,1,박종철 고문 치사 사건 은폐 조작,body,body_mention,1.0,COMPATIBLE,"[""박종철고문치사사건"", ""박종철사망사건""]","[""朴鍾哲"", ""拷問致死"", ""事件""]","[""현대""]",,,[],Event,"{""headword"": ""박종철 고문치사 사건"", ""aliases"": [""박종철사망사건""], ""origin"": ""朴鍾哲 拷問致死 事件"", ""headword_origin"": ""박종철 고문치사 사건(朴鍾哲 拷問致死 事件)"", ""primary_type"": ""사건/사건·사고"", ""era"": ""현대"", ""definition"": ""서울대학교 학생 박종철이 치안본부 남영동 대공분실에서 조사를 받던 중 경찰의 고문으로 사망한 사건."", ""snippet"": ""참여하는 관계기관대책회의가 은폐 조작에 조직적으로 관여했다는 사실이 드러났다. # 의의와 평가 박종철 고문치사와 은폐 조작사건은 전두환정권의 정당성에 큰 타격을 주었고 정권 규탄 시위를 촉발했다""}","[{""left_source_candidate_id"": ""source-candidate:0674fce0352fe8f36e5b"", ""right_source_candidate_id"": ""source-candidate:9f4b957afceaefef22c9"", ""signals"": [""normalized_name_match"", ""era_overlap""], ""conflicts"": [], ""merge_eligible"": true}, {""left_source_candidate_id"": ""source-candidate:0674fce0352fe8f36e5b"", ""right_source_candidate_id"": ""source-candidate:f67c249bff0f242dcd5a"", ""signals"": [""normalized_name_match"", ""era_overlap""], ""conflicts"": [], ""merge_eligible"": true}]",IDENTITY_MEMBER,ALT_023,박종철 고문 치사 사건 은폐 조작,Event,,,,
22,gold-case:aeb24bc70af226486ee6,term-review-task:fa21f3aac6ad39a0b7db,resolution-case:c70ba28fa5e4983c35de,박종철 고문 치사 사건 은폐 조작,사건,"[{""problem_id"": ""cj_v41_0562"", ""full_text"": ""(가)의 현장을 찾아서 일시: 매주 토요일, 10:00 참가 대상: 시민 누구나 답사 경로: 향린 교회 - 명동 성당 - 성공회 성당 - 향린 교회: 민주 헌법 쟁취 국민운동 본부 발기인 대회 개최지 - 명동 성당: 박종철 고문 은폐 조작 발표 장소 - 성공회 성당: 6·10 국민 대회가 시작된 곳\n(가) 민주화 운동에 대한 설명으로 옳은 것은?\n신군부의 비상계엄 확대가 원인이 되어 일어났다.\n관련 기록물이 유네스코 세계 기록 유산으로 등재되었다.\n3·15 부정 선거에 항의하며 시위대가 경무대로 행진하였다.\n3·1 민주 구국 선언을 통해 긴급 조치 철폐 등을 요구하였다.\n호헌 철폐와 독재 타도 등의 구호를 내세운 시위가 확산되었다.""}]",source-candidate:7a794c287c7f1f45ee07,AKS:ARTICLE:E0068343:sha256-704d8ea620c542f5,AKS,2,박종철 고문 치사 사건 은폐 조작,body,body_mention,1.0,COMPATIBLE,"[""육십항쟁"", ""육월민주항쟁"", ""육월민주화항쟁"", ""육월항쟁""]","[""六月抗爭""]","[""현대""]",,,[],Event,"{""headword"": ""6월항쟁"", ""aliases"": [""6 · 10항쟁"", ""6월민주항쟁"", ""6월민주화항쟁""], ""origin"": ""六月抗爭"", ""headword_origin"": ""6월항쟁(六月抗爭)"", ""primary_type"": ""사건/사회운동"", ""era"": ""현대"", ""definition"": ""1987년 6월, 대통령직선제 개헌 등 민주화를 요구하며 전국적으로 전개된 대규모 시민 항쟁."", ""snippet"": ""식화한 상황에서 5월 18일 [정의구현사제단](E0078625)이 지난 1987년 1월 발생한 [박종철고문치사사건](E0068065)이 정권 차원에서 은폐 · 조작되었다는 사실을 폭로하였다. 많은 시""}",[],EVIDENCE_ONLY,,,,REL_024,6월 항쟁,Event,
22,gold-case:aeb24bc70af226486ee6,term-review-task:fa21f3aac6ad39a0b7db,resolution-case:c70ba28fa5e4983c35de,박종철 고문 치사 사건 은폐 조작,사건,"[{""problem_id"": ""cj_v41_0562"", ""full_text"": ""(가)의 현장을 찾아서 일시: 매주 토요일, 10:00 참가 대상: 시민 누구나 답사 경로: 향린 교회 - 명동 성당 - 성공회 성당 - 향린 교회: 민주 헌법 쟁취 국민운동 본부 발기인 대회 개최지 - 명동 성당: 박종철 고문 은폐 조작 발표 장소 - 성공회 성당: 6·10 국민 대회가 시작된 곳\n(가) 민주화 운동에 대한 설명으로 옳은 것은?\n신군부의 비상계엄 확대가 원인이 되어 일어났다.\n관련 기록물이 유네스코 세계 기록 유산으로 등재되었다.\n3·15 부정 선거에 항의하며 시위대가 경무대로 행진하였다.\n3·1 민주 구국 선언을 통해 긴급 조치 철폐 등을 요구하였다.\n호헌 철폐와 독재 타도 등의 구호를 내세운 시위가 확산되었다.""}]",source-candidate:f67c249bff0f242dcd5a,THESAURUS:TERM:4122:sha256-1022516a18f91e61,THESAURUS,3,박종철고문치사사건,name,bidirectional_containment,0.60905,UNKNOWN,"[""박종철고문치사사건""]","[""朴鐘哲拷問致死事件""]","[""현대""]",,,[],,"{""term_name"": ""박종철고문치사사건"", ""hanja"": ""朴鐘哲拷問致死事件"", ""era"": ""현대"", ""thesaurus_category"": ""정치·행정·법제>정치>정치사건"", ""description"": ""1987년 1월 14일 서울대생 박종철이 치안본부 남영동 대공분실에서 고문에 의해 살해된 사건."", ""term_year"": ""1987""}","[{""left_source_candidate_id"": ""source-candidate:0674fce0352fe8f36e5b"", ""right_source_candidate_id"": ""source-candidate:f67c249bff0f242dcd5a"", ""signals"": [""normalized_name_match"", ""era_overlap""], ""conflicts"": [], ""merge_eligible"": true}]",IDENTITY_MEMBER,ALT_023,박종철 고문 치사 사건 은폐 조작,Event,,,,
22,gold-case:aeb24bc70af226486ee6,term-review-task:fa21f3aac6ad39a0b7db,resolution-case:c70ba28fa5e4983c35de,박종철 고문 치사 사건 은폐 조작,사건,"[{""problem_id"": ""cj_v41_0562"", ""full_text"": ""(가)의 현장을 찾아서 일시: 매주 토요일, 10:00 참가 대상: 시민 누구나 답사 경로: 향린 교회 - 명동 성당 - 성공회 성당 - 향린 교회: 민주 헌법 쟁취 국민운동 본부 발기인 대회 개최지 - 명동 성당: 박종철 고문 은폐 조작 발표 장소 - 성공회 성당: 6·10 국민 대회가 시작된 곳\n(가) 민주화 운동에 대한 설명으로 옳은 것은?\n신군부의 비상계엄 확대가 원인이 되어 일어났다.\n관련 기록물이 유네스코 세계 기록 유산으로 등재되었다.\n3·15 부정 선거에 항의하며 시위대가 경무대로 행진하였다.\n3·1 민주 구국 선언을 통해 긴급 조치 철폐 등을 요구하였다.\n호헌 철폐와 독재 타도 등의 구호를 내세운 시위가 확산되었다.""}]",source-candidate:9f4b957afceaefef22c9,THESAURUS:TERM:4123:sha256-1022516a18f91e61,THESAURUS,4,박종철고문치사사건,name,bidirectional_containment,0.60905,UNKNOWN,"[""박종철고문치사사건""]","[""朴鐘哲拷問致死事件""]","[""현대""]",,,[],,"{""term_name"": ""박종철고문치사사건"", ""hanja"": ""朴鐘哲拷問致死事件"", ""era"": ""현대"", ""thesaurus_category"": ""사회운동·독립운동>사회운동>민주화운동"", ""description"": ""1987년 1월 14일 서울대생 박종철이 치안본부 남영동 대공분실에서 고문에 의해 살해된 사건."", ""term_year"": ""1987""}","[{""left_source_candidate_id"": ""source-candidate:0674fce0352fe8f36e5b"", ""right_source_candidate_id"": ""source-candidate:9f4b957afceaefef22c9"", ""signals"": [""normalized_name_match"", ""era_overlap""], ""conflicts"": [], ""merge_eligible"": true}]",IDENTITY_MEMBER,ALT_023,박종철 고문 치사 사건 은폐 조작,Event,,,,
23,gold-case:0d6c6da16d6b6028d76d,term-review-task:a8d9749205d3c202150e,resolution-case:731ca65f8304d213aa13,두모진해관,유적,"[{""problem_id"": ""cj_v41_1028"", ""full_text"": ""조선 정부는 이곳에 해관을 설치하고 동래부 거류지의 일본 상인과 거 래하는 조선 상인으로부터 세금을 징수하였다 그러자 일본 상인이 조약 위반이라고 반발하였고, 결국 3개월 만에 수세가 중단되었다 우리나라 최초의 세관터, -두모진해관 -\n해설사가 설명하는 사건이 발생한 시기를 연표에서 옳게고 른 것은?\n(가)\n(나)\n(다)\n(라)\n(마)""}]",source-candidate:40012c9afe714aac1c88,AKS:ARTICLE:E0054985:sha256-704d8ea620c542f5,AKS,1,진해선,name,name_ngram,0.2725,COMPATIBLE,"[""진해선""]","[""鎭海線""]","[""근대"", ""일제강점기""]",,,[],Place,"{""headword"": ""진해선"", ""origin"": ""鎭海線"", ""headword_origin"": ""진해선(鎭海線)"", ""primary_type"": ""지명/시설"", ""era"": ""근대/일제강점기"", ""definition"": ""경상남도 창원시 의창구 창원역에서 진해구 통해역으로 이어지는 철도 노선.""}","[{""left_source_candidate_id"": ""source-candidate:40012c9afe714aac1c88"", ""right_source_candidate_id"": ""source-candidate:652b5e628d2e6eb91259"", ""signals"": [""normalized_name_match"", ""hanja_match""], ""conflicts"": [], ""merge_eligible"": true}]",,,,,,,,
23,gold-case:0d6c6da16d6b6028d76d,term-review-task:a8d9749205d3c202150e,resolution-case:731ca65f8304d213aa13,두모진해관,유적,"[{""problem_id"": ""cj_v41_1028"", ""full_text"": ""조선 정부는 이곳에 해관을 설치하고 동래부 거류지의 일본 상인과 거 래하는 조선 상인으로부터 세금을 징수하였다 그러자 일본 상인이 조약 위반이라고 반발하였고, 결국 3개월 만에 수세가 중단되었다 우리나라 최초의 세관터, -두모진해관 -\n해설사가 설명하는 사건이 발생한 시기를 연표에서 옳게고 른 것은?\n(가)\n(나)\n(다)\n(라)\n(마)""}]",source-candidate:bcc125cdfa3e0dbf6b66,AKS:ARTICLE:E0054994:sha256-704d8ea620c542f5,AKS,2,진해항,name,name_ngram,0.2725,COMPATIBLE,"[""진해항""]","[""鎭海港""]","[""현대""]",,,[],Place,"{""headword"": ""진해항"", ""origin"": ""鎭海港"", ""headword_origin"": ""진해항(鎭海港)"", ""primary_type"": ""지명/시설"", ""era"": ""현대"", ""definition"": ""경상남도 창원시 진해구에 있는 항구.""}",[],,,,,,,,
23,gold-case:0d6c6da16d6b6028d76d,term-review-task:a8d9749205d3c202150e,resolution-case:731ca65f8304d213aa13,두모진해관,유적,"[{""problem_id"": ""cj_v41_1028"", ""full_text"": ""조선 정부는 이곳에 해관을 설치하고 동래부 거류지의 일본 상인과 거 래하는 조선 상인으로부터 세금을 징수하였다 그러자 일본 상인이 조약 위반이라고 반발하였고, 결국 3개월 만에 수세가 중단되었다 우리나라 최초의 세관터, -두모진해관 -\n해설사가 설명하는 사건이 발생한 시기를 연표에서 옳게고 른 것은?\n(가)\n(나)\n(다)\n(라)\n(마)""}]",source-candidate:652b5e628d2e6eb91259,THESAURUS:TERM:10491206:sha256-1022516a18f91e61,THESAURUS,3,진해선,name,name_ngram,0.2725,UNKNOWN,"[""진해선""]","[""鎭海線""]","[""근대-현대""]",,,[],,"{""term_name"": ""진해선"", ""hanja"": ""鎭海線"", ""era"": ""근대-현대"", ""thesaurus_category"": ""교통·통신>교통로"", ""description"": ""1926년에 진해항과 경부선 및 경전선과의 연결을 목적으로 건설된, 경상남도 창원과 진해시 사이의 철도."", ""term_year"": ""1926-?""}","[{""left_source_candidate_id"": ""source-candidate:40012c9afe714aac1c88"", ""right_source_candidate_id"": ""source-candidate:652b5e628d2e6eb91259"", ""signals"": [""normalized_name_match"", ""hanja_match""], ""conflicts"": [], ""merge_eligible"": true}]",,,,,,,,
23,gold-case:0d6c6da16d6b6028d76d,term-review-task:a8d9749205d3c202150e,resolution-case:731ca65f8304d213aa13,두모진해관,유적,"[{""problem_id"": ""cj_v41_1028"", ""full_text"": ""조선 정부는 이곳에 해관을 설치하고 동래부 거류지의 일본 상인과 거 래하는 조선 상인으로부터 세금을 징수하였다 그러자 일본 상인이 조약 위반이라고 반발하였고, 결국 3개월 만에 수세가 중단되었다 우리나라 최초의 세관터, -두모진해관 -\n해설사가 설명하는 사건이 발생한 시기를 연표에서 옳게고 른 것은?\n(가)\n(나)\n(다)\n(라)\n(마)""}]",source-candidate:ddfec8a0ee6e47f03e88,THESAURUS:TERM:24967:sha256-1022516a18f91e61,THESAURUS,4,진해만,name,name_ngram,0.2725,UNKNOWN,"[""진해만""]","[""鎭海灣""]",[],,,[],Place,"{""term_name"": ""진해만"", ""hanja"": ""鎭海灣"", ""era"": ""통시대"", ""thesaurus_category"": ""지명"", ""description"": ""경상남도 진해시·창원시·마산시·고성군의 남쪽, 거제시의 북서쪽 사이에 위치한 만."", ""term_year"": ""?""}",[],,,,,,,,
24,gold-case:ae055066fb07946ed0d4,term-review-task:98a5f316b4861719094f,resolution-case:d5dfc97981b7af3f31b2,부여경,인물,"[{""problem_id"": ""cj_v41_0289"", ""full_text"": ""(가) 온달이 왕에게 아뢰기를, “신라가 한강 이북 땅을 빼앗아 군현으로 삼았습니다. - 저에게 군사를 주신다면 단번에 우리 땅을 반드시 되찾겠습니다.”라고 하였다. (나) 10월에 백제 왕이 병력 3만 명을 거느리고 평양성을 공격해 왔다. 왕이 군대를 내어 막다가 날아온 화살에 맞아 이달 23일에 서거하였다. (다)9월에 왕이 병력 3만 명을 거느리고 백제를 침략하여 도읍 한성을 함락하였다. 백제 왕 부여경을 죽이고 남녀 8천 명을 포로로 잡아 돌아왔다.\n(가)~(다)를 일어난 순서대로 옳게 나열한 것은?\n(가)-(나)-(다)\n(가)-(다)-(나)\n(나)-(가)-(다)\n(나)-(다)-(가)\n(다)-(나)-(가)""}]",source-candidate:fd0db71cf3dd1b0c914c,AKS:ARTICLE:E0024371:sha256-704d8ea620c542f5,AKS,1,부여경,name,exact,1.0,COMPATIBLE,"[""부여경""]","[""扶餘敬""]","[""고대"", ""삼국"", ""백제""]",,,[],Person,"{""headword"": ""부여경"", ""origin"": ""扶餘敬"", ""headword_origin"": ""부여경(扶餘敬)"", ""primary_type"": ""인물/전통 인물"", ""era"": ""고대/삼국/백제"", ""definition"": ""백제의 제31대 의자왕의 증손으로, 부여융 사후에 왕위를 계승한 왕족.""}","[{""left_source_candidate_id"": ""source-candidate:59ce036e5c5bf6218540"", ""right_source_candidate_id"": ""source-candidate:fd0db71cf3dd1b0c914c"", ""signals"": [""normalized_name_match"", ""hanja_match"", ""entity_type_match""], ""conflicts"": [], ""merge_eligible"": true}, {""left_source_candidate_id"": ""source-candidate:f66bf7a8fb1d4c93cfb8"", ""right_source_candidate_id"": ""source-candidate:fd0db71cf3dd1b0c914c"", ""signals"": [], ""conflicts"": [""entity_type_conflict""], ""merge_eligible"": false}]",IDENTITY_MEMBER,ALT_025,부여경,Person,,,,
24,gold-case:ae055066fb07946ed0d4,term-review-task:98a5f316b4861719094f,resolution-case:d5dfc97981b7af3f31b2,부여경,인물,"[{""problem_id"": ""cj_v41_0289"", ""full_text"": ""(가) 온달이 왕에게 아뢰기를, “신라가 한강 이북 땅을 빼앗아 군현으로 삼았습니다. - 저에게 군사를 주신다면 단번에 우리 땅을 반드시 되찾겠습니다.”라고 하였다. (나) 10월에 백제 왕이 병력 3만 명을 거느리고 평양성을 공격해 왔다. 왕이 군대를 내어 막다가 날아온 화살에 맞아 이달 23일에 서거하였다. (다)9월에 왕이 병력 3만 명을 거느리고 백제를 침략하여 도읍 한성을 함락하였다. 백제 왕 부여경을 죽이고 남녀 8천 명을 포로로 잡아 돌아왔다.\n(가)~(다)를 일어난 순서대로 옳게 나열한 것은?\n(가)-(나)-(다)\n(가)-(다)-(나)\n(나)-(가)-(다)\n(나)-(다)-(가)\n(다)-(나)-(가)""}]",source-candidate:59ce036e5c5bf6218540,THESAURUS:TERM:12607608:sha256-1022516a18f91e61,THESAURUS,2,부여경,name,exact,1.0,UNKNOWN,"[""부여경""]","[""扶餘敬""]","[""삼국시대""]",,,[],Person,"{""term_name"": ""부여경"", ""hanja"": ""扶餘敬"", ""era"": ""삼국시대"", ""thesaurus_category"": ""인명"", ""description"": ""백제 의자왕의 증손자. 682년 할아버지인 대방군왕(帶方郡王) 부여융(扶餘隆)이 죽은 뒤 그 왕위를 계승함."", ""term_year"": ""?""}","[{""left_source_candidate_id"": ""source-candidate:59ce036e5c5bf6218540"", ""right_source_candidate_id"": ""source-candidate:f66bf7a8fb1d4c93cfb8"", ""signals"": [], ""conflicts"": [""entity_type_conflict""], ""merge_eligible"": false}, {""left_source_candidate_id"": ""source-candidate:59ce036e5c5bf6218540"", ""right_source_candidate_id"": ""source-candidate:fd0db71cf3dd1b0c914c"", ""signals"": [""normalized_name_match"", ""hanja_match"", ""entity_type_match""], ""conflicts"": [], ""merge_eligible"": true}]",IDENTITY_MEMBER,ALT_025,부여경,Person,,,,
24,gold-case:ae055066fb07946ed0d4,term-review-task:98a5f316b4861719094f,resolution-case:d5dfc97981b7af3f31b2,부여경,인물,"[{""problem_id"": ""cj_v41_0289"", ""full_text"": ""(가) 온달이 왕에게 아뢰기를, “신라가 한강 이북 땅을 빼앗아 군현으로 삼았습니다. - 저에게 군사를 주신다면 단번에 우리 땅을 반드시 되찾겠습니다.”라고 하였다. (나) 10월에 백제 왕이 병력 3만 명을 거느리고 평양성을 공격해 왔다. 왕이 군대를 내어 막다가 날아온 화살에 맞아 이달 23일에 서거하였다. (다)9월에 왕이 병력 3만 명을 거느리고 백제를 침략하여 도읍 한성을 함락하였다. 백제 왕 부여경을 죽이고 남녀 8천 명을 포로로 잡아 돌아왔다.\n(가)~(다)를 일어난 순서대로 옳게 나열한 것은?\n(가)-(나)-(다)\n(가)-(다)-(나)\n(나)-(가)-(다)\n(나)-(다)-(가)\n(다)-(나)-(가)""}]",source-candidate:f66bf7a8fb1d4c93cfb8,THESAURUS:TERM:24329:sha256-1022516a18f91e61,THESAURUS,3,부여부,name,name_ngram,0.455,UNKNOWN,"[""부여부""]","[""扶餘府""]","[""남북국시대""]",,,[],Place,"{""term_name"": ""부여부"", ""hanja"": ""扶餘府"", ""era"": ""남북국시대"", ""thesaurus_category"": ""지명"", ""description"": ""발해의 지방행정구역인 15부(府) 중의 하나. 부여(扶餘)의 옛땅에 설치됨."", ""term_year"": ""669-918""}","[{""left_source_candidate_id"": ""source-candidate:59ce036e5c5bf6218540"", ""right_source_candidate_id"": ""source-candidate:f66bf7a8fb1d4c93cfb8"", ""signals"": [], ""conflicts"": [""entity_type_conflict""], ""merge_eligible"": false}, {""left_source_candidate_id"": ""source-candidate:f66bf7a8fb1d4c93cfb8"", ""right_source_candidate_id"": ""source-candidate:fd0db71cf3dd1b0c914c"", ""signals"": [], ""conflicts"": [""entity_type_conflict""], ""merge_eligible"": false}]",IDENTITY_MEMBER,ALT_026,부여부,Place,,,,
25,gold-case:5632efdd8543b7a3ebd6,term-review-task:2c0c4b931a1b570f6121,resolution-case:282153422d3092c026e3,호남 창의 대장소,기관,"[{""problem_id"": ""cj_v41_1225"", ""full_text"": ""답사 계획서 •주제: 동학 농민군의 발자취를 따라서 •기간: 2024년 월 일 ~ 일 •답사 장소 지역 장소 설명 호남 창의 대장소(大將所)를 설치 부안 하고 4대 강령을 발표하였다. 백산 장성 (가) 황룡 전적 농민군이 관군과 일본군을 상대로 공주 격전을 벌이다 패배하였다. 우금치 전적\n(가)에 들어갈 내용으로 옳은 것은?\n농민군이 정부와 화약을 맺었다.\n최제우가 혹세무민의 죄로 처형되었다.\n홍계훈의 관군을 상대로 농민군이 승리하였다.\n피신해 있던 농민군의 지도자 전봉준이 체포되었다.\n농민들이 조병갑의 탐학에 맞서 만석보를 파괴하였다.""}]",source-candidate:d71a46ea71054077bbcf,AKS:ARTICLE:E0063709:sha256-704d8ea620c542f5,AKS,1,호남창의회맹소,name,name_ngram,0.382619,COMPATIBLE,"[""호남창의회맹소""]","[""湖南倡義會盟所""]","[""근대"", ""대한제국기""]",,,[],Organization,"{""headword"": ""호남창의회맹소"", ""origin"": ""湖南倡義會盟所"", ""headword_origin"": ""호남창의회맹소(湖南倡義會盟所)"", ""primary_type"": ""단체"", ""era"": ""근대/대한제국기"", ""definition"": ""1907년 호남 지역에서 기삼연을 중심으로 결성된 의병연합부대.""}","[{""left_source_candidate_id"": ""source-candidate:d2ad8c213280935d3069"", ""right_source_candidate_id"": ""source-candidate:d71a46ea71054077bbcf"", ""signals"": [""normalized_name_match"", ""hanja_match"", ""era_overlap""], ""conflicts"": [], ""merge_eligible"": true}]",,,,,,,,"호남창의대장소와 호남창의진, 호남창의회맹소는 다른 단체다"
25,gold-case:5632efdd8543b7a3ebd6,term-review-task:2c0c4b931a1b570f6121,resolution-case:282153422d3092c026e3,호남 창의 대장소,기관,"[{""problem_id"": ""cj_v41_1225"", ""full_text"": ""답사 계획서 •주제: 동학 농민군의 발자취를 따라서 •기간: 2024년 월 일 ~ 일 •답사 장소 지역 장소 설명 호남 창의 대장소(大將所)를 설치 부안 하고 4대 강령을 발표하였다. 백산 장성 (가) 황룡 전적 농민군이 관군과 일본군을 상대로 공주 격전을 벌이다 패배하였다. 우금치 전적\n(가)에 들어갈 내용으로 옳은 것은?\n농민군이 정부와 화약을 맺었다.\n최제우가 혹세무민의 죄로 처형되었다.\n홍계훈의 관군을 상대로 농민군이 승리하였다.\n피신해 있던 농민군의 지도자 전봉준이 체포되었다.\n농민들이 조병갑의 탐학에 맞서 만석보를 파괴하였다.""}]",source-candidate:d2ad8c213280935d3069,THESAURUS:TERM:10493475:sha256-1022516a18f91e61,THESAURUS,2,호남창의회맹소,name,name_ngram,0.354286,UNKNOWN,"[""호남창의회맹소""]","[""湖南倡義會盟所""]","[""근대""]",,,[],,"{""term_name"": ""호남창의회맹소"", ""hanja"": ""湖南倡義會盟所"", ""era"": ""근대"", ""thesaurus_category"": ""사회운동·독립운동>독립운동>의병운동"", ""description"": ""1907년 전라남도 장성에서 의병장 기삼연(奇參衍)을 중심으로 결성되어 과감한 반일투쟁을 벌인 의병부대."", ""term_year"": ""1907-1908""}","[{""left_source_candidate_id"": ""source-candidate:d2ad8c213280935d3069"", ""right_source_candidate_id"": ""source-candidate:d71a46ea71054077bbcf"", ""signals"": [""normalized_name_match"", ""hanja_match"", ""era_overlap""], ""conflicts"": [], ""merge_eligible"": true}]",,,,,,,,"호남창의대장소와 호남창의진, 호남창의회맹소는 다른 단체다",""
25,gold-case:5632efdd8543b7a3ebd6,term-review-task:2c0c4b931a1b570f6121,resolution-case:282153422d3092c026e3,호남 창의 대장소,기관,"[{""problem_id"": ""cj_v41_1225"", ""full_text"": ""답사 계획서 •주제: 동학 농민군의 발자취를 따라서 •기간: 2024년 월 일 ~ 일 •답사 장소 지역 장소 설명 호남 창의 대장소(大將所)를 설치 부안 하고 4대 강령을 발표하였다. 백산 장성 (가) 황룡 전적 농민군이 관군과 일본군을 상대로 공주 격전을 벌이다 패배하였다. 우금치 전적\n(가)에 들어갈 내용으로 옳은 것은?\n농민군이 정부와 화약을 맺었다.\n최제우가 혹세무민의 죄로 처형되었다.\n홍계훈의 관군을 상대로 농민군이 승리하였다.\n피신해 있던 농민군의 지도자 전봉준이 체포되었다.\n농민들이 조병갑의 탐학에 맞서 만석보를 파괴하였다.""}]",source-candidate:5f7bdbb8fe8e944fee31,AKS:ARTICLE:E0063708:sha256-704d8ea620c542f5,AKS,3,호남창의진,name,name_ngram,0.336667,COMPATIBLE,"[""호남창의진""]","[""湖南倡義陣""]","[""근대"", ""개항기""]",,,[],Organization,"{""headword"": ""호남창의진"", ""origin"": ""湖南倡義陣"", ""headword_origin"": ""호남창의진(湖南倡義陣)"", ""primary_type"": ""단체"", ""era"": ""근대/개항기"", ""definition"": ""1896년 명성황후시해사건·단발령·아관파천(俄館播遷) 등의 사건에 자극을 받아 전라도 광주에서 조직되었던 의병부대.""}","[{""left_source_candidate_id"": ""source-candidate:371e307c605b43034a85"", ""right_source_candidate_id"": ""source-candidate:5f7bdbb8fe8e944fee31"", ""signals"": [""normalized_name_match"", ""hanja_match"", ""era_overlap""], ""conflicts"": [], ""merge_eligible"": true}]",,,,,,,,"호남창의대장소와 호남창의진, 호남창의회맹소는 다른 단체다",""
25,gold-case:5632efdd8543b7a3ebd6,term-review-task:2c0c4b931a1b570f6121,resolution-case:282153422d3092c026e3,호남 창의 대장소,기관,"[{""problem_id"": ""cj_v41_1225"", ""full_text"": ""답사 계획서 •주제: 동학 농민군의 발자취를 따라서 •기간: 2024년 월 일 ~ 일 •답사 장소 지역 장소 설명 호남 창의 대장소(大將所)를 설치 부안 하고 4대 강령을 발표하였다. 백산 장성 (가) 황룡 전적 농민군이 관군과 일본군을 상대로 공주 격전을 벌이다 패배하였다. 우금치 전적\n(가)에 들어갈 내용으로 옳은 것은?\n농민군이 정부와 화약을 맺었다.\n최제우가 혹세무민의 죄로 처형되었다.\n홍계훈의 관군을 상대로 농민군이 승리하였다.\n피신해 있던 농민군의 지도자 전봉준이 체포되었다.\n농민들이 조병갑의 탐학에 맞서 만석보를 파괴하였다.""}]",source-candidate:371e307c605b43034a85,THESAURUS:TERM:10493468:sha256-1022516a18f91e61,THESAURUS,4,호남창의진,name,name_ngram,0.336667,UNKNOWN,"[""호남창의진""]","[""湖南倡義陣""]","[""개항기""]",,,[],,"{""term_name"": ""호남창의진"", ""hanja"": ""湖南倡義陣"", ""era"": ""개항기"", ""thesaurus_category"": ""사회운동·독립운동>독립운동>의병운동"", ""description"": ""1896년에 을미사변(乙未事變)·단발령(斷髮令)·아관파천(俄館播遷) 등의 사건으로 인해 전라도 광주에서 조직된 의병부대."", ""term_year"": ""1896""}","[{""left_source_candidate_id"": ""source-candidate:371e307c605b43034a85"", ""right_source_candidate_id"": ""source-candidate:5f7bdbb8fe8e944fee31"", ""signals"": [""normalized_name_match"", ""hanja_match"", ""era_overlap""], ""conflicts"": [], ""merge_eligible"": true}]",,,,,,,,"호남창의대장소와 호남창의진, 호남창의회맹소는 다른 단체다"
25,gold-case:5632efdd8543b7a3ebd6,term-review-task:2c0c4b931a1b570f6121,resolution-case:282153422d3092c026e3,호남 창의 대장소,기관,"[{""problem_id"": ""cj_v41_1225"", ""full_text"": ""답사 계획서 •주제: 동학 농민군의 발자취를 따라서 •기간: 2024년 월 일 ~ 일 •답사 장소 지역 장소 설명 호남 창의 대장소(大將所)를 설치 부안 하고 4대 강령을 발표하였다. 백산 장성 (가) 황룡 전적 농민군이 관군과 일본군을 상대로 공주 격전을 벌이다 패배하였다. 우금치 전적\n(가)에 들어갈 내용으로 옳은 것은?\n농민군이 정부와 화약을 맺었다.\n최제우가 혹세무민의 죄로 처형되었다.\n홍계훈의 관군을 상대로 농민군이 승리하였다.\n피신해 있던 농민군의 지도자 전봉준이 체포되었다.\n농민들이 조병갑의 탐학에 맞서 만석보를 파괴하였다.""}]",source-candidate:218811294cf8e89a72de,THESAURUS:TERM:10491672:sha256-1022516a18f91e61,THESAURUS,5,관동창의대,name,name_ngram,0.273333,UNKNOWN,"[""관동창의대""]","[""關東倡義隊""]","[""근대""]",,,[],,"{""term_name"": ""관동창의대"", ""hanja"": ""關東倡義隊"", ""era"": ""근대"", ""thesaurus_category"": ""사회운동·독립운동>독립운동>의병운동"", ""description"": ""대한제국기에 의병장 이인영(李麟榮)이 이끌어 13도창의군의 모태가 된 의병부대."", ""term_year"": ""1907""}",[],,,,,,,,"호남창의대장소와 호남창의진, 호남창의회맹소, 관동창의대는 다른 단체다"
26,gold-case:b2c6e069fb95637f639a,term-review-task:48b937737d80dd31ceb1,resolution-case:9ea88eb4f56bc1899f33,천마총 금관,유물,"[{""problem_id"": ""cj_v41_img_66_03"", ""full_text"": ""천마총 발굴 50주년 특별전이 개최됩니다. 천마총은 (가)의 대표적인 돌무지덧널무덤 중 하나로 발굴 당시 많은 유물이 출토되어 주목을 받았습니다. 그중에서도 가장 유명한 천마도의 실물이 9년 만에 세상에 공개됩니다.\n(가) 국가의 문화유산으로 옳은 것은?\n청동 은입사 물가풍경무늬 정병\n금동연가7년명여래입상\n천마총 금관\n이불병좌상\n백제 금동대향로""}]",source-candidate:2fc055fe7d80af1bc731,AKS:ARTICLE:E0055858:sha256-704d8ea620c542f5,AKS,1,천마총 금관,name,exact,1.0,COMPATIBLE,"[""천마총금관""]","[""天馬塚"", ""金冠""]","[""고대"", ""삼국"", ""신라""]",,,[],Work,"{""headword"": ""천마총 금관"", ""origin"": ""天馬塚 金冠"", ""headword_origin"": ""천마총 금관(天馬塚 金冠)"", ""primary_type"": ""작품/조각·공예"", ""era"": ""고대/삼국/신라"", ""definition"": ""경상북도 경주시 황남동 천마총에서 출토된 신라시대의 금관.""}","[{""left_source_candidate_id"": ""source-candidate:2fc055fe7d80af1bc731"", ""right_source_candidate_id"": ""source-candidate:4940a4ef09e4e2414585"", ""signals"": [""normalized_name_match""], ""conflicts"": [""entity_type_conflict""], ""merge_eligible"": false}, {""left_source_candidate_id"": ""source-candidate:2fc055fe7d80af1bc731"", ""right_source_candidate_id"": ""source-candidate:9c93401513384b4aad8f"", ""signals"": [""hanja_match"", ""era_overlap""], ""conflicts"": [""entity_type_conflict""], ""merge_eligible"": false}, {""left_source_candidate_id"": ""source-candidate:2fc055fe7d80af1bc731"", ""right_source_candidate_id"": ""source-candidate:a2058f4af7a4c6a5ca35"", ""signals"": [], ""conflicts"": [""entity_type_conflict""], ""merge_eligible"": false}]",IDENTITY_MEMBER,ALT_027,천마총금관,Heritage,,,,
26,gold-case:b2c6e069fb95637f639a,term-review-task:48b937737d80dd31ceb1,resolution-case:9ea88eb4f56bc1899f33,천마총 금관,유물,"[{""problem_id"": ""cj_v41_img_66_03"", ""full_text"": ""천마총 발굴 50주년 특별전이 개최됩니다. 천마총은 (가)의 대표적인 돌무지덧널무덤 중 하나로 발굴 당시 많은 유물이 출토되어 주목을 받았습니다. 그중에서도 가장 유명한 천마도의 실물이 9년 만에 세상에 공개됩니다.\n(가) 국가의 문화유산으로 옳은 것은?\n청동 은입사 물가풍경무늬 정병\n금동연가7년명여래입상\n천마총 금관\n이불병좌상\n백제 금동대향로""}]",source-candidate:4940a4ef09e4e2414585,THESAURUS:TERM:12600904:sha256-1022516a18f91e61,THESAURUS,2,천마총금관,name,exact,1.0,UNKNOWN,"[""천마총금관""]","[""天馬塚金冠""]","[""삼국시대""]",,,[],Heritage,"{""term_name"": ""천마총금관"", ""hanja"": ""天馬塚金冠"", ""era"": ""삼국시대"", ""thesaurus_category"": ""문화재"", ""description"": ""신라시대의 금관으로 경상북도 경주시 황남동 천마총에서 출토되었음."", ""term_year"": ""?""}","[{""left_source_candidate_id"": ""source-candidate:2fc055fe7d80af1bc731"", ""right_source_candidate_id"": ""source-candidate:4940a4ef09e4e2414585"", ""signals"": [""normalized_name_match""], ""conflicts"": [""entity_type_conflict""], ""merge_eligible"": false}]",IDENTITY_MEMBER,ALT_027,천마총금관,Heritage,,,,
26,gold-case:b2c6e069fb95637f639a,term-review-task:48b937737d80dd31ceb1,resolution-case:9ea88eb4f56bc1899f33,천마총 금관,유물,"[{""problem_id"": ""cj_v41_img_66_03"", ""full_text"": ""천마총 발굴 50주년 특별전이 개최됩니다. 천마총은 (가)의 대표적인 돌무지덧널무덤 중 하나로 발굴 당시 많은 유물이 출토되어 주목을 받았습니다. 그중에서도 가장 유명한 천마도의 실물이 9년 만에 세상에 공개됩니다.\n(가) 국가의 문화유산으로 옳은 것은?\n청동 은입사 물가풍경무늬 정병\n금동연가7년명여래입상\n천마총 금관\n이불병좌상\n백제 금동대향로""}]",source-candidate:40bf1372a51a26ec1634,THESAURUS:TERM:8101:sha256-1022516a18f91e61,THESAURUS,3,천마총,name,bidirectional_containment,0.5108,UNKNOWN,"[""천마총""]","[""天馬塚""]","[""삼국시대""]",,,[],,"{""term_name"": ""천마총"", ""hanja"": ""天馬塚"", ""era"": ""삼국시대"", ""thesaurus_category"": ""사회·생활>풍속·의례>매장"", ""description"": ""신라의 돌무지덧널무덤 유적으로 천마도가 출토되었으며 경상북도 경주시 황남동에 있음."", ""term_year"": ""?-?""}","[{""left_source_candidate_id"": ""source-candidate:40bf1372a51a26ec1634"", ""right_source_candidate_id"": ""source-candidate:9c93401513384b4aad8f"", ""signals"": [""normalized_name_match"", ""hanja_match""], ""conflicts"": [], ""merge_eligible"": true}]",,,,,,,,
26,gold-case:b2c6e069fb95637f639a,term-review-task:48b937737d80dd31ceb1,resolution-case:9ea88eb4f56bc1899f33,천마총 금관,유물,"[{""problem_id"": ""cj_v41_img_66_03"", ""full_text"": ""천마총 발굴 50주년 특별전이 개최됩니다. 천마총은 (가)의 대표적인 돌무지덧널무덤 중 하나로 발굴 당시 많은 유물이 출토되어 주목을 받았습니다. 그중에서도 가장 유명한 천마도의 실물이 9년 만에 세상에 공개됩니다.\n(가) 국가의 문화유산으로 옳은 것은?\n청동 은입사 물가풍경무늬 정병\n금동연가7년명여래입상\n천마총 금관\n이불병좌상\n백제 금동대향로""}]",source-candidate:9c93401513384b4aad8f,AKS:ARTICLE:E0055857:sha256-704d8ea620c542f5,AKS,4,천마총,name,bidirectional_containment,0.4683,COMPATIBLE,"[""천마총"", ""황남동제155호분""]","[""天馬塚""]","[""고대"", ""삼국"", ""신라""]",,,[],Heritage,"{""headword"": ""천마총"", ""aliases"": [""황남동 제155호분""], ""origin"": ""天馬塚"", ""headword_origin"": ""천마총(天馬塚)"", ""primary_type"": ""유적/고인돌·고분·능묘"", ""era"": ""고대/삼국/신라"", ""definition"": ""경상북도 경주시에 있는 삼국시대 신라 시기의 돌무지덧널무덤. 적석목곽분. 세계문화유산.""}","[{""left_source_candidate_id"": ""source-candidate:2fc055fe7d80af1bc731"", ""right_source_candidate_id"": ""source-candidate:9c93401513384b4aad8f"", ""signals"": [""hanja_match"", ""era_overlap""], ""conflicts"": [""entity_type_conflict""], ""merge_eligible"": false}, {""left_source_candidate_id"": ""source-candidate:40bf1372a51a26ec1634"", ""right_source_candidate_id"": ""source-candidate:9c93401513384b4aad8f"", ""signals"": [""normalized_name_match"", ""hanja_match""], ""conflicts"": [], ""merge_eligible"": true}]",,,,,,,,
26,gold-case:b2c6e069fb95637f639a,term-review-task:48b937737d80dd31ceb1,resolution-case:9ea88eb4f56bc1899f33,천마총 금관,유물,"[{""problem_id"": ""cj_v41_img_66_03"", ""full_text"": ""천마총 발굴 50주년 특별전이 개최됩니다. 천마총은 (가)의 대표적인 돌무지덧널무덤 중 하나로 발굴 당시 많은 유물이 출토되어 주목을 받았습니다. 그중에서도 가장 유명한 천마도의 실물이 9년 만에 세상에 공개됩니다.\n(가) 국가의 문화유산으로 옳은 것은?\n청동 은입사 물가풍경무늬 정병\n금동연가7년명여래입상\n천마총 금관\n이불병좌상\n백제 금동대향로""}]",source-candidate:a2058f4af7a4c6a5ca35,THESAURUS:TERM:37754759:sha256-1022516a18f91e61,THESAURUS,5,천마총금목걸이,name,name_ngram,0.466667,UNKNOWN,"[""천마총금목걸이""]","[""天馬塚金""]","[""삼국시대""]",,,[],Heritage,"{""term_name"": ""천마총금목걸이"", ""hanja"": ""天馬塚金목걸이"", ""era"": ""삼국시대"", ""thesaurus_category"": ""문화재"", ""description"": ""신라시대의 목걸이로 경주시 황남동에 있는 천마총의 목관 내 피장자(被葬者)의 가슴 윗부분에서 발견됨. 국립경주박물관 소장."", ""term_year"": ""?""}","[{""left_source_candidate_id"": ""source-candidate:2fc055fe7d80af1bc731"", ""right_source_candidate_id"": ""source-candidate:a2058f4af7a4c6a5ca35"", ""signals"": [], ""conflicts"": [""entity_type_conflict""], ""merge_eligible"": false}]",,,,,,,,
27,gold-case:7bb0fd2d3af9782937b7,term-review-task:cb9dc3a68fc1faae6817,resolution-case:28be9e3599e7955ffdb8,민립대학기성준비회,단체,"[{""problem_id"": ""cj_v41_1182"", ""full_text"": ""대학을 세운다는 일은 극히 거창하여 여간 몇 사람의 힘으로는 도저히 성취할 바가 아니므로 금일까지 실지의 운동이 일어나지 못하였던 것이라. 그러나 일이 거창하고 어렵다고 시작을 아니하면 언제까지든지 조선 사람의 대학이라는 것은 생겨볼 수가 없다. 그러므로 이번에 조선 전도의 다수한 유지를 망라하여 민중적 운동으로 될 수 있는 대로 많은 사람의 힘을 합하여 민립 대학 한 곳을 세워 보고자 이상재, 이승훈 등의 주창으로 수일 전에 민립 대학 기성 준비회를 조직하고 집행위원을 선정하였는데, 장차 각 부·군에서 다수한 발기인의 참가를 구하여 경성에서 발기회를 열고 실행 방법을 결정할 터이다. 1895 1911 1919 1924 1938 1942 (가) (나) (다) (라) (마) 한성 사범 학교 제1차 3·1 경성 제국 대학 제3차 조선어 학회 설립 조선 교육령 운동 개교 조선 교육령 사건\n다음 자료가 발표된 시기를 연표에서 옳게 고른 것은?\n(가)\n(나)\n(다)\n(라)\n(마)""}]",source-candidate:53531ffa3f4afeac43d4,THESAURUS:TERM:4058:sha256-1022516a18f91e61,THESAURUS,1,조선민립대학기성회,name,name_ngram,0.464028,UNKNOWN,"[""조선민립대학기성회""]","[""朝鮮民立大學期成會""]","[""일제시기""]",,,[],,"{""term_name"": ""조선민립대학기성회"", ""hanja"": ""朝鮮民立大學期成會"", ""era"": ""일제시기"", ""thesaurus_category"": ""사회운동·독립운동>사회운동>민족주의운동(사회)"", ""description"": ""1923년 조직된 민립 대학 설립 운동의 추진 기관."", ""term_year"": ""1923-?""}",[],IDENTITY_MEMBER,ALT_028,조선민립대학기성회,Organization,,,,
27,gold-case:7bb0fd2d3af9782937b7,term-review-task:cb9dc3a68fc1faae6817,resolution-case:28be9e3599e7955ffdb8,민립대학기성준비회,단체,"[{""problem_id"": ""cj_v41_1182"", ""full_text"": ""대학을 세운다는 일은 극히 거창하여 여간 몇 사람의 힘으로는 도저히 성취할 바가 아니므로 금일까지 실지의 운동이 일어나지 못하였던 것이라. 그러나 일이 거창하고 어렵다고 시작을 아니하면 언제까지든지 조선 사람의 대학이라는 것은 생겨볼 수가 없다. 그러므로 이번에 조선 전도의 다수한 유지를 망라하여 민중적 운동으로 될 수 있는 대로 많은 사람의 힘을 합하여 민립 대학 한 곳을 세워 보고자 이상재, 이승훈 등의 주창으로 수일 전에 민립 대학 기성 준비회를 조직하고 집행위원을 선정하였는데, 장차 각 부·군에서 다수한 발기인의 참가를 구하여 경성에서 발기회를 열고 실행 방법을 결정할 터이다. 1895 1911 1919 1924 1938 1942 (가) (나) (다) (라) (마) 한성 사범 학교 제1차 3·1 경성 제국 대학 제3차 조선어 학회 설립 조선 교육령 운동 개교 조선 교육령 사건\n다음 자료가 발표된 시기를 연표에서 옳게 고른 것은?\n(가)\n(나)\n(다)\n(라)\n(마)""}]",source-candidate:36efea606eba9c123fa5,THESAURUS:TERM:4057:sha256-1022516a18f91e61,THESAURUS,2,민립대학,name,name_ngram,0.316442,UNKNOWN,"[""민립대학""]","[""民立大學""]","[""일제시기""]",,,[],,"{""term_name"": ""민립대학"", ""hanja"": ""民立大學"", ""era"": ""일제시기"", ""thesaurus_category"": ""교육>근대교육기관>고등교육기관"", ""description"": ""일제시기 민족자본에 의해 세우고자 한 대학을 지칭."", ""term_year"": ""?-?""}",[],,,,,,,,
27,gold-case:7bb0fd2d3af9782937b7,term-review-task:cb9dc3a68fc1faae6817,resolution-case:28be9e3599e7955ffdb8,민립대학기성준비회,단체,"[{""problem_id"": ""cj_v41_1182"", ""full_text"": ""대학을 세운다는 일은 극히 거창하여 여간 몇 사람의 힘으로는 도저히 성취할 바가 아니므로 금일까지 실지의 운동이 일어나지 못하였던 것이라. 그러나 일이 거창하고 어렵다고 시작을 아니하면 언제까지든지 조선 사람의 대학이라는 것은 생겨볼 수가 없다. 그러므로 이번에 조선 전도의 다수한 유지를 망라하여 민중적 운동으로 될 수 있는 대로 많은 사람의 힘을 합하여 민립 대학 한 곳을 세워 보고자 이상재, 이승훈 등의 주창으로 수일 전에 민립 대학 기성 준비회를 조직하고 집행위원을 선정하였는데, 장차 각 부·군에서 다수한 발기인의 참가를 구하여 경성에서 발기회를 열고 실행 방법을 결정할 터이다. 1895 1911 1919 1924 1938 1942 (가) (나) (다) (라) (마) 한성 사범 학교 제1차 3·1 경성 제국 대학 제3차 조선어 학회 설립 조선 교육령 운동 개교 조선 교육령 사건\n다음 자료가 발표된 시기를 연표에서 옳게 고른 것은?\n(가)\n(나)\n(다)\n(라)\n(마)""}]",source-candidate:814e80be88e1908a229c,THESAURUS:TERM:4059:sha256-1022516a18f91e61,THESAURUS,3,민립대학설립운동,name,name_ngram,0.312721,UNKNOWN,"[""민립대학설립운동""]","[""民立大學設立運動""]","[""일제시기""]",,,[],,"{""term_name"": ""민립대학설립운동"", ""hanja"": ""民立大學設立運動"", ""era"": ""일제시기"", ""thesaurus_category"": ""사회운동·독립운동>독립운동>민족주의운동(독립)"", ""description"": ""1922년 이상재(李商在)를 비롯한 민족주의자들이 민족 교육과 민족 간부 양성을 목적으로 민립 대학을 설립하려고 한 운동."", ""term_year"": ""1922-?""}",[],EVIDENCE_ONLY,,,,REL_029,민립대학설립운동,Event,조선민립대학기성회는 이 문화운동을 일으킨 대상이므로 연관된 다른 용어로 분류
27,gold-case:7bb0fd2d3af9782937b7,term-review-task:cb9dc3a68fc1faae6817,resolution-case:28be9e3599e7955ffdb8,민립대학기성준비회,단체,"[{""problem_id"": ""cj_v41_1182"", ""full_text"": ""대학을 세운다는 일은 극히 거창하여 여간 몇 사람의 힘으로는 도저히 성취할 바가 아니므로 금일까지 실지의 운동이 일어나지 못하였던 것이라. 그러나 일이 거창하고 어렵다고 시작을 아니하면 언제까지든지 조선 사람의 대학이라는 것은 생겨볼 수가 없다. 그러므로 이번에 조선 전도의 다수한 유지를 망라하여 민중적 운동으로 될 수 있는 대로 많은 사람의 힘을 합하여 민립 대학 한 곳을 세워 보고자 이상재, 이승훈 등의 주창으로 수일 전에 민립 대학 기성 준비회를 조직하고 집행위원을 선정하였는데, 장차 각 부·군에서 다수한 발기인의 참가를 구하여 경성에서 발기회를 열고 실행 방법을 결정할 터이다. 1895 1911 1919 1924 1938 1942 (가) (나) (다) (라) (마) 한성 사범 학교 제1차 3·1 경성 제국 대학 제3차 조선어 학회 설립 조선 교육령 운동 개교 조선 교육령 사건\n다음 자료가 발표된 시기를 연표에서 옳게 고른 것은?\n(가)\n(나)\n(다)\n(라)\n(마)""}]",source-candidate:eb1591e7c27d7592691f,THESAURUS:TERM:12293:sha256-1022516a18f91e61,THESAURUS,4,국민대회준비회,name,name_ngram,0.307917,UNKNOWN,"[""국민대회준비회""]","[""國民大會準備會""]","[""현대""]",,,[],,"{""term_name"": ""국민대회준비회"", ""hanja"": ""國民大會準備會"", ""era"": ""현대"", ""thesaurus_category"": ""정치·행정·법제>정치>정치조직·단체"", ""description"": ""해방 직후 연합군 환영을 위한 국민대회를 준비한 모임."", ""term_year"": ""1945""}","[{""left_source_candidate_id"": ""source-candidate:594080e9a387a962f8c0"", ""right_source_candidate_id"": ""source-candidate:eb1591e7c27d7592691f"", ""signals"": [""normalized_name_match"", ""hanja_match"", ""era_overlap""], ""conflicts"": [], ""merge_eligible"": true}]",,,,,,,,전혀 다른 용어
27,gold-case:7bb0fd2d3af9782937b7,term-review-task:cb9dc3a68fc1faae6817,resolution-case:28be9e3599e7955ffdb8,민립대학기성준비회,단체,"[{""problem_id"": ""cj_v41_1182"", ""full_text"": ""대학을 세운다는 일은 극히 거창하여 여간 몇 사람의 힘으로는 도저히 성취할 바가 아니므로 금일까지 실지의 운동이 일어나지 못하였던 것이라. 그러나 일이 거창하고 어렵다고 시작을 아니하면 언제까지든지 조선 사람의 대학이라는 것은 생겨볼 수가 없다. 그러므로 이번에 조선 전도의 다수한 유지를 망라하여 민중적 운동으로 될 수 있는 대로 많은 사람의 힘을 합하여 민립 대학 한 곳을 세워 보고자 이상재, 이승훈 등의 주창으로 수일 전에 민립 대학 기성 준비회를 조직하고 집행위원을 선정하였는데, 장차 각 부·군에서 다수한 발기인의 참가를 구하여 경성에서 발기회를 열고 실행 방법을 결정할 터이다. 1895 1911 1919 1924 1938 1942 (가) (나) (다) (라) (마) 한성 사범 학교 제1차 3·1 경성 제국 대학 제3차 조선어 학회 설립 조선 교육령 운동 개교 조선 교육령 사건\n다음 자료가 발표된 시기를 연표에서 옳게 고른 것은?\n(가)\n(나)\n(다)\n(라)\n(마)""}]",source-candidate:594080e9a387a962f8c0,AKS:ARTICLE:E0006296:sha256-704d8ea620c542f5,AKS,5,국민대회준비회,name,name_ngram,0.286667,COMPATIBLE,"[""국민대회준비회""]","[""國民大會準備會""]","[""현대""]",,,[],Organization,"{""headword"": ""국민대회준비회"", ""origin"": ""國民大會準備會"", ""headword_origin"": ""국민대회준비회(國民大會準備會)"", ""primary_type"": ""단체"", ""era"": ""현대"", ""definition"": ""1945년 광복 직후 대한민국임시정부 지지를 표방하는 우익지도자들이 결성한 회의체.""}","[{""left_source_candidate_id"": ""source-candidate:594080e9a387a962f8c0"", ""right_source_candidate_id"": ""source-candidate:eb1591e7c27d7592691f"", ""signals"": [""normalized_name_match"", ""hanja_match"", ""era_overlap""], ""conflicts"": [], ""merge_eligible"": true}]",,,,,,,,전혀 다른 용어
28,gold-case:be44f046cbdca44d9930,term-review-task:35c89da78d0a0d2c5eb4,resolution-case:d6bae9ab76c84c8da2ff,향약집성방,문헌,"[{""problem_id"": ""cj_v41_0062"", ""full_text"": ""감염병 확산 등에 대처하기 위해 구제도감을\n(가)에 들어갈 내용으로 옳지 않은 것은?\n물가 조절을 위해 상평창을 설치하였다.\n병자에게 의약품을 제공하는 혜민국이 있었다.\n환자 치료와 빈민 구제를 위해 동∙서 대비원을 두었어.\n국산 약재와 치료 방법을 정리한 향약집성방이 간행되었다.\n기금을 모아 그 이자로 빈민을 구제하는 제위보를 운영하였다.""}, {""problem_id"": ""cj_v41_0302"", ""full_text"": ""(역사 다큐엔터리 제작 기획안〉 15세기 조선, 과학을 꽃 피우다 1.기획 의도 조선 초, 부국강병과 민생 안정을 위해 과학 기술 분야에서 노력한 모습을 살펴본다. 2.구성 1부 태양의 그림자로 시간을 보는 앙부일구 (가) 3부 외적의 침입에 대비한 신무기, 신기전과 화차\n(가)에 들어갈 내용으로 옳지 않은 것은?\n기기도설을 참고하여 설계한 거중기\n국산 약재와 치료법을 소개한 향약집성방\n한양을 기준으로 한 역법서인 칠정산 내편\n활판 인쇄술의 발달을 가져온 계미자와 갑인자\n우리나라 실정에 맞는 농법을 소개한 농사직설""}, {""problem_id"": ""cj_v41_0531"", ""full_text"": ""왕이 명하였다. \""도성 안의 백성들이 역질에 걸렸으니 구제도감을 설치하여 치료하고, 시신과 유골은 거두어 매장하라.\"" 중서성에서 아뢰었다. \""지난해 관내 서도의 주현에 흉년이 들어 백성이 굶주리고 있다. 사창과 공해의 곡식을 내어 경작을 원조하고, 가난하여 살아갈 수 없는 자는 의창을 열어 진휼하십시오.\""\n다음 상황이 나타난 시기의 사회 시책으로 옳은 것은?\n유랑민을 구휼하는 활인서를 두었다.\n백성들에게 곡식을 빌려주는 진대법을 실시하였다.\n국산 약재와 치료법을 소개한 향약집성방을 편찬하였다.\n기근에 대비하기 위해 구황촬요를 간행하여 보급하였다.\n기금을 모아 그 이자로 빈민을 구제하는 제위보를 운영하였다.""}]",source-candidate:184a2dc9ee760ad4247b,AKS:ARTICLE:E0062961:sha256-704d8ea620c542f5,AKS,1,향약집성방,name,exact,1.0,COMPATIBLE,"[""향약집성방""]","[""鄕藥集成方""]","[""조선"", ""조선 전기""]",,,[],Work,"{""headword"": ""향약집성방"", ""origin"": ""鄕藥集成方"", ""headword_origin"": ""향약집성방(鄕藥集成方)"", ""primary_type"": ""문헌/고서"", ""era"": ""조선/조선 전기"", ""definition"": ""조선전기 의학자 유효통 등이 향약의 모든 방문을 수집하여 1433년에 간행한에 간행한 의서. 의약서.""}","[{""left_source_candidate_id"": ""source-candidate:184a2dc9ee760ad4247b"", ""right_source_candidate_id"": ""source-candidate:1e4de91a4308d1a1d815"", ""signals"": [""normalized_name_match"", ""hanja_match"", ""era_overlap"", ""entity_type_match""], ""conflicts"": [], ""merge_eligible"": true}, {""left_source_candidate_id"": ""source-candidate:184a2dc9ee760ad4247b"", ""right_source_candidate_id"": ""source-candidate:ac642a25181a7d21ad24"", ""signals"": [""era_overlap""], ""conflicts"": [""entity_type_conflict""], ""merge_eligible"": false}]",IDENTITY_MEMBER,ALT_030,향약집성방,Work,,,,
28,gold-case:be44f046cbdca44d9930,term-review-task:35c89da78d0a0d2c5eb4,resolution-case:d6bae9ab76c84c8da2ff,향약집성방,문헌,"[{""problem_id"": ""cj_v41_0062"", ""full_text"": ""감염병 확산 등에 대처하기 위해 구제도감을\n(가)에 들어갈 내용으로 옳지 않은 것은?\n물가 조절을 위해 상평창을 설치하였다.\n병자에게 의약품을 제공하는 혜민국이 있었다.\n환자 치료와 빈민 구제를 위해 동∙서 대비원을 두었어.\n국산 약재와 치료 방법을 정리한 향약집성방이 간행되었다.\n기금을 모아 그 이자로 빈민을 구제하는 제위보를 운영하였다.""}, {""problem_id"": ""cj_v41_0302"", ""full_text"": ""(역사 다큐엔터리 제작 기획안〉 15세기 조선, 과학을 꽃 피우다 1.기획 의도 조선 초, 부국강병과 민생 안정을 위해 과학 기술 분야에서 노력한 모습을 살펴본다. 2.구성 1부 태양의 그림자로 시간을 보는 앙부일구 (가) 3부 외적의 침입에 대비한 신무기, 신기전과 화차\n(가)에 들어갈 내용으로 옳지 않은 것은?\n기기도설을 참고하여 설계한 거중기\n국산 약재와 치료법을 소개한 향약집성방\n한양을 기준으로 한 역법서인 칠정산 내편\n활판 인쇄술의 발달을 가져온 계미자와 갑인자\n우리나라 실정에 맞는 농법을 소개한 농사직설""}, {""problem_id"": ""cj_v41_0531"", ""full_text"": ""왕이 명하였다. \""도성 안의 백성들이 역질에 걸렸으니 구제도감을 설치하여 치료하고, 시신과 유골은 거두어 매장하라.\"" 중서성에서 아뢰었다. \""지난해 관내 서도의 주현에 흉년이 들어 백성이 굶주리고 있다. 사창과 공해의 곡식을 내어 경작을 원조하고, 가난하여 살아갈 수 없는 자는 의창을 열어 진휼하십시오.\""\n다음 상황이 나타난 시기의 사회 시책으로 옳은 것은?\n유랑민을 구휼하는 활인서를 두었다.\n백성들에게 곡식을 빌려주는 진대법을 실시하였다.\n국산 약재와 치료법을 소개한 향약집성방을 편찬하였다.\n기근에 대비하기 위해 구황촬요를 간행하여 보급하였다.\n기금을 모아 그 이자로 빈민을 구제하는 제위보를 운영하였다.""}]",source-candidate:1e4de91a4308d1a1d815,THESAURUS:TERM:25715:sha256-1022516a18f91e61,THESAURUS,2,향약집성방,name,exact,1.0,UNKNOWN,"[""향약집성방""]","[""鄕藥集成方""]","[""조선전기""]",,,[],Work,"{""term_name"": ""향약집성방"", ""hanja"": ""鄕藥集成方"", ""era"": ""조선전기"", ""thesaurus_category"": ""서명"", ""description"": ""유효통(兪孝通), 노중례(盧重禮), 박윤덕(朴允德) 등이 편찬한 향약(鄕藥)과 한방(韓方)에 관한 책."", ""term_year"": ""1431""}","[{""left_source_candidate_id"": ""source-candidate:184a2dc9ee760ad4247b"", ""right_source_candidate_id"": ""source-candidate:1e4de91a4308d1a1d815"", ""signals"": [""normalized_name_match"", ""hanja_match"", ""era_overlap"", ""entity_type_match""], ""conflicts"": [], ""merge_eligible"": true}, {""left_source_candidate_id"": ""source-candidate:1e4de91a4308d1a1d815"", ""right_source_candidate_id"": ""source-candidate:ac642a25181a7d21ad24"", ""signals"": [""era_overlap""], ""conflicts"": [""entity_type_conflict""], ""merge_eligible"": false}]",IDENTITY_MEMBER,ALT_030,향약집성방,Work,,,,
28,gold-case:be44f046cbdca44d9930,term-review-task:35c89da78d0a0d2c5eb4,resolution-case:d6bae9ab76c84c8da2ff,향약집성방,문헌,"[{""problem_id"": ""cj_v41_0062"", ""full_text"": ""감염병 확산 등에 대처하기 위해 구제도감을\n(가)에 들어갈 내용으로 옳지 않은 것은?\n물가 조절을 위해 상평창을 설치하였다.\n병자에게 의약품을 제공하는 혜민국이 있었다.\n환자 치료와 빈민 구제를 위해 동∙서 대비원을 두었어.\n국산 약재와 치료 방법을 정리한 향약집성방이 간행되었다.\n기금을 모아 그 이자로 빈민을 구제하는 제위보를 운영하였다.""}, {""problem_id"": ""cj_v41_0302"", ""full_text"": ""(역사 다큐엔터리 제작 기획안〉 15세기 조선, 과학을 꽃 피우다 1.기획 의도 조선 초, 부국강병과 민생 안정을 위해 과학 기술 분야에서 노력한 모습을 살펴본다. 2.구성 1부 태양의 그림자로 시간을 보는 앙부일구 (가) 3부 외적의 침입에 대비한 신무기, 신기전과 화차\n(가)에 들어갈 내용으로 옳지 않은 것은?\n기기도설을 참고하여 설계한 거중기\n국산 약재와 치료법을 소개한 향약집성방\n한양을 기준으로 한 역법서인 칠정산 내편\n활판 인쇄술의 발달을 가져온 계미자와 갑인자\n우리나라 실정에 맞는 농법을 소개한 농사직설""}, {""problem_id"": ""cj_v41_0531"", ""full_text"": ""왕이 명하였다. \""도성 안의 백성들이 역질에 걸렸으니 구제도감을 설치하여 치료하고, 시신과 유골은 거두어 매장하라.\"" 중서성에서 아뢰었다. \""지난해 관내 서도의 주현에 흉년이 들어 백성이 굶주리고 있다. 사창과 공해의 곡식을 내어 경작을 원조하고, 가난하여 살아갈 수 없는 자는 의창을 열어 진휼하십시오.\""\n다음 상황이 나타난 시기의 사회 시책으로 옳은 것은?\n유랑민을 구휼하는 활인서를 두었다.\n백성들에게 곡식을 빌려주는 진대법을 실시하였다.\n국산 약재와 치료법을 소개한 향약집성방을 편찬하였다.\n기근에 대비하기 위해 구황촬요를 간행하여 보급하였다.\n기금을 모아 그 이자로 빈민을 구제하는 제위보를 운영하였다.""}]",source-candidate:e61ffe64aa24f6adbe32,THESAURUS:TERM:29371917:sha256-1022516a18f91e61,THESAURUS,3,향약혜민경험방,description,description_containment,0.7,UNKNOWN,"[""향약혜민경험방""]","[""鄕藥惠民經驗方""]","[""고려후기""]",,,[],Work,"{""term_name"": ""향약혜민경험방"", ""hanja"": ""鄕藥惠民經驗方"", ""era"": ""고려후기"", ""thesaurus_category"": ""서명"", ""description"": ""고려시대 향약의서. ≪향약집성방(鄕藥集成方)≫에 26개 처방이 인용됨."", ""term_year"": ""?""}","[{""left_source_candidate_id"": ""source-candidate:ac642a25181a7d21ad24"", ""right_source_candidate_id"": ""source-candidate:e61ffe64aa24f6adbe32"", ""signals"": [], ""conflicts"": [""entity_type_conflict""], ""merge_eligible"": false}]",EVIDENCE_ONLY,,,,REL_031,향약혜민경험방,Work,
28,gold-case:be44f046cbdca44d9930,term-review-task:35c89da78d0a0d2c5eb4,resolution-case:d6bae9ab76c84c8da2ff,향약집성방,문헌,"[{""problem_id"": ""cj_v41_0062"", ""full_text"": ""감염병 확산 등에 대처하기 위해 구제도감을\n(가)에 들어갈 내용으로 옳지 않은 것은?\n물가 조절을 위해 상평창을 설치하였다.\n병자에게 의약품을 제공하는 혜민국이 있었다.\n환자 치료와 빈민 구제를 위해 동∙서 대비원을 두었어.\n국산 약재와 치료 방법을 정리한 향약집성방이 간행되었다.\n기금을 모아 그 이자로 빈민을 구제하는 제위보를 운영하였다.""}, {""problem_id"": ""cj_v41_0302"", ""full_text"": ""(역사 다큐엔터리 제작 기획안〉 15세기 조선, 과학을 꽃 피우다 1.기획 의도 조선 초, 부국강병과 민생 안정을 위해 과학 기술 분야에서 노력한 모습을 살펴본다. 2.구성 1부 태양의 그림자로 시간을 보는 앙부일구 (가) 3부 외적의 침입에 대비한 신무기, 신기전과 화차\n(가)에 들어갈 내용으로 옳지 않은 것은?\n기기도설을 참고하여 설계한 거중기\n국산 약재와 치료법을 소개한 향약집성방\n한양을 기준으로 한 역법서인 칠정산 내편\n활판 인쇄술의 발달을 가져온 계미자와 갑인자\n우리나라 실정에 맞는 농법을 소개한 농사직설""}, {""problem_id"": ""cj_v41_0531"", ""full_text"": ""왕이 명하였다. \""도성 안의 백성들이 역질에 걸렸으니 구제도감을 설치하여 치료하고, 시신과 유골은 거두어 매장하라.\"" 중서성에서 아뢰었다. \""지난해 관내 서도의 주현에 흉년이 들어 백성이 굶주리고 있다. 사창과 공해의 곡식을 내어 경작을 원조하고, 가난하여 살아갈 수 없는 자는 의창을 열어 진휼하십시오.\""\n다음 상황이 나타난 시기의 사회 시책으로 옳은 것은?\n유랑민을 구휼하는 활인서를 두었다.\n백성들에게 곡식을 빌려주는 진대법을 실시하였다.\n국산 약재와 치료법을 소개한 향약집성방을 편찬하였다.\n기근에 대비하기 위해 구황촬요를 간행하여 보급하였다.\n기금을 모아 그 이자로 빈민을 구제하는 제위보를 운영하였다.""}]",source-candidate:ac642a25181a7d21ad24,THESAURUS:TERM:21685:sha256-1022516a18f91e61,THESAURUS,4,,description,description_containment,0.47,UNKNOWN,"[""권채""]","[""權採""]","[""조선전기""]",,,[],Person,"{""term_name"": ""권채"", ""hanja"": ""權採"", ""era"": ""조선전기"", ""thesaurus_category"": ""인명"", ""description"": ""1433년(세종 15)에 왕명으로 ≪향약집성방(鄕藥集成方)≫을 편찬한 조선초기 문신·학자."", ""term_year"": ""1399-1438""}","[{""left_source_candidate_id"": ""source-candidate:184a2dc9ee760ad4247b"", ""right_source_candidate_id"": ""source-candidate:ac642a25181a7d21ad24"", ""signals"": [""era_overlap""], ""conflicts"": [""entity_type_conflict""], ""merge_eligible"": false}, {""left_source_candidate_id"": ""source-candidate:1e4de91a4308d1a1d815"", ""right_source_candidate_id"": ""source-candidate:ac642a25181a7d21ad24"", ""signals"": [""era_overlap""], ""conflicts"": [""entity_type_conflict""], ""merge_eligible"": false}, {""left_source_candidate_id"": ""source-candidate:ac642a25181a7d21ad24"", ""right_source_candidate_id"": ""source-candidate:e61ffe64aa24f6adbe32"", ""signals"": [], ""conflicts"": [""entity_type_conflict""], ""merge_eligible"": false}]",EVIDENCE_ONLY,,,,REL_032,권채,Person,
28,gold-case:be44f046cbdca44d9930,term-review-task:35c89da78d0a0d2c5eb4,resolution-case:d6bae9ab76c84c8da2ff,향약집성방,문헌,"[{""problem_id"": ""cj_v41_0062"", ""full_text"": ""감염병 확산 등에 대처하기 위해 구제도감을\n(가)에 들어갈 내용으로 옳지 않은 것은?\n물가 조절을 위해 상평창을 설치하였다.\n병자에게 의약품을 제공하는 혜민국이 있었다.\n환자 치료와 빈민 구제를 위해 동∙서 대비원을 두었어.\n국산 약재와 치료 방법을 정리한 향약집성방이 간행되었다.\n기금을 모아 그 이자로 빈민을 구제하는 제위보를 운영하였다.""}, {""problem_id"": ""cj_v41_0302"", ""full_text"": ""(역사 다큐엔터리 제작 기획안〉 15세기 조선, 과학을 꽃 피우다 1.기획 의도 조선 초, 부국강병과 민생 안정을 위해 과학 기술 분야에서 노력한 모습을 살펴본다. 2.구성 1부 태양의 그림자로 시간을 보는 앙부일구 (가) 3부 외적의 침입에 대비한 신무기, 신기전과 화차\n(가)에 들어갈 내용으로 옳지 않은 것은?\n기기도설을 참고하여 설계한 거중기\n국산 약재와 치료법을 소개한 향약집성방\n한양을 기준으로 한 역법서인 칠정산 내편\n활판 인쇄술의 발달을 가져온 계미자와 갑인자\n우리나라 실정에 맞는 농법을 소개한 농사직설""}, {""problem_id"": ""cj_v41_0531"", ""full_text"": ""왕이 명하였다. \""도성 안의 백성들이 역질에 걸렸으니 구제도감을 설치하여 치료하고, 시신과 유골은 거두어 매장하라.\"" 중서성에서 아뢰었다. \""지난해 관내 서도의 주현에 흉년이 들어 백성이 굶주리고 있다. 사창과 공해의 곡식을 내어 경작을 원조하고, 가난하여 살아갈 수 없는 자는 의창을 열어 진휼하십시오.\""\n다음 상황이 나타난 시기의 사회 시책으로 옳은 것은?\n유랑민을 구휼하는 활인서를 두었다.\n백성들에게 곡식을 빌려주는 진대법을 실시하였다.\n국산 약재와 치료법을 소개한 향약집성방을 편찬하였다.\n기근에 대비하기 위해 구황촬요를 간행하여 보급하였다.\n기금을 모아 그 이자로 빈민을 구제하는 제위보를 운영하였다.""}]",source-candidate:7bfa26da4230d5eb3f6c,THESAURUS:TERM:8397975:sha256-1022516a18f91e61,THESAURUS,5,,description,description_containment,0.47,UNKNOWN,"[""박윤덕""]","[""朴允德""]","[""조선전기""]",,,[],,"{""term_name"": ""박윤덕"", ""hanja"": ""朴允德"", ""era"": ""조선전기"", ""thesaurus_category"": ""인명>성격별>학자>의·약학"", ""description"": ""조선 태종-세종대에 활동한 의관. 노중례(盧重禮) 등과 《향약채취월령(鄕藥採取月令)》·《향약집성방》등을 편찬하는데 참여함."", ""term_year"": ""?""}",[],,,,,REL_033,박윤덕,Person,
29,gold-case:b788ff7a42d305807e4e,term-review-task:bbca2dec6404fea28f0c,resolution-case:be4c488e98dd414344b0,황국 신민 체조,정책,"[{""problem_id"": ""cj_v41_0607"", ""full_text"": ""이 자료는 중일 전쟁 이후 일제가 침략 전쟁을 확대하던 시기에 만든 황국 신민 치조 실시 요령 이다. 일제는 이 체조를 보급하기 위해 황국 신민 체조의 날을 정하고 전국 곳곳에서 강습회를 개최하였다.\n'시기'에 시행된 일제의 정책으로 옳은 것은?\n회사령을 제정하였다.\n미쓰야 협정을 체결하였다.\n경성 제국 대학을 설립하였다.\n토지 조사 사업을 실시하였다.\n조선 사상범 예방 구금령을 공포하였다.""}]",source-candidate:22eb4b20481f6a8b0d7a,AKS:ARTICLE:E0076120:sha256-704d8ea620c542f5,AKS,1,황국 신민 체조,body,body_mention,1.0,COMPATIBLE,"[""황국신민서사""]","[""皇國臣民誓詞""]","[""근대"", ""일제강점기""]",,,[],Concept,"{""headword"": ""황국신민서사"", ""origin"": ""皇國臣民誓詞"", ""headword_origin"": ""황국신민서사(皇國臣民誓詞)"", ""primary_type"": ""제도/법령·제도"", ""era"": ""근대/일제강점기"", ""definition"": ""1937년 황국신민화 정책의 일환으로 조선총독부가 제정한 맹세."", ""snippet"": ""아동, 학생과 교육관계자로부터 모금을 실시하여 서울 [남산](E0011947)의 조선신궁 경내에 황국신민서사의 탑[皇國臣民誓詞之柱]을 세웠다. 라디오 체조의 형식으로 황국신민체조가 전략적으로""}","[{""left_source_candidate_id"": ""source-candidate:22eb4b20481f6a8b0d7a"", ""right_source_candidate_id"": ""source-candidate:5106e67dfe6a675ff4a6"", ""signals"": [""normalized_name_match"", ""hanja_match""], ""conflicts"": [], ""merge_eligible"": true}]",EVIDENCE_ONLY,,,,REL_034,황국신민서사,Concept,
29,gold-case:b788ff7a42d305807e4e,term-review-task:bbca2dec6404fea28f0c,resolution-case:be4c488e98dd414344b0,황국 신민 체조,정책,"[{""problem_id"": ""cj_v41_0607"", ""full_text"": ""이 자료는 중일 전쟁 이후 일제가 침략 전쟁을 확대하던 시기에 만든 황국 신민 치조 실시 요령 이다. 일제는 이 체조를 보급하기 위해 황국 신민 체조의 날을 정하고 전국 곳곳에서 강습회를 개최하였다.\n'시기'에 시행된 일제의 정책으로 옳은 것은?\n회사령을 제정하였다.\n미쓰야 협정을 체결하였다.\n경성 제국 대학을 설립하였다.\n토지 조사 사업을 실시하였다.\n조선 사상범 예방 구금령을 공포하였다.""}]",source-candidate:5106e67dfe6a675ff4a6,THESAURUS:TERM:18876776:sha256-1022516a18f91e61,THESAURUS,2,황국신민서사,name,name_ngram,0.456667,UNKNOWN,"[""황국신민서사""]","[""皇國臣民誓詞""]","[""일제시기""]",,,[],,"{""term_name"": ""황국신민서사"", ""hanja"": ""皇國臣民誓詞"", ""era"": ""일제시기"", ""thesaurus_category"": ""사회운동·독립운동>일본제국주의>식민통치 및 정책"", ""description"": ""1938년 개정된 조선교육령에 따라 일제가 한국인황국신민화를 강화하기 위해 암송·제창하게 한 맹서."", ""term_year"": ""1938""}","[{""left_source_candidate_id"": ""source-candidate:22eb4b20481f6a8b0d7a"", ""right_source_candidate_id"": ""source-candidate:5106e67dfe6a675ff4a6"", ""signals"": [""normalized_name_match"", ""hanja_match""], ""conflicts"": [], ""merge_eligible"": true}]",EVIDENCE_ONLY,,,,REL_034,황국신민서사,Concept,
29,gold-case:b788ff7a42d305807e4e,term-review-task:bbca2dec6404fea28f0c,resolution-case:be4c488e98dd414344b0,황국 신민 체조,정책,"[{""problem_id"": ""cj_v41_0607"", ""full_text"": ""이 자료는 중일 전쟁 이후 일제가 침략 전쟁을 확대하던 시기에 만든 황국 신민 치조 실시 요령 이다. 일제는 이 체조를 보급하기 위해 황국 신민 체조의 날을 정하고 전국 곳곳에서 강습회를 개최하였다.\n'시기'에 시행된 일제의 정책으로 옳은 것은?\n회사령을 제정하였다.\n미쓰야 협정을 체결하였다.\n경성 제국 대학을 설립하였다.\n토지 조사 사업을 실시하였다.\n조선 사상범 예방 구금령을 공포하였다.""}]",source-candidate:b33f78c7e929db5e4be0,THESAURUS:TERM:18876778:sha256-1022516a18f91e61,THESAURUS,3,황국신민화,name,name_ngram,0.377091,UNKNOWN,"[""황국신민화""]","[""皇國臣民化""]","[""일제시기""]",,,[],,"{""term_name"": ""황국신민화"", ""hanja"": ""皇國臣民化"", ""era"": ""일제시기"", ""thesaurus_category"": ""사회운동·독립운동>일본제국주의>식민통치 및 정책"", ""description"": ""일제시기 말기 민족말살정책의 일환으로 한민족을 말살하고 한국인을 일본인화하려는 정책."", ""term_year"": ""1937-1945""}",[],EVIDENCE_ONLY,,,,REL_035,황국신민화정책,Concept,
29,gold-case:b788ff7a42d305807e4e,term-review-task:bbca2dec6404fea28f0c,resolution-case:be4c488e98dd414344b0,황국 신민 체조,정책,"[{""problem_id"": ""cj_v41_0607"", ""full_text"": ""이 자료는 중일 전쟁 이후 일제가 침략 전쟁을 확대하던 시기에 만든 황국 신민 치조 실시 요령 이다. 일제는 이 체조를 보급하기 위해 황국 신민 체조의 날을 정하고 전국 곳곳에서 강습회를 개최하였다.\n'시기'에 시행된 일제의 정책으로 옳은 것은?\n회사령을 제정하였다.\n미쓰야 협정을 체결하였다.\n경성 제국 대학을 설립하였다.\n토지 조사 사업을 실시하였다.\n조선 사상범 예방 구금령을 공포하였다.""}]",source-candidate:aab48041560e0f1743f9,THESAURUS:TERM:25169630:sha256-1022516a18f91e61,THESAURUS,4,황국신민화정책,name,name_ngram,0.335692,UNKNOWN,"[""황국신민화정책""]","[""皇國臣民化政策""]","[""일제시기""]",,,[],,"{""term_name"": ""황국신민화정책"", ""hanja"": ""皇國臣民化政策"", ""era"": ""일제시기"", ""thesaurus_category"": ""정치·행정·법제>정치사상·정책"", ""description"": ""일제시기 체제 하에서 조선의 완전한 일본화를 목적으로 실행된 정책."", ""term_year"": ""1937-1945""}",[],EVIDENCE_ONLY,,,,REL_035,황국신민화정책,Concept,
29,gold-case:b788ff7a42d305807e4e,term-review-task:bbca2dec6404fea28f0c,resolution-case:be4c488e98dd414344b0,황국 신민 체조,정책,"[{""problem_id"": ""cj_v41_0607"", ""full_text"": ""이 자료는 중일 전쟁 이후 일제가 침략 전쟁을 확대하던 시기에 만든 황국 신민 치조 실시 요령 이다. 일제는 이 체조를 보급하기 위해 황국 신민 체조의 날을 정하고 전국 곳곳에서 강습회를 개최하였다.\n'시기'에 시행된 일제의 정책으로 옳은 것은?\n회사령을 제정하였다.\n미쓰야 협정을 체결하였다.\n경성 제국 대학을 설립하였다.\n토지 조사 사업을 실시하였다.\n조선 사상범 예방 구금령을 공포하였다.""}]",source-candidate:5c75289c02ee9ed5e42c,AKS:ARTICLE:E0070642:sha256-704d8ea620c542f5,AKS,5,국방체조,name,name_ngram,0.292,COMPATIBLE,"[""국방체조""]","[""國放體操""]","[""현대""]",,,[],Concept,"{""headword"": ""국방체조"", ""origin"": ""國放體操"", ""headword_origin"": ""국방체조(國放體操)"", ""primary_type"": ""개념"", ""era"": ""현대"", ""definition"": ""북한에서 국방에 필요한 육체활동을 여러 가지 동작으로 표현한 체조.""}",[],,,,,,,,전혀다른용어
30,gold-case:58923abf306a0764920a,term-review-task:5a39925900059da115df,resolution-case:193b593629b0aed5828d,조선인민공화국,국가,"[{""problem_id"": ""cj_v41_0139"", ""full_text"": ""화부위 38도 이남의 조선에는 오직 한 정부가 있을 뿐이다. 자천자임(白薦白任)한 관리라든가 경찰이라든가 국민 전체를 쇄표하였노라는 대소 회합이라든가 조선 인민 공화국이라든지 조선 인민 공화국 내각은 권위와 세력과 실재가 전혀 없는 것이다. - 미군정 장관우군소장 아놀드 -\n다음 성명이 발표된 이후에 있었던 사실로 옳지 않은 것은?\n조선 건국 동맹이 결성되었다.\n좌우 합작 7원칙이 발표되었다.\n유엔 한국 임시 위원단이 설치되었다.\n반민족 행위 특별 조사 위원회가 출범하였다.\n귀속 재산 처리를 위해 신한 공사가 설립되었다.""}, {""problem_id"": ""cj_v41_0845"", ""full_text"": ""신문을 보니 며칠 전 정읍에서 이승만이 단독 정부 수립을 시사하는 발언을 했다네. 한국 독립당에서는 단독 정부 수립은 안 된다고 했다더군. 우리 미국은 신탁 통치에 반대하는 단체를 배제하자는 소련의 주장은 제1차 미소 공동 위원회 때와 같습니다.\n(가) 시기에 있었던 사실로 옳은 것은?\n여수·순천 10·19 사건이 발생하였다.\n유엔 한국 임시 위원단이 서울에 도착하였다.\n송진우, 김성수 등이 한국 민주당을 창당하였다.\n여운형 등의 주도로 좌우 합작 위원회가 발족되었다.\n조선 건국 준비 위원회에서 조선 인민 공화국을 선포하였다.""}, {""problem_id"": ""cj_v41_1427"", ""full_text"": ""휘문중학 운동장에서 (가) 의 수반인 여운형 씨가 5천여 군중 앞에서 해방의 제일성을 힘있게 외쳤다. “조선 민족 해방의 날은 왔다. …… 어제 15일 아침 8시에 엔도 조선 총독부 정무총감의 초청을 받아 …… 나는 다섯 가지 요구를 제안하여 무조건 승낙을 받았다. 1. 전 조선 각지에 구속되어 있는 정치, 경제범을 즉시 해방하라 …… 4. 민족 해방의 모든 원동력이 되는 학생 훈련과 청년 조직에 대하여 간섭하지 말라 …… 이것으로 우리 민족 해방의 첫걸음을 내딛게 되었으니 우리가 지난날에 아프고 쓰렸던 것은 이 자리에서 모두 잊어버리자. ……”\n(가)에 대한 설명으로 옳은 것은?\n신한공사를 설립하였다.\n좌우 합작 7원칙을 제시하였다.\n조선 인민 공화국 수립이 선포된 후 해산하였다.\n한인 국방 경위대를 창설하였다.\n남북 협상 공동 성명서를 발표하였다.""}]",source-candidate:c1bf18c3f87b7496cf3a,THESAURUS:TERM:7577:sha256-1022516a18f91e61,THESAURUS,1,조선인민공화국,name,exact,1.0,UNKNOWN,"[""조선인민공화국""]","[""朝鮮人民共和國""]","[""현대""]",,,[],,"{""term_name"": ""조선인민공화국"", ""hanja"": ""朝鮮人民共和國"", ""era"": ""현대"", ""thesaurus_category"": ""역사일반>국가>현대국가"", ""description"": ""1945년 9월 6일 여운형(呂運亨) 중심의 조선건국준비위원회가 전국인민대표자대회를 통해 선포한 국가명."", ""term_year"": ""1945""}",[],IDENTITY_MEMBER,ALT_036,조선인민공화국,Polity,,,,
30,gold-case:58923abf306a0764920a,term-review-task:5a39925900059da115df,resolution-case:193b593629b0aed5828d,조선인민공화국,국가,"[{""problem_id"": ""cj_v41_0139"", ""full_text"": ""화부위 38도 이남의 조선에는 오직 한 정부가 있을 뿐이다. 자천자임(白薦白任)한 관리라든가 경찰이라든가 국민 전체를 쇄표하였노라는 대소 회합이라든가 조선 인민 공화국이라든지 조선 인민 공화국 내각은 권위와 세력과 실재가 전혀 없는 것이다. - 미군정 장관우군소장 아놀드 -\n다음 성명이 발표된 이후에 있었던 사실로 옳지 않은 것은?\n조선 건국 동맹이 결성되었다.\n좌우 합작 7원칙이 발표되었다.\n유엔 한국 임시 위원단이 설치되었다.\n반민족 행위 특별 조사 위원회가 출범하였다.\n귀속 재산 처리를 위해 신한 공사가 설립되었다.""}, {""problem_id"": ""cj_v41_0845"", ""full_text"": ""신문을 보니 며칠 전 정읍에서 이승만이 단독 정부 수립을 시사하는 발언을 했다네. 한국 독립당에서는 단독 정부 수립은 안 된다고 했다더군. 우리 미국은 신탁 통치에 반대하는 단체를 배제하자는 소련의 주장은 제1차 미소 공동 위원회 때와 같습니다.\n(가) 시기에 있었던 사실로 옳은 것은?\n여수·순천 10·19 사건이 발생하였다.\n유엔 한국 임시 위원단이 서울에 도착하였다.\n송진우, 김성수 등이 한국 민주당을 창당하였다.\n여운형 등의 주도로 좌우 합작 위원회가 발족되었다.\n조선 건국 준비 위원회에서 조선 인민 공화국을 선포하였다.""}, {""problem_id"": ""cj_v41_1427"", ""full_text"": ""휘문중학 운동장에서 (가) 의 수반인 여운형 씨가 5천여 군중 앞에서 해방의 제일성을 힘있게 외쳤다. “조선 민족 해방의 날은 왔다. …… 어제 15일 아침 8시에 엔도 조선 총독부 정무총감의 초청을 받아 …… 나는 다섯 가지 요구를 제안하여 무조건 승낙을 받았다. 1. 전 조선 각지에 구속되어 있는 정치, 경제범을 즉시 해방하라 …… 4. 민족 해방의 모든 원동력이 되는 학생 훈련과 청년 조직에 대하여 간섭하지 말라 …… 이것으로 우리 민족 해방의 첫걸음을 내딛게 되었으니 우리가 지난날에 아프고 쓰렸던 것은 이 자리에서 모두 잊어버리자. ……”\n(가)에 대한 설명으로 옳은 것은?\n신한공사를 설립하였다.\n좌우 합작 7원칙을 제시하였다.\n조선 인민 공화국 수립이 선포된 후 해산하였다.\n한인 국방 경위대를 창설하였다.\n남북 협상 공동 성명서를 발표하였다.""}]",source-candidate:f09d44c5e3e1d58de776,THESAURUS:TERM:21038041:sha256-1022516a18f91e61,THESAURUS,2,,description,description_containment,0.47,UNKNOWN,"[""정재달""]","[""鄭在達""]","[""현대""]",,,[],Person,"{""term_name"": ""정재달"", ""hanja"": ""鄭在達"", ""era"": ""현대"", ""thesaurus_category"": ""인명"", ""description"": ""일제시기의 공산주의운동가. 본적은 충청북도 진천. 1919년 고향에서 만세시위에 참가. 1922년 무산자동맹회(無産者同盟會)에서 활동함. 해방 후 조선인민공화국 중앙인민위원회 후보위원으로 선정됨."", ""term_year"": ""1895-?""}","[{""left_source_candidate_id"": ""source-candidate:3cb0955d6bd388a1de4d"", ""right_source_candidate_id"": ""source-candidate:f09d44c5e3e1d58de776"", ""signals"": [""era_overlap""], ""conflicts"": [""entity_type_conflict""], ""merge_eligible"": false}, {""left_source_candidate_id"": ""source-candidate:aa820f7c3ddb0acbbb36"", ""right_source_candidate_id"": ""source-candidate:f09d44c5e3e1d58de776"", ""signals"": [""era_overlap""], ""conflicts"": [""entity_type_conflict""], ""merge_eligible"": false}]",EVIDENCE_ONLY,,,,REL_037,정재달,Person,
30,gold-case:58923abf306a0764920a,term-review-task:5a39925900059da115df,resolution-case:193b593629b0aed5828d,조선인민공화국,국가,"[{""problem_id"": ""cj_v41_0139"", ""full_text"": ""화부위 38도 이남의 조선에는 오직 한 정부가 있을 뿐이다. 자천자임(白薦白任)한 관리라든가 경찰이라든가 국민 전체를 쇄표하였노라는 대소 회합이라든가 조선 인민 공화국이라든지 조선 인민 공화국 내각은 권위와 세력과 실재가 전혀 없는 것이다. - 미군정 장관우군소장 아놀드 -\n다음 성명이 발표된 이후에 있었던 사실로 옳지 않은 것은?\n조선 건국 동맹이 결성되었다.\n좌우 합작 7원칙이 발표되었다.\n유엔 한국 임시 위원단이 설치되었다.\n반민족 행위 특별 조사 위원회가 출범하였다.\n귀속 재산 처리를 위해 신한 공사가 설립되었다.""}, {""problem_id"": ""cj_v41_0845"", ""full_text"": ""신문을 보니 며칠 전 정읍에서 이승만이 단독 정부 수립을 시사하는 발언을 했다네. 한국 독립당에서는 단독 정부 수립은 안 된다고 했다더군. 우리 미국은 신탁 통치에 반대하는 단체를 배제하자는 소련의 주장은 제1차 미소 공동 위원회 때와 같습니다.\n(가) 시기에 있었던 사실로 옳은 것은?\n여수·순천 10·19 사건이 발생하였다.\n유엔 한국 임시 위원단이 서울에 도착하였다.\n송진우, 김성수 등이 한국 민주당을 창당하였다.\n여운형 등의 주도로 좌우 합작 위원회가 발족되었다.\n조선 건국 준비 위원회에서 조선 인민 공화국을 선포하였다.""}, {""problem_id"": ""cj_v41_1427"", ""full_text"": ""휘문중학 운동장에서 (가) 의 수반인 여운형 씨가 5천여 군중 앞에서 해방의 제일성을 힘있게 외쳤다. “조선 민족 해방의 날은 왔다. …… 어제 15일 아침 8시에 엔도 조선 총독부 정무총감의 초청을 받아 …… 나는 다섯 가지 요구를 제안하여 무조건 승낙을 받았다. 1. 전 조선 각지에 구속되어 있는 정치, 경제범을 즉시 해방하라 …… 4. 민족 해방의 모든 원동력이 되는 학생 훈련과 청년 조직에 대하여 간섭하지 말라 …… 이것으로 우리 민족 해방의 첫걸음을 내딛게 되었으니 우리가 지난날에 아프고 쓰렸던 것은 이 자리에서 모두 잊어버리자. ……”\n(가)에 대한 설명으로 옳은 것은?\n신한공사를 설립하였다.\n좌우 합작 7원칙을 제시하였다.\n조선 인민 공화국 수립이 선포된 후 해산하였다.\n한인 국방 경위대를 창설하였다.\n남북 협상 공동 성명서를 발표하였다.""}]",source-candidate:3cb0955d6bd388a1de4d,AKS:ARTICLE:E0024785:sha256-704d8ea620c542f5,AKS,3,조선민주주의인민공화국,name,name_ngram,0.462083,COMPATIBLE,"[""dprk"", ""northkorea"", ""북조선"", ""북한"", ""조선민주주의인민공화국""]","[""北韓""]","[""현대""]",,,[],Place,"{""headword"": ""북한"", ""aliases"": [""북조선"", ""조선민주주의인민공화국"", ""DPRK"", ""North Korea""], ""origin"": ""北韓"", ""headword_origin"": ""북한(北韓)"", ""primary_type"": ""지명/국가"", ""era"": ""현대"", ""definition"": ""일반적으로 한반도의 북반부 지역을 일컫는 말로서, 구체적으로는 1953년의 정전협정에 의하여 설정된 군사분계선 이북의 지역을 지칭하는 동시에 이 지역을 실질적으로 통치하고 있는 정권.""}","[{""left_source_candidate_id"": ""source-candidate:3cb0955d6bd388a1de4d"", ""right_source_candidate_id"": ""source-candidate:86f43c424be697352946"", ""signals"": [""normalized_name_match"", ""era_overlap""], ""conflicts"": [], ""merge_eligible"": true}, {""left_source_candidate_id"": ""source-candidate:3cb0955d6bd388a1de4d"", ""right_source_candidate_id"": ""source-candidate:aa820f7c3ddb0acbbb36"", ""signals"": [""era_overlap""], ""conflicts"": [""entity_type_conflict""], ""merge_eligible"": false}, {""left_source_candidate_id"": ""source-candidate:3cb0955d6bd388a1de4d"", ""right_source_candidate_id"": ""source-candidate:f09d44c5e3e1d58de776"", ""signals"": [""era_overlap""], ""conflicts"": [""entity_type_conflict""], ""merge_eligible"": false}]",,,,,,,,"조선인민공화국과 조선민주주의인민공화국은 다르다
조선인민공화국은 통일직후 과도정부이고
조선민주주의인민공화국은 김일성과 조선노동당이 세운 국가다
"
30,gold-case:58923abf306a0764920a,term-review-task:5a39925900059da115df,resolution-case:193b593629b0aed5828d,조선인민공화국,국가,"[{""problem_id"": ""cj_v41_0139"", ""full_text"": ""화부위 38도 이남의 조선에는 오직 한 정부가 있을 뿐이다. 자천자임(白薦白任)한 관리라든가 경찰이라든가 국민 전체를 쇄표하였노라는 대소 회합이라든가 조선 인민 공화국이라든지 조선 인민 공화국 내각은 권위와 세력과 실재가 전혀 없는 것이다. - 미군정 장관우군소장 아놀드 -\n다음 성명이 발표된 이후에 있었던 사실로 옳지 않은 것은?\n조선 건국 동맹이 결성되었다.\n좌우 합작 7원칙이 발표되었다.\n유엔 한국 임시 위원단이 설치되었다.\n반민족 행위 특별 조사 위원회가 출범하였다.\n귀속 재산 처리를 위해 신한 공사가 설립되었다.""}, {""problem_id"": ""cj_v41_0845"", ""full_text"": ""신문을 보니 며칠 전 정읍에서 이승만이 단독 정부 수립을 시사하는 발언을 했다네. 한국 독립당에서는 단독 정부 수립은 안 된다고 했다더군. 우리 미국은 신탁 통치에 반대하는 단체를 배제하자는 소련의 주장은 제1차 미소 공동 위원회 때와 같습니다.\n(가) 시기에 있었던 사실로 옳은 것은?\n여수·순천 10·19 사건이 발생하였다.\n유엔 한국 임시 위원단이 서울에 도착하였다.\n송진우, 김성수 등이 한국 민주당을 창당하였다.\n여운형 등의 주도로 좌우 합작 위원회가 발족되었다.\n조선 건국 준비 위원회에서 조선 인민 공화국을 선포하였다.""}, {""problem_id"": ""cj_v41_1427"", ""full_text"": ""휘문중학 운동장에서 (가) 의 수반인 여운형 씨가 5천여 군중 앞에서 해방의 제일성을 힘있게 외쳤다. “조선 민족 해방의 날은 왔다. …… 어제 15일 아침 8시에 엔도 조선 총독부 정무총감의 초청을 받아 …… 나는 다섯 가지 요구를 제안하여 무조건 승낙을 받았다. 1. 전 조선 각지에 구속되어 있는 정치, 경제범을 즉시 해방하라 …… 4. 민족 해방의 모든 원동력이 되는 학생 훈련과 청년 조직에 대하여 간섭하지 말라 …… 이것으로 우리 민족 해방의 첫걸음을 내딛게 되었으니 우리가 지난날에 아프고 쓰렸던 것은 이 자리에서 모두 잊어버리자. ……”\n(가)에 대한 설명으로 옳은 것은?\n신한공사를 설립하였다.\n좌우 합작 7원칙을 제시하였다.\n조선 인민 공화국 수립이 선포된 후 해산하였다.\n한인 국방 경위대를 창설하였다.\n남북 협상 공동 성명서를 발표하였다.""}]",source-candidate:86f43c424be697352946,THESAURUS:TERM:7596:sha256-1022516a18f91e61,THESAURUS,4,조선민주주의인민공화국,name,name_ngram,0.462083,UNKNOWN,"[""조선민주주의인민공화국""]","[""朝鮮民主主義人民共和國""]","[""현대""]",,,[],,"{""term_name"": ""조선민주주의인민공화국"", ""hanja"": ""朝鮮民主主義人民共和國"", ""era"": ""현대"", ""thesaurus_category"": ""역사일반>국가>현대국가"", ""description"": ""1948년 9월 9일 북한에 수립된 사회주의 국가의 정식 명칭."", ""term_year"": ""1948-?""}","[{""left_source_candidate_id"": ""source-candidate:3cb0955d6bd388a1de4d"", ""right_source_candidate_id"": ""source-candidate:86f43c424be697352946"", ""signals"": [""normalized_name_match"", ""era_overlap""], ""conflicts"": [], ""merge_eligible"": true}]",,,,,,,,"조선인민공화국과 조선민주주의인민공화국은 다르다
조선인민공화국은 통일직후 과도정부이고
조선민주주의인민공화국은 김일성과 조선노동당이 세운 국가다"
30,gold-case:58923abf306a0764920a,term-review-task:5a39925900059da115df,resolution-case:193b593629b0aed5828d,조선인민공화국,국가,"[{""problem_id"": ""cj_v41_0139"", ""full_text"": ""화부위 38도 이남의 조선에는 오직 한 정부가 있을 뿐이다. 자천자임(白薦白任)한 관리라든가 경찰이라든가 국민 전체를 쇄표하였노라는 대소 회합이라든가 조선 인민 공화국이라든지 조선 인민 공화국 내각은 권위와 세력과 실재가 전혀 없는 것이다. - 미군정 장관우군소장 아놀드 -\n다음 성명이 발표된 이후에 있었던 사실로 옳지 않은 것은?\n조선 건국 동맹이 결성되었다.\n좌우 합작 7원칙이 발표되었다.\n유엔 한국 임시 위원단이 설치되었다.\n반민족 행위 특별 조사 위원회가 출범하였다.\n귀속 재산 처리를 위해 신한 공사가 설립되었다.""}, {""problem_id"": ""cj_v41_0845"", ""full_text"": ""신문을 보니 며칠 전 정읍에서 이승만이 단독 정부 수립을 시사하는 발언을 했다네. 한국 독립당에서는 단독 정부 수립은 안 된다고 했다더군. 우리 미국은 신탁 통치에 반대하는 단체를 배제하자는 소련의 주장은 제1차 미소 공동 위원회 때와 같습니다.\n(가) 시기에 있었던 사실로 옳은 것은?\n여수·순천 10·19 사건이 발생하였다.\n유엔 한국 임시 위원단이 서울에 도착하였다.\n송진우, 김성수 등이 한국 민주당을 창당하였다.\n여운형 등의 주도로 좌우 합작 위원회가 발족되었다.\n조선 건국 준비 위원회에서 조선 인민 공화국을 선포하였다.""}, {""problem_id"": ""cj_v41_1427"", ""full_text"": ""휘문중학 운동장에서 (가) 의 수반인 여운형 씨가 5천여 군중 앞에서 해방의 제일성을 힘있게 외쳤다. “조선 민족 해방의 날은 왔다. …… 어제 15일 아침 8시에 엔도 조선 총독부 정무총감의 초청을 받아 …… 나는 다섯 가지 요구를 제안하여 무조건 승낙을 받았다. 1. 전 조선 각지에 구속되어 있는 정치, 경제범을 즉시 해방하라 …… 4. 민족 해방의 모든 원동력이 되는 학생 훈련과 청년 조직에 대하여 간섭하지 말라 …… 이것으로 우리 민족 해방의 첫걸음을 내딛게 되었으니 우리가 지난날에 아프고 쓰렸던 것은 이 자리에서 모두 잊어버리자. ……”\n(가)에 대한 설명으로 옳은 것은?\n신한공사를 설립하였다.\n좌우 합작 7원칙을 제시하였다.\n조선 인민 공화국 수립이 선포된 후 해산하였다.\n한인 국방 경위대를 창설하였다.\n남북 협상 공동 성명서를 발표하였다.""}]",source-candidate:aa820f7c3ddb0acbbb36,AKS:ARTICLE:E0052184:sha256-704d8ea620c542f5,AKS,5,조선인민공화국,name,exact,1.0,CONFLICT,"[""조선인민공화국""]","[""朝鮮人民共和國""]","[""현대""]",,,[],Organization,"{""headword"": ""조선인민공화국"", ""origin"": ""朝鮮人民共和國"", ""headword_origin"": ""조선인민공화국(朝鮮人民共和國)"", ""primary_type"": ""단체"", ""era"": ""현대"", ""definition"": ""1945년 8·15 해방 직후 조직되었던 단체.""}","[{""left_source_candidate_id"": ""source-candidate:3cb0955d6bd388a1de4d"", ""right_source_candidate_id"": ""source-candidate:aa820f7c3ddb0acbbb36"", ""signals"": [""era_overlap""], ""conflicts"": [""entity_type_conflict""], ""merge_eligible"": false}, {""left_source_candidate_id"": ""source-candidate:aa820f7c3ddb0acbbb36"", ""right_source_candidate_id"": ""source-candidate:f09d44c5e3e1d58de776"", ""signals"": [""era_overlap""], ""conflicts"": [""entity_type_conflict""], ""merge_eligible"": false}]",IDENTITY_MEMBER,ALT_036,조선인민공화국,Place,,,,
31,gold-case:9f5568134ce368f13545,term-review-task:cbc604c69834416b9416,resolution-case:8d761ad54592daa0c0a3,양광도,지명,"[{""problem_id"": ""cj_v41_0846"", ""full_text"": ""(가) 완산주를 다시 설치하고 용원을 총관으로 삼았다. 거열주를 빼서 청주(菁 州)를 두니 처음으로 9주가 되었다. 대아찬 복서를 총관으로 심았다. (나)현종견에 절도사를 폐지하고, 5도호와 75도 안무사를 두었으나, 얼마 후 안무시를 폐지하고, 4도호와 8목을 두었다. 그 이후로 5도-양계를 정하니, 양광 경상-전라-교주 서해 동계 북계가그것이다. (다각 도 각 고을의 이름을 고쳤다. --- 드디어 완산을 다시 '전주라고 칭하고, 계림을 다시 경주라고 칭하고, 서북면을 평안도토 하고, 동북면을 영길도'로 하였으니, 평양- 안주 영흥 길주가 계수관이기 때문이다. (라) 전국을 23부의 행정 구역으로 나누어 아래에 열거하는 각 부를 목사, 부사, 군수, 서윤, 판관, 현령, 현감의 관명을 다 없에고 읍의 명칭을 군이라고 하며 읍 장관의 관명을 군수라고 한다. 〈보기〉 그. (가) - 신문왕 재위 시기에 정비되었다. (나)- 지방 장관으로욕살 처려근지 등이 있었다. 다 (다) - 도에는 관찰사가 임명되어 수령을 감독하였다. ㄹ. (라) - 광무 개혁의 일환으로 실시되었다.\n(가)~(라) 지방 통치 체제에 대한 설명으로 옳은 것을 ＜보기＞에서 고른 것은?\nㄱ, ㄴ\nㄱ, ㄷ\nㄴ, ㄷ\nㄴ, ㄹ\nㄷ, ㄹ""}]",source-candidate:e8a655ecc917329fbc6b,AKS:ARTICLE:E0035413:sha256-704d8ea620c542f5,AKS,1,양광도,name,exact,1.0,COMPATIBLE,"[""양광도""]","[""楊廣道""]","[""고려"", ""고려 전기"", ""고려 후기""]",,,[],Place,"{""headword"": ""양광도"", ""origin"": ""楊廣道"", ""headword_origin"": ""양광도(楊廣道)"", ""primary_type"": ""지명/고지명"", ""era"": ""고려/고려 전기 | 고려/고려 후기"", ""definition"": ""고려시대, 안찰사(按察使)가 파견된 5도의 하나로서 지금의 경기도, 충청남도, 충청북도 및 강원도 일부 지역에 해당하는 행정 구역.""}","[{""left_source_candidate_id"": ""source-candidate:2d7c6cb08fe6a8e69ef0"", ""right_source_candidate_id"": ""source-candidate:e8a655ecc917329fbc6b"", ""signals"": [""normalized_name_match"", ""hanja_match"", ""entity_type_match""], ""conflicts"": [], ""merge_eligible"": true}, {""left_source_candidate_id"": ""source-candidate:6a731b04506c6d64bff1"", ""right_source_candidate_id"": ""source-candidate:e8a655ecc917329fbc6b"", ""signals"": [""era_overlap""], ""conflicts"": [""entity_type_conflict""], ""merge_eligible"": false}, {""left_source_candidate_id"": ""source-candidate:c5aea57af8f34c7709e4"", ""right_source_candidate_id"": ""source-candidate:e8a655ecc917329fbc6b"", ""signals"": [""era_overlap""], ""conflicts"": [""entity_type_conflict""], ""merge_eligible"": false}]",IDENTITY_MEMBER,ALT_038,양광도,Place,,,,
31,gold-case:9f5568134ce368f13545,term-review-task:cbc604c69834416b9416,resolution-case:8d761ad54592daa0c0a3,양광도,지명,"[{""problem_id"": ""cj_v41_0846"", ""full_text"": ""(가) 완산주를 다시 설치하고 용원을 총관으로 삼았다. 거열주를 빼서 청주(菁 州)를 두니 처음으로 9주가 되었다. 대아찬 복서를 총관으로 심았다. (나)현종견에 절도사를 폐지하고, 5도호와 75도 안무사를 두었으나, 얼마 후 안무시를 폐지하고, 4도호와 8목을 두었다. 그 이후로 5도-양계를 정하니, 양광 경상-전라-교주 서해 동계 북계가그것이다. (다각 도 각 고을의 이름을 고쳤다. --- 드디어 완산을 다시 '전주라고 칭하고, 계림을 다시 경주라고 칭하고, 서북면을 평안도토 하고, 동북면을 영길도'로 하였으니, 평양- 안주 영흥 길주가 계수관이기 때문이다. (라) 전국을 23부의 행정 구역으로 나누어 아래에 열거하는 각 부를 목사, 부사, 군수, 서윤, 판관, 현령, 현감의 관명을 다 없에고 읍의 명칭을 군이라고 하며 읍 장관의 관명을 군수라고 한다. 〈보기〉 그. (가) - 신문왕 재위 시기에 정비되었다. (나)- 지방 장관으로욕살 처려근지 등이 있었다. 다 (다) - 도에는 관찰사가 임명되어 수령을 감독하였다. ㄹ. (라) - 광무 개혁의 일환으로 실시되었다.\n(가)~(라) 지방 통치 체제에 대한 설명으로 옳은 것을 ＜보기＞에서 고른 것은?\nㄱ, ㄴ\nㄱ, ㄷ\nㄴ, ㄷ\nㄴ, ㄹ\nㄷ, ㄹ""}]",source-candidate:2d7c6cb08fe6a8e69ef0,THESAURUS:TERM:24450:sha256-1022516a18f91e61,THESAURUS,2,양광도,name,exact,1.0,UNKNOWN,"[""양광도""]","[""楊廣道""]","[""고려시대""]",,,[],Place,"{""term_name"": ""양광도"", ""hanja"": ""楊廣道"", ""era"": ""고려시대"", ""thesaurus_category"": ""지명"", ""description"": ""고려시대 지방 행정 구역인 5도(道)의 하나. 조선 태조 4년(1395) 한양 천도 후에는 충청도로 바뀜."", ""term_year"": ""?""}","[{""left_source_candidate_id"": ""source-candidate:2d7c6cb08fe6a8e69ef0"", ""right_source_candidate_id"": ""source-candidate:6a731b04506c6d64bff1"", ""signals"": [], ""conflicts"": [""entity_type_conflict""], ""merge_eligible"": false}, {""left_source_candidate_id"": ""source-candidate:2d7c6cb08fe6a8e69ef0"", ""right_source_candidate_id"": ""source-candidate:c5aea57af8f34c7709e4"", ""signals"": [], ""conflicts"": [""entity_type_conflict""], ""merge_eligible"": false}, {""left_source_candidate_id"": ""source-candidate:2d7c6cb08fe6a8e69ef0"", ""right_source_candidate_id"": ""source-candidate:e8a655ecc917329fbc6b"", ""signals"": [""normalized_name_match"", ""hanja_match"", ""entity_type_match""], ""conflicts"": [], ""merge_eligible"": true}]",IDENTITY_MEMBER,ALT_038,양광도,Place,,,,
31,gold-case:9f5568134ce368f13545,term-review-task:cbc604c69834416b9416,resolution-case:8d761ad54592daa0c0a3,양광도,지명,"[{""problem_id"": ""cj_v41_0846"", ""full_text"": ""(가) 완산주를 다시 설치하고 용원을 총관으로 삼았다. 거열주를 빼서 청주(菁 州)를 두니 처음으로 9주가 되었다. 대아찬 복서를 총관으로 심았다. (나)현종견에 절도사를 폐지하고, 5도호와 75도 안무사를 두었으나, 얼마 후 안무시를 폐지하고, 4도호와 8목을 두었다. 그 이후로 5도-양계를 정하니, 양광 경상-전라-교주 서해 동계 북계가그것이다. (다각 도 각 고을의 이름을 고쳤다. --- 드디어 완산을 다시 '전주라고 칭하고, 계림을 다시 경주라고 칭하고, 서북면을 평안도토 하고, 동북면을 영길도'로 하였으니, 평양- 안주 영흥 길주가 계수관이기 때문이다. (라) 전국을 23부의 행정 구역으로 나누어 아래에 열거하는 각 부를 목사, 부사, 군수, 서윤, 판관, 현령, 현감의 관명을 다 없에고 읍의 명칭을 군이라고 하며 읍 장관의 관명을 군수라고 한다. 〈보기〉 그. (가) - 신문왕 재위 시기에 정비되었다. (나)- 지방 장관으로욕살 처려근지 등이 있었다. 다 (다) - 도에는 관찰사가 임명되어 수령을 감독하였다. ㄹ. (라) - 광무 개혁의 일환으로 실시되었다.\n(가)~(라) 지방 통치 체제에 대한 설명으로 옳은 것을 ＜보기＞에서 고른 것은?\nㄱ, ㄴ\nㄱ, ㄷ\nㄴ, ㄷ\nㄴ, ㄹ\nㄷ, ㄹ""}]",source-candidate:9873dcc9c693330d2a5c,THESAURUS:TERM:29369357:sha256-1022516a18f91e61,THESAURUS,3,5도양계제,description,description_containment,0.625,UNKNOWN,"[""오도양계제""]","[""五道兩界制""]","[""고려시대""]",,,[],,"{""term_name"": ""5도양계제"", ""hanja"": ""五道兩界制"", ""era"": ""고려시대"", ""thesaurus_category"": ""정치·행정·법제>행정>행정구역"", ""description"": ""고려시대 전국을 양광도(楊廣道)·경상도·전라도·교주도(交州道)·서해도(西海道)의 5도와 동계(東界) ·북계(北界)의 양계로 구획하여 다스린 제도."", ""term_year"": ""?-?""}",[],EVIDENCE_ONLY,,,,REL_039,5도양계제,Concept,
31,gold-case:9f5568134ce368f13545,term-review-task:cbc604c69834416b9416,resolution-case:8d761ad54592daa0c0a3,양광도,지명,"[{""problem_id"": ""cj_v41_0846"", ""full_text"": ""(가) 완산주를 다시 설치하고 용원을 총관으로 삼았다. 거열주를 빼서 청주(菁 州)를 두니 처음으로 9주가 되었다. 대아찬 복서를 총관으로 심았다. (나)현종견에 절도사를 폐지하고, 5도호와 75도 안무사를 두었으나, 얼마 후 안무시를 폐지하고, 4도호와 8목을 두었다. 그 이후로 5도-양계를 정하니, 양광 경상-전라-교주 서해 동계 북계가그것이다. (다각 도 각 고을의 이름을 고쳤다. --- 드디어 완산을 다시 '전주라고 칭하고, 계림을 다시 경주라고 칭하고, 서북면을 평안도토 하고, 동북면을 영길도'로 하였으니, 평양- 안주 영흥 길주가 계수관이기 때문이다. (라) 전국을 23부의 행정 구역으로 나누어 아래에 열거하는 각 부를 목사, 부사, 군수, 서윤, 판관, 현령, 현감의 관명을 다 없에고 읍의 명칭을 군이라고 하며 읍 장관의 관명을 군수라고 한다. 〈보기〉 그. (가) - 신문왕 재위 시기에 정비되었다. (나)- 지방 장관으로욕살 처려근지 등이 있었다. 다 (다) - 도에는 관찰사가 임명되어 수령을 감독하였다. ㄹ. (라) - 광무 개혁의 일환으로 실시되었다.\n(가)~(라) 지방 통치 체제에 대한 설명으로 옳은 것을 ＜보기＞에서 고른 것은?\nㄱ, ㄴ\nㄱ, ㄷ\nㄴ, ㄷ\nㄴ, ㄹ\nㄷ, ㄹ""}]",source-candidate:6a731b04506c6d64bff1,THESAURUS:TERM:12606251:sha256-1022516a18f91e61,THESAURUS,4,,description,description_containment,0.47,UNKNOWN,"[""박수년""]","[""朴壽年""]","[""고려후기""]",,,[],Person,"{""term_name"": ""박수년"", ""hanja"": ""朴壽年"", ""era"": ""고려후기"", ""thesaurus_category"": ""인명"", ""description"": ""고려후기의 무신으로 1361년(공민왕 10) 홍건적의 침입때 공을 세우고, 1376년(우왕 2) 양광도병마사가 되어 최영(崔瑩)의 휘하에서 왜구를 무찌름. 그 이후에도 왜구를 무찌른 공으로 보안군(保安君)에 봉해짐."", ""term_year"": ""?-1386""}","[{""left_source_candidate_id"": ""source-candidate:2d7c6cb08fe6a8e69ef0"", ""right_source_candidate_id"": ""source-candidate:6a731b04506c6d64bff1"", ""signals"": [], ""conflicts"": [""entity_type_conflict""], ""merge_eligible"": false}, {""left_source_candidate_id"": ""source-candidate:6a731b04506c6d64bff1"", ""right_source_candidate_id"": ""source-candidate:e8a655ecc917329fbc6b"", ""signals"": [""era_overlap""], ""conflicts"": [""entity_type_conflict""], ""merge_eligible"": false}]",EVIDENCE_ONLY,,,,REL_040,박수년,Person,박수년이라는 사람이 양광도의 병마사였다는 설명이 있어서
31,gold-case:9f5568134ce368f13545,term-review-task:cbc604c69834416b9416,resolution-case:8d761ad54592daa0c0a3,양광도,지명,"[{""problem_id"": ""cj_v41_0846"", ""full_text"": ""(가) 완산주를 다시 설치하고 용원을 총관으로 삼았다. 거열주를 빼서 청주(菁 州)를 두니 처음으로 9주가 되었다. 대아찬 복서를 총관으로 심았다. (나)현종견에 절도사를 폐지하고, 5도호와 75도 안무사를 두었으나, 얼마 후 안무시를 폐지하고, 4도호와 8목을 두었다. 그 이후로 5도-양계를 정하니, 양광 경상-전라-교주 서해 동계 북계가그것이다. (다각 도 각 고을의 이름을 고쳤다. --- 드디어 완산을 다시 '전주라고 칭하고, 계림을 다시 경주라고 칭하고, 서북면을 평안도토 하고, 동북면을 영길도'로 하였으니, 평양- 안주 영흥 길주가 계수관이기 때문이다. (라) 전국을 23부의 행정 구역으로 나누어 아래에 열거하는 각 부를 목사, 부사, 군수, 서윤, 판관, 현령, 현감의 관명을 다 없에고 읍의 명칭을 군이라고 하며 읍 장관의 관명을 군수라고 한다. 〈보기〉 그. (가) - 신문왕 재위 시기에 정비되었다. (나)- 지방 장관으로욕살 처려근지 등이 있었다. 다 (다) - 도에는 관찰사가 임명되어 수령을 감독하였다. ㄹ. (라) - 광무 개혁의 일환으로 실시되었다.\n(가)~(라) 지방 통치 체제에 대한 설명으로 옳은 것을 ＜보기＞에서 고른 것은?\nㄱ, ㄴ\nㄱ, ㄷ\nㄴ, ㄷ\nㄴ, ㄹ\nㄷ, ㄹ""}]",source-candidate:c5aea57af8f34c7709e4,THESAURUS:TERM:12607185:sha256-1022516a18f91e61,THESAURUS,5,,description,description_containment,0.47,UNKNOWN,"[""박인계""]","[""朴仁桂""]","[""고려후기""]",,,[],Person,"{""term_name"": ""박인계"", ""hanja"": ""朴仁桂"", ""era"": ""고려후기"", ""thesaurus_category"": ""인명"", ""description"": ""고려 공민왕 때의 공신. 1361년(공민왕 10) 홍건적이 침입한 개경을 수복한 공으로 수복경성1등공신(收復京城一等功臣)에 서훈. 1375년(우왕 1)에 양광도안무사(楊廣道按撫使)를 역임. 1376년 칩입한 왜구와 싸우다 전사."", ""term_year"": ""?-1376""}","[{""left_source_candidate_id"": ""source-candidate:2d7c6cb08fe6a8e69ef0"", ""right_source_candidate_id"": ""source-candidate:c5aea57af8f34c7709e4"", ""signals"": [], ""conflicts"": [""entity_type_conflict""], ""merge_eligible"": false}, {""left_source_candidate_id"": ""source-candidate:c5aea57af8f34c7709e4"", ""right_source_candidate_id"": ""source-candidate:e8a655ecc917329fbc6b"", ""signals"": [""era_overlap""], ""conflicts"": [""entity_type_conflict""], ""merge_eligible"": false}]",EVIDENCE_ONLY,,,,REL_041,박인계,Person,양광도의 안무사였다는 설명이 있어서
32,gold-case:f60acfffd4a19ca773f8,term-review-task:062d358b6fd192718b60,resolution-case:f7f04a463e6becaacc05,각저총 씨름도,문화재,"[{""problem_id"": ""cj_v41_img_54_05"", ""full_text"": ""이 국가의 고분 벽화는 도읍이었던 지안과 평양 일대에 주로 남아 있는데 일상생활과 풍속, 신앙과 의례를 묘사한 것으로 유명합니다. 이제 벽화 사진을 바탕으로 제작한 영상을 생생하게 만나 보세요.\n밑줄 그은 ‘이 국가’의 벽화로 옳지 않은 것은?\n수산리 벽화\n무용총 접객도\n강서대묘 사신도 현무도\n각저총 씨름도\n조선초기 밀양 박익의 무덤벽화""}]",source-candidate:f364828b8294334fbd6e,AKS:ARTICLE:E0000483:sha256-704d8ea620c542f5,AKS,1,각저총,name,bidirectional_containment,0.422667,COMPATIBLE,"[""각저총""]","[""角抵塚""]","[""고대"", ""삼국"", ""고구려""]",,,[],Heritage,"{""headword"": ""각저총"", ""origin"": ""角抵塚"", ""headword_origin"": ""각저총(角抵塚)"", ""primary_type"": ""유적/고인돌·고분·능묘"", ""era"": ""고대/삼국/고구려"", ""definition"": ""중국 길림성 통화시 집안시(集安市) 여산(如山)에 있는 삼국시대 고구려의 실내생활도·씨름그림 관련 벽화무덤. 횡혈식석실분.""}","[{""left_source_candidate_id"": ""source-candidate:521ff7fa03d411290913"", ""right_source_candidate_id"": ""source-candidate:f364828b8294334fbd6e"", ""signals"": [""normalized_name_match"", ""hanja_match""], ""conflicts"": [], ""merge_eligible"": true}]",EVIDENCE_ONLY,,,,REL_042,각저총,Heritage,
32,gold-case:f60acfffd4a19ca773f8,term-review-task:062d358b6fd192718b60,resolution-case:f7f04a463e6becaacc05,각저총 씨름도,문화재,"[{""problem_id"": ""cj_v41_img_54_05"", ""full_text"": ""이 국가의 고분 벽화는 도읍이었던 지안과 평양 일대에 주로 남아 있는데 일상생활과 풍속, 신앙과 의례를 묘사한 것으로 유명합니다. 이제 벽화 사진을 바탕으로 제작한 영상을 생생하게 만나 보세요.\n밑줄 그은 ‘이 국가’의 벽화로 옳지 않은 것은?\n수산리 벽화\n무용총 접객도\n강서대묘 사신도 현무도\n각저총 씨름도\n조선초기 밀양 박익의 무덤벽화""}]",source-candidate:521ff7fa03d411290913,THESAURUS:TERM:14915:sha256-1022516a18f91e61,THESAURUS,2,각저총,name,bidirectional_containment,0.388667,UNKNOWN,"[""각저총""]","[""角抵塚""]","[""삼국시대""]",,,[],,"{""term_name"": ""각저총"", ""hanja"": ""角抵塚"", ""era"": ""삼국시대"", ""thesaurus_category"": ""사회·생활>풍속·의례>매장"", ""description"": ""고구려의 벽화고분으로 중국 길림성 집안시 여산(如山)에 있음."", ""term_year"": ""?-?""}","[{""left_source_candidate_id"": ""source-candidate:521ff7fa03d411290913"", ""right_source_candidate_id"": ""source-candidate:f364828b8294334fbd6e"", ""signals"": [""normalized_name_match"", ""hanja_match""], ""conflicts"": [], ""merge_eligible"": true}]",EVIDENCE_ONLY,,,,REL_042,각저총,Heritage,
32,gold-case:f60acfffd4a19ca773f8,term-review-task:062d358b6fd192718b60,resolution-case:f7f04a463e6becaacc05,각저총 씨름도,문화재,"[{""problem_id"": ""cj_v41_img_54_05"", ""full_text"": ""이 국가의 고분 벽화는 도읍이었던 지안과 평양 일대에 주로 남아 있는데 일상생활과 풍속, 신앙과 의례를 묘사한 것으로 유명합니다. 이제 벽화 사진을 바탕으로 제작한 영상을 생생하게 만나 보세요.\n밑줄 그은 ‘이 국가’의 벽화로 옳지 않은 것은?\n수산리 벽화\n무용총 접객도\n강서대묘 사신도 현무도\n각저총 씨름도\n조선초기 밀양 박익의 무덤벽화""}]",source-candidate:dbec80e8d69f0cf273f6,THESAURUS:TERM:12596167:sha256-1022516a18f91e61,THESAURUS,3,각저도,description,description_ngram,0.384667,UNKNOWN,"[""각저도""]","[""角抵圖""]","[""삼국시대""]",,,[],,"{""term_name"": ""각저도"", ""hanja"": ""角抵圖"", ""era"": ""삼국시대"", ""thesaurus_category"": ""문화·예술>미술"", ""description"": ""고구려의 각저총(角抵塚)에서 발견된 고분벽화. 나무 아래에서 웃통을 벗은 장사 두 사람이 씨름을 하고 있는 모습의 그림."", ""term_year"": ""?-?""}",[],IDENTITY_MEMBER,ALT_043,각저총씨름도,Heritage,,,,
33,gold-case:6b16eacb3615530ba67b,term-review-task:d03246a547ef57065235,resolution-case:481a50c21403f8c06922,엄씨,왕조,"[{""problem_id"": ""cj_v41_0351"", ""full_text"": ""(가) 항과 봉은 정씨의 소생이다. 왕은 어머니 윤씨가 폐위되고 죽은 것이 엄씨, 정씨의 참소 때문이라 여기고, 밤에 엄씨, 정씨를 대궐 뜰에 결박하여 놓고 손수 마구 치고 짓밟다가 항과 봉을 불러 엄씨, 정씨를 가리키며 “이 죄인을 치라. '라고 하였다. 왕은 대비에게 “어찌하여 내 어머니를 죽였습니까?\""라고 하며 불손한 말을 많이 하였다. (나) 이덕응이 진술하였다. “윤임과는 항상 대윤, 소윤이라는 말 때문에 화가 미칠까 우려하여 서로 경계하였을 뿐이었고, 모략에 대해서는 모르겠습니다. … 윤임이 신에게 '주상이 전혀 소생할 기미가 없으니 만약 대군이 왕위를 계승하여 윤원로가 뜻을 얻게 되면 우리 집안은 멸족당할 것이다.'라고 하였다. ”\n(가), (나) 사이의 시기에 있었던 사실로 옳은 것은?\n허적과 윤휴 등 남인이 대거 축출되었다.\n정여립 모반 사건으로 기축옥사가 일어났다.\n신진 인사를 등용하기 위해 현량과가 시행되었다.\n조의제문이 발단이 되어 김일손 등이 처형되었다.\n붕당의 폐해를 경계하기 위해 탕평비가 건립되었다.""}]",source-candidate:c6e1a4707aa26a01a398,AKS:ARTICLE:E0023950:sha256-704d8ea620c542f5,AKS,1,엄씨,body,body_mention,1.0,COMPATIBLE,"[""봉안군"", ""이봉李""]","[""鳳安君"", ""李㦀""]","[""조선"", ""조선 전기""]",,,[],Person,"{""headword"": ""봉안군"", ""aliases"": [""이봉(李㦀)""], ""origin"": ""鳳安君"", ""headword_origin"": ""봉안군(鳳安君)"", ""primary_type"": ""인물/전통 인물"", ""era"": ""조선/조선 전기"", ""definition"": ""조선전기 제9대 성종의 서자인 왕자."", ""snippet"": ""및 활동사항 1504년(연산군 10) 연산군은 일찍이 모후 윤씨(尹氏)가 폐위, 사사된 것은 후궁 정씨·엄씨(嚴氏)의 소행 때문이라 하여 두 후궁을 손수 때려죽이고 봉안군을 옥에 가두었다가 이천(伊川)에 귀양""}","[{""left_source_candidate_id"": ""source-candidate:371e511f61480acfda40"", ""right_source_candidate_id"": ""source-candidate:c6e1a4707aa26a01a398"", ""signals"": [], ""conflicts"": [""entity_type_conflict""], ""merge_eligible"": false}, {""left_source_candidate_id"": ""source-candidate:51b13902c37615724c9f"", ""right_source_candidate_id"": ""source-candidate:c6e1a4707aa26a01a398"", ""signals"": [""era_overlap""], ""conflicts"": [""entity_type_conflict""], ""merge_eligible"": false}, {""left_source_candidate_id"": ""source-candidate:59ebcdc91e11e9b5fe74"", ""right_source_candidate_id"": ""source-candidate:c6e1a4707aa26a01a398"", ""signals"": [], ""conflicts"": [""entity_type_conflict""], ""merge_eligible"": false}, {""left_source_candidate_id"": ""source-candidate:b80e03bf37526ebfbbd2"", ""right_source_candidate_id"": ""source-candidate:c6e1a4707aa26a01a398"", ""signals"": [], ""conflicts"": [""entity_type_conflict""], ""merge_eligible"": false}, {""left_source_candidate_id"": ""source-candidate:c6e1a4707aa26a01a398"", ""right_source_candidate_id"": ""source-candidate:e3fed5895e342a143ae1"", ""signals"": [], ""conflicts"": [""entity_type_conflict""], ""merge_eligible"": false}]",EVIDENCE_ONLY,,,,REL_044,봉안군,Person,"연산군의 모친이 페위된 것은 후궁 정씨와 엄씨 탓이라 생각하여 두 후궁을 죽이고 봉안군을 옥에 가두었다는 설명 
봉안군에 대한 설명이지만 두 후궁 중 하나인 엄씨에 대한 언급이 있으므로 EVIDENCE_ONLY
"
33,gold-case:6b16eacb3615530ba67b,term-review-task:d03246a547ef57065235,resolution-case:481a50c21403f8c06922,엄씨,왕조,"[{""problem_id"": ""cj_v41_0351"", ""full_text"": ""(가) 항과 봉은 정씨의 소생이다. 왕은 어머니 윤씨가 폐위되고 죽은 것이 엄씨, 정씨의 참소 때문이라 여기고, 밤에 엄씨, 정씨를 대궐 뜰에 결박하여 놓고 손수 마구 치고 짓밟다가 항과 봉을 불러 엄씨, 정씨를 가리키며 “이 죄인을 치라. '라고 하였다. 왕은 대비에게 “어찌하여 내 어머니를 죽였습니까?\""라고 하며 불손한 말을 많이 하였다. (나) 이덕응이 진술하였다. “윤임과는 항상 대윤, 소윤이라는 말 때문에 화가 미칠까 우려하여 서로 경계하였을 뿐이었고, 모략에 대해서는 모르겠습니다. … 윤임이 신에게 '주상이 전혀 소생할 기미가 없으니 만약 대군이 왕위를 계승하여 윤원로가 뜻을 얻게 되면 우리 집안은 멸족당할 것이다.'라고 하였다. ”\n(가), (나) 사이의 시기에 있었던 사실로 옳은 것은?\n허적과 윤휴 등 남인이 대거 축출되었다.\n정여립 모반 사건으로 기축옥사가 일어났다.\n신진 인사를 등용하기 위해 현량과가 시행되었다.\n조의제문이 발단이 되어 김일손 등이 처형되었다.\n붕당의 폐해를 경계하기 위해 탕평비가 건립되었다.""}]",source-candidate:59ebcdc91e11e9b5fe74,AKS:ARTICLE:E0037594:sha256-704d8ea620c542f5,AKS,2,엄씨,body,body_mention,1.0,COMPATIBLE,"[""영월군""]","[""寧越郡""]","[""현대""]",,,[],Place,"{""headword"": ""영월군"", ""origin"": ""寧越郡"", ""headword_origin"": ""영월군(寧越郡)"", ""primary_type"": ""지명/행정지명·마을"", ""era"": ""현대"", ""definition"": ""강원특별자치도 남부에 위치한 군."", ""snippet"": ""세운 금표(禁標)도 있다. 정려로는 엄흥도(嚴興道) 정려각을 비롯하여 연일정씨 · 경주이씨 효부각, 영월엄씨 · 온양방씨 열녀문, 신영숙(辛永叔) · 김지룡(金知龍) · 엄민도(嚴敏道) · 유영복(劉永福) · 채빈하(蔡彬夏)의 효자""}","[{""left_source_candidate_id"": ""source-candidate:371e511f61480acfda40"", ""right_source_candidate_id"": ""source-candidate:59ebcdc91e11e9b5fe74"", ""signals"": [], ""conflicts"": [""entity_type_conflict""], ""merge_eligible"": false}, {""left_source_candidate_id"": ""source-candidate:51b13902c37615724c9f"", ""right_source_candidate_id"": ""source-candidate:59ebcdc91e11e9b5fe74"", ""signals"": [], ""conflicts"": [""entity_type_conflict""], ""merge_eligible"": false}, {""left_source_candidate_id"": ""source-candidate:59ebcdc91e11e9b5fe74"", ""right_source_candidate_id"": ""source-candidate:b80e03bf37526ebfbbd2"", ""signals"": [], ""conflicts"": [""entity_type_conflict""], ""merge_eligible"": false}, {""left_source_candidate_id"": ""source-candidate:59ebcdc91e11e9b5fe74"", ""right_source_candidate_id"": ""source-candidate:c6e1a4707aa26a01a398"", ""signals"": [], ""conflicts"": [""entity_type_conflict""], ""merge_eligible"": false}, {""left_source_candidate_id"": ""source-candidate:59ebcdc91e11e9b5fe74"", ""right_source_candidate_id"": ""source-candidate:e7f02e911f3ccf8ae354"", ""signals"": [], ""conflicts"": [""entity_type_conflict""], ""merge_eligible"": false}, {""left_source_candidate_id"": ""source-candidate:59ebcdc91e11e9b5fe74"", ""right_source_candidate_id"": ""source-candidate:fa5dc0c618790c7f207c"", ""signals"": [], ""conflicts"": [""entity_type_conflict""], ""merge_eligible"": false}]",REJECT,,,,,,,
33,gold-case:6b16eacb3615530ba67b,term-review-task:d03246a547ef57065235,resolution-case:481a50c21403f8c06922,엄씨,왕조,"[{""problem_id"": ""cj_v41_0351"", ""full_text"": ""(가) 항과 봉은 정씨의 소생이다. 왕은 어머니 윤씨가 폐위되고 죽은 것이 엄씨, 정씨의 참소 때문이라 여기고, 밤에 엄씨, 정씨를 대궐 뜰에 결박하여 놓고 손수 마구 치고 짓밟다가 항과 봉을 불러 엄씨, 정씨를 가리키며 “이 죄인을 치라. '라고 하였다. 왕은 대비에게 “어찌하여 내 어머니를 죽였습니까?\""라고 하며 불손한 말을 많이 하였다. (나) 이덕응이 진술하였다. “윤임과는 항상 대윤, 소윤이라는 말 때문에 화가 미칠까 우려하여 서로 경계하였을 뿐이었고, 모략에 대해서는 모르겠습니다. … 윤임이 신에게 '주상이 전혀 소생할 기미가 없으니 만약 대군이 왕위를 계승하여 윤원로가 뜻을 얻게 되면 우리 집안은 멸족당할 것이다.'라고 하였다. ”\n(가), (나) 사이의 시기에 있었던 사실로 옳은 것은?\n허적과 윤휴 등 남인이 대거 축출되었다.\n정여립 모반 사건으로 기축옥사가 일어났다.\n신진 인사를 등용하기 위해 현량과가 시행되었다.\n조의제문이 발단이 되어 김일손 등이 처형되었다.\n붕당의 폐해를 경계하기 위해 탕평비가 건립되었다.""}]",source-candidate:371e511f61480acfda40,AKS:ARTICLE:E0043131:sha256-704d8ea620c542f5,AKS,3,엄씨,body,body_mention,1.0,COMPATIBLE,"[""의구""]","[""儀具""]",[],,,[],Concept,"{""headword"": ""의구"", ""origin"": ""儀具"", ""headword_origin"": ""의구(儀具)"", ""primary_type"": ""개념"", ""era"": ""미상"", ""definition"": ""왕의 행차 또는 조현(朝見：신하가 조정에 나아가 임금을 뵙는 것) 등의 의식에 쓰던 물건."", ""snippet"": ""부르러 보낼 때 쓰기 위하여 가져간다는 뜻을 지닌 것으로 풀이된다. 1870년(고종 7) 11월 순비 엄씨를 황귀비로 책봉할 때의 의주에는 그 쓰임을 이렇게 설명하고 있다. 승제관(承制官)이 선제(宣制)하여""}","[{""left_source_candidate_id"": ""source-candidate:371e511f61480acfda40"", ""right_source_candidate_id"": ""source-candidate:51b13902c37615724c9f"", ""signals"": [], ""conflicts"": [""entity_type_conflict""], ""merge_eligible"": false}, {""left_source_candidate_id"": ""source-candidate:371e511f61480acfda40"", ""right_source_candidate_id"": ""source-candidate:59ebcdc91e11e9b5fe74"", ""signals"": [], ""conflicts"": [""entity_type_conflict""], ""merge_eligible"": false}, {""left_source_candidate_id"": ""source-candidate:371e511f61480acfda40"", ""right_source_candidate_id"": ""source-candidate:b80e03bf37526ebfbbd2"", ""signals"": [], ""conflicts"": [""entity_type_conflict""], ""merge_eligible"": false}, {""left_source_candidate_id"": ""source-candidate:371e511f61480acfda40"", ""right_source_candidate_id"": ""source-candidate:c6e1a4707aa26a01a398"", ""signals"": [], ""conflicts"": [""entity_type_conflict""], ""merge_eligible"": false}, {""left_source_candidate_id"": ""source-candidate:371e511f61480acfda40"", ""right_source_candidate_id"": ""source-candidate:e3fed5895e342a143ae1"", ""signals"": [], ""conflicts"": [""entity_type_conflict""], ""merge_eligible"": false}, {""left_source_candidate_id"": ""source-candidate:371e511f61480acfda40"", ""right_source_candidate_id"": ""source-candidate:e7f02e911f3ccf8ae354"", ""signals"": [], ""conflicts"": [""entity_type_conflict""], ""merge_eligible"": false}, {""left_source_candidate_id"": ""source-candidate:371e511f61480acfda40"", ""right_source_candidate_id"": ""source-candidate:fa5dc0c618790c7f207c"", ""signals"": [], ""conflicts"": [""entity_type_conflict""], ""merge_eligible"": false}]",REJECTED,,,,,,,다른 엄씨에 대한 설명
33,gold-case:6b16eacb3615530ba67b,term-review-task:d03246a547ef57065235,resolution-case:481a50c21403f8c06922,엄씨,왕조,"[{""problem_id"": ""cj_v41_0351"", ""full_text"": ""(가) 항과 봉은 정씨의 소생이다. 왕은 어머니 윤씨가 폐위되고 죽은 것이 엄씨, 정씨의 참소 때문이라 여기고, 밤에 엄씨, 정씨를 대궐 뜰에 결박하여 놓고 손수 마구 치고 짓밟다가 항과 봉을 불러 엄씨, 정씨를 가리키며 “이 죄인을 치라. '라고 하였다. 왕은 대비에게 “어찌하여 내 어머니를 죽였습니까?\""라고 하며 불손한 말을 많이 하였다. (나) 이덕응이 진술하였다. “윤임과는 항상 대윤, 소윤이라는 말 때문에 화가 미칠까 우려하여 서로 경계하였을 뿐이었고, 모략에 대해서는 모르겠습니다. … 윤임이 신에게 '주상이 전혀 소생할 기미가 없으니 만약 대군이 왕위를 계승하여 윤원로가 뜻을 얻게 되면 우리 집안은 멸족당할 것이다.'라고 하였다. ”\n(가), (나) 사이의 시기에 있었던 사실로 옳은 것은?\n허적과 윤휴 등 남인이 대거 축출되었다.\n정여립 모반 사건으로 기축옥사가 일어났다.\n신진 인사를 등용하기 위해 현량과가 시행되었다.\n조의제문이 발단이 되어 김일손 등이 처형되었다.\n붕당의 폐해를 경계하기 위해 탕평비가 건립되었다.""}]",source-candidate:e7f02e911f3ccf8ae354,AKS:ARTICLE:E0056527:sha256-704d8ea620c542f5,AKS,4,엄씨,body,body_mention,1.0,COMPATIBLE,"[""법장法藏"", ""운파雲坡"", ""청안""]","[""淸眼"", ""法藏"", ""雲坡""]","[""조선"", ""조선 후기""]",,,[],Person,"{""headword"": ""청안"", ""aliases"": [""법장(法藏)"", ""운파(雲坡)""], ""origin"": ""淸眼"", ""headword_origin"": ""청안(淸眼)"", ""primary_type"": ""인물/전통 인물"", ""era"": ""조선/조선 후기"", ""definition"": ""조선후기 유점사로 출가해 밀양의 운문산을 거쳐 10년 동안 금강산 건봉사에서 정진한 승려."", ""snippet"": ""내용 성은 전씨(全氏). 자(字)는 법장(法藏) 또는 운파(雲坡). 아버지는 충량(忠亮)이며, 어머니는 엄씨(嚴氏)이다. 엄씨가 밝은 구슬을 삼키는 태몽을 꾸었다고 한다. 13세에 유점사(楡岾寺)로 출가하여 허""}","[{""left_source_candidate_id"": ""source-candidate:371e511f61480acfda40"", ""right_source_candidate_id"": ""source-candidate:e7f02e911f3ccf8ae354"", ""signals"": [], ""conflicts"": [""entity_type_conflict""], ""merge_eligible"": false}, {""left_source_candidate_id"": ""source-candidate:51b13902c37615724c9f"", ""right_source_candidate_id"": ""source-candidate:e7f02e911f3ccf8ae354"", ""signals"": [""era_overlap""], ""conflicts"": [""entity_type_conflict""], ""merge_eligible"": false}, {""left_source_candidate_id"": ""source-candidate:59ebcdc91e11e9b5fe74"", ""right_source_candidate_id"": ""source-candidate:e7f02e911f3ccf8ae354"", ""signals"": [], ""conflicts"": [""entity_type_conflict""], ""merge_eligible"": false}, {""left_source_candidate_id"": ""source-candidate:b80e03bf37526ebfbbd2"", ""right_source_candidate_id"": ""source-candidate:e7f02e911f3ccf8ae354"", ""signals"": [], ""conflicts"": [""entity_type_conflict""], ""merge_eligible"": false}, {""left_source_candidate_id"": ""source-candidate:e3fed5895e342a143ae1"", ""right_source_candidate_id"": ""source-candidate:e7f02e911f3ccf8ae354"", ""signals"": [], ""conflicts"": [""entity_type_conflict""], ""merge_eligible"": false}]",REJECTED,,,,,,,다른 엄씨에 대한 설명
33,gold-case:6b16eacb3615530ba67b,term-review-task:d03246a547ef57065235,resolution-case:481a50c21403f8c06922,엄씨,왕조,"[{""problem_id"": ""cj_v41_0351"", ""full_text"": ""(가) 항과 봉은 정씨의 소생이다. 왕은 어머니 윤씨가 폐위되고 죽은 것이 엄씨, 정씨의 참소 때문이라 여기고, 밤에 엄씨, 정씨를 대궐 뜰에 결박하여 놓고 손수 마구 치고 짓밟다가 항과 봉을 불러 엄씨, 정씨를 가리키며 “이 죄인을 치라. '라고 하였다. 왕은 대비에게 “어찌하여 내 어머니를 죽였습니까?\""라고 하며 불손한 말을 많이 하였다. (나) 이덕응이 진술하였다. “윤임과는 항상 대윤, 소윤이라는 말 때문에 화가 미칠까 우려하여 서로 경계하였을 뿐이었고, 모략에 대해서는 모르겠습니다. … 윤임이 신에게 '주상이 전혀 소생할 기미가 없으니 만약 대군이 왕위를 계승하여 윤원로가 뜻을 얻게 되면 우리 집안은 멸족당할 것이다.'라고 하였다. ”\n(가), (나) 사이의 시기에 있었던 사실로 옳은 것은?\n허적과 윤휴 등 남인이 대거 축출되었다.\n정여립 모반 사건으로 기축옥사가 일어났다.\n신진 인사를 등용하기 위해 현량과가 시행되었다.\n조의제문이 발단이 되어 김일손 등이 처형되었다.\n붕당의 폐해를 경계하기 위해 탕평비가 건립되었다.""}]",source-candidate:e3fed5895e342a143ae1,AKS:ARTICLE:E0058934:sha256-704d8ea620c542f5,AKS,5,엄씨,body,body_mention,1.0,COMPATIBLE,"[""태백시""]","[""太白市""]","[""현대""]",,,[],Place,"{""headword"": ""태백시"", ""origin"": ""太白市"", ""headword_origin"": ""태백시(太白市)"", ""primary_type"": ""지명/행정지명·마을"", ""era"": ""현대"", ""definition"": ""강원특별자치도 동남부 내륙에 위치한 시."", ""snippet"": ""부모를 봉양하던 엄종한이 하루는 구문소에 빠졌다가 구문소 밑 용궁으로 들어가게 되었다. 용왕은 엄씨에게 용궁의 닭을 훔쳐 간 죄를 추궁했으나 엄종한은 잘못이 없음을 하소연하였다. 뒤늦게 자신이 잡""}","[{""left_source_candidate_id"": ""source-candidate:371e511f61480acfda40"", ""right_source_candidate_id"": ""source-candidate:e3fed5895e342a143ae1"", ""signals"": [], ""conflicts"": [""entity_type_conflict""], ""merge_eligible"": false}, {""left_source_candidate_id"": ""source-candidate:51b13902c37615724c9f"", ""right_source_candidate_id"": ""source-candidate:e3fed5895e342a143ae1"", ""signals"": [], ""conflicts"": [""entity_type_conflict""], ""merge_eligible"": false}, {""left_source_candidate_id"": ""source-candidate:b80e03bf37526ebfbbd2"", ""right_source_candidate_id"": ""source-candidate:e3fed5895e342a143ae1"", ""signals"": [], ""conflicts"": [""entity_type_conflict""], ""merge_eligible"": false}, {""left_source_candidate_id"": ""source-candidate:c6e1a4707aa26a01a398"", ""right_source_candidate_id"": ""source-candidate:e3fed5895e342a143ae1"", ""signals"": [], ""conflicts"": [""entity_type_conflict""], ""merge_eligible"": false}, {""left_source_candidate_id"": ""source-candidate:e3fed5895e342a143ae1"", ""right_source_candidate_id"": ""source-candidate:e7f02e911f3ccf8ae354"", ""signals"": [], ""conflicts"": [""entity_type_conflict""], ""merge_eligible"": false}, {""left_source_candidate_id"": ""source-candidate:e3fed5895e342a143ae1"", ""right_source_candidate_id"": ""source-candidate:fa5dc0c618790c7f207c"", ""signals"": [], ""conflicts"": [""entity_type_conflict""], ""merge_eligible"": false}]",,,,,,,,전혀 다른 엄씨
33,gold-case:6b16eacb3615530ba67b,term-review-task:d03246a547ef57065235,resolution-case:481a50c21403f8c06922,엄씨,왕조,"[{""problem_id"": ""cj_v41_0351"", ""full_text"": ""(가) 항과 봉은 정씨의 소생이다. 왕은 어머니 윤씨가 폐위되고 죽은 것이 엄씨, 정씨의 참소 때문이라 여기고, 밤에 엄씨, 정씨를 대궐 뜰에 결박하여 놓고 손수 마구 치고 짓밟다가 항과 봉을 불러 엄씨, 정씨를 가리키며 “이 죄인을 치라. '라고 하였다. 왕은 대비에게 “어찌하여 내 어머니를 죽였습니까?\""라고 하며 불손한 말을 많이 하였다. (나) 이덕응이 진술하였다. “윤임과는 항상 대윤, 소윤이라는 말 때문에 화가 미칠까 우려하여 서로 경계하였을 뿐이었고, 모략에 대해서는 모르겠습니다. … 윤임이 신에게 '주상이 전혀 소생할 기미가 없으니 만약 대군이 왕위를 계승하여 윤원로가 뜻을 얻게 되면 우리 집안은 멸족당할 것이다.'라고 하였다. ”\n(가), (나) 사이의 시기에 있었던 사실로 옳은 것은?\n허적과 윤휴 등 남인이 대거 축출되었다.\n정여립 모반 사건으로 기축옥사가 일어났다.\n신진 인사를 등용하기 위해 현량과가 시행되었다.\n조의제문이 발단이 되어 김일손 등이 처형되었다.\n붕당의 폐해를 경계하기 위해 탕평비가 건립되었다.""}]",source-candidate:7211a2349773f1f35a20,THESAURUS:TERM:10486651:sha256-1022516a18f91e61,THESAURUS,6,,description,description_containment,0.47,UNKNOWN,"[""덕안궁""]","[""德安宮""]","[""근대""]",,,[],,"{""term_name"": ""덕안궁"", ""hanja"": ""德安宮"", ""era"": ""근대"", ""thesaurus_category"": ""문화·예술>미술"", ""description"": ""고종의 후궁이자 영친왕(英親王)의 생모인 순헌황귀비(純獻皇貴妃) 엄씨(嚴氏)의 위패를 봉안한 사당."", ""term_year"": ""1903-?""}",[],,,,,,,,전혀 다른 엄씨
33,gold-case:6b16eacb3615530ba67b,term-review-task:d03246a547ef57065235,resolution-case:481a50c21403f8c06922,엄씨,왕조,"[{""problem_id"": ""cj_v41_0351"", ""full_text"": ""(가) 항과 봉은 정씨의 소생이다. 왕은 어머니 윤씨가 폐위되고 죽은 것이 엄씨, 정씨의 참소 때문이라 여기고, 밤에 엄씨, 정씨를 대궐 뜰에 결박하여 놓고 손수 마구 치고 짓밟다가 항과 봉을 불러 엄씨, 정씨를 가리키며 “이 죄인을 치라. '라고 하였다. 왕은 대비에게 “어찌하여 내 어머니를 죽였습니까?\""라고 하며 불손한 말을 많이 하였다. (나) 이덕응이 진술하였다. “윤임과는 항상 대윤, 소윤이라는 말 때문에 화가 미칠까 우려하여 서로 경계하였을 뿐이었고, 모략에 대해서는 모르겠습니다. … 윤임이 신에게 '주상이 전혀 소생할 기미가 없으니 만약 대군이 왕위를 계승하여 윤원로가 뜻을 얻게 되면 우리 집안은 멸족당할 것이다.'라고 하였다. ”\n(가), (나) 사이의 시기에 있었던 사실로 옳은 것은?\n허적과 윤휴 등 남인이 대거 축출되었다.\n정여립 모반 사건으로 기축옥사가 일어났다.\n신진 인사를 등용하기 위해 현량과가 시행되었다.\n조의제문이 발단이 되어 김일손 등이 처형되었다.\n붕당의 폐해를 경계하기 위해 탕평비가 건립되었다.""}]",source-candidate:b80e03bf37526ebfbbd2,THESAURUS:TERM:10493765:sha256-1022516a18f91e61,THESAURUS,7,,description,description_containment,0.47,UNKNOWN,"[""영휘원""]","[""永徽園""]","[""근대-현대""]",,,[],Heritage,"{""term_name"": ""영휘원"", ""hanja"": ""永徽園"", ""era"": ""근대-현대"", ""thesaurus_category"": ""문화재"", ""description"": ""조선 제26대왕 고종의 후비 순헌귀비 엄씨(純獻貴妃嚴氏)가 묻힌, 서울특별시 동대문구 청량리동에 있는 묘소."", ""term_year"": ""1911-?""}","[{""left_source_candidate_id"": ""source-candidate:371e511f61480acfda40"", ""right_source_candidate_id"": ""source-candidate:b80e03bf37526ebfbbd2"", ""signals"": [], ""conflicts"": [""entity_type_conflict""], ""merge_eligible"": false}, {""left_source_candidate_id"": ""source-candidate:51b13902c37615724c9f"", ""right_source_candidate_id"": ""source-candidate:b80e03bf37526ebfbbd2"", ""signals"": [], ""conflicts"": [""entity_type_conflict""], ""merge_eligible"": false}, {""left_source_candidate_id"": ""source-candidate:59ebcdc91e11e9b5fe74"", ""right_source_candidate_id"": ""source-candidate:b80e03bf37526ebfbbd2"", ""signals"": [], ""conflicts"": [""entity_type_conflict""], ""merge_eligible"": false}, {""left_source_candidate_id"": ""source-candidate:b80e03bf37526ebfbbd2"", ""right_source_candidate_id"": ""source-candidate:c6e1a4707aa26a01a398"", ""signals"": [], ""conflicts"": [""entity_type_conflict""], ""merge_eligible"": false}, {""left_source_candidate_id"": ""source-candidate:b80e03bf37526ebfbbd2"", ""right_source_candidate_id"": ""source-candidate:e3fed5895e342a143ae1"", ""signals"": [], ""conflicts"": [""entity_type_conflict""], ""merge_eligible"": false}, {""left_source_candidate_id"": ""source-candidate:b80e03bf37526ebfbbd2"", ""right_source_candidate_id"": ""source-candidate:e7f02e911f3ccf8ae354"", ""signals"": [], ""conflicts"": [""entity_type_conflict""], ""merge_eligible"": false}, {""left_source_candidate_id"": ""source-candidate:b80e03bf37526ebfbbd2"", ""right_source_candidate_id"": ""source-candidate:fa5dc0c618790c7f207c"", ""signals"": [], ""conflicts"": [""entity_type_conflict""], ""merge_eligible"": false}]",,,,,,,,전혀 다른 엄씨
33,gold-case:6b16eacb3615530ba67b,term-review-task:d03246a547ef57065235,resolution-case:481a50c21403f8c06922,엄씨,왕조,"[{""problem_id"": ""cj_v41_0351"", ""full_text"": ""(가) 항과 봉은 정씨의 소생이다. 왕은 어머니 윤씨가 폐위되고 죽은 것이 엄씨, 정씨의 참소 때문이라 여기고, 밤에 엄씨, 정씨를 대궐 뜰에 결박하여 놓고 손수 마구 치고 짓밟다가 항과 봉을 불러 엄씨, 정씨를 가리키며 “이 죄인을 치라. '라고 하였다. 왕은 대비에게 “어찌하여 내 어머니를 죽였습니까?\""라고 하며 불손한 말을 많이 하였다. (나) 이덕응이 진술하였다. “윤임과는 항상 대윤, 소윤이라는 말 때문에 화가 미칠까 우려하여 서로 경계하였을 뿐이었고, 모략에 대해서는 모르겠습니다. … 윤임이 신에게 '주상이 전혀 소생할 기미가 없으니 만약 대군이 왕위를 계승하여 윤원로가 뜻을 얻게 되면 우리 집안은 멸족당할 것이다.'라고 하였다. ”\n(가), (나) 사이의 시기에 있었던 사실로 옳은 것은?\n허적과 윤휴 등 남인이 대거 축출되었다.\n정여립 모반 사건으로 기축옥사가 일어났다.\n신진 인사를 등용하기 위해 현량과가 시행되었다.\n조의제문이 발단이 되어 김일손 등이 처형되었다.\n붕당의 폐해를 경계하기 위해 탕평비가 건립되었다.""}]",source-candidate:fa5dc0c618790c7f207c,THESAURUS:TERM:6355:sha256-1022516a18f91e61,THESAURUS,8,,description,description_containment,0.47,UNKNOWN,"[""영친왕""]","[""英親王""]","[""대한제국기""]",,,[],Person,"{""term_name"": ""영친왕"", ""hanja"": ""英親王"", ""era"": ""대한제국기"", ""thesaurus_category"": ""인명"", ""description"": ""대한제국의 마지막 황태자로 고종황제의 일곱째 아들. 어머니는 귀비 엄씨(貴妃嚴氏)."", ""term_year"": ""1897-1970""}","[{""left_source_candidate_id"": ""source-candidate:371e511f61480acfda40"", ""right_source_candidate_id"": ""source-candidate:fa5dc0c618790c7f207c"", ""signals"": [], ""conflicts"": [""entity_type_conflict""], ""merge_eligible"": false}, {""left_source_candidate_id"": ""source-candidate:51b13902c37615724c9f"", ""right_source_candidate_id"": ""source-candidate:fa5dc0c618790c7f207c"", ""signals"": [], ""conflicts"": [""entity_type_conflict""], ""merge_eligible"": false}, {""left_source_candidate_id"": ""source-candidate:59ebcdc91e11e9b5fe74"", ""right_source_candidate_id"": ""source-candidate:fa5dc0c618790c7f207c"", ""signals"": [], ""conflicts"": [""entity_type_conflict""], ""merge_eligible"": false}, {""left_source_candidate_id"": ""source-candidate:b80e03bf37526ebfbbd2"", ""right_source_candidate_id"": ""source-candidate:fa5dc0c618790c7f207c"", ""signals"": [], ""conflicts"": [""entity_type_conflict""], ""merge_eligible"": false}, {""left_source_candidate_id"": ""source-candidate:e3fed5895e342a143ae1"", ""right_source_candidate_id"": ""source-candidate:fa5dc0c618790c7f207c"", ""signals"": [], ""conflicts"": [""entity_type_conflict""], ""merge_eligible"": false}]",,,,,,,,전혀 다른 엄씨
33,gold-case:6b16eacb3615530ba67b,term-review-task:d03246a547ef57065235,resolution-case:481a50c21403f8c06922,엄씨,왕조,"[{""problem_id"": ""cj_v41_0351"", ""full_text"": ""(가) 항과 봉은 정씨의 소생이다. 왕은 어머니 윤씨가 폐위되고 죽은 것이 엄씨, 정씨의 참소 때문이라 여기고, 밤에 엄씨, 정씨를 대궐 뜰에 결박하여 놓고 손수 마구 치고 짓밟다가 항과 봉을 불러 엄씨, 정씨를 가리키며 “이 죄인을 치라. '라고 하였다. 왕은 대비에게 “어찌하여 내 어머니를 죽였습니까?\""라고 하며 불손한 말을 많이 하였다. (나) 이덕응이 진술하였다. “윤임과는 항상 대윤, 소윤이라는 말 때문에 화가 미칠까 우려하여 서로 경계하였을 뿐이었고, 모략에 대해서는 모르겠습니다. … 윤임이 신에게 '주상이 전혀 소생할 기미가 없으니 만약 대군이 왕위를 계승하여 윤원로가 뜻을 얻게 되면 우리 집안은 멸족당할 것이다.'라고 하였다. ”\n(가), (나) 사이의 시기에 있었던 사실로 옳은 것은?\n허적과 윤휴 등 남인이 대거 축출되었다.\n정여립 모반 사건으로 기축옥사가 일어났다.\n신진 인사를 등용하기 위해 현량과가 시행되었다.\n조의제문이 발단이 되어 김일손 등이 처형되었다.\n붕당의 폐해를 경계하기 위해 탕평비가 건립되었다.""}]",source-candidate:51b13902c37615724c9f,AKS:ARTICLE:E0036221:sha256-704d8ea620c542f5,AKS,9,엄씨효문청행록,name,bidirectional_containment,0.367302,CONFLICT,"[""엄씨효문청행록""]","[""嚴氏孝門淸行錄""]","[""조선"", ""조선 후기""]",,,[],Work,"{""headword"": ""엄씨효문청행록"", ""origin"": ""嚴氏孝門淸行錄"", ""headword_origin"": ""엄씨효문청행록(嚴氏孝門淸行錄)"", ""primary_type"": ""작품/문학"", ""era"": ""조선/조선 후기"", ""definition"": ""조선 후기 작자 미상의 고전소설.""}","[{""left_source_candidate_id"": ""source-candidate:371e511f61480acfda40"", ""right_source_candidate_id"": ""source-candidate:51b13902c37615724c9f"", ""signals"": [], ""conflicts"": [""entity_type_conflict""], ""merge_eligible"": false}, {""left_source_candidate_id"": ""source-candidate:51b13902c37615724c9f"", ""right_source_candidate_id"": ""source-candidate:59ebcdc91e11e9b5fe74"", ""signals"": [], ""conflicts"": [""entity_type_conflict""], ""merge_eligible"": false}, {""left_source_candidate_id"": ""source-candidate:51b13902c37615724c9f"", ""right_source_candidate_id"": ""source-candidate:b80e03bf37526ebfbbd2"", ""signals"": [], ""conflicts"": [""entity_type_conflict""], ""merge_eligible"": false}, {""left_source_candidate_id"": ""source-candidate:51b13902c37615724c9f"", ""right_source_candidate_id"": ""source-candidate:c6e1a4707aa26a01a398"", ""signals"": [""era_overlap""], ""conflicts"": [""entity_type_conflict""], ""merge_eligible"": false}, {""left_source_candidate_id"": ""source-candidate:51b13902c37615724c9f"", ""right_source_candidate_id"": ""source-candidate:e3fed5895e342a143ae1"", ""signals"": [], ""conflicts"": [""entity_type_conflict""], ""merge_eligible"": false}, {""left_source_candidate_id"": ""source-candidate:51b13902c37615724c9f"", ""right_source_candidate_id"": ""source-candidate:e7f02e911f3ccf8ae354"", ""signals"": [""era_overlap""], ""conflicts"": [""entity_type_conflict""], ""merge_eligible"": false}, {""left_source_candidate_id"": ""source-candidate:51b13902c37615724c9f"", ""right_source_candidate_id"": ""source-candidate:fa5dc0c618790c7f207c"", ""signals"": [], ""conflicts"": [""entity_type_conflict""], ""merge_eligible"": false}]",,,,,,,,전혀 다른 엄씨
34,gold-case:6258a6c0f6dc9713f460,term-review-task:fb1bf4f0b4d78cc0dfc4,resolution-case:3d2e128e54b3d3454bce,조일 통상 장정,조약,"[{""problem_id"": ""cj_v41_0504"", ""full_text"": ""이달 20일, 함경도 관찰사로부터 보고를 받았는데, 그 내용은 다음과 같았습니 다. “큰 수해를 당하여 조만간 여러 곡식의 피해가 클 듯한데, 콩 등은 더욱 심하여 모두 흉작이 될 것이라고 고하고 있으니, 궁핍하여 식량난을 겪을 것이 장자 불을 보듯 훤합니다. 도내(道內)의 쌀과 공 등의 곡물에 대해서는 내년 가을걷이할 때까지를 기한으로 삼아 잠정적으로 유출을 금지하여 백성들의 식량 사정을 넉넉하게 하는 것이 마땅할까 합니다. 바라건대 통촉하시어 유출 금지 시행 1개월 전까지 일본 공사에게 알리시어, 일본의 상민들이 일체 준수하게 해주십시오.\""\n다음 자료를 활용한 탐구 활동으로 가장 적절한 것은?\n화폐 정리 사업의 결과를 분석한다.\n산미 증식 계획의 실상을 조사한다.\n조일 통상 장정 체결의 영향을 살펴본다.\n토지 조사 사업의 추진 과정을 파악한다.\n양지아문과 지계아문을 설치한 목적을 알아본다.""}, {""problem_id"": ""cj_v41_0929"", ""full_text"": ""각국 공관에 보내는 호소문 천택에澤), 들판, 황무지에 대한 권리를 청구하였다. 우리 나라 사람들은 이를 이용해 2~3년 걸러 윤작을 해야만 먹고살 수 있다. 그런데 만일 이를 외국인에게 주어버린다면 전국의 강토를 모두 빼앗기게 되며 수많은 사람이 참혹한 빈곤에 빠져 구제할 수 없게 될 것이다. 일본인들의 침략을 막고 우리 강토를 보전하도록 힘써 주십시오. 1904년 00월 00일\n다음 자료를 활용한 탐구 활동으로 가장 적절한 것은?\n보안회의 활동 내용을 파악한다.\n독립문의 건립 과정을 알아본다.\n조일 통상 장정의 조항을 검토한다.\n화폐 정리 사업이 끼친 영향을 살펴본다.\n황국 중앙 총상회가 조직된 목적을 분석한다.""}, {""problem_id"": ""cj_v41_1265"", ""full_text"": ""아, 고금 천하에 김옥균, 홍영식 등의 역적들처럼 극악하고 무도한 자들이 있었겠습니까? … 처음에는 연회를 베풀어 사람들을 찔러 죽이고 끝에는 변고가 일어났다고 선언하고는 전하를 강박하여 처소를 옮기게 하였다. 일본 사람들을 끼고 병기를 휘둘러 재상 들을 모두 죽여 궁궐에 피를 뿌리고 장상(將相)의 중직을 잠깐 동안에 차지하여 종묘사직을 위태롭게 하였다.\n다음 자료에 나타난 사건에 대한 설명으로 옳은 것은?\n청군의 개입으로 3일 만에 실패하였다.\n전개 과정에서 홍범 14조가 반포되었다.\n통리기무아문이 설치되는 계기가 되었다.\n조일 통상 장정이 체결되는 결과를 초래하였다.\n구식 군인에 대한 차별 대우가 발단이 되어 일어났다.""}]",source-candidate:1a6b3a3e792b3ec3a54e,AKS:ARTICLE:E0052539:sha256-704d8ea620c542f5,AKS,1,조일통상장정,name,exact,1.0,COMPATIBLE,"[""조일통상장정""]","[""朝日通商章程""]","[""근대"", ""개항기""]",,,[],Event,"{""headword"": ""조일통상장정"", ""origin"": ""朝日通商章程"", ""headword_origin"": ""조일통상장정(朝日通商章程)"", ""primary_type"": ""사건/조약·회담"", ""era"": ""근대/개항기"", ""definition"": ""1883년 7월 25일 조선과 일본 간의 근대적 통상관계를 전반적으로 규정한 통상조약.""}","[{""left_source_candidate_id"": ""source-candidate:1a6b3a3e792b3ec3a54e"", ""right_source_candidate_id"": ""source-candidate:2f92b92990758406a791"", ""signals"": [""normalized_name_match"", ""hanja_match"", ""era_overlap""], ""conflicts"": [], ""merge_eligible"": true}, {""left_source_candidate_id"": ""source-candidate:1a6b3a3e792b3ec3a54e"", ""right_source_candidate_id"": ""source-candidate:b3be4a4a89cdcceeb9ed"", ""signals"": [""hanja_match"", ""era_overlap""], ""conflicts"": [""entity_type_conflict""], ""merge_eligible"": false}, {""left_source_candidate_id"": ""source-candidate:1a6b3a3e792b3ec3a54e"", ""right_source_candidate_id"": ""source-candidate:e1756c6aa2cb5cbd63c5"", ""signals"": [""normalized_name_match"", ""hanja_match"", ""era_overlap""], ""conflicts"": [], ""merge_eligible"": true}]",IDENTITY_MEMBER,ALT_045,조일통상장정,Concept,,,,
34,gold-case:6258a6c0f6dc9713f460,term-review-task:fb1bf4f0b4d78cc0dfc4,resolution-case:3d2e128e54b3d3454bce,조일 통상 장정,조약,"[{""problem_id"": ""cj_v41_0504"", ""full_text"": ""이달 20일, 함경도 관찰사로부터 보고를 받았는데, 그 내용은 다음과 같았습니 다. “큰 수해를 당하여 조만간 여러 곡식의 피해가 클 듯한데, 콩 등은 더욱 심하여 모두 흉작이 될 것이라고 고하고 있으니, 궁핍하여 식량난을 겪을 것이 장자 불을 보듯 훤합니다. 도내(道內)의 쌀과 공 등의 곡물에 대해서는 내년 가을걷이할 때까지를 기한으로 삼아 잠정적으로 유출을 금지하여 백성들의 식량 사정을 넉넉하게 하는 것이 마땅할까 합니다. 바라건대 통촉하시어 유출 금지 시행 1개월 전까지 일본 공사에게 알리시어, 일본의 상민들이 일체 준수하게 해주십시오.\""\n다음 자료를 활용한 탐구 활동으로 가장 적절한 것은?\n화폐 정리 사업의 결과를 분석한다.\n산미 증식 계획의 실상을 조사한다.\n조일 통상 장정 체결의 영향을 살펴본다.\n토지 조사 사업의 추진 과정을 파악한다.\n양지아문과 지계아문을 설치한 목적을 알아본다.""}, {""problem_id"": ""cj_v41_0929"", ""full_text"": ""각국 공관에 보내는 호소문 천택에澤), 들판, 황무지에 대한 권리를 청구하였다. 우리 나라 사람들은 이를 이용해 2~3년 걸러 윤작을 해야만 먹고살 수 있다. 그런데 만일 이를 외국인에게 주어버린다면 전국의 강토를 모두 빼앗기게 되며 수많은 사람이 참혹한 빈곤에 빠져 구제할 수 없게 될 것이다. 일본인들의 침략을 막고 우리 강토를 보전하도록 힘써 주십시오. 1904년 00월 00일\n다음 자료를 활용한 탐구 활동으로 가장 적절한 것은?\n보안회의 활동 내용을 파악한다.\n독립문의 건립 과정을 알아본다.\n조일 통상 장정의 조항을 검토한다.\n화폐 정리 사업이 끼친 영향을 살펴본다.\n황국 중앙 총상회가 조직된 목적을 분석한다.""}, {""problem_id"": ""cj_v41_1265"", ""full_text"": ""아, 고금 천하에 김옥균, 홍영식 등의 역적들처럼 극악하고 무도한 자들이 있었겠습니까? … 처음에는 연회를 베풀어 사람들을 찔러 죽이고 끝에는 변고가 일어났다고 선언하고는 전하를 강박하여 처소를 옮기게 하였다. 일본 사람들을 끼고 병기를 휘둘러 재상 들을 모두 죽여 궁궐에 피를 뿌리고 장상(將相)의 중직을 잠깐 동안에 차지하여 종묘사직을 위태롭게 하였다.\n다음 자료에 나타난 사건에 대한 설명으로 옳은 것은?\n청군의 개입으로 3일 만에 실패하였다.\n전개 과정에서 홍범 14조가 반포되었다.\n통리기무아문이 설치되는 계기가 되었다.\n조일 통상 장정이 체결되는 결과를 초래하였다.\n구식 군인에 대한 차별 대우가 발단이 되어 일어났다.""}]",source-candidate:2f92b92990758406a791,THESAURUS:TERM:7656:sha256-1022516a18f91e61,THESAURUS,2,조일통상장정,name,exact,1.0,UNKNOWN,"[""조일통상장정""]","[""朝日通商章程""]","[""개항기""]",,,[],,"{""term_name"": ""조일통상장정"", ""hanja"": ""朝日通商章程"", ""era"": ""개항기"", ""thesaurus_category"": ""외교·국제관계>일본>외교·국제관계(일본)>개항기"", ""description"": ""1876년의 개항 이후 조선과 일본 사이의 근대적 통상관계를 전반적으로 규정한 통상 조약."", ""term_year"": ""1883""}","[{""left_source_candidate_id"": ""source-candidate:1a6b3a3e792b3ec3a54e"", ""right_source_candidate_id"": ""source-candidate:2f92b92990758406a791"", ""signals"": [""normalized_name_match"", ""hanja_match"", ""era_overlap""], ""conflicts"": [], ""merge_eligible"": true}]",IDENTITY_MEMBER,ALT_045,조일통상장정,Concept,,,,
34,gold-case:6258a6c0f6dc9713f460,term-review-task:fb1bf4f0b4d78cc0dfc4,resolution-case:3d2e128e54b3d3454bce,조일 통상 장정,조약,"[{""problem_id"": ""cj_v41_0504"", ""full_text"": ""이달 20일, 함경도 관찰사로부터 보고를 받았는데, 그 내용은 다음과 같았습니 다. “큰 수해를 당하여 조만간 여러 곡식의 피해가 클 듯한데, 콩 등은 더욱 심하여 모두 흉작이 될 것이라고 고하고 있으니, 궁핍하여 식량난을 겪을 것이 장자 불을 보듯 훤합니다. 도내(道內)의 쌀과 공 등의 곡물에 대해서는 내년 가을걷이할 때까지를 기한으로 삼아 잠정적으로 유출을 금지하여 백성들의 식량 사정을 넉넉하게 하는 것이 마땅할까 합니다. 바라건대 통촉하시어 유출 금지 시행 1개월 전까지 일본 공사에게 알리시어, 일본의 상민들이 일체 준수하게 해주십시오.\""\n다음 자료를 활용한 탐구 활동으로 가장 적절한 것은?\n화폐 정리 사업의 결과를 분석한다.\n산미 증식 계획의 실상을 조사한다.\n조일 통상 장정 체결의 영향을 살펴본다.\n토지 조사 사업의 추진 과정을 파악한다.\n양지아문과 지계아문을 설치한 목적을 알아본다.""}, {""problem_id"": ""cj_v41_0929"", ""full_text"": ""각국 공관에 보내는 호소문 천택에澤), 들판, 황무지에 대한 권리를 청구하였다. 우리 나라 사람들은 이를 이용해 2~3년 걸러 윤작을 해야만 먹고살 수 있다. 그런데 만일 이를 외국인에게 주어버린다면 전국의 강토를 모두 빼앗기게 되며 수많은 사람이 참혹한 빈곤에 빠져 구제할 수 없게 될 것이다. 일본인들의 침략을 막고 우리 강토를 보전하도록 힘써 주십시오. 1904년 00월 00일\n다음 자료를 활용한 탐구 활동으로 가장 적절한 것은?\n보안회의 활동 내용을 파악한다.\n독립문의 건립 과정을 알아본다.\n조일 통상 장정의 조항을 검토한다.\n화폐 정리 사업이 끼친 영향을 살펴본다.\n황국 중앙 총상회가 조직된 목적을 분석한다.""}, {""problem_id"": ""cj_v41_1265"", ""full_text"": ""아, 고금 천하에 김옥균, 홍영식 등의 역적들처럼 극악하고 무도한 자들이 있었겠습니까? … 처음에는 연회를 베풀어 사람들을 찔러 죽이고 끝에는 변고가 일어났다고 선언하고는 전하를 강박하여 처소를 옮기게 하였다. 일본 사람들을 끼고 병기를 휘둘러 재상 들을 모두 죽여 궁궐에 피를 뿌리고 장상(將相)의 중직을 잠깐 동안에 차지하여 종묘사직을 위태롭게 하였다.\n다음 자료에 나타난 사건에 대한 설명으로 옳은 것은?\n청군의 개입으로 3일 만에 실패하였다.\n전개 과정에서 홍범 14조가 반포되었다.\n통리기무아문이 설치되는 계기가 되었다.\n조일 통상 장정이 체결되는 결과를 초래하였다.\n구식 군인에 대한 차별 대우가 발단이 되어 일어났다.""}]",source-candidate:e1756c6aa2cb5cbd63c5,THESAURUS:TERM:7657:sha256-1022516a18f91e61,THESAURUS,3,조일통상장정,name,exact,1.0,UNKNOWN,"[""조일통상장정""]","[""朝日通商章程""]","[""개항기""]",,,[],,"{""term_name"": ""조일통상장정"", ""hanja"": ""朝日通商章程"", ""era"": ""개항기"", ""thesaurus_category"": ""외교·국제관계>외교협상·협약>개항기"", ""description"": ""1876년의 개항 이후 조선과 일본 사이의 근대적 통상관계를 전반적으로 규정한 통상 조약."", ""term_year"": ""1883""}","[{""left_source_candidate_id"": ""source-candidate:1a6b3a3e792b3ec3a54e"", ""right_source_candidate_id"": ""source-candidate:e1756c6aa2cb5cbd63c5"", ""signals"": [""normalized_name_match"", ""hanja_match"", ""era_overlap""], ""conflicts"": [], ""merge_eligible"": true}]",IDENTITY_MEMBER,ALT_045,조일통상장정,Concept,,,,
34,gold-case:6258a6c0f6dc9713f460,term-review-task:fb1bf4f0b4d78cc0dfc4,resolution-case:3d2e128e54b3d3454bce,조일 통상 장정,조약,"[{""problem_id"": ""cj_v41_0504"", ""full_text"": ""이달 20일, 함경도 관찰사로부터 보고를 받았는데, 그 내용은 다음과 같았습니 다. “큰 수해를 당하여 조만간 여러 곡식의 피해가 클 듯한데, 콩 등은 더욱 심하여 모두 흉작이 될 것이라고 고하고 있으니, 궁핍하여 식량난을 겪을 것이 장자 불을 보듯 훤합니다. 도내(道內)의 쌀과 공 등의 곡물에 대해서는 내년 가을걷이할 때까지를 기한으로 삼아 잠정적으로 유출을 금지하여 백성들의 식량 사정을 넉넉하게 하는 것이 마땅할까 합니다. 바라건대 통촉하시어 유출 금지 시행 1개월 전까지 일본 공사에게 알리시어, 일본의 상민들이 일체 준수하게 해주십시오.\""\n다음 자료를 활용한 탐구 활동으로 가장 적절한 것은?\n화폐 정리 사업의 결과를 분석한다.\n산미 증식 계획의 실상을 조사한다.\n조일 통상 장정 체결의 영향을 살펴본다.\n토지 조사 사업의 추진 과정을 파악한다.\n양지아문과 지계아문을 설치한 목적을 알아본다.""}, {""problem_id"": ""cj_v41_0929"", ""full_text"": ""각국 공관에 보내는 호소문 천택에澤), 들판, 황무지에 대한 권리를 청구하였다. 우리 나라 사람들은 이를 이용해 2~3년 걸러 윤작을 해야만 먹고살 수 있다. 그런데 만일 이를 외국인에게 주어버린다면 전국의 강토를 모두 빼앗기게 되며 수많은 사람이 참혹한 빈곤에 빠져 구제할 수 없게 될 것이다. 일본인들의 침략을 막고 우리 강토를 보전하도록 힘써 주십시오. 1904년 00월 00일\n다음 자료를 활용한 탐구 활동으로 가장 적절한 것은?\n보안회의 활동 내용을 파악한다.\n독립문의 건립 과정을 알아본다.\n조일 통상 장정의 조항을 검토한다.\n화폐 정리 사업이 끼친 영향을 살펴본다.\n황국 중앙 총상회가 조직된 목적을 분석한다.""}, {""problem_id"": ""cj_v41_1265"", ""full_text"": ""아, 고금 천하에 김옥균, 홍영식 등의 역적들처럼 극악하고 무도한 자들이 있었겠습니까? … 처음에는 연회를 베풀어 사람들을 찔러 죽이고 끝에는 변고가 일어났다고 선언하고는 전하를 강박하여 처소를 옮기게 하였다. 일본 사람들을 끼고 병기를 휘둘러 재상 들을 모두 죽여 궁궐에 피를 뿌리고 장상(將相)의 중직을 잠깐 동안에 차지하여 종묘사직을 위태롭게 하였다.\n다음 자료에 나타난 사건에 대한 설명으로 옳은 것은?\n청군의 개입으로 3일 만에 실패하였다.\n전개 과정에서 홍범 14조가 반포되었다.\n통리기무아문이 설치되는 계기가 되었다.\n조일 통상 장정이 체결되는 결과를 초래하였다.\n구식 군인에 대한 차별 대우가 발단이 되어 일어났다.""}]",source-candidate:b3be4a4a89cdcceeb9ed,AKS:ARTICLE:E0080039:sha256-704d8ea620c542f5,AKS,4,조일통상장정 기념연회도,name,bidirectional_containment,0.524482,CONFLICT,"[""조일통상장정기념연회도"", ""조일통상조약기념연회도""]","[""朝日通商章程"", ""記念宴會圖""]","[""근대"", ""개항기""]",,,[],Work,"{""headword"": ""조일통상장정 기념연회도"", ""aliases"": [""조일통상조약 기념연회도""], ""origin"": ""朝日通商章程 記念宴會圖"", ""headword_origin"": ""조일통상장정 기념연회도(朝日通商章程 記念宴會圖)"", ""primary_type"": ""작품/서화"", ""era"": ""근대/개항기"", ""definition"": ""1883년(고종 20), 조선과 일본이 조일통상장정(朝日通商章程)을 체결한 후 열린 연회를 도화서 화원 안중식(安中植)이 그린 기록화.""}","[{""left_source_candidate_id"": ""source-candidate:1a6b3a3e792b3ec3a54e"", ""right_source_candidate_id"": ""source-candidate:b3be4a4a89cdcceeb9ed"", ""signals"": [""hanja_match"", ""era_overlap""], ""conflicts"": [""entity_type_conflict""], ""merge_eligible"": false}]",EVIDENCE_ONLY,,,,REL_046,조일통상장정기념연회도,Work,
35,gold-case:481b2aa22a2200324ee5,term-review-task:9d0195b471fddde1dc7e,resolution-case:68e63b9d9f537b4ecf89,관음 신앙,사상,"[{""problem_id"": ""cj_v41_0680"", ""full_text"": ""(가)는 화엄 사상의 요지를 정리한 화엄일승법계도를 저술하였다. 또한 부석사를 비롯한 여러 사원을 건립하였고 관음 신앙을 강조하였다. (나)는 왕명에 따라 민중을 교화하고 불법을 널리 펴기 위해 노력하였다. 또한 향가인 보현십원가 11수를 지어 화엄 사상을 대중에게 전파하였다. (다)는 문종의 아들로 태어나 출가하였다. 송으로 건너가 고승들과 불법을 토론하고 불교 서적을 수집하여 귀국하였으며, 국청사를 중심으로 천태종을 창시하였다. (라)는 법화 신앙을 바탕으로 강진 만덕사에서 백련 결사를 결성하였다.\n(가)~(라) 승려에 대한 설명으로 옳은 것은?\n(가) - 심성의 도야를 강조한 유불 일치설을 주장하였다.\n(나) - 정혜쌍수와 돈오점수를 수행 방법으로 제시하였다.\n(다) - 불교 경전에 대한 주석서를 모아 교장을 편찬하였다.\n(라) - 9산 선문 중 하나인 가지산문을 개창하였다.\n(가)~(라) - 승과에 합격하고 왕사에 임명되었다.""}, {""problem_id"": ""cj_v41_0952"", ""full_text"": ""보내는 엽서가 나와 있다. 라는 내 용이 나와 있다. 이어 이라는 내용이 나와 있다. 이를 통해 주어진 자료 속 밑줄 그은 는 해동 화엄의 시조로 불리 는 신라의 원교국사 의상(625- 을 가리킴을 알 수 있다. 의상이 경 북 영주에서 부석사*를 세운 것은 문무왕 16년인 676년의 일이다. *부석사 창건 설화: 당에 유학했던 대사가 공부를 마치고 귀국길에 오르자 그 를 사모했던 선묘라는 여인이 용으로 변하여 귀국길을 도왔다. 신라에 돌아온 대사는 불법을 전파하는 중 자신이 원하는 절을 찾았다. 그런데 그곳은 이미 다 른 종파의 무리들이 있었다. 이때 선묘룡이 나타나 공중에서 커다란 바위로 변 신하여 절의 지붕 위에서 떨어질 듯 말 듯 하자 많은 무리들이 혼비백산하여 달아났다. 이러한 연유로 이 절을\n밑줄 그은 '이 승려'에 대한 설명으로 옳은 것은?\n황룡사 구층 목탑의 건립을 건의하였다.\n무애가를 지어 불교 대중화에 노력하였다.\n유식의 교의를 담은 해심밀경소를 저술하였다.\n승려들의 전기를 정리한 해동고승전을 편찬하였다.\n현세의 고난에서 구제받고자 하는 관음 신앙을 강조하였다.""}]",source-candidate:3885ef3b037b8adef604,AKS:ARTICLE:E0004972:sha256-704d8ea620c542f5,AKS,1,관음신앙,name,exact,1.0,COMPATIBLE,"[""관음신앙""]","[""觀音信仰""]",[],,,[],Concept,"{""headword"": ""관음신앙"", ""origin"": ""觀音信仰"", ""headword_origin"": ""관음신앙(觀音信仰)"", ""primary_type"": ""개념"", ""era"": ""미상"", ""definition"": ""관세음보살을 신앙 대상으로 삼는 불교신앙. 보살신앙.""}","[{""left_source_candidate_id"": ""source-candidate:2ea88f40ce0cf135a431"", ""right_source_candidate_id"": ""source-candidate:3885ef3b037b8adef604"", ""signals"": [], ""conflicts"": [""entity_type_conflict""], ""merge_eligible"": false}, {""left_source_candidate_id"": ""source-candidate:3885ef3b037b8adef604"", ""right_source_candidate_id"": ""source-candidate:7e1fe3d77d582a4456b4"", ""signals"": [""normalized_name_match"", ""hanja_match""], ""conflicts"": [], ""merge_eligible"": true}, {""left_source_candidate_id"": ""source-candidate:3885ef3b037b8adef604"", ""right_source_candidate_id"": ""source-candidate:ae4f0a399cfc35856508"", ""signals"": [], ""conflicts"": [""entity_type_conflict""], ""merge_eligible"": false}]",IDENTITY_MEMBER,ALT_047,관음신앙,Concept,,,,
35,gold-case:481b2aa22a2200324ee5,term-review-task:9d0195b471fddde1dc7e,resolution-case:68e63b9d9f537b4ecf89,관음 신앙,사상,"[{""problem_id"": ""cj_v41_0680"", ""full_text"": ""(가)는 화엄 사상의 요지를 정리한 화엄일승법계도를 저술하였다. 또한 부석사를 비롯한 여러 사원을 건립하였고 관음 신앙을 강조하였다. (나)는 왕명에 따라 민중을 교화하고 불법을 널리 펴기 위해 노력하였다. 또한 향가인 보현십원가 11수를 지어 화엄 사상을 대중에게 전파하였다. (다)는 문종의 아들로 태어나 출가하였다. 송으로 건너가 고승들과 불법을 토론하고 불교 서적을 수집하여 귀국하였으며, 국청사를 중심으로 천태종을 창시하였다. (라)는 법화 신앙을 바탕으로 강진 만덕사에서 백련 결사를 결성하였다.\n(가)~(라) 승려에 대한 설명으로 옳은 것은?\n(가) - 심성의 도야를 강조한 유불 일치설을 주장하였다.\n(나) - 정혜쌍수와 돈오점수를 수행 방법으로 제시하였다.\n(다) - 불교 경전에 대한 주석서를 모아 교장을 편찬하였다.\n(라) - 9산 선문 중 하나인 가지산문을 개창하였다.\n(가)~(라) - 승과에 합격하고 왕사에 임명되었다.""}, {""problem_id"": ""cj_v41_0952"", ""full_text"": ""보내는 엽서가 나와 있다. 라는 내 용이 나와 있다. 이어 이라는 내용이 나와 있다. 이를 통해 주어진 자료 속 밑줄 그은 는 해동 화엄의 시조로 불리 는 신라의 원교국사 의상(625- 을 가리킴을 알 수 있다. 의상이 경 북 영주에서 부석사*를 세운 것은 문무왕 16년인 676년의 일이다. *부석사 창건 설화: 당에 유학했던 대사가 공부를 마치고 귀국길에 오르자 그 를 사모했던 선묘라는 여인이 용으로 변하여 귀국길을 도왔다. 신라에 돌아온 대사는 불법을 전파하는 중 자신이 원하는 절을 찾았다. 그런데 그곳은 이미 다 른 종파의 무리들이 있었다. 이때 선묘룡이 나타나 공중에서 커다란 바위로 변 신하여 절의 지붕 위에서 떨어질 듯 말 듯 하자 많은 무리들이 혼비백산하여 달아났다. 이러한 연유로 이 절을\n밑줄 그은 '이 승려'에 대한 설명으로 옳은 것은?\n황룡사 구층 목탑의 건립을 건의하였다.\n무애가를 지어 불교 대중화에 노력하였다.\n유식의 교의를 담은 해심밀경소를 저술하였다.\n승려들의 전기를 정리한 해동고승전을 편찬하였다.\n현세의 고난에서 구제받고자 하는 관음 신앙을 강조하였다.""}]",source-candidate:7e1fe3d77d582a4456b4,THESAURUS:TERM:12592267:sha256-1022516a18f91e61,THESAURUS,2,관음신앙,name,exact,1.0,UNKNOWN,"[""관음신앙""]","[""觀音信仰""]",[],,,[],,"{""term_name"": ""관음신앙"", ""hanja"": ""觀音信仰"", ""era"": ""통시대"", ""thesaurus_category"": ""전통사상·종교>불교>불교사상·신앙"", ""description"": ""대승불교(大乘佛敎)에서 일어난 이타구세(利他救世)의 보살사상 중 대표적인 신앙으로, 관세음보살을 신봉하는 불교신앙의 형태."", ""term_year"": ""?-?""}","[{""left_source_candidate_id"": ""source-candidate:3885ef3b037b8adef604"", ""right_source_candidate_id"": ""source-candidate:7e1fe3d77d582a4456b4"", ""signals"": [""normalized_name_match"", ""hanja_match""], ""conflicts"": [], ""merge_eligible"": true}]",IDENTITY_MEMBER,ALT_047,관음신앙,Concept,,,,
35,gold-case:481b2aa22a2200324ee5,term-review-task:9d0195b471fddde1dc7e,resolution-case:68e63b9d9f537b4ecf89,관음 신앙,사상,"[{""problem_id"": ""cj_v41_0680"", ""full_text"": ""(가)는 화엄 사상의 요지를 정리한 화엄일승법계도를 저술하였다. 또한 부석사를 비롯한 여러 사원을 건립하였고 관음 신앙을 강조하였다. (나)는 왕명에 따라 민중을 교화하고 불법을 널리 펴기 위해 노력하였다. 또한 향가인 보현십원가 11수를 지어 화엄 사상을 대중에게 전파하였다. (다)는 문종의 아들로 태어나 출가하였다. 송으로 건너가 고승들과 불법을 토론하고 불교 서적을 수집하여 귀국하였으며, 국청사를 중심으로 천태종을 창시하였다. (라)는 법화 신앙을 바탕으로 강진 만덕사에서 백련 결사를 결성하였다.\n(가)~(라) 승려에 대한 설명으로 옳은 것은?\n(가) - 심성의 도야를 강조한 유불 일치설을 주장하였다.\n(나) - 정혜쌍수와 돈오점수를 수행 방법으로 제시하였다.\n(다) - 불교 경전에 대한 주석서를 모아 교장을 편찬하였다.\n(라) - 9산 선문 중 하나인 가지산문을 개창하였다.\n(가)~(라) - 승과에 합격하고 왕사에 임명되었다.""}, {""problem_id"": ""cj_v41_0952"", ""full_text"": ""보내는 엽서가 나와 있다. 라는 내 용이 나와 있다. 이어 이라는 내용이 나와 있다. 이를 통해 주어진 자료 속 밑줄 그은 는 해동 화엄의 시조로 불리 는 신라의 원교국사 의상(625- 을 가리킴을 알 수 있다. 의상이 경 북 영주에서 부석사*를 세운 것은 문무왕 16년인 676년의 일이다. *부석사 창건 설화: 당에 유학했던 대사가 공부를 마치고 귀국길에 오르자 그 를 사모했던 선묘라는 여인이 용으로 변하여 귀국길을 도왔다. 신라에 돌아온 대사는 불법을 전파하는 중 자신이 원하는 절을 찾았다. 그런데 그곳은 이미 다 른 종파의 무리들이 있었다. 이때 선묘룡이 나타나 공중에서 커다란 바위로 변 신하여 절의 지붕 위에서 떨어질 듯 말 듯 하자 많은 무리들이 혼비백산하여 달아났다. 이러한 연유로 이 절을\n밑줄 그은 '이 승려'에 대한 설명으로 옳은 것은?\n황룡사 구층 목탑의 건립을 건의하였다.\n무애가를 지어 불교 대중화에 노력하였다.\n유식의 교의를 담은 해심밀경소를 저술하였다.\n승려들의 전기를 정리한 해동고승전을 편찬하였다.\n현세의 고난에서 구제받고자 하는 관음 신앙을 강조하였다.""}]",source-candidate:ae4f0a399cfc35856508,THESAURUS:TERM:25287:sha256-1022516a18f91e61,THESAURUS,3,관음경,description,description_containment,0.741429,UNKNOWN,"[""관음경""]","[""觀音經""]","[""남북국시대""]",,,[],Work,"{""term_name"": ""관음경"", ""hanja"": ""觀音經"", ""era"": ""남북국시대"", ""thesaurus_category"": ""서명"", ""description"": ""≪법화경(法華經)≫의 일부분으로 관음신앙(觀音信仰)의 근거가 되는 경전."", ""term_year"": ""?""}","[{""left_source_candidate_id"": ""source-candidate:2ea88f40ce0cf135a431"", ""right_source_candidate_id"": ""source-candidate:ae4f0a399cfc35856508"", ""signals"": [], ""conflicts"": [""entity_type_conflict""], ""merge_eligible"": false}, {""left_source_candidate_id"": ""source-candidate:3885ef3b037b8adef604"", ""right_source_candidate_id"": ""source-candidate:ae4f0a399cfc35856508"", ""signals"": [], ""conflicts"": [""entity_type_conflict""], ""merge_eligible"": false}]",EVIDENCE_ONLY,,,,REL_048,관음경,Concept,
35,gold-case:481b2aa22a2200324ee5,term-review-task:9d0195b471fddde1dc7e,resolution-case:68e63b9d9f537b4ecf89,관음 신앙,사상,"[{""problem_id"": ""cj_v41_0680"", ""full_text"": ""(가)는 화엄 사상의 요지를 정리한 화엄일승법계도를 저술하였다. 또한 부석사를 비롯한 여러 사원을 건립하였고 관음 신앙을 강조하였다. (나)는 왕명에 따라 민중을 교화하고 불법을 널리 펴기 위해 노력하였다. 또한 향가인 보현십원가 11수를 지어 화엄 사상을 대중에게 전파하였다. (다)는 문종의 아들로 태어나 출가하였다. 송으로 건너가 고승들과 불법을 토론하고 불교 서적을 수집하여 귀국하였으며, 국청사를 중심으로 천태종을 창시하였다. (라)는 법화 신앙을 바탕으로 강진 만덕사에서 백련 결사를 결성하였다.\n(가)~(라) 승려에 대한 설명으로 옳은 것은?\n(가) - 심성의 도야를 강조한 유불 일치설을 주장하였다.\n(나) - 정혜쌍수와 돈오점수를 수행 방법으로 제시하였다.\n(다) - 불교 경전에 대한 주석서를 모아 교장을 편찬하였다.\n(라) - 9산 선문 중 하나인 가지산문을 개창하였다.\n(가)~(라) - 승과에 합격하고 왕사에 임명되었다.""}, {""problem_id"": ""cj_v41_0952"", ""full_text"": ""보내는 엽서가 나와 있다. 라는 내 용이 나와 있다. 이어 이라는 내용이 나와 있다. 이를 통해 주어진 자료 속 밑줄 그은 는 해동 화엄의 시조로 불리 는 신라의 원교국사 의상(625- 을 가리킴을 알 수 있다. 의상이 경 북 영주에서 부석사*를 세운 것은 문무왕 16년인 676년의 일이다. *부석사 창건 설화: 당에 유학했던 대사가 공부를 마치고 귀국길에 오르자 그 를 사모했던 선묘라는 여인이 용으로 변하여 귀국길을 도왔다. 신라에 돌아온 대사는 불법을 전파하는 중 자신이 원하는 절을 찾았다. 그런데 그곳은 이미 다 른 종파의 무리들이 있었다. 이때 선묘룡이 나타나 공중에서 커다란 바위로 변 신하여 절의 지붕 위에서 떨어질 듯 말 듯 하자 많은 무리들이 혼비백산하여 달아났다. 이러한 연유로 이 절을\n밑줄 그은 '이 승려'에 대한 설명으로 옳은 것은?\n황룡사 구층 목탑의 건립을 건의하였다.\n무애가를 지어 불교 대중화에 노력하였다.\n유식의 교의를 담은 해심밀경소를 저술하였다.\n승려들의 전기를 정리한 해동고승전을 편찬하였다.\n현세의 고난에서 구제받고자 하는 관음 신앙을 강조하였다.""}]",source-candidate:2ea88f40ce0cf135a431,THESAURUS:TERM:16798024:sha256-1022516a18f91e61,THESAURUS,4,,description,description_containment,0.47,UNKNOWN,"[""지혜""]","[""智惠""]","[""삼국시대""]",,,[],Person,"{""term_name"": ""지혜"", ""hanja"": ""智惠"", ""era"": ""삼국시대"", ""thesaurus_category"": ""인명"", ""description"": ""신라시대 안흥사의 비구니스님. 관음신앙이 돈독함."", ""term_year"": ""?""}","[{""left_source_candidate_id"": ""source-candidate:2ea88f40ce0cf135a431"", ""right_source_candidate_id"": ""source-candidate:3885ef3b037b8adef604"", ""signals"": [], ""conflicts"": [""entity_type_conflict""], ""merge_eligible"": false}, {""left_source_candidate_id"": ""source-candidate:2ea88f40ce0cf135a431"", ""right_source_candidate_id"": ""source-candidate:ae4f0a399cfc35856508"", ""signals"": [], ""conflicts"": [""entity_type_conflict""], ""merge_eligible"": false}]",EVIDENCE_ONLY,,,,REL_049,지혜,Person,
36,gold-case:aeb1393b840ed646be23,term-review-task:b3c630a99ef938ca6b5f,resolution-case:dfc130c5e3f7462c4b97,사택적덕,인물,"[{""problem_id"": ""cj_v41_img_62_05"", ""full_text"": ""금제 사리봉영기가 남긴 고대사의 수수께끼 2009년 이 탑의 해체 수리 중에 사리장엄구와 금제 사리봉영기가 발견되었다. 사리봉영기에는 '우리 백제 왕후께서는 좌평 사택적덕의 따님으로 …… 가람을 세우시고 기해년 정월 29일에 사리를 받들어 맞이하셨다.'라는 명문이 있어 큰 주목을 받았다. 이 탑을 세운 주체가 삼국유사에 나오는 선화 공주가 아니라 백제 귀족의 딸로 밝혀져 서동 왕자와 선화 공주 설화의 진위 여부에 대한 논란이 일어나기도 하였다.\n이 탑으로 옳은 것은?\n분황사 모전석탑\n경천사지 십층석탑\n미륵사지석탑\n영광탑\n감은사지 삼층석탑""}, {""problem_id"": ""cj_v41_0904"", ""full_text"": ""이 사진은 익산 미륵사지 서탑 출토 사리 장엄구의 발견 당시 모습이다. 삼국유사에는 (가)이/가 왕후인 신라 선화 공주의 발원으로 미륵사를 창건했다고 되어 있지만, 급제 사리봉영기에는 왕후가 백제 귀족 사택적덕의 딸로 기록되어 있다. 이로 인해 미륵사 창건 배경과 의자왕의 친모가 누구인지에 대한 논란이 벌어지기도 하였다.\n(가) 왕의 재위 시기 삼국의 상황으로 옳은 것은?\n고구려 – 을지문덕이 살수에서 수의 대군을 격파하였다.\n백제 – 고흥이 서기를 편찬하였다.\n백제 – 계백이 황산벌에서 군대를 이끌고 결사 항전하였다.\n신라 – 이사부가 우산국을 정복하였다.\n신라 – 사찬 시득이 기벌포에서 당군에 승리하였다.""}]",source-candidate:d04a29072dcdc8aa85b8,AKS:ARTICLE:E0071888:sha256-704d8ea620c542f5,AKS,1,사택적덕,name,exact,1.0,COMPATIBLE,"[""사택적덕""]","[""沙宅積德""]","[""고대"", ""삼국"", ""백제""]",,,[],Person,"{""headword"": ""사택적덕"", ""origin"": ""沙宅積德"", ""headword_origin"": ""사택적덕(沙宅積德)"", ""primary_type"": ""인물/전통 인물"", ""era"": ""고대/삼국/백제"", ""definition"": ""삼국시대 백제의 좌평으로 미륵사 창건을 후원한 관리. 대신.""}","[{""left_source_candidate_id"": ""source-candidate:30c6bb037a85b500f9f5"", ""right_source_candidate_id"": ""source-candidate:d04a29072dcdc8aa85b8"", ""signals"": [], ""conflicts"": [""entity_type_conflict""], ""merge_eligible"": false}]",IDENTITY_MEMBER,ALT_050,사택적덕,Person,,,,
36,gold-case:aeb1393b840ed646be23,term-review-task:b3c630a99ef938ca6b5f,resolution-case:dfc130c5e3f7462c4b97,사택적덕,인물,"[{""problem_id"": ""cj_v41_img_62_05"", ""full_text"": ""금제 사리봉영기가 남긴 고대사의 수수께끼 2009년 이 탑의 해체 수리 중에 사리장엄구와 금제 사리봉영기가 발견되었다. 사리봉영기에는 '우리 백제 왕후께서는 좌평 사택적덕의 따님으로 …… 가람을 세우시고 기해년 정월 29일에 사리를 받들어 맞이하셨다.'라는 명문이 있어 큰 주목을 받았다. 이 탑을 세운 주체가 삼국유사에 나오는 선화 공주가 아니라 백제 귀족의 딸로 밝혀져 서동 왕자와 선화 공주 설화의 진위 여부에 대한 논란이 일어나기도 하였다.\n이 탑으로 옳은 것은?\n분황사 모전석탑\n경천사지 십층석탑\n미륵사지석탑\n영광탑\n감은사지 삼층석탑""}, {""problem_id"": ""cj_v41_0904"", ""full_text"": ""이 사진은 익산 미륵사지 서탑 출토 사리 장엄구의 발견 당시 모습이다. 삼국유사에는 (가)이/가 왕후인 신라 선화 공주의 발원으로 미륵사를 창건했다고 되어 있지만, 급제 사리봉영기에는 왕후가 백제 귀족 사택적덕의 딸로 기록되어 있다. 이로 인해 미륵사 창건 배경과 의자왕의 친모가 누구인지에 대한 논란이 벌어지기도 하였다.\n(가) 왕의 재위 시기 삼국의 상황으로 옳은 것은?\n고구려 – 을지문덕이 살수에서 수의 대군을 격파하였다.\n백제 – 고흥이 서기를 편찬하였다.\n백제 – 계백이 황산벌에서 군대를 이끌고 결사 항전하였다.\n신라 – 이사부가 우산국을 정복하였다.\n신라 – 사찬 시득이 기벌포에서 당군에 승리하였다.""}]",source-candidate:f974aaab0ec923f0dc22,THESAURUS:TERM:12594557:sha256-1022516a18f91e61,THESAURUS,2,사택지적,name,name_ngram,0.394167,UNKNOWN,"[""사택지적""]","[""砂宅智積""]","[""삼국시대""]",,,[],Person,"{""term_name"": ""사택지적"", ""hanja"": ""砂宅智積"", ""era"": ""삼국시대"", ""thesaurus_category"": ""인명"", ""description"": ""삼국시대 백제의 대신. 대성8족 중 하나인 사씨(沙氏) 출신으로 나지성(奈祗城)을 세력기반으로 대좌평(大佐平)까지 오름. 사택지적비를 만듬."", ""term_year"": ""?""}","[{""left_source_candidate_id"": ""source-candidate:30c6bb037a85b500f9f5"", ""right_source_candidate_id"": ""source-candidate:f974aaab0ec923f0dc22"", ""signals"": [""era_overlap""], ""conflicts"": [""entity_type_conflict""], ""merge_eligible"": false}]",IDENTITY_MEMBER,ALT_050,사택적덕,Person,,,,
36,gold-case:aeb1393b840ed646be23,term-review-task:b3c630a99ef938ca6b5f,resolution-case:dfc130c5e3f7462c4b97,사택적덕,인물,"[{""problem_id"": ""cj_v41_img_62_05"", ""full_text"": ""금제 사리봉영기가 남긴 고대사의 수수께끼 2009년 이 탑의 해체 수리 중에 사리장엄구와 금제 사리봉영기가 발견되었다. 사리봉영기에는 '우리 백제 왕후께서는 좌평 사택적덕의 따님으로 …… 가람을 세우시고 기해년 정월 29일에 사리를 받들어 맞이하셨다.'라는 명문이 있어 큰 주목을 받았다. 이 탑을 세운 주체가 삼국유사에 나오는 선화 공주가 아니라 백제 귀족의 딸로 밝혀져 서동 왕자와 선화 공주 설화의 진위 여부에 대한 논란이 일어나기도 하였다.\n이 탑으로 옳은 것은?\n분황사 모전석탑\n경천사지 십층석탑\n미륵사지석탑\n영광탑\n감은사지 삼층석탑""}, {""problem_id"": ""cj_v41_0904"", ""full_text"": ""이 사진은 익산 미륵사지 서탑 출토 사리 장엄구의 발견 당시 모습이다. 삼국유사에는 (가)이/가 왕후인 신라 선화 공주의 발원으로 미륵사를 창건했다고 되어 있지만, 급제 사리봉영기에는 왕후가 백제 귀족 사택적덕의 딸로 기록되어 있다. 이로 인해 미륵사 창건 배경과 의자왕의 친모가 누구인지에 대한 논란이 벌어지기도 하였다.\n(가) 왕의 재위 시기 삼국의 상황으로 옳은 것은?\n고구려 – 을지문덕이 살수에서 수의 대군을 격파하였다.\n백제 – 고흥이 서기를 편찬하였다.\n백제 – 계백이 황산벌에서 군대를 이끌고 결사 항전하였다.\n신라 – 이사부가 우산국을 정복하였다.\n신라 – 사찬 시득이 기벌포에서 당군에 승리하였다.""}]",source-candidate:30c6bb037a85b500f9f5,THESAURUS:TERM:4979:sha256-1022516a18f91e61,THESAURUS,3,사택지적비,name,name_ngram,0.363333,UNKNOWN,"[""사택지적비""]","[""砂宅智積碑""]","[""삼국시대""]",,,[],Heritage,"{""term_name"": ""사택지적비"", ""hanja"": ""砂宅智積碑"", ""era"": ""삼국시대"", ""thesaurus_category"": ""문화재"", ""description"": ""백제 의자왕 때 사택지적(砂宅智積)이 남긴 비로 백제시대의 유일한 석비. 국립부여박물관 소장."", ""term_year"": ""?""}","[{""left_source_candidate_id"": ""source-candidate:30c6bb037a85b500f9f5"", ""right_source_candidate_id"": ""source-candidate:d04a29072dcdc8aa85b8"", ""signals"": [], ""conflicts"": [""entity_type_conflict""], ""merge_eligible"": false}, {""left_source_candidate_id"": ""source-candidate:30c6bb037a85b500f9f5"", ""right_source_candidate_id"": ""source-candidate:f974aaab0ec923f0dc22"", ""signals"": [""era_overlap""], ""conflicts"": [""entity_type_conflict""], ""merge_eligible"": false}]",EVIDENCE_ONLY,,,,REL_051,사택지적비,Heritage,
37,gold-case:d854dfb994c48c80dcc8,term-review-task:91318deac57be38751a4,resolution-case:c639fd97ad052bdc8272,에네켄 농장,유적,"[{""problem_id"": ""cj_v41_0321"", ""full_text"": ""이 사진은 1905년 (가) 의 유카탄반도로 계약 노동 이민자들을 수송했던 일포드호이다. 주택 무료 임대, 높은 임금 등을 내건 모집 광고를 믿고 이 화물선을 탄 천여 명의 한국인들은 한 달 넘게 걸려 에네켄 농장에 도착했다. 이들은 광고와 달리 사실상 노예와 다를 없는 생활을 하였다\n(가) 지역에서 있었던 민족 운동으로 옳은 것은?\n권업회의 기관지로 권업신문이 발간되었다.\n독립군 양성을 위한 숭무 학교가 설립되었다.\n북로 군정서가 조직되어 무장 투쟁을 실시하였다.\n주권 재민을 천명한 대동 단결 선언서가 작성되었다.\n유학생들이 중심이 되어 2⋅8독립 선언서를 발표하였다.""}, {""problem_id"": ""cj_v41_1375"", ""full_text"": ""사진은 (가) (으)로 이주한 한인 노동자들의 모습이다. 이민자들은 1905년 (가) 의 유카탄 반도에 도착한 뒤 에네켄 농장 20여 곳에 분산 배치되어 고된 노동에 시달렸습니다. 이들은 어려운 환경 속에서도 독립운동 자금을 모금하는 등 국권 회복을 위한 노력에 동참하였다. 재외 동포 이민사 생생방방송송 중중\n(가) 지역에서 있었던 민족 운동으로 옳은 것은?\n한인 자치 기구인 경학사를 조직하였다.\n권업회를 조직하고 권업신문을 발간하였다.\n중광단을 결성하여 항일 투쟁을 전개하였다.\n숭무 학교를 설립하여 독립군을 양성하였다.\n유학생들이 중심이 되어 2·8 독립 선언서를 발표하였다.""}]",source-candidate:a75f954570f25e96e34a,AKS:ARTICLE:E0072336:sha256-704d8ea620c542f5,AKS,1,에네켄 농장,name,exact,1.0,COMPATIBLE,"[""대농장"", ""에네켄농장"", ""플랜테이션""]","[""農場""]","[""근대"", ""대한제국기""]",,,[],Place,"{""headword"": ""에네켄 농장"", ""aliases"": [""대농장"", ""플랜테이션""], ""origin"": ""Henequén 農場"", ""headword_origin"": ""에네켄 농장(Henequén 農場)"", ""primary_type"": ""지명/시설"", ""era"": ""근대/대한제국기"", ""definition"": ""멕시코 유카탄(Yucatán) 일대에 있는 해외한인 관련 농장. 노동시설.""}",[],IDENTITY_MEMBER,ALT_052,에네켄 농장,Place,,,,
37,gold-case:d854dfb994c48c80dcc8,term-review-task:91318deac57be38751a4,resolution-case:c639fd97ad052bdc8272,에네켄 농장,유적,"[{""problem_id"": ""cj_v41_0321"", ""full_text"": ""이 사진은 1905년 (가) 의 유카탄반도로 계약 노동 이민자들을 수송했던 일포드호이다. 주택 무료 임대, 높은 임금 등을 내건 모집 광고를 믿고 이 화물선을 탄 천여 명의 한국인들은 한 달 넘게 걸려 에네켄 농장에 도착했다. 이들은 광고와 달리 사실상 노예와 다를 없는 생활을 하였다\n(가) 지역에서 있었던 민족 운동으로 옳은 것은?\n권업회의 기관지로 권업신문이 발간되었다.\n독립군 양성을 위한 숭무 학교가 설립되었다.\n북로 군정서가 조직되어 무장 투쟁을 실시하였다.\n주권 재민을 천명한 대동 단결 선언서가 작성되었다.\n유학생들이 중심이 되어 2⋅8독립 선언서를 발표하였다.""}, {""problem_id"": ""cj_v41_1375"", ""full_text"": ""사진은 (가) (으)로 이주한 한인 노동자들의 모습이다. 이민자들은 1905년 (가) 의 유카탄 반도에 도착한 뒤 에네켄 농장 20여 곳에 분산 배치되어 고된 노동에 시달렸습니다. 이들은 어려운 환경 속에서도 독립운동 자금을 모금하는 등 국권 회복을 위한 노력에 동참하였다. 재외 동포 이민사 생생방방송송 중중\n(가) 지역에서 있었던 민족 운동으로 옳은 것은?\n한인 자치 기구인 경학사를 조직하였다.\n권업회를 조직하고 권업신문을 발간하였다.\n중광단을 결성하여 항일 투쟁을 전개하였다.\n숭무 학교를 설립하여 독립군을 양성하였다.\n유학생들이 중심이 되어 2·8 독립 선언서를 발표하였다.""}]",source-candidate:23d9e83248243d1495b4,THESAURUS:TERM:16799899:sha256-1022516a18f91e61,THESAURUS,2,농장,name,name_ngram,0.298929,UNKNOWN,"[""농장""]","[""農場""]",[],,,[],,"{""term_name"": ""농장"", ""hanja"": ""農場"", ""era"": ""통시대"", ""thesaurus_category"": ""경제·산업>농업>농업기구단체"", ""description"": ""농장."", ""term_year"": ""?-?""}",[],,,,,,,,카테고리 노드...
38,gold-case:de91303c42ef7b79608e,term-review-task:38e642887b60b064ac68,resolution-case:c727717ae4190d1f1406,우즈베키스탄,국가,"[{""problem_id"": ""cj_v41_1178"", ""full_text"": ""이 문서는 일제에 협력하는 것을 방지한다는 명분으로 (가) 의 한인들을 중앙아시아로 강제 이주 시키라는 명령서이다. 1937년에 소련 공산당 서기장 스탈린이 승인한 이 명령의 시행으로 블라디보스토크를 포함한 (가) 의 한인 10만 명 이상이 우즈베키스탄, 카자흐스탄 등지로 강제 이주당하였다.\n(가) 지역에서 일어난 민족 운동에 대한 설명으로 옳은 것은?\n권업회를 조직하고 신문을 발행하였다.\n한인 자치 기구인 경학사를 설립하였다.\n유학생을 중심으로 2·8 독립 선언서를 발표하였다.\n독립군 양성을 위해 대조선 국민 군단을 결성하였다.\n서전서숙과 명동 학교를 설립하여 민족 교육을 실시하였다.""}]",source-candidate:48d8c84e8d558c1f3471,AKS:ARTICLE:E0040126:sha256-704d8ea620c542f5,AKS,1,우즈베키스탄,name,exact,1.0,COMPATIBLE,"[""republicofuzbekistan"", ""우즈베키스탄"", ""우즈베키스탄공화국""]",[],"[""현대""]",,,[],Place,"{""headword"": ""우즈베키스탄"", ""aliases"": [""우즈베키스탄공화국"", ""Republic of Uzbekistan""], ""origin"": ""Uzbekistan"", ""headword_origin"": ""우즈베키스탄(Uzbekistan)"", ""primary_type"": ""지명/국가"", ""era"": ""현대"", ""definition"": ""아시아 중앙부에 있는 공화국.""}","[{""left_source_candidate_id"": ""source-candidate:48d8c84e8d558c1f3471"", ""right_source_candidate_id"": ""source-candidate:52b59d2b4bd239518cd8"", ""signals"": [""era_overlap""], ""conflicts"": [""entity_type_conflict""], ""merge_eligible"": false}]",IDENTITY_MEMBER,ALT_053,우즈베키스탄,Polity,,,,
38,gold-case:de91303c42ef7b79608e,term-review-task:38e642887b60b064ac68,resolution-case:c727717ae4190d1f1406,우즈베키스탄,국가,"[{""problem_id"": ""cj_v41_1178"", ""full_text"": ""이 문서는 일제에 협력하는 것을 방지한다는 명분으로 (가) 의 한인들을 중앙아시아로 강제 이주 시키라는 명령서이다. 1937년에 소련 공산당 서기장 스탈린이 승인한 이 명령의 시행으로 블라디보스토크를 포함한 (가) 의 한인 10만 명 이상이 우즈베키스탄, 카자흐스탄 등지로 강제 이주당하였다.\n(가) 지역에서 일어난 민족 운동에 대한 설명으로 옳은 것은?\n권업회를 조직하고 신문을 발행하였다.\n한인 자치 기구인 경학사를 설립하였다.\n유학생을 중심으로 2·8 독립 선언서를 발표하였다.\n독립군 양성을 위해 대조선 국민 군단을 결성하였다.\n서전서숙과 명동 학교를 설립하여 민족 교육을 실시하였다.""}]",source-candidate:878196a97bd1257236d4,THESAURUS:TERM:12596188:sha256-1022516a18f91e61,THESAURUS,2,,description,description_containment,0.47,UNKNOWN,"[""강국""]","[""康國""]","[""삼국시대-고려시대""]",,,[],,"{""term_name"": ""강국"", ""hanja"": ""康國"", ""era"": ""삼국시대-고려시대"", ""thesaurus_category"": ""역사일반>국가"", ""description"": ""중국 남북조시대부터 1220년까지 중앙아시아에 존속한 국가. 지금의 우즈베키스탄 사마르칸트주에 위치한 중앙아시아의 최고(最古) 도시로 비단길의 중계무역지로 번창함."", ""term_year"": ""?-1220""}",[],EVIDENCE_ONLY,,,,REL_054,강국,Polity,
38,gold-case:de91303c42ef7b79608e,term-review-task:38e642887b60b064ac68,resolution-case:c727717ae4190d1f1406,우즈베키스탄,국가,"[{""problem_id"": ""cj_v41_1178"", ""full_text"": ""이 문서는 일제에 협력하는 것을 방지한다는 명분으로 (가) 의 한인들을 중앙아시아로 강제 이주 시키라는 명령서이다. 1937년에 소련 공산당 서기장 스탈린이 승인한 이 명령의 시행으로 블라디보스토크를 포함한 (가) 의 한인 10만 명 이상이 우즈베키스탄, 카자흐스탄 등지로 강제 이주당하였다.\n(가) 지역에서 일어난 민족 운동에 대한 설명으로 옳은 것은?\n권업회를 조직하고 신문을 발행하였다.\n한인 자치 기구인 경학사를 설립하였다.\n유학생을 중심으로 2·8 독립 선언서를 발표하였다.\n독립군 양성을 위해 대조선 국민 군단을 결성하였다.\n서전서숙과 명동 학교를 설립하여 민족 교육을 실시하였다.""}]",source-candidate:52b59d2b4bd239518cd8,AKS:ARTICLE:E0072286:sha256-704d8ea620c542f5,AKS,3,우즈베키스탄 고려인문화협회,name,bidirectional_containment,0.473329,CONFLICT,"[""고려문화협회"", ""우즈베키스탄고려인문화협회""]","[""高麗人文化協會""]","[""현대""]",,,[],Organization,"{""headword"": ""우즈베키스탄 고려인문화협회"", ""aliases"": [""고려문화협회""], ""origin"": ""Uzbekistan 高麗人文化協會"", ""headword_origin"": ""우즈베키스탄 고려인문화협회(Uzbekistan 高麗人文化協會)"", ""primary_type"": ""단체"", ""era"": ""현대"", ""definition"": ""1991년 11월에 설립된 우즈베키스탄의 고려인 단체.""}","[{""left_source_candidate_id"": ""source-candidate:48d8c84e8d558c1f3471"", ""right_source_candidate_id"": ""source-candidate:52b59d2b4bd239518cd8"", ""signals"": [""era_overlap""], ""conflicts"": [""entity_type_conflict""], ""merge_eligible"": false}]",EVIDENCE_ONLY,,,,REL_055,우즈베키스탄 고려인문화협회,Organization,
39,gold-case:113eca22dd33390cbbef,term-review-task:32d38fa46a8d7eb435a0,resolution-case:0e959c8ebbe5091525f2,용원,인물,"[{""problem_id"": ""cj_v41_0480"", ""full_text"": ""0 완산주를 다시 설치하고 용원을 총관으로 삼았다. 거열주를 나누어 청주(菁州)를 두니 처음으로 9주가 되었다. 대아찬 복서를 총관으로 삼았다. 0 서원소경을 설치하고 아산 원대를 사신(仕臣)으로 삼았다. 남원소경을 설치하고 여러 주와 군의 주민들을 옮겨 그곳에 나누어 살게 하였다.\n다음 정책을 실시한 왕의 재위 시기에 있었던 사실로 옳은 것은?\n금관가야가 멸망하였다.\n이사부가 우산국을 복속하였다.\n조세를 관장하는 품주가 설치되었다.\n관료전이 지급되고 녹읍이 폐지되었다.\n인재 등용을 위한 독서삼품과가 실시되었다.""}, {""problem_id"": ""cj_v41_0846"", ""full_text"": ""(가) 완산주를 다시 설치하고 용원을 총관으로 삼았다. 거열주를 빼서 청주(菁 州)를 두니 처음으로 9주가 되었다. 대아찬 복서를 총관으로 심았다. (나)현종견에 절도사를 폐지하고, 5도호와 75도 안무사를 두었으나, 얼마 후 안무시를 폐지하고, 4도호와 8목을 두었다. 그 이후로 5도-양계를 정하니, 양광 경상-전라-교주 서해 동계 북계가그것이다. (다각 도 각 고을의 이름을 고쳤다. --- 드디어 완산을 다시 '전주라고 칭하고, 계림을 다시 경주라고 칭하고, 서북면을 평안도토 하고, 동북면을 영길도'로 하였으니, 평양- 안주 영흥 길주가 계수관이기 때문이다. (라) 전국을 23부의 행정 구역으로 나누어 아래에 열거하는 각 부를 목사, 부사, 군수, 서윤, 판관, 현령, 현감의 관명을 다 없에고 읍의 명칭을 군이라고 하며 읍 장관의 관명을 군수라고 한다. 〈보기〉 그. (가) - 신문왕 재위 시기에 정비되었다. (나)- 지방 장관으로욕살 처려근지 등이 있었다. 다 (다) - 도에는 관찰사가 임명되어 수령을 감독하였다. ㄹ. (라) - 광무 개혁의 일환으로 실시되었다.\n(가)~(라) 지방 통치 체제에 대한 설명으로 옳은 것을 ＜보기＞에서 고른 것은?\nㄱ, ㄴ\nㄱ, ㄷ\nㄴ, ㄷ\nㄴ, ㄹ\nㄷ, ㄹ""}]",source-candidate:e0db56180f73a550c535,AKS:ARTICLE:E0039628:sha256-704d8ea620c542f5,AKS,1,용원,name,exact,1.0,COMPATIBLE,"[""용원""]","[""龍元""]","[""고대"", ""삼국"", ""신라""]",,,[],Person,"{""headword"": ""용원"", ""origin"": ""龍元"", ""headword_origin"": ""용원(龍元)"", ""primary_type"": ""인물/전통 인물"", ""era"": ""고대/삼국/신라"", ""definition"": ""삼국시대 신라의 완산주 총관을 역임한 지방관.""}",[],IDENTITY_MEMBER,ALT_056,용원,Person,,,,
39,gold-case:113eca22dd33390cbbef,term-review-task:32d38fa46a8d7eb435a0,resolution-case:0e959c8ebbe5091525f2,용원,인물,"[{""problem_id"": ""cj_v41_0480"", ""full_text"": ""0 완산주를 다시 설치하고 용원을 총관으로 삼았다. 거열주를 나누어 청주(菁州)를 두니 처음으로 9주가 되었다. 대아찬 복서를 총관으로 삼았다. 0 서원소경을 설치하고 아산 원대를 사신(仕臣)으로 삼았다. 남원소경을 설치하고 여러 주와 군의 주민들을 옮겨 그곳에 나누어 살게 하였다.\n다음 정책을 실시한 왕의 재위 시기에 있었던 사실로 옳은 것은?\n금관가야가 멸망하였다.\n이사부가 우산국을 복속하였다.\n조세를 관장하는 품주가 설치되었다.\n관료전이 지급되고 녹읍이 폐지되었다.\n인재 등용을 위한 독서삼품과가 실시되었다.""}, {""problem_id"": ""cj_v41_0846"", ""full_text"": ""(가) 완산주를 다시 설치하고 용원을 총관으로 삼았다. 거열주를 빼서 청주(菁 州)를 두니 처음으로 9주가 되었다. 대아찬 복서를 총관으로 심았다. (나)현종견에 절도사를 폐지하고, 5도호와 75도 안무사를 두었으나, 얼마 후 안무시를 폐지하고, 4도호와 8목을 두었다. 그 이후로 5도-양계를 정하니, 양광 경상-전라-교주 서해 동계 북계가그것이다. (다각 도 각 고을의 이름을 고쳤다. --- 드디어 완산을 다시 '전주라고 칭하고, 계림을 다시 경주라고 칭하고, 서북면을 평안도토 하고, 동북면을 영길도'로 하였으니, 평양- 안주 영흥 길주가 계수관이기 때문이다. (라) 전국을 23부의 행정 구역으로 나누어 아래에 열거하는 각 부를 목사, 부사, 군수, 서윤, 판관, 현령, 현감의 관명을 다 없에고 읍의 명칭을 군이라고 하며 읍 장관의 관명을 군수라고 한다. 〈보기〉 그. (가) - 신문왕 재위 시기에 정비되었다. (나)- 지방 장관으로욕살 처려근지 등이 있었다. 다 (다) - 도에는 관찰사가 임명되어 수령을 감독하였다. ㄹ. (라) - 광무 개혁의 일환으로 실시되었다.\n(가)~(라) 지방 통치 체제에 대한 설명으로 옳은 것을 ＜보기＞에서 고른 것은?\nㄱ, ㄴ\nㄱ, ㄷ\nㄴ, ㄷ\nㄴ, ㄹ\nㄷ, ㄹ""}]",source-candidate:5f32287b3ce164babc49,THESAURUS:TERM:12609342:sha256-1022516a18f91e61,THESAURUS,2,진해용원동유적,description,bidirectional_containment,0.837302,UNKNOWN,"[""진해용원동유적""]","[""鎭海龍院洞遺蹟""]","[""초기철기시대""]",,,[],,"{""term_name"": ""진해용원동유적"", ""hanja"": ""鎭海龍院洞遺蹟"", ""era"": ""초기철기시대"", ""thesaurus_category"": ""사회·생활>일상생활>주생활"", ""description"": ""삼한시대의 패총과 주거지 유적으로 경상남도 진해시 용원동에 있음."", ""term_year"": ""?-?""}",[],REJECTED,,,,,,,
39,gold-case:113eca22dd33390cbbef,term-review-task:32d38fa46a8d7eb435a0,resolution-case:0e959c8ebbe5091525f2,용원,인물,"[{""problem_id"": ""cj_v41_0480"", ""full_text"": ""0 완산주를 다시 설치하고 용원을 총관으로 삼았다. 거열주를 나누어 청주(菁州)를 두니 처음으로 9주가 되었다. 대아찬 복서를 총관으로 삼았다. 0 서원소경을 설치하고 아산 원대를 사신(仕臣)으로 삼았다. 남원소경을 설치하고 여러 주와 군의 주민들을 옮겨 그곳에 나누어 살게 하였다.\n다음 정책을 실시한 왕의 재위 시기에 있었던 사실로 옳은 것은?\n금관가야가 멸망하였다.\n이사부가 우산국을 복속하였다.\n조세를 관장하는 품주가 설치되었다.\n관료전이 지급되고 녹읍이 폐지되었다.\n인재 등용을 위한 독서삼품과가 실시되었다.""}, {""problem_id"": ""cj_v41_0846"", ""full_text"": ""(가) 완산주를 다시 설치하고 용원을 총관으로 삼았다. 거열주를 빼서 청주(菁 州)를 두니 처음으로 9주가 되었다. 대아찬 복서를 총관으로 심았다. (나)현종견에 절도사를 폐지하고, 5도호와 75도 안무사를 두었으나, 얼마 후 안무시를 폐지하고, 4도호와 8목을 두었다. 그 이후로 5도-양계를 정하니, 양광 경상-전라-교주 서해 동계 북계가그것이다. (다각 도 각 고을의 이름을 고쳤다. --- 드디어 완산을 다시 '전주라고 칭하고, 계림을 다시 경주라고 칭하고, 서북면을 평안도토 하고, 동북면을 영길도'로 하였으니, 평양- 안주 영흥 길주가 계수관이기 때문이다. (라) 전국을 23부의 행정 구역으로 나누어 아래에 열거하는 각 부를 목사, 부사, 군수, 서윤, 판관, 현령, 현감의 관명을 다 없에고 읍의 명칭을 군이라고 하며 읍 장관의 관명을 군수라고 한다. 〈보기〉 그. (가) - 신문왕 재위 시기에 정비되었다. (나)- 지방 장관으로욕살 처려근지 등이 있었다. 다 (다) - 도에는 관찰사가 임명되어 수령을 감독하였다. ㄹ. (라) - 광무 개혁의 일환으로 실시되었다.\n(가)~(라) 지방 통치 체제에 대한 설명으로 옳은 것을 ＜보기＞에서 고른 것은?\nㄱ, ㄴ\nㄱ, ㄷ\nㄴ, ㄷ\nㄴ, ㄹ\nㄷ, ㄹ""}]",source-candidate:b3de8d50a6279fbb75c1,AKS:ARTICLE:E0009962:sha256-704d8ea620c542f5,AKS,3,김용원,name,bidirectional_containment,0.600444,COMPATIBLE,"[""김용원"", ""미사薇史""]","[""金鏞元"", ""薇史""]","[""조선"", ""조선 후기"", ""근대"", ""개항기""]",,,[],Person,"{""headword"": ""김용원"", ""aliases"": [""미사(薇史)""], ""origin"": ""金鏞元"", ""headword_origin"": ""김용원(金鏞元)"", ""primary_type"": ""인물/근현대 인물"", ""era"": ""조선/조선 후기 | 근대/개항기"", ""definition"": ""조선후기 제25대 철종의 어진을 그린 화가.""}","[{""left_source_candidate_id"": ""source-candidate:a26c6103e2a8e2e2c958"", ""right_source_candidate_id"": ""source-candidate:b3de8d50a6279fbb75c1"", ""signals"": [""normalized_name_match"", ""era_overlap"", ""entity_type_match""], ""conflicts"": [], ""merge_eligible"": true}]",,,,,,,,
39,gold-case:113eca22dd33390cbbef,term-review-task:32d38fa46a8d7eb435a0,resolution-case:0e959c8ebbe5091525f2,용원,인물,"[{""problem_id"": ""cj_v41_0480"", ""full_text"": ""0 완산주를 다시 설치하고 용원을 총관으로 삼았다. 거열주를 나누어 청주(菁州)를 두니 처음으로 9주가 되었다. 대아찬 복서를 총관으로 삼았다. 0 서원소경을 설치하고 아산 원대를 사신(仕臣)으로 삼았다. 남원소경을 설치하고 여러 주와 군의 주민들을 옮겨 그곳에 나누어 살게 하였다.\n다음 정책을 실시한 왕의 재위 시기에 있었던 사실로 옳은 것은?\n금관가야가 멸망하였다.\n이사부가 우산국을 복속하였다.\n조세를 관장하는 품주가 설치되었다.\n관료전이 지급되고 녹읍이 폐지되었다.\n인재 등용을 위한 독서삼품과가 실시되었다.""}, {""problem_id"": ""cj_v41_0846"", ""full_text"": ""(가) 완산주를 다시 설치하고 용원을 총관으로 삼았다. 거열주를 빼서 청주(菁 州)를 두니 처음으로 9주가 되었다. 대아찬 복서를 총관으로 심았다. (나)현종견에 절도사를 폐지하고, 5도호와 75도 안무사를 두었으나, 얼마 후 안무시를 폐지하고, 4도호와 8목을 두었다. 그 이후로 5도-양계를 정하니, 양광 경상-전라-교주 서해 동계 북계가그것이다. (다각 도 각 고을의 이름을 고쳤다. --- 드디어 완산을 다시 '전주라고 칭하고, 계림을 다시 경주라고 칭하고, 서북면을 평안도토 하고, 동북면을 영길도'로 하였으니, 평양- 안주 영흥 길주가 계수관이기 때문이다. (라) 전국을 23부의 행정 구역으로 나누어 아래에 열거하는 각 부를 목사, 부사, 군수, 서윤, 판관, 현령, 현감의 관명을 다 없에고 읍의 명칭을 군이라고 하며 읍 장관의 관명을 군수라고 한다. 〈보기〉 그. (가) - 신문왕 재위 시기에 정비되었다. (나)- 지방 장관으로욕살 처려근지 등이 있었다. 다 (다) - 도에는 관찰사가 임명되어 수령을 감독하였다. ㄹ. (라) - 광무 개혁의 일환으로 실시되었다.\n(가)~(라) 지방 통치 체제에 대한 설명으로 옳은 것을 ＜보기＞에서 고른 것은?\nㄱ, ㄴ\nㄱ, ㄷ\nㄴ, ㄷ\nㄴ, ㄹ\nㄷ, ㄹ""}]",source-candidate:0e188efa5ed652f57c25,AKS:ARTICLE:E0009963:sha256-704d8ea620c542f5,AKS,4,김용원,name,bidirectional_containment,0.600444,COMPATIBLE,"[""강산剛山"", ""김용원"", ""무이천無二天"", ""백상열白相悅"", ""중옥金仲玉""]","[""金庸源"", ""剛山"", ""無二天"", ""白相悅"", ""金仲玉""]","[""근대"", ""개항기"", ""일제강점기""]",,,[],Person,"{""headword"": ""김용원"", ""aliases"": [""강산(剛山)"", ""무이천(無二天)"", ""백상열(白相悅)"", ""중옥(金仲玉)""], ""origin"": ""金庸源"", ""headword_origin"": ""김용원(金庸源)"", ""primary_type"": ""인물/근현대 인물"", ""era"": ""근대/개항기 | 근대/일제강점기"", ""definition"": ""일제강점기 때, 대동단에서 활동하며 의친왕 망명 계획에 참여하였고, 임시정부 의정원 의원 등을 역임하고 군자금 모금 활동을 벌이는 등 항일투쟁을 전개한 독립운동가.""}","[{""left_source_candidate_id"": ""source-candidate:0e188efa5ed652f57c25"", ""right_source_candidate_id"": ""source-candidate:a26c6103e2a8e2e2c958"", ""signals"": [""normalized_name_match"", ""era_overlap"", ""entity_type_match""], ""conflicts"": [], ""merge_eligible"": true}]",,,,,,,,
39,gold-case:113eca22dd33390cbbef,term-review-task:32d38fa46a8d7eb435a0,resolution-case:0e959c8ebbe5091525f2,용원,인물,"[{""problem_id"": ""cj_v41_0480"", ""full_text"": ""0 완산주를 다시 설치하고 용원을 총관으로 삼았다. 거열주를 나누어 청주(菁州)를 두니 처음으로 9주가 되었다. 대아찬 복서를 총관으로 삼았다. 0 서원소경을 설치하고 아산 원대를 사신(仕臣)으로 삼았다. 남원소경을 설치하고 여러 주와 군의 주민들을 옮겨 그곳에 나누어 살게 하였다.\n다음 정책을 실시한 왕의 재위 시기에 있었던 사실로 옳은 것은?\n금관가야가 멸망하였다.\n이사부가 우산국을 복속하였다.\n조세를 관장하는 품주가 설치되었다.\n관료전이 지급되고 녹읍이 폐지되었다.\n인재 등용을 위한 독서삼품과가 실시되었다.""}, {""problem_id"": ""cj_v41_0846"", ""full_text"": ""(가) 완산주를 다시 설치하고 용원을 총관으로 삼았다. 거열주를 빼서 청주(菁 州)를 두니 처음으로 9주가 되었다. 대아찬 복서를 총관으로 심았다. (나)현종견에 절도사를 폐지하고, 5도호와 75도 안무사를 두었으나, 얼마 후 안무시를 폐지하고, 4도호와 8목을 두었다. 그 이후로 5도-양계를 정하니, 양광 경상-전라-교주 서해 동계 북계가그것이다. (다각 도 각 고을의 이름을 고쳤다. --- 드디어 완산을 다시 '전주라고 칭하고, 계림을 다시 경주라고 칭하고, 서북면을 평안도토 하고, 동북면을 영길도'로 하였으니, 평양- 안주 영흥 길주가 계수관이기 때문이다. (라) 전국을 23부의 행정 구역으로 나누어 아래에 열거하는 각 부를 목사, 부사, 군수, 서윤, 판관, 현령, 현감의 관명을 다 없에고 읍의 명칭을 군이라고 하며 읍 장관의 관명을 군수라고 한다. 〈보기〉 그. (가) - 신문왕 재위 시기에 정비되었다. (나)- 지방 장관으로욕살 처려근지 등이 있었다. 다 (다) - 도에는 관찰사가 임명되어 수령을 감독하였다. ㄹ. (라) - 광무 개혁의 일환으로 실시되었다.\n(가)~(라) 지방 통치 체제에 대한 설명으로 옳은 것을 ＜보기＞에서 고른 것은?\nㄱ, ㄴ\nㄱ, ㄷ\nㄴ, ㄷ\nㄴ, ㄹ\nㄷ, ㄹ""}]",source-candidate:6454f4485f071a984032,AKS:ARTICLE:E0020976:sha256-704d8ea620c542f5,AKS,5,박용원,name,bidirectional_containment,0.600444,COMPATIBLE,"[""박영훈朴泳薰"", ""박용원""]","[""朴用元"", ""朴泳薰""]","[""조선"", ""조선 후기""]",,,[],Person,"{""headword"": ""박용원"", ""aliases"": [""박영훈(朴泳薰)""], ""origin"": ""朴用元"", ""headword_origin"": ""박용원(朴用元)"", ""primary_type"": ""인물/근현대 인물"", ""era"": ""조선/조선 후기"", ""definition"": ""조선 후기에, 중추원부찬의, 비서감승 겸 장례원장례 등을 역임한 문신.""}","[{""left_source_candidate_id"": ""source-candidate:6454f4485f071a984032"", ""right_source_candidate_id"": ""source-candidate:f6b337784b441f47d57a"", ""signals"": [""normalized_name_match"", ""hanja_match"", ""era_overlap"", ""entity_type_match""], ""conflicts"": [], ""merge_eligible"": true}]",,,,,,,,
39,gold-case:113eca22dd33390cbbef,term-review-task:32d38fa46a8d7eb435a0,resolution-case:0e959c8ebbe5091525f2,용원,인물,"[{""problem_id"": ""cj_v41_0480"", ""full_text"": ""0 완산주를 다시 설치하고 용원을 총관으로 삼았다. 거열주를 나누어 청주(菁州)를 두니 처음으로 9주가 되었다. 대아찬 복서를 총관으로 삼았다. 0 서원소경을 설치하고 아산 원대를 사신(仕臣)으로 삼았다. 남원소경을 설치하고 여러 주와 군의 주민들을 옮겨 그곳에 나누어 살게 하였다.\n다음 정책을 실시한 왕의 재위 시기에 있었던 사실로 옳은 것은?\n금관가야가 멸망하였다.\n이사부가 우산국을 복속하였다.\n조세를 관장하는 품주가 설치되었다.\n관료전이 지급되고 녹읍이 폐지되었다.\n인재 등용을 위한 독서삼품과가 실시되었다.""}, {""problem_id"": ""cj_v41_0846"", ""full_text"": ""(가) 완산주를 다시 설치하고 용원을 총관으로 삼았다. 거열주를 빼서 청주(菁 州)를 두니 처음으로 9주가 되었다. 대아찬 복서를 총관으로 심았다. (나)현종견에 절도사를 폐지하고, 5도호와 75도 안무사를 두었으나, 얼마 후 안무시를 폐지하고, 4도호와 8목을 두었다. 그 이후로 5도-양계를 정하니, 양광 경상-전라-교주 서해 동계 북계가그것이다. (다각 도 각 고을의 이름을 고쳤다. --- 드디어 완산을 다시 '전주라고 칭하고, 계림을 다시 경주라고 칭하고, 서북면을 평안도토 하고, 동북면을 영길도'로 하였으니, 평양- 안주 영흥 길주가 계수관이기 때문이다. (라) 전국을 23부의 행정 구역으로 나누어 아래에 열거하는 각 부를 목사, 부사, 군수, 서윤, 판관, 현령, 현감의 관명을 다 없에고 읍의 명칭을 군이라고 하며 읍 장관의 관명을 군수라고 한다. 〈보기〉 그. (가) - 신문왕 재위 시기에 정비되었다. (나)- 지방 장관으로욕살 처려근지 등이 있었다. 다 (다) - 도에는 관찰사가 임명되어 수령을 감독하였다. ㄹ. (라) - 광무 개혁의 일환으로 실시되었다.\n(가)~(라) 지방 통치 체제에 대한 설명으로 옳은 것을 ＜보기＞에서 고른 것은?\nㄱ, ㄴ\nㄱ, ㄷ\nㄴ, ㄷ\nㄴ, ㄹ\nㄷ, ㄹ""}]",source-candidate:ad29baab20886eb3e029,AKS:ARTICLE:E0028467:sha256-704d8ea620c542f5,AKS,6,석용원,name,bidirectional_containment,0.600444,COMPATIBLE,"[""석용원"", ""인보仁甫""]","[""石庸源"", ""仁甫""]","[""현대""]",,,[],Person,"{""headword"": ""석용원"", ""aliases"": [""인보(仁甫)""], ""origin"": ""石庸源"", ""headword_origin"": ""석용원(石庸源)"", ""primary_type"": ""인물/근현대 인물"", ""era"": ""현대"", ""definition"": ""해방 이후 『가난한 시인의 기도』, 『겨울 명동』, 『눈물 같은 시』 등을 저술한 시인. 아동문학가.""}",[],,,,,,,,
39,gold-case:113eca22dd33390cbbef,term-review-task:32d38fa46a8d7eb435a0,resolution-case:0e959c8ebbe5091525f2,용원,인물,"[{""problem_id"": ""cj_v41_0480"", ""full_text"": ""0 완산주를 다시 설치하고 용원을 총관으로 삼았다. 거열주를 나누어 청주(菁州)를 두니 처음으로 9주가 되었다. 대아찬 복서를 총관으로 삼았다. 0 서원소경을 설치하고 아산 원대를 사신(仕臣)으로 삼았다. 남원소경을 설치하고 여러 주와 군의 주민들을 옮겨 그곳에 나누어 살게 하였다.\n다음 정책을 실시한 왕의 재위 시기에 있었던 사실로 옳은 것은?\n금관가야가 멸망하였다.\n이사부가 우산국을 복속하였다.\n조세를 관장하는 품주가 설치되었다.\n관료전이 지급되고 녹읍이 폐지되었다.\n인재 등용을 위한 독서삼품과가 실시되었다.""}, {""problem_id"": ""cj_v41_0846"", ""full_text"": ""(가) 완산주를 다시 설치하고 용원을 총관으로 삼았다. 거열주를 빼서 청주(菁 州)를 두니 처음으로 9주가 되었다. 대아찬 복서를 총관으로 심았다. (나)현종견에 절도사를 폐지하고, 5도호와 75도 안무사를 두었으나, 얼마 후 안무시를 폐지하고, 4도호와 8목을 두었다. 그 이후로 5도-양계를 정하니, 양광 경상-전라-교주 서해 동계 북계가그것이다. (다각 도 각 고을의 이름을 고쳤다. --- 드디어 완산을 다시 '전주라고 칭하고, 계림을 다시 경주라고 칭하고, 서북면을 평안도토 하고, 동북면을 영길도'로 하였으니, 평양- 안주 영흥 길주가 계수관이기 때문이다. (라) 전국을 23부의 행정 구역으로 나누어 아래에 열거하는 각 부를 목사, 부사, 군수, 서윤, 판관, 현령, 현감의 관명을 다 없에고 읍의 명칭을 군이라고 하며 읍 장관의 관명을 군수라고 한다. 〈보기〉 그. (가) - 신문왕 재위 시기에 정비되었다. (나)- 지방 장관으로욕살 처려근지 등이 있었다. 다 (다) - 도에는 관찰사가 임명되어 수령을 감독하였다. ㄹ. (라) - 광무 개혁의 일환으로 실시되었다.\n(가)~(라) 지방 통치 체제에 대한 설명으로 옳은 것을 ＜보기＞에서 고른 것은?\nㄱ, ㄴ\nㄱ, ㄷ\nㄴ, ㄷ\nㄴ, ㄹ\nㄷ, ㄹ""}]",source-candidate:f6b337784b441f47d57a,THESAURUS:TERM:10498616:sha256-1022516a18f91e61,THESAURUS,7,박용원,name,bidirectional_containment,0.600444,UNKNOWN,"[""박용원""]","[""朴用元""]","[""조선후기""]",,,[],Person,"{""term_name"": ""박용원"", ""hanja"": ""朴用元"", ""era"": ""조선후기"", ""thesaurus_category"": ""인명"", ""description"": ""조선 고종 때 좌부승지·비서감승 등을 지낸 문신. 본관은 반남(潘南)."", ""term_year"": ""1848-?""}","[{""left_source_candidate_id"": ""source-candidate:6454f4485f071a984032"", ""right_source_candidate_id"": ""source-candidate:f6b337784b441f47d57a"", ""signals"": [""normalized_name_match"", ""hanja_match"", ""era_overlap"", ""entity_type_match""], ""conflicts"": [], ""merge_eligible"": true}]",,,,,,,,
39,gold-case:113eca22dd33390cbbef,term-review-task:32d38fa46a8d7eb435a0,resolution-case:0e959c8ebbe5091525f2,용원,인물,"[{""problem_id"": ""cj_v41_0480"", ""full_text"": ""0 완산주를 다시 설치하고 용원을 총관으로 삼았다. 거열주를 나누어 청주(菁州)를 두니 처음으로 9주가 되었다. 대아찬 복서를 총관으로 삼았다. 0 서원소경을 설치하고 아산 원대를 사신(仕臣)으로 삼았다. 남원소경을 설치하고 여러 주와 군의 주민들을 옮겨 그곳에 나누어 살게 하였다.\n다음 정책을 실시한 왕의 재위 시기에 있었던 사실로 옳은 것은?\n금관가야가 멸망하였다.\n이사부가 우산국을 복속하였다.\n조세를 관장하는 품주가 설치되었다.\n관료전이 지급되고 녹읍이 폐지되었다.\n인재 등용을 위한 독서삼품과가 실시되었다.""}, {""problem_id"": ""cj_v41_0846"", ""full_text"": ""(가) 완산주를 다시 설치하고 용원을 총관으로 삼았다. 거열주를 빼서 청주(菁 州)를 두니 처음으로 9주가 되었다. 대아찬 복서를 총관으로 심았다. (나)현종견에 절도사를 폐지하고, 5도호와 75도 안무사를 두었으나, 얼마 후 안무시를 폐지하고, 4도호와 8목을 두었다. 그 이후로 5도-양계를 정하니, 양광 경상-전라-교주 서해 동계 북계가그것이다. (다각 도 각 고을의 이름을 고쳤다. --- 드디어 완산을 다시 '전주라고 칭하고, 계림을 다시 경주라고 칭하고, 서북면을 평안도토 하고, 동북면을 영길도'로 하였으니, 평양- 안주 영흥 길주가 계수관이기 때문이다. (라) 전국을 23부의 행정 구역으로 나누어 아래에 열거하는 각 부를 목사, 부사, 군수, 서윤, 판관, 현령, 현감의 관명을 다 없에고 읍의 명칭을 군이라고 하며 읍 장관의 관명을 군수라고 한다. 〈보기〉 그. (가) - 신문왕 재위 시기에 정비되었다. (나)- 지방 장관으로욕살 처려근지 등이 있었다. 다 (다) - 도에는 관찰사가 임명되어 수령을 감독하였다. ㄹ. (라) - 광무 개혁의 일환으로 실시되었다.\n(가)~(라) 지방 통치 체제에 대한 설명으로 옳은 것을 ＜보기＞에서 고른 것은?\nㄱ, ㄴ\nㄱ, ㄷ\nㄴ, ㄷ\nㄴ, ㄹ\nㄷ, ㄹ""}]",source-candidate:9b6076d5c7e4ebd382d0,THESAURUS:TERM:21002914:sha256-1022516a18f91e61,THESAURUS,8,제용원,name,bidirectional_containment,0.600444,UNKNOWN,"[""제용원""]","[""濟用院""]","[""근대""]",,,[],,"{""term_name"": ""제용원"", ""hanja"": ""濟用院"", ""era"": ""근대"", ""thesaurus_category"": ""정치·행정·법제>행정>중앙행정기구"", ""description"": ""1894년 갑오개혁 이후 궁내부(宮內府)에 소속되어 국내의 포사(庖肆) 및 각종 산물을 관장하던 관청."", ""term_year"": ""1895-1904""}",[],,,,,,,,
39,gold-case:113eca22dd33390cbbef,term-review-task:32d38fa46a8d7eb435a0,resolution-case:0e959c8ebbe5091525f2,용원,인물,"[{""problem_id"": ""cj_v41_0480"", ""full_text"": ""0 완산주를 다시 설치하고 용원을 총관으로 삼았다. 거열주를 나누어 청주(菁州)를 두니 처음으로 9주가 되었다. 대아찬 복서를 총관으로 삼았다. 0 서원소경을 설치하고 아산 원대를 사신(仕臣)으로 삼았다. 남원소경을 설치하고 여러 주와 군의 주민들을 옮겨 그곳에 나누어 살게 하였다.\n다음 정책을 실시한 왕의 재위 시기에 있었던 사실로 옳은 것은?\n금관가야가 멸망하였다.\n이사부가 우산국을 복속하였다.\n조세를 관장하는 품주가 설치되었다.\n관료전이 지급되고 녹읍이 폐지되었다.\n인재 등용을 위한 독서삼품과가 실시되었다.""}, {""problem_id"": ""cj_v41_0846"", ""full_text"": ""(가) 완산주를 다시 설치하고 용원을 총관으로 삼았다. 거열주를 빼서 청주(菁 州)를 두니 처음으로 9주가 되었다. 대아찬 복서를 총관으로 심았다. (나)현종견에 절도사를 폐지하고, 5도호와 75도 안무사를 두었으나, 얼마 후 안무시를 폐지하고, 4도호와 8목을 두었다. 그 이후로 5도-양계를 정하니, 양광 경상-전라-교주 서해 동계 북계가그것이다. (다각 도 각 고을의 이름을 고쳤다. --- 드디어 완산을 다시 '전주라고 칭하고, 계림을 다시 경주라고 칭하고, 서북면을 평안도토 하고, 동북면을 영길도'로 하였으니, 평양- 안주 영흥 길주가 계수관이기 때문이다. (라) 전국을 23부의 행정 구역으로 나누어 아래에 열거하는 각 부를 목사, 부사, 군수, 서윤, 판관, 현령, 현감의 관명을 다 없에고 읍의 명칭을 군이라고 하며 읍 장관의 관명을 군수라고 한다. 〈보기〉 그. (가) - 신문왕 재위 시기에 정비되었다. (나)- 지방 장관으로욕살 처려근지 등이 있었다. 다 (다) - 도에는 관찰사가 임명되어 수령을 감독하였다. ㄹ. (라) - 광무 개혁의 일환으로 실시되었다.\n(가)~(라) 지방 통치 체제에 대한 설명으로 옳은 것을 ＜보기＞에서 고른 것은?\nㄱ, ㄴ\nㄱ, ㄷ\nㄴ, ㄷ\nㄴ, ㄹ\nㄷ, ㄹ""}]",source-candidate:a26c6103e2a8e2e2c958,THESAURUS:TERM:21896:sha256-1022516a18f91e61,THESAURUS,9,김용원,name,bidirectional_containment,0.600444,UNKNOWN,"[""김용원""]","[""金鏞元""]","[""개항기""]",,,[],Person,"{""term_name"": ""김용원"", ""hanja"": ""金鏞元"", ""era"": ""개항기"", ""thesaurus_category"": ""인명"", ""description"": ""개항기의 무신. 본관은 청풍. 갑신정변 직후 제1차 한로밀약설의 주인공으로 등장."", ""term_year"": ""1842-?""}","[{""left_source_candidate_id"": ""source-candidate:0e188efa5ed652f57c25"", ""right_source_candidate_id"": ""source-candidate:a26c6103e2a8e2e2c958"", ""signals"": [""normalized_name_match"", ""era_overlap"", ""entity_type_match""], ""conflicts"": [], ""merge_eligible"": true}, {""left_source_candidate_id"": ""source-candidate:a26c6103e2a8e2e2c958"", ""right_source_candidate_id"": ""source-candidate:b3de8d50a6279fbb75c1"", ""signals"": [""normalized_name_match"", ""era_overlap"", ""entity_type_match""], ""conflicts"": [], ""merge_eligible"": true}]",,,,,,,,
39,gold-case:113eca22dd33390cbbef,term-review-task:32d38fa46a8d7eb435a0,resolution-case:0e959c8ebbe5091525f2,용원,인물,"[{""problem_id"": ""cj_v41_0480"", ""full_text"": ""0 완산주를 다시 설치하고 용원을 총관으로 삼았다. 거열주를 나누어 청주(菁州)를 두니 처음으로 9주가 되었다. 대아찬 복서를 총관으로 삼았다. 0 서원소경을 설치하고 아산 원대를 사신(仕臣)으로 삼았다. 남원소경을 설치하고 여러 주와 군의 주민들을 옮겨 그곳에 나누어 살게 하였다.\n다음 정책을 실시한 왕의 재위 시기에 있었던 사실로 옳은 것은?\n금관가야가 멸망하였다.\n이사부가 우산국을 복속하였다.\n조세를 관장하는 품주가 설치되었다.\n관료전이 지급되고 녹읍이 폐지되었다.\n인재 등용을 위한 독서삼품과가 실시되었다.""}, {""problem_id"": ""cj_v41_0846"", ""full_text"": ""(가) 완산주를 다시 설치하고 용원을 총관으로 삼았다. 거열주를 빼서 청주(菁 州)를 두니 처음으로 9주가 되었다. 대아찬 복서를 총관으로 심았다. (나)현종견에 절도사를 폐지하고, 5도호와 75도 안무사를 두었으나, 얼마 후 안무시를 폐지하고, 4도호와 8목을 두었다. 그 이후로 5도-양계를 정하니, 양광 경상-전라-교주 서해 동계 북계가그것이다. (다각 도 각 고을의 이름을 고쳤다. --- 드디어 완산을 다시 '전주라고 칭하고, 계림을 다시 경주라고 칭하고, 서북면을 평안도토 하고, 동북면을 영길도'로 하였으니, 평양- 안주 영흥 길주가 계수관이기 때문이다. (라) 전국을 23부의 행정 구역으로 나누어 아래에 열거하는 각 부를 목사, 부사, 군수, 서윤, 판관, 현령, 현감의 관명을 다 없에고 읍의 명칭을 군이라고 하며 읍 장관의 관명을 군수라고 한다. 〈보기〉 그. (가) - 신문왕 재위 시기에 정비되었다. (나)- 지방 장관으로욕살 처려근지 등이 있었다. 다 (다) - 도에는 관찰사가 임명되어 수령을 감독하였다. ㄹ. (라) - 광무 개혁의 일환으로 실시되었다.\n(가)~(라) 지방 통치 체제에 대한 설명으로 옳은 것을 ＜보기＞에서 고른 것은?\nㄱ, ㄴ\nㄱ, ㄷ\nㄴ, ㄷ\nㄴ, ㄹ\nㄷ, ㄹ""}]",source-candidate:d17ded1e98392273fea6,THESAURUS:TERM:12604384:sha256-1022516a18f91e61,THESAURUS,10,혼춘반랍성외사원지,description,description_containment,0.537273,UNKNOWN,"[""혼춘반랍성외사원지""]","[""渾春半拉城外寺院址""]","[""남북국시대""]",,,[],,"{""term_name"": ""혼춘반랍성외사원지"", ""hanja"": ""渾春半拉城外寺院址"", ""era"": ""남북국시대"", ""thesaurus_category"": ""사회·생활>풍속·의례>매장"", ""description"": ""발해 동경용원부(東京龍原府)가 있던 반랍성 밖에 있는 절터. 중국 길림성(吉林省) 혼춘현(渾春縣)에 있음."", ""term_year"": ""?-?""}",[],,,,,,,,
40,gold-case:1c9fd13308d34ad9bfc7,term-review-task:7ecaaabb664731215cc5,resolution-case:1761ae30c6b9a1a7b7ed,반어피,유물,"[{""problem_id"": ""cj_v41_0098"", ""full_text"": ""신지, 읍차 등의 지배자가 있었던 나라에 대해 발표해 볼까요? 벼농사가 발달하였고, 씨뿌리기가 끝난 5월과 추수를 마친 10월에 제천 행사를 열었습니다. (가)\n(가)에 들어갈 내용으로 옳은 것은?\n혼인 풍습으로 민며느리제가 있었다.\n대가들이 사자, 조의, 선인을 거느렸습니다.\n제사장인 천군과 신성 지역인 소도가 있었다.\n남의 물건을 훔쳤을 때는 12배로 갚게 하였다.\n단궁, 과하마, 반어피 등이 특산물로 유명하였다.""}, {""problem_id"": ""cj_v41_0146"", ""full_text"": ""(가)의 사회와 경제 풍습: 산천을 중시하여 산과 내, 바다, 읍락의 경계가 있어 함부로 들어가지 않는다. 다른 읍락을 침범하면 소나 말 등으로 변상하게 하는 책화가 있다. 특산물: 낙랑의 단궁이 그 땅에서 나고, 바다에서는 반어피가 산출된다. 무늬 있는 표범과 과하마 등이 유명하다.\n(가) 나라에 대한 설명으로 옳은 것은?\n신성 지역인 소도가 존재하였다.\n정사암에 모여 재상을 선출하였다.\n읍군이나 삼로라는 지배자가 있었다.\n12월에 영고라는 제천 행사를 열었다.\n도둑질한 자에게 12배로 배상하게 하였다.""}, {""problem_id"": ""cj_v41_0379"", ""full_text"": ""(가) 여자의 나이가 열 살이 되기 전에 혼인을 약속하고, 신랑 집에서 맞이하여 장성할 때까지 기른다. 여자가 장성하면 여자 집으로 돌아가게 한다. 여자 집에서는 돈을 요구하는데, 신랑 집에서 돈을 지불한 후 다시 데리고 와서 아내로 삼는다. (나) 읍마다 우두머리가 있어 세력이 강대한데 신지라 하고, …… 그 다음은 읍차라 하였다. 나라에는 철이 생산되는데 예(濊), 왜(倭) 등이 와서 사간다. 무역에서 철을 화폐로 사용한다.\n(가), (나) 나라에 대한 설명으로 옳은 것은?\n(가) - 신성 지역인 소도가 존재하였다.\n(가) - 삼로라 불린 우두머리가 읍락을 다스렸다.\n(나) - 여러 가(加)들이 별도로 사출도를 주관하였다.\n(나) - 단궁, 과하마, 반어피 등의 특산물이 유명하였다.\n(가), (나) - 한 무제가 파견한 군대의 공격으로 멸망하였다.""}]",source-candidate:33cc87ce504a72979821,THESAURUS:TERM:12594879:sha256-1022516a18f91e61,THESAURUS,1,반어피,name,exact,1.0,UNKNOWN,"[""반어피""]","[""班魚皮""]","[""고대""]",,,[],,"{""term_name"": ""반어피"", ""hanja"": ""班魚皮"", ""era"": ""고대"", ""thesaurus_category"": ""경제·산업>상업·유통·서비스업>상품"", ""description"": ""동예(東濊)의 특산물인 반어의 가죽으로 반어는 바다표범을 지칭함. 신라 때까지 대당무역품으로 존속."", ""term_year"": ""?-?""}",[],IDENTITY_MEMBER,ALT_057,반어피,Heritage,,,,
40,gold-case:1c9fd13308d34ad9bfc7,term-review-task:7ecaaabb664731215cc5,resolution-case:1761ae30c6b9a1a7b7ed,반어피,유물,"[{""problem_id"": ""cj_v41_0098"", ""full_text"": ""신지, 읍차 등의 지배자가 있었던 나라에 대해 발표해 볼까요? 벼농사가 발달하였고, 씨뿌리기가 끝난 5월과 추수를 마친 10월에 제천 행사를 열었습니다. (가)\n(가)에 들어갈 내용으로 옳은 것은?\n혼인 풍습으로 민며느리제가 있었다.\n대가들이 사자, 조의, 선인을 거느렸습니다.\n제사장인 천군과 신성 지역인 소도가 있었다.\n남의 물건을 훔쳤을 때는 12배로 갚게 하였다.\n단궁, 과하마, 반어피 등이 특산물로 유명하였다.""}, {""problem_id"": ""cj_v41_0146"", ""full_text"": ""(가)의 사회와 경제 풍습: 산천을 중시하여 산과 내, 바다, 읍락의 경계가 있어 함부로 들어가지 않는다. 다른 읍락을 침범하면 소나 말 등으로 변상하게 하는 책화가 있다. 특산물: 낙랑의 단궁이 그 땅에서 나고, 바다에서는 반어피가 산출된다. 무늬 있는 표범과 과하마 등이 유명하다.\n(가) 나라에 대한 설명으로 옳은 것은?\n신성 지역인 소도가 존재하였다.\n정사암에 모여 재상을 선출하였다.\n읍군이나 삼로라는 지배자가 있었다.\n12월에 영고라는 제천 행사를 열었다.\n도둑질한 자에게 12배로 배상하게 하였다.""}, {""problem_id"": ""cj_v41_0379"", ""full_text"": ""(가) 여자의 나이가 열 살이 되기 전에 혼인을 약속하고, 신랑 집에서 맞이하여 장성할 때까지 기른다. 여자가 장성하면 여자 집으로 돌아가게 한다. 여자 집에서는 돈을 요구하는데, 신랑 집에서 돈을 지불한 후 다시 데리고 와서 아내로 삼는다. (나) 읍마다 우두머리가 있어 세력이 강대한데 신지라 하고, …… 그 다음은 읍차라 하였다. 나라에는 철이 생산되는데 예(濊), 왜(倭) 등이 와서 사간다. 무역에서 철을 화폐로 사용한다.\n(가), (나) 나라에 대한 설명으로 옳은 것은?\n(가) - 신성 지역인 소도가 존재하였다.\n(가) - 삼로라 불린 우두머리가 읍락을 다스렸다.\n(나) - 여러 가(加)들이 별도로 사출도를 주관하였다.\n(나) - 단궁, 과하마, 반어피 등의 특산물이 유명하였다.\n(가), (나) - 한 무제가 파견한 군대의 공격으로 멸망하였다.""}]",source-candidate:8d1bd2e18dd41ba22193,AKS:ARTICLE:E0021521:sha256-704d8ea620c542f5,AKS,2,반어피,name,exact,1.0,CONFLICT,"[""반어피"", ""옹어鰅魚"", ""해표海豹""]","[""班魚皮"", ""鰅魚"", ""海豹""]","[""고대"", ""초기국가"", ""동예""]",,,[],Concept,"{""headword"": ""반어피"", ""aliases"": [""옹어(鰅魚)"", ""해표(海豹)""], ""origin"": ""班魚皮"", ""headword_origin"": ""반어피(班魚皮)"", ""primary_type"": ""개념"", ""era"": ""고대/초기국가/동예"", ""definition"": ""동예의 특산물인 바다표범의 가죽. 옹어·해표.""}",[],IDENTITY_MEMBER,ALT_057,반어피,Heritage,,,,
41,gold-case:108506a00c4a4545ba91,term-review-task:75510239521703b483ac,resolution-case:cba44aac5ee159418aa6,친일반민족행위진상규명위원회,기관,"[{""problem_id"": ""cj_v41_0615"", ""full_text"": ""오늘 헌법 재판소는 헌정 사상 초유의 대통령 탄핵 소추 심판 청구에 대해 기각을 결정하였다. 국회가 제기한 탄핵 사유는 대통령을 파면시킬 만큼 중대한 직무상 위배라고 보기 어렵다는 판단이다.\n다음 뉴스가 보도된 정부 시기에 있었던 사실로 옳은 것은?\n서울 올림픽 대회가 개최되었다.\n국가 인권 위원회가 설립되었다.\n전국 민주 노동조합 총연맹이 창립되었다.\n중국과 자유 무역 협정(FTA)이 체결되었다.\n친일 반민족 행위 진상 규명 위원회가 출범하였다.""}]",source-candidate:cf1387a4a095fdbd685f,AKS:ARTICLE:E0079418:sha256-704d8ea620c542f5,AKS,1,친일반민족행위진상규명위원회,name,exact,1.0,COMPATIBLE,"[""친일반민족행위진상규명위원회""]","[""親日反民族行爲眞相糾明委員會""]","[""현대""]",,,[],Organization,"{""headword"": ""친일반민족행위진상규명위원회"", ""origin"": ""親日反民族行爲眞相糾明委員會"", ""headword_origin"": ""친일반민족행위진상규명위원회(親日反民族行爲眞相糾明委員會)"", ""primary_type"": ""단체"", ""era"": ""현대"", ""definition"": ""2005년 친일반민족행위의 진상을 규명하기 위해 설립한 위원회.""}",[],IDENTITY_MEMBER,ALT_058,친일반민족행위진상규명위원회,Organization,,,,
41,gold-case:108506a00c4a4545ba91,term-review-task:75510239521703b483ac,resolution-case:cba44aac5ee159418aa6,친일반민족행위진상규명위원회,기관,"[{""problem_id"": ""cj_v41_0615"", ""full_text"": ""오늘 헌법 재판소는 헌정 사상 초유의 대통령 탄핵 소추 심판 청구에 대해 기각을 결정하였다. 국회가 제기한 탄핵 사유는 대통령을 파면시킬 만큼 중대한 직무상 위배라고 보기 어렵다는 판단이다.\n다음 뉴스가 보도된 정부 시기에 있었던 사실로 옳은 것은?\n서울 올림픽 대회가 개최되었다.\n국가 인권 위원회가 설립되었다.\n전국 민주 노동조합 총연맹이 창립되었다.\n중국과 자유 무역 협정(FTA)이 체결되었다.\n친일 반민족 행위 진상 규명 위원회가 출범하였다.""}]",source-candidate:ee33dcacfe015f8bf437,THESAURUS:TERM:4131:sha256-1022516a18f91e61,THESAURUS,2,반민족행위특별조사위원회,name,name_ngram,0.368141,UNKNOWN,"[""반민족행위특별조사위원회""]","[""反民族行爲特別調査委員會""]","[""현대""]",,,[],,"{""term_name"": ""반민족행위특별조사위원회"", ""hanja"": ""反民族行爲特別調査委員會"", ""era"": ""현대"", ""thesaurus_category"": ""정치·행정·법제>행정>중앙행정기구"", ""description"": ""1948년 10월 12일 반민족행위처벌법에 근거하여 국회 내에 설치했던 특별기구."", ""term_year"": ""1948-1949""}",[],REJECTED,,,,,,,시대가 다름.. 다른 단체
41,gold-case:108506a00c4a4545ba91,term-review-task:75510239521703b483ac,resolution-case:cba44aac5ee159418aa6,친일반민족행위진상규명위원회,기관,"[{""problem_id"": ""cj_v41_0615"", ""full_text"": ""오늘 헌법 재판소는 헌정 사상 초유의 대통령 탄핵 소추 심판 청구에 대해 기각을 결정하였다. 국회가 제기한 탄핵 사유는 대통령을 파면시킬 만큼 중대한 직무상 위배라고 보기 어렵다는 판단이다.\n다음 뉴스가 보도된 정부 시기에 있었던 사실로 옳은 것은?\n서울 올림픽 대회가 개최되었다.\n국가 인권 위원회가 설립되었다.\n전국 민주 노동조합 총연맹이 창립되었다.\n중국과 자유 무역 협정(FTA)이 체결되었다.\n친일 반민족 행위 진상 규명 위원회가 출범하였다.""}]",source-candidate:a0048ae51bd41f6245c9,THESAURUS:TERM:48239930:sha256-1022516a18f91e61,THESAURUS,3,의문사진상규명위원회,name,name_ngram,0.344482,UNKNOWN,"[""의문사진상규명위원회""]","[""疑問死眞相糾明委員會""]","[""현대""]",,,[],,"{""term_name"": ""의문사진상규명위원회"", ""hanja"": ""疑問死眞相糾明委員會"", ""era"": ""현대"", ""thesaurus_category"": ""사회운동·독립운동>사회운동>민주화운동"", ""description"": ""2000년 10월 17일 위법한 공권력의 직접·간접적인 행사로 인하여 희생된 의문사의 진상 규명을 위한 대통령 소속의 한시적 기구."", ""term_year"": ""2000-2002""}",[],REJECTED,,,,,,,
41,gold-case:108506a00c4a4545ba91,term-review-task:75510239521703b483ac,resolution-case:cba44aac5ee159418aa6,친일반민족행위진상규명위원회,기관,"[{""problem_id"": ""cj_v41_0615"", ""full_text"": ""오늘 헌법 재판소는 헌정 사상 초유의 대통령 탄핵 소추 심판 청구에 대해 기각을 결정하였다. 국회가 제기한 탄핵 사유는 대통령을 파면시킬 만큼 중대한 직무상 위배라고 보기 어렵다는 판단이다.\n다음 뉴스가 보도된 정부 시기에 있었던 사실로 옳은 것은?\n서울 올림픽 대회가 개최되었다.\n국가 인권 위원회가 설립되었다.\n전국 민주 노동조합 총연맹이 창립되었다.\n중국과 자유 무역 협정(FTA)이 체결되었다.\n친일 반민족 행위 진상 규명 위원회가 출범하였다.""}]",source-candidate:bbf923a546b0bd458981,THESAURUS:TERM:4130:sha256-1022516a18f91e61,THESAURUS,4,반민족행위처벌법,name,name_ngram,0.281285,UNKNOWN,"[""반민족행위처벌법""]","[""反民族行爲處罰法""]","[""현대""]",,,[],,"{""term_name"": ""반민족행위처벌법"", ""hanja"": ""反民族行爲處罰法"", ""era"": ""현대"", ""thesaurus_category"": ""정치·행정·법제>법·법령"", ""description"": ""1948년 9월 22일 일제시기의 악질적인 반민족 행위자를 처벌하기 위하여 공포된 법률."", ""term_year"": ""1948""}",[],REJECTED,,,,,,,
42,gold-case:1a7261c1ab933a43d819,term-review-task:8f1907b1d13c80de1a57,resolution-case:5f4f8ec276a9cb10266c,미국,국가,"[{""problem_id"": ""cj_v41_0028"", ""full_text"": ""현재 조선에 가장 시급한 외교 사안이 무엇이라고 생각하십니까? 러시아를 막는 것이다. 이를 위해서는 중국을 가까이하고, 일본과 관계를 공고히 하며, 미국과 연계하여 자강을 도모해야 합니다. - 황준헌, 조선책략 -\n다음 가상 대화 이후 전개된 사실로 옳은 것을 ＜보기＞에서 고른 것은?\nㄱ, ㄴ\nㄱ, ㄷ\nㄴ, ㄷ\nㄴ, ㄹ\nㄷ, ㄹ""}, {""problem_id"": ""cj_v41_0220"", ""full_text"": ""한국사 동영상 제작 계획안 (가), 서양의 근대 문물을 직접 목격하다 기획 의도: 미국 공사의 부임에 대한 답례로 파견된 (가)의 발자취를 통해 근대 문물을 시찰한 과정을 살펴본다. 장면별 구성 #1. 대륙 횡단 열차를 타고 워싱턴에 도착하다. #2. 뉴욕에서 미국 대통령 아서를 접견하다. #3. 보스턴 만국 박람회를 참관하다. #4. 병원, 전신 회사, 우체국 등을 시찰하다.\n(가) 사절단에 대한 설명으로 옳은 것은?\n수신사라는 이름으로 보내졌다.\n조선책략을 들여와 국내에 소개하였다.\n기기국에서 무기 제조 기술을 배우고 돌아왔다.\n개화 반대 여론을 의식하여 비밀리에 파견되었다.\n전권대신 민영익과 부대신 홍영식 등으로 구성되었다.""}, {""problem_id"": ""cj_v41_0270"", ""full_text"": ""청일 전쟁 이후 열강이 침탈한 이권 국가: 독일, 일본, 미국, 러시아, 프랑스 사례: (가), (나), (다), (라), (마)\n(가)~(마)에 들어갈 내용으로 옳지 않은 것은?\n(가) - 당현 금광 채굴권\n(나) - 경부선 철도 부설권\n(다) - 운산 금광 채굴권\n(라) - 울릉도 삼림 채벌권\n(마) - 경인선 철도 부설권""}]",source-candidate:588d8550f174194ca873,AKS:ARTICLE:E0019890:sha256-704d8ea620c542f5,AKS,1,미국,name,exact,1.0,COMPATIBLE,"[""theunitedstatesofamerica"", ""미국"", ""미합중국美合衆國""]","[""美國"", ""美合衆國""]","[""현대""]",,,[],Place,"{""headword"": ""미국"", ""aliases"": [""미합중국(美合衆國)"", ""The United States of America""], ""origin"": ""美國"", ""headword_origin"": ""미국(美國)"", ""primary_type"": ""지명/국가"", ""era"": ""현대"", ""definition"": ""북아메리카대륙의 캐나다와 멕시코 사이에 있는 48주와 알래스카 및 하와이의 2주로 구성된 연방공화국.""}","[{""left_source_candidate_id"": ""source-candidate:588d8550f174194ca873"", ""right_source_candidate_id"": ""source-candidate:e65f696c4cdcf712812d"", ""signals"": [""normalized_name_match"", ""hanja_match""], ""conflicts"": [], ""merge_eligible"": true}]",IDENTITY_MEMBER,ALT_059,미국,Polity,,,,
42,gold-case:1a7261c1ab933a43d819,term-review-task:8f1907b1d13c80de1a57,resolution-case:5f4f8ec276a9cb10266c,미국,국가,"[{""problem_id"": ""cj_v41_0028"", ""full_text"": ""현재 조선에 가장 시급한 외교 사안이 무엇이라고 생각하십니까? 러시아를 막는 것이다. 이를 위해서는 중국을 가까이하고, 일본과 관계를 공고히 하며, 미국과 연계하여 자강을 도모해야 합니다. - 황준헌, 조선책략 -\n다음 가상 대화 이후 전개된 사실로 옳은 것을 ＜보기＞에서 고른 것은?\nㄱ, ㄴ\nㄱ, ㄷ\nㄴ, ㄷ\nㄴ, ㄹ\nㄷ, ㄹ""}, {""problem_id"": ""cj_v41_0220"", ""full_text"": ""한국사 동영상 제작 계획안 (가), 서양의 근대 문물을 직접 목격하다 기획 의도: 미국 공사의 부임에 대한 답례로 파견된 (가)의 발자취를 통해 근대 문물을 시찰한 과정을 살펴본다. 장면별 구성 #1. 대륙 횡단 열차를 타고 워싱턴에 도착하다. #2. 뉴욕에서 미국 대통령 아서를 접견하다. #3. 보스턴 만국 박람회를 참관하다. #4. 병원, 전신 회사, 우체국 등을 시찰하다.\n(가) 사절단에 대한 설명으로 옳은 것은?\n수신사라는 이름으로 보내졌다.\n조선책략을 들여와 국내에 소개하였다.\n기기국에서 무기 제조 기술을 배우고 돌아왔다.\n개화 반대 여론을 의식하여 비밀리에 파견되었다.\n전권대신 민영익과 부대신 홍영식 등으로 구성되었다.""}, {""problem_id"": ""cj_v41_0270"", ""full_text"": ""청일 전쟁 이후 열강이 침탈한 이권 국가: 독일, 일본, 미국, 러시아, 프랑스 사례: (가), (나), (다), (라), (마)\n(가)~(마)에 들어갈 내용으로 옳지 않은 것은?\n(가) - 당현 금광 채굴권\n(나) - 경부선 철도 부설권\n(다) - 운산 금광 채굴권\n(라) - 울릉도 삼림 채벌권\n(마) - 경인선 철도 부설권""}]",source-candidate:e65f696c4cdcf712812d,THESAURUS:TERM:12866:sha256-1022516a18f91e61,THESAURUS,2,미국,name,exact,1.0,UNKNOWN,"[""미국""]","[""美國""]","[""조선후기-현대""]",,,[],,"{""term_name"": ""미국"", ""hanja"": ""美國"", ""era"": ""조선후기-현대"", ""thesaurus_category"": ""역사일반>국가>현대국가"", ""description"": ""북아메리카대륙의 캐나다와 멕시코 사이에 있는 나라."", ""term_year"": ""1776-?""}","[{""left_source_candidate_id"": ""source-candidate:588d8550f174194ca873"", ""right_source_candidate_id"": ""source-candidate:e65f696c4cdcf712812d"", ""signals"": [""normalized_name_match"", ""hanja_match""], ""conflicts"": [], ""merge_eligible"": true}]",IDENTITY_MEMBER,ALT_059,미국,Polity,,,,
42,gold-case:1a7261c1ab933a43d819,term-review-task:8f1907b1d13c80de1a57,resolution-case:5f4f8ec276a9cb10266c,미국,국가,"[{""problem_id"": ""cj_v41_0028"", ""full_text"": ""현재 조선에 가장 시급한 외교 사안이 무엇이라고 생각하십니까? 러시아를 막는 것이다. 이를 위해서는 중국을 가까이하고, 일본과 관계를 공고히 하며, 미국과 연계하여 자강을 도모해야 합니다. - 황준헌, 조선책략 -\n다음 가상 대화 이후 전개된 사실로 옳은 것을 ＜보기＞에서 고른 것은?\nㄱ, ㄴ\nㄱ, ㄷ\nㄴ, ㄷ\nㄴ, ㄹ\nㄷ, ㄹ""}, {""problem_id"": ""cj_v41_0220"", ""full_text"": ""한국사 동영상 제작 계획안 (가), 서양의 근대 문물을 직접 목격하다 기획 의도: 미국 공사의 부임에 대한 답례로 파견된 (가)의 발자취를 통해 근대 문물을 시찰한 과정을 살펴본다. 장면별 구성 #1. 대륙 횡단 열차를 타고 워싱턴에 도착하다. #2. 뉴욕에서 미국 대통령 아서를 접견하다. #3. 보스턴 만국 박람회를 참관하다. #4. 병원, 전신 회사, 우체국 등을 시찰하다.\n(가) 사절단에 대한 설명으로 옳은 것은?\n수신사라는 이름으로 보내졌다.\n조선책략을 들여와 국내에 소개하였다.\n기기국에서 무기 제조 기술을 배우고 돌아왔다.\n개화 반대 여론을 의식하여 비밀리에 파견되었다.\n전권대신 민영익과 부대신 홍영식 등으로 구성되었다.""}, {""problem_id"": ""cj_v41_0270"", ""full_text"": ""청일 전쟁 이후 열강이 침탈한 이권 국가: 독일, 일본, 미국, 러시아, 프랑스 사례: (가), (나), (다), (라), (마)\n(가)~(마)에 들어갈 내용으로 옳지 않은 것은?\n(가) - 당현 금광 채굴권\n(나) - 경부선 철도 부설권\n(다) - 운산 금광 채굴권\n(라) - 울릉도 삼림 채벌권\n(마) - 경인선 철도 부설권""}]",source-candidate:8d1cbfa587bd02924764,THESAURUS:TERM:176:sha256-1022516a18f91e61,THESAURUS,3,미국,name,exact,1.0,UNKNOWN,"[""미국""]",[],[],,,[],,"{""term_name"": ""미국"", ""thesaurus_category"": ""_NULL_""}",[],,,,,,,,
42,gold-case:1a7261c1ab933a43d819,term-review-task:8f1907b1d13c80de1a57,resolution-case:5f4f8ec276a9cb10266c,미국,국가,"[{""problem_id"": ""cj_v41_0028"", ""full_text"": ""현재 조선에 가장 시급한 외교 사안이 무엇이라고 생각하십니까? 러시아를 막는 것이다. 이를 위해서는 중국을 가까이하고, 일본과 관계를 공고히 하며, 미국과 연계하여 자강을 도모해야 합니다. - 황준헌, 조선책략 -\n다음 가상 대화 이후 전개된 사실로 옳은 것을 ＜보기＞에서 고른 것은?\nㄱ, ㄴ\nㄱ, ㄷ\nㄴ, ㄷ\nㄴ, ㄹ\nㄷ, ㄹ""}, {""problem_id"": ""cj_v41_0220"", ""full_text"": ""한국사 동영상 제작 계획안 (가), 서양의 근대 문물을 직접 목격하다 기획 의도: 미국 공사의 부임에 대한 답례로 파견된 (가)의 발자취를 통해 근대 문물을 시찰한 과정을 살펴본다. 장면별 구성 #1. 대륙 횡단 열차를 타고 워싱턴에 도착하다. #2. 뉴욕에서 미국 대통령 아서를 접견하다. #3. 보스턴 만국 박람회를 참관하다. #4. 병원, 전신 회사, 우체국 등을 시찰하다.\n(가) 사절단에 대한 설명으로 옳은 것은?\n수신사라는 이름으로 보내졌다.\n조선책략을 들여와 국내에 소개하였다.\n기기국에서 무기 제조 기술을 배우고 돌아왔다.\n개화 반대 여론을 의식하여 비밀리에 파견되었다.\n전권대신 민영익과 부대신 홍영식 등으로 구성되었다.""}, {""problem_id"": ""cj_v41_0270"", ""full_text"": ""청일 전쟁 이후 열강이 침탈한 이권 국가: 독일, 일본, 미국, 러시아, 프랑스 사례: (가), (나), (다), (라), (마)\n(가)~(마)에 들어갈 내용으로 옳지 않은 것은?\n(가) - 당현 금광 채굴권\n(나) - 경부선 철도 부설권\n(다) - 운산 금광 채굴권\n(라) - 울릉도 삼림 채벌권\n(마) - 경인선 철도 부설권""}]",source-candidate:2b03537f7dd17b5fcee9,THESAURUS:TERM:29363851:sha256-1022516a18f91e61,THESAURUS,4,미국인회사,description,bidirectional_containment,0.906229,UNKNOWN,"[""미국인회사""]","[""美國人會社""]","[""근대""]",,,[],,"{""term_name"": ""미국인회사"", ""hanja"": ""美國人會社"", ""era"": ""근대"", ""thesaurus_category"": ""경제·산업>경제단체·기구>회사·기업"", ""description"": ""미국인이 설립하거나 혹은 미국인 자본으로 설립된 회사."", ""term_year"": ""?-?"", ""term_remark"": ""대한제국기""}",[],EVIDENCE_ONLY,,,,REL_060,미국인 회사,Organization,
42,gold-case:1a7261c1ab933a43d819,term-review-task:8f1907b1d13c80de1a57,resolution-case:5f4f8ec276a9cb10266c,미국,국가,"[{""problem_id"": ""cj_v41_0028"", ""full_text"": ""현재 조선에 가장 시급한 외교 사안이 무엇이라고 생각하십니까? 러시아를 막는 것이다. 이를 위해서는 중국을 가까이하고, 일본과 관계를 공고히 하며, 미국과 연계하여 자강을 도모해야 합니다. - 황준헌, 조선책략 -\n다음 가상 대화 이후 전개된 사실로 옳은 것을 ＜보기＞에서 고른 것은?\nㄱ, ㄴ\nㄱ, ㄷ\nㄴ, ㄷ\nㄴ, ㄹ\nㄷ, ㄹ""}, {""problem_id"": ""cj_v41_0220"", ""full_text"": ""한국사 동영상 제작 계획안 (가), 서양의 근대 문물을 직접 목격하다 기획 의도: 미국 공사의 부임에 대한 답례로 파견된 (가)의 발자취를 통해 근대 문물을 시찰한 과정을 살펴본다. 장면별 구성 #1. 대륙 횡단 열차를 타고 워싱턴에 도착하다. #2. 뉴욕에서 미국 대통령 아서를 접견하다. #3. 보스턴 만국 박람회를 참관하다. #4. 병원, 전신 회사, 우체국 등을 시찰하다.\n(가) 사절단에 대한 설명으로 옳은 것은?\n수신사라는 이름으로 보내졌다.\n조선책략을 들여와 국내에 소개하였다.\n기기국에서 무기 제조 기술을 배우고 돌아왔다.\n개화 반대 여론을 의식하여 비밀리에 파견되었다.\n전권대신 민영익과 부대신 홍영식 등으로 구성되었다.""}, {""problem_id"": ""cj_v41_0270"", ""full_text"": ""청일 전쟁 이후 열강이 침탈한 이권 국가: 독일, 일본, 미국, 러시아, 프랑스 사례: (가), (나), (다), (라), (마)\n(가)~(마)에 들어갈 내용으로 옳지 않은 것은?\n(가) - 당현 금광 채굴권\n(나) - 경부선 철도 부설권\n(다) - 운산 금광 채굴권\n(라) - 울릉도 삼림 채벌권\n(마) - 경인선 철도 부설권""}]",source-candidate:8bcd00781bf8d173db6d,THESAURUS:TERM:29364965:sha256-1022516a18f91e61,THESAURUS,5,미국인회사,description,bidirectional_containment,0.906229,UNKNOWN,"[""미국인회사""]","[""美國人會社""]","[""개항기""]",,,[],,"{""term_name"": ""미국인회사"", ""hanja"": ""美國人會社"", ""era"": ""개항기"", ""thesaurus_category"": ""경제·산업>경제단체·기구>회사·기업"", ""description"": ""미국인이 설립하거나 미국인 자본으로 설립된 회사."", ""term_year"": ""?-?"", ""term_remark"": ""개항기""}",[],EVIDENCE_ONLY,,,,REL_060,미국인 회사,Organization,
42,gold-case:1a7261c1ab933a43d819,term-review-task:8f1907b1d13c80de1a57,resolution-case:5f4f8ec276a9cb10266c,미국,국가,"[{""problem_id"": ""cj_v41_0028"", ""full_text"": ""현재 조선에 가장 시급한 외교 사안이 무엇이라고 생각하십니까? 러시아를 막는 것이다. 이를 위해서는 중국을 가까이하고, 일본과 관계를 공고히 하며, 미국과 연계하여 자강을 도모해야 합니다. - 황준헌, 조선책략 -\n다음 가상 대화 이후 전개된 사실로 옳은 것을 ＜보기＞에서 고른 것은?\nㄱ, ㄴ\nㄱ, ㄷ\nㄴ, ㄷ\nㄴ, ㄹ\nㄷ, ㄹ""}, {""problem_id"": ""cj_v41_0220"", ""full_text"": ""한국사 동영상 제작 계획안 (가), 서양의 근대 문물을 직접 목격하다 기획 의도: 미국 공사의 부임에 대한 답례로 파견된 (가)의 발자취를 통해 근대 문물을 시찰한 과정을 살펴본다. 장면별 구성 #1. 대륙 횡단 열차를 타고 워싱턴에 도착하다. #2. 뉴욕에서 미국 대통령 아서를 접견하다. #3. 보스턴 만국 박람회를 참관하다. #4. 병원, 전신 회사, 우체국 등을 시찰하다.\n(가) 사절단에 대한 설명으로 옳은 것은?\n수신사라는 이름으로 보내졌다.\n조선책략을 들여와 국내에 소개하였다.\n기기국에서 무기 제조 기술을 배우고 돌아왔다.\n개화 반대 여론을 의식하여 비밀리에 파견되었다.\n전권대신 민영익과 부대신 홍영식 등으로 구성되었다.""}, {""problem_id"": ""cj_v41_0270"", ""full_text"": ""청일 전쟁 이후 열강이 침탈한 이권 국가: 독일, 일본, 미국, 러시아, 프랑스 사례: (가), (나), (다), (라), (마)\n(가)~(마)에 들어갈 내용으로 옳지 않은 것은?\n(가) - 당현 금광 채굴권\n(나) - 경부선 철도 부설권\n(다) - 운산 금광 채굴권\n(라) - 울릉도 삼림 채벌권\n(마) - 경인선 철도 부설권""}]",source-candidate:fbed12551700e1e632c0,THESAURUS:TERM:29368823:sha256-1022516a18f91e61,THESAURUS,6,미국의소리,description,bidirectional_containment,0.906229,UNKNOWN,"[""미국의소리""]","[""美國""]","[""현대""]",,,[],,"{""term_name"": ""미국의소리"", ""hanja"": ""美國의소리"", ""era"": ""현대"", ""thesaurus_category"": ""외교·국제관계>미국>외교·국제관계(미국)"", ""description"": ""1942년 국무부의 국제협력국 관장하에 창설된 미국의 대외선전방송(對外宣傳放送)."", ""term_year"": ""1942-?""}",[],EVIDENCE_ONLY,,,,REL_061,미국의 소리,Concept,
42,gold-case:1a7261c1ab933a43d819,term-review-task:8f1907b1d13c80de1a57,resolution-case:5f4f8ec276a9cb10266c,미국,국가,"[{""problem_id"": ""cj_v41_0028"", ""full_text"": ""현재 조선에 가장 시급한 외교 사안이 무엇이라고 생각하십니까? 러시아를 막는 것이다. 이를 위해서는 중국을 가까이하고, 일본과 관계를 공고히 하며, 미국과 연계하여 자강을 도모해야 합니다. - 황준헌, 조선책략 -\n다음 가상 대화 이후 전개된 사실로 옳은 것을 ＜보기＞에서 고른 것은?\nㄱ, ㄴ\nㄱ, ㄷ\nㄴ, ㄷ\nㄴ, ㄹ\nㄷ, ㄹ""}, {""problem_id"": ""cj_v41_0220"", ""full_text"": ""한국사 동영상 제작 계획안 (가), 서양의 근대 문물을 직접 목격하다 기획 의도: 미국 공사의 부임에 대한 답례로 파견된 (가)의 발자취를 통해 근대 문물을 시찰한 과정을 살펴본다. 장면별 구성 #1. 대륙 횡단 열차를 타고 워싱턴에 도착하다. #2. 뉴욕에서 미국 대통령 아서를 접견하다. #3. 보스턴 만국 박람회를 참관하다. #4. 병원, 전신 회사, 우체국 등을 시찰하다.\n(가) 사절단에 대한 설명으로 옳은 것은?\n수신사라는 이름으로 보내졌다.\n조선책략을 들여와 국내에 소개하였다.\n기기국에서 무기 제조 기술을 배우고 돌아왔다.\n개화 반대 여론을 의식하여 비밀리에 파견되었다.\n전권대신 민영익과 부대신 홍영식 등으로 구성되었다.""}, {""problem_id"": ""cj_v41_0270"", ""full_text"": ""청일 전쟁 이후 열강이 침탈한 이권 국가: 독일, 일본, 미국, 러시아, 프랑스 사례: (가), (나), (다), (라), (마)\n(가)~(마)에 들어갈 내용으로 옳지 않은 것은?\n(가) - 당현 금광 채굴권\n(나) - 경부선 철도 부설권\n(다) - 운산 금광 채굴권\n(라) - 울릉도 삼림 채벌권\n(마) - 경인선 철도 부설권""}]",source-candidate:0a68aeaa93074230772f,AKS:ARTICLE:E0006615:sha256-704d8ea620c542f5,AKS,7,군미국,name,bidirectional_containment,0.600444,COMPATIBLE,"[""곤미"", ""군미국""]","[""軍彌國""]","[""고대"", ""초기국가""]",,,[],Place,"{""headword"": ""군미국"", ""aliases"": [""곤미""], ""origin"": ""軍彌國"", ""headword_origin"": ""군미국(軍彌國)"", ""primary_type"": ""지명/국가"", ""era"": ""고대/초기국가"", ""definition"": ""삼한시대 진한의 소국.""}",[],REJECTED,,,,,,,
42,gold-case:1a7261c1ab933a43d819,term-review-task:8f1907b1d13c80de1a57,resolution-case:5f4f8ec276a9cb10266c,미국,국가,"[{""problem_id"": ""cj_v41_0028"", ""full_text"": ""현재 조선에 가장 시급한 외교 사안이 무엇이라고 생각하십니까? 러시아를 막는 것이다. 이를 위해서는 중국을 가까이하고, 일본과 관계를 공고히 하며, 미국과 연계하여 자강을 도모해야 합니다. - 황준헌, 조선책략 -\n다음 가상 대화 이후 전개된 사실로 옳은 것을 ＜보기＞에서 고른 것은?\nㄱ, ㄴ\nㄱ, ㄷ\nㄴ, ㄷ\nㄴ, ㄹ\nㄷ, ㄹ""}, {""problem_id"": ""cj_v41_0220"", ""full_text"": ""한국사 동영상 제작 계획안 (가), 서양의 근대 문물을 직접 목격하다 기획 의도: 미국 공사의 부임에 대한 답례로 파견된 (가)의 발자취를 통해 근대 문물을 시찰한 과정을 살펴본다. 장면별 구성 #1. 대륙 횡단 열차를 타고 워싱턴에 도착하다. #2. 뉴욕에서 미국 대통령 아서를 접견하다. #3. 보스턴 만국 박람회를 참관하다. #4. 병원, 전신 회사, 우체국 등을 시찰하다.\n(가) 사절단에 대한 설명으로 옳은 것은?\n수신사라는 이름으로 보내졌다.\n조선책략을 들여와 국내에 소개하였다.\n기기국에서 무기 제조 기술을 배우고 돌아왔다.\n개화 반대 여론을 의식하여 비밀리에 파견되었다.\n전권대신 민영익과 부대신 홍영식 등으로 구성되었다.""}, {""problem_id"": ""cj_v41_0270"", ""full_text"": ""청일 전쟁 이후 열강이 침탈한 이권 국가: 독일, 일본, 미국, 러시아, 프랑스 사례: (가), (나), (다), (라), (마)\n(가)~(마)에 들어갈 내용으로 옳지 않은 것은?\n(가) - 당현 금광 채굴권\n(나) - 경부선 철도 부설권\n(다) - 운산 금광 채굴권\n(라) - 울릉도 삼림 채벌권\n(마) - 경인선 철도 부설권""}]",source-candidate:397ba292276cc96d2618,AKS:ARTICLE:E0024972:sha256-704d8ea620c542f5,AKS,8,불미국,name,bidirectional_containment,0.600444,COMPATIBLE,"[""불미국""]","[""不彌國""]","[""고대"", ""초기국가"", ""삼한""]",,,[],Place,"{""headword"": ""불미국"", ""origin"": ""不彌國"", ""headword_origin"": ""불미국(不彌國)"", ""primary_type"": ""지명/국가"", ""era"": ""고대/초기국가/삼한"", ""definition"": ""삼한시대 마한의 소국.""}",[],REJECTED,,,,,,,
42,gold-case:1a7261c1ab933a43d819,term-review-task:8f1907b1d13c80de1a57,resolution-case:5f4f8ec276a9cb10266c,미국,국가,"[{""problem_id"": ""cj_v41_0028"", ""full_text"": ""현재 조선에 가장 시급한 외교 사안이 무엇이라고 생각하십니까? 러시아를 막는 것이다. 이를 위해서는 중국을 가까이하고, 일본과 관계를 공고히 하며, 미국과 연계하여 자강을 도모해야 합니다. - 황준헌, 조선책략 -\n다음 가상 대화 이후 전개된 사실로 옳은 것을 ＜보기＞에서 고른 것은?\nㄱ, ㄴ\nㄱ, ㄷ\nㄴ, ㄷ\nㄴ, ㄹ\nㄷ, ㄹ""}, {""problem_id"": ""cj_v41_0220"", ""full_text"": ""한국사 동영상 제작 계획안 (가), 서양의 근대 문물을 직접 목격하다 기획 의도: 미국 공사의 부임에 대한 답례로 파견된 (가)의 발자취를 통해 근대 문물을 시찰한 과정을 살펴본다. 장면별 구성 #1. 대륙 횡단 열차를 타고 워싱턴에 도착하다. #2. 뉴욕에서 미국 대통령 아서를 접견하다. #3. 보스턴 만국 박람회를 참관하다. #4. 병원, 전신 회사, 우체국 등을 시찰하다.\n(가) 사절단에 대한 설명으로 옳은 것은?\n수신사라는 이름으로 보내졌다.\n조선책략을 들여와 국내에 소개하였다.\n기기국에서 무기 제조 기술을 배우고 돌아왔다.\n개화 반대 여론을 의식하여 비밀리에 파견되었다.\n전권대신 민영익과 부대신 홍영식 등으로 구성되었다.""}, {""problem_id"": ""cj_v41_0270"", ""full_text"": ""청일 전쟁 이후 열강이 침탈한 이권 국가: 독일, 일본, 미국, 러시아, 프랑스 사례: (가), (나), (다), (라), (마)\n(가)~(마)에 들어갈 내용으로 옳지 않은 것은?\n(가) - 당현 금광 채굴권\n(나) - 경부선 철도 부설권\n(다) - 운산 금광 채굴권\n(라) - 울릉도 삼림 채벌권\n(마) - 경인선 철도 부설권""}]",source-candidate:6a9cbdf9949decc655b1,AKS:ARTICLE:E0025143:sha256-704d8ea620c542f5,AKS,9,비미국,name,bidirectional_containment,0.600444,COMPATIBLE,"[""비미국""]","[""卑彌國""]","[""고대"", ""초기국가"", ""삼한""]",,,[],Place,"{""headword"": ""비미국"", ""origin"": ""卑彌國"", ""headword_origin"": ""비미국(卑彌國)"", ""primary_type"": ""지명/국가"", ""era"": ""고대/초기국가/삼한"", ""definition"": ""삼한시대 마한의 소국.""}",[],REJECTED,,,,,,,
42,gold-case:1a7261c1ab933a43d819,term-review-task:8f1907b1d13c80de1a57,resolution-case:5f4f8ec276a9cb10266c,미국,국가,"[{""problem_id"": ""cj_v41_0028"", ""full_text"": ""현재 조선에 가장 시급한 외교 사안이 무엇이라고 생각하십니까? 러시아를 막는 것이다. 이를 위해서는 중국을 가까이하고, 일본과 관계를 공고히 하며, 미국과 연계하여 자강을 도모해야 합니다. - 황준헌, 조선책략 -\n다음 가상 대화 이후 전개된 사실로 옳은 것을 ＜보기＞에서 고른 것은?\nㄱ, ㄴ\nㄱ, ㄷ\nㄴ, ㄷ\nㄴ, ㄹ\nㄷ, ㄹ""}, {""problem_id"": ""cj_v41_0220"", ""full_text"": ""한국사 동영상 제작 계획안 (가), 서양의 근대 문물을 직접 목격하다 기획 의도: 미국 공사의 부임에 대한 답례로 파견된 (가)의 발자취를 통해 근대 문물을 시찰한 과정을 살펴본다. 장면별 구성 #1. 대륙 횡단 열차를 타고 워싱턴에 도착하다. #2. 뉴욕에서 미국 대통령 아서를 접견하다. #3. 보스턴 만국 박람회를 참관하다. #4. 병원, 전신 회사, 우체국 등을 시찰하다.\n(가) 사절단에 대한 설명으로 옳은 것은?\n수신사라는 이름으로 보내졌다.\n조선책략을 들여와 국내에 소개하였다.\n기기국에서 무기 제조 기술을 배우고 돌아왔다.\n개화 반대 여론을 의식하여 비밀리에 파견되었다.\n전권대신 민영익과 부대신 홍영식 등으로 구성되었다.""}, {""problem_id"": ""cj_v41_0270"", ""full_text"": ""청일 전쟁 이후 열강이 침탈한 이권 국가: 독일, 일본, 미국, 러시아, 프랑스 사례: (가), (나), (다), (라), (마)\n(가)~(마)에 들어갈 내용으로 옳지 않은 것은?\n(가) - 당현 금광 채굴권\n(나) - 경부선 철도 부설권\n(다) - 운산 금광 채굴권\n(라) - 울릉도 삼림 채벌권\n(마) - 경인선 철도 부설권""}]",source-candidate:64fd7a522e20513851f9,AKS:ARTICLE:E0077940:sha256-704d8ea620c542f5,AKS,10,신미국,name,bidirectional_containment,0.600444,COMPATIBLE,"[""신미국"", ""신운신국臣雲新國"", ""침미다례忱彌多禮""]","[""新彌國"", ""臣雲新國"", ""忱彌多禮""]","[""고대"", ""초기국가"", ""삼한""]",,,[],Place,"{""headword"": ""신미국"", ""aliases"": [""신운신국(臣雲新國)"", ""침미다례(忱彌多禮)""], ""origin"": ""新彌國"", ""headword_origin"": ""신미국(新彌國)"", ""primary_type"": ""지명/국가"", ""era"": ""고대/초기국가/삼한"", ""definition"": ""마한(馬韓)에 속하였던 초기국가.""}",[],REJECTED,,,,,,,
43,gold-case:313c4fb3a8a2c4a99a14,term-review-task:050dc818f96f2e508bed,resolution-case:2c9179c54c2f9b83572f,주심포 양식,제도,"[{""problem_id"": ""cj_v41_img_57_15"", ""full_text"": ""우리나라에 현존하는 가장 오래된 목조 건축물에 대해 이야기해 보자.\n공민왕 때 지붕을 크게 수리했다는 상량문의 기록을 통해 건축 연대를 추정할 수 있지.\n공포가 기둥위에만 있는 주심포 양식의 건물로, 지붕의 형태는 맞배지붕이야.\n다음 대화에 해당하는 문화유산으로 옳은 것은?\n안동 봉정사 극락전\n보은 법주사 팔상전\n구례 화엄사 각황전\n예산 수덕사 대웅전\n영주 부석사 무량수전""}]",source-candidate:f6593890d2cb75b2cfe1,AKS:ARTICLE:E0002030:sha256-704d8ea620c542f5,AKS,1,주심포 양식,body,body_mention,1.0,COMPATIBLE,"[""건축""]","[""建築""]","[""현대""]",,,[],Concept,"{""headword"": ""건축"", ""origin"": ""建築"", ""headword_origin"": ""건축(建築)"", ""primary_type"": ""개념"", ""era"": ""현대"", ""definition"": ""인간적 요구와 건축재료에 의해 실용적·미적 요구를 충족시키도록 만들어진 구조물."", ""snippet"": ""에 들어와서는 남송(南宋)과의 교류로 중국 화남지방에 있던 새로운 양식의 건축이 고려에 도입되어 [주심포(柱心包)](E0053332) 양식을 정착시켰고, 그 말기에는 원나라와의 교류로 화북지방에 있던 또""}",[],EVIDENCE_ONLY,,,,REL_062,건축,,카테고리 노드 자체가 되어야 할 용어이므로 분류 못함
43,gold-case:313c4fb3a8a2c4a99a14,term-review-task:050dc818f96f2e508bed,resolution-case:2c9179c54c2f9b83572f,주심포 양식,제도,"[{""problem_id"": ""cj_v41_img_57_15"", ""full_text"": ""우리나라에 현존하는 가장 오래된 목조 건축물에 대해 이야기해 보자.\n공민왕 때 지붕을 크게 수리했다는 상량문의 기록을 통해 건축 연대를 추정할 수 있지.\n공포가 기둥위에만 있는 주심포 양식의 건물로, 지붕의 형태는 맞배지붕이야.\n다음 대화에 해당하는 문화유산으로 옳은 것은?\n안동 봉정사 극락전\n보은 법주사 팔상전\n구례 화엄사 각황전\n예산 수덕사 대웅전\n영주 부석사 무량수전""}]",source-candidate:645354f3109d3ee805ba,AKS:ARTICLE:E0019967:sha256-704d8ea620c542f5,AKS,2,주심포 양식,body,body_mention,1.0,COMPATIBLE,"[""미술""]","[""美術""]",[],,,[],Concept,"{""headword"": ""미술"", ""origin"": ""美術"", ""headword_origin"": ""미술(美術)"", ""primary_type"": ""개념"", ""era"": ""미상"", ""definition"": ""시각으로 파악할 수 있는 건축·회화·조각 등을 포함하는 예술."", ""snippet"": ""의 미술 ### 건축 [고려시대](E0003424) 목조 건축의 양식은 기본적으로 기둥 위에만 공포를 쌓는 주심포양식(柱心包樣式)이다. 하지만 거기에는 전통적인 제1양식과 남송(南宋) 때의 푸젠성(福建省) 지방 양""}",[],EVIDENCE_ONLY,,,,REL_063,미술,,카테고리 노드 자체가 되어야 할 용어이므로 분류 못함
43,gold-case:313c4fb3a8a2c4a99a14,term-review-task:050dc818f96f2e508bed,resolution-case:2c9179c54c2f9b83572f,주심포 양식,제도,"[{""problem_id"": ""cj_v41_img_57_15"", ""full_text"": ""우리나라에 현존하는 가장 오래된 목조 건축물에 대해 이야기해 보자.\n공민왕 때 지붕을 크게 수리했다는 상량문의 기록을 통해 건축 연대를 추정할 수 있지.\n공포가 기둥위에만 있는 주심포 양식의 건물로, 지붕의 형태는 맞배지붕이야.\n다음 대화에 해당하는 문화유산으로 옳은 것은?\n안동 봉정사 극락전\n보은 법주사 팔상전\n구례 화엄사 각황전\n예산 수덕사 대웅전\n영주 부석사 무량수전""}]",source-candidate:82d15a9547f96c898a16,AKS:ARTICLE:E0024924:sha256-704d8ea620c542f5,AKS,3,주심포 양식,body,body_mention,1.0,COMPATIBLE,"[""불교미술""]","[""佛敎美術""]",[],,,[],Concept,"{""headword"": ""불교미술"", ""origin"": ""佛敎美術"", ""headword_origin"": ""불교미술(佛敎美術)"", ""primary_type"": ""개념"", ""era"": ""미상"", ""definition"": ""불교의 교리와 신앙에 기초하여 불교적인 소재를 조형화한 종교미술."", ""snippet"": ""이로 하여금 고려 목조 건축의 우수성을 실감하게 한다. 조선시대의 목조 건축도 고려시대에 도입된 주심포 양식과 다포 양식이 주류를 이루었다. 이 두 양식은 도입된 직후에는 순수한 양식적 특징을 서로 간직""}",[],EVIDENCE_ONLY,,,,REL_064,불교미술,,카테고리 노드 자체가 되어야 할 용어이므로 분류 못함
43,gold-case:313c4fb3a8a2c4a99a14,term-review-task:050dc818f96f2e508bed,resolution-case:2c9179c54c2f9b83572f,주심포 양식,제도,"[{""problem_id"": ""cj_v41_img_57_15"", ""full_text"": ""우리나라에 현존하는 가장 오래된 목조 건축물에 대해 이야기해 보자.\n공민왕 때 지붕을 크게 수리했다는 상량문의 기록을 통해 건축 연대를 추정할 수 있지.\n공포가 기둥위에만 있는 주심포 양식의 건물로, 지붕의 형태는 맞배지붕이야.\n다음 대화에 해당하는 문화유산으로 옳은 것은?\n안동 봉정사 극락전\n보은 법주사 팔상전\n구례 화엄사 각황전\n예산 수덕사 대웅전\n영주 부석사 무량수전""}]",source-candidate:4fc9689e84b6f33b34b9,AKS:ARTICLE:E0053332:sha256-704d8ea620c542f5,AKS,4,주심포 양식,body,body_mention,1.0,COMPATIBLE,"[""주심포"", ""주심포건축"", ""주심포집""]","[""柱心包""]","[""현대""]",,,[],Concept,"{""headword"": ""주심포"", ""aliases"": [""주심포 건축"", ""주심포집""], ""origin"": ""柱心包"", ""headword_origin"": ""주심포(柱心包)"", ""primary_type"": ""개념"", ""era"": ""현대"", ""definition"": ""주두, 소로, 첨차, 살미 및 기타 구조 부재의 조합인 공포를 기둥 위에만 설치한 공포(栱包)의 유형."", ""snippet"": ""한다. 봉정사 극락전, 부석사 무량수전과 같이 헛첨차를 사용하지 않은 건물도 있기 때문에 헛첨차는 주심포 건축 양식을 구분할 수 있는 중요한 부재[^12]이다. 다른 나라에서는 헛첨차를 사용해 첫 번째 출목을""}","[{""left_source_candidate_id"": ""source-candidate:1be56502f170dcd420c2"", ""right_source_candidate_id"": ""source-candidate:4fc9689e84b6f33b34b9"", ""signals"": [""normalized_name_match"", ""hanja_match""], ""conflicts"": [], ""merge_eligible"": true}]",IDENTITY_MEMBER,ALT_065,주심포 양식,Heritage,,,,
43,gold-case:313c4fb3a8a2c4a99a14,term-review-task:050dc818f96f2e508bed,resolution-case:2c9179c54c2f9b83572f,주심포 양식,제도,"[{""problem_id"": ""cj_v41_img_57_15"", ""full_text"": ""우리나라에 현존하는 가장 오래된 목조 건축물에 대해 이야기해 보자.\n공민왕 때 지붕을 크게 수리했다는 상량문의 기록을 통해 건축 연대를 추정할 수 있지.\n공포가 기둥위에만 있는 주심포 양식의 건물로, 지붕의 형태는 맞배지붕이야.\n다음 대화에 해당하는 문화유산으로 옳은 것은?\n안동 봉정사 극락전\n보은 법주사 팔상전\n구례 화엄사 각황전\n예산 수덕사 대웅전\n영주 부석사 무량수전""}]",source-candidate:5c0b48ae3b485e4b52a5,AKS:ARTICLE:E0062880:sha256-704d8ea620c542f5,AKS,5,주심포 양식,body,body_mention,1.0,COMPATIBLE,"[""향교""]","[""鄕校""]","[""고려"", ""고려 전기"", ""조선""]",,,[],Concept,"{""headword"": ""향교"", ""origin"": ""鄕校"", ""headword_origin"": ""향교(鄕校)"", ""primary_type"": ""제도/법령·제도"", ""era"": ""고려/고려 전기 | 조선"", ""definition"": ""고려와 조선시대의 지방에서 유학을 교육하기 위하여 설립된 관학교육기관."", ""snippet"": ""건물들이 일률적으로 하나의 건축구조양식을 이루지 않고 대략 세 가지 양식 중 하나를 택하게 된다. 주심포(柱心包)양식, 익공(翼工)양식, 그리고 민도릿집양식이 일반적으로 대성전은 주심포양식(예 : 강릉향교""}",[],EVIDENCE_ONLY,,,,REL_066,향교,Institution,
43,gold-case:313c4fb3a8a2c4a99a14,term-review-task:050dc818f96f2e508bed,resolution-case:2c9179c54c2f9b83572f,주심포 양식,제도,"[{""problem_id"": ""cj_v41_img_57_15"", ""full_text"": ""우리나라에 현존하는 가장 오래된 목조 건축물에 대해 이야기해 보자.\n공민왕 때 지붕을 크게 수리했다는 상량문의 기록을 통해 건축 연대를 추정할 수 있지.\n공포가 기둥위에만 있는 주심포 양식의 건물로, 지붕의 형태는 맞배지붕이야.\n다음 대화에 해당하는 문화유산으로 옳은 것은?\n안동 봉정사 극락전\n보은 법주사 팔상전\n구례 화엄사 각황전\n예산 수덕사 대웅전\n영주 부석사 무량수전""}]",source-candidate:1be56502f170dcd420c2,THESAURUS:TERM:29369882:sha256-1022516a18f91e61,THESAURUS,6,주심포,name,bidirectional_containment,0.5108,UNKNOWN,"[""주심포""]","[""柱心包""]",[],,,[],,"{""term_name"": ""주심포"", ""hanja"": ""柱心包"", ""era"": ""통시대"", ""thesaurus_category"": ""문화·예술>미술"", ""description"": ""공포가 기둥머리 바로 위에 받쳐진 형식. 건물 내부에 기둥이 없는 넓은 공간을 만드는 데 적합한 가구(架構) 수법. 가장 오래된 건축 양식."", ""term_year"": ""?-?""}","[{""left_source_candidate_id"": ""source-candidate:1be56502f170dcd420c2"", ""right_source_candidate_id"": ""source-candidate:4fc9689e84b6f33b34b9"", ""signals"": [""normalized_name_match"", ""hanja_match""], ""conflicts"": [], ""merge_eligible"": true}]",IDENTITY_MEMBER,ALT_065,주심포 양식,Heritage,,,,
43,gold-case:313c4fb3a8a2c4a99a14,term-review-task:050dc818f96f2e508bed,resolution-case:2c9179c54c2f9b83572f,주심포 양식,제도,"[{""problem_id"": ""cj_v41_img_57_15"", ""full_text"": ""우리나라에 현존하는 가장 오래된 목조 건축물에 대해 이야기해 보자.\n공민왕 때 지붕을 크게 수리했다는 상량문의 기록을 통해 건축 연대를 추정할 수 있지.\n공포가 기둥위에만 있는 주심포 양식의 건물로, 지붕의 형태는 맞배지붕이야.\n다음 대화에 해당하는 문화유산으로 옳은 것은?\n안동 봉정사 극락전\n보은 법주사 팔상전\n구례 화엄사 각황전\n예산 수덕사 대웅전\n영주 부석사 무량수전""}]",source-candidate:3f8040d21a7a3fc5302f,AKS:ARTICLE:E0034799:sha256-704d8ea620c542f5,AKS,7,,description,description_containment,0.47,COMPATIBLE,"[""안성객사""]","[""安城"", ""客舍""]","[""현대""]",,,[],Concept,"{""headword"": ""안성 객사"", ""origin"": ""安城 客舍"", ""headword_origin"": ""안성 객사(安城 客舍)"", ""primary_type"": ""제도/관청"", ""era"": ""현대"", ""definition"": ""경기도 안성시 보개면에 있는 해방 이후 복원한 주심포 양식의 관청. 객사.""}",[],EVIDENCE_ONLY,,,,REL_067,안성 객사,Heritage,
44,gold-case:f1480c39cc5ceed5dfdc,term-review-task:ed0714fd012e333170b9,resolution-case:a46c2cc87914c9658992,하복연,인물,"[{""problem_id"": ""cj_v41_0103"", ""full_text"": ""이것은 (가)의 중대성에서 일본의 태정관에 보낸 외교 문서의 사본이다. 문서에는 정당성의 좌윤 하복연 등 주요 사신단의 명단과 두 나라의 우호를 돈독히 하고자 사신을 파견한다는 내용 등이 담겨 있다. 오늘 소개해 주실 자료는 무엇인가요?\n(가) 국가에 대한 설명으로 옳은 것은?\n광군을 창설하여 외침에 대비하였다.\n주자감을 설치하여 인재를 양성하였다.\n골품제라는 엄격한 신분제를 마련하였다.\n9주 5소경의 지방 행정 제도를 갖추었다.\n왕족인 부여씨와 8성의 귀족이 지배층을 이루었다.""}]",source-candidate:f7ff891c0d65d97bc1c0,AKS:ARTICLE:E0014665:sha256-704d8ea620c542f5,AKS,1,하복연,body,body_mention,1.0,COMPATIBLE,"[""대이진""]","[""大彛震""]","[""고대"", ""남북국"", ""발해""]",,,[],Person,"{""headword"": ""대이진"", ""origin"": ""大彛震"", ""headword_origin"": ""대이진(大彛震)"", ""primary_type"": ""인물/전통 인물"", ""era"": ""고대/남북국/발해"", ""definition"": ""발해의 제11대(재위: 830년~858년) 왕."", ""snippet"": ""발히 전개되었다. 한편, 일본과도 빈번한 내왕이 있어, 선왕 때 이어 왕문구(王文矩)가 계속 파견되었고 하복연(賀福延) 등도 파견되었는데, 그 목적은 주로 신라 견제와 경제적 이해관계였을 것으로 생각된다""}","[{""left_source_candidate_id"": ""source-candidate:10c9a1f60c6651eb7e62"", ""right_source_candidate_id"": ""source-candidate:f7ff891c0d65d97bc1c0"", ""signals"": [], ""conflicts"": [""entity_type_conflict""], ""merge_eligible"": false}, {""left_source_candidate_id"": ""source-candidate:683c1d0291ed37feddd6"", ""right_source_candidate_id"": ""source-candidate:f7ff891c0d65d97bc1c0"", ""signals"": [], ""conflicts"": [""entity_type_conflict""], ""merge_eligible"": false}, {""left_source_candidate_id"": ""source-candidate:b7f36c68f5784b0cc73a"", ""right_source_candidate_id"": ""source-candidate:f7ff891c0d65d97bc1c0"", ""signals"": [], ""conflicts"": [""entity_type_conflict""], ""merge_eligible"": false}]",EVIDENCE_ONLY,,,,REL_068,대이진,Person,
44,gold-case:f1480c39cc5ceed5dfdc,term-review-task:ed0714fd012e333170b9,resolution-case:a46c2cc87914c9658992,하복연,인물,"[{""problem_id"": ""cj_v41_0103"", ""full_text"": ""이것은 (가)의 중대성에서 일본의 태정관에 보낸 외교 문서의 사본이다. 문서에는 정당성의 좌윤 하복연 등 주요 사신단의 명단과 두 나라의 우호를 돈독히 하고자 사신을 파견한다는 내용 등이 담겨 있다. 오늘 소개해 주실 자료는 무엇인가요?\n(가) 국가에 대한 설명으로 옳은 것은?\n광군을 창설하여 외침에 대비하였다.\n주자감을 설치하여 인재를 양성하였다.\n골품제라는 엄격한 신분제를 마련하였다.\n9주 5소경의 지방 행정 제도를 갖추었다.\n왕족인 부여씨와 8성의 귀족이 지배층을 이루었다.""}]",source-candidate:b6d45697ed8c13b9cd81,AKS:ARTICLE:E0038632:sha256-704d8ea620c542f5,AKS,2,하복연,body,body_mention,1.0,COMPATIBLE,"[""마효신馬孝愼"", ""오효신""]","[""吳孝愼"", ""馬孝愼""]","[""고대"", ""남북국"", ""발해""]",,,[],Person,"{""headword"": ""오효신"", ""aliases"": [""마효신(馬孝愼)""], ""origin"": ""吳孝愼"", ""headword_origin"": ""오효신(吳孝愼)"", ""primary_type"": ""인물/전통 인물"", ""era"": ""고대/남북국/발해"", ""definition"": ""남북국시대 발해의 사신으로 일본에 파견되어 정오위하, 종사위상의 관등을 역임한 관리."", ""snippet"": ""본에 사신으로 내왕이 많았다. 841년(함화 11) 정당성(政堂省) 좌윤(左允)으로 있으면서 같은 좌윤 하복연(賀福延)과 함께 판관(判官)으로 일본에 파견되어 정오위하(正五位下)의 관등을 제수받았다. 847년""}","[{""left_source_candidate_id"": ""source-candidate:10c9a1f60c6651eb7e62"", ""right_source_candidate_id"": ""source-candidate:b6d45697ed8c13b9cd81"", ""signals"": [], ""conflicts"": [""entity_type_conflict""], ""merge_eligible"": false}, {""left_source_candidate_id"": ""source-candidate:683c1d0291ed37feddd6"", ""right_source_candidate_id"": ""source-candidate:b6d45697ed8c13b9cd81"", ""signals"": [], ""conflicts"": [""entity_type_conflict""], ""merge_eligible"": false}, {""left_source_candidate_id"": ""source-candidate:b6d45697ed8c13b9cd81"", ""right_source_candidate_id"": ""source-candidate:b7f36c68f5784b0cc73a"", ""signals"": [], ""conflicts"": [""entity_type_conflict""], ""merge_eligible"": false}]",EVIDENCE_ONLY,,,,REL_069,오효신,Person,
44,gold-case:f1480c39cc5ceed5dfdc,term-review-task:ed0714fd012e333170b9,resolution-case:a46c2cc87914c9658992,하복연,인물,"[{""problem_id"": ""cj_v41_0103"", ""full_text"": ""이것은 (가)의 중대성에서 일본의 태정관에 보낸 외교 문서의 사본이다. 문서에는 정당성의 좌윤 하복연 등 주요 사신단의 명단과 두 나라의 우호를 돈독히 하고자 사신을 파견한다는 내용 등이 담겨 있다. 오늘 소개해 주실 자료는 무엇인가요?\n(가) 국가에 대한 설명으로 옳은 것은?\n광군을 창설하여 외침에 대비하였다.\n주자감을 설치하여 인재를 양성하였다.\n골품제라는 엄격한 신분제를 마련하였다.\n9주 5소경의 지방 행정 제도를 갖추었다.\n왕족인 부여씨와 8성의 귀족이 지배층을 이루었다.""}]",source-candidate:b7f36c68f5784b0cc73a,THESAURUS:TERM:21038564:sha256-1022516a18f91e61,THESAURUS,3,오복연혁도,name,name_ngram,0.275,UNKNOWN,"[""오복연혁도""]","[""五服沿革圖""]","[""조선후기""]",,,[],Work,"{""term_name"": ""오복연혁도"", ""hanja"": ""五服沿革圖"", ""era"": ""조선후기"", ""thesaurus_category"": ""서명"", ""description"": ""1629년(인조 7)에 간행된, 정구(鄭逑)가 상복(喪服)에 관한 연혁도를 작성한 책. 1책."", ""term_year"": ""1629""}","[{""left_source_candidate_id"": ""source-candidate:b6d45697ed8c13b9cd81"", ""right_source_candidate_id"": ""source-candidate:b7f36c68f5784b0cc73a"", ""signals"": [], ""conflicts"": [""entity_type_conflict""], ""merge_eligible"": false}, {""left_source_candidate_id"": ""source-candidate:b7f36c68f5784b0cc73a"", ""right_source_candidate_id"": ""source-candidate:f7ff891c0d65d97bc1c0"", ""signals"": [], ""conflicts"": [""entity_type_conflict""], ""merge_eligible"": false}]",,,,,,,,
44,gold-case:f1480c39cc5ceed5dfdc,term-review-task:ed0714fd012e333170b9,resolution-case:a46c2cc87914c9658992,하복연,인물,"[{""problem_id"": ""cj_v41_0103"", ""full_text"": ""이것은 (가)의 중대성에서 일본의 태정관에 보낸 외교 문서의 사본이다. 문서에는 정당성의 좌윤 하복연 등 주요 사신단의 명단과 두 나라의 우호를 돈독히 하고자 사신을 파견한다는 내용 등이 담겨 있다. 오늘 소개해 주실 자료는 무엇인가요?\n(가) 국가에 대한 설명으로 옳은 것은?\n광군을 창설하여 외침에 대비하였다.\n주자감을 설치하여 인재를 양성하였다.\n골품제라는 엄격한 신분제를 마련하였다.\n9주 5소경의 지방 행정 제도를 갖추었다.\n왕족인 부여씨와 8성의 귀족이 지배층을 이루었다.""}]",source-candidate:10c9a1f60c6651eb7e62,AKS:ARTICLE:E0039909:sha256-704d8ea620c542f5,AKS,4,우복연설,name,name_ngram,0.301429,CONFLICT,"[""우복연설""]","[""愚伏延說""]","[""조선"", ""조선 후기""]",,,[],Work,"{""headword"": ""우복연설"", ""origin"": ""愚伏延說"", ""headword_origin"": ""우복연설(愚伏延說)"", ""primary_type"": ""문헌/고서"", ""era"": ""조선/조선 후기"", ""definition"": ""조선후기 학자 정경세가 경연관으로 있으면서 인조와 강론한 글을 수록한 강론집.""}","[{""left_source_candidate_id"": ""source-candidate:10c9a1f60c6651eb7e62"", ""right_source_candidate_id"": ""source-candidate:b6d45697ed8c13b9cd81"", ""signals"": [], ""conflicts"": [""entity_type_conflict""], ""merge_eligible"": false}, {""left_source_candidate_id"": ""source-candidate:10c9a1f60c6651eb7e62"", ""right_source_candidate_id"": ""source-candidate:f7ff891c0d65d97bc1c0"", ""signals"": [], ""conflicts"": [""entity_type_conflict""], ""merge_eligible"": false}]",,,,,,,,
44,gold-case:f1480c39cc5ceed5dfdc,term-review-task:ed0714fd012e333170b9,resolution-case:a46c2cc87914c9658992,하복연,인물,"[{""problem_id"": ""cj_v41_0103"", ""full_text"": ""이것은 (가)의 중대성에서 일본의 태정관에 보낸 외교 문서의 사본이다. 문서에는 정당성의 좌윤 하복연 등 주요 사신단의 명단과 두 나라의 우호를 돈독히 하고자 사신을 파견한다는 내용 등이 담겨 있다. 오늘 소개해 주실 자료는 무엇인가요?\n(가) 국가에 대한 설명으로 옳은 것은?\n광군을 창설하여 외침에 대비하였다.\n주자감을 설치하여 인재를 양성하였다.\n골품제라는 엄격한 신분제를 마련하였다.\n9주 5소경의 지방 행정 제도를 갖추었다.\n왕족인 부여씨와 8성의 귀족이 지배층을 이루었다.""}]",source-candidate:683c1d0291ed37feddd6,AKS:ARTICLE:E0038271:sha256-704d8ea620c542f5,AKS,5,오복연혁도,name,name_ngram,0.275,CONFLICT,"[""오복연혁도""]","[""五服沿革圖""]","[""조선"", ""조선 후기""]",,,[],Work,"{""headword"": ""오복연혁도"", ""origin"": ""五服沿革圖"", ""headword_origin"": ""오복연혁도(五服沿革圖)"", ""primary_type"": ""문헌/고서"", ""era"": ""조선/조선 후기"", ""definition"": ""조선시대, 문신이자 학자인 정구(鄭逑)가 역대 상복 제도의 연혁을 살펴 편찬한 예법에 관한 책.""}","[{""left_source_candidate_id"": ""source-candidate:683c1d0291ed37feddd6"", ""right_source_candidate_id"": ""source-candidate:b6d45697ed8c13b9cd81"", ""signals"": [], ""conflicts"": [""entity_type_conflict""], ""merge_eligible"": false}, {""left_source_candidate_id"": ""source-candidate:683c1d0291ed37feddd6"", ""right_source_candidate_id"": ""source-candidate:f7ff891c0d65d97bc1c0"", ""signals"": [], ""conflicts"": [""entity_type_conflict""], ""merge_eligible"": false}]",,,,,,,,
45,gold-case:ca3ff51753cac533f849,term-review-task:2022d596ca5bae835606,resolution-case:f662dc43cfc13b51dbb0,돌널무덤,유적,"[{""problem_id"": ""cj_v41_0427"", ""full_text"": ""이것은 제주 고산리 유적에서 발굴된 이른 민무늬 토기이다. 이 토기의 출토로 우리나라의 (가) 시대가 기원전 8000년경부터 시작되었음을 알게 되었다. 고산리 유적에서는 화살촉, 갈돌, 갈판 등의 석기도 나왔습니다. 이른 민무늬 토기\n(가) 시대의 생활 모습으로 옳은 것은?\n고인돌, 돌널무덤 등을 만들었다.\n거푸집을 이용하여 청동검을 제작하였다.\n농경과 목축을 시작하여 식량을 생산하였다.\n주로 동굴에 살면서 사냥과 채집 생활을 하였다.\n쟁기, 쇠스랑 등의 철제 농기구를 써서 농사를 지었다.""}, {""problem_id"": ""cj_v41_0666"", ""full_text"": ""강원도 양양군 오산리에서 시대 마을 유적이 발굴되었다. 약 8천 년 전에 형성된 집터에서는\n(가) 시대의 생활 모습으로 옳은 것은?\n주로 동굴이나 막집에서 거주하였다.\n고인돌, 돌널무덤 등을 축조하였다.\n명도전을 이용하여 중국과 교역하였다.\n농경과 목축을 통하여 식량을 생산하였다.\n비파형 동검과 거친무늬 거울 등을 제작하였다.""}]",source-candidate:bd79d2c5d3e270cf5c74,THESAURUS:TERM:3526:sha256-1022516a18f91e61,THESAURUS,1,돌널무덤,name,exact,1.0,UNKNOWN,"[""돌널무덤""]",[],"[""선사시대""]",,,[],,"{""term_name"": ""돌널무덤"", ""hanja"": ""돌널무덤"", ""era"": ""선사시대"", ""thesaurus_category"": ""사회·생활>풍속·의례>매장"", ""description"": ""청동기시대 깬돌 또는 판돌을 잇대어 널을 만들어 사용한 무덤."", ""term_year"": ""?-?""}",[],IDENTITY_MEMBER,ALT_070,돌널무덤,Heritage,,,,
45,gold-case:ca3ff51753cac533f849,term-review-task:2022d596ca5bae835606,resolution-case:f662dc43cfc13b51dbb0,돌널무덤,유적,"[{""problem_id"": ""cj_v41_0427"", ""full_text"": ""이것은 제주 고산리 유적에서 발굴된 이른 민무늬 토기이다. 이 토기의 출토로 우리나라의 (가) 시대가 기원전 8000년경부터 시작되었음을 알게 되었다. 고산리 유적에서는 화살촉, 갈돌, 갈판 등의 석기도 나왔습니다. 이른 민무늬 토기\n(가) 시대의 생활 모습으로 옳은 것은?\n고인돌, 돌널무덤 등을 만들었다.\n거푸집을 이용하여 청동검을 제작하였다.\n농경과 목축을 시작하여 식량을 생산하였다.\n주로 동굴에 살면서 사냥과 채집 생활을 하였다.\n쟁기, 쇠스랑 등의 철제 농기구를 써서 농사를 지었다.""}, {""problem_id"": ""cj_v41_0666"", ""full_text"": ""강원도 양양군 오산리에서 시대 마을 유적이 발굴되었다. 약 8천 년 전에 형성된 집터에서는\n(가) 시대의 생활 모습으로 옳은 것은?\n주로 동굴이나 막집에서 거주하였다.\n고인돌, 돌널무덤 등을 축조하였다.\n명도전을 이용하여 중국과 교역하였다.\n농경과 목축을 통하여 식량을 생산하였다.\n비파형 동검과 거친무늬 거울 등을 제작하였다.""}]",source-candidate:26e0d7823469f225fd50,THESAURUS:TERM:14689170:sha256-1022516a18f91e61,THESAURUS,2,돌무덤,description,description_containment,0.847143,UNKNOWN,"[""돌무덤""]",[],"[""선사시대-고대""]",,,[],,"{""term_name"": ""돌무덤"", ""hanja"": ""돌무덤"", ""era"": ""선사시대-고대"", ""thesaurus_category"": ""사회·생활>풍속·의례>매장"", ""description"": ""신석기시대 이래 돌을 이용해 쌓아올린 무덤으로 넓게는 돌무지무덤·고인돌·돌널무덤에서 낙동강 유역의 돌무지돌덧널무덤과 신라의 돌무지덧널무덤을 포함함."", ""term_year"": ""?-?""}",[],,,,,,,,
45,gold-case:ca3ff51753cac533f849,term-review-task:2022d596ca5bae835606,resolution-case:f662dc43cfc13b51dbb0,돌널무덤,유적,"[{""problem_id"": ""cj_v41_0427"", ""full_text"": ""이것은 제주 고산리 유적에서 발굴된 이른 민무늬 토기이다. 이 토기의 출토로 우리나라의 (가) 시대가 기원전 8000년경부터 시작되었음을 알게 되었다. 고산리 유적에서는 화살촉, 갈돌, 갈판 등의 석기도 나왔습니다. 이른 민무늬 토기\n(가) 시대의 생활 모습으로 옳은 것은?\n고인돌, 돌널무덤 등을 만들었다.\n거푸집을 이용하여 청동검을 제작하였다.\n농경과 목축을 시작하여 식량을 생산하였다.\n주로 동굴에 살면서 사냥과 채집 생활을 하였다.\n쟁기, 쇠스랑 등의 철제 농기구를 써서 농사를 지었다.""}, {""problem_id"": ""cj_v41_0666"", ""full_text"": ""강원도 양양군 오산리에서 시대 마을 유적이 발굴되었다. 약 8천 년 전에 형성된 집터에서는\n(가) 시대의 생활 모습으로 옳은 것은?\n주로 동굴이나 막집에서 거주하였다.\n고인돌, 돌널무덤 등을 축조하였다.\n명도전을 이용하여 중국과 교역하였다.\n농경과 목축을 통하여 식량을 생산하였다.\n비파형 동검과 거친무늬 거울 등을 제작하였다.""}]",source-candidate:d48cbd4d5afbde602054,THESAURUS:TERM:2097876:sha256-1022516a18f91e61,THESAURUS,3,널무덤,name,bidirectional_containment,0.594643,UNKNOWN,"[""널무덤""]",[],[],,,[],,"{""term_name"": ""널무덤"", ""hanja"": ""널무덤"", ""era"": ""통시대"", ""thesaurus_category"": ""사회·생활>풍속·의례>매장"", ""description"": ""선사시대부터 쓰이던 분묘의 일종으로 지하에 구덩이를 파고 직접 유해를 안치하는 장법(葬法)."", ""term_year"": ""?-?""}",[],,,,,,,,
45,gold-case:ca3ff51753cac533f849,term-review-task:2022d596ca5bae835606,resolution-case:f662dc43cfc13b51dbb0,돌널무덤,유적,"[{""problem_id"": ""cj_v41_0427"", ""full_text"": ""이것은 제주 고산리 유적에서 발굴된 이른 민무늬 토기이다. 이 토기의 출토로 우리나라의 (가) 시대가 기원전 8000년경부터 시작되었음을 알게 되었다. 고산리 유적에서는 화살촉, 갈돌, 갈판 등의 석기도 나왔습니다. 이른 민무늬 토기\n(가) 시대의 생활 모습으로 옳은 것은?\n고인돌, 돌널무덤 등을 만들었다.\n거푸집을 이용하여 청동검을 제작하였다.\n농경과 목축을 시작하여 식량을 생산하였다.\n주로 동굴에 살면서 사냥과 채집 생활을 하였다.\n쟁기, 쇠스랑 등의 철제 농기구를 써서 농사를 지었다.""}, {""problem_id"": ""cj_v41_0666"", ""full_text"": ""강원도 양양군 오산리에서 시대 마을 유적이 발굴되었다. 약 8천 년 전에 형성된 집터에서는\n(가) 시대의 생활 모습으로 옳은 것은?\n주로 동굴이나 막집에서 거주하였다.\n고인돌, 돌널무덤 등을 축조하였다.\n명도전을 이용하여 중국과 교역하였다.\n농경과 목축을 통하여 식량을 생산하였다.\n비파형 동검과 거친무늬 거울 등을 제작하였다.""}]",source-candidate:9686354824cd478e4b3c,AKS:ARTICLE:E0071022:sha256-704d8ea620c542f5,AKS,4,향단리돌널무덤,name,bidirectional_containment,0.540519,COMPATIBLE,"[""향단리돌관무덤"", ""향단리돌널무덤""]","[""杏壇里""]","[""고대"", ""초기국가"", ""고조선""]",,,[],Heritage,"{""headword"": ""향단리 돌관무덤"", ""aliases"": [""향단리돌널무덤""], ""origin"": ""杏壇里 돌관무덤"", ""headword_origin"": ""향단리 돌관무덤(杏壇里 돌관무덤)"", ""primary_type"": ""유적/고인돌·고분·능묘"", ""era"": ""고대/초기국가/고조선"", ""definition"": ""북한 평양직할시 강동군 광탄마을 뒤에 있는 초기국가시대 고조선의 돌널무덤. 석관묘.""}","[{""left_source_candidate_id"": ""source-candidate:0a0a68a276f88c70e827"", ""right_source_candidate_id"": ""source-candidate:9686354824cd478e4b3c"", ""signals"": [], ""conflicts"": [""entity_type_conflict""], ""merge_eligible"": false}, {""left_source_candidate_id"": ""source-candidate:9686354824cd478e4b3c"", ""right_source_candidate_id"": ""source-candidate:f0c8272c28237572bcee"", ""signals"": [], ""conflicts"": [""entity_type_conflict""], ""merge_eligible"": false}]",EVIDENCE_ONLY,,,,REL_071,향단리돌널무덤,Heritage,
45,gold-case:ca3ff51753cac533f849,term-review-task:2022d596ca5bae835606,resolution-case:f662dc43cfc13b51dbb0,돌널무덤,유적,"[{""problem_id"": ""cj_v41_0427"", ""full_text"": ""이것은 제주 고산리 유적에서 발굴된 이른 민무늬 토기이다. 이 토기의 출토로 우리나라의 (가) 시대가 기원전 8000년경부터 시작되었음을 알게 되었다. 고산리 유적에서는 화살촉, 갈돌, 갈판 등의 석기도 나왔습니다. 이른 민무늬 토기\n(가) 시대의 생활 모습으로 옳은 것은?\n고인돌, 돌널무덤 등을 만들었다.\n거푸집을 이용하여 청동검을 제작하였다.\n농경과 목축을 시작하여 식량을 생산하였다.\n주로 동굴에 살면서 사냥과 채집 생활을 하였다.\n쟁기, 쇠스랑 등의 철제 농기구를 써서 농사를 지었다.""}, {""problem_id"": ""cj_v41_0666"", ""full_text"": ""강원도 양양군 오산리에서 시대 마을 유적이 발굴되었다. 약 8천 년 전에 형성된 집터에서는\n(가) 시대의 생활 모습으로 옳은 것은?\n주로 동굴이나 막집에서 거주하였다.\n고인돌, 돌널무덤 등을 축조하였다.\n명도전을 이용하여 중국과 교역하였다.\n농경과 목축을 통하여 식량을 생산하였다.\n비파형 동검과 거친무늬 거울 등을 제작하였다.""}]",source-candidate:036e4ba08192e9a305b6,THESAURUS:TERM:25168117:sha256-1022516a18f91e61,THESAURUS,5,돌덧널무덤,name,name_ngram,0.505556,UNKNOWN,"[""돌덧널무덤""]",[],"[""선사시대""]",,,[],,"{""term_name"": ""돌덧널무덤"", ""hanja"": ""돌덧널무덤"", ""era"": ""선사시대"", ""thesaurus_category"": ""사회·생활>풍속·의례>매장"", ""description"": ""중국 북동부를 중심으로 분포하는 돌로 덧널을 만든 무덤."", ""term_year"": ""?-?""}",[],,,,,,,,
45,gold-case:ca3ff51753cac533f849,term-review-task:2022d596ca5bae835606,resolution-case:f662dc43cfc13b51dbb0,돌널무덤,유적,"[{""problem_id"": ""cj_v41_0427"", ""full_text"": ""이것은 제주 고산리 유적에서 발굴된 이른 민무늬 토기이다. 이 토기의 출토로 우리나라의 (가) 시대가 기원전 8000년경부터 시작되었음을 알게 되었다. 고산리 유적에서는 화살촉, 갈돌, 갈판 등의 석기도 나왔습니다. 이른 민무늬 토기\n(가) 시대의 생활 모습으로 옳은 것은?\n고인돌, 돌널무덤 등을 만들었다.\n거푸집을 이용하여 청동검을 제작하였다.\n농경과 목축을 시작하여 식량을 생산하였다.\n주로 동굴에 살면서 사냥과 채집 생활을 하였다.\n쟁기, 쇠스랑 등의 철제 농기구를 써서 농사를 지었다.""}, {""problem_id"": ""cj_v41_0666"", ""full_text"": ""강원도 양양군 오산리에서 시대 마을 유적이 발굴되었다. 약 8천 년 전에 형성된 집터에서는\n(가) 시대의 생활 모습으로 옳은 것은?\n주로 동굴이나 막집에서 거주하였다.\n고인돌, 돌널무덤 등을 축조하였다.\n명도전을 이용하여 중국과 교역하였다.\n농경과 목축을 통하여 식량을 생산하였다.\n비파형 동검과 거친무늬 거울 등을 제작하였다.""}]",source-candidate:251cb8444c82d054888f,AKS:ARTICLE:E0068748:sha256-704d8ea620c542f5,AKS,6,돈화 금구 돌널무덤,name,bidirectional_containment,0.496667,COMPATIBLE,"[""돈화금구돌널무덤""]","[""敦化"", ""金溝""]","[""선사"", ""청동기""]",,,[],Heritage,"{""headword"": ""돈화 금구 돌널무덤"", ""origin"": ""敦化 金溝 돌널무덤"", ""headword_origin"": ""돈화 금구 돌널무덤(敦化 金溝 돌널무덤)"", ""primary_type"": ""유적/고인돌·고분·능묘"", ""era"": ""선사/청동기"", ""definition"": ""중국 길림성 연변조선족자치주 돈화시(敦化市) 흑석향 금구촌에 있는 청동기시대 돌도끼·돌칼 등이 출토된 돌널무덤. 석관묘.""}","[{""left_source_candidate_id"": ""source-candidate:0a0a68a276f88c70e827"", ""right_source_candidate_id"": ""source-candidate:251cb8444c82d054888f"", ""signals"": [""era_overlap""], ""conflicts"": [""entity_type_conflict""], ""merge_eligible"": false}, {""left_source_candidate_id"": ""source-candidate:251cb8444c82d054888f"", ""right_source_candidate_id"": ""source-candidate:f0c8272c28237572bcee"", ""signals"": [""era_overlap""], ""conflicts"": [""entity_type_conflict""], ""merge_eligible"": false}]",EVIDENCE_ONLY,,,,REL_072,돈화 금구 돌널무덤,Heritage,
45,gold-case:ca3ff51753cac533f849,term-review-task:2022d596ca5bae835606,resolution-case:f662dc43cfc13b51dbb0,돌널무덤,유적,"[{""problem_id"": ""cj_v41_0427"", ""full_text"": ""이것은 제주 고산리 유적에서 발굴된 이른 민무늬 토기이다. 이 토기의 출토로 우리나라의 (가) 시대가 기원전 8000년경부터 시작되었음을 알게 되었다. 고산리 유적에서는 화살촉, 갈돌, 갈판 등의 석기도 나왔습니다. 이른 민무늬 토기\n(가) 시대의 생활 모습으로 옳은 것은?\n고인돌, 돌널무덤 등을 만들었다.\n거푸집을 이용하여 청동검을 제작하였다.\n농경과 목축을 시작하여 식량을 생산하였다.\n주로 동굴에 살면서 사냥과 채집 생활을 하였다.\n쟁기, 쇠스랑 등의 철제 농기구를 써서 농사를 지었다.""}, {""problem_id"": ""cj_v41_0666"", ""full_text"": ""강원도 양양군 오산리에서 시대 마을 유적이 발굴되었다. 약 8천 년 전에 형성된 집터에서는\n(가) 시대의 생활 모습으로 옳은 것은?\n주로 동굴이나 막집에서 거주하였다.\n고인돌, 돌널무덤 등을 축조하였다.\n명도전을 이용하여 중국과 교역하였다.\n농경과 목축을 통하여 식량을 생산하였다.\n비파형 동검과 거친무늬 거울 등을 제작하였다.""}]",source-candidate:0fc1dfd4ec4a93c2d273,AKS:ARTICLE:E0068751:sha256-704d8ea620c542f5,AKS,7,연길 합수 돌널무덤,name,bidirectional_containment,0.496667,COMPATIBLE,"[""연길합수돌널무덤""]","[""延吉"", ""合水""]","[""선사"", ""청동기""]",,,[],Heritage,"{""headword"": ""연길 합수 돌널무덤"", ""origin"": ""延吉 合水 돌널무덤"", ""headword_origin"": ""연길 합수 돌널무덤(延吉 合水 돌널무덤)"", ""primary_type"": ""유적/고인돌·고분·능묘"", ""era"": ""선사/청동기"", ""definition"": ""중국 길림성 연변조선족자치주 연길시(延吉市) 의란향 합수촌에 있는 청동기시대 돌자귀·돌칼 등이 출토된 돌널무덤. 석관묘.""}","[{""left_source_candidate_id"": ""source-candidate:0a0a68a276f88c70e827"", ""right_source_candidate_id"": ""source-candidate:0fc1dfd4ec4a93c2d273"", ""signals"": [""era_overlap""], ""conflicts"": [""entity_type_conflict""], ""merge_eligible"": false}, {""left_source_candidate_id"": ""source-candidate:0fc1dfd4ec4a93c2d273"", ""right_source_candidate_id"": ""source-candidate:f0c8272c28237572bcee"", ""signals"": [""era_overlap""], ""conflicts"": [""entity_type_conflict""], ""merge_eligible"": false}]",EVIDENCE_ONLY,,,,REL_073,연길합수돌널무덤,Heritage,
45,gold-case:ca3ff51753cac533f849,term-review-task:2022d596ca5bae835606,resolution-case:f662dc43cfc13b51dbb0,돌널무덤,유적,"[{""problem_id"": ""cj_v41_0427"", ""full_text"": ""이것은 제주 고산리 유적에서 발굴된 이른 민무늬 토기이다. 이 토기의 출토로 우리나라의 (가) 시대가 기원전 8000년경부터 시작되었음을 알게 되었다. 고산리 유적에서는 화살촉, 갈돌, 갈판 등의 석기도 나왔습니다. 이른 민무늬 토기\n(가) 시대의 생활 모습으로 옳은 것은?\n고인돌, 돌널무덤 등을 만들었다.\n거푸집을 이용하여 청동검을 제작하였다.\n농경과 목축을 시작하여 식량을 생산하였다.\n주로 동굴에 살면서 사냥과 채집 생활을 하였다.\n쟁기, 쇠스랑 등의 철제 농기구를 써서 농사를 지었다.""}, {""problem_id"": ""cj_v41_0666"", ""full_text"": ""강원도 양양군 오산리에서 시대 마을 유적이 발굴되었다. 약 8천 년 전에 형성된 집터에서는\n(가) 시대의 생활 모습으로 옳은 것은?\n주로 동굴이나 막집에서 거주하였다.\n고인돌, 돌널무덤 등을 축조하였다.\n명도전을 이용하여 중국과 교역하였다.\n농경과 목축을 통하여 식량을 생산하였다.\n비파형 동검과 거친무늬 거울 등을 제작하였다.""}]",source-candidate:5b1efcd077ccfb2e540c,THESAURUS:TERM:21028637:sha256-1022516a18f91e61,THESAURUS,8,벽돌덧널무덤,name,name_ngram,0.472667,UNKNOWN,"[""벽돌덧널무덤""]",[],"[""삼국시대""]",,,[],,"{""term_name"": ""벽돌덧널무덤"", ""hanja"": ""벽돌덧널무덤"", ""era"": ""삼국시대"", ""thesaurus_category"": ""사회·생활>풍속·의례>매장"", ""description"": ""벽돌을 사용하여 장방형으로 만든 무덤. 천장이 궁륭(穹窿) 또는 터널로 되어 있지 않고 직립한 네 벽 위에 직접 목재를 덮어 만든 형태의 무덤."", ""term_year"": ""?-?""}",[],,,,,,,,
45,gold-case:ca3ff51753cac533f849,term-review-task:2022d596ca5bae835606,resolution-case:f662dc43cfc13b51dbb0,돌널무덤,유적,"[{""problem_id"": ""cj_v41_0427"", ""full_text"": ""이것은 제주 고산리 유적에서 발굴된 이른 민무늬 토기이다. 이 토기의 출토로 우리나라의 (가) 시대가 기원전 8000년경부터 시작되었음을 알게 되었다. 고산리 유적에서는 화살촉, 갈돌, 갈판 등의 석기도 나왔습니다. 이른 민무늬 토기\n(가) 시대의 생활 모습으로 옳은 것은?\n고인돌, 돌널무덤 등을 만들었다.\n거푸집을 이용하여 청동검을 제작하였다.\n농경과 목축을 시작하여 식량을 생산하였다.\n주로 동굴에 살면서 사냥과 채집 생활을 하였다.\n쟁기, 쇠스랑 등의 철제 농기구를 써서 농사를 지었다.""}, {""problem_id"": ""cj_v41_0666"", ""full_text"": ""강원도 양양군 오산리에서 시대 마을 유적이 발굴되었다. 약 8천 년 전에 형성된 집터에서는\n(가) 시대의 생활 모습으로 옳은 것은?\n주로 동굴이나 막집에서 거주하였다.\n고인돌, 돌널무덤 등을 축조하였다.\n명도전을 이용하여 중국과 교역하였다.\n농경과 목축을 통하여 식량을 생산하였다.\n비파형 동검과 거친무늬 거울 등을 제작하였다.""}]",source-candidate:0a0a68a276f88c70e827,AKS:ARTICLE:E0016120:sha256-704d8ea620c542f5,AKS,9,돌널무덤,name,exact,1.0,CONFLICT,"[""돌널무덤"", ""석관묘石棺墓""]","[""石棺墓""]","[""선사"", ""청동기""]",,,[],Concept,"{""headword"": ""돌널무덤"", ""aliases"": [""석관묘(石棺墓)""], ""headword_origin"": ""돌널무덤"", ""primary_type"": ""개념"", ""era"": ""선사/청동기"", ""definition"": ""청동기시대 지하에 묘광을 파고 판돌이나 깬돌로 장방형의 돌무덤방을 만들고, 그 위에 1매 이상의 뚜껑돌을 덮는 무덤 양식.""}","[{""left_source_candidate_id"": ""source-candidate:0a0a68a276f88c70e827"", ""right_source_candidate_id"": ""source-candidate:0fc1dfd4ec4a93c2d273"", ""signals"": [""era_overlap""], ""conflicts"": [""entity_type_conflict""], ""merge_eligible"": false}, {""left_source_candidate_id"": ""source-candidate:0a0a68a276f88c70e827"", ""right_source_candidate_id"": ""source-candidate:251cb8444c82d054888f"", ""signals"": [""era_overlap""], ""conflicts"": [""entity_type_conflict""], ""merge_eligible"": false}, {""left_source_candidate_id"": ""source-candidate:0a0a68a276f88c70e827"", ""right_source_candidate_id"": ""source-candidate:9686354824cd478e4b3c"", ""signals"": [], ""conflicts"": [""entity_type_conflict""], ""merge_eligible"": false}]",IDENTITY_MEMBER,ALT_070,돌널무덤,Heritage,,,,
45,gold-case:ca3ff51753cac533f849,term-review-task:2022d596ca5bae835606,resolution-case:f662dc43cfc13b51dbb0,돌널무덤,유적,"[{""problem_id"": ""cj_v41_0427"", ""full_text"": ""이것은 제주 고산리 유적에서 발굴된 이른 민무늬 토기이다. 이 토기의 출토로 우리나라의 (가) 시대가 기원전 8000년경부터 시작되었음을 알게 되었다. 고산리 유적에서는 화살촉, 갈돌, 갈판 등의 석기도 나왔습니다. 이른 민무늬 토기\n(가) 시대의 생활 모습으로 옳은 것은?\n고인돌, 돌널무덤 등을 만들었다.\n거푸집을 이용하여 청동검을 제작하였다.\n농경과 목축을 시작하여 식량을 생산하였다.\n주로 동굴에 살면서 사냥과 채집 생활을 하였다.\n쟁기, 쇠스랑 등의 철제 농기구를 써서 농사를 지었다.""}, {""problem_id"": ""cj_v41_0666"", ""full_text"": ""강원도 양양군 오산리에서 시대 마을 유적이 발굴되었다. 약 8천 년 전에 형성된 집터에서는\n(가) 시대의 생활 모습으로 옳은 것은?\n주로 동굴이나 막집에서 거주하였다.\n고인돌, 돌널무덤 등을 축조하였다.\n명도전을 이용하여 중국과 교역하였다.\n농경과 목축을 통하여 식량을 생산하였다.\n비파형 동검과 거친무늬 거울 등을 제작하였다.""}]",source-candidate:f0c8272c28237572bcee,AKS:ARTICLE:E0012614:sha256-704d8ea620c542f5,AKS,10,널무덤,name,bidirectional_containment,0.594643,CONFLICT,"[""널무덤"", ""토광묘""]",[],"[""선사"", ""석기""]",,,[],Concept,"{""headword"": ""널무덤"", ""aliases"": [""토광묘""], ""headword_origin"": ""널무덤"", ""primary_type"": ""개념"", ""era"": ""선사/석기"", ""definition"": ""선사시대부터 쓰이던 분묘의 일종으로 지하에 구덩이를 파고 직접 유해를 안치하는 무덤양식. 토광묘.""}","[{""left_source_candidate_id"": ""source-candidate:0fc1dfd4ec4a93c2d273"", ""right_source_candidate_id"": ""source-candidate:f0c8272c28237572bcee"", ""signals"": [""era_overlap""], ""conflicts"": [""entity_type_conflict""], ""merge_eligible"": false}, {""left_source_candidate_id"": ""source-candidate:251cb8444c82d054888f"", ""right_source_candidate_id"": ""source-candidate:f0c8272c28237572bcee"", ""signals"": [""era_overlap""], ""conflicts"": [""entity_type_conflict""], ""merge_eligible"": false}, {""left_source_candidate_id"": ""source-candidate:9686354824cd478e4b3c"", ""right_source_candidate_id"": ""source-candidate:f0c8272c28237572bcee"", ""signals"": [], ""conflicts"": [""entity_type_conflict""], ""merge_eligible"": false}]",,,,,,,,
46,gold-case:320096b11f7fcc557cab,term-review-task:474a82bd1268d947097c,resolution-case:c3ec9934758925132cd8,괭이,유물,"[{""problem_id"": ""cj_v41_1144"", ""full_text"": ""[체험 프로그램 기획안] (가) 시대로 떠나는 시간 여행 ▣ 기획 의도 뗀석기를 처음 사용한 (가) 시대 사람들의 생활을 다양한 활동을 통해 체험할 수 있는 기회를 마련하고자 함. ▣ 체험 프로그램 예시 [주먹도끼로 고기 자르기] [마찰식 점화법으로 불 피우기] ▣ 장소: 연천 전곡리 유적 체험 마당\n(가) 시대의 생활 모습으로 옳은 것은?\n주로 동굴이나 바위 그늘에서 살았다.\n청동 방울 등을 의례 도구로 사용하였다.\n따비와 괭이로 땅을 갈아 농사를 지었다.\n거푸집을 이용하여 세형동검을 제작하였다.\n빗살무늬 토기를 만들어 식량을 저장하였다.""}]",source-candidate:1047fb075665d06cb715,AKS:ARTICLE:E0005368:sha256-704d8ea620c542f5,AKS,1,괭이,name,exact,1.0,COMPATIBLE,"[""곽지"", ""광이"", ""괘기"", ""괘이卦伊"", ""괭이"", ""깽이"", ""꽹이"", ""노작魯斫"", ""쾡이""]","[""卦伊"", ""魯斫""]",[],,,[],Heritage,"{""headword"": ""괭이"", ""aliases"": [""곽지"", ""광이"", ""괘기"", ""괘이(卦伊)"", ""깽이"", ""꽹이"", ""노작(魯斫)"", ""쾡이""], ""headword_origin"": ""괭이"", ""primary_type"": ""물품"", ""era"": ""미상"", ""definition"": ""흙을 파고 고르는 데 쓰이는 연장.""}",[],,,,,,,,
46,gold-case:320096b11f7fcc557cab,term-review-task:474a82bd1268d947097c,resolution-case:c3ec9934758925132cd8,괭이,유물,"[{""problem_id"": ""cj_v41_1144"", ""full_text"": ""[체험 프로그램 기획안] (가) 시대로 떠나는 시간 여행 ▣ 기획 의도 뗀석기를 처음 사용한 (가) 시대 사람들의 생활을 다양한 활동을 통해 체험할 수 있는 기회를 마련하고자 함. ▣ 체험 프로그램 예시 [주먹도끼로 고기 자르기] [마찰식 점화법으로 불 피우기] ▣ 장소: 연천 전곡리 유적 체험 마당\n(가) 시대의 생활 모습으로 옳은 것은?\n주로 동굴이나 바위 그늘에서 살았다.\n청동 방울 등을 의례 도구로 사용하였다.\n따비와 괭이로 땅을 갈아 농사를 지었다.\n거푸집을 이용하여 세형동검을 제작하였다.\n빗살무늬 토기를 만들어 식량을 저장하였다.""}]",source-candidate:2017b4303ef91a1200fa,THESAURUS:TERM:6304356:sha256-1022516a18f91e61,THESAURUS,2,괭이,name,exact,1.0,UNKNOWN,"[""괭이""]",[],[],,,[],,"{""term_name"": ""괭이"", ""hanja"": ""괭이"", ""era"": ""통시대"", ""thesaurus_category"": ""경제·산업>농업>농기구"", ""description"": ""흙을 파고 고르는 데 쓰는 연장."", ""term_year"": ""?-?""}",[],,,,,,,,
46,gold-case:320096b11f7fcc557cab,term-review-task:474a82bd1268d947097c,resolution-case:c3ec9934758925132cd8,괭이,유물,"[{""problem_id"": ""cj_v41_1144"", ""full_text"": ""[체험 프로그램 기획안] (가) 시대로 떠나는 시간 여행 ▣ 기획 의도 뗀석기를 처음 사용한 (가) 시대 사람들의 생활을 다양한 활동을 통해 체험할 수 있는 기회를 마련하고자 함. ▣ 체험 프로그램 예시 [주먹도끼로 고기 자르기] [마찰식 점화법으로 불 피우기] ▣ 장소: 연천 전곡리 유적 체험 마당\n(가) 시대의 생활 모습으로 옳은 것은?\n주로 동굴이나 바위 그늘에서 살았다.\n청동 방울 등을 의례 도구로 사용하였다.\n따비와 괭이로 땅을 갈아 농사를 지었다.\n거푸집을 이용하여 세형동검을 제작하였다.\n빗살무늬 토기를 만들어 식량을 저장하였다.""}]",source-candidate:b2a36dfa1ee1d5c57891,AKS:ARTICLE:E0004102:sha256-704d8ea620c542f5,AKS,3,곡괭이,name,bidirectional_containment,0.600444,COMPATIBLE,"[""곡괭이"", ""곳광이"", ""송곳광이"", ""첨광"", ""첨궐두""]",[],[],,,[],Heritage,"{""headword"": ""곡괭이"", ""aliases"": [""곳광이"", ""송곳광이"", ""첨광"", ""첨궐두""], ""headword_origin"": ""곡괭이"", ""primary_type"": ""물품"", ""era"": ""미상"", ""definition"": ""단단한 땅을 파는 데 쓰는 연장.""}",[],,,,,,,,
46,gold-case:320096b11f7fcc557cab,term-review-task:474a82bd1268d947097c,resolution-case:c3ec9934758925132cd8,괭이,유물,"[{""problem_id"": ""cj_v41_1144"", ""full_text"": ""[체험 프로그램 기획안] (가) 시대로 떠나는 시간 여행 ▣ 기획 의도 뗀석기를 처음 사용한 (가) 시대 사람들의 생활을 다양한 활동을 통해 체험할 수 있는 기회를 마련하고자 함. ▣ 체험 프로그램 예시 [주먹도끼로 고기 자르기] [마찰식 점화법으로 불 피우기] ▣ 장소: 연천 전곡리 유적 체험 마당\n(가) 시대의 생활 모습으로 옳은 것은?\n주로 동굴이나 바위 그늘에서 살았다.\n청동 방울 등을 의례 도구로 사용하였다.\n따비와 괭이로 땅을 갈아 농사를 지었다.\n거푸집을 이용하여 세형동검을 제작하였다.\n빗살무늬 토기를 만들어 식량을 저장하였다.""}]",source-candidate:e9baa63dd2d3f19d7762,THESAURUS:TERM:12594194:sha256-1022516a18f91e61,THESAURUS,4,쇠괭이,name,bidirectional_containment,0.600444,UNKNOWN,"[""쇠괭이""]",[],"[""초기철기시대""]",,,[],,"{""term_name"": ""쇠괭이"", ""hanja"": ""쇠괭이"", ""era"": ""초기철기시대"", ""thesaurus_category"": ""경제·산업>농업>농기구"", ""description"": ""흙을 돋우는데 사용하는 농기구. 호미 가운데 큰 것으로 사각형의 납짝한 날에 짧은 굽통이 달려 있음."", ""term_year"": ""?-?""}",[],,,,,,,,
46,gold-case:320096b11f7fcc557cab,term-review-task:474a82bd1268d947097c,resolution-case:c3ec9934758925132cd8,괭이,유물,"[{""problem_id"": ""cj_v41_1144"", ""full_text"": ""[체험 프로그램 기획안] (가) 시대로 떠나는 시간 여행 ▣ 기획 의도 뗀석기를 처음 사용한 (가) 시대 사람들의 생활을 다양한 활동을 통해 체험할 수 있는 기회를 마련하고자 함. ▣ 체험 프로그램 예시 [주먹도끼로 고기 자르기] [마찰식 점화법으로 불 피우기] ▣ 장소: 연천 전곡리 유적 체험 마당\n(가) 시대의 생활 모습으로 옳은 것은?\n주로 동굴이나 바위 그늘에서 살았다.\n청동 방울 등을 의례 도구로 사용하였다.\n따비와 괭이로 땅을 갈아 농사를 지었다.\n거푸집을 이용하여 세형동검을 제작하였다.\n빗살무늬 토기를 만들어 식량을 저장하였다.""}]",source-candidate:9e0efb40f9ed9fd2c7fc,THESAURUS:TERM:12594842:sha256-1022516a18f91e61,THESAURUS,5,돌괭이,name,bidirectional_containment,0.600444,UNKNOWN,"[""돌괭이""]",[],"[""신석기시대""]",,,[],,"{""term_name"": ""돌괭이"", ""hanja"": ""돌괭이"", ""era"": ""신석기시대"", ""thesaurus_category"": ""경제·산업>농업>농기구"", ""description"": ""땅을 갈아서 흙덩이를 일으키는 일을 하는 경운용(耕耘用) 농기구."", ""term_year"": ""?-?""}",[],IDENTITY_MEMBER,ALT_074,돌괭이,Heritage,,,,기출문제에서 뽑아온 괭이라는 단어는 석기시대의 괭이를 말하는 것(뗀석기 힌트) 이므로 돌괭이에 대한 설명을 IDENTITY_MEMBER로 분류
46,gold-case:320096b11f7fcc557cab,term-review-task:474a82bd1268d947097c,resolution-case:c3ec9934758925132cd8,괭이,유물,"[{""problem_id"": ""cj_v41_1144"", ""full_text"": ""[체험 프로그램 기획안] (가) 시대로 떠나는 시간 여행 ▣ 기획 의도 뗀석기를 처음 사용한 (가) 시대 사람들의 생활을 다양한 활동을 통해 체험할 수 있는 기회를 마련하고자 함. ▣ 체험 프로그램 예시 [주먹도끼로 고기 자르기] [마찰식 점화법으로 불 피우기] ▣ 장소: 연천 전곡리 유적 체험 마당\n(가) 시대의 생활 모습으로 옳은 것은?\n주로 동굴이나 바위 그늘에서 살았다.\n청동 방울 등을 의례 도구로 사용하였다.\n따비와 괭이로 땅을 갈아 농사를 지었다.\n거푸집을 이용하여 세형동검을 제작하였다.\n빗살무늬 토기를 만들어 식량을 저장하였다.""}]",source-candidate:083f11ff2284658b36f9,THESAURUS:TERM:14683507:sha256-1022516a18f91e61,THESAURUS,6,곡괭이,name,bidirectional_containment,0.600444,UNKNOWN,"[""곡괭이""]",[],[],,,[],,"{""term_name"": ""곡괭이"", ""hanja"": ""곡괭이"", ""era"": ""통시대"", ""thesaurus_category"": ""경제·산업>농업>농기구"", ""description"": ""땅을 팔 때 쓰는 도구. 양쪽 날을 뾰족하게 만들어 한 가운데에 손잡이용 자루를 넣음."", ""term_year"": ""?-?""}",[],,,,,,,,
46,gold-case:320096b11f7fcc557cab,term-review-task:474a82bd1268d947097c,resolution-case:c3ec9934758925132cd8,괭이,유물,"[{""problem_id"": ""cj_v41_1144"", ""full_text"": ""[체험 프로그램 기획안] (가) 시대로 떠나는 시간 여행 ▣ 기획 의도 뗀석기를 처음 사용한 (가) 시대 사람들의 생활을 다양한 활동을 통해 체험할 수 있는 기회를 마련하고자 함. ▣ 체험 프로그램 예시 [주먹도끼로 고기 자르기] [마찰식 점화법으로 불 피우기] ▣ 장소: 연천 전곡리 유적 체험 마당\n(가) 시대의 생활 모습으로 옳은 것은?\n주로 동굴이나 바위 그늘에서 살았다.\n청동 방울 등을 의례 도구로 사용하였다.\n따비와 괭이로 땅을 갈아 농사를 지었다.\n거푸집을 이용하여 세형동검을 제작하였다.\n빗살무늬 토기를 만들어 식량을 저장하였다.""}]",source-candidate:5dc867a44b606785624c,THESAURUS:TERM:44042351:sha256-1022516a18f91e61,THESAURUS,7,곰배괭이,name,bidirectional_containment,0.496667,UNKNOWN,"[""곰배괭이""]",[],[],,,[],,"{""term_name"": ""곰배괭이"", ""hanja"": ""곰배괭이"", ""era"": ""통시대"", ""thesaurus_category"": ""경제·산업>농업>농기구"", ""description"": ""흙을 파거나 씨를 뿌리기 위해 골을 켤 때, 덩어리진 흙을 부수거나 땅을 고를 때 쓰는 농기구."", ""term_year"": ""?-?""}",[],EVIDENCE_ONLY,,,,REL_075,곰배괭이,Heritage,돌괭이의 한 종류인 곰배괭이
47,gold-case:b2791c7a4770977f7355,term-review-task:3e0998c43a616cfb74b3,resolution-case:8d68f4190eb61de1f7b1,대한자강회,단체,"[{""problem_id"": ""cj_v41_0794"", ""full_text"": ""이것은 (가)을/를 주도한 단체의 제7회 전국대회 포스터이다. '모혀라 자유평등의 기치하에로'라는 문구가 있으며, '경성 천도교 기념관'에서 개최된다고 알리고 있다. 진주에서 시작된 (가)은/는 '공평은 사회의 근본이요, 애정은 인류의 본량(本良)'이라는 구호 아래 전개되었다.\n(가) 운동에 대한 설명으로 옳은 것은?\n통감부의 탄압으로 중단되었다.\n중국의 5·4 운동에 영향을 주었다.\n대한 자강회가 결성되는 배경이 되었다.\n백정에 대한 사회적 차별 철폐를 주장하였다.\n여성 교육의 중요성을 강조한 여권통문을 발표하였다.""}, {""problem_id"": ""cj_v41_1368"", ""full_text"": ""이준 연보 1859년 함경도 북청에서 출생 1895년 법관 양성소 졸업 1898년 ㉠ 독립 협회 가입 1904년 ㉡ 보안회 조직 일제의 압력으로 황해도 철도(鐵島)로 유배 1905년 ㉢ 헌정 연구회 조직 1906년 ㉣ 대한 자강회 조직 1907년 ㉤ 신민회 가입 네덜란드 헤이그 만국 평화 회의에 특사로 파견, 사망 1962년 건국훈장 대한민국장 추서\n㉠~㉤에 대한 설명으로 옳은 것은?\n고종 강제 퇴위 반대 운동을 전개하였다.\n일제의 황무지 개간권 요구를 저지시켰다.\n일제가 조작한 105인 사건으로 와해되었다.\n대성 학교를 설립하여 민족 교육을 실시하였다.\n조소앙의 삼균주의를 기초로 건국 강령을 발표하였다.""}, {""problem_id"": ""cj_v41_1517"", ""full_text"": ""백정 계급의 주위를 포위하고 이를 압박하는 계급은 결코 양반 계급의 그것뿐이 아니요. [백정 계급은] 중인 계급에게도 능욕과 천대를 받는 것이며, 오늘날 사회 제도의 결함으로부터 발생된 모든 계급(민족적 우월 계급, 경제적 우월 계급)에게 압박과 착취를 당하는 자이다. 한과 원망이 가슴에 자고 설움과 눈물이 거듭하여 어리석은 고식적 보수에 잠자오던 백정 계급은 원래의 무지와 전통을 버리고 모름지기 저 화염 속으로 그들의 이상을 관철하여야 할 것이며, 이러한 역사적 사명을 갖고 있는 것이 아닌가. - 척후대\n다음 자료를 활용한 탐구 활동으로 가장 적절한 것은?\n보안회의 활동 내용을 분석한다.\n조선 형평사의 창립 목적을 파악한다.\n군국기무처가 설치된 계기를 찾아본다.\n전주 화약이 체결되는 과정을 알아본다.\n대한 자강회가 해산된 배경을 조사한다.""}]",source-candidate:6d2709b524cf96cab468,AKS:ARTICLE:E0015173:sha256-704d8ea620c542f5,AKS,1,대한자강회,name,exact,1.0,COMPATIBLE,"[""대한자강회""]","[""大韓自强會""]","[""근대"", ""대한제국기""]",,,[],Organization,"{""headword"": ""대한자강회"", ""origin"": ""大韓自强會"", ""headword_origin"": ""대한자강회(大韓自强會)"", ""primary_type"": ""단체"", ""era"": ""근대/대한제국기"", ""definition"": ""1906년 서울에서 조직되었던 사회운동단체.""}","[{""left_source_candidate_id"": ""source-candidate:6d2709b524cf96cab468"", ""right_source_candidate_id"": ""source-candidate:bf7172247d7d598abd66"", ""signals"": [], ""conflicts"": [""entity_type_conflict""], ""merge_eligible"": false}, {""left_source_candidate_id"": ""source-candidate:6d2709b524cf96cab468"", ""right_source_candidate_id"": ""source-candidate:e2c3e44ce53e8531ef77"", ""signals"": [""normalized_name_match"", ""hanja_match"", ""era_overlap""], ""conflicts"": [], ""merge_eligible"": true}]",IDENTITY_MEMBER,ALT_076,대한자강회,Organization,,,,
47,gold-case:b2791c7a4770977f7355,term-review-task:3e0998c43a616cfb74b3,resolution-case:8d68f4190eb61de1f7b1,대한자강회,단체,"[{""problem_id"": ""cj_v41_0794"", ""full_text"": ""이것은 (가)을/를 주도한 단체의 제7회 전국대회 포스터이다. '모혀라 자유평등의 기치하에로'라는 문구가 있으며, '경성 천도교 기념관'에서 개최된다고 알리고 있다. 진주에서 시작된 (가)은/는 '공평은 사회의 근본이요, 애정은 인류의 본량(本良)'이라는 구호 아래 전개되었다.\n(가) 운동에 대한 설명으로 옳은 것은?\n통감부의 탄압으로 중단되었다.\n중국의 5·4 운동에 영향을 주었다.\n대한 자강회가 결성되는 배경이 되었다.\n백정에 대한 사회적 차별 철폐를 주장하였다.\n여성 교육의 중요성을 강조한 여권통문을 발표하였다.""}, {""problem_id"": ""cj_v41_1368"", ""full_text"": ""이준 연보 1859년 함경도 북청에서 출생 1895년 법관 양성소 졸업 1898년 ㉠ 독립 협회 가입 1904년 ㉡ 보안회 조직 일제의 압력으로 황해도 철도(鐵島)로 유배 1905년 ㉢ 헌정 연구회 조직 1906년 ㉣ 대한 자강회 조직 1907년 ㉤ 신민회 가입 네덜란드 헤이그 만국 평화 회의에 특사로 파견, 사망 1962년 건국훈장 대한민국장 추서\n㉠~㉤에 대한 설명으로 옳은 것은?\n고종 강제 퇴위 반대 운동을 전개하였다.\n일제의 황무지 개간권 요구를 저지시켰다.\n일제가 조작한 105인 사건으로 와해되었다.\n대성 학교를 설립하여 민족 교육을 실시하였다.\n조소앙의 삼균주의를 기초로 건국 강령을 발표하였다.""}, {""problem_id"": ""cj_v41_1517"", ""full_text"": ""백정 계급의 주위를 포위하고 이를 압박하는 계급은 결코 양반 계급의 그것뿐이 아니요. [백정 계급은] 중인 계급에게도 능욕과 천대를 받는 것이며, 오늘날 사회 제도의 결함으로부터 발생된 모든 계급(민족적 우월 계급, 경제적 우월 계급)에게 압박과 착취를 당하는 자이다. 한과 원망이 가슴에 자고 설움과 눈물이 거듭하여 어리석은 고식적 보수에 잠자오던 백정 계급은 원래의 무지와 전통을 버리고 모름지기 저 화염 속으로 그들의 이상을 관철하여야 할 것이며, 이러한 역사적 사명을 갖고 있는 것이 아닌가. - 척후대\n다음 자료를 활용한 탐구 활동으로 가장 적절한 것은?\n보안회의 활동 내용을 분석한다.\n조선 형평사의 창립 목적을 파악한다.\n군국기무처가 설치된 계기를 찾아본다.\n전주 화약이 체결되는 과정을 알아본다.\n대한 자강회가 해산된 배경을 조사한다.""}]",source-candidate:e2c3e44ce53e8531ef77,THESAURUS:TERM:3324:sha256-1022516a18f91e61,THESAURUS,2,대한자강회,name,exact,1.0,UNKNOWN,"[""대한자강회""]","[""大韓自强會""]","[""근대""]",,,[],,"{""term_name"": ""대한자강회"", ""hanja"": ""大韓自强會"", ""era"": ""근대"", ""thesaurus_category"": ""사회운동·독립운동>사회운동>계몽운동"", ""description"": ""1906년 4월 장지연(張志淵) 등이 조직한 애국 계몽 단체."", ""term_year"": ""1906-1907""}","[{""left_source_candidate_id"": ""source-candidate:6d2709b524cf96cab468"", ""right_source_candidate_id"": ""source-candidate:e2c3e44ce53e8531ef77"", ""signals"": [""normalized_name_match"", ""hanja_match"", ""era_overlap""], ""conflicts"": [], ""merge_eligible"": true}]",IDENTITY_MEMBER,ALT_076,대한자강회,Organization,,,,
47,gold-case:b2791c7a4770977f7355,term-review-task:3e0998c43a616cfb74b3,resolution-case:8d68f4190eb61de1f7b1,대한자강회,단체,"[{""problem_id"": ""cj_v41_0794"", ""full_text"": ""이것은 (가)을/를 주도한 단체의 제7회 전국대회 포스터이다. '모혀라 자유평등의 기치하에로'라는 문구가 있으며, '경성 천도교 기념관'에서 개최된다고 알리고 있다. 진주에서 시작된 (가)은/는 '공평은 사회의 근본이요, 애정은 인류의 본량(本良)'이라는 구호 아래 전개되었다.\n(가) 운동에 대한 설명으로 옳은 것은?\n통감부의 탄압으로 중단되었다.\n중국의 5·4 운동에 영향을 주었다.\n대한 자강회가 결성되는 배경이 되었다.\n백정에 대한 사회적 차별 철폐를 주장하였다.\n여성 교육의 중요성을 강조한 여권통문을 발표하였다.""}, {""problem_id"": ""cj_v41_1368"", ""full_text"": ""이준 연보 1859년 함경도 북청에서 출생 1895년 법관 양성소 졸업 1898년 ㉠ 독립 협회 가입 1904년 ㉡ 보안회 조직 일제의 압력으로 황해도 철도(鐵島)로 유배 1905년 ㉢ 헌정 연구회 조직 1906년 ㉣ 대한 자강회 조직 1907년 ㉤ 신민회 가입 네덜란드 헤이그 만국 평화 회의에 특사로 파견, 사망 1962년 건국훈장 대한민국장 추서\n㉠~㉤에 대한 설명으로 옳은 것은?\n고종 강제 퇴위 반대 운동을 전개하였다.\n일제의 황무지 개간권 요구를 저지시켰다.\n일제가 조작한 105인 사건으로 와해되었다.\n대성 학교를 설립하여 민족 교육을 실시하였다.\n조소앙의 삼균주의를 기초로 건국 강령을 발표하였다.""}, {""problem_id"": ""cj_v41_1517"", ""full_text"": ""백정 계급의 주위를 포위하고 이를 압박하는 계급은 결코 양반 계급의 그것뿐이 아니요. [백정 계급은] 중인 계급에게도 능욕과 천대를 받는 것이며, 오늘날 사회 제도의 결함으로부터 발생된 모든 계급(민족적 우월 계급, 경제적 우월 계급)에게 압박과 착취를 당하는 자이다. 한과 원망이 가슴에 자고 설움과 눈물이 거듭하여 어리석은 고식적 보수에 잠자오던 백정 계급은 원래의 무지와 전통을 버리고 모름지기 저 화염 속으로 그들의 이상을 관철하여야 할 것이며, 이러한 역사적 사명을 갖고 있는 것이 아닌가. - 척후대\n다음 자료를 활용한 탐구 활동으로 가장 적절한 것은?\n보안회의 활동 내용을 분석한다.\n조선 형평사의 창립 목적을 파악한다.\n군국기무처가 설치된 계기를 찾아본다.\n전주 화약이 체결되는 과정을 알아본다.\n대한 자강회가 해산된 배경을 조사한다.""}]",source-candidate:bf7172247d7d598abd66,THESAURUS:TERM:3325:sha256-1022516a18f91e61,THESAURUS,3,대한자강회월보,description,bidirectional_containment,1.10119,UNKNOWN,"[""대한자강회월보""]","[""大韓自强會月報""]","[""개항기""]",,,[],Work,"{""term_name"": ""대한자강회월보"", ""hanja"": ""大韓自强會月報"", ""era"": ""개항기"", ""thesaurus_category"": ""서명"", ""description"": ""1906년 7월 31일 창간된 대한자강회의 회지."", ""term_year"": ""1906-1907""}","[{""left_source_candidate_id"": ""source-candidate:6d2709b524cf96cab468"", ""right_source_candidate_id"": ""source-candidate:bf7172247d7d598abd66"", ""signals"": [], ""conflicts"": [""entity_type_conflict""], ""merge_eligible"": false}]",EVIDENCE_ONLY,,,,REL_077,대한자강회월보,Work,
47,gold-case:b2791c7a4770977f7355,term-review-task:3e0998c43a616cfb74b3,resolution-case:8d68f4190eb61de1f7b1,대한자강회,단체,"[{""problem_id"": ""cj_v41_0794"", ""full_text"": ""이것은 (가)을/를 주도한 단체의 제7회 전국대회 포스터이다. '모혀라 자유평등의 기치하에로'라는 문구가 있으며, '경성 천도교 기념관'에서 개최된다고 알리고 있다. 진주에서 시작된 (가)은/는 '공평은 사회의 근본이요, 애정은 인류의 본량(本良)'이라는 구호 아래 전개되었다.\n(가) 운동에 대한 설명으로 옳은 것은?\n통감부의 탄압으로 중단되었다.\n중국의 5·4 운동에 영향을 주었다.\n대한 자강회가 결성되는 배경이 되었다.\n백정에 대한 사회적 차별 철폐를 주장하였다.\n여성 교육의 중요성을 강조한 여권통문을 발표하였다.""}, {""problem_id"": ""cj_v41_1368"", ""full_text"": ""이준 연보 1859년 함경도 북청에서 출생 1895년 법관 양성소 졸업 1898년 ㉠ 독립 협회 가입 1904년 ㉡ 보안회 조직 일제의 압력으로 황해도 철도(鐵島)로 유배 1905년 ㉢ 헌정 연구회 조직 1906년 ㉣ 대한 자강회 조직 1907년 ㉤ 신민회 가입 네덜란드 헤이그 만국 평화 회의에 특사로 파견, 사망 1962년 건국훈장 대한민국장 추서\n㉠~㉤에 대한 설명으로 옳은 것은?\n고종 강제 퇴위 반대 운동을 전개하였다.\n일제의 황무지 개간권 요구를 저지시켰다.\n일제가 조작한 105인 사건으로 와해되었다.\n대성 학교를 설립하여 민족 교육을 실시하였다.\n조소앙의 삼균주의를 기초로 건국 강령을 발표하였다.""}, {""problem_id"": ""cj_v41_1517"", ""full_text"": ""백정 계급의 주위를 포위하고 이를 압박하는 계급은 결코 양반 계급의 그것뿐이 아니요. [백정 계급은] 중인 계급에게도 능욕과 천대를 받는 것이며, 오늘날 사회 제도의 결함으로부터 발생된 모든 계급(민족적 우월 계급, 경제적 우월 계급)에게 압박과 착취를 당하는 자이다. 한과 원망이 가슴에 자고 설움과 눈물이 거듭하여 어리석은 고식적 보수에 잠자오던 백정 계급은 원래의 무지와 전통을 버리고 모름지기 저 화염 속으로 그들의 이상을 관철하여야 할 것이며, 이러한 역사적 사명을 갖고 있는 것이 아닌가. - 척후대\n다음 자료를 활용한 탐구 활동으로 가장 적절한 것은?\n보안회의 활동 내용을 분석한다.\n조선 형평사의 창립 목적을 파악한다.\n군국기무처가 설치된 계기를 찾아본다.\n전주 화약이 체결되는 과정을 알아본다.\n대한 자강회가 해산된 배경을 조사한다.""}]",source-candidate:f03bd2ecb869f5e1ebf1,THESAURUS:TERM:1993:sha256-1022516a18f91e61,THESAURUS,4,,description,description_containment,0.47,UNKNOWN,"[""광무사""]","[""光武社""]","[""근대""]",,,[],,"{""term_name"": ""광무사"", ""hanja"": ""光武社"", ""era"": ""근대"", ""thesaurus_category"": ""사회운동·독립운동>사회운동>계몽운동"", ""description"": ""대한자강회(大韓自强會)의 경제구국운동단체."", ""term_year"": ""1907""}",[],EVIDENCE_ONLY,,,,REL_078,광무사,Organization,
48,gold-case:2b3e4d7af2eb726c84de,term-review-task:bc0ebe54d1596f9e313c,resolution-case:e2a2cb2bd7f03dd2fb4b,청동 낙타상,유물,"[{""problem_id"": ""cj_v41_0717"", ""full_text"": ""기획 전시 (가), 다양한 문화를 융합하다 우리 박물관에서는 (가)의 문화에 대해 깊이 이해할 수 있는 전시회를 개최합니다. 많은 관람 바랍니다. - 기간: 2022. ○○. ○○. ~ ○○. ○○. - 장소: △△ 박물관 기획 전시실 - 전시관 안내 [1관] 고구려 문화의 계승: 연꽃무늬 수막새와 치미 [2관] 당 문화의 수용: 상경성 평면도 [3관] 말갈 문화의 요소: 말갈계 토기 [4관] 서역과의 교류: 청동 낙타상\n(가) 국가에 대한 설명으로 옳은 것은?\n후당과 오월에 사신을 파견하였다.\n주자감을 설치하여 인재를 양성하였다.\n9서당과 10정의 군사 조직을 운영하였다.\n화백 회의에서 국가의 중대사를 논의하였다.\n내신좌평, 위사좌평 등 6좌평의 관제를 마련하였다.""}, {""problem_id"": ""cj_v41_1293"", ""full_text"": ""이 지도는 (가)이/가 주변 국가들과 교역하는 데 이용한 교통로를 나타낸 것이다 이 국가는 교통로를 통 해 담비·호랑이·표범·곰 등의 가죽과 인삼·우황 등의 약재를 주요 품 목으로 주변 국가들과 교역하였다. 또한 소그드 은화, 청동 낙 타상 등 출토 유물을 통해 서역과의 교류 사실도 확인할 수 있습니 다 가 화살표로 표시되어 있다. 주요 교통로가 나와 있는 것을 통해 주어진 자료 속\n(가) 국가에 대한 설명으로 옳은 것은?\n왜에 칠지도를 만들어 보냈다.\n9서당 10정의 군사 조직을 운영하였다.\n광평성을 비롯한 각종 정치 기구를 마련하였다.\n제사장인 천군과 신성 지역인 소도가 존재하였다.\n서적 관리, 주요 문서 작성을 위해 문적원을 두었다.""}]",source-candidate:e839671500367eb522a7,AKS:ARTICLE:E0036980:sha256-704d8ea620c542f5,AKS,1,청동 낙타상,body,body_mention,1.0,COMPATIBLE,"[""연해주크라스키노성지""]","[""沿海州"", ""城址""]","[""고대"", ""남북국"", ""발해""]",,,[],Heritage,"{""headword"": ""연해주 크라스키노성지"", ""origin"": ""沿海州 Kraskino城址"", ""headword_origin"": ""연해주 크라스키노성지(沿海州 Kraskino城址)"", ""primary_type"": ""유적/터"", ""era"": ""고대/남북국/발해"", ""definition"": ""러시아 프리모르스키 크레이(Приморский край 연해주) 크라스키노(Краскино)마을에 있는 남북국시대 발해의 성곽터."", ""snippet"": ""요 유물로는 명문 토기, 고구려형 시루와 기와, 청동과대, 청동 핀셋, 철제 창, 다듬이돌, 낙타 다리뼈, 청동낙타상, 편병 등이 있다. 이 가운데 명문 토기의 “도융홍지(道隆弘知)”는 일본 승려의 이름으로 발해와 일본의 교""}","[{""left_source_candidate_id"": ""source-candidate:0cd10d1f44e52460d65c"", ""right_source_candidate_id"": ""source-candidate:e839671500367eb522a7"", ""signals"": [], ""conflicts"": [""entity_type_conflict""], ""merge_eligible"": false}, {""left_source_candidate_id"": ""source-candidate:5a1c553689dd15ba61bb"", ""right_source_candidate_id"": ""source-candidate:e839671500367eb522a7"", ""signals"": [], ""conflicts"": [""entity_type_conflict""], ""merge_eligible"": false}, {""left_source_candidate_id"": ""source-candidate:631f297483b1a1c6dc7a"", ""right_source_candidate_id"": ""source-candidate:e839671500367eb522a7"", ""signals"": [], ""conflicts"": [""entity_type_conflict""], ""merge_eligible"": false}, {""left_source_candidate_id"": ""source-candidate:87a615cf7e52f1340f30"", ""right_source_candidate_id"": ""source-candidate:e839671500367eb522a7"", ""signals"": [], ""conflicts"": [""entity_type_conflict""], ""merge_eligible"": false}]",EVIDENCE_ONLY,,,,REL_079,연해주크라스키노성지,Place,
48,gold-case:2b3e4d7af2eb726c84de,term-review-task:bc0ebe54d1596f9e313c,resolution-case:e2a2cb2bd7f03dd2fb4b,청동 낙타상,유물,"[{""problem_id"": ""cj_v41_0717"", ""full_text"": ""기획 전시 (가), 다양한 문화를 융합하다 우리 박물관에서는 (가)의 문화에 대해 깊이 이해할 수 있는 전시회를 개최합니다. 많은 관람 바랍니다. - 기간: 2022. ○○. ○○. ~ ○○. ○○. - 장소: △△ 박물관 기획 전시실 - 전시관 안내 [1관] 고구려 문화의 계승: 연꽃무늬 수막새와 치미 [2관] 당 문화의 수용: 상경성 평면도 [3관] 말갈 문화의 요소: 말갈계 토기 [4관] 서역과의 교류: 청동 낙타상\n(가) 국가에 대한 설명으로 옳은 것은?\n후당과 오월에 사신을 파견하였다.\n주자감을 설치하여 인재를 양성하였다.\n9서당과 10정의 군사 조직을 운영하였다.\n화백 회의에서 국가의 중대사를 논의하였다.\n내신좌평, 위사좌평 등 6좌평의 관제를 마련하였다.""}, {""problem_id"": ""cj_v41_1293"", ""full_text"": ""이 지도는 (가)이/가 주변 국가들과 교역하는 데 이용한 교통로를 나타낸 것이다 이 국가는 교통로를 통 해 담비·호랑이·표범·곰 등의 가죽과 인삼·우황 등의 약재를 주요 품 목으로 주변 국가들과 교역하였다. 또한 소그드 은화, 청동 낙 타상 등 출토 유물을 통해 서역과의 교류 사실도 확인할 수 있습니 다 가 화살표로 표시되어 있다. 주요 교통로가 나와 있는 것을 통해 주어진 자료 속\n(가) 국가에 대한 설명으로 옳은 것은?\n왜에 칠지도를 만들어 보냈다.\n9서당 10정의 군사 조직을 운영하였다.\n광평성을 비롯한 각종 정치 기구를 마련하였다.\n제사장인 천군과 신성 지역인 소도가 존재하였다.\n서적 관리, 주요 문서 작성을 위해 문적원을 두었다.""}]",source-candidate:553a66081319377c243e,THESAURUS:TERM:14684728:sha256-1022516a18f91e61,THESAURUS,2,청동여래입상,name,name_ngram,0.289318,UNKNOWN,"[""청동여래입상""]","[""靑銅如來立像""]","[""남북국시대""]",,,[],Heritage,"{""term_name"": ""청동여래입상"", ""hanja"": ""靑銅如來立像"", ""era"": ""남북국시대"", ""thesaurus_category"": ""문화재"", ""description"": ""통일신라 초기 양식의 경상남도 양산시 통도사에 있는 청동제 불상."", ""term_year"": ""?""}","[{""left_source_candidate_id"": ""source-candidate:0cd10d1f44e52460d65c"", ""right_source_candidate_id"": ""source-candidate:553a66081319377c243e"", ""signals"": [], ""conflicts"": [""entity_type_conflict""], ""merge_eligible"": false}, {""left_source_candidate_id"": ""source-candidate:553a66081319377c243e"", ""right_source_candidate_id"": ""source-candidate:5a1c553689dd15ba61bb"", ""signals"": [], ""conflicts"": [""entity_type_conflict""], ""merge_eligible"": false}, {""left_source_candidate_id"": ""source-candidate:553a66081319377c243e"", ""right_source_candidate_id"": ""source-candidate:631f297483b1a1c6dc7a"", ""signals"": [], ""conflicts"": [""entity_type_conflict""], ""merge_eligible"": false}, {""left_source_candidate_id"": ""source-candidate:553a66081319377c243e"", ""right_source_candidate_id"": ""source-candidate:87a615cf7e52f1340f30"", ""signals"": [], ""conflicts"": [""entity_type_conflict""], ""merge_eligible"": false}]",,,,,,,,
48,gold-case:2b3e4d7af2eb726c84de,term-review-task:bc0ebe54d1596f9e313c,resolution-case:e2a2cb2bd7f03dd2fb4b,청동 낙타상,유물,"[{""problem_id"": ""cj_v41_0717"", ""full_text"": ""기획 전시 (가), 다양한 문화를 융합하다 우리 박물관에서는 (가)의 문화에 대해 깊이 이해할 수 있는 전시회를 개최합니다. 많은 관람 바랍니다. - 기간: 2022. ○○. ○○. ~ ○○. ○○. - 장소: △△ 박물관 기획 전시실 - 전시관 안내 [1관] 고구려 문화의 계승: 연꽃무늬 수막새와 치미 [2관] 당 문화의 수용: 상경성 평면도 [3관] 말갈 문화의 요소: 말갈계 토기 [4관] 서역과의 교류: 청동 낙타상\n(가) 국가에 대한 설명으로 옳은 것은?\n후당과 오월에 사신을 파견하였다.\n주자감을 설치하여 인재를 양성하였다.\n9서당과 10정의 군사 조직을 운영하였다.\n화백 회의에서 국가의 중대사를 논의하였다.\n내신좌평, 위사좌평 등 6좌평의 관제를 마련하였다.""}, {""problem_id"": ""cj_v41_1293"", ""full_text"": ""이 지도는 (가)이/가 주변 국가들과 교역하는 데 이용한 교통로를 나타낸 것이다 이 국가는 교통로를 통 해 담비·호랑이·표범·곰 등의 가죽과 인삼·우황 등의 약재를 주요 품 목으로 주변 국가들과 교역하였다. 또한 소그드 은화, 청동 낙 타상 등 출토 유물을 통해 서역과의 교류 사실도 확인할 수 있습니 다 가 화살표로 표시되어 있다. 주요 교통로가 나와 있는 것을 통해 주어진 자료 속\n(가) 국가에 대한 설명으로 옳은 것은?\n왜에 칠지도를 만들어 보냈다.\n9서당 10정의 군사 조직을 운영하였다.\n광평성을 비롯한 각종 정치 기구를 마련하였다.\n제사장인 천군과 신성 지역인 소도가 존재하였다.\n서적 관리, 주요 문서 작성을 위해 문적원을 두었다.""}]",source-candidate:aaf3782fbedc853677ff,THESAURUS:TERM:20505:sha256-1022516a18f91e61,THESAURUS,3,낙동리청동기,name,name_ngram,0.281136,UNKNOWN,"[""낙동리청동기""]","[""洛東里靑銅器""]","[""초기철기시대""]",,,[],,"{""term_name"": ""낙동리청동기"", ""hanja"": ""洛東里靑銅器"", ""era"": ""초기철기시대"", ""thesaurus_category"": ""학술·과학기술>인문과학"", ""description"": ""경상북도 상주시 낙동면 낙동리에서 출토된 것으로 전하는 B.C.1세기대의 청동기 일괄유물."", ""term_year"": ""?-?""}",[],,,,,,,,
48,gold-case:2b3e4d7af2eb726c84de,term-review-task:bc0ebe54d1596f9e313c,resolution-case:e2a2cb2bd7f03dd2fb4b,청동 낙타상,유물,"[{""problem_id"": ""cj_v41_0717"", ""full_text"": ""기획 전시 (가), 다양한 문화를 융합하다 우리 박물관에서는 (가)의 문화에 대해 깊이 이해할 수 있는 전시회를 개최합니다. 많은 관람 바랍니다. - 기간: 2022. ○○. ○○. ~ ○○. ○○. - 장소: △△ 박물관 기획 전시실 - 전시관 안내 [1관] 고구려 문화의 계승: 연꽃무늬 수막새와 치미 [2관] 당 문화의 수용: 상경성 평면도 [3관] 말갈 문화의 요소: 말갈계 토기 [4관] 서역과의 교류: 청동 낙타상\n(가) 국가에 대한 설명으로 옳은 것은?\n후당과 오월에 사신을 파견하였다.\n주자감을 설치하여 인재를 양성하였다.\n9서당과 10정의 군사 조직을 운영하였다.\n화백 회의에서 국가의 중대사를 논의하였다.\n내신좌평, 위사좌평 등 6좌평의 관제를 마련하였다.""}, {""problem_id"": ""cj_v41_1293"", ""full_text"": ""이 지도는 (가)이/가 주변 국가들과 교역하는 데 이용한 교통로를 나타낸 것이다 이 국가는 교통로를 통 해 담비·호랑이·표범·곰 등의 가죽과 인삼·우황 등의 약재를 주요 품 목으로 주변 국가들과 교역하였다. 또한 소그드 은화, 청동 낙 타상 등 출토 유물을 통해 서역과의 교류 사실도 확인할 수 있습니 다 가 화살표로 표시되어 있다. 주요 교통로가 나와 있는 것을 통해 주어진 자료 속\n(가) 국가에 대한 설명으로 옳은 것은?\n왜에 칠지도를 만들어 보냈다.\n9서당 10정의 군사 조직을 운영하였다.\n광평성을 비롯한 각종 정치 기구를 마련하였다.\n제사장인 천군과 신성 지역인 소도가 존재하였다.\n서적 관리, 주요 문서 작성을 위해 문적원을 두었다.""}]",source-candidate:65145e68e8995b5e7423,AKS:ARTICLE:E0016447:sha256-704d8ea620c542f5,AKS,4,청동창,name,name_ngram,0.2725,COMPATIBLE,"[""동모"", ""청동창"", ""청동투겁창""]","[""銅矛""]","[""선사"", ""청동기""]",,,[],Heritage,"{""headword"": ""동모"", ""aliases"": [""청동창"", ""청동투겁창""], ""origin"": ""銅矛"", ""headword_origin"": ""동모(銅矛)"", ""primary_type"": ""물품"", ""era"": ""선사/청동기"", ""definition"": ""청동제 창머리에 달린 투겁에 긴 나무 자루를 끼워 조합해서 만든, 적을 찌르는 데 쓰는 무기.""}","[{""left_source_candidate_id"": ""source-candidate:0cd10d1f44e52460d65c"", ""right_source_candidate_id"": ""source-candidate:65145e68e8995b5e7423"", ""signals"": [], ""conflicts"": [""entity_type_conflict""], ""merge_eligible"": false}, {""left_source_candidate_id"": ""source-candidate:5a1c553689dd15ba61bb"", ""right_source_candidate_id"": ""source-candidate:65145e68e8995b5e7423"", ""signals"": [], ""conflicts"": [""entity_type_conflict""], ""merge_eligible"": false}, {""left_source_candidate_id"": ""source-candidate:631f297483b1a1c6dc7a"", ""right_source_candidate_id"": ""source-candidate:65145e68e8995b5e7423"", ""signals"": [], ""conflicts"": [""entity_type_conflict""], ""merge_eligible"": false}, {""left_source_candidate_id"": ""source-candidate:65145e68e8995b5e7423"", ""right_source_candidate_id"": ""source-candidate:87a615cf7e52f1340f30"", ""signals"": [], ""conflicts"": [""entity_type_conflict""], ""merge_eligible"": false}]",,,,,,,,
48,gold-case:2b3e4d7af2eb726c84de,term-review-task:bc0ebe54d1596f9e313c,resolution-case:e2a2cb2bd7f03dd2fb4b,청동 낙타상,유물,"[{""problem_id"": ""cj_v41_0717"", ""full_text"": ""기획 전시 (가), 다양한 문화를 융합하다 우리 박물관에서는 (가)의 문화에 대해 깊이 이해할 수 있는 전시회를 개최합니다. 많은 관람 바랍니다. - 기간: 2022. ○○. ○○. ~ ○○. ○○. - 장소: △△ 박물관 기획 전시실 - 전시관 안내 [1관] 고구려 문화의 계승: 연꽃무늬 수막새와 치미 [2관] 당 문화의 수용: 상경성 평면도 [3관] 말갈 문화의 요소: 말갈계 토기 [4관] 서역과의 교류: 청동 낙타상\n(가) 국가에 대한 설명으로 옳은 것은?\n후당과 오월에 사신을 파견하였다.\n주자감을 설치하여 인재를 양성하였다.\n9서당과 10정의 군사 조직을 운영하였다.\n화백 회의에서 국가의 중대사를 논의하였다.\n내신좌평, 위사좌평 등 6좌평의 관제를 마련하였다.""}, {""problem_id"": ""cj_v41_1293"", ""full_text"": ""이 지도는 (가)이/가 주변 국가들과 교역하는 데 이용한 교통로를 나타낸 것이다 이 국가는 교통로를 통 해 담비·호랑이·표범·곰 등의 가죽과 인삼·우황 등의 약재를 주요 품 목으로 주변 국가들과 교역하였다. 또한 소그드 은화, 청동 낙 타상 등 출토 유물을 통해 서역과의 교류 사실도 확인할 수 있습니 다 가 화살표로 표시되어 있다. 주요 교통로가 나와 있는 것을 통해 주어진 자료 속\n(가) 국가에 대한 설명으로 옳은 것은?\n왜에 칠지도를 만들어 보냈다.\n9서당 10정의 군사 조직을 운영하였다.\n광평성을 비롯한 각종 정치 기구를 마련하였다.\n제사장인 천군과 신성 지역인 소도가 존재하였다.\n서적 관리, 주요 문서 작성을 위해 문적원을 두었다.""}]",source-candidate:0cd10d1f44e52460d65c,AKS:ARTICLE:E0077872:sha256-704d8ea620c542f5,AKS,5,청동북,name,name_ngram,0.2725,COMPATIBLE,"[""법천사출토금고法泉寺出土金鼓"", ""청동북""]","[""靑銅"", ""法泉寺"", ""出土"", ""金鼓""]","[""고려"", ""고려 전기"", ""고려 후기""]",,,[],Work,"{""headword"": ""청동북"", ""aliases"": [""법천사 출토 금고(法泉寺 出土 金鼓)""], ""origin"": ""靑銅북"", ""headword_origin"": ""청동북(靑銅북)"", ""primary_type"": ""작품/조각·공예"", ""era"": ""고려/고려 전기 | 고려/고려 후기"", ""definition"": ""고려시대 제작된 청동 반자(飯子).""}","[{""left_source_candidate_id"": ""source-candidate:0cd10d1f44e52460d65c"", ""right_source_candidate_id"": ""source-candidate:553a66081319377c243e"", ""signals"": [], ""conflicts"": [""entity_type_conflict""], ""merge_eligible"": false}, {""left_source_candidate_id"": ""source-candidate:0cd10d1f44e52460d65c"", ""right_source_candidate_id"": ""source-candidate:631f297483b1a1c6dc7a"", ""signals"": [], ""conflicts"": [""entity_type_conflict""], ""merge_eligible"": false}, {""left_source_candidate_id"": ""source-candidate:0cd10d1f44e52460d65c"", ""right_source_candidate_id"": ""source-candidate:65145e68e8995b5e7423"", ""signals"": [], ""conflicts"": [""entity_type_conflict""], ""merge_eligible"": false}, {""left_source_candidate_id"": ""source-candidate:0cd10d1f44e52460d65c"", ""right_source_candidate_id"": ""source-candidate:e839671500367eb522a7"", ""signals"": [], ""conflicts"": [""entity_type_conflict""], ""merge_eligible"": false}]",,,,,,,,
48,gold-case:2b3e4d7af2eb726c84de,term-review-task:bc0ebe54d1596f9e313c,resolution-case:e2a2cb2bd7f03dd2fb4b,청동 낙타상,유물,"[{""problem_id"": ""cj_v41_0717"", ""full_text"": ""기획 전시 (가), 다양한 문화를 융합하다 우리 박물관에서는 (가)의 문화에 대해 깊이 이해할 수 있는 전시회를 개최합니다. 많은 관람 바랍니다. - 기간: 2022. ○○. ○○. ~ ○○. ○○. - 장소: △△ 박물관 기획 전시실 - 전시관 안내 [1관] 고구려 문화의 계승: 연꽃무늬 수막새와 치미 [2관] 당 문화의 수용: 상경성 평면도 [3관] 말갈 문화의 요소: 말갈계 토기 [4관] 서역과의 교류: 청동 낙타상\n(가) 국가에 대한 설명으로 옳은 것은?\n후당과 오월에 사신을 파견하였다.\n주자감을 설치하여 인재를 양성하였다.\n9서당과 10정의 군사 조직을 운영하였다.\n화백 회의에서 국가의 중대사를 논의하였다.\n내신좌평, 위사좌평 등 6좌평의 관제를 마련하였다.""}, {""problem_id"": ""cj_v41_1293"", ""full_text"": ""이 지도는 (가)이/가 주변 국가들과 교역하는 데 이용한 교통로를 나타낸 것이다 이 국가는 교통로를 통 해 담비·호랑이·표범·곰 등의 가죽과 인삼·우황 등의 약재를 주요 품 목으로 주변 국가들과 교역하였다. 또한 소그드 은화, 청동 낙 타상 등 출토 유물을 통해 서역과의 교류 사실도 확인할 수 있습니 다 가 화살표로 표시되어 있다. 주요 교통로가 나와 있는 것을 통해 주어진 자료 속\n(가) 국가에 대한 설명으로 옳은 것은?\n왜에 칠지도를 만들어 보냈다.\n9서당 10정의 군사 조직을 운영하였다.\n광평성을 비롯한 각종 정치 기구를 마련하였다.\n제사장인 천군과 신성 지역인 소도가 존재하였다.\n서적 관리, 주요 문서 작성을 위해 문적원을 두었다.""}]",source-candidate:5a1c553689dd15ba61bb,AKS:ARTICLE:E0077874:sha256-704d8ea620c542f5,AKS,6,청동종,name,name_ngram,0.2725,COMPATIBLE,"[""공주수연원종公州修淵院鍾"", ""청동종""]","[""靑銅鐘"", ""公州"", ""修淵院"", ""鍾""]","[""고려"", ""고려 후기""]",,,[],Work,"{""headword"": ""청동종"", ""aliases"": [""공주 수연원 종(公州 修淵院 鍾)""], ""origin"": ""靑銅鐘"", ""headword_origin"": ""청동종(靑銅鐘)"", ""primary_type"": ""작품/조각·공예"", ""era"": ""고려/고려 후기"", ""definition"": ""고려 후기 청동으로 제작한 소종.""}","[{""left_source_candidate_id"": ""source-candidate:553a66081319377c243e"", ""right_source_candidate_id"": ""source-candidate:5a1c553689dd15ba61bb"", ""signals"": [], ""conflicts"": [""entity_type_conflict""], ""merge_eligible"": false}, {""left_source_candidate_id"": ""source-candidate:5a1c553689dd15ba61bb"", ""right_source_candidate_id"": ""source-candidate:631f297483b1a1c6dc7a"", ""signals"": [], ""conflicts"": [""entity_type_conflict""], ""merge_eligible"": false}, {""left_source_candidate_id"": ""source-candidate:5a1c553689dd15ba61bb"", ""right_source_candidate_id"": ""source-candidate:65145e68e8995b5e7423"", ""signals"": [], ""conflicts"": [""entity_type_conflict""], ""merge_eligible"": false}, {""left_source_candidate_id"": ""source-candidate:5a1c553689dd15ba61bb"", ""right_source_candidate_id"": ""source-candidate:e839671500367eb522a7"", ""signals"": [], ""conflicts"": [""entity_type_conflict""], ""merge_eligible"": false}]",,,,,,,,
48,gold-case:2b3e4d7af2eb726c84de,term-review-task:bc0ebe54d1596f9e313c,resolution-case:e2a2cb2bd7f03dd2fb4b,청동 낙타상,유물,"[{""problem_id"": ""cj_v41_0717"", ""full_text"": ""기획 전시 (가), 다양한 문화를 융합하다 우리 박물관에서는 (가)의 문화에 대해 깊이 이해할 수 있는 전시회를 개최합니다. 많은 관람 바랍니다. - 기간: 2022. ○○. ○○. ~ ○○. ○○. - 장소: △△ 박물관 기획 전시실 - 전시관 안내 [1관] 고구려 문화의 계승: 연꽃무늬 수막새와 치미 [2관] 당 문화의 수용: 상경성 평면도 [3관] 말갈 문화의 요소: 말갈계 토기 [4관] 서역과의 교류: 청동 낙타상\n(가) 국가에 대한 설명으로 옳은 것은?\n후당과 오월에 사신을 파견하였다.\n주자감을 설치하여 인재를 양성하였다.\n9서당과 10정의 군사 조직을 운영하였다.\n화백 회의에서 국가의 중대사를 논의하였다.\n내신좌평, 위사좌평 등 6좌평의 관제를 마련하였다.""}, {""problem_id"": ""cj_v41_1293"", ""full_text"": ""이 지도는 (가)이/가 주변 국가들과 교역하는 데 이용한 교통로를 나타낸 것이다 이 국가는 교통로를 통 해 담비·호랑이·표범·곰 등의 가죽과 인삼·우황 등의 약재를 주요 품 목으로 주변 국가들과 교역하였다. 또한 소그드 은화, 청동 낙 타상 등 출토 유물을 통해 서역과의 교류 사실도 확인할 수 있습니 다 가 화살표로 표시되어 있다. 주요 교통로가 나와 있는 것을 통해 주어진 자료 속\n(가) 국가에 대한 설명으로 옳은 것은?\n왜에 칠지도를 만들어 보냈다.\n9서당 10정의 군사 조직을 운영하였다.\n광평성을 비롯한 각종 정치 기구를 마련하였다.\n제사장인 천군과 신성 지역인 소도가 존재하였다.\n서적 관리, 주요 문서 작성을 위해 문적원을 두었다.""}]",source-candidate:87a615cf7e52f1340f30,AKS:ARTICLE:E0077886:sha256-704d8ea620c542f5,AKS,7,청동종,name,name_ngram,0.2725,COMPATIBLE,"[""청동소종靑銅小鍾"", ""청동종""]","[""靑銅鐘"", ""靑銅小鍾""]","[""고려"", ""고려 후기""]",,,[],Work,"{""headword"": ""청동종"", ""aliases"": [""청동소종(靑銅小鍾)""], ""origin"": ""靑銅鐘"", ""headword_origin"": ""청동종(靑銅鐘)"", ""primary_type"": ""작품/조각·공예"", ""era"": ""고려/고려 후기"", ""definition"": ""고려 후기 청동으로 제작한 소종.""}","[{""left_source_candidate_id"": ""source-candidate:553a66081319377c243e"", ""right_source_candidate_id"": ""source-candidate:87a615cf7e52f1340f30"", ""signals"": [], ""conflicts"": [""entity_type_conflict""], ""merge_eligible"": false}, {""left_source_candidate_id"": ""source-candidate:631f297483b1a1c6dc7a"", ""right_source_candidate_id"": ""source-candidate:87a615cf7e52f1340f30"", ""signals"": [], ""conflicts"": [""entity_type_conflict""], ""merge_eligible"": false}, {""left_source_candidate_id"": ""source-candidate:65145e68e8995b5e7423"", ""right_source_candidate_id"": ""source-candidate:87a615cf7e52f1340f30"", ""signals"": [], ""conflicts"": [""entity_type_conflict""], ""merge_eligible"": false}, {""left_source_candidate_id"": ""source-candidate:87a615cf7e52f1340f30"", ""right_source_candidate_id"": ""source-candidate:e839671500367eb522a7"", ""signals"": [], ""conflicts"": [""entity_type_conflict""], ""merge_eligible"": false}]",,,,,,,,
48,gold-case:2b3e4d7af2eb726c84de,term-review-task:bc0ebe54d1596f9e313c,resolution-case:e2a2cb2bd7f03dd2fb4b,청동 낙타상,유물,"[{""problem_id"": ""cj_v41_0717"", ""full_text"": ""기획 전시 (가), 다양한 문화를 융합하다 우리 박물관에서는 (가)의 문화에 대해 깊이 이해할 수 있는 전시회를 개최합니다. 많은 관람 바랍니다. - 기간: 2022. ○○. ○○. ~ ○○. ○○. - 장소: △△ 박물관 기획 전시실 - 전시관 안내 [1관] 고구려 문화의 계승: 연꽃무늬 수막새와 치미 [2관] 당 문화의 수용: 상경성 평면도 [3관] 말갈 문화의 요소: 말갈계 토기 [4관] 서역과의 교류: 청동 낙타상\n(가) 국가에 대한 설명으로 옳은 것은?\n후당과 오월에 사신을 파견하였다.\n주자감을 설치하여 인재를 양성하였다.\n9서당과 10정의 군사 조직을 운영하였다.\n화백 회의에서 국가의 중대사를 논의하였다.\n내신좌평, 위사좌평 등 6좌평의 관제를 마련하였다.""}, {""problem_id"": ""cj_v41_1293"", ""full_text"": ""이 지도는 (가)이/가 주변 국가들과 교역하는 데 이용한 교통로를 나타낸 것이다 이 국가는 교통로를 통 해 담비·호랑이·표범·곰 등의 가죽과 인삼·우황 등의 약재를 주요 품 목으로 주변 국가들과 교역하였다. 또한 소그드 은화, 청동 낙 타상 등 출토 유물을 통해 서역과의 교류 사실도 확인할 수 있습니 다 가 화살표로 표시되어 있다. 주요 교통로가 나와 있는 것을 통해 주어진 자료 속\n(가) 국가에 대한 설명으로 옳은 것은?\n왜에 칠지도를 만들어 보냈다.\n9서당 10정의 군사 조직을 운영하였다.\n광평성을 비롯한 각종 정치 기구를 마련하였다.\n제사장인 천군과 신성 지역인 소도가 존재하였다.\n서적 관리, 주요 문서 작성을 위해 문적원을 두었다.""}]",source-candidate:c807b17c45ca8d5989fa,THESAURUS:TERM:21039220:sha256-1022516a18f91e61,THESAURUS,8,청동십이지상추,name,name_ngram,0.2725,UNKNOWN,"[""청동십이지상추""]","[""靑銅十二支像錘""]","[""남북국시대""]",,,[],,"{""term_name"": ""청동십이지상추"", ""hanja"": ""靑銅十二支像錘"", ""era"": ""남북국시대"", ""thesaurus_category"": ""문화·예술>미술"", ""description"": ""통일신라시대 사찰에서 사용되던 특수한 기물(器物)로 추정되는 청동추로 경상북도 경주시 성동동에서 출토됨. 국립경주박물관 소장."", ""term_year"": ""?-?""}",[],,,,,,,,
48,gold-case:2b3e4d7af2eb726c84de,term-review-task:bc0ebe54d1596f9e313c,resolution-case:e2a2cb2bd7f03dd2fb4b,청동 낙타상,유물,"[{""problem_id"": ""cj_v41_0717"", ""full_text"": ""기획 전시 (가), 다양한 문화를 융합하다 우리 박물관에서는 (가)의 문화에 대해 깊이 이해할 수 있는 전시회를 개최합니다. 많은 관람 바랍니다. - 기간: 2022. ○○. ○○. ~ ○○. ○○. - 장소: △△ 박물관 기획 전시실 - 전시관 안내 [1관] 고구려 문화의 계승: 연꽃무늬 수막새와 치미 [2관] 당 문화의 수용: 상경성 평면도 [3관] 말갈 문화의 요소: 말갈계 토기 [4관] 서역과의 교류: 청동 낙타상\n(가) 국가에 대한 설명으로 옳은 것은?\n후당과 오월에 사신을 파견하였다.\n주자감을 설치하여 인재를 양성하였다.\n9서당과 10정의 군사 조직을 운영하였다.\n화백 회의에서 국가의 중대사를 논의하였다.\n내신좌평, 위사좌평 등 6좌평의 관제를 마련하였다.""}, {""problem_id"": ""cj_v41_1293"", ""full_text"": ""이 지도는 (가)이/가 주변 국가들과 교역하는 데 이용한 교통로를 나타낸 것이다 이 국가는 교통로를 통 해 담비·호랑이·표범·곰 등의 가죽과 인삼·우황 등의 약재를 주요 품 목으로 주변 국가들과 교역하였다. 또한 소그드 은화, 청동 낙 타상 등 출토 유물을 통해 서역과의 교류 사실도 확인할 수 있습니 다 가 화살표로 표시되어 있다. 주요 교통로가 나와 있는 것을 통해 주어진 자료 속\n(가) 국가에 대한 설명으로 옳은 것은?\n왜에 칠지도를 만들어 보냈다.\n9서당 10정의 군사 조직을 운영하였다.\n광평성을 비롯한 각종 정치 기구를 마련하였다.\n제사장인 천군과 신성 지역인 소도가 존재하였다.\n서적 관리, 주요 문서 작성을 위해 문적원을 두었다.""}]",source-candidate:631f297483b1a1c6dc7a,THESAURUS:TERM:35665110:sha256-1022516a18f91e61,THESAURUS,9,삼청동,name,name_ngram,0.2725,UNKNOWN,"[""삼청동""]","[""三淸洞""]","[""근대-현대""]",,,[],Place,"{""term_name"": ""삼청동"", ""hanja"": ""三淸洞"", ""era"": ""근대-현대"", ""thesaurus_category"": ""지명"", ""description"": ""1914년 삼청동과 팔판동 일부를 합쳐 이루어진 동(洞). 1936년 삼청정(三淸町)으로, 1946년 다시 삼청동으로 바뀜. 서울시 종로구에 있는 동으로, 조선초에는 한성부 북부 진장방(鎭長坊)이었음."", ""term_year"": ""1914-1936, 1946-?""}","[{""left_source_candidate_id"": ""source-candidate:0cd10d1f44e52460d65c"", ""right_source_candidate_id"": ""source-candidate:631f297483b1a1c6dc7a"", ""signals"": [], ""conflicts"": [""entity_type_conflict""], ""merge_eligible"": false}, {""left_source_candidate_id"": ""source-candidate:553a66081319377c243e"", ""right_source_candidate_id"": ""source-candidate:631f297483b1a1c6dc7a"", ""signals"": [], ""conflicts"": [""entity_type_conflict""], ""merge_eligible"": false}, {""left_source_candidate_id"": ""source-candidate:5a1c553689dd15ba61bb"", ""right_source_candidate_id"": ""source-candidate:631f297483b1a1c6dc7a"", ""signals"": [], ""conflicts"": [""entity_type_conflict""], ""merge_eligible"": false}, {""left_source_candidate_id"": ""source-candidate:631f297483b1a1c6dc7a"", ""right_source_candidate_id"": ""source-candidate:65145e68e8995b5e7423"", ""signals"": [], ""conflicts"": [""entity_type_conflict""], ""merge_eligible"": false}, {""left_source_candidate_id"": ""source-candidate:631f297483b1a1c6dc7a"", ""right_source_candidate_id"": ""source-candidate:87a615cf7e52f1340f30"", ""signals"": [], ""conflicts"": [""entity_type_conflict""], ""merge_eligible"": false}, {""left_source_candidate_id"": ""source-candidate:631f297483b1a1c6dc7a"", ""right_source_candidate_id"": ""source-candidate:e839671500367eb522a7"", ""signals"": [], ""conflicts"": [""entity_type_conflict""], ""merge_eligible"": false}]",,,,,,,,
48,gold-case:2b3e4d7af2eb726c84de,term-review-task:bc0ebe54d1596f9e313c,resolution-case:e2a2cb2bd7f03dd2fb4b,청동 낙타상,유물,"[{""problem_id"": ""cj_v41_0717"", ""full_text"": ""기획 전시 (가), 다양한 문화를 융합하다 우리 박물관에서는 (가)의 문화에 대해 깊이 이해할 수 있는 전시회를 개최합니다. 많은 관람 바랍니다. - 기간: 2022. ○○. ○○. ~ ○○. ○○. - 장소: △△ 박물관 기획 전시실 - 전시관 안내 [1관] 고구려 문화의 계승: 연꽃무늬 수막새와 치미 [2관] 당 문화의 수용: 상경성 평면도 [3관] 말갈 문화의 요소: 말갈계 토기 [4관] 서역과의 교류: 청동 낙타상\n(가) 국가에 대한 설명으로 옳은 것은?\n후당과 오월에 사신을 파견하였다.\n주자감을 설치하여 인재를 양성하였다.\n9서당과 10정의 군사 조직을 운영하였다.\n화백 회의에서 국가의 중대사를 논의하였다.\n내신좌평, 위사좌평 등 6좌평의 관제를 마련하였다.""}, {""problem_id"": ""cj_v41_1293"", ""full_text"": ""이 지도는 (가)이/가 주변 국가들과 교역하는 데 이용한 교통로를 나타낸 것이다 이 국가는 교통로를 통 해 담비·호랑이·표범·곰 등의 가죽과 인삼·우황 등의 약재를 주요 품 목으로 주변 국가들과 교역하였다. 또한 소그드 은화, 청동 낙 타상 등 출토 유물을 통해 서역과의 교류 사실도 확인할 수 있습니 다 가 화살표로 표시되어 있다. 주요 교통로가 나와 있는 것을 통해 주어진 자료 속\n(가) 국가에 대한 설명으로 옳은 것은?\n왜에 칠지도를 만들어 보냈다.\n9서당 10정의 군사 조직을 운영하였다.\n광평성을 비롯한 각종 정치 기구를 마련하였다.\n제사장인 천군과 신성 지역인 소도가 존재하였다.\n서적 관리, 주요 문서 작성을 위해 문적원을 두었다.""}]",source-candidate:9fc64257fa3aa49f0784,THESAURUS:TERM:7970:sha256-1022516a18f91e61,THESAURUS,10,청동기,name,name_ngram,0.2725,UNKNOWN,"[""청동기""]","[""靑銅器""]","[""청동기시대-초기철기시대""]",,,[],,"{""term_name"": ""청동기"", ""hanja"": ""靑銅器"", ""era"": ""청동기시대-초기철기시대"", ""thesaurus_category"": ""학술·과학기술>인문과학"", ""description"": ""청동으로 만든 이기(利器)의 총칭."", ""term_year"": ""?-?""}",[],,,,,,,,
49,gold-case:3efb8aa09b35621f7198,term-review-task:d57990b0396dafb7fe84,resolution-case:6e8f27ec02bc20aaa58b,불교 개혁 운동,사건,"[{""problem_id"": ""cj_v41_0464"", ""full_text"": ""이곳 심우장은 (가)이/가 조선 총독부를 마주하지 않겠다며 북향으로 지었다고 합니다. 님의 침묵 등을 지은 (가)은/는 일제의 탄압에도 굴하지 않다가 광복 직전 이곳에서 돌아가셨습니다.\n(가) 인물에 대한 설명으로 옳은 것은?\n우리말 큰사전 편찬 사업을 추진하였다.\n유교 개혁을 주장하는 유교 구신론을 제창하였다.\n월간지 유심을 발간하여 불교 개혁 운동에 힘썼다.\n진단 학회를 설립하여 실증주의 사학을 발전시켰다.\n독사신론을 저술하여 민족주의 사학의 기반을 마련하였다.""}]",source-candidate:822d5f78aa999a674322,AKS:ARTICLE:E0074912:sha256-704d8ea620c542f5,AKS,1,불교 개혁 운동,body,body_mention,1.0,COMPATIBLE,"[""불교정화운동"", ""정화불사"", ""정화운동""]","[""佛敎淨化運動""]","[""현대""]",,,[],Event,"{""headword"": ""불교정화운동"", ""aliases"": [""정화불사"", ""정화운동""], ""origin"": ""佛敎淨化運動"", ""headword_origin"": ""불교정화운동(佛敎淨化運動)"", ""primary_type"": ""사건/사회운동"", ""era"": ""현대"", ""definition"": ""1954년부터 1962년까지 벌어진 불교 내 자정운동."", ""snippet"": ""영향으로부터 한국 불교의 독신 승단 전통을 복원시키려는 운동이었다. # 역사적 배경 해방 직후부터 불교계 내에서는 교단개혁, 불교혁신, 불교개혁, 신불교 지향 등의 이름으로 다양한 자정운동이 있었다. 이""}",[],IDENTITY_MEMBER,ALT_080,불교정화운동,Event,,,,
49,gold-case:3efb8aa09b35621f7198,term-review-task:d57990b0396dafb7fe84,resolution-case:6e8f27ec02bc20aaa58b,불교 개혁 운동,사건,"[{""problem_id"": ""cj_v41_0464"", ""full_text"": ""이곳 심우장은 (가)이/가 조선 총독부를 마주하지 않겠다며 북향으로 지었다고 합니다. 님의 침묵 등을 지은 (가)은/는 일제의 탄압에도 굴하지 않다가 광복 직전 이곳에서 돌아가셨습니다.\n(가) 인물에 대한 설명으로 옳은 것은?\n우리말 큰사전 편찬 사업을 추진하였다.\n유교 개혁을 주장하는 유교 구신론을 제창하였다.\n월간지 유심을 발간하여 불교 개혁 운동에 힘썼다.\n진단 학회를 설립하여 실증주의 사학을 발전시켰다.\n독사신론을 저술하여 민족주의 사학의 기반을 마련하였다.""}]",source-candidate:f4921e9ca0e5f793fffb,THESAURUS:TERM:13137:sha256-1022516a18f91e61,THESAURUS,2,조선불교유신회,description,description_containment,0.619846,UNKNOWN,"[""조선불교유신회""]","[""朝鮮佛敎維新會""]","[""일제시기""]",,,[],,"{""term_name"": ""조선불교유신회"", ""hanja"": ""朝鮮佛敎維新會"", ""era"": ""일제시기"", ""thesaurus_category"": ""전통사상·종교>종교기관·단체"", ""description"": ""1921년 불교교단의 친일화에 대항하여 조직된 불교개혁운동단체."", ""term_year"": ""1921-?""}",[],EDENTITY_ONLY,,,,REL_081,조선불교유신회,Organization,
49,gold-case:3efb8aa09b35621f7198,term-review-task:d57990b0396dafb7fe84,resolution-case:6e8f27ec02bc20aaa58b,불교 개혁 운동,사건,"[{""problem_id"": ""cj_v41_0464"", ""full_text"": ""이곳 심우장은 (가)이/가 조선 총독부를 마주하지 않겠다며 북향으로 지었다고 합니다. 님의 침묵 등을 지은 (가)은/는 일제의 탄압에도 굴하지 않다가 광복 직전 이곳에서 돌아가셨습니다.\n(가) 인물에 대한 설명으로 옳은 것은?\n우리말 큰사전 편찬 사업을 추진하였다.\n유교 개혁을 주장하는 유교 구신론을 제창하였다.\n월간지 유심을 발간하여 불교 개혁 운동에 힘썼다.\n진단 학회를 설립하여 실증주의 사학을 발전시켰다.\n독사신론을 저술하여 민족주의 사학의 기반을 마련하였다.""}]",source-candidate:002e8bc67aba6926e30a,THESAURUS:TERM:18880869:sha256-1022516a18f91e61,THESAURUS,3,민중불교운동연합,name,name_ngram,0.351429,UNKNOWN,"[""민중불교운동연합""]","[""民衆佛敎運動聯合""]","[""현대""]",,,[],,"{""term_name"": ""민중불교운동연합"", ""hanja"": ""民衆佛敎運動聯合"", ""era"": ""현대"", ""thesaurus_category"": ""전통사상·종교>종교기관·단체"", ""description"": ""1984년 고은(高銀)과 여익구(呂益九) 등 진보적 불교인 100여 명이 창설한 민중불교운동의 효시가 된 단체."", ""term_year"": ""1984-?""}",[],,,,,,,,
49,gold-case:3efb8aa09b35621f7198,term-review-task:d57990b0396dafb7fe84,resolution-case:6e8f27ec02bc20aaa58b,불교 개혁 운동,사건,"[{""problem_id"": ""cj_v41_0464"", ""full_text"": ""이곳 심우장은 (가)이/가 조선 총독부를 마주하지 않겠다며 북향으로 지었다고 합니다. 님의 침묵 등을 지은 (가)은/는 일제의 탄압에도 굴하지 않다가 광복 직전 이곳에서 돌아가셨습니다.\n(가) 인물에 대한 설명으로 옳은 것은?\n우리말 큰사전 편찬 사업을 추진하였다.\n유교 개혁을 주장하는 유교 구신론을 제창하였다.\n월간지 유심을 발간하여 불교 개혁 운동에 힘썼다.\n진단 학회를 설립하여 실증주의 사학을 발전시켰다.\n독사신론을 저술하여 민족주의 사학의 기반을 마련하였다.""}]",source-candidate:1691784fa6ebc47cb2f7,AKS:ARTICLE:E0027435:sha256-704d8ea620c542f5,AKS,4,새교육운동,description,description_ngram,0.339818,COMPATIBLE,"[""새교육운동""]","[""敎育運動""]","[""현대""]",,,[],Event,"{""headword"": ""새교육운동"", ""origin"": ""새敎育運動"", ""headword_origin"": ""새교육운동(새敎育運動)"", ""primary_type"": ""사건/사회운동"", ""era"": ""현대"", ""definition"": ""교육의 민주화라는 기치 아래 광복 이후 1950년대 초반까지 전개된 교육개혁운동.""}",[],,,,,,,,
49,gold-case:3efb8aa09b35621f7198,term-review-task:d57990b0396dafb7fe84,resolution-case:6e8f27ec02bc20aaa58b,불교 개혁 운동,사건,"[{""problem_id"": ""cj_v41_0464"", ""full_text"": ""이곳 심우장은 (가)이/가 조선 총독부를 마주하지 않겠다며 북향으로 지었다고 합니다. 님의 침묵 등을 지은 (가)은/는 일제의 탄압에도 굴하지 않다가 광복 직전 이곳에서 돌아가셨습니다.\n(가) 인물에 대한 설명으로 옳은 것은?\n우리말 큰사전 편찬 사업을 추진하였다.\n유교 개혁을 주장하는 유교 구신론을 제창하였다.\n월간지 유심을 발간하여 불교 개혁 운동에 힘썼다.\n진단 학회를 설립하여 실증주의 사학을 발전시켰다.\n독사신론을 저술하여 민족주의 사학의 기반을 마련하였다.""}]",source-candidate:22e1a7eeca059b2a5136,THESAURUS:TERM:39851514:sha256-1022516a18f91e61,THESAURUS,5,신교육운동,description,description_ngram,0.305818,UNKNOWN,"[""신교육운동""]","[""新敎育運動""]","[""현대""]",,,[],,"{""term_name"": ""신교육운동"", ""hanja"": ""新敎育運動"", ""era"": ""현대"", ""thesaurus_category"": ""교육>교육사상·정책"", ""description"": ""1946년 문교부와 일선교육자들 사이에 전통적 교육방식을 개혁하고자 시작된 운동. 주로 교육제도의 일원화와 교육행정의 자치화를 위한 노력 및 교육과정의 개편과 새로운 학습지도법의 연구가 진행."", ""term_year"": ""1946-?""}",[],,,,,,,,
49,gold-case:3efb8aa09b35621f7198,term-review-task:d57990b0396dafb7fe84,resolution-case:6e8f27ec02bc20aaa58b,불교 개혁 운동,사건,"[{""problem_id"": ""cj_v41_0464"", ""full_text"": ""이곳 심우장은 (가)이/가 조선 총독부를 마주하지 않겠다며 북향으로 지었다고 합니다. 님의 침묵 등을 지은 (가)은/는 일제의 탄압에도 굴하지 않다가 광복 직전 이곳에서 돌아가셨습니다.\n(가) 인물에 대한 설명으로 옳은 것은?\n우리말 큰사전 편찬 사업을 추진하였다.\n유교 개혁을 주장하는 유교 구신론을 제창하였다.\n월간지 유심을 발간하여 불교 개혁 운동에 힘썼다.\n진단 학회를 설립하여 실증주의 사학을 발전시켰다.\n독사신론을 저술하여 민족주의 사학의 기반을 마련하였다.""}]",source-candidate:35a424576cc6e765db92,THESAURUS:TERM:39849928:sha256-1022516a18f91e61,THESAURUS,6,공교운동,name,name_ngram,0.292,UNKNOWN,"[""공교운동""]","[""孔敎運動""]","[""개항기""]",,,[],,"{""term_name"": ""공교운동"", ""hanja"": ""孔敎運動"", ""era"": ""개항기"", ""thesaurus_category"": ""전통사상·종교>유교>유교관련사건·행사"", ""description"": ""개항기에 시작된 유교의 종교화 운동."", ""term_year"": ""?-?""}",[],,,,,,,,
49,gold-case:3efb8aa09b35621f7198,term-review-task:d57990b0396dafb7fe84,resolution-case:6e8f27ec02bc20aaa58b,불교 개혁 운동,사건,"[{""problem_id"": ""cj_v41_0464"", ""full_text"": ""이곳 심우장은 (가)이/가 조선 총독부를 마주하지 않겠다며 북향으로 지었다고 합니다. 님의 침묵 등을 지은 (가)은/는 일제의 탄압에도 굴하지 않다가 광복 직전 이곳에서 돌아가셨습니다.\n(가) 인물에 대한 설명으로 옳은 것은?\n우리말 큰사전 편찬 사업을 추진하였다.\n유교 개혁을 주장하는 유교 구신론을 제창하였다.\n월간지 유심을 발간하여 불교 개혁 운동에 힘썼다.\n진단 학회를 설립하여 실증주의 사학을 발전시켰다.\n독사신론을 저술하여 민족주의 사학의 기반을 마련하였다.""}]",source-candidate:ce9e4059bd861a8e0a24,THESAURUS:TERM:39851520:sha256-1022516a18f91e61,THESAURUS,7,심전개발운동,description,description_ngram,0.289,UNKNOWN,"[""심전개발운동""]","[""心田開發運動""]","[""일제시기""]",,,[],,"{""term_name"": ""심전개발운동"", ""hanja"": ""心田開發運動"", ""era"": ""일제시기"", ""thesaurus_category"": ""사회운동·독립운동>일본제국주의>식민통치 및 정책"", ""description"": ""1930년대 농촌진흥운동과 병행하여 조선인의 사상 통제를 통한 식민지배 체제의 안정을 도모한 정신운동. 종교계, 특히 불교계를 통하여 진행."", ""term_year"": ""?-?""}",[],,,,,,,,
49,gold-case:3efb8aa09b35621f7198,term-review-task:d57990b0396dafb7fe84,resolution-case:6e8f27ec02bc20aaa58b,불교 개혁 운동,사건,"[{""problem_id"": ""cj_v41_0464"", ""full_text"": ""이곳 심우장은 (가)이/가 조선 총독부를 마주하지 않겠다며 북향으로 지었다고 합니다. 님의 침묵 등을 지은 (가)은/는 일제의 탄압에도 굴하지 않다가 광복 직전 이곳에서 돌아가셨습니다.\n(가) 인물에 대한 설명으로 옳은 것은?\n우리말 큰사전 편찬 사업을 추진하였다.\n유교 개혁을 주장하는 유교 구신론을 제창하였다.\n월간지 유심을 발간하여 불교 개혁 운동에 힘썼다.\n진단 학회를 설립하여 실증주의 사학을 발전시켰다.\n독사신론을 저술하여 민족주의 사학의 기반을 마련하였다.""}]",source-candidate:733f4ab185bd87a94906,AKS:ARTICLE:E0000925:sha256-704d8ea620c542f5,AKS,8,갑오개혁,description,description_ngram,0.286,COMPATIBLE,"[""갑오개혁"", ""갑오경장""]","[""甲午改革""]","[""근대"", ""개항기""]",,,[],Event,"{""headword"": ""갑오개혁"", ""aliases"": [""갑오경장""], ""origin"": ""甲午改革"", ""headword_origin"": ""갑오개혁(甲午改革)"", ""primary_type"": ""사건/사회운동"", ""era"": ""근대/개항기"", ""definition"": ""1894년(고종 31) 7월부터 1896년 2월까지 추진되었던 일련의 개혁운동.""}",[],,,,,,,,
50,gold-case:3fb4c0e1ee2fefc7d020,term-review-task:9855b0614f8fd8ac198d,resolution-case:003a5d4a1b6e7ec6d2f3,안북부,지명,"[{""problem_id"": ""cj_v41_0390"", ""full_text"": ""(가) 왕이 서경에서 안북부까지 나아가 머물렀는데, 거란의 소손녕이 봉산군을 공격하여 파괴하였다는 소식을 듣자 더 가지 못하고 돌아왔다. 서희를 보내 화의를 요청하니 침공을 중지하였다. (나) 강감찬이 수도에 성곽이 없다 하여 나성을 쌓을 것을 요청하니 왕이 그 건의를 따라 왕가도에게 명령하여 축조하게 하였다.\n(가), (나) 사이의 시기에 있었던 사실로 옳은 것은?\n사신 저고여가 귀국길에 피살되었다.\n화통도감이 설치되어 화포를 제작하였다.\n강조가 정변을 일으켜 목종을 폐위시켰다.\n나세, 심덕부 등이 진포에서 왜구를 물리쳤다.\n공주 명학소에서 망이·망소이가 난을 일으켰다.""}]",source-candidate:9553ed8a7830d1a8c98b,THESAURUS:TERM:29369263:sha256-1022516a18f91e61,THESAURUS,1,안북부,name,exact,1.0,UNKNOWN,"[""안북부""]","[""安北府""]","[""고려전기""]",,,[],Place,"{""term_name"": ""안북부"", ""hanja"": ""安北府"", ""era"": ""고려전기"", ""thesaurus_category"": ""지명"", ""description"": ""고려전기 영주(寧州)에 설치한 부(府). 고구려에서 설치한 팽원군(彭原郡)에서 계승된 것."", ""term_year"": ""931-983""}","[{""left_source_candidate_id"": ""source-candidate:1ed8b62f0cf968ac4670"", ""right_source_candidate_id"": ""source-candidate:9553ed8a7830d1a8c98b"", ""signals"": [""normalized_name_match"", ""era_overlap""], ""conflicts"": [""entity_type_conflict""], ""merge_eligible"": false}]",IDENTITY_MEMBER,ALT_082,안북부,Place,,,,
50,gold-case:3fb4c0e1ee2fefc7d020,term-review-task:9855b0614f8fd8ac198d,resolution-case:003a5d4a1b6e7ec6d2f3,안북부,지명,"[{""problem_id"": ""cj_v41_0390"", ""full_text"": ""(가) 왕이 서경에서 안북부까지 나아가 머물렀는데, 거란의 소손녕이 봉산군을 공격하여 파괴하였다는 소식을 듣자 더 가지 못하고 돌아왔다. 서희를 보내 화의를 요청하니 침공을 중지하였다. (나) 강감찬이 수도에 성곽이 없다 하여 나성을 쌓을 것을 요청하니 왕이 그 건의를 따라 왕가도에게 명령하여 축조하게 하였다.\n(가), (나) 사이의 시기에 있었던 사실로 옳은 것은?\n사신 저고여가 귀국길에 피살되었다.\n화통도감이 설치되어 화포를 제작하였다.\n강조가 정변을 일으켜 목종을 폐위시켰다.\n나세, 심덕부 등이 진포에서 왜구를 물리쳤다.\n공주 명학소에서 망이·망소이가 난을 일으켰다.""}]",source-candidate:4e9235b9d7e5bce06e1a,THESAURUS:TERM:843:sha256-1022516a18f91e61,THESAURUS,2,북부학당,description,description_containment,0.771429,UNKNOWN,"[""북부학당""]","[""北部學堂""]","[""고려후기-조선전기""]",,,[],,"{""term_name"": ""북부학당"", ""hanja"": ""北部學堂"", ""era"": ""고려후기-조선전기"", ""thesaurus_category"": ""교육>전근대교육기관"", ""description"": ""고려말 조선초 5부학당의 하나로 도성 안 북부(北部)에 설치하려던 관립 교육 기관이었으나, 끝내 설치되지 못함."", ""term_year"": ""1390-1445""}",[],EVIDENCE_ONLY,,,,REL_083,북부학당,Institution,
50,gold-case:3fb4c0e1ee2fefc7d020,term-review-task:9855b0614f8fd8ac198d,resolution-case:003a5d4a1b6e7ec6d2f3,안북부,지명,"[{""problem_id"": ""cj_v41_0390"", ""full_text"": ""(가) 왕이 서경에서 안북부까지 나아가 머물렀는데, 거란의 소손녕이 봉산군을 공격하여 파괴하였다는 소식을 듣자 더 가지 못하고 돌아왔다. 서희를 보내 화의를 요청하니 침공을 중지하였다. (나) 강감찬이 수도에 성곽이 없다 하여 나성을 쌓을 것을 요청하니 왕이 그 건의를 따라 왕가도에게 명령하여 축조하게 하였다.\n(가), (나) 사이의 시기에 있었던 사실로 옳은 것은?\n사신 저고여가 귀국길에 피살되었다.\n화통도감이 설치되어 화포를 제작하였다.\n강조가 정변을 일으켜 목종을 폐위시켰다.\n나세, 심덕부 등이 진포에서 왜구를 물리쳤다.\n공주 명학소에서 망이·망소이가 난을 일으켰다.""}]",source-candidate:1ed8b62f0cf968ac4670,AKS:ARTICLE:E0034762:sha256-704d8ea620c542f5,AKS,3,안북부,name,exact,1.0,CONFLICT,"[""안북대도호부"", ""안북부"", ""영주안북대도호부""]","[""安北大都護府""]","[""고려"", ""고려 전기"", ""고려 후기""]",,,[],Concept,"{""headword"": ""안북대도호부"", ""aliases"": [""안북부"", ""영주안북대도호부""], ""origin"": ""安北大都護府"", ""headword_origin"": ""안북대도호부(安北大都護府)"", ""primary_type"": ""제도/관청"", ""era"": ""고려/고려 전기 | 고려/고려 후기"", ""definition"": ""고려시대에 설치되었던 지방행정기구.""}","[{""left_source_candidate_id"": ""source-candidate:1ed8b62f0cf968ac4670"", ""right_source_candidate_id"": ""source-candidate:9553ed8a7830d1a8c98b"", ""signals"": [""normalized_name_match"", ""era_overlap""], ""conflicts"": [""entity_type_conflict""], ""merge_eligible"": false}]",EVIDENCE_ONLY,,,,REL_084,안북대도호부,Institution,
51,gold-case:fa374e65b5d3afcc153b,term-review-task:9154ea1b534ce3229875,resolution-case:cc5ac481e7b7a1f1e4ba,단군 신앙,사상,"[{""problem_id"": ""cj_v41_1130"", ""full_text"": ""지난 개천절을 기회로 하여 (가) 은/는 나철이 만주에서 독립운동을 계획했다는 이유로 단군 신앙을 기반으로 창시한 (가) 간부 7명이 동대문 종 교 인 데 , 민 족 의 식 을 고 취 할 경찰서에 체포되었다는 기사가 뿐만 아 니 라 독 립 운 동 도 전 개 실렸구나. 하고 있네요.\n(가) 종교에 대한 설명으로 옳은 것은?\n개벽, 신여성 등의 잡지를 발간하였다.\n한용운 등이 사찰령 폐지를 주장하였다.\n박중빈을 중심으로 새생활 운동을 펼쳤다.\n김창숙의 주도로 파리 장서 운동을 전개하였다.\n무장 투쟁을 전개하기 위해 중광단을 조직하였다.""}]",source-candidate:d288320090c7b48d23db,AKS:ARTICLE:E0013552:sha256-704d8ea620c542f5,AKS,1,단군신앙,name,exact,1.0,COMPATIBLE,"[""단군신앙""]","[""檀君信仰""]",[],,,[],Concept,"{""headword"": ""단군신앙"", ""origin"": ""檀君信仰"", ""headword_origin"": ""단군신앙(檀君信仰)"", ""primary_type"": ""개념"", ""era"": ""미상"", ""definition"": ""환인·환웅·단군 등 삼신을 숭배하는 민간신앙.""}","[{""left_source_candidate_id"": ""source-candidate:cbad495e84cef7dab130"", ""right_source_candidate_id"": ""source-candidate:d288320090c7b48d23db"", ""signals"": [""normalized_name_match"", ""hanja_match""], ""conflicts"": [], ""merge_eligible"": true}]",IDENTITY_MEMBER,ALT_085,단군신앙,Concept,,,,
51,gold-case:fa374e65b5d3afcc153b,term-review-task:9154ea1b534ce3229875,resolution-case:cc5ac481e7b7a1f1e4ba,단군 신앙,사상,"[{""problem_id"": ""cj_v41_1130"", ""full_text"": ""지난 개천절을 기회로 하여 (가) 은/는 나철이 만주에서 독립운동을 계획했다는 이유로 단군 신앙을 기반으로 창시한 (가) 간부 7명이 동대문 종 교 인 데 , 민 족 의 식 을 고 취 할 경찰서에 체포되었다는 기사가 뿐만 아 니 라 독 립 운 동 도 전 개 실렸구나. 하고 있네요.\n(가) 종교에 대한 설명으로 옳은 것은?\n개벽, 신여성 등의 잡지를 발간하였다.\n한용운 등이 사찰령 폐지를 주장하였다.\n박중빈을 중심으로 새생활 운동을 펼쳤다.\n김창숙의 주도로 파리 장서 운동을 전개하였다.\n무장 투쟁을 전개하기 위해 중광단을 조직하였다.""}]",source-candidate:cbad495e84cef7dab130,THESAURUS:TERM:12594515:sha256-1022516a18f91e61,THESAURUS,2,단군신앙,name,exact,1.0,UNKNOWN,"[""단군신앙""]","[""檀君信仰""]","[""고대""]",,,[],,"{""term_name"": ""단군신앙"", ""hanja"": ""檀君信仰"", ""era"": ""고대"", ""thesaurus_category"": ""전통사상·종교>무교·민간신앙"", ""description"": ""환인(桓因)·환웅(桓雄)·단군(檀君) 등 삼신(三神)을 숭배하는 고대 신앙. 한민족의 고유신앙으로서 유교·불교·도교 수용이후 민간신앙으로 자리잡음. 경전으로는 ≪천부경(天符經)≫·≪삼일신고(三一神誥)≫·≪참전경(參佺經)≫ 등 3대경전이 있음."", ""term_year"": ""?-?""}","[{""left_source_candidate_id"": ""source-candidate:cbad495e84cef7dab130"", ""right_source_candidate_id"": ""source-candidate:d288320090c7b48d23db"", ""signals"": [""normalized_name_match"", ""hanja_match""], ""conflicts"": [], ""merge_eligible"": true}]",,,,,,,,
51,gold-case:fa374e65b5d3afcc153b,term-review-task:9154ea1b534ce3229875,resolution-case:cc5ac481e7b7a1f1e4ba,단군 신앙,사상,"[{""problem_id"": ""cj_v41_1130"", ""full_text"": ""지난 개천절을 기회로 하여 (가) 은/는 나철이 만주에서 독립운동을 계획했다는 이유로 단군 신앙을 기반으로 창시한 (가) 간부 7명이 동대문 종 교 인 데 , 민 족 의 식 을 고 취 할 경찰서에 체포되었다는 기사가 뿐만 아 니 라 독 립 운 동 도 전 개 실렸구나. 하고 있네요.\n(가) 종교에 대한 설명으로 옳은 것은?\n개벽, 신여성 등의 잡지를 발간하였다.\n한용운 등이 사찰령 폐지를 주장하였다.\n박중빈을 중심으로 새생활 운동을 펼쳤다.\n김창숙의 주도로 파리 장서 운동을 전개하였다.\n무장 투쟁을 전개하기 위해 중광단을 조직하였다.""}]",source-candidate:2075a9e35c6bdb044edc,THESAURUS:TERM:10491365:sha256-1022516a18f91e61,THESAURUS,3,,description,description_containment,0.47,UNKNOWN,"[""개태도광사""]","[""開泰道光寺""]","[""일제시기-현대""]",,,[],,"{""term_name"": ""개태도광사"", ""hanja"": ""開泰道光寺"", ""era"": ""일제시기-현대"", ""thesaurus_category"": ""전통사상·종교>기타종교"", ""description"": ""1936년에 김광영(金光榮)이 단군신앙을 중심신앙으로 두고 창시한 종교."", ""term_year"": ""1936-?""}",[],EVIDENCE_ONLY,,,,REL_086,개태도광사,Concept,
51,gold-case:fa374e65b5d3afcc153b,term-review-task:9154ea1b534ce3229875,resolution-case:cc5ac481e7b7a1f1e4ba,단군 신앙,사상,"[{""problem_id"": ""cj_v41_1130"", ""full_text"": ""지난 개천절을 기회로 하여 (가) 은/는 나철이 만주에서 독립운동을 계획했다는 이유로 단군 신앙을 기반으로 창시한 (가) 간부 7명이 동대문 종 교 인 데 , 민 족 의 식 을 고 취 할 경찰서에 체포되었다는 기사가 뿐만 아 니 라 독 립 운 동 도 전 개 실렸구나. 하고 있네요.\n(가) 종교에 대한 설명으로 옳은 것은?\n개벽, 신여성 등의 잡지를 발간하였다.\n한용운 등이 사찰령 폐지를 주장하였다.\n박중빈을 중심으로 새생활 운동을 펼쳤다.\n김창숙의 주도로 파리 장서 운동을 전개하였다.\n무장 투쟁을 전개하기 위해 중광단을 조직하였다.""}]",source-candidate:6fd8d133be1142a5b544,THESAURUS:TERM:3012:sha256-1022516a18f91e61,THESAURUS,4,단군신화,name,name_ngram,0.454167,UNKNOWN,"[""단군신화""]","[""檀君神話""]","[""선사시대""]",,,[],,"{""term_name"": ""단군신화"", ""hanja"": ""檀君神話"", ""era"": ""선사시대"", ""thesaurus_category"": ""문화·예술>문학"", ""description"": ""고조선의 시조인 단군에 관한 신화."", ""term_year"": ""?-?""}",[],EVIDENCE_ONLY,,,,REL_087,단군신화,Concept,단군신화에 대한 설명에 직접적으로 언급되지는 않았지만 단군신앙은 단군신화에서 뻗어나간 개념이기에 잘 뽑아왔다고 평가함 
52,gold-case:a62e861a8a10855f1661,term-review-task:499fb95fd3426f553c39,resolution-case:ff3582197bb4de96e889,예성강,지명,"[{""problem_id"": ""cj_v41_0159"", ""full_text"": ""0 토지의 비옥함과 척박함을 구분하여 문무백관에서 부병(府兵), 한인(閑人)에 이르기까지 모두 과(주斗)에 해당하는 토지를 주고, 또 괴에 따라 땔나무를 구할 땅을 주었다. 0 도평의사시에서 방을 붙여 알리기를, “지금부터 은병 미를 쌀로 환산하여 개경에서는 15~16석, 지방에서는 18~19석의 비율로 하되, 경시서에서 그 해의 풍흉을 살펴 그 값을 정할 것이다.” 라고 하였다. (0\n다음 정책을 실시한 국가의 경제 상황으로 옳은 것은?\n모내기법이 전국적으로 확산되었다.\n덕대가 광산을 전문적으로 경영하였다.\n면화, 담배 등이 상품 작물로 재배되었다.\n예성강 하구의 벽란도가 국제 무역항으로 번성하였다.\n토지의 비옥도에 따라 6등급으로 나누어 전세를 거두었다.""}, {""problem_id"": ""cj_v41_0436"", ""full_text"": ""지도와 같이 전국 13곳의 조창에 조세를 모았다가 개경의 경창 등으로 조운하였던 시기의 경제 상황을 말해 볼까요? 주요 조창: 안흥창, 영풍창, 진성창, 해릉창, 장흥창, 덕흥창, 석두창, 통양창 등\n교사의 질문에 대한 학생의 답변으로 옳은 것은?\n관료전을 지급하고 녹읍을 폐지하였다.\n덕대가 광산을 전문적으로 경영하였다.\n고구마, 감자 등의 구황 작물을 재배하였다.\n일본과의 무역을 허용하고 계해약조를 체결하였다.\n예성강 하구의 벽란도가 국제 무역항으로 번성하였다.""}, {""problem_id"": ""cj_v41_0681"", ""full_text"": ""이 작품은 이규보가 예성강 하구의 정경을 묘사한 시이다. 이곳에 있던 벽란도는 (가)의 국제 무역항으로 송과 아라비아 상인들이 왕래할 정도로 번성했다. 조수가 들고나니 오고 가는 배의 꼬리가 이어졌구나 아침에 이 누각 밑을 떠나면 한낮이 되지 않아 돛대는 남만(南蠻)에 이르도다 사람들은 배를 보고 물 위의 역마라고 하지만 바람처럼 달리는 준마도 이보다 빠르지는 못하리\n(가) 국가에 경제 상황으로 옳은 것은?\n송상이 전국 각지에 송방을 두었다.\n활구라고 불리는 은병을 주조하였다.\n동시전을 설치하여 시장을 감독하였다.\n담배, 면화, 생강 등 상품 작물을 널리 재배하였다.\n일본과 교역을 위해 부산포, 염포, 제포를 개항하였다.""}]",source-candidate:0bb1e7e111e81a91de8a,AKS:ARTICLE:E0037956:sha256-704d8ea620c542f5,AKS,1,예성강,name,exact,1.0,COMPATIBLE,"[""북하北河"", ""안북하安北河"", ""예성강""]","[""禮成江"", ""北河"", ""安北河""]",[],,,[],Place,"{""headword"": ""예성강"", ""aliases"": [""북하(北河)"", ""안북하(安北河)""], ""origin"": ""禮成江"", ""headword_origin"": ""예성강(禮成江)"", ""primary_type"": ""지명/자연지명"", ""era"": ""미상"", ""definition"": ""황해북도 수안군 언진산에서 발원하여 황해남도 배천군과 개성시 개풍군 사이에서 황해로 흘러드는 강.""}","[{""left_source_candidate_id"": ""source-candidate:0bb1e7e111e81a91de8a"", ""right_source_candidate_id"": ""source-candidate:6f324df2dc58ef6160e0"", ""signals"": [], ""conflicts"": [""entity_type_conflict""], ""merge_eligible"": false}, {""left_source_candidate_id"": ""source-candidate:0bb1e7e111e81a91de8a"", ""right_source_candidate_id"": ""source-candidate:ef00342513670e34b586"", ""signals"": [""normalized_name_match"", ""hanja_match""], ""conflicts"": [""entity_type_conflict""], ""merge_eligible"": false}, {""left_source_candidate_id"": ""source-candidate:0bb1e7e111e81a91de8a"", ""right_source_candidate_id"": ""source-candidate:f460474c58ac55cf218f"", ""signals"": [""normalized_name_match"", ""hanja_match"", ""entity_type_match""], ""conflicts"": [], ""merge_eligible"": true}]",IDENTITY_MEMBER,ALT_088,예성강,Place,,,,
52,gold-case:a62e861a8a10855f1661,term-review-task:499fb95fd3426f553c39,resolution-case:ff3582197bb4de96e889,예성강,지명,"[{""problem_id"": ""cj_v41_0159"", ""full_text"": ""0 토지의 비옥함과 척박함을 구분하여 문무백관에서 부병(府兵), 한인(閑人)에 이르기까지 모두 과(주斗)에 해당하는 토지를 주고, 또 괴에 따라 땔나무를 구할 땅을 주었다. 0 도평의사시에서 방을 붙여 알리기를, “지금부터 은병 미를 쌀로 환산하여 개경에서는 15~16석, 지방에서는 18~19석의 비율로 하되, 경시서에서 그 해의 풍흉을 살펴 그 값을 정할 것이다.” 라고 하였다. (0\n다음 정책을 실시한 국가의 경제 상황으로 옳은 것은?\n모내기법이 전국적으로 확산되었다.\n덕대가 광산을 전문적으로 경영하였다.\n면화, 담배 등이 상품 작물로 재배되었다.\n예성강 하구의 벽란도가 국제 무역항으로 번성하였다.\n토지의 비옥도에 따라 6등급으로 나누어 전세를 거두었다.""}, {""problem_id"": ""cj_v41_0436"", ""full_text"": ""지도와 같이 전국 13곳의 조창에 조세를 모았다가 개경의 경창 등으로 조운하였던 시기의 경제 상황을 말해 볼까요? 주요 조창: 안흥창, 영풍창, 진성창, 해릉창, 장흥창, 덕흥창, 석두창, 통양창 등\n교사의 질문에 대한 학생의 답변으로 옳은 것은?\n관료전을 지급하고 녹읍을 폐지하였다.\n덕대가 광산을 전문적으로 경영하였다.\n고구마, 감자 등의 구황 작물을 재배하였다.\n일본과의 무역을 허용하고 계해약조를 체결하였다.\n예성강 하구의 벽란도가 국제 무역항으로 번성하였다.""}, {""problem_id"": ""cj_v41_0681"", ""full_text"": ""이 작품은 이규보가 예성강 하구의 정경을 묘사한 시이다. 이곳에 있던 벽란도는 (가)의 국제 무역항으로 송과 아라비아 상인들이 왕래할 정도로 번성했다. 조수가 들고나니 오고 가는 배의 꼬리가 이어졌구나 아침에 이 누각 밑을 떠나면 한낮이 되지 않아 돛대는 남만(南蠻)에 이르도다 사람들은 배를 보고 물 위의 역마라고 하지만 바람처럼 달리는 준마도 이보다 빠르지는 못하리\n(가) 국가에 경제 상황으로 옳은 것은?\n송상이 전국 각지에 송방을 두었다.\n활구라고 불리는 은병을 주조하였다.\n동시전을 설치하여 시장을 감독하였다.\n담배, 면화, 생강 등 상품 작물을 널리 재배하였다.\n일본과 교역을 위해 부산포, 염포, 제포를 개항하였다.""}]",source-candidate:f460474c58ac55cf218f,THESAURUS:TERM:24807:sha256-1022516a18f91e61,THESAURUS,2,예성강,name,exact,1.0,UNKNOWN,"[""예성강""]","[""禮成江""]",[],,,[],Place,"{""term_name"": ""예성강"", ""hanja"": ""禮成江"", ""era"": ""통시대"", ""thesaurus_category"": ""지명"", ""description"": ""황해도 곡산군 대각산(大角山, 1,277m)에서 발원하여 황해도 동부를 거쳐 황해로 흘러드는 강."", ""term_year"": ""?"", ""term_remark"": ""황해""}","[{""left_source_candidate_id"": ""source-candidate:0bb1e7e111e81a91de8a"", ""right_source_candidate_id"": ""source-candidate:f460474c58ac55cf218f"", ""signals"": [""normalized_name_match"", ""hanja_match"", ""entity_type_match""], ""conflicts"": [], ""merge_eligible"": true}, {""left_source_candidate_id"": ""source-candidate:6f324df2dc58ef6160e0"", ""right_source_candidate_id"": ""source-candidate:f460474c58ac55cf218f"", ""signals"": [], ""conflicts"": [""entity_type_conflict""], ""merge_eligible"": false}, {""left_source_candidate_id"": ""source-candidate:ef00342513670e34b586"", ""right_source_candidate_id"": ""source-candidate:f460474c58ac55cf218f"", ""signals"": [""normalized_name_match"", ""hanja_match""], ""conflicts"": [""entity_type_conflict""], ""merge_eligible"": false}]",IDENTITY_MEMBER,ALT_088,예성강,Place,,,,
52,gold-case:a62e861a8a10855f1661,term-review-task:499fb95fd3426f553c39,resolution-case:ff3582197bb4de96e889,예성강,지명,"[{""problem_id"": ""cj_v41_0159"", ""full_text"": ""0 토지의 비옥함과 척박함을 구분하여 문무백관에서 부병(府兵), 한인(閑人)에 이르기까지 모두 과(주斗)에 해당하는 토지를 주고, 또 괴에 따라 땔나무를 구할 땅을 주었다. 0 도평의사시에서 방을 붙여 알리기를, “지금부터 은병 미를 쌀로 환산하여 개경에서는 15~16석, 지방에서는 18~19석의 비율로 하되, 경시서에서 그 해의 풍흉을 살펴 그 값을 정할 것이다.” 라고 하였다. (0\n다음 정책을 실시한 국가의 경제 상황으로 옳은 것은?\n모내기법이 전국적으로 확산되었다.\n덕대가 광산을 전문적으로 경영하였다.\n면화, 담배 등이 상품 작물로 재배되었다.\n예성강 하구의 벽란도가 국제 무역항으로 번성하였다.\n토지의 비옥도에 따라 6등급으로 나누어 전세를 거두었다.""}, {""problem_id"": ""cj_v41_0436"", ""full_text"": ""지도와 같이 전국 13곳의 조창에 조세를 모았다가 개경의 경창 등으로 조운하였던 시기의 경제 상황을 말해 볼까요? 주요 조창: 안흥창, 영풍창, 진성창, 해릉창, 장흥창, 덕흥창, 석두창, 통양창 등\n교사의 질문에 대한 학생의 답변으로 옳은 것은?\n관료전을 지급하고 녹읍을 폐지하였다.\n덕대가 광산을 전문적으로 경영하였다.\n고구마, 감자 등의 구황 작물을 재배하였다.\n일본과의 무역을 허용하고 계해약조를 체결하였다.\n예성강 하구의 벽란도가 국제 무역항으로 번성하였다.""}, {""problem_id"": ""cj_v41_0681"", ""full_text"": ""이 작품은 이규보가 예성강 하구의 정경을 묘사한 시이다. 이곳에 있던 벽란도는 (가)의 국제 무역항으로 송과 아라비아 상인들이 왕래할 정도로 번성했다. 조수가 들고나니 오고 가는 배의 꼬리가 이어졌구나 아침에 이 누각 밑을 떠나면 한낮이 되지 않아 돛대는 남만(南蠻)에 이르도다 사람들은 배를 보고 물 위의 역마라고 하지만 바람처럼 달리는 준마도 이보다 빠르지는 못하리\n(가) 국가에 경제 상황으로 옳은 것은?\n송상이 전국 각지에 송방을 두었다.\n활구라고 불리는 은병을 주조하였다.\n동시전을 설치하여 시장을 감독하였다.\n담배, 면화, 생강 등 상품 작물을 널리 재배하였다.\n일본과 교역을 위해 부산포, 염포, 제포를 개항하였다.""}]",source-candidate:48722ab6842e32225d9f,THESAURUS:TERM:14686751:sha256-1022516a18f91e61,THESAURUS,3,임진북예성남정맥,description,description_containment,0.694545,UNKNOWN,"[""임진북예성남정맥""]","[""臨津北禮成南正脈""]","[""조선후기""]",,,[],Place,"{""term_name"": ""임진북예성남정맥"", ""hanja"": ""臨津北禮成南正脈"", ""era"": ""조선후기"", ""thesaurus_category"": ""지명"", ""description"": ""조선후기 ≪산경표≫에 나오는 산줄기 이름의 하나. 해서정맥에서 서남쪽으로 흘러 임진강과 예성강을 동서로 갈라놓음."", ""term_year"": ""?""}","[{""left_source_candidate_id"": ""source-candidate:48722ab6842e32225d9f"", ""right_source_candidate_id"": ""source-candidate:6f324df2dc58ef6160e0"", ""signals"": [], ""conflicts"": [""entity_type_conflict""], ""merge_eligible"": false}, {""left_source_candidate_id"": ""source-candidate:48722ab6842e32225d9f"", ""right_source_candidate_id"": ""source-candidate:ef00342513670e34b586"", ""signals"": [], ""conflicts"": [""entity_type_conflict""], ""merge_eligible"": false}]",EVIDENCE_ONLY,,,,REL_089,임진북예성남정맥,Place,
52,gold-case:a62e861a8a10855f1661,term-review-task:499fb95fd3426f553c39,resolution-case:ff3582197bb4de96e889,예성강,지명,"[{""problem_id"": ""cj_v41_0159"", ""full_text"": ""0 토지의 비옥함과 척박함을 구분하여 문무백관에서 부병(府兵), 한인(閑人)에 이르기까지 모두 과(주斗)에 해당하는 토지를 주고, 또 괴에 따라 땔나무를 구할 땅을 주었다. 0 도평의사시에서 방을 붙여 알리기를, “지금부터 은병 미를 쌀로 환산하여 개경에서는 15~16석, 지방에서는 18~19석의 비율로 하되, 경시서에서 그 해의 풍흉을 살펴 그 값을 정할 것이다.” 라고 하였다. (0\n다음 정책을 실시한 국가의 경제 상황으로 옳은 것은?\n모내기법이 전국적으로 확산되었다.\n덕대가 광산을 전문적으로 경영하였다.\n면화, 담배 등이 상품 작물로 재배되었다.\n예성강 하구의 벽란도가 국제 무역항으로 번성하였다.\n토지의 비옥도에 따라 6등급으로 나누어 전세를 거두었다.""}, {""problem_id"": ""cj_v41_0436"", ""full_text"": ""지도와 같이 전국 13곳의 조창에 조세를 모았다가 개경의 경창 등으로 조운하였던 시기의 경제 상황을 말해 볼까요? 주요 조창: 안흥창, 영풍창, 진성창, 해릉창, 장흥창, 덕흥창, 석두창, 통양창 등\n교사의 질문에 대한 학생의 답변으로 옳은 것은?\n관료전을 지급하고 녹읍을 폐지하였다.\n덕대가 광산을 전문적으로 경영하였다.\n고구마, 감자 등의 구황 작물을 재배하였다.\n일본과의 무역을 허용하고 계해약조를 체결하였다.\n예성강 하구의 벽란도가 국제 무역항으로 번성하였다.""}, {""problem_id"": ""cj_v41_0681"", ""full_text"": ""이 작품은 이규보가 예성강 하구의 정경을 묘사한 시이다. 이곳에 있던 벽란도는 (가)의 국제 무역항으로 송과 아라비아 상인들이 왕래할 정도로 번성했다. 조수가 들고나니 오고 가는 배의 꼬리가 이어졌구나 아침에 이 누각 밑을 떠나면 한낮이 되지 않아 돛대는 남만(南蠻)에 이르도다 사람들은 배를 보고 물 위의 역마라고 하지만 바람처럼 달리는 준마도 이보다 빠르지는 못하리\n(가) 국가에 경제 상황으로 옳은 것은?\n송상이 전국 각지에 송방을 두었다.\n활구라고 불리는 은병을 주조하였다.\n동시전을 설치하여 시장을 감독하였다.\n담배, 면화, 생강 등 상품 작물을 널리 재배하였다.\n일본과 교역을 위해 부산포, 염포, 제포를 개항하였다.""}]",source-candidate:96ba27ac2b908ea6e7e7,THESAURUS:TERM:6386:sha256-1022516a18f91e61,THESAURUS,4,예성강도,name,bidirectional_containment,0.654643,UNKNOWN,"[""예성강도""]","[""禮成江圖""]","[""고려전기""]",,,[],,"{""term_name"": ""예성강도"", ""hanja"": ""禮成江圖"", ""era"": ""고려전기"", ""thesaurus_category"": ""문화·예술>미술"", ""description"": ""1124년(인종 2) 화가 이령(李寧)이 추밀사 이자덕(李資德)을 따라 수행원으로 북송에 갔다가 휘종(徽宗)의 요청에 의하여 그린 산수화."", ""term_year"": ""1124""}",[],EVIDENCE_ONLY,,,,REL_090,예성강도,Work,
52,gold-case:a62e861a8a10855f1661,term-review-task:499fb95fd3426f553c39,resolution-case:ff3582197bb4de96e889,예성강,지명,"[{""problem_id"": ""cj_v41_0159"", ""full_text"": ""0 토지의 비옥함과 척박함을 구분하여 문무백관에서 부병(府兵), 한인(閑人)에 이르기까지 모두 과(주斗)에 해당하는 토지를 주고, 또 괴에 따라 땔나무를 구할 땅을 주었다. 0 도평의사시에서 방을 붙여 알리기를, “지금부터 은병 미를 쌀로 환산하여 개경에서는 15~16석, 지방에서는 18~19석의 비율로 하되, 경시서에서 그 해의 풍흉을 살펴 그 값을 정할 것이다.” 라고 하였다. (0\n다음 정책을 실시한 국가의 경제 상황으로 옳은 것은?\n모내기법이 전국적으로 확산되었다.\n덕대가 광산을 전문적으로 경영하였다.\n면화, 담배 등이 상품 작물로 재배되었다.\n예성강 하구의 벽란도가 국제 무역항으로 번성하였다.\n토지의 비옥도에 따라 6등급으로 나누어 전세를 거두었다.""}, {""problem_id"": ""cj_v41_0436"", ""full_text"": ""지도와 같이 전국 13곳의 조창에 조세를 모았다가 개경의 경창 등으로 조운하였던 시기의 경제 상황을 말해 볼까요? 주요 조창: 안흥창, 영풍창, 진성창, 해릉창, 장흥창, 덕흥창, 석두창, 통양창 등\n교사의 질문에 대한 학생의 답변으로 옳은 것은?\n관료전을 지급하고 녹읍을 폐지하였다.\n덕대가 광산을 전문적으로 경영하였다.\n고구마, 감자 등의 구황 작물을 재배하였다.\n일본과의 무역을 허용하고 계해약조를 체결하였다.\n예성강 하구의 벽란도가 국제 무역항으로 번성하였다.""}, {""problem_id"": ""cj_v41_0681"", ""full_text"": ""이 작품은 이규보가 예성강 하구의 정경을 묘사한 시이다. 이곳에 있던 벽란도는 (가)의 국제 무역항으로 송과 아라비아 상인들이 왕래할 정도로 번성했다. 조수가 들고나니 오고 가는 배의 꼬리가 이어졌구나 아침에 이 누각 밑을 떠나면 한낮이 되지 않아 돛대는 남만(南蠻)에 이르도다 사람들은 배를 보고 물 위의 역마라고 하지만 바람처럼 달리는 준마도 이보다 빠르지는 못하리\n(가) 국가에 경제 상황으로 옳은 것은?\n송상이 전국 각지에 송방을 두었다.\n활구라고 불리는 은병을 주조하였다.\n동시전을 설치하여 시장을 감독하였다.\n담배, 면화, 생강 등 상품 작물을 널리 재배하였다.\n일본과 교역을 위해 부산포, 염포, 제포를 개항하였다.""}]",source-candidate:f654c4e53a3fb2332da1,THESAURUS:TERM:24343:sha256-1022516a18f91e61,THESAURUS,5,3강,description,description_containment,0.618,UNKNOWN,"[""삼강""]","[""三江""]","[""조선시대""]",,,[],Place,"{""term_name"": ""3강"", ""hanja"": ""三江"", ""era"": ""조선시대"", ""thesaurus_category"": ""지명"", ""description"": ""조선시대 강화도로 흘러드는 한강(漢江), 임진강(臨津江), 예성강(禮成江)을 일컫던 말."", ""term_year"": ""1392-1876"", ""term_remark"": ""강화""}","[{""left_source_candidate_id"": ""source-candidate:6f324df2dc58ef6160e0"", ""right_source_candidate_id"": ""source-candidate:f654c4e53a3fb2332da1"", ""signals"": [], ""conflicts"": [""entity_type_conflict""], ""merge_eligible"": false}, {""left_source_candidate_id"": ""source-candidate:ef00342513670e34b586"", ""right_source_candidate_id"": ""source-candidate:f654c4e53a3fb2332da1"", ""signals"": [], ""conflicts"": [""entity_type_conflict""], ""merge_eligible"": false}]",EVIDENCE_ONLY,,,,REL_091,3강,Place,
52,gold-case:a62e861a8a10855f1661,term-review-task:499fb95fd3426f553c39,resolution-case:ff3582197bb4de96e889,예성강,지명,"[{""problem_id"": ""cj_v41_0159"", ""full_text"": ""0 토지의 비옥함과 척박함을 구분하여 문무백관에서 부병(府兵), 한인(閑人)에 이르기까지 모두 과(주斗)에 해당하는 토지를 주고, 또 괴에 따라 땔나무를 구할 땅을 주었다. 0 도평의사시에서 방을 붙여 알리기를, “지금부터 은병 미를 쌀로 환산하여 개경에서는 15~16석, 지방에서는 18~19석의 비율로 하되, 경시서에서 그 해의 풍흉을 살펴 그 값을 정할 것이다.” 라고 하였다. (0\n다음 정책을 실시한 국가의 경제 상황으로 옳은 것은?\n모내기법이 전국적으로 확산되었다.\n덕대가 광산을 전문적으로 경영하였다.\n면화, 담배 등이 상품 작물로 재배되었다.\n예성강 하구의 벽란도가 국제 무역항으로 번성하였다.\n토지의 비옥도에 따라 6등급으로 나누어 전세를 거두었다.""}, {""problem_id"": ""cj_v41_0436"", ""full_text"": ""지도와 같이 전국 13곳의 조창에 조세를 모았다가 개경의 경창 등으로 조운하였던 시기의 경제 상황을 말해 볼까요? 주요 조창: 안흥창, 영풍창, 진성창, 해릉창, 장흥창, 덕흥창, 석두창, 통양창 등\n교사의 질문에 대한 학생의 답변으로 옳은 것은?\n관료전을 지급하고 녹읍을 폐지하였다.\n덕대가 광산을 전문적으로 경영하였다.\n고구마, 감자 등의 구황 작물을 재배하였다.\n일본과의 무역을 허용하고 계해약조를 체결하였다.\n예성강 하구의 벽란도가 국제 무역항으로 번성하였다.""}, {""problem_id"": ""cj_v41_0681"", ""full_text"": ""이 작품은 이규보가 예성강 하구의 정경을 묘사한 시이다. 이곳에 있던 벽란도는 (가)의 국제 무역항으로 송과 아라비아 상인들이 왕래할 정도로 번성했다. 조수가 들고나니 오고 가는 배의 꼬리가 이어졌구나 아침에 이 누각 밑을 떠나면 한낮이 되지 않아 돛대는 남만(南蠻)에 이르도다 사람들은 배를 보고 물 위의 역마라고 하지만 바람처럼 달리는 준마도 이보다 빠르지는 못하리\n(가) 국가에 경제 상황으로 옳은 것은?\n송상이 전국 각지에 송방을 두었다.\n활구라고 불리는 은병을 주조하였다.\n동시전을 설치하여 시장을 감독하였다.\n담배, 면화, 생강 등 상품 작물을 널리 재배하였다.\n일본과 교역을 위해 부산포, 염포, 제포를 개항하였다.""}]",source-candidate:d2b7d44d7735b754bfe2,THESAURUS:TERM:24379:sha256-1022516a18f91e61,THESAURUS,6,강화군,description,description_containment,0.593333,UNKNOWN,"[""강화군""]","[""江華郡""]","[""근대-현대""]",,,[],Place,"{""term_name"": ""강화군"", ""hanja"": ""江華郡"", ""era"": ""근대-현대"", ""thesaurus_category"": ""지명"", ""description"": ""경기도 북서부의 한강·임진강·예성강이 합류하는 하구에 위치한 군(郡)."", ""term_year"": ""1906-?""}","[{""left_source_candidate_id"": ""source-candidate:6f324df2dc58ef6160e0"", ""right_source_candidate_id"": ""source-candidate:d2b7d44d7735b754bfe2"", ""signals"": [], ""conflicts"": [""entity_type_conflict""], ""merge_eligible"": false}, {""left_source_candidate_id"": ""source-candidate:d2b7d44d7735b754bfe2"", ""right_source_candidate_id"": ""source-candidate:ef00342513670e34b586"", ""signals"": [], ""conflicts"": [""entity_type_conflict""], ""merge_eligible"": false}]",EVIDENCE_ONLY,,,,REL_092,강화군,Place,
52,gold-case:a62e861a8a10855f1661,term-review-task:499fb95fd3426f553c39,resolution-case:ff3582197bb4de96e889,예성강,지명,"[{""problem_id"": ""cj_v41_0159"", ""full_text"": ""0 토지의 비옥함과 척박함을 구분하여 문무백관에서 부병(府兵), 한인(閑人)에 이르기까지 모두 과(주斗)에 해당하는 토지를 주고, 또 괴에 따라 땔나무를 구할 땅을 주었다. 0 도평의사시에서 방을 붙여 알리기를, “지금부터 은병 미를 쌀로 환산하여 개경에서는 15~16석, 지방에서는 18~19석의 비율로 하되, 경시서에서 그 해의 풍흉을 살펴 그 값을 정할 것이다.” 라고 하였다. (0\n다음 정책을 실시한 국가의 경제 상황으로 옳은 것은?\n모내기법이 전국적으로 확산되었다.\n덕대가 광산을 전문적으로 경영하였다.\n면화, 담배 등이 상품 작물로 재배되었다.\n예성강 하구의 벽란도가 국제 무역항으로 번성하였다.\n토지의 비옥도에 따라 6등급으로 나누어 전세를 거두었다.""}, {""problem_id"": ""cj_v41_0436"", ""full_text"": ""지도와 같이 전국 13곳의 조창에 조세를 모았다가 개경의 경창 등으로 조운하였던 시기의 경제 상황을 말해 볼까요? 주요 조창: 안흥창, 영풍창, 진성창, 해릉창, 장흥창, 덕흥창, 석두창, 통양창 등\n교사의 질문에 대한 학생의 답변으로 옳은 것은?\n관료전을 지급하고 녹읍을 폐지하였다.\n덕대가 광산을 전문적으로 경영하였다.\n고구마, 감자 등의 구황 작물을 재배하였다.\n일본과의 무역을 허용하고 계해약조를 체결하였다.\n예성강 하구의 벽란도가 국제 무역항으로 번성하였다.""}, {""problem_id"": ""cj_v41_0681"", ""full_text"": ""이 작품은 이규보가 예성강 하구의 정경을 묘사한 시이다. 이곳에 있던 벽란도는 (가)의 국제 무역항으로 송과 아라비아 상인들이 왕래할 정도로 번성했다. 조수가 들고나니 오고 가는 배의 꼬리가 이어졌구나 아침에 이 누각 밑을 떠나면 한낮이 되지 않아 돛대는 남만(南蠻)에 이르도다 사람들은 배를 보고 물 위의 역마라고 하지만 바람처럼 달리는 준마도 이보다 빠르지는 못하리\n(가) 국가에 경제 상황으로 옳은 것은?\n송상이 전국 각지에 송방을 두었다.\n활구라고 불리는 은병을 주조하였다.\n동시전을 설치하여 시장을 감독하였다.\n담배, 면화, 생강 등 상품 작물을 널리 재배하였다.\n일본과 교역을 위해 부산포, 염포, 제포를 개항하였다.""}]",source-candidate:f64738921783f01ca85c,AKS:ARTICLE:E0037959:sha256-704d8ea620c542f5,AKS,7,예성강철교,name,bidirectional_containment,0.5583,COMPATIBLE,"[""예성강철교""]","[""禮成江鐵橋""]","[""근대"", ""대한제국기""]",,,[],Place,"{""headword"": ""예성강철교"", ""origin"": ""禮成江鐵橋"", ""headword_origin"": ""예성강철교(禮成江鐵橋)"", ""primary_type"": ""지명/시설"", ""era"": ""근대/대한제국기"", ""definition"": ""경기도 개풍군 서면과 황해도 연백군 운산면 사이를 연결하는 철교.""}","[{""left_source_candidate_id"": ""source-candidate:6f324df2dc58ef6160e0"", ""right_source_candidate_id"": ""source-candidate:f64738921783f01ca85c"", ""signals"": [], ""conflicts"": [""entity_type_conflict""], ""merge_eligible"": false}, {""left_source_candidate_id"": ""source-candidate:ef00342513670e34b586"", ""right_source_candidate_id"": ""source-candidate:f64738921783f01ca85c"", ""signals"": [], ""conflicts"": [""entity_type_conflict""], ""merge_eligible"": false}]",EVIDENCE_ONLY,,,,REL_093,예성강철교,Heritage,
52,gold-case:a62e861a8a10855f1661,term-review-task:499fb95fd3426f553c39,resolution-case:ff3582197bb4de96e889,예성강,지명,"[{""problem_id"": ""cj_v41_0159"", ""full_text"": ""0 토지의 비옥함과 척박함을 구분하여 문무백관에서 부병(府兵), 한인(閑人)에 이르기까지 모두 과(주斗)에 해당하는 토지를 주고, 또 괴에 따라 땔나무를 구할 땅을 주었다. 0 도평의사시에서 방을 붙여 알리기를, “지금부터 은병 미를 쌀로 환산하여 개경에서는 15~16석, 지방에서는 18~19석의 비율로 하되, 경시서에서 그 해의 풍흉을 살펴 그 값을 정할 것이다.” 라고 하였다. (0\n다음 정책을 실시한 국가의 경제 상황으로 옳은 것은?\n모내기법이 전국적으로 확산되었다.\n덕대가 광산을 전문적으로 경영하였다.\n면화, 담배 등이 상품 작물로 재배되었다.\n예성강 하구의 벽란도가 국제 무역항으로 번성하였다.\n토지의 비옥도에 따라 6등급으로 나누어 전세를 거두었다.""}, {""problem_id"": ""cj_v41_0436"", ""full_text"": ""지도와 같이 전국 13곳의 조창에 조세를 모았다가 개경의 경창 등으로 조운하였던 시기의 경제 상황을 말해 볼까요? 주요 조창: 안흥창, 영풍창, 진성창, 해릉창, 장흥창, 덕흥창, 석두창, 통양창 등\n교사의 질문에 대한 학생의 답변으로 옳은 것은?\n관료전을 지급하고 녹읍을 폐지하였다.\n덕대가 광산을 전문적으로 경영하였다.\n고구마, 감자 등의 구황 작물을 재배하였다.\n일본과의 무역을 허용하고 계해약조를 체결하였다.\n예성강 하구의 벽란도가 국제 무역항으로 번성하였다.""}, {""problem_id"": ""cj_v41_0681"", ""full_text"": ""이 작품은 이규보가 예성강 하구의 정경을 묘사한 시이다. 이곳에 있던 벽란도는 (가)의 국제 무역항으로 송과 아라비아 상인들이 왕래할 정도로 번성했다. 조수가 들고나니 오고 가는 배의 꼬리가 이어졌구나 아침에 이 누각 밑을 떠나면 한낮이 되지 않아 돛대는 남만(南蠻)에 이르도다 사람들은 배를 보고 물 위의 역마라고 하지만 바람처럼 달리는 준마도 이보다 빠르지는 못하리\n(가) 국가에 경제 상황으로 옳은 것은?\n송상이 전국 각지에 송방을 두었다.\n활구라고 불리는 은병을 주조하였다.\n동시전을 설치하여 시장을 감독하였다.\n담배, 면화, 생강 등 상품 작물을 널리 재배하였다.\n일본과 교역을 위해 부산포, 염포, 제포를 개항하였다.""}]",source-candidate:ef00342513670e34b586,AKS:ARTICLE:E0037957:sha256-704d8ea620c542f5,AKS,8,예성강,name,exact,1.0,CONFLICT,"[""예성강""]","[""禮成江""]","[""고려"", ""고려 전기"", ""고려 후기""]",,,[],Work,"{""headword"": ""예성강"", ""origin"": ""禮成江"", ""headword_origin"": ""예성강(禮成江)"", ""primary_type"": ""작품/문학"", ""era"": ""고려/고려 전기 | 고려/고려 후기"", ""definition"": ""고려시대에 지어진 작자 미상의 가요.""}","[{""left_source_candidate_id"": ""source-candidate:0bb1e7e111e81a91de8a"", ""right_source_candidate_id"": ""source-candidate:ef00342513670e34b586"", ""signals"": [""normalized_name_match"", ""hanja_match""], ""conflicts"": [""entity_type_conflict""], ""merge_eligible"": false}, {""left_source_candidate_id"": ""source-candidate:48722ab6842e32225d9f"", ""right_source_candidate_id"": ""source-candidate:ef00342513670e34b586"", ""signals"": [], ""conflicts"": [""entity_type_conflict""], ""merge_eligible"": false}, {""left_source_candidate_id"": ""source-candidate:d2b7d44d7735b754bfe2"", ""right_source_candidate_id"": ""source-candidate:ef00342513670e34b586"", ""signals"": [], ""conflicts"": [""entity_type_conflict""], ""merge_eligible"": false}, {""left_source_candidate_id"": ""source-candidate:ef00342513670e34b586"", ""right_source_candidate_id"": ""source-candidate:f460474c58ac55cf218f"", ""signals"": [""normalized_name_match"", ""hanja_match""], ""conflicts"": [""entity_type_conflict""], ""merge_eligible"": false}, {""left_source_candidate_id"": ""source-candidate:ef00342513670e34b586"", ""right_source_candidate_id"": ""source-candidate:f64738921783f01ca85c"", ""signals"": [], ""conflicts"": [""entity_type_conflict""], ""merge_eligible"": false}, {""left_source_candidate_id"": ""source-candidate:ef00342513670e34b586"", ""right_source_candidate_id"": ""source-candidate:f654c4e53a3fb2332da1"", ""signals"": [], ""conflicts"": [""entity_type_conflict""], ""merge_eligible"": false}]",EVIDENCE_ONLY,,,,REL_094,예성강,Work,
52,gold-case:a62e861a8a10855f1661,term-review-task:499fb95fd3426f553c39,resolution-case:ff3582197bb4de96e889,예성강,지명,"[{""problem_id"": ""cj_v41_0159"", ""full_text"": ""0 토지의 비옥함과 척박함을 구분하여 문무백관에서 부병(府兵), 한인(閑人)에 이르기까지 모두 과(주斗)에 해당하는 토지를 주고, 또 괴에 따라 땔나무를 구할 땅을 주었다. 0 도평의사시에서 방을 붙여 알리기를, “지금부터 은병 미를 쌀로 환산하여 개경에서는 15~16석, 지방에서는 18~19석의 비율로 하되, 경시서에서 그 해의 풍흉을 살펴 그 값을 정할 것이다.” 라고 하였다. (0\n다음 정책을 실시한 국가의 경제 상황으로 옳은 것은?\n모내기법이 전국적으로 확산되었다.\n덕대가 광산을 전문적으로 경영하였다.\n면화, 담배 등이 상품 작물로 재배되었다.\n예성강 하구의 벽란도가 국제 무역항으로 번성하였다.\n토지의 비옥도에 따라 6등급으로 나누어 전세를 거두었다.""}, {""problem_id"": ""cj_v41_0436"", ""full_text"": ""지도와 같이 전국 13곳의 조창에 조세를 모았다가 개경의 경창 등으로 조운하였던 시기의 경제 상황을 말해 볼까요? 주요 조창: 안흥창, 영풍창, 진성창, 해릉창, 장흥창, 덕흥창, 석두창, 통양창 등\n교사의 질문에 대한 학생의 답변으로 옳은 것은?\n관료전을 지급하고 녹읍을 폐지하였다.\n덕대가 광산을 전문적으로 경영하였다.\n고구마, 감자 등의 구황 작물을 재배하였다.\n일본과의 무역을 허용하고 계해약조를 체결하였다.\n예성강 하구의 벽란도가 국제 무역항으로 번성하였다.""}, {""problem_id"": ""cj_v41_0681"", ""full_text"": ""이 작품은 이규보가 예성강 하구의 정경을 묘사한 시이다. 이곳에 있던 벽란도는 (가)의 국제 무역항으로 송과 아라비아 상인들이 왕래할 정도로 번성했다. 조수가 들고나니 오고 가는 배의 꼬리가 이어졌구나 아침에 이 누각 밑을 떠나면 한낮이 되지 않아 돛대는 남만(南蠻)에 이르도다 사람들은 배를 보고 물 위의 역마라고 하지만 바람처럼 달리는 준마도 이보다 빠르지는 못하리\n(가) 국가에 경제 상황으로 옳은 것은?\n송상이 전국 각지에 송방을 두었다.\n활구라고 불리는 은병을 주조하였다.\n동시전을 설치하여 시장을 감독하였다.\n담배, 면화, 생강 등 상품 작물을 널리 재배하였다.\n일본과 교역을 위해 부산포, 염포, 제포를 개항하였다.""}]",source-candidate:6f324df2dc58ef6160e0,AKS:ARTICLE:E0037958:sha256-704d8ea620c542f5,AKS,9,예성강도,name,bidirectional_containment,0.654643,CONFLICT,"[""예성강도""]","[""禮成江圖""]","[""고려"", ""고려 전기""]",,,[],Work,"{""headword"": ""예성강도"", ""origin"": ""禮成江圖"", ""headword_origin"": ""예성강도(禮成江圖)"", ""primary_type"": ""작품/서화"", ""era"": ""고려/고려 전기"", ""definition"": ""고려시대의 화가 이녕(李寧)이 그린 실경산수화.""}","[{""left_source_candidate_id"": ""source-candidate:0bb1e7e111e81a91de8a"", ""right_source_candidate_id"": ""source-candidate:6f324df2dc58ef6160e0"", ""signals"": [], ""conflicts"": [""entity_type_conflict""], ""merge_eligible"": false}, {""left_source_candidate_id"": ""source-candidate:48722ab6842e32225d9f"", ""right_source_candidate_id"": ""source-candidate:6f324df2dc58ef6160e0"", ""signals"": [], ""conflicts"": [""entity_type_conflict""], ""merge_eligible"": false}, {""left_source_candidate_id"": ""source-candidate:6f324df2dc58ef6160e0"", ""right_source_candidate_id"": ""source-candidate:d2b7d44d7735b754bfe2"", ""signals"": [], ""conflicts"": [""entity_type_conflict""], ""merge_eligible"": false}, {""left_source_candidate_id"": ""source-candidate:6f324df2dc58ef6160e0"", ""right_source_candidate_id"": ""source-candidate:f460474c58ac55cf218f"", ""signals"": [], ""conflicts"": [""entity_type_conflict""], ""merge_eligible"": false}, {""left_source_candidate_id"": ""source-candidate:6f324df2dc58ef6160e0"", ""right_source_candidate_id"": ""source-candidate:f64738921783f01ca85c"", ""signals"": [], ""conflicts"": [""entity_type_conflict""], ""merge_eligible"": false}, {""left_source_candidate_id"": ""source-candidate:6f324df2dc58ef6160e0"", ""right_source_candidate_id"": ""source-candidate:f654c4e53a3fb2332da1"", ""signals"": [], ""conflicts"": [""entity_type_conflict""], ""merge_eligible"": false}]",EVIDENCE_ONLY,,,,REL_090,예성강도,Work,
53,gold-case:9f195bcec537fabf7155,term-review-task:19e5d1083d313701b9e4,resolution-case:60d1fe4d4b13883a3a14,경상우병사,제도,"[{""problem_id"": ""cj_v41_0217"", ""full_text"": ""경상도 안핵사 박규수 아뢰옵니다. -4 금번 진주의 백성들이 변란을 일으킨 것은 오로지 전 경상 우병사 백낙신이 탐욕을 부려 수탈하였기 때문이다. 변란을 격발시킨 최를 물어 그를 엄중히 처결하도록 하소서.\n‘변란’에 대한 설명으로 옳은 것은?\n홍경래가 주도하여 봉기하였다.\n청군이 파병되는 결과를 가져왔다.\n흥선 대원군 집권 시기에 일어났다.\n삼정이정청이 설치되는 계기가 되었다.\n보국안민, 제폭구민을 기치로 내걸었다.""}, {""problem_id"": ""cj_v41_0358"", ""full_text"": ""진주의 난민들이 경상 우병사 백낙신을 협박하고 사람을 참혹하게 죽이는 사건이 일어났다고 합니다. 난민들이 이렇게 극도에 이른 경우는 없었는데, 평소에 잘 위무했다면 어찌 이런 일이 있었겠는가? 박규수를 경상도 안핵사로 내려 보내 사태를 수습토록 하라.\n‘사건’에 대한 설명으로 옳은 것은?\n청의 군대에 의해 진압되었다.\n삼정이정청이 설치되는 계기가 되었다.\n서북인에 대한 차별에 반발하여 일어났다.\n남접과 북접이 연합하여 조직적으로 전개되었다.\n함경도와 황해도에 방곡령이 선포되는 결과를 가져왔다.""}, {""problem_id"": ""cj_v41_1073"", ""full_text"": ""자네 소식 들었나? 지난달 진주에서 백성들이 난을 일으켜 관아를 습격하고 아전의 집을 불태웠다더군 나도 들었네. 경상 우병사 백낙 신의 탐학과 향리들의 횡포에 맞서 유계춘이 주도하였다고 하더군 경상 우병사 백낙신\n다음 가상 대화가 이루어진 시기의 사회 모습으로 가장 적 절한 것은?\n빈민 구제를 위해 흑창이 설치되었다.\n원종과 애노가 사벌주에서 봉기하였다.\n홍건적의 침입으로 개경이 함락되었다.\n지배층을 중심으로 변발과 호복이 유행하였다.\n안동 김씨 등의 세도 정치로 매관매직이 성행하였다.""}]",source-candidate:89a6f41186b5573fe502,AKS:ARTICLE:E0003231:sha256-704d8ea620c542f5,AKS,1,경상우병사,body,body_mention,1.0,COMPATIBLE,"[""계의병""]","[""繼義兵""]","[""조선"", ""조선 후기""]",,,[],Concept,"{""headword"": ""계의병"", ""origin"": ""繼義兵"", ""headword_origin"": ""계의병(繼義兵)"", ""primary_type"": ""제도/법령·제도"", ""era"": ""조선/조선 후기"", ""definition"": ""1593년(선조 26) 임진왜란 때 호남지역에서 활약한 의병."", ""snippet"": ""임 제독관(提督官) 최경장(崔慶長)을 장수로 추대하였다. 최경장은 그 해 6월 진주성싸움에서 순국한 경상우병사 경회(慶會)의 아우였다. 그들은 ‘繼義(계의)’라는 글씨로 서로의 신표를 삼았다. 그러나 그 해 11월 조정""}","[{""left_source_candidate_id"": ""source-candidate:89a6f41186b5573fe502"", ""right_source_candidate_id"": ""source-candidate:8ecd6a236b6b4a3a299b"", ""signals"": [], ""conflicts"": [""entity_type_conflict""], ""merge_eligible"": false}]",,,,,,,,
53,gold-case:9f195bcec537fabf7155,term-review-task:19e5d1083d313701b9e4,resolution-case:60d1fe4d4b13883a3a14,경상우병사,제도,"[{""problem_id"": ""cj_v41_0217"", ""full_text"": ""경상도 안핵사 박규수 아뢰옵니다. -4 금번 진주의 백성들이 변란을 일으킨 것은 오로지 전 경상 우병사 백낙신이 탐욕을 부려 수탈하였기 때문이다. 변란을 격발시킨 최를 물어 그를 엄중히 처결하도록 하소서.\n‘변란’에 대한 설명으로 옳은 것은?\n홍경래가 주도하여 봉기하였다.\n청군이 파병되는 결과를 가져왔다.\n흥선 대원군 집권 시기에 일어났다.\n삼정이정청이 설치되는 계기가 되었다.\n보국안민, 제폭구민을 기치로 내걸었다.""}, {""problem_id"": ""cj_v41_0358"", ""full_text"": ""진주의 난민들이 경상 우병사 백낙신을 협박하고 사람을 참혹하게 죽이는 사건이 일어났다고 합니다. 난민들이 이렇게 극도에 이른 경우는 없었는데, 평소에 잘 위무했다면 어찌 이런 일이 있었겠는가? 박규수를 경상도 안핵사로 내려 보내 사태를 수습토록 하라.\n‘사건’에 대한 설명으로 옳은 것은?\n청의 군대에 의해 진압되었다.\n삼정이정청이 설치되는 계기가 되었다.\n서북인에 대한 차별에 반발하여 일어났다.\n남접과 북접이 연합하여 조직적으로 전개되었다.\n함경도와 황해도에 방곡령이 선포되는 결과를 가져왔다.""}, {""problem_id"": ""cj_v41_1073"", ""full_text"": ""자네 소식 들었나? 지난달 진주에서 백성들이 난을 일으켜 관아를 습격하고 아전의 집을 불태웠다더군 나도 들었네. 경상 우병사 백낙 신의 탐학과 향리들의 횡포에 맞서 유계춘이 주도하였다고 하더군 경상 우병사 백낙신\n다음 가상 대화가 이루어진 시기의 사회 모습으로 가장 적 절한 것은?\n빈민 구제를 위해 흑창이 설치되었다.\n원종과 애노가 사벌주에서 봉기하였다.\n홍건적의 침입으로 개경이 함락되었다.\n지배층을 중심으로 변발과 호복이 유행하였다.\n안동 김씨 등의 세도 정치로 매관매직이 성행하였다.""}]",source-candidate:215a5630accbc03449f9,THESAURUS:TERM:37754411:sha256-1022516a18f91e61,THESAURUS,2,경상우수영,name,name_ngram,0.397,UNKNOWN,"[""경상우수영""]","[""慶尙右水營""]","[""조선시대""]",,,[],,"{""term_name"": ""경상우수영"", ""hanja"": ""慶尙右水營"", ""era"": ""조선시대"", ""thesaurus_category"": ""국방·군사>군사방어시설"", ""description"": ""경상우도 수군절도사가 근무하는 수군의 주진(主鎭)."", ""term_year"": ""1465-1907""}",[],,,,,,,,
53,gold-case:9f195bcec537fabf7155,term-review-task:19e5d1083d313701b9e4,resolution-case:60d1fe4d4b13883a3a14,경상우병사,제도,"[{""problem_id"": ""cj_v41_0217"", ""full_text"": ""경상도 안핵사 박규수 아뢰옵니다. -4 금번 진주의 백성들이 변란을 일으킨 것은 오로지 전 경상 우병사 백낙신이 탐욕을 부려 수탈하였기 때문이다. 변란을 격발시킨 최를 물어 그를 엄중히 처결하도록 하소서.\n‘변란’에 대한 설명으로 옳은 것은?\n홍경래가 주도하여 봉기하였다.\n청군이 파병되는 결과를 가져왔다.\n흥선 대원군 집권 시기에 일어났다.\n삼정이정청이 설치되는 계기가 되었다.\n보국안민, 제폭구민을 기치로 내걸었다.""}, {""problem_id"": ""cj_v41_0358"", ""full_text"": ""진주의 난민들이 경상 우병사 백낙신을 협박하고 사람을 참혹하게 죽이는 사건이 일어났다고 합니다. 난민들이 이렇게 극도에 이른 경우는 없었는데, 평소에 잘 위무했다면 어찌 이런 일이 있었겠는가? 박규수를 경상도 안핵사로 내려 보내 사태를 수습토록 하라.\n‘사건’에 대한 설명으로 옳은 것은?\n청의 군대에 의해 진압되었다.\n삼정이정청이 설치되는 계기가 되었다.\n서북인에 대한 차별에 반발하여 일어났다.\n남접과 북접이 연합하여 조직적으로 전개되었다.\n함경도와 황해도에 방곡령이 선포되는 결과를 가져왔다.""}, {""problem_id"": ""cj_v41_1073"", ""full_text"": ""자네 소식 들었나? 지난달 진주에서 백성들이 난을 일으켜 관아를 습격하고 아전의 집을 불태웠다더군 나도 들었네. 경상 우병사 백낙 신의 탐학과 향리들의 횡포에 맞서 유계춘이 주도하였다고 하더군 경상 우병사 백낙신\n다음 가상 대화가 이루어진 시기의 사회 모습으로 가장 적 절한 것은?\n빈민 구제를 위해 흑창이 설치되었다.\n원종과 애노가 사벌주에서 봉기하였다.\n홍건적의 침입으로 개경이 함락되었다.\n지배층을 중심으로 변발과 호복이 유행하였다.\n안동 김씨 등의 세도 정치로 매관매직이 성행하였다.""}]",source-candidate:6772c187eb0a9ea1379a,AKS:ARTICLE:E0002522:sha256-704d8ea620c542f5,AKS,3,경상우도,name,name_ngram,0.379167,COMPATIBLE,"[""경상우도""]","[""慶尙右道""]","[""조선"", ""조선 전기"", ""조선 후기""]",,,[],Concept,"{""headword"": ""경상우도"", ""origin"": ""慶尙右道"", ""headword_origin"": ""경상우도(慶尙右道)"", ""primary_type"": ""제도/법령·제도"", ""era"": ""조선/조선 전기 | 조선/조선 후기"", ""definition"": ""조선시대에 경상도 지방의 행정구역을 동·서로 나누었을 때 경상도 서부 지역의 행정구역.""}","[{""left_source_candidate_id"": ""source-candidate:6772c187eb0a9ea1379a"", ""right_source_candidate_id"": ""source-candidate:8ecd6a236b6b4a3a299b"", ""signals"": [""normalized_name_match"", ""hanja_match""], ""conflicts"": [""entity_type_conflict""], ""merge_eligible"": false}]",EVIDENCE_ONLY,,,,REL_095,경상우도,Place,
53,gold-case:9f195bcec537fabf7155,term-review-task:19e5d1083d313701b9e4,resolution-case:60d1fe4d4b13883a3a14,경상우병사,제도,"[{""problem_id"": ""cj_v41_0217"", ""full_text"": ""경상도 안핵사 박규수 아뢰옵니다. -4 금번 진주의 백성들이 변란을 일으킨 것은 오로지 전 경상 우병사 백낙신이 탐욕을 부려 수탈하였기 때문이다. 변란을 격발시킨 최를 물어 그를 엄중히 처결하도록 하소서.\n‘변란’에 대한 설명으로 옳은 것은?\n홍경래가 주도하여 봉기하였다.\n청군이 파병되는 결과를 가져왔다.\n흥선 대원군 집권 시기에 일어났다.\n삼정이정청이 설치되는 계기가 되었다.\n보국안민, 제폭구민을 기치로 내걸었다.""}, {""problem_id"": ""cj_v41_0358"", ""full_text"": ""진주의 난민들이 경상 우병사 백낙신을 협박하고 사람을 참혹하게 죽이는 사건이 일어났다고 합니다. 난민들이 이렇게 극도에 이른 경우는 없었는데, 평소에 잘 위무했다면 어찌 이런 일이 있었겠는가? 박규수를 경상도 안핵사로 내려 보내 사태를 수습토록 하라.\n‘사건’에 대한 설명으로 옳은 것은?\n청의 군대에 의해 진압되었다.\n삼정이정청이 설치되는 계기가 되었다.\n서북인에 대한 차별에 반발하여 일어났다.\n남접과 북접이 연합하여 조직적으로 전개되었다.\n함경도와 황해도에 방곡령이 선포되는 결과를 가져왔다.""}, {""problem_id"": ""cj_v41_1073"", ""full_text"": ""자네 소식 들었나? 지난달 진주에서 백성들이 난을 일으켜 관아를 습격하고 아전의 집을 불태웠다더군 나도 들었네. 경상 우병사 백낙 신의 탐학과 향리들의 횡포에 맞서 유계춘이 주도하였다고 하더군 경상 우병사 백낙신\n다음 가상 대화가 이루어진 시기의 사회 모습으로 가장 적 절한 것은?\n빈민 구제를 위해 흑창이 설치되었다.\n원종과 애노가 사벌주에서 봉기하였다.\n홍건적의 침입으로 개경이 함락되었다.\n지배층을 중심으로 변발과 호복이 유행하였다.\n안동 김씨 등의 세도 정치로 매관매직이 성행하였다.""}]",source-candidate:8ecd6a236b6b4a3a299b,THESAURUS:TERM:24408:sha256-1022516a18f91e61,THESAURUS,4,경상우도,name,name_ngram,0.379167,UNKNOWN,"[""경상우도""]","[""慶尙右道""]","[""조선시대""]",,,[],Place,"{""term_name"": ""경상우도"", ""hanja"": ""慶尙右道"", ""era"": ""조선시대"", ""thesaurus_category"": ""지명"", ""description"": ""조선시대 경상도 지방의 행정 구역을 동서로 나누었을 때 낙동강 서부 지역."", ""term_year"": ""1407-?""}","[{""left_source_candidate_id"": ""source-candidate:6772c187eb0a9ea1379a"", ""right_source_candidate_id"": ""source-candidate:8ecd6a236b6b4a3a299b"", ""signals"": [""normalized_name_match"", ""hanja_match""], ""conflicts"": [""entity_type_conflict""], ""merge_eligible"": false}, {""left_source_candidate_id"": ""source-candidate:89a6f41186b5573fe502"", ""right_source_candidate_id"": ""source-candidate:8ecd6a236b6b4a3a299b"", ""signals"": [], ""conflicts"": [""entity_type_conflict""], ""merge_eligible"": false}, {""left_source_candidate_id"": ""source-candidate:8ecd6a236b6b4a3a299b"", ""right_source_candidate_id"": ""source-candidate:f49e5b375f2b6ae1de92"", ""signals"": [], ""conflicts"": [""entity_type_conflict""], ""merge_eligible"": false}]",EVIDENCE_ONLY,,,,REL_095,경상우도,Place,
53,gold-case:9f195bcec537fabf7155,term-review-task:19e5d1083d313701b9e4,resolution-case:60d1fe4d4b13883a3a14,경상우병사,제도,"[{""problem_id"": ""cj_v41_0217"", ""full_text"": ""경상도 안핵사 박규수 아뢰옵니다. -4 금번 진주의 백성들이 변란을 일으킨 것은 오로지 전 경상 우병사 백낙신이 탐욕을 부려 수탈하였기 때문이다. 변란을 격발시킨 최를 물어 그를 엄중히 처결하도록 하소서.\n‘변란’에 대한 설명으로 옳은 것은?\n홍경래가 주도하여 봉기하였다.\n청군이 파병되는 결과를 가져왔다.\n흥선 대원군 집권 시기에 일어났다.\n삼정이정청이 설치되는 계기가 되었다.\n보국안민, 제폭구민을 기치로 내걸었다.""}, {""problem_id"": ""cj_v41_0358"", ""full_text"": ""진주의 난민들이 경상 우병사 백낙신을 협박하고 사람을 참혹하게 죽이는 사건이 일어났다고 합니다. 난민들이 이렇게 극도에 이른 경우는 없었는데, 평소에 잘 위무했다면 어찌 이런 일이 있었겠는가? 박규수를 경상도 안핵사로 내려 보내 사태를 수습토록 하라.\n‘사건’에 대한 설명으로 옳은 것은?\n청의 군대에 의해 진압되었다.\n삼정이정청이 설치되는 계기가 되었다.\n서북인에 대한 차별에 반발하여 일어났다.\n남접과 북접이 연합하여 조직적으로 전개되었다.\n함경도와 황해도에 방곡령이 선포되는 결과를 가져왔다.""}, {""problem_id"": ""cj_v41_1073"", ""full_text"": ""자네 소식 들었나? 지난달 진주에서 백성들이 난을 일으켜 관아를 습격하고 아전의 집을 불태웠다더군 나도 들었네. 경상 우병사 백낙 신의 탐학과 향리들의 횡포에 맞서 유계춘이 주도하였다고 하더군 경상 우병사 백낙신\n다음 가상 대화가 이루어진 시기의 사회 모습으로 가장 적 절한 것은?\n빈민 구제를 위해 흑창이 설치되었다.\n원종과 애노가 사벌주에서 봉기하였다.\n홍건적의 침입으로 개경이 함락되었다.\n지배층을 중심으로 변발과 호복이 유행하였다.\n안동 김씨 등의 세도 정치로 매관매직이 성행하였다.""}]",source-candidate:72e21d8b7b3fc206b808,THESAURUS:TERM:21027426:sha256-1022516a18f91e61,THESAURUS,5,경상감사,name,name_ngram,0.334167,UNKNOWN,"[""경상감사""]","[""慶尙監司""]","[""조선시대""]",,,[],,"{""term_name"": ""경상감사"", ""hanja"": ""慶尙監司"", ""era"": ""조선시대"", ""thesaurus_category"": ""정치·행정·법제>인사"", ""description"": ""조선시대 경상도 지방의 통치 책임을 맡았던 최고 지방 장관."", ""term_year"": ""?-?""}",[],,,,,,,,
53,gold-case:9f195bcec537fabf7155,term-review-task:19e5d1083d313701b9e4,resolution-case:60d1fe4d4b13883a3a14,경상우병사,제도,"[{""problem_id"": ""cj_v41_0217"", ""full_text"": ""경상도 안핵사 박규수 아뢰옵니다. -4 금번 진주의 백성들이 변란을 일으킨 것은 오로지 전 경상 우병사 백낙신이 탐욕을 부려 수탈하였기 때문이다. 변란을 격발시킨 최를 물어 그를 엄중히 처결하도록 하소서.\n‘변란’에 대한 설명으로 옳은 것은?\n홍경래가 주도하여 봉기하였다.\n청군이 파병되는 결과를 가져왔다.\n흥선 대원군 집권 시기에 일어났다.\n삼정이정청이 설치되는 계기가 되었다.\n보국안민, 제폭구민을 기치로 내걸었다.""}, {""problem_id"": ""cj_v41_0358"", ""full_text"": ""진주의 난민들이 경상 우병사 백낙신을 협박하고 사람을 참혹하게 죽이는 사건이 일어났다고 합니다. 난민들이 이렇게 극도에 이른 경우는 없었는데, 평소에 잘 위무했다면 어찌 이런 일이 있었겠는가? 박규수를 경상도 안핵사로 내려 보내 사태를 수습토록 하라.\n‘사건’에 대한 설명으로 옳은 것은?\n청의 군대에 의해 진압되었다.\n삼정이정청이 설치되는 계기가 되었다.\n서북인에 대한 차별에 반발하여 일어났다.\n남접과 북접이 연합하여 조직적으로 전개되었다.\n함경도와 황해도에 방곡령이 선포되는 결과를 가져왔다.""}, {""problem_id"": ""cj_v41_1073"", ""full_text"": ""자네 소식 들었나? 지난달 진주에서 백성들이 난을 일으켜 관아를 습격하고 아전의 집을 불태웠다더군 나도 들었네. 경상 우병사 백낙 신의 탐학과 향리들의 횡포에 맞서 유계춘이 주도하였다고 하더군 경상 우병사 백낙신\n다음 가상 대화가 이루어진 시기의 사회 모습으로 가장 적 절한 것은?\n빈민 구제를 위해 흑창이 설치되었다.\n원종과 애노가 사벌주에서 봉기하였다.\n홍건적의 침입으로 개경이 함락되었다.\n지배층을 중심으로 변발과 호복이 유행하였다.\n안동 김씨 등의 세도 정치로 매관매직이 성행하였다.""}]",source-candidate:f49e5b375f2b6ae1de92,AKS:ARTICLE:E0039901:sha256-704d8ea620c542f5,AKS,6,우병영,description,description_ngram,0.315,COMPATIBLE,"[""우병영""]","[""右兵營""]","[""조선"", ""조선 전기"", ""조선 후기""]",,,[],Concept,"{""headword"": ""우병영"", ""origin"": ""右兵營"", ""headword_origin"": ""우병영(右兵營)"", ""primary_type"": ""제도/법령·제도"", ""era"": ""조선/조선 전기 | 조선/조선 후기"", ""definition"": ""조선시대 경상우도(慶常右道) 진주에 있었던 병마절도사(兵馬節度使)의 주영(駐營).""}","[{""left_source_candidate_id"": ""source-candidate:32dfca53232a556ebab9"", ""right_source_candidate_id"": ""source-candidate:f49e5b375f2b6ae1de92"", ""signals"": [""normalized_name_match"", ""hanja_match""], ""conflicts"": [], ""merge_eligible"": true}, {""left_source_candidate_id"": ""source-candidate:8ecd6a236b6b4a3a299b"", ""right_source_candidate_id"": ""source-candidate:f49e5b375f2b6ae1de92"", ""signals"": [], ""conflicts"": [""entity_type_conflict""], ""merge_eligible"": false}]",EVIDENCE_ONLY,,,,REL_096,경상우병영,Place,
53,gold-case:9f195bcec537fabf7155,term-review-task:19e5d1083d313701b9e4,resolution-case:60d1fe4d4b13883a3a14,경상우병사,제도,"[{""problem_id"": ""cj_v41_0217"", ""full_text"": ""경상도 안핵사 박규수 아뢰옵니다. -4 금번 진주의 백성들이 변란을 일으킨 것은 오로지 전 경상 우병사 백낙신이 탐욕을 부려 수탈하였기 때문이다. 변란을 격발시킨 최를 물어 그를 엄중히 처결하도록 하소서.\n‘변란’에 대한 설명으로 옳은 것은?\n홍경래가 주도하여 봉기하였다.\n청군이 파병되는 결과를 가져왔다.\n흥선 대원군 집권 시기에 일어났다.\n삼정이정청이 설치되는 계기가 되었다.\n보국안민, 제폭구민을 기치로 내걸었다.""}, {""problem_id"": ""cj_v41_0358"", ""full_text"": ""진주의 난민들이 경상 우병사 백낙신을 협박하고 사람을 참혹하게 죽이는 사건이 일어났다고 합니다. 난민들이 이렇게 극도에 이른 경우는 없었는데, 평소에 잘 위무했다면 어찌 이런 일이 있었겠는가? 박규수를 경상도 안핵사로 내려 보내 사태를 수습토록 하라.\n‘사건’에 대한 설명으로 옳은 것은?\n청의 군대에 의해 진압되었다.\n삼정이정청이 설치되는 계기가 되었다.\n서북인에 대한 차별에 반발하여 일어났다.\n남접과 북접이 연합하여 조직적으로 전개되었다.\n함경도와 황해도에 방곡령이 선포되는 결과를 가져왔다.""}, {""problem_id"": ""cj_v41_1073"", ""full_text"": ""자네 소식 들었나? 지난달 진주에서 백성들이 난을 일으켜 관아를 습격하고 아전의 집을 불태웠다더군 나도 들었네. 경상 우병사 백낙 신의 탐학과 향리들의 횡포에 맞서 유계춘이 주도하였다고 하더군 경상 우병사 백낙신\n다음 가상 대화가 이루어진 시기의 사회 모습으로 가장 적 절한 것은?\n빈민 구제를 위해 흑창이 설치되었다.\n원종과 애노가 사벌주에서 봉기하였다.\n홍건적의 침입으로 개경이 함락되었다.\n지배층을 중심으로 변발과 호복이 유행하였다.\n안동 김씨 등의 세도 정치로 매관매직이 성행하였다.""}]",source-candidate:32dfca53232a556ebab9,THESAURUS:TERM:6301289:sha256-1022516a18f91e61,THESAURUS,7,우병영,description,description_ngram,0.315,UNKNOWN,"[""우병영""]","[""右兵營""]","[""조선시대""]",,,[],,"{""term_name"": ""우병영"", ""hanja"": ""右兵營"", ""era"": ""조선시대"", ""thesaurus_category"": ""국방·군사>군사방어시설"", ""description"": ""1407년(태종 7)에 설치한  경상우도(慶常右道) 병마절도사(兵馬節度使)의 주영(駐營)."", ""term_year"": ""1407-?""}","[{""left_source_candidate_id"": ""source-candidate:32dfca53232a556ebab9"", ""right_source_candidate_id"": ""source-candidate:f49e5b375f2b6ae1de92"", ""signals"": [""normalized_name_match"", ""hanja_match""], ""conflicts"": [], ""merge_eligible"": true}]",EVIDENCE_ONLY,,,,REL_096,경상우병영,Place,
53,gold-case:9f195bcec537fabf7155,term-review-task:19e5d1083d313701b9e4,resolution-case:60d1fe4d4b13883a3a14,경상우병사,제도,"[{""problem_id"": ""cj_v41_0217"", ""full_text"": ""경상도 안핵사 박규수 아뢰옵니다. -4 금번 진주의 백성들이 변란을 일으킨 것은 오로지 전 경상 우병사 백낙신이 탐욕을 부려 수탈하였기 때문이다. 변란을 격발시킨 최를 물어 그를 엄중히 처결하도록 하소서.\n‘변란’에 대한 설명으로 옳은 것은?\n홍경래가 주도하여 봉기하였다.\n청군이 파병되는 결과를 가져왔다.\n흥선 대원군 집권 시기에 일어났다.\n삼정이정청이 설치되는 계기가 되었다.\n보국안민, 제폭구민을 기치로 내걸었다.""}, {""problem_id"": ""cj_v41_0358"", ""full_text"": ""진주의 난민들이 경상 우병사 백낙신을 협박하고 사람을 참혹하게 죽이는 사건이 일어났다고 합니다. 난민들이 이렇게 극도에 이른 경우는 없었는데, 평소에 잘 위무했다면 어찌 이런 일이 있었겠는가? 박규수를 경상도 안핵사로 내려 보내 사태를 수습토록 하라.\n‘사건’에 대한 설명으로 옳은 것은?\n청의 군대에 의해 진압되었다.\n삼정이정청이 설치되는 계기가 되었다.\n서북인에 대한 차별에 반발하여 일어났다.\n남접과 북접이 연합하여 조직적으로 전개되었다.\n함경도와 황해도에 방곡령이 선포되는 결과를 가져왔다.""}, {""problem_id"": ""cj_v41_1073"", ""full_text"": ""자네 소식 들었나? 지난달 진주에서 백성들이 난을 일으켜 관아를 습격하고 아전의 집을 불태웠다더군 나도 들었네. 경상 우병사 백낙 신의 탐학과 향리들의 횡포에 맞서 유계춘이 주도하였다고 하더군 경상 우병사 백낙신\n다음 가상 대화가 이루어진 시기의 사회 모습으로 가장 적 절한 것은?\n빈민 구제를 위해 흑창이 설치되었다.\n원종과 애노가 사벌주에서 봉기하였다.\n홍건적의 침입으로 개경이 함락되었다.\n지배층을 중심으로 변발과 호복이 유행하였다.\n안동 김씨 등의 세도 정치로 매관매직이 성행하였다.""}]",source-candidate:d1da0f6aa023385f0e85,THESAURUS:TERM:12590551:sha256-1022516a18f91e61,THESAURUS,8,경상도사찰,name,name_ngram,0.3095,UNKNOWN,"[""경상도사찰""]","[""慶尙道寺刹""]",[],,,[],,"{""term_name"": ""경상도사찰"", ""hanja"": ""慶尙道寺刹"", ""era"": ""통시대"", ""thesaurus_category"": ""전통사상·종교>불교>불교관련시설"", ""description"": ""경상남도와 경상북도 및 부산광역시와 울산광역시에 세워졌거나 현재 있는 사찰."", ""term_year"": ""?-?""}",[],,,,,,,,
54,gold-case:a0b1307b07c262896bb5,term-review-task:9372738e594ff4c176fa,resolution-case:4d114b276166741f262d,대학 졸업 정원제,정책,"[{""problem_id"": ""cj_v41_0189"", ""full_text"": ""대통령은 신년사에서 월드컵과 부산 아시안 게임 개최로 국운 융성의 한 해를 만들자고 강조하며, 공명한 대통령 선거와 지방 자치 선거에 최선을 다하겠다고 밝혔습니다. 이와 더불어 정부도 경제적 정의 실현과 사회 안전망 강화를 통해 중산층과 서민 생활 안정에 노력하겠다고 발표했다.\n‘정부’ 시기의 사실로 옳은 것은?\n호주제가 폐지되었다.\n대학 졸업 정원제가 시행되었다.\n노인 장기 요양 보험법이 제정되었다.\n국민 기초 생활 보장법이 실시되었다.\n중학교 무시험 진학 제도가 시작되었다.""}]",source-candidate:b64c89788e4db39e9e5f,AKS:ARTICLE:E0076167:sha256-704d8ea620c542f5,AKS,1,대학졸업정원제,name,exact,1.0,COMPATIBLE,"[""대학졸업정원제"", ""졸정제卒定制""]","[""大學卒業定員制"", ""卒定制""]","[""현대""]",,,[],Concept,"{""headword"": ""대학졸업정원제"", ""aliases"": [""졸정제(卒定制)""], ""origin"": ""大學卒業定員制"", ""headword_origin"": ""대학졸업정원제(大學卒業定員制)"", ""primary_type"": ""제도/법령·제도"", ""era"": ""현대"", ""definition"": ""1980년 대학의 정원보다 많은 신입생을 선발한 후 초과 인원을 중도에 강제 탈락시켜 졸업시에 정원을 맞추는 교육정책.""}",[],IDENTITY_MEMBER,ALT_097,대학졸업정원제,Concept,,,,
54,gold-case:a0b1307b07c262896bb5,term-review-task:9372738e594ff4c176fa,resolution-case:4d114b276166741f262d,대학 졸업 정원제,정책,"[{""problem_id"": ""cj_v41_0189"", ""full_text"": ""대통령은 신년사에서 월드컵과 부산 아시안 게임 개최로 국운 융성의 한 해를 만들자고 강조하며, 공명한 대통령 선거와 지방 자치 선거에 최선을 다하겠다고 밝혔습니다. 이와 더불어 정부도 경제적 정의 실현과 사회 안전망 강화를 통해 중산층과 서민 생활 안정에 노력하겠다고 발표했다.\n‘정부’ 시기의 사실로 옳은 것은?\n호주제가 폐지되었다.\n대학 졸업 정원제가 시행되었다.\n노인 장기 요양 보험법이 제정되었다.\n국민 기초 생활 보장법이 실시되었다.\n중학교 무시험 진학 제도가 시작되었다.""}]",source-candidate:7858bd6eabdffbf0c4f8,THESAURUS:TERM:15439:sha256-1022516a18f91e61,THESAURUS,2,실업학교졸업정도검정위원회,name,name_ngram,0.315556,UNKNOWN,"[""실업학교졸업정도검정위원회""]","[""實業學校卒業程度檢定委員會""]","[""일제시기""]",,,[],,"{""term_name"": ""실업학교졸업정도검정위원회"", ""hanja"": ""實業學校卒業程度檢定委員會"", ""era"": ""일제시기"", ""thesaurus_category"": ""정치·행정·법제>행정>중앙행정기구"", ""description"": ""1942년 실업학교 졸업정도 검정에 대한 사무를 위해 설치된 조선총독부(朝鮮總督府) 직속기관의 하나."", ""term_year"": ""1942-?""}",[],,,,,,,,
55,gold-case:014010e1f99d8d9d8ada,term-review-task:cf36dc1c3f28374a621c,resolution-case:a48bac39ed3d857ffc18,민족주의,사상,"[{""problem_id"": ""cj_v41_0133"", ""full_text"": ""4 이것은 순종의 인산일에 일어난 당시 장례 행렬에 모인 사람들에게 뿌려진 격문의 일부이다. - 대한 독립운동가여 단결하라! - 일체 납세를 거부하자! - 일본 물자를 배척하자! - 언론 - 출판 - 집회의 자유를! - 보통 교육은 의무 교육으로! - 교육 용어는 조선어로!\n(가) 민족 운동에 대한 설명으로 옳은 것은?\n대구에서 시작되어 전국으로 확산되었다.\n대한민국 임시 정부 수립에 영향을 주었다.\n민족주의 진영과 사회주의 진영이 함께 준비하였다.\n일제가 이른바 문화 통치를 실시하는 배경이 되었다.\n신간회 중앙 본부가 진상 조사단을 파견하여 지원하였다.""}, {""problem_id"": ""cj_v41_0277"", ""full_text"": ""행동 강령 1. 여성에 대한사회적 - 법률적 일체 차별 철폐 2. 일체 봉건적 인습과 미신 다파 3. 조혼 폐지 및 결혼의 자유 4. 인신매매 및 공창폐지 5. 농민 부인의 경제적 이익 옹호 6. 부인 노동의 임금 차별 철폐 및 산전 산후 임금 지불 7. 부인 및 소년공의 위험 노동 및 야입 폐지\n다음 강령을 발표한 단체에 대한 설명으로 옳은 것은?\n3·1 운동에 주도적으로 참여하였다.\n상하이에서 대동 단결 선언을 발표하였다.\n여성 교육을 위해 이화 학당을 설립하였다.\n최초의 여성 권리 선언문인 여권통문을 공표하였다.\n민족주의 계열과 사회주의 계열의 여성들이 연합하였다.""}]",source-candidate:de2650fc7e52bd696aa4,AKS:ARTICLE:E0020272:sha256-704d8ea620c542f5,AKS,1,민족주의,name,exact,1.0,COMPATIBLE,"[""민족주의""]","[""民族主義""]","[""현대""]",,,[],Concept,"{""headword"": ""민족주의"", ""origin"": ""民族主義"", ""headword_origin"": ""민족주의(民族主義)"", ""primary_type"": ""개념"", ""era"": ""현대"", ""definition"": ""민족을 구성하고 통합하며 민족 단위의 국가 형성을 위한 정치사상.""}","[{""left_source_candidate_id"": ""source-candidate:41702d4eb9f3852c9875"", ""right_source_candidate_id"": ""source-candidate:de2650fc7e52bd696aa4"", ""signals"": [""normalized_name_match"", ""hanja_match""], ""conflicts"": [], ""merge_eligible"": true}]",IDENTITY_MEMBER,ALT_098,민족주의,Concept,,,,
55,gold-case:014010e1f99d8d9d8ada,term-review-task:cf36dc1c3f28374a621c,resolution-case:a48bac39ed3d857ffc18,민족주의,사상,"[{""problem_id"": ""cj_v41_0133"", ""full_text"": ""4 이것은 순종의 인산일에 일어난 당시 장례 행렬에 모인 사람들에게 뿌려진 격문의 일부이다. - 대한 독립운동가여 단결하라! - 일체 납세를 거부하자! - 일본 물자를 배척하자! - 언론 - 출판 - 집회의 자유를! - 보통 교육은 의무 교육으로! - 교육 용어는 조선어로!\n(가) 민족 운동에 대한 설명으로 옳은 것은?\n대구에서 시작되어 전국으로 확산되었다.\n대한민국 임시 정부 수립에 영향을 주었다.\n민족주의 진영과 사회주의 진영이 함께 준비하였다.\n일제가 이른바 문화 통치를 실시하는 배경이 되었다.\n신간회 중앙 본부가 진상 조사단을 파견하여 지원하였다.""}, {""problem_id"": ""cj_v41_0277"", ""full_text"": ""행동 강령 1. 여성에 대한사회적 - 법률적 일체 차별 철폐 2. 일체 봉건적 인습과 미신 다파 3. 조혼 폐지 및 결혼의 자유 4. 인신매매 및 공창폐지 5. 농민 부인의 경제적 이익 옹호 6. 부인 노동의 임금 차별 철폐 및 산전 산후 임금 지불 7. 부인 및 소년공의 위험 노동 및 야입 폐지\n다음 강령을 발표한 단체에 대한 설명으로 옳은 것은?\n3·1 운동에 주도적으로 참여하였다.\n상하이에서 대동 단결 선언을 발표하였다.\n여성 교육을 위해 이화 학당을 설립하였다.\n최초의 여성 권리 선언문인 여권통문을 공표하였다.\n민족주의 계열과 사회주의 계열의 여성들이 연합하였다.""}]",source-candidate:41702d4eb9f3852c9875,THESAURUS:TERM:39849877:sha256-1022516a18f91e61,THESAURUS,2,민족주의,name,exact,1.0,UNKNOWN,"[""민족주의""]","[""民族主義""]",[],,,[],,"{""term_name"": ""민족주의"", ""hanja"": ""民族主義"", ""era"": ""통시대"", ""thesaurus_category"": ""정치·행정·법제>정치사상·정책"", ""description"": ""민족에 기반을 둔 국가의 형성을 지상목표로 하고, 이것을 창건(創建)·유지·확대하려고 하는 민족의 정신상태나 정책원리 또는 그 활동."", ""term_year"": ""?-?""}","[{""left_source_candidate_id"": ""source-candidate:41702d4eb9f3852c9875"", ""right_source_candidate_id"": ""source-candidate:de2650fc7e52bd696aa4"", ""signals"": [""normalized_name_match"", ""hanja_match""], ""conflicts"": [], ""merge_eligible"": true}]",IDENTITY_MEMBER,ALT_098,민족주의,Concept,,,,
55,gold-case:014010e1f99d8d9d8ada,term-review-task:cf36dc1c3f28374a621c,resolution-case:a48bac39ed3d857ffc18,민족주의,사상,"[{""problem_id"": ""cj_v41_0133"", ""full_text"": ""4 이것은 순종의 인산일에 일어난 당시 장례 행렬에 모인 사람들에게 뿌려진 격문의 일부이다. - 대한 독립운동가여 단결하라! - 일체 납세를 거부하자! - 일본 물자를 배척하자! - 언론 - 출판 - 집회의 자유를! - 보통 교육은 의무 교육으로! - 교육 용어는 조선어로!\n(가) 민족 운동에 대한 설명으로 옳은 것은?\n대구에서 시작되어 전국으로 확산되었다.\n대한민국 임시 정부 수립에 영향을 주었다.\n민족주의 진영과 사회주의 진영이 함께 준비하였다.\n일제가 이른바 문화 통치를 실시하는 배경이 되었다.\n신간회 중앙 본부가 진상 조사단을 파견하여 지원하였다.""}, {""problem_id"": ""cj_v41_0277"", ""full_text"": ""행동 강령 1. 여성에 대한사회적 - 법률적 일체 차별 철폐 2. 일체 봉건적 인습과 미신 다파 3. 조혼 폐지 및 결혼의 자유 4. 인신매매 및 공창폐지 5. 농민 부인의 경제적 이익 옹호 6. 부인 노동의 임금 차별 철폐 및 산전 산후 임금 지불 7. 부인 및 소년공의 위험 노동 및 야입 폐지\n다음 강령을 발표한 단체에 대한 설명으로 옳은 것은?\n3·1 운동에 주도적으로 참여하였다.\n상하이에서 대동 단결 선언을 발표하였다.\n여성 교육을 위해 이화 학당을 설립하였다.\n최초의 여성 권리 선언문인 여권통문을 공표하였다.\n민족주의 계열과 사회주의 계열의 여성들이 연합하였다.""}]",source-candidate:eb3d798a8ad8d6496ac9,THESAURUS:TERM:5940:sha256-1022516a18f91e61,THESAURUS,3,신민족주의,description,bidirectional_containment,1.158089,UNKNOWN,"[""신민족주의""]","[""新民族主義""]","[""현대""]",,,[],,"{""term_name"": ""신민족주의"", ""hanja"": ""新民族主義"", ""era"": ""현대"", ""thesaurus_category"": ""정치·행정·법제>정치사상·정책"", ""description"": ""1945년 8·15 이후 안재홍(安在鴻)이 국가 건설의 방향과 성격에 대하여 내세운 민족주의 이념."", ""term_year"": ""1945-?""}","[{""left_source_candidate_id"": ""source-candidate:eb3d798a8ad8d6496ac9"", ""right_source_candidate_id"": ""source-candidate:f208248df89b1290e7c3"", ""signals"": [""normalized_name_match"", ""hanja_match"", ""era_overlap""], ""conflicts"": [], ""merge_eligible"": true}]",EVIDENCE_ONLY,,,,REL_099,신민족주의,Concept,
55,gold-case:014010e1f99d8d9d8ada,term-review-task:cf36dc1c3f28374a621c,resolution-case:a48bac39ed3d857ffc18,민족주의,사상,"[{""problem_id"": ""cj_v41_0133"", ""full_text"": ""4 이것은 순종의 인산일에 일어난 당시 장례 행렬에 모인 사람들에게 뿌려진 격문의 일부이다. - 대한 독립운동가여 단결하라! - 일체 납세를 거부하자! - 일본 물자를 배척하자! - 언론 - 출판 - 집회의 자유를! - 보통 교육은 의무 교육으로! - 교육 용어는 조선어로!\n(가) 민족 운동에 대한 설명으로 옳은 것은?\n대구에서 시작되어 전국으로 확산되었다.\n대한민국 임시 정부 수립에 영향을 주었다.\n민족주의 진영과 사회주의 진영이 함께 준비하였다.\n일제가 이른바 문화 통치를 실시하는 배경이 되었다.\n신간회 중앙 본부가 진상 조사단을 파견하여 지원하였다.""}, {""problem_id"": ""cj_v41_0277"", ""full_text"": ""행동 강령 1. 여성에 대한사회적 - 법률적 일체 차별 철폐 2. 일체 봉건적 인습과 미신 다파 3. 조혼 폐지 및 결혼의 자유 4. 인신매매 및 공창폐지 5. 농민 부인의 경제적 이익 옹호 6. 부인 노동의 임금 차별 철폐 및 산전 산후 임금 지불 7. 부인 및 소년공의 위험 노동 및 야입 폐지\n다음 강령을 발표한 단체에 대한 설명으로 옳은 것은?\n3·1 운동에 주도적으로 참여하였다.\n상하이에서 대동 단결 선언을 발표하였다.\n여성 교육을 위해 이화 학당을 설립하였다.\n최초의 여성 권리 선언문인 여권통문을 공표하였다.\n민족주의 계열과 사회주의 계열의 여성들이 연합하였다.""}]",source-candidate:934048989c5fddcc2dd6,THESAURUS:TERM:14688336:sha256-1022516a18f91e61,THESAURUS,4,신민족주의사학,description,bidirectional_containment,1.010519,UNKNOWN,"[""신민족주의사학""]","[""新民族主義史學""]","[""현대""]",,,[],,"{""term_name"": ""신민족주의사학"", ""hanja"": ""新民族主義史學"", ""era"": ""현대"", ""thesaurus_category"": ""학술·과학기술>인문과학"", ""description"": ""1945년 광복 이후 민족주의사학의 새로운 진로를 모색하는 과정에서 나타난 한국 역사학계의 한 경향. 안재홍(安在鴻)·손진태(孫晉泰)·이인영(李仁榮)·조윤제(趙潤濟) 등이 이에 속함."", ""term_year"": ""1945-?""}","[{""left_source_candidate_id"": ""source-candidate:934048989c5fddcc2dd6"", ""right_source_candidate_id"": ""source-candidate:f28d22d93a0529811825"", ""signals"": [""normalized_name_match"", ""hanja_match"", ""era_overlap""], ""conflicts"": [], ""merge_eligible"": true}]",EVIDENCE_ONLY,,,,REL_100,신민족주의사학,Concept,민족주의와 신민족주의를 같은 카테고리로 묶는다면 이 신민족주의사학은 신민족주의아래에 분류
55,gold-case:014010e1f99d8d9d8ada,term-review-task:cf36dc1c3f28374a621c,resolution-case:a48bac39ed3d857ffc18,민족주의,사상,"[{""problem_id"": ""cj_v41_0133"", ""full_text"": ""4 이것은 순종의 인산일에 일어난 당시 장례 행렬에 모인 사람들에게 뿌려진 격문의 일부이다. - 대한 독립운동가여 단결하라! - 일체 납세를 거부하자! - 일본 물자를 배척하자! - 언론 - 출판 - 집회의 자유를! - 보통 교육은 의무 교육으로! - 교육 용어는 조선어로!\n(가) 민족 운동에 대한 설명으로 옳은 것은?\n대구에서 시작되어 전국으로 확산되었다.\n대한민국 임시 정부 수립에 영향을 주었다.\n민족주의 진영과 사회주의 진영이 함께 준비하였다.\n일제가 이른바 문화 통치를 실시하는 배경이 되었다.\n신간회 중앙 본부가 진상 조사단을 파견하여 지원하였다.""}, {""problem_id"": ""cj_v41_0277"", ""full_text"": ""행동 강령 1. 여성에 대한사회적 - 법률적 일체 차별 철폐 2. 일체 봉건적 인습과 미신 다파 3. 조혼 폐지 및 결혼의 자유 4. 인신매매 및 공창폐지 5. 농민 부인의 경제적 이익 옹호 6. 부인 노동의 임금 차별 철폐 및 산전 산후 임금 지불 7. 부인 및 소년공의 위험 노동 및 야입 폐지\n다음 강령을 발표한 단체에 대한 설명으로 옳은 것은?\n3·1 운동에 주도적으로 참여하였다.\n상하이에서 대동 단결 선언을 발표하였다.\n여성 교육을 위해 이화 학당을 설립하였다.\n최초의 여성 권리 선언문인 여권통문을 공표하였다.\n민족주의 계열과 사회주의 계열의 여성들이 연합하였다.""}]",source-candidate:910a2ca022dbfd5a91d0,THESAURUS:TERM:21000675:sha256-1022516a18f91e61,THESAURUS,5,비타협적민족주의,description,bidirectional_containment,0.966667,UNKNOWN,"[""비타협적민족주의""]","[""非妥協的民族主義""]","[""일제시기""]",,,[],,"{""term_name"": ""비타협적민족주의"", ""hanja"": ""非妥協的民族主義"", ""era"": ""일제시기"", ""thesaurus_category"": ""정치·행정·법제>정치사상·정책"", ""description"": ""일제시기에 절대적 독립을 원칙으로 하는 부르주아 민족주의 운동 노선."", ""term_year"": ""?-?""}",[],EVIDENCE_ONLY,,,,REL_101,비타협적민족주의,Concept,
55,gold-case:014010e1f99d8d9d8ada,term-review-task:cf36dc1c3f28374a621c,resolution-case:a48bac39ed3d857ffc18,민족주의,사상,"[{""problem_id"": ""cj_v41_0133"", ""full_text"": ""4 이것은 순종의 인산일에 일어난 당시 장례 행렬에 모인 사람들에게 뿌려진 격문의 일부이다. - 대한 독립운동가여 단결하라! - 일체 납세를 거부하자! - 일본 물자를 배척하자! - 언론 - 출판 - 집회의 자유를! - 보통 교육은 의무 교육으로! - 교육 용어는 조선어로!\n(가) 민족 운동에 대한 설명으로 옳은 것은?\n대구에서 시작되어 전국으로 확산되었다.\n대한민국 임시 정부 수립에 영향을 주었다.\n민족주의 진영과 사회주의 진영이 함께 준비하였다.\n일제가 이른바 문화 통치를 실시하는 배경이 되었다.\n신간회 중앙 본부가 진상 조사단을 파견하여 지원하였다.""}, {""problem_id"": ""cj_v41_0277"", ""full_text"": ""행동 강령 1. 여성에 대한사회적 - 법률적 일체 차별 철폐 2. 일체 봉건적 인습과 미신 다파 3. 조혼 폐지 및 결혼의 자유 4. 인신매매 및 공창폐지 5. 농민 부인의 경제적 이익 옹호 6. 부인 노동의 임금 차별 철폐 및 산전 산후 임금 지불 7. 부인 및 소년공의 위험 노동 및 야입 폐지\n다음 강령을 발표한 단체에 대한 설명으로 옳은 것은?\n3·1 운동에 주도적으로 참여하였다.\n상하이에서 대동 단결 선언을 발표하였다.\n여성 교육을 위해 이화 학당을 설립하였다.\n최초의 여성 권리 선언문인 여권통문을 공표하였다.\n민족주의 계열과 사회주의 계열의 여성들이 연합하였다.""}]",source-candidate:45a89050c2d100ec2fbd,THESAURUS:TERM:39848184:sha256-1022516a18f91e61,THESAURUS,6,민족주의운동노선,description,bidirectional_containment,0.966667,UNKNOWN,"[""민족주의운동노선""]","[""民族主義運動路線""]","[""일제시기""]",,,[],,"{""term_name"": ""민족주의운동노선"", ""hanja"": ""民族主義運動路線"", ""era"": ""일제시기"", ""thesaurus_category"": ""사회운동·독립운동>독립운동>민족주의운동(독립)"", ""description"": ""일제시기 독립운동 중 민족주의운동을 지향하는 노선."", ""term_year"": ""1910-1945""}",[],EVIDENCE_ONLY,,,,REL_102,민족주의운동노선,Concept,
55,gold-case:014010e1f99d8d9d8ada,term-review-task:cf36dc1c3f28374a621c,resolution-case:a48bac39ed3d857ffc18,민족주의,사상,"[{""problem_id"": ""cj_v41_0133"", ""full_text"": ""4 이것은 순종의 인산일에 일어난 당시 장례 행렬에 모인 사람들에게 뿌려진 격문의 일부이다. - 대한 독립운동가여 단결하라! - 일체 납세를 거부하자! - 일본 물자를 배척하자! - 언론 - 출판 - 집회의 자유를! - 보통 교육은 의무 교육으로! - 교육 용어는 조선어로!\n(가) 민족 운동에 대한 설명으로 옳은 것은?\n대구에서 시작되어 전국으로 확산되었다.\n대한민국 임시 정부 수립에 영향을 주었다.\n민족주의 진영과 사회주의 진영이 함께 준비하였다.\n일제가 이른바 문화 통치를 실시하는 배경이 되었다.\n신간회 중앙 본부가 진상 조사단을 파견하여 지원하였다.""}, {""problem_id"": ""cj_v41_0277"", ""full_text"": ""행동 강령 1. 여성에 대한사회적 - 법률적 일체 차별 철폐 2. 일체 봉건적 인습과 미신 다파 3. 조혼 폐지 및 결혼의 자유 4. 인신매매 및 공창폐지 5. 농민 부인의 경제적 이익 옹호 6. 부인 노동의 임금 차별 철폐 및 산전 산후 임금 지불 7. 부인 및 소년공의 위험 노동 및 야입 폐지\n다음 강령을 발표한 단체에 대한 설명으로 옳은 것은?\n3·1 운동에 주도적으로 참여하였다.\n상하이에서 대동 단결 선언을 발표하였다.\n여성 교육을 위해 이화 학당을 설립하였다.\n최초의 여성 권리 선언문인 여권통문을 공표하였다.\n민족주의 계열과 사회주의 계열의 여성들이 연합하였다.""}]",source-candidate:f208248df89b1290e7c3,AKS:ARTICLE:E0032971:sha256-704d8ea620c542f5,AKS,7,신민족주의,name,bidirectional_containment,0.688089,COMPATIBLE,"[""신민족주의""]","[""新民族主義""]","[""현대""]",,,[],Concept,"{""headword"": ""신민족주의"", ""origin"": ""新民族主義"", ""headword_origin"": ""신민족주의(新民族主義)"", ""primary_type"": ""개념"", ""era"": ""현대"", ""definition"": ""해방 이후부터 안재홍이 통일민족국가 건설을 위하여 주창한 정치적 이념.""}","[{""left_source_candidate_id"": ""source-candidate:eb3d798a8ad8d6496ac9"", ""right_source_candidate_id"": ""source-candidate:f208248df89b1290e7c3"", ""signals"": [""normalized_name_match"", ""hanja_match"", ""era_overlap""], ""conflicts"": [], ""merge_eligible"": true}]",EVIDENCE_ONLY,,,,REL_099,신민족주의,Concept,
55,gold-case:014010e1f99d8d9d8ada,term-review-task:cf36dc1c3f28374a621c,resolution-case:a48bac39ed3d857ffc18,민족주의,사상,"[{""problem_id"": ""cj_v41_0133"", ""full_text"": ""4 이것은 순종의 인산일에 일어난 당시 장례 행렬에 모인 사람들에게 뿌려진 격문의 일부이다. - 대한 독립운동가여 단결하라! - 일체 납세를 거부하자! - 일본 물자를 배척하자! - 언론 - 출판 - 집회의 자유를! - 보통 교육은 의무 교육으로! - 교육 용어는 조선어로!\n(가) 민족 운동에 대한 설명으로 옳은 것은?\n대구에서 시작되어 전국으로 확산되었다.\n대한민국 임시 정부 수립에 영향을 주었다.\n민족주의 진영과 사회주의 진영이 함께 준비하였다.\n일제가 이른바 문화 통치를 실시하는 배경이 되었다.\n신간회 중앙 본부가 진상 조사단을 파견하여 지원하였다.""}, {""problem_id"": ""cj_v41_0277"", ""full_text"": ""행동 강령 1. 여성에 대한사회적 - 법률적 일체 차별 철폐 2. 일체 봉건적 인습과 미신 다파 3. 조혼 폐지 및 결혼의 자유 4. 인신매매 및 공창폐지 5. 농민 부인의 경제적 이익 옹호 6. 부인 노동의 임금 차별 철폐 및 산전 산후 임금 지불 7. 부인 및 소년공의 위험 노동 및 야입 폐지\n다음 강령을 발표한 단체에 대한 설명으로 옳은 것은?\n3·1 운동에 주도적으로 참여하였다.\n상하이에서 대동 단결 선언을 발표하였다.\n여성 교육을 위해 이화 학당을 설립하였다.\n최초의 여성 권리 선언문인 여권통문을 공표하였다.\n민족주의 계열과 사회주의 계열의 여성들이 연합하였다.""}]",source-candidate:c14efb6558147a1df77f,AKS:ARTICLE:E0020273:sha256-704d8ea620c542f5,AKS,8,민족주의 사학,name,bidirectional_containment,0.600444,COMPATIBLE,"[""민족주의사학""]","[""民族主義"", ""史學""]","[""근대"", ""일제강점기""]",,,[],Concept,"{""headword"": ""민족주의 사학"", ""origin"": ""民族主義 史學"", ""headword_origin"": ""민족주의 사학(民族主義 史學)"", ""primary_type"": ""개념"", ""era"": ""근대/일제강점기"", ""definition"": ""식민치하의 현실인식에 기초해, 일제의 식민사학에 정면으로 대결하면서 한민족의 주체적인 역사상을 수립하고자 했던 민족진영의 역사학.""}",[],EVIDENCE_ONLY,,,,REL_103,민족주의사학,Concept,
55,gold-case:014010e1f99d8d9d8ada,term-review-task:cf36dc1c3f28374a621c,resolution-case:a48bac39ed3d857ffc18,민족주의,사상,"[{""problem_id"": ""cj_v41_0133"", ""full_text"": ""4 이것은 순종의 인산일에 일어난 당시 장례 행렬에 모인 사람들에게 뿌려진 격문의 일부이다. - 대한 독립운동가여 단결하라! - 일체 납세를 거부하자! - 일본 물자를 배척하자! - 언론 - 출판 - 집회의 자유를! - 보통 교육은 의무 교육으로! - 교육 용어는 조선어로!\n(가) 민족 운동에 대한 설명으로 옳은 것은?\n대구에서 시작되어 전국으로 확산되었다.\n대한민국 임시 정부 수립에 영향을 주었다.\n민족주의 진영과 사회주의 진영이 함께 준비하였다.\n일제가 이른바 문화 통치를 실시하는 배경이 되었다.\n신간회 중앙 본부가 진상 조사단을 파견하여 지원하였다.""}, {""problem_id"": ""cj_v41_0277"", ""full_text"": ""행동 강령 1. 여성에 대한사회적 - 법률적 일체 차별 철폐 2. 일체 봉건적 인습과 미신 다파 3. 조혼 폐지 및 결혼의 자유 4. 인신매매 및 공창폐지 5. 농민 부인의 경제적 이익 옹호 6. 부인 노동의 임금 차별 철폐 및 산전 산후 임금 지불 7. 부인 및 소년공의 위험 노동 및 야입 폐지\n다음 강령을 발표한 단체에 대한 설명으로 옳은 것은?\n3·1 운동에 주도적으로 참여하였다.\n상하이에서 대동 단결 선언을 발표하였다.\n여성 교육을 위해 이화 학당을 설립하였다.\n최초의 여성 권리 선언문인 여권통문을 공표하였다.\n민족주의 계열과 사회주의 계열의 여성들이 연합하였다.""}]",source-candidate:4b875e29f24aeb4d9c4f,AKS:ARTICLE:E0076108:sha256-704d8ea620c542f5,AKS,9,단군민족주의,name,bidirectional_containment,0.600444,COMPATIBLE,"[""단군민족주의""]","[""檀君民族主義""]","[""현대""]",,,[],Concept,"{""headword"": ""단군민족주의"", ""origin"": ""檀君民族主義"", ""headword_origin"": ""단군민족주의(檀君民族主義)"", ""primary_type"": ""개념"", ""era"": ""현대"", ""definition"": ""단군의 고조선 건국을 민족의 출발점으로 보고 단군 자손이라는 정체성에 기초하여 민족적 결속과 자주독립 및 발전을 도모하려는 종교운동. 정치사상.""}",[],EVIDENCE_ONLY,,,,REL_104,단군민족주의,Concept,
55,gold-case:014010e1f99d8d9d8ada,term-review-task:cf36dc1c3f28374a621c,resolution-case:a48bac39ed3d857ffc18,민족주의,사상,"[{""problem_id"": ""cj_v41_0133"", ""full_text"": ""4 이것은 순종의 인산일에 일어난 당시 장례 행렬에 모인 사람들에게 뿌려진 격문의 일부이다. - 대한 독립운동가여 단결하라! - 일체 납세를 거부하자! - 일본 물자를 배척하자! - 언론 - 출판 - 집회의 자유를! - 보통 교육은 의무 교육으로! - 교육 용어는 조선어로!\n(가) 민족 운동에 대한 설명으로 옳은 것은?\n대구에서 시작되어 전국으로 확산되었다.\n대한민국 임시 정부 수립에 영향을 주었다.\n민족주의 진영과 사회주의 진영이 함께 준비하였다.\n일제가 이른바 문화 통치를 실시하는 배경이 되었다.\n신간회 중앙 본부가 진상 조사단을 파견하여 지원하였다.""}, {""problem_id"": ""cj_v41_0277"", ""full_text"": ""행동 강령 1. 여성에 대한사회적 - 법률적 일체 차별 철폐 2. 일체 봉건적 인습과 미신 다파 3. 조혼 폐지 및 결혼의 자유 4. 인신매매 및 공창폐지 5. 농민 부인의 경제적 이익 옹호 6. 부인 노동의 임금 차별 철폐 및 산전 산후 임금 지불 7. 부인 및 소년공의 위험 노동 및 야입 폐지\n다음 강령을 발표한 단체에 대한 설명으로 옳은 것은?\n3·1 운동에 주도적으로 참여하였다.\n상하이에서 대동 단결 선언을 발표하였다.\n여성 교육을 위해 이화 학당을 설립하였다.\n최초의 여성 권리 선언문인 여권통문을 공표하였다.\n민족주의 계열과 사회주의 계열의 여성들이 연합하였다.""}]",source-candidate:f28d22d93a0529811825,AKS:ARTICLE:E0032972:sha256-704d8ea620c542f5,AKS,10,신민족주의사학,name,bidirectional_containment,0.540519,COMPATIBLE,"[""신민족주의사학""]","[""新民族主義史學""]","[""현대""]",,,[],Concept,"{""headword"": ""신민족주의사학"", ""origin"": ""新民族主義史學"", ""headword_origin"": ""신민족주의사학(新民族主義史學)"", ""primary_type"": ""개념"", ""era"": ""현대"", ""definition"": ""해방 이후 민족주의사학의 역할 변화에 따라 새로운 진로를 모색하는 과정에서 나타난 한국 역사학계의 학문사조.""}","[{""left_source_candidate_id"": ""source-candidate:934048989c5fddcc2dd6"", ""right_source_candidate_id"": ""source-candidate:f28d22d93a0529811825"", ""signals"": [""normalized_name_match"", ""hanja_match"", ""era_overlap""], ""conflicts"": [], ""merge_eligible"": true}]",EVIDENCE_ONLY,,,,REL_100,신민족주의사학,Concept,
56,gold-case:ad195e088fc9dc29da1e,term-review-task:d6c48cccd2b50ade8170,resolution-case:cbb94badf19c7c9442a6,칠정산 외편,문헌,"[{""problem_id"": ""cj_v41_0065"", ""full_text"": ""이 우표 속 인물은 15세기 조선의 과학 기술 발전에 기여하였다. 이 인물의 활동에 대해 말해 볼까요? 〈한국 과학 기술인 기념우표에 선정된 인물 탐구〉 - 생몰: ?~1465년 - 주요 활동 - 세종 때 문과 급제 - 갑인자 제작에 참여 - 천문의 상을 교정·제작 - 저서: 제가역상집, 교식추보법 등\n교사의 질문에 대한 학생의 답변으로 옳은 것은?\n종두법을 소개하였다.\n거중기를 설계하였다.\n동의보감을 완성하였다.\n칠정산 외편을 편찬하였다.\n대동여지도를 제작하였다.""}]",source-candidate:ed2452f970d7e2a753f3,AKS:ARTICLE:E0058539:sha256-704d8ea620c542f5,AKS,1,칠정산외편,name,exact,1.0,COMPATIBLE,"[""칠정산외편""]","[""七政算外篇""]","[""조선"", ""조선 전기""]",,,[],Work,"{""headword"": ""칠정산외편"", ""origin"": ""七政算外篇"", ""headword_origin"": ""칠정산외편(七政算外篇)"", ""primary_type"": ""문헌/고서"", ""era"": ""조선/조선 전기"", ""definition"": ""조선전기 문신·천문학자 이순지와 김담이 왕명으로 서역의 회회력을 연구하여 1444년에 편찬한 역법서.""}","[{""left_source_candidate_id"": ""source-candidate:a810a731285949efd1ee"", ""right_source_candidate_id"": ""source-candidate:ed2452f970d7e2a753f3"", ""signals"": [""normalized_name_match"", ""hanja_match"", ""era_overlap"", ""entity_type_match""], ""conflicts"": [], ""merge_eligible"": true}]",IDENTITY_MEMBER,ALT_105,칠정산,Work,,,,
56,gold-case:ad195e088fc9dc29da1e,term-review-task:d6c48cccd2b50ade8170,resolution-case:cbb94badf19c7c9442a6,칠정산 외편,문헌,"[{""problem_id"": ""cj_v41_0065"", ""full_text"": ""이 우표 속 인물은 15세기 조선의 과학 기술 발전에 기여하였다. 이 인물의 활동에 대해 말해 볼까요? 〈한국 과학 기술인 기념우표에 선정된 인물 탐구〉 - 생몰: ?~1465년 - 주요 활동 - 세종 때 문과 급제 - 갑인자 제작에 참여 - 천문의 상을 교정·제작 - 저서: 제가역상집, 교식추보법 등\n교사의 질문에 대한 학생의 답변으로 옳은 것은?\n종두법을 소개하였다.\n거중기를 설계하였다.\n동의보감을 완성하였다.\n칠정산 외편을 편찬하였다.\n대동여지도를 제작하였다.""}]",source-candidate:a810a731285949efd1ee,THESAURUS:TERM:25162:sha256-1022516a18f91e61,THESAURUS,2,칠정산외편,name,exact,1.0,UNKNOWN,"[""칠정산외편""]","[""七政算外篇""]","[""조선전기""]",,,[],Work,"{""term_name"": ""칠정산외편"", ""hanja"": ""七政算外篇"", ""era"": ""조선전기"", ""thesaurus_category"": ""서명"", ""description"": ""1444년(세종 26)에 간행된 역서(曆書). 5책. 활자본."", ""term_year"": ""1444""}","[{""left_source_candidate_id"": ""source-candidate:a810a731285949efd1ee"", ""right_source_candidate_id"": ""source-candidate:ed2452f970d7e2a753f3"", ""signals"": [""normalized_name_match"", ""hanja_match"", ""era_overlap"", ""entity_type_match""], ""conflicts"": [], ""merge_eligible"": true}]",IDENTITY_MEMBER,ALT_105,칠정산,Work,,,,
56,gold-case:ad195e088fc9dc29da1e,term-review-task:d6c48cccd2b50ade8170,resolution-case:cbb94badf19c7c9442a6,칠정산 외편,문헌,"[{""problem_id"": ""cj_v41_0065"", ""full_text"": ""이 우표 속 인물은 15세기 조선의 과학 기술 발전에 기여하였다. 이 인물의 활동에 대해 말해 볼까요? 〈한국 과학 기술인 기념우표에 선정된 인물 탐구〉 - 생몰: ?~1465년 - 주요 활동 - 세종 때 문과 급제 - 갑인자 제작에 참여 - 천문의 상을 교정·제작 - 저서: 제가역상집, 교식추보법 등\n교사의 질문에 대한 학생의 답변으로 옳은 것은?\n종두법을 소개하였다.\n거중기를 설계하였다.\n동의보감을 완성하였다.\n칠정산 외편을 편찬하였다.\n대동여지도를 제작하였다.""}]",source-candidate:32aec048191822d66ff3,THESAURUS:TERM:25160:sha256-1022516a18f91e61,THESAURUS,3,칠정산,name,bidirectional_containment,0.4683,UNKNOWN,"[""칠정산""]","[""七政算""]","[""조선전기""]",,,[],Work,"{""term_name"": ""칠정산"", ""hanja"": ""七政算"", ""era"": ""조선전기"", ""thesaurus_category"": ""서명"", ""description"": ""1444년(세종 26)에 이순지(李純之)·김담(金淡)이 왕명으로 편찬한 역서(曆書)."", ""term_year"": ""1444""}",[],IDENTITY_MEMBER,ALT_105,칠정산,Work,,,,
57,gold-case:f336764cc20815b2afbf,term-review-task:9c1b42a2ac733d88b717,resolution-case:7e012c6b33655eefcb0a,불이선란도,문화재,"[{""problem_id"": ""cj_v41_img_78_26"", ""full_text"": ""불이선란도\n이 작품은 (가) 이/가 자신만의 서예 필법으로 글씨 쓰듯이 그린 것이다. 그림 속 글과 도장을 통해 그의 예술 세계와 소장자 변동 등을 확인 할 수 있다. (가) 은/는 혹독한 제주도 유배 시절을 견뎌내며 추사체 라는 독창적 서체를 남겼다.\n(가) 인물의 작품으로 옳은 것은?\n월하정인\n매화초옥도\n불이선란도\n야묘도추\n세한도""}]",source-candidate:265359c56dfd9dcd8a0a,AKS:ARTICLE:E0024528:sha256-704d8ea620c542f5,AKS,1,불이선란도,body,body_mention,1.0,COMPATIBLE,"[""부작란도"", ""불이선란도不二禪蘭圖""]","[""不作蘭圖"", ""不二禪蘭圖""]","[""조선"", ""조선 후기""]",,,[],Work,"{""headword"": ""부작란도"", ""aliases"": [""불이선란도(不二禪蘭圖)""], ""origin"": ""不作蘭圖"", ""headword_origin"": ""부작란도(不作蘭圖)"", ""primary_type"": ""작품/서화"", ""era"": ""조선/조선 후기"", ""definition"": ""조선 후기, 문인화가 김정희가 그린 묵란도."", ""snippet"": ""희(金正喜, 1786~1856)](E0010428)의 대표적인 [묵란도(墨蘭圖)](E0019313)로, 「불이선란도(不二禪蘭圖)」로 많이 불린다. 그는 1809년(순조 9), 아버지 김노경(金魯敬, 1766~1840)의 연""}",[],IDENTITY_MEMBER,ALT_106,불이선란도,Work,,,,
57,gold-case:f336764cc20815b2afbf,term-review-task:9c1b42a2ac733d88b717,resolution-case:7e012c6b33655eefcb0a,불이선란도,문화재,"[{""problem_id"": ""cj_v41_img_78_26"", ""full_text"": ""불이선란도\n이 작품은 (가) 이/가 자신만의 서예 필법으로 글씨 쓰듯이 그린 것이다. 그림 속 글과 도장을 통해 그의 예술 세계와 소장자 변동 등을 확인 할 수 있다. (가) 은/는 혹독한 제주도 유배 시절을 견뎌내며 추사체 라는 독창적 서체를 남겼다.\n(가) 인물의 작품으로 옳은 것은?\n월하정인\n매화초옥도\n불이선란도\n야묘도추\n세한도""}]",source-candidate:af4a06cac94763f7f83f,THESAURUS:TERM:20845:sha256-1022516a18f91e61,THESAURUS,2,불이서선농장,name,name_ngram,0.289318,UNKNOWN,"[""불이서선농장""]","[""不二西鮮農場""]","[""일제시기""]",,,[],,"{""term_name"": ""불이서선농장"", ""hanja"": ""不二西鮮農場"", ""era"": ""일제시기"", ""thesaurus_category"": ""경제·산업>농업>농업기구단체"", ""description"": ""1915년 불이흥업주식회사(不二興業株式會社)가 평안북도 용천지역에 설치한 개척농장."", ""term_year"": ""1915-?""}",[],,,,,,,,
58,gold-case:7036283c890ecceb3235,term-review-task:2373426378f0655de0c6,resolution-case:dcc8b309c63d85d2963e,인골,유물,"[{""problem_id"": ""cj_v41_1482"", ""full_text"": ""오늘 소개할 곳은 여수 안도 조개더미 유적이다. 이 유적에서는 농경과 목축이 시작된 (가) 시대의 인골과 조개팔찌 등이 출토되어 당시의 매장 풍습을 확인할 수 있다. 또한 이 유적에서 출토된 덧무늬 토기, 눌러찍은 무늬 토기 등을 통해 (가) 시대에는 빗살무늬 토기 이외에도 다양한 토기가 사용되었음을 알 수 있다.\n(가) 시대의 생활 모습으로 가장 적절한 것은?\n청동 방울 등을 의례 도구로 이용하였다.\n주먹도끼 등 뗀석기를 만들기 시작하였다.\n거푸집을 사용하여 세형 동검을 제작하였다.\n쟁기, 쇠스랑 등의 철제 농기구를 사용하였다.\n가락바귀와 뼈바늘을 이용하여 옷을 만들었다.""}]",source-candidate:ed551c5ca5aaed2e3137,AKS:ARTICLE:E0016329:sha256-704d8ea620c542f5,AKS,1,인골,body,body_mention,1.0,COMPATIBLE,"[""동녕대성자고분군""]","[""東寧"", ""大城子"", ""古墳群""]","[""고대"", ""남북국"", ""발해""]",,,[],Heritage,"{""headword"": ""동녕 대성자 고분군"", ""origin"": ""東寧 大城子 古墳群"", ""headword_origin"": ""동녕 대성자 고분군(東寧 大城子 古墳群)"", ""primary_type"": ""유적/고인돌·고분·능묘"", ""era"": ""고대/남북국/발해"", ""definition"": ""수이푼강 유역에 있는 대표적인 발해의 고분유적."", ""snippet"": ""고, 네 모서리에는 방형의 널돌을 하나씩 놓았다. 1호 무덤에서는 어울무덤[^4]을 한 모두 16개체의 인골이 발견되었는데, 널방에서는 3개체, 2+2개체, 3개체씩 최소 3회에 걸친 매장 행위가 확인되었다""}",[],EVIDENCE_ONLY,,,,REL_107,동녕 대성자 고분군,Heritage,인골이 시험문제로 출제되지는 않겠지만 인골로 검색하여 나온 키워드들이 괜찮아서
58,gold-case:7036283c890ecceb3235,term-review-task:2373426378f0655de0c6,resolution-case:dcc8b309c63d85d2963e,인골,유물,"[{""problem_id"": ""cj_v41_1482"", ""full_text"": ""오늘 소개할 곳은 여수 안도 조개더미 유적이다. 이 유적에서는 농경과 목축이 시작된 (가) 시대의 인골과 조개팔찌 등이 출토되어 당시의 매장 풍습을 확인할 수 있다. 또한 이 유적에서 출토된 덧무늬 토기, 눌러찍은 무늬 토기 등을 통해 (가) 시대에는 빗살무늬 토기 이외에도 다양한 토기가 사용되었음을 알 수 있다.\n(가) 시대의 생활 모습으로 가장 적절한 것은?\n청동 방울 등을 의례 도구로 이용하였다.\n주먹도끼 등 뗀석기를 만들기 시작하였다.\n거푸집을 사용하여 세형 동검을 제작하였다.\n쟁기, 쇠스랑 등의 철제 농기구를 사용하였다.\n가락바귀와 뼈바늘을 이용하여 옷을 만들었다.""}]",source-candidate:8c99e5f61d78b890c190,AKS:ARTICLE:E0027032:sha256-704d8ea620c542f5,AKS,2,인골,body,body_mention,1.0,COMPATIBLE,"[""상노대도패총""]","[""上老大島"", ""貝塚""]","[""선사"", ""석기""]",,,[],Heritage,"{""headword"": ""상노대도 패총"", ""origin"": ""上老大島 貝塚"", ""headword_origin"": ""상노대도 패총(上老大島 貝塚)"", ""primary_type"": ""유적"", ""era"": ""선사/석기"", ""definition"": ""경상남도 통영시 욕지면에 있는 석기시대 신석기의 즐문토기·석기 등이 출토된 조개더미."", ""snippet"": ""패층 내에서는 분묘 1기와 집석유구 6기가 확인되었다. 유물은 각층에서 즐문토기, 석기, 조개팔찌, 인골 등이 출토 되었으며, 그밖에 어패류, 동물유존체 등도 다수 출토되었다. 즐문토기는 여러 시기의 다양""}",[],EVIDENCE_ONLY,,,,REL_108,상노대도패총,Heritage,인골이 시험문제로 출제되지는 않겠지만 인골로 검색하여 나온 키워드들이 괜찮아서
58,gold-case:7036283c890ecceb3235,term-review-task:2373426378f0655de0c6,resolution-case:dcc8b309c63d85d2963e,인골,유물,"[{""problem_id"": ""cj_v41_1482"", ""full_text"": ""오늘 소개할 곳은 여수 안도 조개더미 유적이다. 이 유적에서는 농경과 목축이 시작된 (가) 시대의 인골과 조개팔찌 등이 출토되어 당시의 매장 풍습을 확인할 수 있다. 또한 이 유적에서 출토된 덧무늬 토기, 눌러찍은 무늬 토기 등을 통해 (가) 시대에는 빗살무늬 토기 이외에도 다양한 토기가 사용되었음을 알 수 있다.\n(가) 시대의 생활 모습으로 가장 적절한 것은?\n청동 방울 등을 의례 도구로 이용하였다.\n주먹도끼 등 뗀석기를 만들기 시작하였다.\n거푸집을 사용하여 세형 동검을 제작하였다.\n쟁기, 쇠스랑 등의 철제 농기구를 사용하였다.\n가락바귀와 뼈바늘을 이용하여 옷을 만들었다.""}]",source-candidate:eaff3333a929c7da3b16,AKS:ARTICLE:E0039304:sha256-704d8ea620c542f5,AKS,3,인골,body,body_mention,1.0,COMPATIBLE,"[""강상묘崗上墓"", ""요령강상유적""]","[""遼寧"", ""崗上"", ""遺蹟"", ""崗上墓""]","[""선사"", ""청동기""]",,,[],Heritage,"{""headword"": ""요령 강상 유적"", ""aliases"": [""강상묘(崗上墓)""], ""origin"": ""遼寧 崗上 遺蹟"", ""headword_origin"": ""요령 강상 유적(遼寧 崗上 遺蹟)"", ""primary_type"": ""유적/고인돌·고분·능묘"", ""era"": ""선사/청동기"", ""definition"": ""중국 요령성 대련시(大連市) 감정자구(甘井子區)에 있는 청동기시대 돌무지무덤 등이 발굴된 무덤군."", ""snippet"": ""덤으로 생각되는 제2·12·23호 묘광을 제외하고는 모두 [화장(火葬)](E0064847)한 것으로 인골이 불에 탔고 묘광에 그을린 흔적이 보인다. 하나의 묘광에 여러 개체분의 인골이 쌓여 있었으며, 이들""}",[],,,,,,,,
58,gold-case:7036283c890ecceb3235,term-review-task:2373426378f0655de0c6,resolution-case:dcc8b309c63d85d2963e,인골,유물,"[{""problem_id"": ""cj_v41_1482"", ""full_text"": ""오늘 소개할 곳은 여수 안도 조개더미 유적이다. 이 유적에서는 농경과 목축이 시작된 (가) 시대의 인골과 조개팔찌 등이 출토되어 당시의 매장 풍습을 확인할 수 있다. 또한 이 유적에서 출토된 덧무늬 토기, 눌러찍은 무늬 토기 등을 통해 (가) 시대에는 빗살무늬 토기 이외에도 다양한 토기가 사용되었음을 알 수 있다.\n(가) 시대의 생활 모습으로 가장 적절한 것은?\n청동 방울 등을 의례 도구로 이용하였다.\n주먹도끼 등 뗀석기를 만들기 시작하였다.\n거푸집을 사용하여 세형 동검을 제작하였다.\n쟁기, 쇠스랑 등의 철제 농기구를 사용하였다.\n가락바귀와 뼈바늘을 이용하여 옷을 만들었다.""}]",source-candidate:84e2820aa39d1d5cae9a,AKS:ARTICLE:E0056967:sha256-704d8ea620c542f5,AKS,4,인골,body,body_mention,1.0,COMPATIBLE,"[""초도유적""]","[""草島"", ""遺蹟""]","[""선사"", ""석기""]",,,[],Heritage,"{""headword"": ""초도 유적"", ""origin"": ""草島 遺蹟"", ""headword_origin"": ""초도 유적(草島 遺蹟)"", ""primary_type"": ""유적"", ""era"": ""선사/석기"", ""definition"": ""북한 함경북도 나진시에 있는 석기시대 이후 집터와 석기류·토기류 등이 출토된 조개더미."", ""snippet"": ""종 유물과 조개더미(貝塚)·주거지를 발견하였다. 패각층(貝殼層)에서는 석기·토기·골각기 등의 유물이 인골(人骨)·수골(獸骨)과 함께 주로 발견되었고, 주거지에서는 노지(爐址)와 진흙을 깔아 다진 주거지 바닥이""}",[],,,,,,,,
58,gold-case:7036283c890ecceb3235,term-review-task:2373426378f0655de0c6,resolution-case:dcc8b309c63d85d2963e,인골,유물,"[{""problem_id"": ""cj_v41_1482"", ""full_text"": ""오늘 소개할 곳은 여수 안도 조개더미 유적이다. 이 유적에서는 농경과 목축이 시작된 (가) 시대의 인골과 조개팔찌 등이 출토되어 당시의 매장 풍습을 확인할 수 있다. 또한 이 유적에서 출토된 덧무늬 토기, 눌러찍은 무늬 토기 등을 통해 (가) 시대에는 빗살무늬 토기 이외에도 다양한 토기가 사용되었음을 알 수 있다.\n(가) 시대의 생활 모습으로 가장 적절한 것은?\n청동 방울 등을 의례 도구로 이용하였다.\n주먹도끼 등 뗀석기를 만들기 시작하였다.\n거푸집을 사용하여 세형 동검을 제작하였다.\n쟁기, 쇠스랑 등의 철제 농기구를 사용하였다.\n가락바귀와 뼈바늘을 이용하여 옷을 만들었다.""}]",source-candidate:86fa9dcb98662132a366,AKS:ARTICLE:E0065883:sha256-704d8ea620c542f5,AKS,5,인골,body,body_mention,1.0,COMPATIBLE,"[""흑룡강성대주둔고분군""]","[""黑龍江省"", ""大朱屯"", ""古墳群""]","[""고대"", ""남북국"", ""발해""]",,,[],Heritage,"{""headword"": ""흑룡강성 대주둔 고분군"", ""origin"": ""黑龍江省 大朱屯 古墳群"", ""headword_origin"": ""흑룡강성 대주둔 고분군(黑龍江省 大朱屯 古墳群)"", ""primary_type"": ""유적/고인돌·고분·능묘"", ""era"": ""고대/남북국/발해"", ""definition"": ""중국 흑룡강성 목단강시(牧丹江市) 발해진(渤海鎭) 대주둔에 있는 남북국시대 발해의 돌방무덤 등이 발굴된 무덤군."", ""snippet"": ""길은 길이 150cm, 너비 85cm이다. 바닥에는 넓적한 판석(板石)을 2장 깔았다. 석실 내에서는 인골(人骨) 8개체분이 발견되었다. 중년에 가까운 35세 내외의 남성인골 2개체분, 21세 이상의 성년""}",[],,,,,,,,
58,gold-case:7036283c890ecceb3235,term-review-task:2373426378f0655de0c6,resolution-case:dcc8b309c63d85d2963e,인골,유물,"[{""problem_id"": ""cj_v41_1482"", ""full_text"": ""오늘 소개할 곳은 여수 안도 조개더미 유적이다. 이 유적에서는 농경과 목축이 시작된 (가) 시대의 인골과 조개팔찌 등이 출토되어 당시의 매장 풍습을 확인할 수 있다. 또한 이 유적에서 출토된 덧무늬 토기, 눌러찍은 무늬 토기 등을 통해 (가) 시대에는 빗살무늬 토기 이외에도 다양한 토기가 사용되었음을 알 수 있다.\n(가) 시대의 생활 모습으로 가장 적절한 것은?\n청동 방울 등을 의례 도구로 이용하였다.\n주먹도끼 등 뗀석기를 만들기 시작하였다.\n거푸집을 사용하여 세형 동검을 제작하였다.\n쟁기, 쇠스랑 등의 철제 농기구를 사용하였다.\n가락바귀와 뼈바늘을 이용하여 옷을 만들었다.""}]",source-candidate:6f3eef8c954a349702d9,THESAURUS:TERM:7848:sha256-1022516a18f91e61,THESAURUS,6,진골,description,description_containment,0.655,UNKNOWN,"[""진골""]","[""眞骨""]","[""고대""]",,,[],,"{""term_name"": ""진골"", ""hanja"": ""眞骨"", ""era"": ""고대"", ""thesaurus_category"": ""사회·생활>신분·계급"", ""description"": ""신라시대 신분계급제도인 골품제의 제2위 신분."", ""term_year"": ""?-?""}",[],,,,,,,,
58,gold-case:7036283c890ecceb3235,term-review-task:2373426378f0655de0c6,resolution-case:dcc8b309c63d85d2963e,인골,유물,"[{""problem_id"": ""cj_v41_1482"", ""full_text"": ""오늘 소개할 곳은 여수 안도 조개더미 유적이다. 이 유적에서는 농경과 목축이 시작된 (가) 시대의 인골과 조개팔찌 등이 출토되어 당시의 매장 풍습을 확인할 수 있다. 또한 이 유적에서 출토된 덧무늬 토기, 눌러찍은 무늬 토기 등을 통해 (가) 시대에는 빗살무늬 토기 이외에도 다양한 토기가 사용되었음을 알 수 있다.\n(가) 시대의 생활 모습으로 가장 적절한 것은?\n청동 방울 등을 의례 도구로 이용하였다.\n주먹도끼 등 뗀석기를 만들기 시작하였다.\n거푸집을 사용하여 세형 동검을 제작하였다.\n쟁기, 쇠스랑 등의 철제 농기구를 사용하였다.\n가락바귀와 뼈바늘을 이용하여 옷을 만들었다.""}]",source-candidate:99e39f26768c3f4c5a27,THESAURUS:TERM:12592892:sha256-1022516a18f91e61,THESAURUS,7,,description,description_containment,0.47,UNKNOWN,"[""서후도유적""]","[""西侯度遺蹟""]","[""구석기시대""]",,,[],,"{""term_name"": ""서후도유적"", ""hanja"": ""西侯度遺蹟"", ""era"": ""구석기시대"", ""thesaurus_category"": ""외교·국제관계>중국>종교·문화(중국)"", ""description"": ""중국 황화(黃河)의 중류인 산둥성(山西省) 내현(芮縣) 서후도(西侯度)에서 발견된 구석기유적. 인골은 전기구석기인(원인[猿人])으로 추정."", ""term_year"": ""?-?""}",[],,,,,,,,
58,gold-case:7036283c890ecceb3235,term-review-task:2373426378f0655de0c6,resolution-case:dcc8b309c63d85d2963e,인골,유물,"[{""problem_id"": ""cj_v41_1482"", ""full_text"": ""오늘 소개할 곳은 여수 안도 조개더미 유적이다. 이 유적에서는 농경과 목축이 시작된 (가) 시대의 인골과 조개팔찌 등이 출토되어 당시의 매장 풍습을 확인할 수 있다. 또한 이 유적에서 출토된 덧무늬 토기, 눌러찍은 무늬 토기 등을 통해 (가) 시대에는 빗살무늬 토기 이외에도 다양한 토기가 사용되었음을 알 수 있다.\n(가) 시대의 생활 모습으로 가장 적절한 것은?\n청동 방울 등을 의례 도구로 이용하였다.\n주먹도끼 등 뗀석기를 만들기 시작하였다.\n거푸집을 사용하여 세형 동검을 제작하였다.\n쟁기, 쇠스랑 등의 철제 농기구를 사용하였다.\n가락바귀와 뼈바늘을 이용하여 옷을 만들었다.""}]",source-candidate:7f13a9f4b72cf5894e8b,THESAURUS:TERM:12592971:sha256-1022516a18f91e61,THESAURUS,8,,description,description_containment,0.47,UNKNOWN,"[""허가요유적""]","[""許家窯遺蹟""]","[""구석기시대""]",,,[],,"{""term_name"": ""허가요유적"", ""hanja"": ""許家窯遺蹟"", ""era"": ""구석기시대"", ""thesaurus_category"": ""외교·국제관계>중국>종교·문화(중국)"", ""description"": ""구석기시대의 유적으로 호모 하이델베르겐시스(Homo heidelbergensis) 범주에 속하는 인골(人骨)이 발견되었으며, 중국 산시성(山西省) 양가오현(陽高縣)에 있음."", ""term_year"": ""?-?""}",[],,,,,,,,
58,gold-case:7036283c890ecceb3235,term-review-task:2373426378f0655de0c6,resolution-case:dcc8b309c63d85d2963e,인골,유물,"[{""problem_id"": ""cj_v41_1482"", ""full_text"": ""오늘 소개할 곳은 여수 안도 조개더미 유적이다. 이 유적에서는 농경과 목축이 시작된 (가) 시대의 인골과 조개팔찌 등이 출토되어 당시의 매장 풍습을 확인할 수 있다. 또한 이 유적에서 출토된 덧무늬 토기, 눌러찍은 무늬 토기 등을 통해 (가) 시대에는 빗살무늬 토기 이외에도 다양한 토기가 사용되었음을 알 수 있다.\n(가) 시대의 생활 모습으로 가장 적절한 것은?\n청동 방울 등을 의례 도구로 이용하였다.\n주먹도끼 등 뗀석기를 만들기 시작하였다.\n거푸집을 사용하여 세형 동검을 제작하였다.\n쟁기, 쇠스랑 등의 철제 농기구를 사용하였다.\n가락바귀와 뼈바늘을 이용하여 옷을 만들었다.""}]",source-candidate:ebeec3ff5e5c18cfa464,THESAURUS:TERM:12594220:sha256-1022516a18f91e61,THESAURUS,9,,description,description_containment,0.47,UNKNOWN,"[""삼두품""]","[""三頭品""]","[""고대""]",,,[],,"{""term_name"": ""3두품"", ""hanja"": ""三頭品"", ""era"": ""고대"", ""thesaurus_category"": ""사회·생활>신분·계급"", ""description"": ""신라의 신분계급인 골품(骨品) 중의 하나로, 2두품·1두품과 함께 평민으로 규정되어 관직이 없음."", ""term_year"": ""?-?""}",[],,,,,,,,
58,gold-case:7036283c890ecceb3235,term-review-task:2373426378f0655de0c6,resolution-case:dcc8b309c63d85d2963e,인골,유물,"[{""problem_id"": ""cj_v41_1482"", ""full_text"": ""오늘 소개할 곳은 여수 안도 조개더미 유적이다. 이 유적에서는 농경과 목축이 시작된 (가) 시대의 인골과 조개팔찌 등이 출토되어 당시의 매장 풍습을 확인할 수 있다. 또한 이 유적에서 출토된 덧무늬 토기, 눌러찍은 무늬 토기 등을 통해 (가) 시대에는 빗살무늬 토기 이외에도 다양한 토기가 사용되었음을 알 수 있다.\n(가) 시대의 생활 모습으로 가장 적절한 것은?\n청동 방울 등을 의례 도구로 이용하였다.\n주먹도끼 등 뗀석기를 만들기 시작하였다.\n거푸집을 사용하여 세형 동검을 제작하였다.\n쟁기, 쇠스랑 등의 철제 농기구를 사용하였다.\n가락바귀와 뼈바늘을 이용하여 옷을 만들었다.""}]",source-candidate:11e552fb66273b530b0f,THESAURUS:TERM:12594223:sha256-1022516a18f91e61,THESAURUS,10,,description,description_containment,0.47,UNKNOWN,"[""이두품""]","[""二頭品""]","[""고대""]",,,[],,"{""term_name"": ""2두품"", ""hanja"": ""二頭品"", ""era"": ""고대"", ""thesaurus_category"": ""사회·생활>신분·계급"", ""description"": ""신라의 신분계급인 골품(骨品) 중의 하나로, 3두품·1두품과 함께 평민으로 규정되어 관직이 없음."", ""term_year"": ""?-?""}",[],,,,,,,,
59,gold-case:3a59d43f3114cee3655c,term-review-task:0c7fb90cbf2cc51b7046,resolution-case:9a51874ca9b4ade162f0,창경궁,유적,"[{""problem_id"": ""cj_v41_0445"", ""full_text"": ""이곳은 창경궁의 정문인 홍화문이다. 창경궁은 (가)이/가 정희 왕후 등 세 분의 대비를 모시기 위해 수강궁을 수리하여 조성한 궁궐이다. (가)은/는 경국대전 완성 등 많은 업적을 남겼습니다.\n(가) 왕의 재위 기간에 있었던 사실로 옳은 것은?\n탕평비가 건립되었다.\n상평통보가 주조되었다.\n악학궤범이 간행되었다.\n훈련도감이 설치되었다.\n초계문신제가 시행되었다.""}, {""problem_id"": ""cj_v41_0887"", ""full_text"": ""답사 계획서 回 주제: 근대 역사의 현장을 찾아서 기간. 2023년 00월 00일1 10:00~16:00 경로. 기기창- 제중원 터 -박문국 터 -중명전 -수 원각사 터 (가) 기기창 경복궁 사직단 (마) 원각사 터 경회궁 덕수궁 (라》 중명전 숭례문 창경궁 (나) 저조 터 창덕궁 운현궁 종묘 청계천 (다) 박문국 터\n(가)~(마)에 대한 설명으로 옳은 것은?\n(가) - 우리나라 최초의 근대 신문이 간행되었다.\n(나) - 고종의 황제 즉위식이 거행된 장소이다.\n(다) - 백동화가 주조되었다.\n(라) - 을사늑약이 체결되었다.\n(마) - 나운규의 아리랑이 처음 상영된 곳이다.""}]",source-candidate:81f67922ca83d3f533d2,AKS:ARTICLE:E0055319:sha256-704d8ea620c542f5,AKS,1,창경궁,name,exact,1.0,COMPATIBLE,"[""창경궁""]","[""昌慶宮""]","[""조선"", ""조선 전기""]",,,[],Heritage,"{""headword"": ""창경궁"", ""origin"": ""昌慶宮"", ""headword_origin"": ""창경궁(昌慶宮)"", ""primary_type"": ""유적/건물"", ""era"": ""조선/조선 전기"", ""definition"": ""서울특별시 종로구 창경궁로 185에 있는 조선전기 창덕궁 동쪽에 세운 궁궐.""}","[{""left_source_candidate_id"": ""source-candidate:151a8e8a1c82fd74ba7a"", ""right_source_candidate_id"": ""source-candidate:81f67922ca83d3f533d2"", ""signals"": [""normalized_name_match"", ""hanja_match"", ""era_overlap"", ""entity_type_match""], ""conflicts"": [], ""merge_eligible"": true}]",IDENTITY_MEMBER,ALT_109,창경궁,Heritage,,,,
59,gold-case:3a59d43f3114cee3655c,term-review-task:0c7fb90cbf2cc51b7046,resolution-case:9a51874ca9b4ade162f0,창경궁,유적,"[{""problem_id"": ""cj_v41_0445"", ""full_text"": ""이곳은 창경궁의 정문인 홍화문이다. 창경궁은 (가)이/가 정희 왕후 등 세 분의 대비를 모시기 위해 수강궁을 수리하여 조성한 궁궐이다. (가)은/는 경국대전 완성 등 많은 업적을 남겼습니다.\n(가) 왕의 재위 기간에 있었던 사실로 옳은 것은?\n탕평비가 건립되었다.\n상평통보가 주조되었다.\n악학궤범이 간행되었다.\n훈련도감이 설치되었다.\n초계문신제가 시행되었다.""}, {""problem_id"": ""cj_v41_0887"", ""full_text"": ""답사 계획서 回 주제: 근대 역사의 현장을 찾아서 기간. 2023년 00월 00일1 10:00~16:00 경로. 기기창- 제중원 터 -박문국 터 -중명전 -수 원각사 터 (가) 기기창 경복궁 사직단 (마) 원각사 터 경회궁 덕수궁 (라》 중명전 숭례문 창경궁 (나) 저조 터 창덕궁 운현궁 종묘 청계천 (다) 박문국 터\n(가)~(마)에 대한 설명으로 옳은 것은?\n(가) - 우리나라 최초의 근대 신문이 간행되었다.\n(나) - 고종의 황제 즉위식이 거행된 장소이다.\n(다) - 백동화가 주조되었다.\n(라) - 을사늑약이 체결되었다.\n(마) - 나운규의 아리랑이 처음 상영된 곳이다.""}]",source-candidate:151a8e8a1c82fd74ba7a,THESAURUS:TERM:8188:sha256-1022516a18f91e61,THESAURUS,2,창경궁,name,exact,1.0,UNKNOWN,"[""창경궁""]","[""昌慶宮""]","[""조선전기""]",,,[],Heritage,"{""term_name"": ""창경궁"", ""hanja"": ""昌慶宮"", ""era"": ""조선전기"", ""thesaurus_category"": ""문화재"", ""description"": ""서울 종로구에 있는 조선시대의 궁궐."", ""term_year"": ""1483""}","[{""left_source_candidate_id"": ""source-candidate:151a8e8a1c82fd74ba7a"", ""right_source_candidate_id"": ""source-candidate:81f67922ca83d3f533d2"", ""signals"": [""normalized_name_match"", ""hanja_match"", ""era_overlap"", ""entity_type_match""], ""conflicts"": [], ""merge_eligible"": true}]",IDENTITY_MEMBER,ALT_110,창경궁,Heritage,,,,
59,gold-case:3a59d43f3114cee3655c,term-review-task:0c7fb90cbf2cc51b7046,resolution-case:9a51874ca9b4ade162f0,창경궁,유적,"[{""problem_id"": ""cj_v41_0445"", ""full_text"": ""이곳은 창경궁의 정문인 홍화문이다. 창경궁은 (가)이/가 정희 왕후 등 세 분의 대비를 모시기 위해 수강궁을 수리하여 조성한 궁궐이다. (가)은/는 경국대전 완성 등 많은 업적을 남겼습니다.\n(가) 왕의 재위 기간에 있었던 사실로 옳은 것은?\n탕평비가 건립되었다.\n상평통보가 주조되었다.\n악학궤범이 간행되었다.\n훈련도감이 설치되었다.\n초계문신제가 시행되었다.""}, {""problem_id"": ""cj_v41_0887"", ""full_text"": ""답사 계획서 回 주제: 근대 역사의 현장을 찾아서 기간. 2023년 00월 00일1 10:00~16:00 경로. 기기창- 제중원 터 -박문국 터 -중명전 -수 원각사 터 (가) 기기창 경복궁 사직단 (마) 원각사 터 경회궁 덕수궁 (라》 중명전 숭례문 창경궁 (나) 저조 터 창덕궁 운현궁 종묘 청계천 (다) 박문국 터\n(가)~(마)에 대한 설명으로 옳은 것은?\n(가) - 우리나라 최초의 근대 신문이 간행되었다.\n(나) - 고종의 황제 즉위식이 거행된 장소이다.\n(다) - 백동화가 주조되었다.\n(라) - 을사늑약이 체결되었다.\n(마) - 나운규의 아리랑이 처음 상영된 곳이다.""}]",source-candidate:fb3553072cbd365d04b4,THESAURUS:TERM:35662411:sha256-1022516a18f91e61,THESAURUS,3,창경궁경춘전,description,bidirectional_containment,0.9875,UNKNOWN,"[""창경궁경춘전""]","[""昌慶宮景春殿""]","[""조선시대""]",,,[],,"{""term_name"": ""창경궁경춘전"", ""hanja"": ""昌慶宮景春殿"", ""era"": ""조선시대"", ""thesaurus_category"": ""문화·예술>미술"", ""description"": ""1484년(성종 15)에 창건된 창경궁의 전각. 정면 7칸, 측면 4칸. 임진왜란 때 불타버려 1616년(광해군 8)에 다시 지었는데, 1830년(순조 30)의 화재로 타버려 1834년에 다시 지음."", ""term_year"": ""1484""}",[],EVIDENCE_ONLY,,,,REL_111,창경궁 경춘전,Heritage,
59,gold-case:3a59d43f3114cee3655c,term-review-task:0c7fb90cbf2cc51b7046,resolution-case:9a51874ca9b4ade162f0,창경궁,유적,"[{""problem_id"": ""cj_v41_0445"", ""full_text"": ""이곳은 창경궁의 정문인 홍화문이다. 창경궁은 (가)이/가 정희 왕후 등 세 분의 대비를 모시기 위해 수강궁을 수리하여 조성한 궁궐이다. (가)은/는 경국대전 완성 등 많은 업적을 남겼습니다.\n(가) 왕의 재위 기간에 있었던 사실로 옳은 것은?\n탕평비가 건립되었다.\n상평통보가 주조되었다.\n악학궤범이 간행되었다.\n훈련도감이 설치되었다.\n초계문신제가 시행되었다.""}, {""problem_id"": ""cj_v41_0887"", ""full_text"": ""답사 계획서 回 주제: 근대 역사의 현장을 찾아서 기간. 2023년 00월 00일1 10:00~16:00 경로. 기기창- 제중원 터 -박문국 터 -중명전 -수 원각사 터 (가) 기기창 경복궁 사직단 (마) 원각사 터 경회궁 덕수궁 (라》 중명전 숭례문 창경궁 (나) 저조 터 창덕궁 운현궁 종묘 청계천 (다) 박문국 터\n(가)~(마)에 대한 설명으로 옳은 것은?\n(가) - 우리나라 최초의 근대 신문이 간행되었다.\n(나) - 고종의 황제 즉위식이 거행된 장소이다.\n(다) - 백동화가 주조되었다.\n(라) - 을사늑약이 체결되었다.\n(마) - 나운규의 아리랑이 처음 상영된 곳이다.""}]",source-candidate:19e76185bd4595a49e3d,THESAURUS:TERM:8393960:sha256-1022516a18f91e61,THESAURUS,4,창경궁환경전,description,bidirectional_containment,0.9875,UNKNOWN,"[""창경궁환경전""]","[""昌慶宮歡慶殿""]","[""조선시대""]",,,[],,"{""term_name"": ""창경궁환경전"", ""hanja"": ""昌慶宮歡慶殿"", ""era"": ""조선시대"", ""thesaurus_category"": ""문화·예술>미술"", ""description"": ""1484년(성종 15)에 지은 창경궁의 전각 가운데 하나. 임진왜란 때 불타 1616년(광해군 8)에 재건하고, 1830년(순조 30)에 다시 불타 1834년(순조 34)에 또 지음."", ""term_year"": ""1484""}",[],EVIDENCE_ONLY,,,,REL_112,창경궁 환경전,Heritage,
59,gold-case:3a59d43f3114cee3655c,term-review-task:0c7fb90cbf2cc51b7046,resolution-case:9a51874ca9b4ade162f0,창경궁,유적,"[{""problem_id"": ""cj_v41_0445"", ""full_text"": ""이곳은 창경궁의 정문인 홍화문이다. 창경궁은 (가)이/가 정희 왕후 등 세 분의 대비를 모시기 위해 수강궁을 수리하여 조성한 궁궐이다. (가)은/는 경국대전 완성 등 많은 업적을 남겼습니다.\n(가) 왕의 재위 기간에 있었던 사실로 옳은 것은?\n탕평비가 건립되었다.\n상평통보가 주조되었다.\n악학궤범이 간행되었다.\n훈련도감이 설치되었다.\n초계문신제가 시행되었다.""}, {""problem_id"": ""cj_v41_0887"", ""full_text"": ""답사 계획서 回 주제: 근대 역사의 현장을 찾아서 기간. 2023년 00월 00일1 10:00~16:00 경로. 기기창- 제중원 터 -박문국 터 -중명전 -수 원각사 터 (가) 기기창 경복궁 사직단 (마) 원각사 터 경회궁 덕수궁 (라》 중명전 숭례문 창경궁 (나) 저조 터 창덕궁 운현궁 종묘 청계천 (다) 박문국 터\n(가)~(마)에 대한 설명으로 옳은 것은?\n(가) - 우리나라 최초의 근대 신문이 간행되었다.\n(나) - 고종의 황제 즉위식이 거행된 장소이다.\n(다) - 백동화가 주조되었다.\n(라) - 을사늑약이 체결되었다.\n(마) - 나운규의 아리랑이 처음 상영된 곳이다.""}]",source-candidate:e8f2377c433f036a9b6e,THESAURUS:TERM:12944:sha256-1022516a18f91e61,THESAURUS,5,창경궁통명전,description,bidirectional_containment,0.966667,UNKNOWN,"[""창경궁통명전""]","[""昌慶宮通明殿""]","[""조선전기""]",,,[],Heritage,"{""term_name"": ""창경궁통명전"", ""hanja"": ""昌慶宮通明殿"", ""era"": ""조선전기"", ""thesaurus_category"": ""문화재"", ""description"": ""1484년(성종 15)에 짓고 광해군 때 고쳤으며, 1834년(순조 34)에 다시 지은 창경궁의 정전(正殿)."", ""term_year"": ""1484""}",[],EVIDENCE_ONLY,,,,REL_113,창경궁 통명전,Heritage,
59,gold-case:3a59d43f3114cee3655c,term-review-task:0c7fb90cbf2cc51b7046,resolution-case:9a51874ca9b4ade162f0,창경궁,유적,"[{""problem_id"": ""cj_v41_0445"", ""full_text"": ""이곳은 창경궁의 정문인 홍화문이다. 창경궁은 (가)이/가 정희 왕후 등 세 분의 대비를 모시기 위해 수강궁을 수리하여 조성한 궁궐이다. (가)은/는 경국대전 완성 등 많은 업적을 남겼습니다.\n(가) 왕의 재위 기간에 있었던 사실로 옳은 것은?\n탕평비가 건립되었다.\n상평통보가 주조되었다.\n악학궤범이 간행되었다.\n훈련도감이 설치되었다.\n초계문신제가 시행되었다.""}, {""problem_id"": ""cj_v41_0887"", ""full_text"": ""답사 계획서 回 주제: 근대 역사의 현장을 찾아서 기간. 2023년 00월 00일1 10:00~16:00 경로. 기기창- 제중원 터 -박문국 터 -중명전 -수 원각사 터 (가) 기기창 경복궁 사직단 (마) 원각사 터 경회궁 덕수궁 (라》 중명전 숭례문 창경궁 (나) 저조 터 창덕궁 운현궁 종묘 청계천 (다) 박문국 터\n(가)~(마)에 대한 설명으로 옳은 것은?\n(가) - 우리나라 최초의 근대 신문이 간행되었다.\n(나) - 고종의 황제 즉위식이 거행된 장소이다.\n(다) - 백동화가 주조되었다.\n(라) - 을사늑약이 체결되었다.\n(마) - 나운규의 아리랑이 처음 상영된 곳이다.""}]",source-candidate:249f649c4835efdcd5f5,THESAURUS:TERM:35662422:sha256-1022516a18f91e61,THESAURUS,6,창경궁풍기대,description,bidirectional_containment,0.966667,UNKNOWN,"[""창경궁풍기대""]","[""昌慶宮風旗臺""]","[""조선후기""]",,,[],Heritage,"{""term_name"": ""창경궁풍기대"", ""hanja"": ""昌慶宮風旗臺"", ""era"": ""조선후기"", ""thesaurus_category"": ""문화재"", ""description"": ""1732년(영조 8) 창경궁 내에 제작된 풍향관측 석대. 화강암으로 만들었으며 높이 228㎝로 아래에 상을 조각한 대를 놓고 그 위에 구름무늬를 양각한 8각기둥을 세운 모양."", ""term_year"": ""1732""}",[],EVIDENCE_ONLY,,,,REL_114,창경궁 풍기대,Heritage,
59,gold-case:3a59d43f3114cee3655c,term-review-task:0c7fb90cbf2cc51b7046,resolution-case:9a51874ca9b4ade162f0,창경궁,유적,"[{""problem_id"": ""cj_v41_0445"", ""full_text"": ""이곳은 창경궁의 정문인 홍화문이다. 창경궁은 (가)이/가 정희 왕후 등 세 분의 대비를 모시기 위해 수강궁을 수리하여 조성한 궁궐이다. (가)은/는 경국대전 완성 등 많은 업적을 남겼습니다.\n(가) 왕의 재위 기간에 있었던 사실로 옳은 것은?\n탕평비가 건립되었다.\n상평통보가 주조되었다.\n악학궤범이 간행되었다.\n훈련도감이 설치되었다.\n초계문신제가 시행되었다.""}, {""problem_id"": ""cj_v41_0887"", ""full_text"": ""답사 계획서 回 주제: 근대 역사의 현장을 찾아서 기간. 2023년 00월 00일1 10:00~16:00 경로. 기기창- 제중원 터 -박문국 터 -중명전 -수 원각사 터 (가) 기기창 경복궁 사직단 (마) 원각사 터 경회궁 덕수궁 (라》 중명전 숭례문 창경궁 (나) 저조 터 창덕궁 운현궁 종묘 청계천 (다) 박문국 터\n(가)~(마)에 대한 설명으로 옳은 것은?\n(가) - 우리나라 최초의 근대 신문이 간행되었다.\n(나) - 고종의 황제 즉위식이 거행된 장소이다.\n(다) - 백동화가 주조되었다.\n(라) - 을사늑약이 체결되었다.\n(마) - 나운규의 아리랑이 처음 상영된 곳이다.""}]",source-candidate:c905734ae25db5bba53c,AKS:ARTICLE:E0055320:sha256-704d8ea620c542f5,AKS,7,창경궁 경춘전,name,bidirectional_containment,0.5175,COMPATIBLE,"[""창경궁경춘전""]","[""昌慶宮"", ""景春殿""]","[""조선"", ""조선 후기""]",,,[],Heritage,"{""headword"": ""창경궁 경춘전"", ""origin"": ""昌慶宮 景春殿"", ""headword_origin"": ""창경궁 경춘전(昌慶宮 景春殿)"", ""primary_type"": ""유적/건물"", ""era"": ""조선/조선 후기"", ""definition"": ""서울특별시 종로구에 있는 조선후기 에 중건된 전각.""}",[],EVIDENCE_ONLY,,,,REL_111,창경궁 경춘전,Heritage,
59,gold-case:3a59d43f3114cee3655c,term-review-task:0c7fb90cbf2cc51b7046,resolution-case:9a51874ca9b4ade162f0,창경궁,유적,"[{""problem_id"": ""cj_v41_0445"", ""full_text"": ""이곳은 창경궁의 정문인 홍화문이다. 창경궁은 (가)이/가 정희 왕후 등 세 분의 대비를 모시기 위해 수강궁을 수리하여 조성한 궁궐이다. (가)은/는 경국대전 완성 등 많은 업적을 남겼습니다.\n(가) 왕의 재위 기간에 있었던 사실로 옳은 것은?\n탕평비가 건립되었다.\n상평통보가 주조되었다.\n악학궤범이 간행되었다.\n훈련도감이 설치되었다.\n초계문신제가 시행되었다.""}, {""problem_id"": ""cj_v41_0887"", ""full_text"": ""답사 계획서 回 주제: 근대 역사의 현장을 찾아서 기간. 2023년 00월 00일1 10:00~16:00 경로. 기기창- 제중원 터 -박문국 터 -중명전 -수 원각사 터 (가) 기기창 경복궁 사직단 (마) 원각사 터 경회궁 덕수궁 (라》 중명전 숭례문 창경궁 (나) 저조 터 창덕궁 운현궁 종묘 청계천 (다) 박문국 터\n(가)~(마)에 대한 설명으로 옳은 것은?\n(가) - 우리나라 최초의 근대 신문이 간행되었다.\n(나) - 고종의 황제 즉위식이 거행된 장소이다.\n(다) - 백동화가 주조되었다.\n(라) - 을사늑약이 체결되었다.\n(마) - 나운규의 아리랑이 처음 상영된 곳이다.""}]",source-candidate:a20213c729597399bfbf,AKS:ARTICLE:E0055328:sha256-704d8ea620c542f5,AKS,8,창경궁 환경전,name,bidirectional_containment,0.5175,COMPATIBLE,"[""창경궁환경전""]","[""昌慶宮"", ""歡慶殿""]","[""조선"", ""조선 전기""]",,,[],Heritage,"{""headword"": ""창경궁 환경전"", ""origin"": ""昌慶宮 歡慶殿"", ""headword_origin"": ""창경궁 환경전(昌慶宮 歡慶殿)"", ""primary_type"": ""유적/건물"", ""era"": ""조선/조선 전기"", ""definition"": ""서울특별시 종로구에 있는 조선전기 침전으로 사용한 전각.""}",[],EVIDENCE_ONLY,,,,REL_112,창경궁 환경전,Heritage,
59,gold-case:3a59d43f3114cee3655c,term-review-task:0c7fb90cbf2cc51b7046,resolution-case:9a51874ca9b4ade162f0,창경궁,유적,"[{""problem_id"": ""cj_v41_0445"", ""full_text"": ""이곳은 창경궁의 정문인 홍화문이다. 창경궁은 (가)이/가 정희 왕후 등 세 분의 대비를 모시기 위해 수강궁을 수리하여 조성한 궁궐이다. (가)은/는 경국대전 완성 등 많은 업적을 남겼습니다.\n(가) 왕의 재위 기간에 있었던 사실로 옳은 것은?\n탕평비가 건립되었다.\n상평통보가 주조되었다.\n악학궤범이 간행되었다.\n훈련도감이 설치되었다.\n초계문신제가 시행되었다.""}, {""problem_id"": ""cj_v41_0887"", ""full_text"": ""답사 계획서 回 주제: 근대 역사의 현장을 찾아서 기간. 2023년 00월 00일1 10:00~16:00 경로. 기기창- 제중원 터 -박문국 터 -중명전 -수 원각사 터 (가) 기기창 경복궁 사직단 (마) 원각사 터 경회궁 덕수궁 (라》 중명전 숭례문 창경궁 (나) 저조 터 창덕궁 운현궁 종묘 청계천 (다) 박문국 터\n(가)~(마)에 대한 설명으로 옳은 것은?\n(가) - 우리나라 최초의 근대 신문이 간행되었다.\n(나) - 고종의 황제 즉위식이 거행된 장소이다.\n(다) - 백동화가 주조되었다.\n(라) - 을사늑약이 체결되었다.\n(마) - 나운규의 아리랑이 처음 상영된 곳이다.""}]",source-candidate:70135547342a15c30744,AKS:ARTICLE:E0005016:sha256-704d8ea620c542f5,AKS,9,창경궁 관천대,name,bidirectional_containment,0.496667,COMPATIBLE,"[""소간의대"", ""창경궁관천대"", ""첨성대""]","[""昌慶宮"", ""觀天臺""]","[""조선"", ""조선 후기""]",,,[],Heritage,"{""headword"": ""창경궁 관천대"", ""aliases"": [""소간의대"", ""첨성대""], ""origin"": ""昌慶宮 觀天臺"", ""headword_origin"": ""창경궁 관천대(昌慶宮 觀天臺)"", ""primary_type"": ""유적/건물"", ""era"": ""조선/조선 후기"", ""definition"": ""서울특별시 종로구 창경궁에 있는 조선후기 에 축조된 천문관측소. 천문관측시설.""}",[],EVIDENCE_ONLY,,,,REL_115,창경궁 관천대,Heritage,
59,gold-case:3a59d43f3114cee3655c,term-review-task:0c7fb90cbf2cc51b7046,resolution-case:9a51874ca9b4ade162f0,창경궁,유적,"[{""problem_id"": ""cj_v41_0445"", ""full_text"": ""이곳은 창경궁의 정문인 홍화문이다. 창경궁은 (가)이/가 정희 왕후 등 세 분의 대비를 모시기 위해 수강궁을 수리하여 조성한 궁궐이다. (가)은/는 경국대전 완성 등 많은 업적을 남겼습니다.\n(가) 왕의 재위 기간에 있었던 사실로 옳은 것은?\n탕평비가 건립되었다.\n상평통보가 주조되었다.\n악학궤범이 간행되었다.\n훈련도감이 설치되었다.\n초계문신제가 시행되었다.""}, {""problem_id"": ""cj_v41_0887"", ""full_text"": ""답사 계획서 回 주제: 근대 역사의 현장을 찾아서 기간. 2023년 00월 00일1 10:00~16:00 경로. 기기창- 제중원 터 -박문국 터 -중명전 -수 원각사 터 (가) 기기창 경복궁 사직단 (마) 원각사 터 경회궁 덕수궁 (라》 중명전 숭례문 창경궁 (나) 저조 터 창덕궁 운현궁 종묘 청계천 (다) 박문국 터\n(가)~(마)에 대한 설명으로 옳은 것은?\n(가) - 우리나라 최초의 근대 신문이 간행되었다.\n(나) - 고종의 황제 즉위식이 거행된 장소이다.\n(다) - 백동화가 주조되었다.\n(라) - 을사늑약이 체결되었다.\n(마) - 나운규의 아리랑이 처음 상영된 곳이다.""}]",source-candidate:93fe2adc31da4908282b,AKS:ARTICLE:E0023287:sha256-704d8ea620c542f5,AKS,10,창경궁 자격루,name,bidirectional_containment,0.496667,CONFLICT,"[""국보제229호"", ""보루각자격루"", ""창경궁자격루""]","[""昌慶宮"", ""自擊漏""]","[""조선"", ""조선 전기""]",,,[],Heritage,"{""headword"": ""창경궁 자격루"", ""aliases"": [""국보 제229호"", ""보루각 자격루""], ""origin"": ""昌慶宮 自擊漏"", ""headword_origin"": ""창경궁 자격루(昌慶宮 自擊漏)"", ""primary_type"": ""물품"", ""era"": ""조선/조선 전기"", ""definition"": ""1536년(중종 31)에 만들어진 조선시대의 물시계.""}",[],EVIDENCE_ONLY,,,,REL_116,창경궁 자격루,Heritage,
60,gold-case:484ac6107c0b21789953,term-review-task:8dc175a4c6dc39406acd,resolution-case:74c4da9d600d49b87627,북방정책,정책,"[{""problem_id"": ""cj_v41_1432"", ""full_text"": ""하계 올림픽을 성공적으로 마친 대통령은 오늘 한국 국가 원수로서 처음으로 헝가리를 방문하였다. 헝가리는 우리 정부의 북방정책에 대한 지지와 협력 의사를 함께 표명하였다. 이것은 정부가 발표한 7·7 선언의 성과로 평가되고 있다.\n다음 뉴스가 보도된 정부 시기의 통일 노력으로 옳은 것은?\n남북 조절위원회가 구성되었다.\n남북한이 유엔에 동시 가입하였다.\n금강산 해로 관광 사업이 시작되었다.\n개성에 남북 경제 협력 협의 사무소가 설치되었다.\n최초로 남북 이산가족 고향 방문단 교환이 이루어졌다.""}]",source-candidate:ac1ed0bd8cd2ead0c70f,AKS:ARTICLE:E0066460:sha256-704d8ea620c542f5,AKS,1,북방정책,name,exact,1.0,COMPATIBLE,"[""북방외교"", ""북방정책""]","[""北方外交""]","[""현대""]",,,[],Concept,"{""headword"": ""북방외교"", ""aliases"": [""북방정책""], ""origin"": ""北方外交"", ""headword_origin"": ""북방외교(北方外交)"", ""primary_type"": ""개념"", ""era"": ""현대"", ""definition"": ""1988년부터 한국 정부가 추진해 온 대공산권 외교정책. 북방정책.""}","[{""left_source_candidate_id"": ""source-candidate:1a12661a3bd2e3c91390"", ""right_source_candidate_id"": ""source-candidate:ac1ed0bd8cd2ead0c70f"", ""signals"": [], ""conflicts"": [""entity_type_conflict""], ""merge_eligible"": false}]",IDENTITY_MEMBER,ALT_107,북방정책,Concept,,,,
60,gold-case:484ac6107c0b21789953,term-review-task:8dc175a4c6dc39406acd,resolution-case:74c4da9d600d49b87627,북방정책,정책,"[{""problem_id"": ""cj_v41_1432"", ""full_text"": ""하계 올림픽을 성공적으로 마친 대통령은 오늘 한국 국가 원수로서 처음으로 헝가리를 방문하였다. 헝가리는 우리 정부의 북방정책에 대한 지지와 협력 의사를 함께 표명하였다. 이것은 정부가 발표한 7·7 선언의 성과로 평가되고 있다.\n다음 뉴스가 보도된 정부 시기의 통일 노력으로 옳은 것은?\n남북 조절위원회가 구성되었다.\n남북한이 유엔에 동시 가입하였다.\n금강산 해로 관광 사업이 시작되었다.\n개성에 남북 경제 협력 협의 사무소가 설치되었다.\n최초로 남북 이산가족 고향 방문단 교환이 이루어졌다.""}]",source-candidate:894d8f9130dcea5ca7ba,THESAURUS:TERM:48240568:sha256-1022516a18f91e61,THESAURUS,2,,description,description_containment,0.47,UNKNOWN,"[""제도통일론""]","[""制度統一論""]","[""현대""]",,,[],,"{""term_name"": ""제도통일론"", ""hanja"": ""制度統一論"", ""era"": ""현대"", ""thesaurus_category"": ""정치·행정·법제>정치사상·정책"", ""description"": ""1991년 6공화국의 북방정책과 통일정책을 이른바 북한을 자유민주주의 제도로 흡수함으로써 제도통일을 실현하려는 것으로 이해했던, 한국측 통일방안을 비난할 때 들고 나오는 주장."", ""term_year"": ""1991-""}",[],EVIDENCE_ONLY,,,,REL_108,제도통일론,Concept,
60,gold-case:484ac6107c0b21789953,term-review-task:8dc175a4c6dc39406acd,resolution-case:74c4da9d600d49b87627,북방정책,정책,"[{""problem_id"": ""cj_v41_1432"", ""full_text"": ""하계 올림픽을 성공적으로 마친 대통령은 오늘 한국 국가 원수로서 처음으로 헝가리를 방문하였다. 헝가리는 우리 정부의 북방정책에 대한 지지와 협력 의사를 함께 표명하였다. 이것은 정부가 발표한 7·7 선언의 성과로 평가되고 있다.\n다음 뉴스가 보도된 정부 시기의 통일 노력으로 옳은 것은?\n남북 조절위원회가 구성되었다.\n남북한이 유엔에 동시 가입하였다.\n금강산 해로 관광 사업이 시작되었다.\n개성에 남북 경제 협력 협의 사무소가 설치되었다.\n최초로 남북 이산가족 고향 방문단 교환이 이루어졌다.""}]",source-candidate:2c175b2e003a2f0b4c5a,THESAURUS:TERM:12595839:sha256-1022516a18f91e61,THESAURUS,3,국방정책,name,name_ngram,0.454167,UNKNOWN,"[""국방정책""]","[""國防政策""]",[],,,[],,"{""term_name"": ""국방정책"", ""hanja"": ""國防政策"", ""era"": ""통시대"", ""thesaurus_category"": ""국방·군사>국방사상·정책"", ""description"": ""국가와 민족의 안전을 보장하기 위하여 추진하는 정책."", ""term_year"": ""?-?""}",[],,,,,,,,
60,gold-case:484ac6107c0b21789953,term-review-task:8dc175a4c6dc39406acd,resolution-case:74c4da9d600d49b87627,북방정책,정책,"[{""problem_id"": ""cj_v41_1432"", ""full_text"": ""하계 올림픽을 성공적으로 마친 대통령은 오늘 한국 국가 원수로서 처음으로 헝가리를 방문하였다. 헝가리는 우리 정부의 북방정책에 대한 지지와 협력 의사를 함께 표명하였다. 이것은 정부가 발표한 7·7 선언의 성과로 평가되고 있다.\n다음 뉴스가 보도된 정부 시기의 통일 노력으로 옳은 것은?\n남북 조절위원회가 구성되었다.\n남북한이 유엔에 동시 가입하였다.\n금강산 해로 관광 사업이 시작되었다.\n개성에 남북 경제 협력 협의 사무소가 설치되었다.\n최초로 남북 이산가족 고향 방문단 교환이 이루어졌다.""}]",source-candidate:317c3993182e56789b5d,THESAURUS:TERM:48239699:sha256-1022516a18f91e61,THESAURUS,4,동방정책,name,name_ngram,0.454167,UNKNOWN,"[""동방정책""]","[""東方政策""]","[""현대""]",,,[],,"{""term_name"": ""동방정책"", ""hanja"": ""東方政策"", ""era"": ""현대"", ""thesaurus_category"": ""외교·국제관계>외교사상·정책"", ""description"": ""1966년부터 서독이 추진한 소련을 비롯한 동유럽제국과의 관계정상화정책."", ""term_year"": ""1966-1990""}",[],,,,,,,,
60,gold-case:484ac6107c0b21789953,term-review-task:8dc175a4c6dc39406acd,resolution-case:74c4da9d600d49b87627,북방정책,정책,"[{""problem_id"": ""cj_v41_1432"", ""full_text"": ""하계 올림픽을 성공적으로 마친 대통령은 오늘 한국 국가 원수로서 처음으로 헝가리를 방문하였다. 헝가리는 우리 정부의 북방정책에 대한 지지와 협력 의사를 함께 표명하였다. 이것은 정부가 발표한 7·7 선언의 성과로 평가되고 있다.\n다음 뉴스가 보도된 정부 시기의 통일 노력으로 옳은 것은?\n남북 조절위원회가 구성되었다.\n남북한이 유엔에 동시 가입하였다.\n금강산 해로 관광 사업이 시작되었다.\n개성에 남북 경제 협력 협의 사무소가 설치되었다.\n최초로 남북 이산가족 고향 방문단 교환이 이루어졌다.""}]",source-candidate:005e9a2bc61e6bfe63b8,THESAURUS:TERM:29368871:sha256-1022516a18f91e61,THESAURUS,5,북진정책,description,description_ngram,0.450833,UNKNOWN,"[""북진정책""]","[""北進政策""]","[""고려시대""]",,,[],,"{""term_name"": ""북진정책"", ""hanja"": ""北進政策"", ""era"": ""고려시대"", ""thesaurus_category"": ""국방·군사>국방사상·정책"", ""description"": ""고려 태조이래로 북방의 영토에 관심을 보이며 북방진출을 추진하려는 정책."", ""term_year"": ""?-?""}",[],,,,,,,,
60,gold-case:484ac6107c0b21789953,term-review-task:8dc175a4c6dc39406acd,resolution-case:74c4da9d600d49b87627,북방정책,정책,"[{""problem_id"": ""cj_v41_1432"", ""full_text"": ""하계 올림픽을 성공적으로 마친 대통령은 오늘 한국 국가 원수로서 처음으로 헝가리를 방문하였다. 헝가리는 우리 정부의 북방정책에 대한 지지와 협력 의사를 함께 표명하였다. 이것은 정부가 발표한 7·7 선언의 성과로 평가되고 있다.\n다음 뉴스가 보도된 정부 시기의 통일 노력으로 옳은 것은?\n남북 조절위원회가 구성되었다.\n남북한이 유엔에 동시 가입하였다.\n금강산 해로 관광 사업이 시작되었다.\n개성에 남북 경제 협력 협의 사무소가 설치되었다.\n최초로 남북 이산가족 고향 방문단 교환이 이루어졌다.""}]",source-candidate:1a12661a3bd2e3c91390,THESAURUS:TERM:12605942:sha256-1022516a18f91e61,THESAURUS,6,방정,name,name_ngram,0.363333,UNKNOWN,"[""방정""]","[""方井""]","[""고려전기""]",,,[],Heritage,"{""term_name"": ""방정"", ""hanja"": ""方井"", ""era"": ""고려전기"", ""thesaurus_category"": ""문화재"", ""description"": ""고려시대 우물로 청주한씨의 시조인 고려 초 개국공신 한란(韓蘭)이 이곳에 살면서 우물을 사용했고, 고려 태조가 후백제를 정벌하러 가면서 방정의 물을 사용함. 충청북도 청주시 상당구 방서동에 있음."", ""term_year"": ""?""}","[{""left_source_candidate_id"": ""source-candidate:1a12661a3bd2e3c91390"", ""right_source_candidate_id"": ""source-candidate:ac1ed0bd8cd2ead0c70f"", ""signals"": [], ""conflicts"": [""entity_type_conflict""], ""merge_eligible"": false}]",,,,,,,,
61,gold-case:038e827b13a2f22f9a2e,term-review-task:d1aa3d7116dfbdae6e53,resolution-case:afe80f84714bf3a0cc27,조청 상민 수륙 무역 장정,조약,"[{""problem_id"": ""cj_v41_0128"", ""full_text"": ""며칠 전 러시아, 프랑스, 독일의 압력으로 일본이 청에 랴오둥반도를 반환했다는 소식 들었는가? 들었네. 우리도 이 기회에 러시아를 이용하여 일본의 간섭에서 벗어날 방도를 찾아야 할 것이네.\n다음 대화에 나타난 상황 이후의 사실로 옳은 것은?\n조청 상민 수륙 무역 장정을 체결하였다.\n건양이라는 독자적인 연호를 사용하였다.\n행정 기구를 6조에서 8아문으로 개편하였다.\n군국기무처를 설치하여 근대적 개혁을 추진하였다.\n영국이 러시아를 견제하기 위해 거문도를 점령하였다.""}, {""problem_id"": ""cj_v41_0265"", ""full_text"": ""(가) 대왕대비께서 전교하기를, “이번에 이렇게 만동묘를 철폐하고 다른 곳으로 옮기 모시는 것에 대해서 선현의 혼령이 알게 되더라도 올바른 예법이라고 여기고 유감이 없을 것이다.”라고 하였다. (나) 최익현이 상소를 올려 대원군의 잘못을 탄핵하기를, “만약 그 지위가 아닌데도 국정에 괸여하는 지는 단지 그 지위와 녹을 중요하게 여기기 때문이다.”라고 하였다. 왕은 너그러운 비답을 내려 특별히 그를 호조 참판에 발탁하고 총애하였다.\n(가), (나) 사이의 시기에 있었던 사실로 옳은 것은?\n신식 군대인 별기군이 창설되었다.\n서재필 등이 독립신문을 발행하였다.\n종로와 전국 각지에 척화비가 세워졌다.\n김옥균 등 개화 세력이 정변을 일으켰다.\n조청 상민 수륙 무역 장정을 체결하였다.""}, {""problem_id"": ""cj_v41_0314"", ""full_text"": ""3 사료로 보는 한국사 제1조 0 근 보정성성(保定省城)으로 이송하여 이6 0 0 청하도의 옛 관서에 거주시기도록 한다. 이言쁨에게 오가는 서신 일체는 밀봉할 수 없으며 간수 위원의 검열을 거쳐야 보낼 수 있다. 밀봉 되었거나 한글로 된 서신은 위원이 반송한다. [해설] 정으로 끌려간 흥선 대원군(이하응)을 감시하기 위해 만들어신 규정의 일부이다. 개화 정책에 대한 불만과 구식 군인에 대한 자별 대우로 일어난 이 사건을 진압한 정은 그 책임을 물어 흥선 대원군을 납지해 갔다\n‘이 사건’의 영향으로 옳은 것은?\n삼정이정청이 설치되었다.\n어재연 부대가 광성보에서 항전하였다.\n종로와 전국 각지에 척화비가 세워졌다.\n조청 상민 수륙 무역 장정이 체결되었다.\n일본 군함 운요호가 영종도를 공격하였다.""}]",source-candidate:aad4caf1c505f77eacea,AKS:ARTICLE:E0000922:sha256-704d8ea620c542f5,AKS,1,조청 상민 수륙 무역 장정,body,body_mention,1.0,COMPATIBLE,"[""갑신정변""]","[""甲申政變""]","[""근대"", ""개항기""]",,,[],Event,"{""headword"": ""갑신정변"", ""origin"": ""甲申政變"", ""headword_origin"": ""갑신정변(甲申政變)"", ""primary_type"": ""사건/사회운동"", ""era"": ""근대/개항기"", ""definition"": ""1884년(고종 21) 급진개화파가 청나라로부터의 독립과 조선의 개화를 목표로 일으킨 정변."", ""snippet"": ""프(Mӧllendorff, P.G.)는 해관을 장악하였을 뿐 아니라 외교권까지 장악하려 하였다. 또한 ｢조청상민수륙무역장정｣ 체결 후로는 특권을 앞세워 경제적 침탈을 자행하였다. 당시 개화 정책은 민씨 척""}","[{""left_source_candidate_id"": ""source-candidate:476fa6214aa3e8b5c09a"", ""right_source_candidate_id"": ""source-candidate:aad4caf1c505f77eacea"", ""signals"": [], ""conflicts"": [""entity_type_conflict""], ""merge_eligible"": false}, {""left_source_candidate_id"": ""source-candidate:4d24111b363822a5e455"", ""right_source_candidate_id"": ""source-candidate:aad4caf1c505f77eacea"", ""signals"": [], ""conflicts"": [""entity_type_conflict""], ""merge_eligible"": false}, {""left_source_candidate_id"": ""source-candidate:4f55128f2e02efbb0375"", ""right_source_candidate_id"": ""source-candidate:aad4caf1c505f77eacea"", ""signals"": [], ""conflicts"": [""entity_type_conflict""], ""merge_eligible"": false}, {""left_source_candidate_id"": ""source-candidate:6255fb99a07af3e6dbf7"", ""right_source_candidate_id"": ""source-candidate:aad4caf1c505f77eacea"", ""signals"": [""era_overlap""], ""conflicts"": [""entity_type_conflict""], ""merge_eligible"": false}, {""left_source_candidate_id"": ""source-candidate:a68492d624ef2c85ec16"", ""right_source_candidate_id"": ""source-candidate:aad4caf1c505f77eacea"", ""signals"": [""era_overlap""], ""conflicts"": [""entity_type_conflict""], ""merge_eligible"": false}, {""left_source_candidate_id"": ""source-candidate:aad4caf1c505f77eacea"", ""right_source_candidate_id"": ""source-candidate:fc65dc5e9b02804b4d2b"", ""signals"": [""era_overlap""], ""conflicts"": [""entity_type_conflict""], ""merge_eligible"": false}]",EVIDENCE_ONLY,,,,REL_117,갑신정변,Event,
61,gold-case:038e827b13a2f22f9a2e,term-review-task:d1aa3d7116dfbdae6e53,resolution-case:afe80f84714bf3a0cc27,조청 상민 수륙 무역 장정,조약,"[{""problem_id"": ""cj_v41_0128"", ""full_text"": ""며칠 전 러시아, 프랑스, 독일의 압력으로 일본이 청에 랴오둥반도를 반환했다는 소식 들었는가? 들었네. 우리도 이 기회에 러시아를 이용하여 일본의 간섭에서 벗어날 방도를 찾아야 할 것이네.\n다음 대화에 나타난 상황 이후의 사실로 옳은 것은?\n조청 상민 수륙 무역 장정을 체결하였다.\n건양이라는 독자적인 연호를 사용하였다.\n행정 기구를 6조에서 8아문으로 개편하였다.\n군국기무처를 설치하여 근대적 개혁을 추진하였다.\n영국이 러시아를 견제하기 위해 거문도를 점령하였다.""}, {""problem_id"": ""cj_v41_0265"", ""full_text"": ""(가) 대왕대비께서 전교하기를, “이번에 이렇게 만동묘를 철폐하고 다른 곳으로 옮기 모시는 것에 대해서 선현의 혼령이 알게 되더라도 올바른 예법이라고 여기고 유감이 없을 것이다.”라고 하였다. (나) 최익현이 상소를 올려 대원군의 잘못을 탄핵하기를, “만약 그 지위가 아닌데도 국정에 괸여하는 지는 단지 그 지위와 녹을 중요하게 여기기 때문이다.”라고 하였다. 왕은 너그러운 비답을 내려 특별히 그를 호조 참판에 발탁하고 총애하였다.\n(가), (나) 사이의 시기에 있었던 사실로 옳은 것은?\n신식 군대인 별기군이 창설되었다.\n서재필 등이 독립신문을 발행하였다.\n종로와 전국 각지에 척화비가 세워졌다.\n김옥균 등 개화 세력이 정변을 일으켰다.\n조청 상민 수륙 무역 장정을 체결하였다.""}, {""problem_id"": ""cj_v41_0314"", ""full_text"": ""3 사료로 보는 한국사 제1조 0 근 보정성성(保定省城)으로 이송하여 이6 0 0 청하도의 옛 관서에 거주시기도록 한다. 이言쁨에게 오가는 서신 일체는 밀봉할 수 없으며 간수 위원의 검열을 거쳐야 보낼 수 있다. 밀봉 되었거나 한글로 된 서신은 위원이 반송한다. [해설] 정으로 끌려간 흥선 대원군(이하응)을 감시하기 위해 만들어신 규정의 일부이다. 개화 정책에 대한 불만과 구식 군인에 대한 자별 대우로 일어난 이 사건을 진압한 정은 그 책임을 물어 흥선 대원군을 납지해 갔다\n‘이 사건’의 영향으로 옳은 것은?\n삼정이정청이 설치되었다.\n어재연 부대가 광성보에서 항전하였다.\n종로와 전국 각지에 척화비가 세워졌다.\n조청 상민 수륙 무역 장정이 체결되었다.\n일본 군함 운요호가 영종도를 공격하였다.""}]",source-candidate:4f55128f2e02efbb0375,AKS:ARTICLE:E0006441:sha256-704d8ea620c542f5,AKS,2,조청 상민 수륙 무역 장정,body,body_mention,1.0,COMPATIBLE,"[""국제경제""]","[""國際經濟""]","[""현대""]",,,[],Concept,"{""headword"": ""국제경제"", ""origin"": ""國際經濟"", ""headword_origin"": ""국제경제(國際經濟)"", ""primary_type"": ""개념"", ""era"": ""현대"", ""definition"": ""둘 이상의 나라에서 상호간 이루어지는 여러 가지 경제관계."", ""snippet"": ""지나지 않았다. 1884∼1894년까지는 청·일 양국 간의 치열한 무역 경쟁기였다. 1882년에 ‘조청상민 수륙무역장정(朝淸商民水陸貿易章程)’이 체결되어 조청무역관계가 개항장에서 근대적인 무""}","[{""left_source_candidate_id"": ""source-candidate:4f55128f2e02efbb0375"", ""right_source_candidate_id"": ""source-candidate:a68492d624ef2c85ec16"", ""signals"": [], ""conflicts"": [""entity_type_conflict""], ""merge_eligible"": false}, {""left_source_candidate_id"": ""source-candidate:4f55128f2e02efbb0375"", ""right_source_candidate_id"": ""source-candidate:aad4caf1c505f77eacea"", ""signals"": [], ""conflicts"": [""entity_type_conflict""], ""merge_eligible"": false}]",EVIDENCE_ONLY,,,,REL_118,국제경제,Concept,
61,gold-case:038e827b13a2f22f9a2e,term-review-task:d1aa3d7116dfbdae6e53,resolution-case:afe80f84714bf3a0cc27,조청 상민 수륙 무역 장정,조약,"[{""problem_id"": ""cj_v41_0128"", ""full_text"": ""며칠 전 러시아, 프랑스, 독일의 압력으로 일본이 청에 랴오둥반도를 반환했다는 소식 들었는가? 들었네. 우리도 이 기회에 러시아를 이용하여 일본의 간섭에서 벗어날 방도를 찾아야 할 것이네.\n다음 대화에 나타난 상황 이후의 사실로 옳은 것은?\n조청 상민 수륙 무역 장정을 체결하였다.\n건양이라는 독자적인 연호를 사용하였다.\n행정 기구를 6조에서 8아문으로 개편하였다.\n군국기무처를 설치하여 근대적 개혁을 추진하였다.\n영국이 러시아를 견제하기 위해 거문도를 점령하였다.""}, {""problem_id"": ""cj_v41_0265"", ""full_text"": ""(가) 대왕대비께서 전교하기를, “이번에 이렇게 만동묘를 철폐하고 다른 곳으로 옮기 모시는 것에 대해서 선현의 혼령이 알게 되더라도 올바른 예법이라고 여기고 유감이 없을 것이다.”라고 하였다. (나) 최익현이 상소를 올려 대원군의 잘못을 탄핵하기를, “만약 그 지위가 아닌데도 국정에 괸여하는 지는 단지 그 지위와 녹을 중요하게 여기기 때문이다.”라고 하였다. 왕은 너그러운 비답을 내려 특별히 그를 호조 참판에 발탁하고 총애하였다.\n(가), (나) 사이의 시기에 있었던 사실로 옳은 것은?\n신식 군대인 별기군이 창설되었다.\n서재필 등이 독립신문을 발행하였다.\n종로와 전국 각지에 척화비가 세워졌다.\n김옥균 등 개화 세력이 정변을 일으켰다.\n조청 상민 수륙 무역 장정을 체결하였다.""}, {""problem_id"": ""cj_v41_0314"", ""full_text"": ""3 사료로 보는 한국사 제1조 0 근 보정성성(保定省城)으로 이송하여 이6 0 0 청하도의 옛 관서에 거주시기도록 한다. 이言쁨에게 오가는 서신 일체는 밀봉할 수 없으며 간수 위원의 검열을 거쳐야 보낼 수 있다. 밀봉 되었거나 한글로 된 서신은 위원이 반송한다. [해설] 정으로 끌려간 흥선 대원군(이하응)을 감시하기 위해 만들어신 규정의 일부이다. 개화 정책에 대한 불만과 구식 군인에 대한 자별 대우로 일어난 이 사건을 진압한 정은 그 책임을 물어 흥선 대원군을 납지해 갔다\n‘이 사건’의 영향으로 옳은 것은?\n삼정이정청이 설치되었다.\n어재연 부대가 광성보에서 항전하였다.\n종로와 전국 각지에 척화비가 세워졌다.\n조청 상민 수륙 무역 장정이 체결되었다.\n일본 군함 운요호가 영종도를 공격하였다.""}]",source-candidate:fc65dc5e9b02804b4d2b,AKS:ARTICLE:E0007398:sha256-704d8ea620c542f5,AKS,3,조청 상민 수륙 무역 장정,body,body_mention,1.0,COMPATIBLE,"[""근대화""]","[""近代化""]","[""근대"", ""개항기""]",,,[],Concept,"{""headword"": ""근대화"", ""origin"": ""近代化"", ""headword_origin"": ""근대화(近代化)"", ""primary_type"": ""개념"", ""era"": ""근대/개항기"", ""definition"": ""봉건사회로부터 근대 자본주의사회로 이행해 가는 역사적인 변화."", ""snippet"": ""양국의 정치 · 군사적 압력으로 좌절을 겪게 되었다. 이 시기에 청국의 조선에 대한 적극적인 간섭, 특히 [조청상민수륙무역장정(朝淸商民水陸貿易章程)](E0052637)에 따른 전근대적인 종속관계가 강""}","[{""left_source_candidate_id"": ""source-candidate:a68492d624ef2c85ec16"", ""right_source_candidate_id"": ""source-candidate:fc65dc5e9b02804b4d2b"", ""signals"": [""era_overlap""], ""conflicts"": [""entity_type_conflict""], ""merge_eligible"": false}, {""left_source_candidate_id"": ""source-candidate:aad4caf1c505f77eacea"", ""right_source_candidate_id"": ""source-candidate:fc65dc5e9b02804b4d2b"", ""signals"": [""era_overlap""], ""conflicts"": [""entity_type_conflict""], ""merge_eligible"": false}]",EVIDENCE_ONLY,,,,REL_119,근대화,Concept,
61,gold-case:038e827b13a2f22f9a2e,term-review-task:d1aa3d7116dfbdae6e53,resolution-case:afe80f84714bf3a0cc27,조청 상민 수륙 무역 장정,조약,"[{""problem_id"": ""cj_v41_0128"", ""full_text"": ""며칠 전 러시아, 프랑스, 독일의 압력으로 일본이 청에 랴오둥반도를 반환했다는 소식 들었는가? 들었네. 우리도 이 기회에 러시아를 이용하여 일본의 간섭에서 벗어날 방도를 찾아야 할 것이네.\n다음 대화에 나타난 상황 이후의 사실로 옳은 것은?\n조청 상민 수륙 무역 장정을 체결하였다.\n건양이라는 독자적인 연호를 사용하였다.\n행정 기구를 6조에서 8아문으로 개편하였다.\n군국기무처를 설치하여 근대적 개혁을 추진하였다.\n영국이 러시아를 견제하기 위해 거문도를 점령하였다.""}, {""problem_id"": ""cj_v41_0265"", ""full_text"": ""(가) 대왕대비께서 전교하기를, “이번에 이렇게 만동묘를 철폐하고 다른 곳으로 옮기 모시는 것에 대해서 선현의 혼령이 알게 되더라도 올바른 예법이라고 여기고 유감이 없을 것이다.”라고 하였다. (나) 최익현이 상소를 올려 대원군의 잘못을 탄핵하기를, “만약 그 지위가 아닌데도 국정에 괸여하는 지는 단지 그 지위와 녹을 중요하게 여기기 때문이다.”라고 하였다. 왕은 너그러운 비답을 내려 특별히 그를 호조 참판에 발탁하고 총애하였다.\n(가), (나) 사이의 시기에 있었던 사실로 옳은 것은?\n신식 군대인 별기군이 창설되었다.\n서재필 등이 독립신문을 발행하였다.\n종로와 전국 각지에 척화비가 세워졌다.\n김옥균 등 개화 세력이 정변을 일으켰다.\n조청 상민 수륙 무역 장정을 체결하였다.""}, {""problem_id"": ""cj_v41_0314"", ""full_text"": ""3 사료로 보는 한국사 제1조 0 근 보정성성(保定省城)으로 이송하여 이6 0 0 청하도의 옛 관서에 거주시기도록 한다. 이言쁨에게 오가는 서신 일체는 밀봉할 수 없으며 간수 위원의 검열을 거쳐야 보낼 수 있다. 밀봉 되었거나 한글로 된 서신은 위원이 반송한다. [해설] 정으로 끌려간 흥선 대원군(이하응)을 감시하기 위해 만들어신 규정의 일부이다. 개화 정책에 대한 불만과 구식 군인에 대한 자별 대우로 일어난 이 사건을 진압한 정은 그 책임을 물어 흥선 대원군을 납지해 갔다\n‘이 사건’의 영향으로 옳은 것은?\n삼정이정청이 설치되었다.\n어재연 부대가 광성보에서 항전하였다.\n종로와 전국 각지에 척화비가 세워졌다.\n조청 상민 수륙 무역 장정이 체결되었다.\n일본 군함 운요호가 영종도를 공격하였다.""}]",source-candidate:476fa6214aa3e8b5c09a,AKS:ARTICLE:E0019151:sha256-704d8ea620c542f5,AKS,4,조청 상민 수륙 무역 장정,body,body_mention,1.0,COMPATIBLE,"[""무역""]","[""貿易""]","[""현대""]",,,[],Concept,"{""headword"": ""무역"", ""origin"": ""貿易"", ""headword_origin"": ""무역(貿易)"", ""primary_type"": ""개념"", ""era"": ""현대"", ""definition"": ""국가와 국가 사이에 서로 필요한 물품, 자본, 기술 등을 거래하는 경제활동."", ""snippet"": ""고 있었다. 따라서, 이 시기를 흔히 우리 나라 무역의 일본 독점기라고 부른다. 이 시기 1882년 8월 조청상민 수륙무역장정(朝淸商民水陸貿易章程)이 체결됨으로써 청나라와도 근대무역의 기반이 조성""}","[{""left_source_candidate_id"": ""source-candidate:476fa6214aa3e8b5c09a"", ""right_source_candidate_id"": ""source-candidate:a68492d624ef2c85ec16"", ""signals"": [], ""conflicts"": [""entity_type_conflict""], ""merge_eligible"": false}, {""left_source_candidate_id"": ""source-candidate:476fa6214aa3e8b5c09a"", ""right_source_candidate_id"": ""source-candidate:aad4caf1c505f77eacea"", ""signals"": [], ""conflicts"": [""entity_type_conflict""], ""merge_eligible"": false}]",EVIDENCE_ONLY,,,,REL_120,무역,Concept,
61,gold-case:038e827b13a2f22f9a2e,term-review-task:d1aa3d7116dfbdae6e53,resolution-case:afe80f84714bf3a0cc27,조청 상민 수륙 무역 장정,조약,"[{""problem_id"": ""cj_v41_0128"", ""full_text"": ""며칠 전 러시아, 프랑스, 독일의 압력으로 일본이 청에 랴오둥반도를 반환했다는 소식 들었는가? 들었네. 우리도 이 기회에 러시아를 이용하여 일본의 간섭에서 벗어날 방도를 찾아야 할 것이네.\n다음 대화에 나타난 상황 이후의 사실로 옳은 것은?\n조청 상민 수륙 무역 장정을 체결하였다.\n건양이라는 독자적인 연호를 사용하였다.\n행정 기구를 6조에서 8아문으로 개편하였다.\n군국기무처를 설치하여 근대적 개혁을 추진하였다.\n영국이 러시아를 견제하기 위해 거문도를 점령하였다.""}, {""problem_id"": ""cj_v41_0265"", ""full_text"": ""(가) 대왕대비께서 전교하기를, “이번에 이렇게 만동묘를 철폐하고 다른 곳으로 옮기 모시는 것에 대해서 선현의 혼령이 알게 되더라도 올바른 예법이라고 여기고 유감이 없을 것이다.”라고 하였다. (나) 최익현이 상소를 올려 대원군의 잘못을 탄핵하기를, “만약 그 지위가 아닌데도 국정에 괸여하는 지는 단지 그 지위와 녹을 중요하게 여기기 때문이다.”라고 하였다. 왕은 너그러운 비답을 내려 특별히 그를 호조 참판에 발탁하고 총애하였다.\n(가), (나) 사이의 시기에 있었던 사실로 옳은 것은?\n신식 군대인 별기군이 창설되었다.\n서재필 등이 독립신문을 발행하였다.\n종로와 전국 각지에 척화비가 세워졌다.\n김옥균 등 개화 세력이 정변을 일으켰다.\n조청 상민 수륙 무역 장정을 체결하였다.""}, {""problem_id"": ""cj_v41_0314"", ""full_text"": ""3 사료로 보는 한국사 제1조 0 근 보정성성(保定省城)으로 이송하여 이6 0 0 청하도의 옛 관서에 거주시기도록 한다. 이言쁨에게 오가는 서신 일체는 밀봉할 수 없으며 간수 위원의 검열을 거쳐야 보낼 수 있다. 밀봉 되었거나 한글로 된 서신은 위원이 반송한다. [해설] 정으로 끌려간 흥선 대원군(이하응)을 감시하기 위해 만들어신 규정의 일부이다. 개화 정책에 대한 불만과 구식 군인에 대한 자별 대우로 일어난 이 사건을 진압한 정은 그 책임을 물어 흥선 대원군을 납지해 갔다\n‘이 사건’의 영향으로 옳은 것은?\n삼정이정청이 설치되었다.\n어재연 부대가 광성보에서 항전하였다.\n종로와 전국 각지에 척화비가 세워졌다.\n조청 상민 수륙 무역 장정이 체결되었다.\n일본 군함 운요호가 영종도를 공격하였다.""}]",source-candidate:4d24111b363822a5e455,AKS:ARTICLE:E0059340:sha256-704d8ea620c542f5,AKS,5,조청 상민 수륙 무역 장정,body,body_mention,1.0,COMPATIBLE,"[""통상조약""]","[""通商條約""]","[""현대""]",,,[],Concept,"{""headword"": ""통상조약"", ""origin"": ""通商條約"", ""headword_origin"": ""통상조약(通商條約)"", ""primary_type"": ""개념"", ""era"": ""현대"", ""definition"": ""두 나라 사이의 통상에 관련된 사항을 규정한 조약."", ""snippet"": ""鴻章)의 알선으로 미국과 조미수호통상조약을 체결하였다. ① 8·15광복 이전：이어 9월에 청나라와 조청상민수륙무역장정(朝淸商民水陸貿易章程)이 체결되었는데, 이로써 청나라의 국내침략을 합리화""}","[{""left_source_candidate_id"": ""source-candidate:4d24111b363822a5e455"", ""right_source_candidate_id"": ""source-candidate:a68492d624ef2c85ec16"", ""signals"": [], ""conflicts"": [""entity_type_conflict""], ""merge_eligible"": false}, {""left_source_candidate_id"": ""source-candidate:4d24111b363822a5e455"", ""right_source_candidate_id"": ""source-candidate:aad4caf1c505f77eacea"", ""signals"": [], ""conflicts"": [""entity_type_conflict""], ""merge_eligible"": false}]",EVIDENCE_ONLY,,,,REL_121,통상조약,Concept,
61,gold-case:038e827b13a2f22f9a2e,term-review-task:d1aa3d7116dfbdae6e53,resolution-case:afe80f84714bf3a0cc27,조청 상민 수륙 무역 장정,조약,"[{""problem_id"": ""cj_v41_0128"", ""full_text"": ""며칠 전 러시아, 프랑스, 독일의 압력으로 일본이 청에 랴오둥반도를 반환했다는 소식 들었는가? 들었네. 우리도 이 기회에 러시아를 이용하여 일본의 간섭에서 벗어날 방도를 찾아야 할 것이네.\n다음 대화에 나타난 상황 이후의 사실로 옳은 것은?\n조청 상민 수륙 무역 장정을 체결하였다.\n건양이라는 독자적인 연호를 사용하였다.\n행정 기구를 6조에서 8아문으로 개편하였다.\n군국기무처를 설치하여 근대적 개혁을 추진하였다.\n영국이 러시아를 견제하기 위해 거문도를 점령하였다.""}, {""problem_id"": ""cj_v41_0265"", ""full_text"": ""(가) 대왕대비께서 전교하기를, “이번에 이렇게 만동묘를 철폐하고 다른 곳으로 옮기 모시는 것에 대해서 선현의 혼령이 알게 되더라도 올바른 예법이라고 여기고 유감이 없을 것이다.”라고 하였다. (나) 최익현이 상소를 올려 대원군의 잘못을 탄핵하기를, “만약 그 지위가 아닌데도 국정에 괸여하는 지는 단지 그 지위와 녹을 중요하게 여기기 때문이다.”라고 하였다. 왕은 너그러운 비답을 내려 특별히 그를 호조 참판에 발탁하고 총애하였다.\n(가), (나) 사이의 시기에 있었던 사실로 옳은 것은?\n신식 군대인 별기군이 창설되었다.\n서재필 등이 독립신문을 발행하였다.\n종로와 전국 각지에 척화비가 세워졌다.\n김옥균 등 개화 세력이 정변을 일으켰다.\n조청 상민 수륙 무역 장정을 체결하였다.""}, {""problem_id"": ""cj_v41_0314"", ""full_text"": ""3 사료로 보는 한국사 제1조 0 근 보정성성(保定省城)으로 이송하여 이6 0 0 청하도의 옛 관서에 거주시기도록 한다. 이言쁨에게 오가는 서신 일체는 밀봉할 수 없으며 간수 위원의 검열을 거쳐야 보낼 수 있다. 밀봉 되었거나 한글로 된 서신은 위원이 반송한다. [해설] 정으로 끌려간 흥선 대원군(이하응)을 감시하기 위해 만들어신 규정의 일부이다. 개화 정책에 대한 불만과 구식 군인에 대한 자별 대우로 일어난 이 사건을 진압한 정은 그 책임을 물어 흥선 대원군을 납지해 갔다\n‘이 사건’의 영향으로 옳은 것은?\n삼정이정청이 설치되었다.\n어재연 부대가 광성보에서 항전하였다.\n종로와 전국 각지에 척화비가 세워졌다.\n조청 상민 수륙 무역 장정이 체결되었다.\n일본 군함 운요호가 영종도를 공격하였다.""}]",source-candidate:c914c987c3fbaafdffeb,THESAURUS:TERM:7658:sha256-1022516a18f91e61,THESAURUS,6,상민수륙무역장정,name,bidirectional_containment,0.666978,UNKNOWN,"[""상민수륙무역장정""]","[""商民水陸貿易章程""]","[""개항기""]",,,[],,"{""term_name"": ""상민수륙무역장정"", ""hanja"": ""商民水陸貿易章程"", ""era"": ""개항기"", ""thesaurus_category"": ""외교·국제관계>외교협상·협약>개항기"", ""description"": ""1882년 8월 조선과 중국 상인의 수륙 양면에 걸친 통상에 관한 규정."", ""term_year"": ""1882""}",[],IDENTITY_MEMBER,ALT_122,조청상민수륙무역장정,Concept,,,,
61,gold-case:038e827b13a2f22f9a2e,term-review-task:d1aa3d7116dfbdae6e53,resolution-case:afe80f84714bf3a0cc27,조청 상민 수륙 무역 장정,조약,"[{""problem_id"": ""cj_v41_0128"", ""full_text"": ""며칠 전 러시아, 프랑스, 독일의 압력으로 일본이 청에 랴오둥반도를 반환했다는 소식 들었는가? 들었네. 우리도 이 기회에 러시아를 이용하여 일본의 간섭에서 벗어날 방도를 찾아야 할 것이네.\n다음 대화에 나타난 상황 이후의 사실로 옳은 것은?\n조청 상민 수륙 무역 장정을 체결하였다.\n건양이라는 독자적인 연호를 사용하였다.\n행정 기구를 6조에서 8아문으로 개편하였다.\n군국기무처를 설치하여 근대적 개혁을 추진하였다.\n영국이 러시아를 견제하기 위해 거문도를 점령하였다.""}, {""problem_id"": ""cj_v41_0265"", ""full_text"": ""(가) 대왕대비께서 전교하기를, “이번에 이렇게 만동묘를 철폐하고 다른 곳으로 옮기 모시는 것에 대해서 선현의 혼령이 알게 되더라도 올바른 예법이라고 여기고 유감이 없을 것이다.”라고 하였다. (나) 최익현이 상소를 올려 대원군의 잘못을 탄핵하기를, “만약 그 지위가 아닌데도 국정에 괸여하는 지는 단지 그 지위와 녹을 중요하게 여기기 때문이다.”라고 하였다. 왕은 너그러운 비답을 내려 특별히 그를 호조 참판에 발탁하고 총애하였다.\n(가), (나) 사이의 시기에 있었던 사실로 옳은 것은?\n신식 군대인 별기군이 창설되었다.\n서재필 등이 독립신문을 발행하였다.\n종로와 전국 각지에 척화비가 세워졌다.\n김옥균 등 개화 세력이 정변을 일으켰다.\n조청 상민 수륙 무역 장정을 체결하였다.""}, {""problem_id"": ""cj_v41_0314"", ""full_text"": ""3 사료로 보는 한국사 제1조 0 근 보정성성(保定省城)으로 이송하여 이6 0 0 청하도의 옛 관서에 거주시기도록 한다. 이言쁨에게 오가는 서신 일체는 밀봉할 수 없으며 간수 위원의 검열을 거쳐야 보낼 수 있다. 밀봉 되었거나 한글로 된 서신은 위원이 반송한다. [해설] 정으로 끌려간 흥선 대원군(이하응)을 감시하기 위해 만들어신 규정의 일부이다. 개화 정책에 대한 불만과 구식 군인에 대한 자별 대우로 일어난 이 사건을 진압한 정은 그 책임을 물어 흥선 대원군을 납지해 갔다\n‘이 사건’의 영향으로 옳은 것은?\n삼정이정청이 설치되었다.\n어재연 부대가 광성보에서 항전하였다.\n종로와 전국 각지에 척화비가 세워졌다.\n조청 상민 수륙 무역 장정이 체결되었다.\n일본 군함 운요호가 영종도를 공격하였다.""}]",source-candidate:6255fb99a07af3e6dbf7,AKS:ARTICLE:E0052637:sha256-704d8ea620c542f5,AKS,7,조중상민수륙무역장정,name,name_ngram,0.491889,COMPATIBLE,"[""조중상민수륙무역장정""]","[""朝中商民水陸貿易章程""]","[""근대"", ""개항기""]",,,[],Concept,"{""headword"": ""조중상민수륙무역장정"", ""origin"": ""朝中商民水陸貿易章程"", ""headword_origin"": ""조중상민수륙무역장정(朝中商民水陸貿易章程)"", ""primary_type"": ""제도/법령·제도"", ""era"": ""근대/개항기"", ""definition"": ""1882년(고종 19) 8월 23일 조선의 주정사(奏正使) 조영하(趙寧夏)와 청나라의 직례총독(直隷總督) 이홍장(李鴻章) 사이에 체결된 조선과 중국 상인의 수륙 양면에 걸친 통상에 관한 규정.""}","[{""left_source_candidate_id"": ""source-candidate:6255fb99a07af3e6dbf7"", ""right_source_candidate_id"": ""source-candidate:a68492d624ef2c85ec16"", ""signals"": [""era_overlap""], ""conflicts"": [""entity_type_conflict""], ""merge_eligible"": false}, {""left_source_candidate_id"": ""source-candidate:6255fb99a07af3e6dbf7"", ""right_source_candidate_id"": ""source-candidate:aad4caf1c505f77eacea"", ""signals"": [""era_overlap""], ""conflicts"": [""entity_type_conflict""], ""merge_eligible"": false}]",IDENTITY_MEMBER,ALT_122,조청상민수륙무역장정,Concept,,,,
61,gold-case:038e827b13a2f22f9a2e,term-review-task:d1aa3d7116dfbdae6e53,resolution-case:afe80f84714bf3a0cc27,조청 상민 수륙 무역 장정,조약,"[{""problem_id"": ""cj_v41_0128"", ""full_text"": ""며칠 전 러시아, 프랑스, 독일의 압력으로 일본이 청에 랴오둥반도를 반환했다는 소식 들었는가? 들었네. 우리도 이 기회에 러시아를 이용하여 일본의 간섭에서 벗어날 방도를 찾아야 할 것이네.\n다음 대화에 나타난 상황 이후의 사실로 옳은 것은?\n조청 상민 수륙 무역 장정을 체결하였다.\n건양이라는 독자적인 연호를 사용하였다.\n행정 기구를 6조에서 8아문으로 개편하였다.\n군국기무처를 설치하여 근대적 개혁을 추진하였다.\n영국이 러시아를 견제하기 위해 거문도를 점령하였다.""}, {""problem_id"": ""cj_v41_0265"", ""full_text"": ""(가) 대왕대비께서 전교하기를, “이번에 이렇게 만동묘를 철폐하고 다른 곳으로 옮기 모시는 것에 대해서 선현의 혼령이 알게 되더라도 올바른 예법이라고 여기고 유감이 없을 것이다.”라고 하였다. (나) 최익현이 상소를 올려 대원군의 잘못을 탄핵하기를, “만약 그 지위가 아닌데도 국정에 괸여하는 지는 단지 그 지위와 녹을 중요하게 여기기 때문이다.”라고 하였다. 왕은 너그러운 비답을 내려 특별히 그를 호조 참판에 발탁하고 총애하였다.\n(가), (나) 사이의 시기에 있었던 사실로 옳은 것은?\n신식 군대인 별기군이 창설되었다.\n서재필 등이 독립신문을 발행하였다.\n종로와 전국 각지에 척화비가 세워졌다.\n김옥균 등 개화 세력이 정변을 일으켰다.\n조청 상민 수륙 무역 장정을 체결하였다.""}, {""problem_id"": ""cj_v41_0314"", ""full_text"": ""3 사료로 보는 한국사 제1조 0 근 보정성성(保定省城)으로 이송하여 이6 0 0 청하도의 옛 관서에 거주시기도록 한다. 이言쁨에게 오가는 서신 일체는 밀봉할 수 없으며 간수 위원의 검열을 거쳐야 보낼 수 있다. 밀봉 되었거나 한글로 된 서신은 위원이 반송한다. [해설] 정으로 끌려간 흥선 대원군(이하응)을 감시하기 위해 만들어신 규정의 일부이다. 개화 정책에 대한 불만과 구식 군인에 대한 자별 대우로 일어난 이 사건을 진압한 정은 그 책임을 물어 흥선 대원군을 납지해 갔다\n‘이 사건’의 영향으로 옳은 것은?\n삼정이정청이 설치되었다.\n어재연 부대가 광성보에서 항전하였다.\n종로와 전국 각지에 척화비가 세워졌다.\n조청 상민 수륙 무역 장정이 체결되었다.\n일본 군함 운요호가 영종도를 공격하였다.""}]",source-candidate:a68492d624ef2c85ec16,AKS:ARTICLE:E0053679:sha256-704d8ea620c542f5,AKS,8,봉천여조선변민교역장정,description,description_ngram,0.348413,COMPATIBLE,"[""봉천여조선변민교역장정"", ""중강통상장정""]","[""中江通商章程""]","[""근대"", ""개항기""]",,,[],Work,"{""headword"": ""중강통상장정"", ""aliases"": [""봉천여조선변민교역장정""], ""origin"": ""中江通商章程"", ""headword_origin"": ""중강통상장정(中江通商章程)"", ""primary_type"": ""문헌/문서"", ""era"": ""근대/개항기"", ""definition"": ""1882년(고종 19) 8월 23일, 조선과 청나라 사이의 상민수륙무역장정(商民水陸貿易章程)에 의거하여 두 나라가 체결한 중강무역(中江貿易)의 재개에 관한 조약.""}","[{""left_source_candidate_id"": ""source-candidate:476fa6214aa3e8b5c09a"", ""right_source_candidate_id"": ""source-candidate:a68492d624ef2c85ec16"", ""signals"": [], ""conflicts"": [""entity_type_conflict""], ""merge_eligible"": false}, {""left_source_candidate_id"": ""source-candidate:4d24111b363822a5e455"", ""right_source_candidate_id"": ""source-candidate:a68492d624ef2c85ec16"", ""signals"": [], ""conflicts"": [""entity_type_conflict""], ""merge_eligible"": false}, {""left_source_candidate_id"": ""source-candidate:4f55128f2e02efbb0375"", ""right_source_candidate_id"": ""source-candidate:a68492d624ef2c85ec16"", ""signals"": [], ""conflicts"": [""entity_type_conflict""], ""merge_eligible"": false}, {""left_source_candidate_id"": ""source-candidate:6255fb99a07af3e6dbf7"", ""right_source_candidate_id"": ""source-candidate:a68492d624ef2c85ec16"", ""signals"": [""era_overlap""], ""conflicts"": [""entity_type_conflict""], ""merge_eligible"": false}, {""left_source_candidate_id"": ""source-candidate:a68492d624ef2c85ec16"", ""right_source_candidate_id"": ""source-candidate:aad4caf1c505f77eacea"", ""signals"": [""era_overlap""], ""conflicts"": [""entity_type_conflict""], ""merge_eligible"": false}, {""left_source_candidate_id"": ""source-candidate:a68492d624ef2c85ec16"", ""right_source_candidate_id"": ""source-candidate:fc65dc5e9b02804b4d2b"", ""signals"": [""era_overlap""], ""conflicts"": [""entity_type_conflict""], ""merge_eligible"": false}]",EVIDENCE_ONLY,,,,REL_123,봉천여조선변민교역장정,Concept,
62,gold-case:8c61402beaca9c337af8,term-review-task:2f2f7be3ab5c5423ef44,resolution-case:ccf746e4d1b36b2f5735,금동제 가면,유물,"[{""problem_id"": ""cj_v41_0193"", ""full_text"": ""이 유물은 중국 지런성 상화강 유역의 등된산 유적에서 출토된 (가) 의 금동제 가면이다. '삼국지 동이전에 따르면 에는 여러 가까들이 별도로 관찰하는 사출도가 있엿으며 사람을 죽여 순장하는 풍습이 행해 젓다고 한다.\n(가) 나라에 대한 설명으로 옳은 것은?\n12월에 영고라는 제천 행사를 열었다.\n신지, 읍차라고 불린 지배자가 있었다.\n제사장인 천군과 신성 지역인 소도가 존재하였다.\n대가들이 사자, 조의, 선인 등의 관리를 거느렸다.\n다른 부족의 영역을 침범하면 소나 말로 변상하였다.""}]",source-candidate:141e1d891f5d35390eb5,THESAURUS:TERM:2102925:sha256-1022516a18f91e61,THESAURUS,1,금동제원륜,name,name_ngram,0.312,UNKNOWN,"[""금동제원륜""]","[""金銅製圓輪""]","[""남북국시대""]",,,[],Heritage,"{""term_name"": ""금동제원륜"", ""hanja"": ""金銅製圓輪"", ""era"": ""남북국시대"", ""thesaurus_category"": ""문화재"", ""description"": ""통일신라시대 장식구로 경상북도 칠곡 송림사 5층 전탑에서 발견. 2개의 원륜으로 양쪽 면에 가는 동심원이 그려져 있음. 국립대구박물관 소장."", ""term_year"": ""?""}",[],,,,,,,,
62,gold-case:8c61402beaca9c337af8,term-review-task:2f2f7be3ab5c5423ef44,resolution-case:ccf746e4d1b36b2f5735,금동제 가면,유물,"[{""problem_id"": ""cj_v41_0193"", ""full_text"": ""이 유물은 중국 지런성 상화강 유역의 등된산 유적에서 출토된 (가) 의 금동제 가면이다. '삼국지 동이전에 따르면 에는 여러 가까들이 별도로 관찰하는 사출도가 있엿으며 사람을 죽여 순장하는 풍습이 행해 젓다고 한다.\n(가) 나라에 대한 설명으로 옳은 것은?\n12월에 영고라는 제천 행사를 열었다.\n신지, 읍차라고 불린 지배자가 있었다.\n제사장인 천군과 신성 지역인 소도가 존재하였다.\n대가들이 사자, 조의, 선인 등의 관리를 거느렸다.\n다른 부족의 영역을 침범하면 소나 말로 변상하였다.""}]",source-candidate:648d71b46ef40cfece4e,AKS:ARTICLE:E0007673:sha256-704d8ea620c542f5,AKS,2,금동탑,name,name_ngram,0.2725,COMPATIBLE,"[""금동탑""]","[""金銅塔""]","[""고려"", ""고려 전기"", ""고려 후기""]",,,[],Heritage,"{""headword"": ""금동탑"", ""origin"": ""金銅塔"", ""headword_origin"": ""금동탑(金銅塔)"", ""primary_type"": ""유적/탑·비"", ""era"": ""고려/고려 전기 | 고려/고려 후기"", ""definition"": ""고려시대의 금동탑.""}",[],,,,,,,,
62,gold-case:8c61402beaca9c337af8,term-review-task:2f2f7be3ab5c5423ef44,resolution-case:ccf746e4d1b36b2f5735,금동제 가면,유물,"[{""problem_id"": ""cj_v41_0193"", ""full_text"": ""이 유물은 중국 지런성 상화강 유역의 등된산 유적에서 출토된 (가) 의 금동제 가면이다. '삼국지 동이전에 따르면 에는 여러 가까들이 별도로 관찰하는 사출도가 있엿으며 사람을 죽여 순장하는 풍습이 행해 젓다고 한다.\n(가) 나라에 대한 설명으로 옳은 것은?\n12월에 영고라는 제천 행사를 열었다.\n신지, 읍차라고 불린 지배자가 있었다.\n제사장인 천군과 신성 지역인 소도가 존재하였다.\n대가들이 사자, 조의, 선인 등의 관리를 거느렸다.\n다른 부족의 영역을 침범하면 소나 말로 변상하였다.""}]",source-candidate:af419bd8060e33c89008,THESAURUS:TERM:12604741:sha256-1022516a18f91e61,THESAURUS,3,금동리,name,name_ngram,0.2725,UNKNOWN,"[""금동리""]","[""金銅履""]","[""고대""]",,,[],,"{""term_name"": ""금동리"", ""hanja"": ""金銅履"", ""era"": ""고대"", ""thesaurus_category"": ""문화·예술>미술"", ""description"": ""장의(葬儀)나 특별한 제전에 사용하기 위하여 금속으로 만든 신. 대개 얇은 금동판을 이어서 만들고 바닥에는 굵은 못이 박혀 있으며, 앞창이 약간 들린 형태. 가야·백제와 신라의 고분 및 일본에 많이 분포."", ""term_year"": ""?-?""}",[],,,,,,,,
63,gold-case:4cea835efc69cca12b55,term-review-task:864ab78d61e2df14b079,resolution-case:0f97dc342adf129ca5cf,오용진,인물,"[{""problem_id"": ""cj_v41_0264"", ""full_text"": ""적도의 우두머리는 성은 홍이고 이름은 알 수 없으예 우군식 -오용진 등이 그의 부하라고 하옵니다. 또한 선천 부사 김익순은 그들에게 항복 했다고 하옵니다. 적도들을 즉시 토벌하라.\n다음 대화에 나타난 사건에 대한 설명으로 옳은 것은?\n박규수가 안핵사로 파견되었다.\n조병갑의 탐학이 계기가 되었다.\n선혜청과 일본 공사관을 공격하였다.\n서북인에 대한 차별에 반발하여 일어났다.\n남접과 북접이 연합하여 조직적으로 전개되었다.""}]",source-candidate:7f33e8bb7960f1cc4db9,THESAURUS:TERM:14690438:sha256-1022516a18f91e61,THESAURUS,1,용진현,description,description_containment,0.806667,UNKNOWN,"[""용진현""]","[""龍津縣""]","[""고려후기-조선전기""]",,,[],Place,"{""term_name"": ""용진현"", ""hanja"": ""龍津縣"", ""era"": ""고려후기-조선전기"", ""thesaurus_category"": ""지명"", ""description"": ""1379년(우왕 5) 용진진(龍津鎭)을 고친 행정구역명. 1459년(세조 5) 용성사(龍城社)로 격하하여 덕원도호부에 속하게 함."", ""term_year"": ""1379-1459""}","[{""left_source_candidate_id"": ""source-candidate:6ae418d6adac2c4482eb"", ""right_source_candidate_id"": ""source-candidate:7f33e8bb7960f1cc4db9"", ""signals"": [], ""conflicts"": [""entity_type_conflict""], ""merge_eligible"": false}, {""left_source_candidate_id"": ""source-candidate:7f33e8bb7960f1cc4db9"", ""right_source_candidate_id"": ""source-candidate:827ce1b2f01e170376ec"", ""signals"": [], ""conflicts"": [""entity_type_conflict""], ""merge_eligible"": false}, {""left_source_candidate_id"": ""source-candidate:7f33e8bb7960f1cc4db9"", ""right_source_candidate_id"": ""source-candidate:9a75b6c737c94cc9c69b"", ""signals"": [], ""conflicts"": [""entity_type_conflict""], ""merge_eligible"": false}, {""left_source_candidate_id"": ""source-candidate:7f33e8bb7960f1cc4db9"", ""right_source_candidate_id"": ""source-candidate:9ffac7319a0e822be8dd"", ""signals"": [], ""conflicts"": [""entity_type_conflict""], ""merge_eligible"": false}, {""left_source_candidate_id"": ""source-candidate:7f33e8bb7960f1cc4db9"", ""right_source_candidate_id"": ""source-candidate:baf348f2804227421c1b"", ""signals"": [], ""conflicts"": [""entity_type_conflict""], ""merge_eligible"": false}, {""left_source_candidate_id"": ""source-candidate:7f33e8bb7960f1cc4db9"", ""right_source_candidate_id"": ""source-candidate:dde3a015ba693fc2cd0e"", ""signals"": [], ""conflicts"": [""entity_type_conflict""], ""merge_eligible"": false}]",,,,,,,,
63,gold-case:4cea835efc69cca12b55,term-review-task:864ab78d61e2df14b079,resolution-case:0f97dc342adf129ca5cf,오용진,인물,"[{""problem_id"": ""cj_v41_0264"", ""full_text"": ""적도의 우두머리는 성은 홍이고 이름은 알 수 없으예 우군식 -오용진 등이 그의 부하라고 하옵니다. 또한 선천 부사 김익순은 그들에게 항복 했다고 하옵니다. 적도들을 즉시 토벌하라.\n다음 대화에 나타난 사건에 대한 설명으로 옳은 것은?\n박규수가 안핵사로 파견되었다.\n조병갑의 탐학이 계기가 되었다.\n선혜청과 일본 공사관을 공격하였다.\n서북인에 대한 차별에 반발하여 일어났다.\n남접과 북접이 연합하여 조직적으로 전개되었다.""}]",source-candidate:9a75b6c737c94cc9c69b,THESAURUS:TERM:39857984:sha256-1022516a18f91e61,THESAURUS,2,용진정사,name,name_ngram,0.386429,UNKNOWN,"[""용진정사""]","[""湧珍精舍""]","[""일제시기""]",,,[],Heritage,"{""term_name"": ""용진정사"", ""hanja"": ""湧珍精舍"", ""era"": ""일제시기"", ""thesaurus_category"": ""문화재"", ""description"": ""일제시기 후석(後石) 오준선(吳駿先)이 일본이 한국을 병탄하자 망국의 한을 달래면서 용진산에 강당을 짓고 후진 양성에 힘쓴 곳. 광주광역시 광산구 왕동에 있음."", ""term_year"": ""?""}","[{""left_source_candidate_id"": ""source-candidate:6ae418d6adac2c4482eb"", ""right_source_candidate_id"": ""source-candidate:9a75b6c737c94cc9c69b"", ""signals"": [], ""conflicts"": [""entity_type_conflict""], ""merge_eligible"": false}, {""left_source_candidate_id"": ""source-candidate:7f33e8bb7960f1cc4db9"", ""right_source_candidate_id"": ""source-candidate:9a75b6c737c94cc9c69b"", ""signals"": [], ""conflicts"": [""entity_type_conflict""], ""merge_eligible"": false}, {""left_source_candidate_id"": ""source-candidate:9a75b6c737c94cc9c69b"", ""right_source_candidate_id"": ""source-candidate:9ffac7319a0e822be8dd"", ""signals"": [], ""conflicts"": [""entity_type_conflict""], ""merge_eligible"": false}, {""left_source_candidate_id"": ""source-candidate:9a75b6c737c94cc9c69b"", ""right_source_candidate_id"": ""source-candidate:baf348f2804227421c1b"", ""signals"": [], ""conflicts"": [""entity_type_conflict""], ""merge_eligible"": false}, {""left_source_candidate_id"": ""source-candidate:9a75b6c737c94cc9c69b"", ""right_source_candidate_id"": ""source-candidate:dde3a015ba693fc2cd0e"", ""signals"": [], ""conflicts"": [""entity_type_conflict""], ""merge_eligible"": false}, {""left_source_candidate_id"": ""source-candidate:9a75b6c737c94cc9c69b"", ""right_source_candidate_id"": ""source-candidate:fc66ebb6acf391794914"", ""signals"": [], ""conflicts"": [""entity_type_conflict""], ""merge_eligible"": false}]",,,,,,,,
63,gold-case:4cea835efc69cca12b55,term-review-task:864ab78d61e2df14b079,resolution-case:0f97dc342adf129ca5cf,오용진,인물,"[{""problem_id"": ""cj_v41_0264"", ""full_text"": ""적도의 우두머리는 성은 홍이고 이름은 알 수 없으예 우군식 -오용진 등이 그의 부하라고 하옵니다. 또한 선천 부사 김익순은 그들에게 항복 했다고 하옵니다. 적도들을 즉시 토벌하라.\n다음 대화에 나타난 사건에 대한 설명으로 옳은 것은?\n박규수가 안핵사로 파견되었다.\n조병갑의 탐학이 계기가 되었다.\n선혜청과 일본 공사관을 공격하였다.\n서북인에 대한 차별에 반발하여 일어났다.\n남접과 북접이 연합하여 조직적으로 전개되었다.""}]",source-candidate:827ce1b2f01e170376ec,THESAURUS:TERM:4201901:sha256-1022516a18f91e61,THESAURUS,3,용진진,name,name_ngram,0.37,UNKNOWN,"[""용진진""]","[""龍津鎭""]","[""조선후기""]",,,[],Heritage,"{""term_name"": ""용진진"", ""hanja"": ""龍津鎭"", ""era"": ""조선후기"", ""thesaurus_category"": ""문화재"", ""description"": ""1656년(효종 7)에 인천광역시 강화군 선원면 지산리에 축조한 진(鎭). 가리산, 좌강, 용당돈대 등 3개 돈대 관리."", ""term_year"": ""1656""}","[{""left_source_candidate_id"": ""source-candidate:6ae418d6adac2c4482eb"", ""right_source_candidate_id"": ""source-candidate:827ce1b2f01e170376ec"", ""signals"": [], ""conflicts"": [""entity_type_conflict""], ""merge_eligible"": false}, {""left_source_candidate_id"": ""source-candidate:7f33e8bb7960f1cc4db9"", ""right_source_candidate_id"": ""source-candidate:827ce1b2f01e170376ec"", ""signals"": [], ""conflicts"": [""entity_type_conflict""], ""merge_eligible"": false}, {""left_source_candidate_id"": ""source-candidate:827ce1b2f01e170376ec"", ""right_source_candidate_id"": ""source-candidate:9ffac7319a0e822be8dd"", ""signals"": [], ""conflicts"": [""entity_type_conflict""], ""merge_eligible"": false}, {""left_source_candidate_id"": ""source-candidate:827ce1b2f01e170376ec"", ""right_source_candidate_id"": ""source-candidate:baf348f2804227421c1b"", ""signals"": [], ""conflicts"": [""entity_type_conflict""], ""merge_eligible"": false}, {""left_source_candidate_id"": ""source-candidate:827ce1b2f01e170376ec"", ""right_source_candidate_id"": ""source-candidate:dde3a015ba693fc2cd0e"", ""signals"": [""era_overlap""], ""conflicts"": [""entity_type_conflict""], ""merge_eligible"": false}, {""left_source_candidate_id"": ""source-candidate:827ce1b2f01e170376ec"", ""right_source_candidate_id"": ""source-candidate:fc66ebb6acf391794914"", ""signals"": [], ""conflicts"": [""entity_type_conflict""], ""merge_eligible"": false}]",,,,,,,,
63,gold-case:4cea835efc69cca12b55,term-review-task:864ab78d61e2df14b079,resolution-case:0f97dc342adf129ca5cf,오용진,인물,"[{""problem_id"": ""cj_v41_0264"", ""full_text"": ""적도의 우두머리는 성은 홍이고 이름은 알 수 없으예 우군식 -오용진 등이 그의 부하라고 하옵니다. 또한 선천 부사 김익순은 그들에게 항복 했다고 하옵니다. 적도들을 즉시 토벌하라.\n다음 대화에 나타난 사건에 대한 설명으로 옳은 것은?\n박규수가 안핵사로 파견되었다.\n조병갑의 탐학이 계기가 되었다.\n선혜청과 일본 공사관을 공격하였다.\n서북인에 대한 차별에 반발하여 일어났다.\n남접과 북접이 연합하여 조직적으로 전개되었다.""}]",source-candidate:dde3a015ba693fc2cd0e,AKS:ARTICLE:E0003846:sha256-704d8ea620c542f5,AKS,4,고용진,name,name_ngram,0.336667,COMPATIBLE,"[""고용진"", ""송재松齋"", ""운서雲瑞""]","[""高龍鎭"", ""松齋"", ""雲瑞""]","[""조선"", ""조선 후기"", ""근대"", ""일제강점기""]",,,[],Person,"{""headword"": ""고용진"", ""aliases"": [""송재(松齋)"", ""운서(雲瑞)""], ""origin"": ""高龍鎭"", ""headword_origin"": ""고용진(高龍鎭)"", ""primary_type"": ""인물/근현대 인물"", ""era"": ""조선/조선 후기 | 근대/일제강점기"", ""definition"": ""일제강점기 때, 의병 및 독립의군부 회계총관으로 활동하며 항일운동을 전개하였고, 파리장서 서명운동에 가담한 의병·독립운동가.""}","[{""left_source_candidate_id"": ""source-candidate:7f33e8bb7960f1cc4db9"", ""right_source_candidate_id"": ""source-candidate:dde3a015ba693fc2cd0e"", ""signals"": [], ""conflicts"": [""entity_type_conflict""], ""merge_eligible"": false}, {""left_source_candidate_id"": ""source-candidate:827ce1b2f01e170376ec"", ""right_source_candidate_id"": ""source-candidate:dde3a015ba693fc2cd0e"", ""signals"": [""era_overlap""], ""conflicts"": [""entity_type_conflict""], ""merge_eligible"": false}, {""left_source_candidate_id"": ""source-candidate:9a75b6c737c94cc9c69b"", ""right_source_candidate_id"": ""source-candidate:dde3a015ba693fc2cd0e"", ""signals"": [], ""conflicts"": [""entity_type_conflict""], ""merge_eligible"": false}, {""left_source_candidate_id"": ""source-candidate:dde3a015ba693fc2cd0e"", ""right_source_candidate_id"": ""source-candidate:fc66ebb6acf391794914"", ""signals"": [], ""conflicts"": [""entity_type_conflict""], ""merge_eligible"": false}]",,,,,,,,
63,gold-case:4cea835efc69cca12b55,term-review-task:864ab78d61e2df14b079,resolution-case:0f97dc342adf129ca5cf,오용진,인물,"[{""problem_id"": ""cj_v41_0264"", ""full_text"": ""적도의 우두머리는 성은 홍이고 이름은 알 수 없으예 우군식 -오용진 등이 그의 부하라고 하옵니다. 또한 선천 부사 김익순은 그들에게 항복 했다고 하옵니다. 적도들을 즉시 토벌하라.\n다음 대화에 나타난 사건에 대한 설명으로 옳은 것은?\n박규수가 안핵사로 파견되었다.\n조병갑의 탐학이 계기가 되었다.\n선혜청과 일본 공사관을 공격하였다.\n서북인에 대한 차별에 반발하여 일어났다.\n남접과 북접이 연합하여 조직적으로 전개되었다.""}]",source-candidate:9ffac7319a0e822be8dd,AKS:ARTICLE:E0009972:sha256-704d8ea620c542f5,AKS,5,김용진,name,name_ngram,0.336667,COMPATIBLE,"[""구룡산인九龍山人"", ""김용진"", ""성구聖九"", ""영운潁雲"", ""향석香石""]","[""金容鎭"", ""九龍山人"", ""聖九"", ""潁雲"", ""香石""]","[""근대"", ""개항기"", ""현대""]",,,[],Person,"{""headword"": ""김용진"", ""aliases"": [""구룡산인(九龍山人)"", ""성구(聖九)"", ""영운(潁雲)"", ""향석(香石)""], ""origin"": ""金容鎭"", ""headword_origin"": ""김용진(金容鎭)"", ""primary_type"": ""인물/근현대 인물"", ""era"": ""근대/개항기 | 현대"", ""definition"": ""해방 이후 대한민국미술전람회 고문, 한국서예가협회 고문 등을 역임한 서화가.""}","[{""left_source_candidate_id"": ""source-candidate:7f33e8bb7960f1cc4db9"", ""right_source_candidate_id"": ""source-candidate:9ffac7319a0e822be8dd"", ""signals"": [], ""conflicts"": [""entity_type_conflict""], ""merge_eligible"": false}, {""left_source_candidate_id"": ""source-candidate:827ce1b2f01e170376ec"", ""right_source_candidate_id"": ""source-candidate:9ffac7319a0e822be8dd"", ""signals"": [], ""conflicts"": [""entity_type_conflict""], ""merge_eligible"": false}, {""left_source_candidate_id"": ""source-candidate:9a75b6c737c94cc9c69b"", ""right_source_candidate_id"": ""source-candidate:9ffac7319a0e822be8dd"", ""signals"": [], ""conflicts"": [""entity_type_conflict""], ""merge_eligible"": false}, {""left_source_candidate_id"": ""source-candidate:9ffac7319a0e822be8dd"", ""right_source_candidate_id"": ""source-candidate:fc66ebb6acf391794914"", ""signals"": [], ""conflicts"": [""entity_type_conflict""], ""merge_eligible"": false}]",,,,,,,,
63,gold-case:4cea835efc69cca12b55,term-review-task:864ab78d61e2df14b079,resolution-case:0f97dc342adf129ca5cf,오용진,인물,"[{""problem_id"": ""cj_v41_0264"", ""full_text"": ""적도의 우두머리는 성은 홍이고 이름은 알 수 없으예 우군식 -오용진 등이 그의 부하라고 하옵니다. 또한 선천 부사 김익순은 그들에게 항복 했다고 하옵니다. 적도들을 즉시 토벌하라.\n다음 대화에 나타난 사건에 대한 설명으로 옳은 것은?\n박규수가 안핵사로 파견되었다.\n조병갑의 탐학이 계기가 되었다.\n선혜청과 일본 공사관을 공격하였다.\n서북인에 대한 차별에 반발하여 일어났다.\n남접과 북접이 연합하여 조직적으로 전개되었다.""}]",source-candidate:6ae418d6adac2c4482eb,AKS:ARTICLE:E0009973:sha256-704d8ea620c542f5,AKS,6,김용진,name,name_ngram,0.336667,COMPATIBLE,"[""김용진""]","[""金庸震""]","[""근대"", ""개항기"", ""일제강점기""]",,,[],Person,"{""headword"": ""김용진"", ""origin"": ""金庸震"", ""headword_origin"": ""김용진(金庸震)"", ""primary_type"": ""인물/근현대 인물"", ""era"": ""근대/개항기 | 근대/일제강점기"", ""definition"": ""일제강점기 때, 신민회 운영위원으로 활동하였으며, 황해도에서 임시정부 연통제를 조직하여 군자금 모금 활동 등을 전개한 독립운동가.""}","[{""left_source_candidate_id"": ""source-candidate:6ae418d6adac2c4482eb"", ""right_source_candidate_id"": ""source-candidate:7f33e8bb7960f1cc4db9"", ""signals"": [], ""conflicts"": [""entity_type_conflict""], ""merge_eligible"": false}, {""left_source_candidate_id"": ""source-candidate:6ae418d6adac2c4482eb"", ""right_source_candidate_id"": ""source-candidate:827ce1b2f01e170376ec"", ""signals"": [], ""conflicts"": [""entity_type_conflict""], ""merge_eligible"": false}, {""left_source_candidate_id"": ""source-candidate:6ae418d6adac2c4482eb"", ""right_source_candidate_id"": ""source-candidate:9a75b6c737c94cc9c69b"", ""signals"": [], ""conflicts"": [""entity_type_conflict""], ""merge_eligible"": false}, {""left_source_candidate_id"": ""source-candidate:6ae418d6adac2c4482eb"", ""right_source_candidate_id"": ""source-candidate:fc66ebb6acf391794914"", ""signals"": [], ""conflicts"": [""entity_type_conflict""], ""merge_eligible"": false}]",,,,,,,,
63,gold-case:4cea835efc69cca12b55,term-review-task:864ab78d61e2df14b079,resolution-case:0f97dc342adf129ca5cf,오용진,인물,"[{""problem_id"": ""cj_v41_0264"", ""full_text"": ""적도의 우두머리는 성은 홍이고 이름은 알 수 없으예 우군식 -오용진 등이 그의 부하라고 하옵니다. 또한 선천 부사 김익순은 그들에게 항복 했다고 하옵니다. 적도들을 즉시 토벌하라.\n다음 대화에 나타난 사건에 대한 설명으로 옳은 것은?\n박규수가 안핵사로 파견되었다.\n조병갑의 탐학이 계기가 되었다.\n선혜청과 일본 공사관을 공격하였다.\n서북인에 대한 차별에 반발하여 일어났다.\n남접과 북접이 연합하여 조직적으로 전개되었다.""}]",source-candidate:baf348f2804227421c1b,AKS:ARTICLE:E0030546:sha256-704d8ea620c542f5,AKS,7,손용진,name,name_ngram,0.336667,COMPATIBLE,"[""손용진""]","[""孫勇進""]","[""근대"", ""대한제국기"", ""현대""]",,,[],Person,"{""headword"": ""손용진"", ""origin"": ""孫勇進"", ""headword_origin"": ""손용진(孫勇進)"", ""primary_type"": ""인물/근현대 인물"", ""era"": ""근대/대한제국기 | 현대"", ""definition"": ""해방 이후 「윤봉길의사」, 「고려방직」, 「사랑을 찾아서」 등의 작품에 관여한 영화인. 영화촬영기사.""}","[{""left_source_candidate_id"": ""source-candidate:7f33e8bb7960f1cc4db9"", ""right_source_candidate_id"": ""source-candidate:baf348f2804227421c1b"", ""signals"": [], ""conflicts"": [""entity_type_conflict""], ""merge_eligible"": false}, {""left_source_candidate_id"": ""source-candidate:827ce1b2f01e170376ec"", ""right_source_candidate_id"": ""source-candidate:baf348f2804227421c1b"", ""signals"": [], ""conflicts"": [""entity_type_conflict""], ""merge_eligible"": false}, {""left_source_candidate_id"": ""source-candidate:9a75b6c737c94cc9c69b"", ""right_source_candidate_id"": ""source-candidate:baf348f2804227421c1b"", ""signals"": [], ""conflicts"": [""entity_type_conflict""], ""merge_eligible"": false}, {""left_source_candidate_id"": ""source-candidate:baf348f2804227421c1b"", ""right_source_candidate_id"": ""source-candidate:fc66ebb6acf391794914"", ""signals"": [], ""conflicts"": [""entity_type_conflict""], ""merge_eligible"": false}]",,,,,,,,
63,gold-case:4cea835efc69cca12b55,term-review-task:864ab78d61e2df14b079,resolution-case:0f97dc342adf129ca5cf,오용진,인물,"[{""problem_id"": ""cj_v41_0264"", ""full_text"": ""적도의 우두머리는 성은 홍이고 이름은 알 수 없으예 우군식 -오용진 등이 그의 부하라고 하옵니다. 또한 선천 부사 김익순은 그들에게 항복 했다고 하옵니다. 적도들을 즉시 토벌하라.\n다음 대화에 나타난 사건에 대한 설명으로 옳은 것은?\n박규수가 안핵사로 파견되었다.\n조병갑의 탐학이 계기가 되었다.\n선혜청과 일본 공사관을 공격하였다.\n서북인에 대한 차별에 반발하여 일어났다.\n남접과 북접이 연합하여 조직적으로 전개되었다.""}]",source-candidate:e0a5dacd573f1868a89a,THESAURUS:TERM:10491076:sha256-1022516a18f91e61,THESAURUS,8,용진가,name,name_ngram,0.336667,UNKNOWN,"[""용진가""]","[""鏞進歌""]","[""일제시기""]",,,[],,"{""term_name"": ""용진가"", ""hanja"": ""鏞進歌"", ""era"": ""일제시기"", ""thesaurus_category"": ""문화·예술>음악"", ""description"": ""1910년대 만주에서 불려진 대표적인 독립군가."", ""term_year"": ""1910""}",[],,,,,,,,
63,gold-case:4cea835efc69cca12b55,term-review-task:864ab78d61e2df14b079,resolution-case:0f97dc342adf129ca5cf,오용진,인물,"[{""problem_id"": ""cj_v41_0264"", ""full_text"": ""적도의 우두머리는 성은 홍이고 이름은 알 수 없으예 우군식 -오용진 등이 그의 부하라고 하옵니다. 또한 선천 부사 김익순은 그들에게 항복 했다고 하옵니다. 적도들을 즉시 토벌하라.\n다음 대화에 나타난 사건에 대한 설명으로 옳은 것은?\n박규수가 안핵사로 파견되었다.\n조병갑의 탐학이 계기가 되었다.\n선혜청과 일본 공사관을 공격하였다.\n서북인에 대한 차별에 반발하여 일어났다.\n남접과 북접이 연합하여 조직적으로 전개되었다.""}]",source-candidate:fe0b14a30740f97f3f9d,THESAURUS:TERM:10491079:sha256-1022516a18f91e61,THESAURUS,9,용진단,name,name_ngram,0.336667,UNKNOWN,"[""용진단""]","[""勇進團""]","[""일제시기""]",,,[],,"{""term_name"": ""용진단"", ""hanja"": ""勇進團"", ""era"": ""일제시기"", ""thesaurus_category"": ""사회운동·독립운동>독립운동>민족주의운동(독립)"", ""description"": ""1920년 12월 전재완(全在完) 등이 조선독립을 목적으로 결성한 독립운동단체."", ""term_year"": ""1920-?""}",[],,,,,,,,
63,gold-case:4cea835efc69cca12b55,term-review-task:864ab78d61e2df14b079,resolution-case:0f97dc342adf129ca5cf,오용진,인물,"[{""problem_id"": ""cj_v41_0264"", ""full_text"": ""적도의 우두머리는 성은 홍이고 이름은 알 수 없으예 우군식 -오용진 등이 그의 부하라고 하옵니다. 또한 선천 부사 김익순은 그들에게 항복 했다고 하옵니다. 적도들을 즉시 토벌하라.\n다음 대화에 나타난 사건에 대한 설명으로 옳은 것은?\n박규수가 안핵사로 파견되었다.\n조병갑의 탐학이 계기가 되었다.\n선혜청과 일본 공사관을 공격하였다.\n서북인에 대한 차별에 반발하여 일어났다.\n남접과 북접이 연합하여 조직적으로 전개되었다.""}]",source-candidate:fc66ebb6acf391794914,AKS:ARTICLE:E0039689:sha256-704d8ea620c542f5,AKS,10,용진,name,name_ngram,0.386,CONFLICT,"[""용진"", ""호포狐浦""]","[""龍津"", ""狐浦""]","[""고려"", ""고려 전기""]",,,[],Place,"{""headword"": ""용진"", ""aliases"": [""호포(狐浦)""], ""origin"": ""龍津"", ""headword_origin"": ""용진(龍津)"", ""primary_type"": ""지명/고지명"", ""era"": ""고려/고려 전기"", ""definition"": ""함경남도 문천지역의 옛 지명.""}","[{""left_source_candidate_id"": ""source-candidate:6ae418d6adac2c4482eb"", ""right_source_candidate_id"": ""source-candidate:fc66ebb6acf391794914"", ""signals"": [], ""conflicts"": [""entity_type_conflict""], ""merge_eligible"": false}, {""left_source_candidate_id"": ""source-candidate:827ce1b2f01e170376ec"", ""right_source_candidate_id"": ""source-candidate:fc66ebb6acf391794914"", ""signals"": [], ""conflicts"": [""entity_type_conflict""], ""merge_eligible"": false}, {""left_source_candidate_id"": ""source-candidate:9a75b6c737c94cc9c69b"", ""right_source_candidate_id"": ""source-candidate:fc66ebb6acf391794914"", ""signals"": [], ""conflicts"": [""entity_type_conflict""], ""merge_eligible"": false}, {""left_source_candidate_id"": ""source-candidate:9ffac7319a0e822be8dd"", ""right_source_candidate_id"": ""source-candidate:fc66ebb6acf391794914"", ""signals"": [], ""conflicts"": [""entity_type_conflict""], ""merge_eligible"": false}, {""left_source_candidate_id"": ""source-candidate:baf348f2804227421c1b"", ""right_source_candidate_id"": ""source-candidate:fc66ebb6acf391794914"", ""signals"": [], ""conflicts"": [""entity_type_conflict""], ""merge_eligible"": false}, {""left_source_candidate_id"": ""source-candidate:dde3a015ba693fc2cd0e"", ""right_source_candidate_id"": ""source-candidate:fc66ebb6acf391794914"", ""signals"": [], ""conflicts"": [""entity_type_conflict""], ""merge_eligible"": false}]",,,,,,,,
64,gold-case:722acab2c33c9effb676,term-review-task:e30bd1de77719113d8be,resolution-case:46042ee048f46a8fd429,양반전,문헌,"[{""problem_id"": ""cj_v41_0545"", ""full_text"": ""주제: 대학자 (개 의 흔적을 찾아서 날짜: 2022년 ○○월 00일 지역 : 경기도 남양주시 일대 소개: 흠흠신서, 마과회통 등을 저술한 (개 은/는 정치 경제 등 여러 분야에 걸쳐 방대한 학문적 업적을 남겼다. 경로 여유당 문도사 뮤本\n(가) 인물의 활동으로 옳은 것은?\n성호사설에서 한전론을 주장하였다.\n양반전에서 양반의 허례와 무능을 지적하였다.\n의산문답에서 중국 중심의 세계관을 비판하였다.\n북학의에서 절약보다 적절한 소비를 권장하였다.\n경세유표에서 국가 제도의 개혁 방향을 제시하였다.""}, {""problem_id"": ""cj_v41_0639"", ""full_text"": ""한국사 강의 검색 결과 - 마진으로 죽을 뻔한 아이, 마과회통을 편찬하다. - 조선 시대 홍역과 천연두 치료법 - 강진 유배지에서 편지를 보내다. - 목민심서를 저술하여 목민관의 자세를 논하다.\n다음 검색창에 들어갈 인물의 활동으로 옳은 것은?\n지봉유설에서 천주실의를 조선에 소개하였다.\n의산문답에서 중국 중심의 세계관을 비판하였다.\n양반전을 지어 양반의 허례와 무능을 풍자하였다.\n경세유표를 집필하여 국가 제도의 개혁 방향을 제시하였다.\n금석과안록에서 북한산비가 진흥왕 순수비임을 고증하였다.""}, {""problem_id"": ""cj_v41_0779"", ""full_text"": ""해주향약을 시행하여 향촌 교화에 힘썼던 이 인욷에 대해 말해 보자. 동호문답에서 수취 제도 개편 등 격몽요결을 저술하여 다양한 개혁 방안을 체계적인 성리학 제시하였다. 교육에 힘썼어.\n'이 인물'에 대한 설명으로 옳은 것은?\n명에 대한 의리를 내세운 기축봉사를 올렸다.\n청으로부터 시헌력을 도입하고자 건의하였다.\n양반의 허례와 무능을 풍자한 양반전을 저술하였다.\n예학을 조선의 현실에 맞게 정리한 가례집람을 지었다.\n군주가 수행해야 할 덕목과 지식을 담을 성학집요를 집필하였다.""}]",source-candidate:8e5d279e6a33c6ea197f,AKS:ARTICLE:E0035522:sha256-704d8ea620c542f5,AKS,1,양반전,name,exact,1.0,COMPATIBLE,"[""양반전""]","[""兩班傳""]","[""조선"", ""조선 후기""]",,,[],Work,"{""headword"": ""양반전"", ""origin"": ""兩班傳"", ""headword_origin"": ""양반전(兩班傳)"", ""primary_type"": ""작품/문학"", ""era"": ""조선/조선 후기"", ""definition"": ""조선 정조 때에 박지원(朴趾源)이 지은 한문 단편소설.""}","[{""left_source_candidate_id"": ""source-candidate:2d18cdd398d2d36cb57d"", ""right_source_candidate_id"": ""source-candidate:8e5d279e6a33c6ea197f"", ""signals"": [""normalized_name_match"", ""hanja_match""], ""conflicts"": [], ""merge_eligible"": true}, {""left_source_candidate_id"": ""source-candidate:48a37ee87c7fcfe6df36"", ""right_source_candidate_id"": ""source-candidate:8e5d279e6a33c6ea197f"", ""signals"": [""normalized_name_match""], ""conflicts"": [""entity_type_conflict""], ""merge_eligible"": false}]",IDENTITY_MEMBER,ALT_124,양반전,Work,,,,
64,gold-case:722acab2c33c9effb676,term-review-task:e30bd1de77719113d8be,resolution-case:46042ee048f46a8fd429,양반전,문헌,"[{""problem_id"": ""cj_v41_0545"", ""full_text"": ""주제: 대학자 (개 의 흔적을 찾아서 날짜: 2022년 ○○월 00일 지역 : 경기도 남양주시 일대 소개: 흠흠신서, 마과회통 등을 저술한 (개 은/는 정치 경제 등 여러 분야에 걸쳐 방대한 학문적 업적을 남겼다. 경로 여유당 문도사 뮤本\n(가) 인물의 활동으로 옳은 것은?\n성호사설에서 한전론을 주장하였다.\n양반전에서 양반의 허례와 무능을 지적하였다.\n의산문답에서 중국 중심의 세계관을 비판하였다.\n북학의에서 절약보다 적절한 소비를 권장하였다.\n경세유표에서 국가 제도의 개혁 방향을 제시하였다.""}, {""problem_id"": ""cj_v41_0639"", ""full_text"": ""한국사 강의 검색 결과 - 마진으로 죽을 뻔한 아이, 마과회통을 편찬하다. - 조선 시대 홍역과 천연두 치료법 - 강진 유배지에서 편지를 보내다. - 목민심서를 저술하여 목민관의 자세를 논하다.\n다음 검색창에 들어갈 인물의 활동으로 옳은 것은?\n지봉유설에서 천주실의를 조선에 소개하였다.\n의산문답에서 중국 중심의 세계관을 비판하였다.\n양반전을 지어 양반의 허례와 무능을 풍자하였다.\n경세유표를 집필하여 국가 제도의 개혁 방향을 제시하였다.\n금석과안록에서 북한산비가 진흥왕 순수비임을 고증하였다.""}, {""problem_id"": ""cj_v41_0779"", ""full_text"": ""해주향약을 시행하여 향촌 교화에 힘썼던 이 인욷에 대해 말해 보자. 동호문답에서 수취 제도 개편 등 격몽요결을 저술하여 다양한 개혁 방안을 체계적인 성리학 제시하였다. 교육에 힘썼어.\n'이 인물'에 대한 설명으로 옳은 것은?\n명에 대한 의리를 내세운 기축봉사를 올렸다.\n청으로부터 시헌력을 도입하고자 건의하였다.\n양반의 허례와 무능을 풍자한 양반전을 저술하였다.\n예학을 조선의 현실에 맞게 정리한 가례집람을 지었다.\n군주가 수행해야 할 덕목과 지식을 담을 성학집요를 집필하였다.""}]",source-candidate:2d18cdd398d2d36cb57d,THESAURUS:TERM:25862:sha256-1022516a18f91e61,THESAURUS,2,양반전,name,exact,1.0,UNKNOWN,"[""양반전""]","[""兩班傳""]",[],,,[],,"{""term_name"": ""양반전"", ""hanja"": ""兩班傳"", ""thesaurus_category"": ""문화·예술>문학"", ""description"": ""조선의 실학자·소설가인 박지원(朴趾源)의 한문 소설."", ""term_year"": ""조선후기""}","[{""left_source_candidate_id"": ""source-candidate:2d18cdd398d2d36cb57d"", ""right_source_candidate_id"": ""source-candidate:8e5d279e6a33c6ea197f"", ""signals"": [""normalized_name_match"", ""hanja_match""], ""conflicts"": [], ""merge_eligible"": true}]",IDENTITY_MEMBER,ALT_124,양반전,Work,,,,
64,gold-case:722acab2c33c9effb676,term-review-task:e30bd1de77719113d8be,resolution-case:46042ee048f46a8fd429,양반전,문헌,"[{""problem_id"": ""cj_v41_0545"", ""full_text"": ""주제: 대학자 (개 의 흔적을 찾아서 날짜: 2022년 ○○월 00일 지역 : 경기도 남양주시 일대 소개: 흠흠신서, 마과회통 등을 저술한 (개 은/는 정치 경제 등 여러 분야에 걸쳐 방대한 학문적 업적을 남겼다. 경로 여유당 문도사 뮤本\n(가) 인물의 활동으로 옳은 것은?\n성호사설에서 한전론을 주장하였다.\n양반전에서 양반의 허례와 무능을 지적하였다.\n의산문답에서 중국 중심의 세계관을 비판하였다.\n북학의에서 절약보다 적절한 소비를 권장하였다.\n경세유표에서 국가 제도의 개혁 방향을 제시하였다.""}, {""problem_id"": ""cj_v41_0639"", ""full_text"": ""한국사 강의 검색 결과 - 마진으로 죽을 뻔한 아이, 마과회통을 편찬하다. - 조선 시대 홍역과 천연두 치료법 - 강진 유배지에서 편지를 보내다. - 목민심서를 저술하여 목민관의 자세를 논하다.\n다음 검색창에 들어갈 인물의 활동으로 옳은 것은?\n지봉유설에서 천주실의를 조선에 소개하였다.\n의산문답에서 중국 중심의 세계관을 비판하였다.\n양반전을 지어 양반의 허례와 무능을 풍자하였다.\n경세유표를 집필하여 국가 제도의 개혁 방향을 제시하였다.\n금석과안록에서 북한산비가 진흥왕 순수비임을 고증하였다.""}, {""problem_id"": ""cj_v41_0779"", ""full_text"": ""해주향약을 시행하여 향촌 교화에 힘썼던 이 인욷에 대해 말해 보자. 동호문답에서 수취 제도 개편 등 격몽요결을 저술하여 다양한 개혁 방안을 체계적인 성리학 제시하였다. 교육에 힘썼어.\n'이 인물'에 대한 설명으로 옳은 것은?\n명에 대한 의리를 내세운 기축봉사를 올렸다.\n청으로부터 시헌력을 도입하고자 건의하였다.\n양반의 허례와 무능을 풍자한 양반전을 저술하였다.\n예학을 조선의 현실에 맞게 정리한 가례집람을 지었다.\n군주가 수행해야 할 덕목과 지식을 담을 성학집요를 집필하였다.""}]",source-candidate:48a37ee87c7fcfe6df36,AKS:ARTICLE:E0035523:sha256-704d8ea620c542f5,AKS,3,양반전,name,exact,1.0,CONFLICT,"[""과전"", ""양반과전"", ""양반전"", ""양반전시""]","[""兩班田""]","[""고려"", ""고려 전기"", ""고려 후기""]",,,[],Concept,"{""headword"": ""양반전"", ""aliases"": [""과전"", ""양반과전"", ""양반전시""], ""origin"": ""兩班田"", ""headword_origin"": ""양반전(兩班田)"", ""primary_type"": ""제도/법령·제도"", ""era"": ""고려/고려 전기 | 고려/고려 후기"", ""definition"": ""고려시대, 토지제도인 전시과(田柴科) 규정에 따라 문무(文武) 관료에게 지급한 토지.""}","[{""left_source_candidate_id"": ""source-candidate:48a37ee87c7fcfe6df36"", ""right_source_candidate_id"": ""source-candidate:8e5d279e6a33c6ea197f"", ""signals"": [""normalized_name_match""], ""conflicts"": [""entity_type_conflict""], ""merge_eligible"": false}]",,,,,,,,
65,gold-case:ad17a0454e4ab2cd3768,term-review-task:9b5cb1f5cbd2900a356f,resolution-case:4f3a53fe683bc3485462,금주,정책,"[{""problem_id"": ""cj_v41_0885"", ""full_text"": ""주제: 일본의 경제 침탈에 대한 저항 상권을 수호하기 위해 황국 중앙 총상회가 침'립되었다요 (가) 일본의 황무지 대구에서 서상돈을 개간권 요구를 저지하기 , 중심으로 금주. 금언 등을 위해 보안회가 조직되었다요 (나) 통한 국채 보상 운동이 시작되었다요 (다)\n(가)~(다)를 일어난 순서대로 옳게 나열한 것은?\n(가)-(나)-(다)\n(가)-(다)-(나)\n(나)-(가)-(다)\n(나)-(다)-(가)\n(다)-(가)-(나)""}]",source-candidate:4c4746aeb4f2567689b5,THESAURUS:TERM:33566633:sha256-1022516a18f91e61,THESAURUS,1,금주,name,exact,1.0,UNKNOWN,"[""금주""]","[""衿州""]","[""고려전기""]",,,[],Place,"{""term_name"": ""금주"", ""hanja"": ""衿州"", ""era"": ""고려전기"", ""thesaurus_category"": ""지명"", ""description"": ""서울특별시 금천구 시흥지역의 옛 지명."", ""term_year"": ""940-1018""}","[{""left_source_candidate_id"": ""source-candidate:4c4746aeb4f2567689b5"", ""right_source_candidate_id"": ""source-candidate:53d4eece9aa069b4e873"", ""signals"": [], ""conflicts"": [""entity_type_conflict""], ""merge_eligible"": false}, {""left_source_candidate_id"": ""source-candidate:4c4746aeb4f2567689b5"", ""right_source_candidate_id"": ""source-candidate:dc4b911498db49b4f173"", ""signals"": [], ""conflicts"": [""entity_type_conflict""], ""merge_eligible"": false}, {""left_source_candidate_id"": ""source-candidate:4c4746aeb4f2567689b5"", ""right_source_candidate_id"": ""source-candidate:ed2a88064086f2964800"", ""signals"": [], ""conflicts"": [""entity_type_conflict""], ""merge_eligible"": false}, {""left_source_candidate_id"": ""source-candidate:4c4746aeb4f2567689b5"", ""right_source_candidate_id"": ""source-candidate:f726144393821060cc24"", ""signals"": [""era_overlap""], ""conflicts"": [""entity_type_conflict""], ""merge_eligible"": false}]",,,,,,,,
65,gold-case:ad17a0454e4ab2cd3768,term-review-task:9b5cb1f5cbd2900a356f,resolution-case:4f3a53fe683bc3485462,금주,정책,"[{""problem_id"": ""cj_v41_0885"", ""full_text"": ""주제: 일본의 경제 침탈에 대한 저항 상권을 수호하기 위해 황국 중앙 총상회가 침'립되었다요 (가) 일본의 황무지 대구에서 서상돈을 개간권 요구를 저지하기 , 중심으로 금주. 금언 등을 위해 보안회가 조직되었다요 (나) 통한 국채 보상 운동이 시작되었다요 (다)\n(가)~(다)를 일어난 순서대로 옳게 나열한 것은?\n(가)-(나)-(다)\n(가)-(다)-(나)\n(나)-(가)-(다)\n(나)-(다)-(가)\n(다)-(가)-(나)""}]",source-candidate:a28982eb3af836536ae4,THESAURUS:TERM:12604321:sha256-1022516a18f91e61,THESAURUS,2,금주잡족의난,description,bidirectional_containment,0.866111,UNKNOWN,"[""금주잡족의난""]","[""金州雜族"", ""亂""]","[""고려후기""]",,,[],,"{""term_name"": ""금주잡족의난"", ""hanja"": ""金州雜族의亂"", ""era"": ""고려후기"", ""thesaurus_category"": ""사회운동·독립운동>농민운동·항쟁"", ""description"": ""1200년(신종 3) 금주(金州 : 지금의 경상남도 김해)에서 잡족인(雜族人)이라 일컬어지는 왜인·여진인·거란인 계통의 사람들이 일으킨 반란."", ""term_year"": ""1200""}",[],,,,,,,,
65,gold-case:ad17a0454e4ab2cd3768,term-review-task:9b5cb1f5cbd2900a356f,resolution-case:4f3a53fe683bc3485462,금주,정책,"[{""problem_id"": ""cj_v41_0885"", ""full_text"": ""주제: 일본의 경제 침탈에 대한 저항 상권을 수호하기 위해 황국 중앙 총상회가 침'립되었다요 (가) 일본의 황무지 대구에서 서상돈을 개간권 요구를 저지하기 , 중심으로 금주. 금언 등을 위해 보안회가 조직되었다요 (나) 통한 국채 보상 운동이 시작되었다요 (다)\n(가)~(다)를 일어난 순서대로 옳게 나열한 것은?\n(가)-(나)-(다)\n(가)-(다)-(나)\n(나)-(가)-(다)\n(나)-(다)-(가)\n(다)-(가)-(나)""}]",source-candidate:f726144393821060cc24,AKS:ARTICLE:E0007996:sha256-704d8ea620c542f5,AKS,3,금주도,name,bidirectional_containment,0.600444,COMPATIBLE,"[""금주도""]","[""金州道""]","[""고려"", ""고려 전기"", ""고려 후기""]",,,[],Concept,"{""headword"": ""금주도"", ""origin"": ""金州道"", ""headword_origin"": ""금주도(金州道)"", ""primary_type"": ""제도/법령·제도"", ""era"": ""고려/고려 전기 | 고려/고려 후기"", ""definition"": ""고려시대 22개 역도(驛道) 중의 하나.""}","[{""left_source_candidate_id"": ""source-candidate:0de014135d7a873dc790"", ""right_source_candidate_id"": ""source-candidate:f726144393821060cc24"", ""signals"": [], ""conflicts"": [""entity_type_conflict""], ""merge_eligible"": false}, {""left_source_candidate_id"": ""source-candidate:232a90060844a85ed7da"", ""right_source_candidate_id"": ""source-candidate:f726144393821060cc24"", ""signals"": [], ""conflicts"": [""entity_type_conflict""], ""merge_eligible"": false}, {""left_source_candidate_id"": ""source-candidate:4c4746aeb4f2567689b5"", ""right_source_candidate_id"": ""source-candidate:f726144393821060cc24"", ""signals"": [""era_overlap""], ""conflicts"": [""entity_type_conflict""], ""merge_eligible"": false}, {""left_source_candidate_id"": ""source-candidate:dc4b911498db49b4f173"", ""right_source_candidate_id"": ""source-candidate:f726144393821060cc24"", ""signals"": [], ""conflicts"": [""entity_type_conflict""], ""merge_eligible"": false}, {""left_source_candidate_id"": ""source-candidate:ed2a88064086f2964800"", ""right_source_candidate_id"": ""source-candidate:f726144393821060cc24"", ""signals"": [], ""conflicts"": [""entity_type_conflict""], ""merge_eligible"": false}]",,,,,,,,
65,gold-case:ad17a0454e4ab2cd3768,term-review-task:9b5cb1f5cbd2900a356f,resolution-case:4f3a53fe683bc3485462,금주,정책,"[{""problem_id"": ""cj_v41_0885"", ""full_text"": ""주제: 일본의 경제 침탈에 대한 저항 상권을 수호하기 위해 황국 중앙 총상회가 침'립되었다요 (가) 일본의 황무지 대구에서 서상돈을 개간권 요구를 저지하기 , 중심으로 금주. 금언 등을 위해 보안회가 조직되었다요 (나) 통한 국채 보상 운동이 시작되었다요 (다)\n(가)~(다)를 일어난 순서대로 옳게 나열한 것은?\n(가)-(나)-(다)\n(가)-(다)-(나)\n(나)-(가)-(다)\n(나)-(다)-(가)\n(다)-(가)-(나)""}]",source-candidate:53d4eece9aa069b4e873,AKS:ARTICLE:E0007997:sha256-704d8ea620c542f5,AKS,4,금주령,name,bidirectional_containment,0.600444,COMPATIBLE,"[""금주령""]","[""禁酒令""]","[""조선"", ""조선 전기"", ""조선 후기""]",,,[],Concept,"{""headword"": ""금주령"", ""origin"": ""禁酒令"", ""headword_origin"": ""금주령(禁酒令)"", ""primary_type"": ""제도/법령·제도"", ""era"": ""조선/조선 전기 | 조선/조선 후기"", ""definition"": ""조선시대 큰 가뭄이 들거나 흉작·기근이 있을 경우 국가에서 술 마시는 것을 금하는 법령.""}","[{""left_source_candidate_id"": ""source-candidate:0de014135d7a873dc790"", ""right_source_candidate_id"": ""source-candidate:53d4eece9aa069b4e873"", ""signals"": [], ""conflicts"": [""entity_type_conflict""], ""merge_eligible"": false}, {""left_source_candidate_id"": ""source-candidate:232a90060844a85ed7da"", ""right_source_candidate_id"": ""source-candidate:53d4eece9aa069b4e873"", ""signals"": [], ""conflicts"": [""entity_type_conflict""], ""merge_eligible"": false}, {""left_source_candidate_id"": ""source-candidate:4c4746aeb4f2567689b5"", ""right_source_candidate_id"": ""source-candidate:53d4eece9aa069b4e873"", ""signals"": [], ""conflicts"": [""entity_type_conflict""], ""merge_eligible"": false}, {""left_source_candidate_id"": ""source-candidate:53d4eece9aa069b4e873"", ""right_source_candidate_id"": ""source-candidate:932c742a26e593dbb108"", ""signals"": [""normalized_name_match"", ""hanja_match""], ""conflicts"": [], ""merge_eligible"": true}, {""left_source_candidate_id"": ""source-candidate:53d4eece9aa069b4e873"", ""right_source_candidate_id"": ""source-candidate:dc4b911498db49b4f173"", ""signals"": [], ""conflicts"": [""entity_type_conflict""], ""merge_eligible"": false}, {""left_source_candidate_id"": ""source-candidate:53d4eece9aa069b4e873"", ""right_source_candidate_id"": ""source-candidate:ed2a88064086f2964800"", ""signals"": [""era_overlap""], ""conflicts"": [""entity_type_conflict""], ""merge_eligible"": false}]",,,,,,,,
65,gold-case:ad17a0454e4ab2cd3768,term-review-task:9b5cb1f5cbd2900a356f,resolution-case:4f3a53fe683bc3485462,금주,정책,"[{""problem_id"": ""cj_v41_0885"", ""full_text"": ""주제: 일본의 경제 침탈에 대한 저항 상권을 수호하기 위해 황국 중앙 총상회가 침'립되었다요 (가) 일본의 황무지 대구에서 서상돈을 개간권 요구를 저지하기 , 중심으로 금주. 금언 등을 위해 보안회가 조직되었다요 (나) 통한 국채 보상 운동이 시작되었다요 (다)\n(가)~(다)를 일어난 순서대로 옳게 나열한 것은?\n(가)-(나)-(다)\n(가)-(다)-(나)\n(나)-(가)-(다)\n(나)-(다)-(가)\n(다)-(가)-(나)""}]",source-candidate:84772b05357b4aecf272,THESAURUS:TERM:12602708:sha256-1022516a18f91e61,THESAURUS,5,금주도,name,bidirectional_containment,0.600444,UNKNOWN,"[""금주도""]","[""金州道""]","[""고려시대""]",,,[],,"{""term_name"": ""금주도"", ""hanja"": ""金州道"", ""era"": ""고려시대"", ""thesaurus_category"": ""교통·통신>교통로"", ""description"": ""고려시대 22역도 가운데 하나로 김해의 덕산역(德山驛)을 중심으로 김해-울산, 김해-대구, 김해-창원-칠원(漆原)-영산(靈山)-현풍(玄風)으로 이어지는 역로. 31개역이 소속."", ""term_year"": ""?-?""}",[],,,,,,,,
65,gold-case:ad17a0454e4ab2cd3768,term-review-task:9b5cb1f5cbd2900a356f,resolution-case:4f3a53fe683bc3485462,금주,정책,"[{""problem_id"": ""cj_v41_0885"", ""full_text"": ""주제: 일본의 경제 침탈에 대한 저항 상권을 수호하기 위해 황국 중앙 총상회가 침'립되었다요 (가) 일본의 황무지 대구에서 서상돈을 개간권 요구를 저지하기 , 중심으로 금주. 금언 등을 위해 보안회가 조직되었다요 (나) 통한 국채 보상 운동이 시작되었다요 (다)\n(가)~(다)를 일어난 순서대로 옳게 나열한 것은?\n(가)-(나)-(다)\n(가)-(다)-(나)\n(나)-(가)-(다)\n(나)-(다)-(가)\n(다)-(가)-(나)""}]",source-candidate:232a90060844a85ed7da,THESAURUS:TERM:37757046:sha256-1022516a18f91e61,THESAURUS,6,금주위,name,bidirectional_containment,0.600444,UNKNOWN,"[""금주위""]","[""錦州衛""]","[""조선시대""]",,,[],Place,"{""term_name"": ""금주위"", ""hanja"": ""錦州衛"", ""era"": ""조선시대"", ""thesaurus_category"": ""지명"", ""description"": ""명나라의 근거지로 지금의 중국 성경(盛京)지방. 1640년(인조18)에 청나라가 이곳을 공격하여 명나라가 패망하게 됨."", ""term_year"": ""?""}","[{""left_source_candidate_id"": ""source-candidate:232a90060844a85ed7da"", ""right_source_candidate_id"": ""source-candidate:53d4eece9aa069b4e873"", ""signals"": [], ""conflicts"": [""entity_type_conflict""], ""merge_eligible"": false}, {""left_source_candidate_id"": ""source-candidate:232a90060844a85ed7da"", ""right_source_candidate_id"": ""source-candidate:dc4b911498db49b4f173"", ""signals"": [], ""conflicts"": [""entity_type_conflict""], ""merge_eligible"": false}, {""left_source_candidate_id"": ""source-candidate:232a90060844a85ed7da"", ""right_source_candidate_id"": ""source-candidate:ed2a88064086f2964800"", ""signals"": [], ""conflicts"": [""entity_type_conflict""], ""merge_eligible"": false}, {""left_source_candidate_id"": ""source-candidate:232a90060844a85ed7da"", ""right_source_candidate_id"": ""source-candidate:f726144393821060cc24"", ""signals"": [], ""conflicts"": [""entity_type_conflict""], ""merge_eligible"": false}]",,,,,,,,
65,gold-case:ad17a0454e4ab2cd3768,term-review-task:9b5cb1f5cbd2900a356f,resolution-case:4f3a53fe683bc3485462,금주,정책,"[{""problem_id"": ""cj_v41_0885"", ""full_text"": ""주제: 일본의 경제 침탈에 대한 저항 상권을 수호하기 위해 황국 중앙 총상회가 침'립되었다요 (가) 일본의 황무지 대구에서 서상돈을 개간권 요구를 저지하기 , 중심으로 금주. 금언 등을 위해 보안회가 조직되었다요 (나) 통한 국채 보상 운동이 시작되었다요 (다)\n(가)~(다)를 일어난 순서대로 옳게 나열한 것은?\n(가)-(나)-(다)\n(가)-(다)-(나)\n(나)-(가)-(다)\n(나)-(다)-(가)\n(다)-(가)-(나)""}]",source-candidate:932c742a26e593dbb108,THESAURUS:TERM:6304615:sha256-1022516a18f91e61,THESAURUS,7,금주령,name,bidirectional_containment,0.600444,UNKNOWN,"[""금주령""]","[""禁酒令""]","[""고려시대-조선시대""]",,,[],,"{""term_name"": ""금주령"", ""hanja"": ""禁酒令"", ""era"": ""고려시대-조선시대"", ""thesaurus_category"": ""정치·행정·법제>법·법령"", ""description"": ""고려-조선시대 가뭄이나 흉작 또는 기근이 있을 경우 술 마시는 것을 금하는 법령."", ""term_year"": ""?-?""}","[{""left_source_candidate_id"": ""source-candidate:53d4eece9aa069b4e873"", ""right_source_candidate_id"": ""source-candidate:932c742a26e593dbb108"", ""signals"": [""normalized_name_match"", ""hanja_match""], ""conflicts"": [], ""merge_eligible"": true}]",,,,,,,,
65,gold-case:ad17a0454e4ab2cd3768,term-review-task:9b5cb1f5cbd2900a356f,resolution-case:4f3a53fe683bc3485462,금주,정책,"[{""problem_id"": ""cj_v41_0885"", ""full_text"": ""주제: 일본의 경제 침탈에 대한 저항 상권을 수호하기 위해 황국 중앙 총상회가 침'립되었다요 (가) 일본의 황무지 대구에서 서상돈을 개간권 요구를 저지하기 , 중심으로 금주. 금언 등을 위해 보안회가 조직되었다요 (나) 통한 국채 보상 운동이 시작되었다요 (다)\n(가)~(다)를 일어난 순서대로 옳게 나열한 것은?\n(가)-(나)-(다)\n(가)-(다)-(나)\n(나)-(가)-(다)\n(나)-(다)-(가)\n(다)-(가)-(나)""}]",source-candidate:0de014135d7a873dc790,AKS:ARTICLE:E0007993:sha256-704d8ea620c542f5,AKS,8,금주,name,exact,1.0,CONFLICT,"[""곡양穀壤"", ""금과현衿果縣"", ""금양현衿陽縣"", ""금주"", ""금주黔州"", ""금천현衿川縣"", ""시흥군始興郡"", ""잉벌노현仍伐奴縣""]","[""衿州"", ""穀壤"", ""衿果縣"", ""衿陽縣"", ""黔州"", ""衿川縣"", ""始興郡"", ""仍伐奴縣""]",[],,,[],Place,"{""headword"": ""금주"", ""aliases"": [""곡양(穀壤)"", ""금과현(衿果縣)"", ""금양현(衿陽縣)"", ""금주(黔州)"", ""금천현(衿川縣)"", ""시흥군(始興郡)"", ""잉벌노현(仍伐奴縣)""], ""origin"": ""衿州"", ""headword_origin"": ""금주(衿州)"", ""primary_type"": ""지명/고지명"", ""era"": ""미상"", ""definition"": ""서울특별시 금천구 시흥동 지역의 옛 지명.""}","[{""left_source_candidate_id"": ""source-candidate:0de014135d7a873dc790"", ""right_source_candidate_id"": ""source-candidate:53d4eece9aa069b4e873"", ""signals"": [], ""conflicts"": [""entity_type_conflict""], ""merge_eligible"": false}, {""left_source_candidate_id"": ""source-candidate:0de014135d7a873dc790"", ""right_source_candidate_id"": ""source-candidate:dc4b911498db49b4f173"", ""signals"": [], ""conflicts"": [""entity_type_conflict""], ""merge_eligible"": false}, {""left_source_candidate_id"": ""source-candidate:0de014135d7a873dc790"", ""right_source_candidate_id"": ""source-candidate:ed2a88064086f2964800"", ""signals"": [], ""conflicts"": [""entity_type_conflict""], ""merge_eligible"": false}, {""left_source_candidate_id"": ""source-candidate:0de014135d7a873dc790"", ""right_source_candidate_id"": ""source-candidate:f726144393821060cc24"", ""signals"": [], ""conflicts"": [""entity_type_conflict""], ""merge_eligible"": false}]",,,,,,,,
65,gold-case:ad17a0454e4ab2cd3768,term-review-task:9b5cb1f5cbd2900a356f,resolution-case:4f3a53fe683bc3485462,금주,정책,"[{""problem_id"": ""cj_v41_0885"", ""full_text"": ""주제: 일본의 경제 침탈에 대한 저항 상권을 수호하기 위해 황국 중앙 총상회가 침'립되었다요 (가) 일본의 황무지 대구에서 서상돈을 개간권 요구를 저지하기 , 중심으로 금주. 금언 등을 위해 보안회가 조직되었다요 (나) 통한 국채 보상 운동이 시작되었다요 (다)\n(가)~(다)를 일어난 순서대로 옳게 나열한 것은?\n(가)-(나)-(다)\n(가)-(다)-(나)\n(나)-(가)-(다)\n(나)-(다)-(가)\n(다)-(가)-(나)""}]",source-candidate:dc4b911498db49b4f173,AKS:ARTICLE:E0007998:sha256-704d8ea620c542f5,AKS,9,금주리,name,bidirectional_containment,0.600444,CONFLICT,"[""금주리"", ""예인금주리穢人今州利""]","[""今州利"", ""穢人今州利""]","[""고대"", ""삼국"", ""백제""]",,,[],Person,"{""headword"": ""금주리"", ""aliases"": [""예인금주리(穢人今州利)""], ""origin"": ""今州利"", ""headword_origin"": ""금주리(今州利)"", ""primary_type"": ""인물/전통 인물"", ""era"": ""고대/삼국/백제"", ""definition"": ""삼국시대 때, 일본 와카야마현 구마모토시에 있는 우전팔번신사 소장 인물화상경을 제작한 백제의 장인.""}","[{""left_source_candidate_id"": ""source-candidate:0de014135d7a873dc790"", ""right_source_candidate_id"": ""source-candidate:dc4b911498db49b4f173"", ""signals"": [], ""conflicts"": [""entity_type_conflict""], ""merge_eligible"": false}, {""left_source_candidate_id"": ""source-candidate:232a90060844a85ed7da"", ""right_source_candidate_id"": ""source-candidate:dc4b911498db49b4f173"", ""signals"": [], ""conflicts"": [""entity_type_conflict""], ""merge_eligible"": false}, {""left_source_candidate_id"": ""source-candidate:4c4746aeb4f2567689b5"", ""right_source_candidate_id"": ""source-candidate:dc4b911498db49b4f173"", ""signals"": [], ""conflicts"": [""entity_type_conflict""], ""merge_eligible"": false}, {""left_source_candidate_id"": ""source-candidate:53d4eece9aa069b4e873"", ""right_source_candidate_id"": ""source-candidate:dc4b911498db49b4f173"", ""signals"": [], ""conflicts"": [""entity_type_conflict""], ""merge_eligible"": false}, {""left_source_candidate_id"": ""source-candidate:dc4b911498db49b4f173"", ""right_source_candidate_id"": ""source-candidate:ed2a88064086f2964800"", ""signals"": [], ""conflicts"": [""entity_type_conflict""], ""merge_eligible"": false}, {""left_source_candidate_id"": ""source-candidate:dc4b911498db49b4f173"", ""right_source_candidate_id"": ""source-candidate:f726144393821060cc24"", ""signals"": [], ""conflicts"": [""entity_type_conflict""], ""merge_eligible"": false}]",,,,,,,,
65,gold-case:ad17a0454e4ab2cd3768,term-review-task:9b5cb1f5cbd2900a356f,resolution-case:4f3a53fe683bc3485462,금주,정책,"[{""problem_id"": ""cj_v41_0885"", ""full_text"": ""주제: 일본의 경제 침탈에 대한 저항 상권을 수호하기 위해 황국 중앙 총상회가 침'립되었다요 (가) 일본의 황무지 대구에서 서상돈을 개간권 요구를 저지하기 , 중심으로 금주. 금언 등을 위해 보안회가 조직되었다요 (나) 통한 국채 보상 운동이 시작되었다요 (다)\n(가)~(다)를 일어난 순서대로 옳게 나열한 것은?\n(가)-(나)-(다)\n(가)-(다)-(나)\n(나)-(가)-(다)\n(나)-(다)-(가)\n(다)-(가)-(나)""}]",source-candidate:ed2a88064086f2964800,AKS:ARTICLE:E0008000:sha256-704d8ea620c542f5,AKS,10,금주집,name,bidirectional_containment,0.600444,CONFLICT,"[""금주집""]","[""錦洲集""]","[""조선"", ""조선 후기""]",,,[],Work,"{""headword"": ""금주집"", ""origin"": ""錦洲集"", ""headword_origin"": ""금주집(錦洲集)"", ""primary_type"": ""문헌/고서"", ""era"": ""조선/조선 후기"", ""definition"": ""조선 후기의 학자, 고몽찬의 시·서(書)·설·제문 등을 수록한 시문집.""}","[{""left_source_candidate_id"": ""source-candidate:0de014135d7a873dc790"", ""right_source_candidate_id"": ""source-candidate:ed2a88064086f2964800"", ""signals"": [], ""conflicts"": [""entity_type_conflict""], ""merge_eligible"": false}, {""left_source_candidate_id"": ""source-candidate:232a90060844a85ed7da"", ""right_source_candidate_id"": ""source-candidate:ed2a88064086f2964800"", ""signals"": [], ""conflicts"": [""entity_type_conflict""], ""merge_eligible"": false}, {""left_source_candidate_id"": ""source-candidate:4c4746aeb4f2567689b5"", ""right_source_candidate_id"": ""source-candidate:ed2a88064086f2964800"", ""signals"": [], ""conflicts"": [""entity_type_conflict""], ""merge_eligible"": false}, {""left_source_candidate_id"": ""source-candidate:53d4eece9aa069b4e873"", ""right_source_candidate_id"": ""source-candidate:ed2a88064086f2964800"", ""signals"": [""era_overlap""], ""conflicts"": [""entity_type_conflict""], ""merge_eligible"": false}, {""left_source_candidate_id"": ""source-candidate:dc4b911498db49b4f173"", ""right_source_candidate_id"": ""source-candidate:ed2a88064086f2964800"", ""signals"": [], ""conflicts"": [""entity_type_conflict""], ""merge_eligible"": false}, {""left_source_candidate_id"": ""source-candidate:ed2a88064086f2964800"", ""right_source_candidate_id"": ""source-candidate:f726144393821060cc24"", ""signals"": [], ""conflicts"": [""entity_type_conflict""], ""merge_eligible"": false}]",,,,,,,,
66,gold-case:a992d201bcd8cb0a9d4a,term-review-task:f7b4c37acf09074ab293,resolution-case:cba9cd8ec7ffb9d329a8,독재 타도,사상,"[{""problem_id"": ""cj_v41_0658"", ""full_text"": ""(가), 역사의 현장을 찾아서 일시: 2022년 ○○월 ○○일 09:00~17:00 답사 장소: 옛 경무대 앞(효자동 삼거리) → 옛 수송초등학교(종로구청) → 옛 국회의사당(서울시의회) → 옛 서울대 문리대(마로니에 공원) 지도에는 경무대 앞 경찰의 발포, 수송초 학생 시위, 고려대 학생 시위, 교수단 시위 장소가 표시되어 있다.\n(가) 민주화 운동에 대한 설명으로 옳은 것은?\n장면 내각이 출범하는 배경이 되었다.\n유신 체제가 붕괴되는 결과를 가져왔다.\n한일 국교 정상화에 반대하여 일어났다.\n신군부의 비상 계엄 확대가 원인이 되었다.\n호헌 철폐와 독재 타도 등의 구호를 내세웠다.""}]",source-candidate:4f5a6abeed26223361b2,AKS:ARTICLE:E0005524:sha256-704d8ea620c542f5,AKS,1,독재 타도,body,body_mention,1.0,COMPATIBLE,"[""교육""]","[""敎育""]",[],,,[],Concept,"{""headword"": ""교육"", ""origin"": ""敎育"", ""headword_origin"": ""교육(敎育)"", ""primary_type"": ""개념"", ""era"": ""미상"", ""definition"": ""인간이 삶을 영위하는 데 필요한 모든 행위를 가르치고 배우는 과정이며 수단을 가리키는 교육학용어."", ""snippet"": ""의 관점을 강조하였으며, 현대사에서의 역사적 사건들의 명칭을 변경하였다. 4 · 19의거는 최초로 독재정권을 타도한 역사적 사건이라는 점에서 4월혁명으로 변경하면서 [3 · 15부정선거](E0026""}","[{""left_source_candidate_id"": ""source-candidate:4f5a6abeed26223361b2"", ""right_source_candidate_id"": ""source-candidate:caf4c06e9361b2d4df3f"", ""signals"": [], ""conflicts"": [""entity_type_conflict""], ""merge_eligible"": false}, {""left_source_candidate_id"": ""source-candidate:4f5a6abeed26223361b2"", ""right_source_candidate_id"": ""source-candidate:d0ebac930d95d78e6f4e"", ""signals"": [], ""conflicts"": [""entity_type_conflict""], ""merge_eligible"": false}]",,,,,,,,
66,gold-case:a992d201bcd8cb0a9d4a,term-review-task:f7b4c37acf09074ab293,resolution-case:cba9cd8ec7ffb9d329a8,독재 타도,사상,"[{""problem_id"": ""cj_v41_0658"", ""full_text"": ""(가), 역사의 현장을 찾아서 일시: 2022년 ○○월 ○○일 09:00~17:00 답사 장소: 옛 경무대 앞(효자동 삼거리) → 옛 수송초등학교(종로구청) → 옛 국회의사당(서울시의회) → 옛 서울대 문리대(마로니에 공원) 지도에는 경무대 앞 경찰의 발포, 수송초 학생 시위, 고려대 학생 시위, 교수단 시위 장소가 표시되어 있다.\n(가) 민주화 운동에 대한 설명으로 옳은 것은?\n장면 내각이 출범하는 배경이 되었다.\n유신 체제가 붕괴되는 결과를 가져왔다.\n한일 국교 정상화에 반대하여 일어났다.\n신군부의 비상 계엄 확대가 원인이 되었다.\n호헌 철폐와 독재 타도 등의 구호를 내세웠다.""}]",source-candidate:06c194c0a57f6c9a66bb,AKS:ARTICLE:E0022669:sha256-704d8ea620c542f5,AKS,2,독재 타도,body,body_mention,1.0,COMPATIBLE,"[""법사상""]","[""法思想""]","[""현대""]",,,[],Concept,"{""headword"": ""법사상"", ""origin"": ""法思想"", ""headword_origin"": ""법사상(法思想)"", ""primary_type"": ""개념"", ""era"": ""현대"", ""definition"": ""실정법이나 정의 등에 대하여 사람들이 품고 있는 관념."", ""snippet"": ""한 시도로 자연법재흥을 위한 시도가 이루어졌고, 이러한 사상 경향은 법실증주의에 힘입은 정치적 독재타도의 이론적 기반이 되었다. 그 밖에도 진정한 민주주의의 실현을 위한 사상적 뒷받침의 시도가 이""}","[{""left_source_candidate_id"": ""source-candidate:06c194c0a57f6c9a66bb"", ""right_source_candidate_id"": ""source-candidate:caf4c06e9361b2d4df3f"", ""signals"": [""era_overlap""], ""conflicts"": [""entity_type_conflict""], ""merge_eligible"": false}, {""left_source_candidate_id"": ""source-candidate:06c194c0a57f6c9a66bb"", ""right_source_candidate_id"": ""source-candidate:d0ebac930d95d78e6f4e"", ""signals"": [""era_overlap""], ""conflicts"": [""entity_type_conflict""], ""merge_eligible"": false}]",,,,,,,,
66,gold-case:a992d201bcd8cb0a9d4a,term-review-task:f7b4c37acf09074ab293,resolution-case:cba9cd8ec7ffb9d329a8,독재 타도,사상,"[{""problem_id"": ""cj_v41_0658"", ""full_text"": ""(가), 역사의 현장을 찾아서 일시: 2022년 ○○월 ○○일 09:00~17:00 답사 장소: 옛 경무대 앞(효자동 삼거리) → 옛 수송초등학교(종로구청) → 옛 국회의사당(서울시의회) → 옛 서울대 문리대(마로니에 공원) 지도에는 경무대 앞 경찰의 발포, 수송초 학생 시위, 고려대 학생 시위, 교수단 시위 장소가 표시되어 있다.\n(가) 민주화 운동에 대한 설명으로 옳은 것은?\n장면 내각이 출범하는 배경이 되었다.\n유신 체제가 붕괴되는 결과를 가져왔다.\n한일 국교 정상화에 반대하여 일어났다.\n신군부의 비상 계엄 확대가 원인이 되었다.\n호헌 철폐와 독재 타도 등의 구호를 내세웠다.""}]",source-candidate:c4374f4ddaa42a23d43f,AKS:ARTICLE:E0060870:sha256-704d8ea620c542f5,AKS,3,독재 타도,body,body_mention,1.0,COMPATIBLE,"[""학생운동""]","[""學生運動""]",[],,,[],Concept,"{""headword"": ""학생운동"", ""origin"": ""學生運動"", ""headword_origin"": ""학생운동(學生運動)"", ""primary_type"": ""개념"", ""era"": ""미상"", ""definition"": ""대학 및 정치·사회 개혁을 목표로 하는 학생주도의 집단적·조직적·지속적인 사회운동."", ""snippet"": ""가되고 있다. 1960년 [4월혁명](E0025902)은 역사상 처음으로 학생이 주체가 되어 기성 독재정권을 타도한 “이 땅에서 최초로 성공한 시민 민주혁명”이었다. 4월혁명은 특히 한반도의 분단상황""}","[{""left_source_candidate_id"": ""source-candidate:c4374f4ddaa42a23d43f"", ""right_source_candidate_id"": ""source-candidate:caf4c06e9361b2d4df3f"", ""signals"": [], ""conflicts"": [""entity_type_conflict""], ""merge_eligible"": false}, {""left_source_candidate_id"": ""source-candidate:c4374f4ddaa42a23d43f"", ""right_source_candidate_id"": ""source-candidate:d0ebac930d95d78e6f4e"", ""signals"": [], ""conflicts"": [""entity_type_conflict""], ""merge_eligible"": false}]",,,,,,,,
66,gold-case:a992d201bcd8cb0a9d4a,term-review-task:f7b4c37acf09074ab293,resolution-case:cba9cd8ec7ffb9d329a8,독재 타도,사상,"[{""problem_id"": ""cj_v41_0658"", ""full_text"": ""(가), 역사의 현장을 찾아서 일시: 2022년 ○○월 ○○일 09:00~17:00 답사 장소: 옛 경무대 앞(효자동 삼거리) → 옛 수송초등학교(종로구청) → 옛 국회의사당(서울시의회) → 옛 서울대 문리대(마로니에 공원) 지도에는 경무대 앞 경찰의 발포, 수송초 학생 시위, 고려대 학생 시위, 교수단 시위 장소가 표시되어 있다.\n(가) 민주화 운동에 대한 설명으로 옳은 것은?\n장면 내각이 출범하는 배경이 되었다.\n유신 체제가 붕괴되는 결과를 가져왔다.\n한일 국교 정상화에 반대하여 일어났다.\n신군부의 비상 계엄 확대가 원인이 되었다.\n호헌 철폐와 독재 타도 등의 구호를 내세웠다.""}]",source-candidate:d0ebac930d95d78e6f4e,AKS:ARTICLE:E0068408:sha256-704d8ea620c542f5,AKS,4,독재 타도,body,body_mention,1.0,COMPATIBLE,"[""전국대학생대표자협의회"", ""전대협""]","[""全國大學生代表者協議會""]","[""현대""]",,,[],Organization,"{""headword"": ""전국대학생대표자협의회"", ""aliases"": [""전대협""], ""origin"": ""全國大學生代表者協議會"", ""headword_origin"": ""전국대학생대표자협의회(全國大學生代表者協議會)"", ""primary_type"": ""단체"", ""era"": ""현대"", ""definition"": ""1987년 6월항쟁 이후 고조된 대학생들의 투쟁 열기를 전국화하기 위해 발족한 전국 대학 총학생회장들의 협의체(1987.8.19∼1992). 약칭 ‘전대협’."", ""snippet"": ""설립목적 전대협은 발족선언문에서 대학생들의 전국적 단결을 통한 “군부독재정권과 제국주의자”의 타도를 설립목적으로 선언하였다. 활동방향으로는 자주적 민주정부 수립, 외""}","[{""left_source_candidate_id"": ""source-candidate:06c194c0a57f6c9a66bb"", ""right_source_candidate_id"": ""source-candidate:d0ebac930d95d78e6f4e"", ""signals"": [""era_overlap""], ""conflicts"": [""entity_type_conflict""], ""merge_eligible"": false}, {""left_source_candidate_id"": ""source-candidate:2ea3763f713861885727"", ""right_source_candidate_id"": ""source-candidate:d0ebac930d95d78e6f4e"", ""signals"": [""era_overlap""], ""conflicts"": [""entity_type_conflict""], ""merge_eligible"": false}, {""left_source_candidate_id"": ""source-candidate:4f5a6abeed26223361b2"", ""right_source_candidate_id"": ""source-candidate:d0ebac930d95d78e6f4e"", ""signals"": [], ""conflicts"": [""entity_type_conflict""], ""merge_eligible"": false}, {""left_source_candidate_id"": ""source-candidate:c4374f4ddaa42a23d43f"", ""right_source_candidate_id"": ""source-candidate:d0ebac930d95d78e6f4e"", ""signals"": [], ""conflicts"": [""entity_type_conflict""], ""merge_eligible"": false}]",,,,,,,,
66,gold-case:a992d201bcd8cb0a9d4a,term-review-task:f7b4c37acf09074ab293,resolution-case:cba9cd8ec7ffb9d329a8,독재 타도,사상,"[{""problem_id"": ""cj_v41_0658"", ""full_text"": ""(가), 역사의 현장을 찾아서 일시: 2022년 ○○월 ○○일 09:00~17:00 답사 장소: 옛 경무대 앞(효자동 삼거리) → 옛 수송초등학교(종로구청) → 옛 국회의사당(서울시의회) → 옛 서울대 문리대(마로니에 공원) 지도에는 경무대 앞 경찰의 발포, 수송초 학생 시위, 고려대 학생 시위, 교수단 시위 장소가 표시되어 있다.\n(가) 민주화 운동에 대한 설명으로 옳은 것은?\n장면 내각이 출범하는 배경이 되었다.\n유신 체제가 붕괴되는 결과를 가져왔다.\n한일 국교 정상화에 반대하여 일어났다.\n신군부의 비상 계엄 확대가 원인이 되었다.\n호헌 철폐와 독재 타도 등의 구호를 내세웠다.""}]",source-candidate:caf4c06e9361b2d4df3f,AKS:ARTICLE:E0076986:sha256-704d8ea620c542f5,AKS,5,독재 타도,body,body_mention,1.0,COMPATIBLE,"[""민건회"", ""재독민주사회건설협의회""]","[""在獨民主社會建設協議會""]","[""현대""]",,,[],Organization,"{""headword"": ""재독민주사회건설협의회"", ""aliases"": [""민건회""], ""origin"": ""在獨民主社會建設協議會"", ""headword_origin"": ""재독민주사회건설협의회(在獨民主社會建設協議會)"", ""primary_type"": ""단체"", ""era"": ""현대"", ""definition"": ""1974년 3월에 독일 본에서 조직된 한인 민주화 운동 단체."", ""snippet"": ""결성하였다. 이들은 서독의 수도 본(Bohn)의 뮌스터 광장에서 3·1절 기념식을 열고, 박정희 군부 독재와 유신 체제의 타도를 외치면서 가두시위를 벌였다. 재독민주사회건설협의회의 설립은 국내 상황""}","[{""left_source_candidate_id"": ""source-candidate:06c194c0a57f6c9a66bb"", ""right_source_candidate_id"": ""source-candidate:caf4c06e9361b2d4df3f"", ""signals"": [""era_overlap""], ""conflicts"": [""entity_type_conflict""], ""merge_eligible"": false}, {""left_source_candidate_id"": ""source-candidate:2ea3763f713861885727"", ""right_source_candidate_id"": ""source-candidate:caf4c06e9361b2d4df3f"", ""signals"": [""era_overlap""], ""conflicts"": [""entity_type_conflict""], ""merge_eligible"": false}, {""left_source_candidate_id"": ""source-candidate:4f5a6abeed26223361b2"", ""right_source_candidate_id"": ""source-candidate:caf4c06e9361b2d4df3f"", ""signals"": [], ""conflicts"": [""entity_type_conflict""], ""merge_eligible"": false}, {""left_source_candidate_id"": ""source-candidate:c4374f4ddaa42a23d43f"", ""right_source_candidate_id"": ""source-candidate:caf4c06e9361b2d4df3f"", ""signals"": [], ""conflicts"": [""entity_type_conflict""], ""merge_eligible"": false}]",,,,,,,,
66,gold-case:a992d201bcd8cb0a9d4a,term-review-task:f7b4c37acf09074ab293,resolution-case:cba9cd8ec7ffb9d329a8,독재 타도,사상,"[{""problem_id"": ""cj_v41_0658"", ""full_text"": ""(가), 역사의 현장을 찾아서 일시: 2022년 ○○월 ○○일 09:00~17:00 답사 장소: 옛 경무대 앞(효자동 삼거리) → 옛 수송초등학교(종로구청) → 옛 국회의사당(서울시의회) → 옛 서울대 문리대(마로니에 공원) 지도에는 경무대 앞 경찰의 발포, 수송초 학생 시위, 고려대 학생 시위, 교수단 시위 장소가 표시되어 있다.\n(가) 민주화 운동에 대한 설명으로 옳은 것은?\n장면 내각이 출범하는 배경이 되었다.\n유신 체제가 붕괴되는 결과를 가져왔다.\n한일 국교 정상화에 반대하여 일어났다.\n신군부의 비상 계엄 확대가 원인이 되었다.\n호헌 철폐와 독재 타도 등의 구호를 내세웠다.""}]",source-candidate:2ea3763f713861885727,AKS:ARTICLE:E0067722:sha256-704d8ea620c542f5,AKS,6,개발독재,name,name_ngram,0.301667,COMPATIBLE,"[""개발독재""]","[""開發獨裁""]","[""현대""]",,,[],Concept,"{""headword"": ""개발독재"", ""origin"": ""開發獨裁"", ""headword_origin"": ""개발독재(開發獨裁)"", ""primary_type"": ""개념"", ""era"": ""현대"", ""definition"": ""독재권력 주도로 경제개발을 최우선 목표로 삼아 시민사회와 민주주의 발전을 억압·통제하는 국가주의적 산업화의 수동혁명 체제.""}","[{""left_source_candidate_id"": ""source-candidate:2ea3763f713861885727"", ""right_source_candidate_id"": ""source-candidate:caf4c06e9361b2d4df3f"", ""signals"": [""era_overlap""], ""conflicts"": [""entity_type_conflict""], ""merge_eligible"": false}, {""left_source_candidate_id"": ""source-candidate:2ea3763f713861885727"", ""right_source_candidate_id"": ""source-candidate:d0ebac930d95d78e6f4e"", ""signals"": [""era_overlap""], ""conflicts"": [""entity_type_conflict""], ""merge_eligible"": false}]",,,,,,,,
67,gold-case:c57bb483bc68278834f1,term-review-task:6622c450d5d560b10db4,resolution-case:e8790ee2d82502914d42,덧무늬 토기,유물,"[{""problem_id"": ""cj_v41_0192"", ""full_text"": ""△△ 박물관 특별전 (가) 쓰대로 떠나는 시간 여행 모시는 글 우리 박물관에서는 농경과 정착 생활이 시작된 (가) 시대 특별전을 마련하였다 덧무늬 토기, 흙으로 빚은 사람 얼굴상 갈돌과 갈판 등 다양한 유물들을 전시하고 있으니 많은 관람 바랍니다. 0기간: 2021 ○○○○~○○○○ 장소: △△ 박물관 특별 전시실\n(가) 시대의 생활 모습으로 옳은 것은?\n가락바퀴를 이용하여 실을 뽑았다.\n주로 동굴이나 강가의 막집에서 살았다.\n지배층의 무덤으로 고인돌을 축조하였다.\n거푸집을 이용하여 세형 동검을 제작하였다.\n쟁기, 쇠스랑 등의 철제 농기구를 사용하였다.""}, {""problem_id"": ""cj_v41_1482"", ""full_text"": ""오늘 소개할 곳은 여수 안도 조개더미 유적이다. 이 유적에서는 농경과 목축이 시작된 (가) 시대의 인골과 조개팔찌 등이 출토되어 당시의 매장 풍습을 확인할 수 있다. 또한 이 유적에서 출토된 덧무늬 토기, 눌러찍은 무늬 토기 등을 통해 (가) 시대에는 빗살무늬 토기 이외에도 다양한 토기가 사용되었음을 알 수 있다.\n(가) 시대의 생활 모습으로 가장 적절한 것은?\n청동 방울 등을 의례 도구로 이용하였다.\n주먹도끼 등 뗀석기를 만들기 시작하였다.\n거푸집을 사용하여 세형 동검을 제작하였다.\n쟁기, 쇠스랑 등의 철제 농기구를 사용하였다.\n가락바귀와 뼈바늘을 이용하여 옷을 만들었다.""}]",source-candidate:1eb7c6e2d32ce14f3283,AKS:ARTICLE:E0015457:sha256-704d8ea620c542f5,AKS,1,덧무늬토기,name,exact,1.0,COMPATIBLE,"[""덧무늬토기"", ""융기문토기隆起文土器""]","[""土器"", ""隆起文土器""]","[""선사"", ""석기""]",,,[],Heritage,"{""headword"": ""덧무늬토기"", ""aliases"": [""융기문토기(隆起文土器)""], ""origin"": ""덧무늬土器"", ""headword_origin"": ""덧무늬토기(덧무늬土器)"", ""primary_type"": ""물품"", ""era"": ""선사/석기"", ""definition"": ""흙으로 만든 그릇 표면에 점토 띠를 덧붙여 각종 무늬를 표현한 한반도 중 · 남부 신석기시대 조기(早期)의 토기.""}","[{""left_source_candidate_id"": ""source-candidate:1eb7c6e2d32ce14f3283"", ""right_source_candidate_id"": ""source-candidate:84b0e874b4318425d727"", ""signals"": [""normalized_name_match"", ""hanja_match""], ""conflicts"": [], ""merge_eligible"": true}]",IDENTITY_MEMBER,ALT_125,덧무늬토기,Heritage,,,,
67,gold-case:c57bb483bc68278834f1,term-review-task:6622c450d5d560b10db4,resolution-case:e8790ee2d82502914d42,덧무늬 토기,유물,"[{""problem_id"": ""cj_v41_0192"", ""full_text"": ""△△ 박물관 특별전 (가) 쓰대로 떠나는 시간 여행 모시는 글 우리 박물관에서는 농경과 정착 생활이 시작된 (가) 시대 특별전을 마련하였다 덧무늬 토기, 흙으로 빚은 사람 얼굴상 갈돌과 갈판 등 다양한 유물들을 전시하고 있으니 많은 관람 바랍니다. 0기간: 2021 ○○○○~○○○○ 장소: △△ 박물관 특별 전시실\n(가) 시대의 생활 모습으로 옳은 것은?\n가락바퀴를 이용하여 실을 뽑았다.\n주로 동굴이나 강가의 막집에서 살았다.\n지배층의 무덤으로 고인돌을 축조하였다.\n거푸집을 이용하여 세형 동검을 제작하였다.\n쟁기, 쇠스랑 등의 철제 농기구를 사용하였다.""}, {""problem_id"": ""cj_v41_1482"", ""full_text"": ""오늘 소개할 곳은 여수 안도 조개더미 유적이다. 이 유적에서는 농경과 목축이 시작된 (가) 시대의 인골과 조개팔찌 등이 출토되어 당시의 매장 풍습을 확인할 수 있다. 또한 이 유적에서 출토된 덧무늬 토기, 눌러찍은 무늬 토기 등을 통해 (가) 시대에는 빗살무늬 토기 이외에도 다양한 토기가 사용되었음을 알 수 있다.\n(가) 시대의 생활 모습으로 가장 적절한 것은?\n청동 방울 등을 의례 도구로 이용하였다.\n주먹도끼 등 뗀석기를 만들기 시작하였다.\n거푸집을 사용하여 세형 동검을 제작하였다.\n쟁기, 쇠스랑 등의 철제 농기구를 사용하였다.\n가락바귀와 뼈바늘을 이용하여 옷을 만들었다.""}]",source-candidate:84b0e874b4318425d727,THESAURUS:TERM:3367:sha256-1022516a18f91e61,THESAURUS,2,덧무늬토기,name,exact,1.0,UNKNOWN,"[""덧무늬토기""]","[""土器""]","[""신석기시대""]",,,[],,"{""term_name"": ""덧무늬토기"", ""hanja"": ""덧무늬土器"", ""era"": ""신석기시대"", ""thesaurus_category"": ""문화·예술>미술"", ""description"": ""그릇의 표면을 약간 돋아 나오게 띠모양의 흙을 덧붙인 토기."", ""term_year"": ""?-?""}","[{""left_source_candidate_id"": ""source-candidate:1eb7c6e2d32ce14f3283"", ""right_source_candidate_id"": ""source-candidate:84b0e874b4318425d727"", ""signals"": [""normalized_name_match"", ""hanja_match""], ""conflicts"": [], ""merge_eligible"": true}]",IDENTITY_MEMBER,ALT_125,덧무늬토기,Heritage,,,,
67,gold-case:c57bb483bc68278834f1,term-review-task:6622c450d5d560b10db4,resolution-case:e8790ee2d82502914d42,덧무늬 토기,유물,"[{""problem_id"": ""cj_v41_0192"", ""full_text"": ""△△ 박물관 특별전 (가) 쓰대로 떠나는 시간 여행 모시는 글 우리 박물관에서는 농경과 정착 생활이 시작된 (가) 시대 특별전을 마련하였다 덧무늬 토기, 흙으로 빚은 사람 얼굴상 갈돌과 갈판 등 다양한 유물들을 전시하고 있으니 많은 관람 바랍니다. 0기간: 2021 ○○○○~○○○○ 장소: △△ 박물관 특별 전시실\n(가) 시대의 생활 모습으로 옳은 것은?\n가락바퀴를 이용하여 실을 뽑았다.\n주로 동굴이나 강가의 막집에서 살았다.\n지배층의 무덤으로 고인돌을 축조하였다.\n거푸집을 이용하여 세형 동검을 제작하였다.\n쟁기, 쇠스랑 등의 철제 농기구를 사용하였다.""}, {""problem_id"": ""cj_v41_1482"", ""full_text"": ""오늘 소개할 곳은 여수 안도 조개더미 유적이다. 이 유적에서는 농경과 목축이 시작된 (가) 시대의 인골과 조개팔찌 등이 출토되어 당시의 매장 풍습을 확인할 수 있다. 또한 이 유적에서 출토된 덧무늬 토기, 눌러찍은 무늬 토기 등을 통해 (가) 시대에는 빗살무늬 토기 이외에도 다양한 토기가 사용되었음을 알 수 있다.\n(가) 시대의 생활 모습으로 가장 적절한 것은?\n청동 방울 등을 의례 도구로 이용하였다.\n주먹도끼 등 뗀석기를 만들기 시작하였다.\n거푸집을 사용하여 세형 동검을 제작하였다.\n쟁기, 쇠스랑 등의 철제 농기구를 사용하였다.\n가락바귀와 뼈바늘을 이용하여 옷을 만들었다.""}]",source-candidate:1a3a6cff15da0ede5c74,THESAURUS:TERM:1761:sha256-1022516a18f91e61,THESAURUS,3,구멍무늬토기,name,name_ngram,0.531591,UNKNOWN,"[""구멍무늬토기""]","[""土器""]","[""선사시대""]",,,[],,"{""term_name"": ""구멍무늬토기"", ""hanja"": ""구멍무늬土器"", ""era"": ""선사시대"", ""thesaurus_category"": ""문화·예술>미술"", ""description"": ""아가리 바로 밑부분에 작은 구멍이 일정한 간격으로 배치된 청동기시대에 주로 사용된 민무늬토기."", ""term_year"": ""?-?""}",[],,,,,,,,
67,gold-case:c57bb483bc68278834f1,term-review-task:6622c450d5d560b10db4,resolution-case:e8790ee2d82502914d42,덧무늬 토기,유물,"[{""problem_id"": ""cj_v41_0192"", ""full_text"": ""△△ 박물관 특별전 (가) 쓰대로 떠나는 시간 여행 모시는 글 우리 박물관에서는 농경과 정착 생활이 시작된 (가) 시대 특별전을 마련하였다 덧무늬 토기, 흙으로 빚은 사람 얼굴상 갈돌과 갈판 등 다양한 유물들을 전시하고 있으니 많은 관람 바랍니다. 0기간: 2021 ○○○○~○○○○ 장소: △△ 박물관 특별 전시실\n(가) 시대의 생활 모습으로 옳은 것은?\n가락바퀴를 이용하여 실을 뽑았다.\n주로 동굴이나 강가의 막집에서 살았다.\n지배층의 무덤으로 고인돌을 축조하였다.\n거푸집을 이용하여 세형 동검을 제작하였다.\n쟁기, 쇠스랑 등의 철제 농기구를 사용하였다.""}, {""problem_id"": ""cj_v41_1482"", ""full_text"": ""오늘 소개할 곳은 여수 안도 조개더미 유적이다. 이 유적에서는 농경과 목축이 시작된 (가) 시대의 인골과 조개팔찌 등이 출토되어 당시의 매장 풍습을 확인할 수 있다. 또한 이 유적에서 출토된 덧무늬 토기, 눌러찍은 무늬 토기 등을 통해 (가) 시대에는 빗살무늬 토기 이외에도 다양한 토기가 사용되었음을 알 수 있다.\n(가) 시대의 생활 모습으로 가장 적절한 것은?\n청동 방울 등을 의례 도구로 이용하였다.\n주먹도끼 등 뗀석기를 만들기 시작하였다.\n거푸집을 사용하여 세형 동검을 제작하였다.\n쟁기, 쇠스랑 등의 철제 농기구를 사용하였다.\n가락바귀와 뼈바늘을 이용하여 옷을 만들었다.""}]",source-candidate:0bd36bb40c18a9216d3b,THESAURUS:TERM:20488:sha256-1022516a18f91e61,THESAURUS,4,번개무늬토기,name,name_ngram,0.531591,UNKNOWN,"[""번개무늬토기""]","[""土器""]","[""신석기시대""]",,,[],,"{""term_name"": ""번개무늬토기"", ""hanja"": ""번개무늬土器"", ""era"": ""신석기시대"", ""thesaurus_category"": ""문화·예술>미술"", ""description"": ""번개를 상징하는 네모 또는 마름모꼴의 무늬를 여러 겹으로 새긴 신석기시대 말기의 빗살무늬토기."", ""term_year"": ""?-?""}",[],,,,,,,,
67,gold-case:c57bb483bc68278834f1,term-review-task:6622c450d5d560b10db4,resolution-case:e8790ee2d82502914d42,덧무늬 토기,유물,"[{""problem_id"": ""cj_v41_0192"", ""full_text"": ""△△ 박물관 특별전 (가) 쓰대로 떠나는 시간 여행 모시는 글 우리 박물관에서는 농경과 정착 생활이 시작된 (가) 시대 특별전을 마련하였다 덧무늬 토기, 흙으로 빚은 사람 얼굴상 갈돌과 갈판 등 다양한 유물들을 전시하고 있으니 많은 관람 바랍니다. 0기간: 2021 ○○○○~○○○○ 장소: △△ 박물관 특별 전시실\n(가) 시대의 생활 모습으로 옳은 것은?\n가락바퀴를 이용하여 실을 뽑았다.\n주로 동굴이나 강가의 막집에서 살았다.\n지배층의 무덤으로 고인돌을 축조하였다.\n거푸집을 이용하여 세형 동검을 제작하였다.\n쟁기, 쇠스랑 등의 철제 농기구를 사용하였다.""}, {""problem_id"": ""cj_v41_1482"", ""full_text"": ""오늘 소개할 곳은 여수 안도 조개더미 유적이다. 이 유적에서는 농경과 목축이 시작된 (가) 시대의 인골과 조개팔찌 등이 출토되어 당시의 매장 풍습을 확인할 수 있다. 또한 이 유적에서 출토된 덧무늬 토기, 눌러찍은 무늬 토기 등을 통해 (가) 시대에는 빗살무늬 토기 이외에도 다양한 토기가 사용되었음을 알 수 있다.\n(가) 시대의 생활 모습으로 가장 적절한 것은?\n청동 방울 등을 의례 도구로 이용하였다.\n주먹도끼 등 뗀석기를 만들기 시작하였다.\n거푸집을 사용하여 세형 동검을 제작하였다.\n쟁기, 쇠스랑 등의 철제 농기구를 사용하였다.\n가락바귀와 뼈바늘을 이용하여 옷을 만들었다.""}]",source-candidate:997bb9a5985bfcb506e2,THESAURUS:TERM:8226:sha256-1022516a18f91e61,THESAURUS,5,가지무늬토기,name,name_ngram,0.531591,UNKNOWN,"[""가지무늬토기""]","[""土器""]","[""선사시대""]",,,[],,"{""term_name"": ""가지무늬토기"", ""hanja"": ""가지무늬土器"", ""era"": ""선사시대"", ""thesaurus_category"": ""문화·예술>미술"", ""description"": ""어깨부분에 가지무늬가 있는 청동기시대 민무늬토기의 한 형식."", ""term_year"": ""?-?""}",[],,,,,,,,
67,gold-case:c57bb483bc68278834f1,term-review-task:6622c450d5d560b10db4,resolution-case:e8790ee2d82502914d42,덧무늬 토기,유물,"[{""problem_id"": ""cj_v41_0192"", ""full_text"": ""△△ 박물관 특별전 (가) 쓰대로 떠나는 시간 여행 모시는 글 우리 박물관에서는 농경과 정착 생활이 시작된 (가) 시대 특별전을 마련하였다 덧무늬 토기, 흙으로 빚은 사람 얼굴상 갈돌과 갈판 등 다양한 유물들을 전시하고 있으니 많은 관람 바랍니다. 0기간: 2021 ○○○○~○○○○ 장소: △△ 박물관 특별 전시실\n(가) 시대의 생활 모습으로 옳은 것은?\n가락바퀴를 이용하여 실을 뽑았다.\n주로 동굴이나 강가의 막집에서 살았다.\n지배층의 무덤으로 고인돌을 축조하였다.\n거푸집을 이용하여 세형 동검을 제작하였다.\n쟁기, 쇠스랑 등의 철제 농기구를 사용하였다.""}, {""problem_id"": ""cj_v41_1482"", ""full_text"": ""오늘 소개할 곳은 여수 안도 조개더미 유적이다. 이 유적에서는 농경과 목축이 시작된 (가) 시대의 인골과 조개팔찌 등이 출토되어 당시의 매장 풍습을 확인할 수 있다. 또한 이 유적에서 출토된 덧무늬 토기, 눌러찍은 무늬 토기 등을 통해 (가) 시대에는 빗살무늬 토기 이외에도 다양한 토기가 사용되었음을 알 수 있다.\n(가) 시대의 생활 모습으로 가장 적절한 것은?\n청동 방울 등을 의례 도구로 이용하였다.\n주먹도끼 등 뗀석기를 만들기 시작하였다.\n거푸집을 사용하여 세형 동검을 제작하였다.\n쟁기, 쇠스랑 등의 철제 농기구를 사용하였다.\n가락바귀와 뼈바늘을 이용하여 옷을 만들었다.""}]",source-candidate:bdd68d4e771f81b658b4,THESAURUS:TERM:20483:sha256-1022516a18f91e61,THESAURUS,6,삿무늬토기,name,name_ngram,0.516,UNKNOWN,"[""삿무늬토기""]","[""土器""]","[""삼국시대""]",,,[],,"{""term_name"": ""삿무늬토기"", ""hanja"": ""삿무늬土器"", ""era"": ""삼국시대"", ""thesaurus_category"": ""문화·예술>미술"", ""description"": ""토기 표면에 두들개를 이용하여 돗자리무늬가 시문된 원삼국시대의 토기."", ""term_year"": ""?-?""}",[],,,,,,,,
67,gold-case:c57bb483bc68278834f1,term-review-task:6622c450d5d560b10db4,resolution-case:e8790ee2d82502914d42,덧무늬 토기,유물,"[{""problem_id"": ""cj_v41_0192"", ""full_text"": ""△△ 박물관 특별전 (가) 쓰대로 떠나는 시간 여행 모시는 글 우리 박물관에서는 농경과 정착 생활이 시작된 (가) 시대 특별전을 마련하였다 덧무늬 토기, 흙으로 빚은 사람 얼굴상 갈돌과 갈판 등 다양한 유물들을 전시하고 있으니 많은 관람 바랍니다. 0기간: 2021 ○○○○~○○○○ 장소: △△ 박물관 특별 전시실\n(가) 시대의 생활 모습으로 옳은 것은?\n가락바퀴를 이용하여 실을 뽑았다.\n주로 동굴이나 강가의 막집에서 살았다.\n지배층의 무덤으로 고인돌을 축조하였다.\n거푸집을 이용하여 세형 동검을 제작하였다.\n쟁기, 쇠스랑 등의 철제 농기구를 사용하였다.""}, {""problem_id"": ""cj_v41_1482"", ""full_text"": ""오늘 소개할 곳은 여수 안도 조개더미 유적이다. 이 유적에서는 농경과 목축이 시작된 (가) 시대의 인골과 조개팔찌 등이 출토되어 당시의 매장 풍습을 확인할 수 있다. 또한 이 유적에서 출토된 덧무늬 토기, 눌러찍은 무늬 토기 등을 통해 (가) 시대에는 빗살무늬 토기 이외에도 다양한 토기가 사용되었음을 알 수 있다.\n(가) 시대의 생활 모습으로 가장 적절한 것은?\n청동 방울 등을 의례 도구로 이용하였다.\n주먹도끼 등 뗀석기를 만들기 시작하였다.\n거푸집을 사용하여 세형 동검을 제작하였다.\n쟁기, 쇠스랑 등의 철제 농기구를 사용하였다.\n가락바귀와 뼈바늘을 이용하여 옷을 만들었다.""}]",source-candidate:d63aeeb70da3c864a525,AKS:ARTICLE:E0068700:sha256-704d8ea620c542f5,AKS,7,덧띠무늬토기,name,name_ngram,0.471364,COMPATIBLE,"[""각목돌대문토기"", ""계관형돌대문토기鷄冠形突帶文土器"", ""덧띠무늬토기"", ""돌대각목문토기突帶刻目文土器"", ""돌대문토기突帶文土器"", ""무각목돌대문토기無刻目突帶文土器"", ""새김덧띠무늬토기"", ""절상돌대문토기節狀突帶文土器""]","[""刻目突帶文土器"", ""鷄冠形突帶文土器"", ""突帶刻目文土器"", ""突帶文土器"", ""無刻目突帶文土器"", ""節狀突帶文土器""]","[""선사"", ""청동기""]",,,[],Heritage,"{""headword"": ""각목돌대문토기"", ""aliases"": [""계관형돌대문토기(鷄冠形突帶文土器)"", ""덧띠무늬토기"", ""돌대각목문토기(突帶刻目文土器)"", ""돌대문토기(突帶文土器)"", ""무각목돌대문토기(無刻目突帶文土器)"", ""새김덧띠무늬토기"", ""절상돌대문토기(節狀突帶文土器)""], ""origin"": ""刻目突帶文土器"", ""headword_origin"": ""각목돌대문토기(刻目突帶文土器)"", ""primary_type"": ""물품"", ""era"": ""선사/청동기"", ""definition"": ""아가리 부분에 덧띠를 덧붙인 신석기∼청동기시대의 토기.""}",[],,,,,,,,
68,gold-case:d02de0d445a93c291b4e,term-review-task:ac0d95c1dda807fb9c14,resolution-case:0b7b9a64acdaebb97835,대조선국민군단,기관,"[{""problem_id"": ""cj_v41_0705"", ""full_text"": ""조선 민족 혁명당 창립 제8주년 기념 선언 우리는 중국의 난징에서 5개 당을 통합하여 전체 민족을 대표하는 유일한 정당인 조선 민족 혁명당을 창립하였다. … - 아울러 중국과 한국의 연합 항일 진영을 건립하여야 했다. … - 이 때문에 우리는 1938년 조직하고 조선의 혁명 청년들을 단결시켜 장제스 위원장의 영도 아래 직접 중국의 항전에 참가하였고, 각 전쟁터에서 찬란한 전투 성과를 만들어냈다. … - 지난해 가을 한국 광복군의 통합 편성을 기반으로 전 민족의 통일을 성공적으로 구현하였다\n(가) 지역에서 있었던 민족 운동으로 옳은 것은?\n권업회가 설립되어 권업신물을 발간하였다.\n이봉창이 일왕의 행렬에 폭탄을 투척하였다.\n박용만의 주도로 대조선 국민군단이 창설되었다.\n북로 군정서가 조직되어 독립 전쟁을 전개하였다.\n유학생들이 중심이 되어 2·8 독립 선언서를 발표하였다.""}, {""problem_id"": ""cj_v41_0748"", ""full_text"": ""박용만은 1905년 국외로 떠난 이후 네브라스카주에서 대학을 다니며 독립군 양성 기관인 한인 소년병 학교를 창설하고 국민개병설을 집필했다. 그 후 이곳으로 건너와 대조선 국민군단을 조직하여 독립 전쟁을 준비했다. (가) 서간도 (나) 연해주 (다) 상하이 (라) 하와이 (마) 멕시코\n'이곳'에 해당하는 지역을 지도에서 옳게 고른 것은?\n(가)\n(나)\n(다)\n(라)\n(마)""}, {""problem_id"": ""cj_v41_1319"", ""full_text"": ""첫 공식 이민. 백여 명의 이민자들이 대한 제국이 발행한 여행권을 가슴에 품고 낯선 땅에 1903년 도착했다. 두려움과 희 망이 함께했다 그들을 기다 린 건 사탕수수 농장의 고된 노동이었다. 열악한 환경에서도 1905년까지 노동 이민으로 약 7,000명이 이곳에 이주해 묵묵히 뿌리를 내렸다 1910 년, 일제의 국권 침탈로 그들은 돌아갈 곳도 보호받을 나라도 잃 었다. 고된 환경 속에서도 그들은 한인 사회를 중심으로 스스로 의 길을 만들어 갔다\n밑줄 그은 '이곳'에서 있었던 민족 운동으로 옳은 것은?\n한인 자치 기구인 경학사를 설립하였다.\n권업신문을 발간하여 민족 의식을 고취하였다.\n유학생을 중심으로 2·8 독립 선언을 발표하였다.\n신한 청년당이 파리 강화 회의에 대표를 파견하였다.\n대조선 국민군단을 결성하고 군사 훈련을 실시하였다.""}]",source-candidate:02e640a16ddb8639935a,AKS:ARTICLE:E0014780:sha256-704d8ea620c542f5,AKS,1,대조선국민군단,name,exact,1.0,COMPATIBLE,"[""대조선국민군단""]","[""大朝鮮國民軍團""]","[""근대"", ""일제강점기""]",,,[],Organization,"{""headword"": ""대조선국민군단"", ""origin"": ""大朝鮮國民軍團"", ""headword_origin"": ""대조선국민군단(大朝鮮國民軍團)"", ""primary_type"": ""단체"", ""era"": ""근대/일제강점기"", ""definition"": ""1914년 6월 10일 하와이 오아후(Oahu)섬 코올아우(Koolau)지방 카할루우(Kahaluu)의 아후이마누(Ahuimanu)농장에서 독립군사관을 양성할 목적으로 만든 군사교육단체.""}","[{""left_source_candidate_id"": ""source-candidate:02e640a16ddb8639935a"", ""right_source_candidate_id"": ""source-candidate:c18fe16e3c5940ac0627"", ""signals"": [""normalized_name_match"", ""hanja_match""], ""conflicts"": [], ""merge_eligible"": true}]",IDENTITY_MEMBER,ALT_126,대조선국민군단,Organization,,,,
68,gold-case:d02de0d445a93c291b4e,term-review-task:ac0d95c1dda807fb9c14,resolution-case:0b7b9a64acdaebb97835,대조선국민군단,기관,"[{""problem_id"": ""cj_v41_0705"", ""full_text"": ""조선 민족 혁명당 창립 제8주년 기념 선언 우리는 중국의 난징에서 5개 당을 통합하여 전체 민족을 대표하는 유일한 정당인 조선 민족 혁명당을 창립하였다. … - 아울러 중국과 한국의 연합 항일 진영을 건립하여야 했다. … - 이 때문에 우리는 1938년 조직하고 조선의 혁명 청년들을 단결시켜 장제스 위원장의 영도 아래 직접 중국의 항전에 참가하였고, 각 전쟁터에서 찬란한 전투 성과를 만들어냈다. … - 지난해 가을 한국 광복군의 통합 편성을 기반으로 전 민족의 통일을 성공적으로 구현하였다\n(가) 지역에서 있었던 민족 운동으로 옳은 것은?\n권업회가 설립되어 권업신물을 발간하였다.\n이봉창이 일왕의 행렬에 폭탄을 투척하였다.\n박용만의 주도로 대조선 국민군단이 창설되었다.\n북로 군정서가 조직되어 독립 전쟁을 전개하였다.\n유학생들이 중심이 되어 2·8 독립 선언서를 발표하였다.""}, {""problem_id"": ""cj_v41_0748"", ""full_text"": ""박용만은 1905년 국외로 떠난 이후 네브라스카주에서 대학을 다니며 독립군 양성 기관인 한인 소년병 학교를 창설하고 국민개병설을 집필했다. 그 후 이곳으로 건너와 대조선 국민군단을 조직하여 독립 전쟁을 준비했다. (가) 서간도 (나) 연해주 (다) 상하이 (라) 하와이 (마) 멕시코\n'이곳'에 해당하는 지역을 지도에서 옳게 고른 것은?\n(가)\n(나)\n(다)\n(라)\n(마)""}, {""problem_id"": ""cj_v41_1319"", ""full_text"": ""첫 공식 이민. 백여 명의 이민자들이 대한 제국이 발행한 여행권을 가슴에 품고 낯선 땅에 1903년 도착했다. 두려움과 희 망이 함께했다 그들을 기다 린 건 사탕수수 농장의 고된 노동이었다. 열악한 환경에서도 1905년까지 노동 이민으로 약 7,000명이 이곳에 이주해 묵묵히 뿌리를 내렸다 1910 년, 일제의 국권 침탈로 그들은 돌아갈 곳도 보호받을 나라도 잃 었다. 고된 환경 속에서도 그들은 한인 사회를 중심으로 스스로 의 길을 만들어 갔다\n밑줄 그은 '이곳'에서 있었던 민족 운동으로 옳은 것은?\n한인 자치 기구인 경학사를 설립하였다.\n권업신문을 발간하여 민족 의식을 고취하였다.\n유학생을 중심으로 2·8 독립 선언을 발표하였다.\n신한 청년당이 파리 강화 회의에 대표를 파견하였다.\n대조선 국민군단을 결성하고 군사 훈련을 실시하였다.""}]",source-candidate:c18fe16e3c5940ac0627,THESAURUS:TERM:23074896:sha256-1022516a18f91e61,THESAURUS,2,대조선국민군단,name,exact,1.0,UNKNOWN,"[""대조선국민군단""]","[""大朝鮮國民軍團""]","[""일제시기""]",,,[],,"{""term_name"": ""대조선국민군단"", ""hanja"": ""大朝鮮國民軍團"", ""era"": ""일제시기"", ""thesaurus_category"": ""사회운동·독립운동>독립운동>민족주의운동(독립)"", ""description"": ""1914년 6월 하와이에서 설립된 독립군 단체로 박용만(朴容萬)이 주도하여 대한인국민회 하와이지방총회 연무부의 사업으로 설립."", ""term_year"": ""1914-?""}","[{""left_source_candidate_id"": ""source-candidate:02e640a16ddb8639935a"", ""right_source_candidate_id"": ""source-candidate:c18fe16e3c5940ac0627"", ""signals"": [""normalized_name_match"", ""hanja_match""], ""conflicts"": [], ""merge_eligible"": true}]",IDENTITY_MEMBER,ALT_126,대조선국민군단,Organization,,,,
68,gold-case:d02de0d445a93c291b4e,term-review-task:ac0d95c1dda807fb9c14,resolution-case:0b7b9a64acdaebb97835,대조선국민군단,기관,"[{""problem_id"": ""cj_v41_0705"", ""full_text"": ""조선 민족 혁명당 창립 제8주년 기념 선언 우리는 중국의 난징에서 5개 당을 통합하여 전체 민족을 대표하는 유일한 정당인 조선 민족 혁명당을 창립하였다. … - 아울러 중국과 한국의 연합 항일 진영을 건립하여야 했다. … - 이 때문에 우리는 1938년 조직하고 조선의 혁명 청년들을 단결시켜 장제스 위원장의 영도 아래 직접 중국의 항전에 참가하였고, 각 전쟁터에서 찬란한 전투 성과를 만들어냈다. … - 지난해 가을 한국 광복군의 통합 편성을 기반으로 전 민족의 통일을 성공적으로 구현하였다\n(가) 지역에서 있었던 민족 운동으로 옳은 것은?\n권업회가 설립되어 권업신물을 발간하였다.\n이봉창이 일왕의 행렬에 폭탄을 투척하였다.\n박용만의 주도로 대조선 국민군단이 창설되었다.\n북로 군정서가 조직되어 독립 전쟁을 전개하였다.\n유학생들이 중심이 되어 2·8 독립 선언서를 발표하였다.""}, {""problem_id"": ""cj_v41_0748"", ""full_text"": ""박용만은 1905년 국외로 떠난 이후 네브라스카주에서 대학을 다니며 독립군 양성 기관인 한인 소년병 학교를 창설하고 국민개병설을 집필했다. 그 후 이곳으로 건너와 대조선 국민군단을 조직하여 독립 전쟁을 준비했다. (가) 서간도 (나) 연해주 (다) 상하이 (라) 하와이 (마) 멕시코\n'이곳'에 해당하는 지역을 지도에서 옳게 고른 것은?\n(가)\n(나)\n(다)\n(라)\n(마)""}, {""problem_id"": ""cj_v41_1319"", ""full_text"": ""첫 공식 이민. 백여 명의 이민자들이 대한 제국이 발행한 여행권을 가슴에 품고 낯선 땅에 1903년 도착했다. 두려움과 희 망이 함께했다 그들을 기다 린 건 사탕수수 농장의 고된 노동이었다. 열악한 환경에서도 1905년까지 노동 이민으로 약 7,000명이 이곳에 이주해 묵묵히 뿌리를 내렸다 1910 년, 일제의 국권 침탈로 그들은 돌아갈 곳도 보호받을 나라도 잃 었다. 고된 환경 속에서도 그들은 한인 사회를 중심으로 스스로 의 길을 만들어 갔다\n밑줄 그은 '이곳'에서 있었던 민족 운동으로 옳은 것은?\n한인 자치 기구인 경학사를 설립하였다.\n권업신문을 발간하여 민족 의식을 고취하였다.\n유학생을 중심으로 2·8 독립 선언을 발표하였다.\n신한 청년당이 파리 강화 회의에 대표를 파견하였다.\n대조선 국민군단을 결성하고 군사 훈련을 실시하였다.""}]",source-candidate:0b9907d1219386b55f5b,THESAURUS:TERM:39850711:sha256-1022516a18f91e61,THESAURUS,3,국민군단,name,bidirectional_containment,0.478853,UNKNOWN,"[""국민군단""]","[""國民軍團""]","[""일제시기""]",,,[],,"{""term_name"": ""국민군단"", ""hanja"": ""國民軍團"", ""era"": ""일제시기"", ""thesaurus_category"": ""사회운동·독립운동>독립운동>민족주의운동(독립)"", ""description"": ""1914년 6월 하와이에서 박용만(朴容萬)의 주도하에 창설된 항일 군사 단체. 이는 대한인국민회의 연무부를 확대·개편한 것으로서 항일무력투쟁에 대비한 군대를 양성하기 위해 조직."", ""term_year"": ""1914-?""}",[],IDENTITY_MEMBER,ALT_126,대조선국민군단,Organization,,,,
69,gold-case:08cf3009bf588cec9d40,term-review-task:5d7eb8fed39b7eb151a4,resolution-case:47bda565f3cd4432ccc4,금속류 회수령,정책,"[{""problem_id"": ""cj_v41_0173"", ""full_text"": ""백동화를 제일 은행권으로 바꾸려고 교환소에 갔더니. 터무니없이 낮게 평가해 바꿔 주더군. 백동화는 곧 사용할 수 없을 테니 손해를 보더라도 교환할 수밖에 없지 않겠나.\n다음 상황이 전개된 배경으로 옳은 것은?\n금속류 회수령이 공포되었다.\n국채 보상 운동이 전개되었다.\n산미 증식 계획이 실시되었다.\n조선 물산 장려회가 조직되었다.\n재정 고문으로 메가타가 임명되었다.""}, {""problem_id"": ""cj_v41_1380"", ""full_text"": ""이것은 일제가 각종 놋그릇과 맞아. 중일 전쟁을 일으키고 침략 생활용품들을 공출한 후 찍은 전쟁을 확대했던 이 시기 일제는 사진이야. 당시 금속류 회수령이 군수 물자 생산을 위해 사찰의 실시되었지. 종까지 걷어가기도 했어.\n밑줄 그은 ‘이 시기’에 시행된 일제의 정책으로 옳은 것은?\n언론을 통제하기 위하여 신문지법을 제정하였다.\n애국반을 조직하여 한국인의 생활을 통제하였다.\n경복궁에서 최초로 조선 물산 공진회를 개최하였다.\n재정 고문 메가타의 주도 아래 화폐 정리 사업을 실시하였다.\n보통학교의 수업 연한을 4년으로 규정한 제1차 조선 교육령을 시행하였다.""}]",source-candidate:5b5a6e54f94a0acc34a9,THESAURUS:TERM:25170067:sha256-1022516a18f91e61,THESAURUS,1,금속회수령,name,name_ngram,0.512364,UNKNOWN,"[""금속회수령""]","[""金屬回收令""]","[""일제시기""]",,,[],,"{""term_name"": ""금속회수령"", ""hanja"": ""金屬回收令"", ""era"": ""일제시기"", ""thesaurus_category"": ""경제·산업>경제법령·조치"", ""description"": ""1943년 8월 금속을 회수하기 위해 일제가 제정한 법령."", ""term_year"": ""1943-?""}",[],IDENTITY_MEMBER,ALT_127,금속회수령,Concept,,,,
70,gold-case:3064365564d0925cdb60,term-review-task:ab62d5dd0462f964778b,resolution-case:e179a01baea5df381163,조혼,제도,"[{""problem_id"": ""cj_v41_0834"", ""full_text"": ""파리의 외무부 장관 아노토 각하께 3 전임 일본 공시는 구경에게서 사실상 거의 모든 권력을 빼앗고, 개혁 위원회[군국기무처]가 내린 결정을 확인하는 권한만 남겨 놓았습니다. … - 이후 개혁 위원회[군국기무처]는 매우 혁신적인 개혁안을 발표했다. 그런데 일부 위원들이 몇몇 조치에 대해 시의적절하지 않다고 판단하더니 이에 대해 동의하기를 거부했다. … - 게다가 조선인들은 이 기구가 왕권을 빼앗고 일본에 매수되었다고 비난하면서, … 어떤 지방에서는 왕권 수호를 위해 봉기했다고 합니다. 주 조선 공사 르페브르 올림 〈보기〉 ㄱ. 건양이라는 연호를 제정하였다. ㄴ. 탁지아문으로 재정을 일원화하였다. ㄷ. 양전 사업을 실시하여 지계를 발급하였다. ㄹ. 조혼을 금지하고 과부의 재기를 허용하였다. 기\n'개혁안'의 내용으로 옳은 것은 ＜보기＞에서 고른 것은?\nㄱ, ㄴ\nㄱ, ㄷ\nㄴ, ㄷ\nㄴ, ㄹ\nㄷ, ㄹ""}]",source-candidate:0708d77aca3c30372148,AKS:ARTICLE:E0052771:sha256-704d8ea620c542f5,AKS,1,조혼,name,exact,1.0,COMPATIBLE,"[""조혼""]","[""早婚""]",[],,,[],Concept,"{""headword"": ""조혼"", ""origin"": ""早婚"", ""headword_origin"": ""조혼(早婚)"", ""primary_type"": ""개념"", ""era"": ""미상"", ""definition"": ""혼인 적령기가 되지 않은 어린 아이가 일찍 혼인하던 풍속.""}","[{""left_source_candidate_id"": ""source-candidate:017fa3bac06bca91ca00"", ""right_source_candidate_id"": ""source-candidate:0708d77aca3c30372148"", ""signals"": [""normalized_name_match"", ""hanja_match""], ""conflicts"": [], ""merge_eligible"": true}, {""left_source_candidate_id"": ""source-candidate:0708d77aca3c30372148"", ""right_source_candidate_id"": ""source-candidate:6b4e4d882b229b4735ae"", ""signals"": [""normalized_name_match""], ""conflicts"": [""entity_type_conflict""], ""merge_eligible"": false}]",IDENTITY_MEMBER,ALT_128,조혼,Concept,,,,
70,gold-case:3064365564d0925cdb60,term-review-task:ab62d5dd0462f964778b,resolution-case:e179a01baea5df381163,조혼,제도,"[{""problem_id"": ""cj_v41_0834"", ""full_text"": ""파리의 외무부 장관 아노토 각하께 3 전임 일본 공시는 구경에게서 사실상 거의 모든 권력을 빼앗고, 개혁 위원회[군국기무처]가 내린 결정을 확인하는 권한만 남겨 놓았습니다. … - 이후 개혁 위원회[군국기무처]는 매우 혁신적인 개혁안을 발표했다. 그런데 일부 위원들이 몇몇 조치에 대해 시의적절하지 않다고 판단하더니 이에 대해 동의하기를 거부했다. … - 게다가 조선인들은 이 기구가 왕권을 빼앗고 일본에 매수되었다고 비난하면서, … 어떤 지방에서는 왕권 수호를 위해 봉기했다고 합니다. 주 조선 공사 르페브르 올림 〈보기〉 ㄱ. 건양이라는 연호를 제정하였다. ㄴ. 탁지아문으로 재정을 일원화하였다. ㄷ. 양전 사업을 실시하여 지계를 발급하였다. ㄹ. 조혼을 금지하고 과부의 재기를 허용하였다. 기\n'개혁안'의 내용으로 옳은 것은 ＜보기＞에서 고른 것은?\nㄱ, ㄴ\nㄱ, ㄷ\nㄴ, ㄷ\nㄴ, ㄹ\nㄷ, ㄹ""}]",source-candidate:6b4e4d882b229b4735ae,ITKC:PERSON:P058595:sha256-2bfbf7f8ab4b1538,ITKC_PERSON,2,조혼,name,exact,1.0,UNKNOWN,"[""조혼""]","[""曺渾""]",[],,,"[""창녕(昌寧)""]",Person,"{""name"": ""조혼"", ""hanja"": ""曺渾"", ""bonkwan"": ""창녕(昌寧)"", ""father"": ""조경수(曺敬修)""}","[{""left_source_candidate_id"": ""source-candidate:0708d77aca3c30372148"", ""right_source_candidate_id"": ""source-candidate:6b4e4d882b229b4735ae"", ""signals"": [""normalized_name_match""], ""conflicts"": [""entity_type_conflict""], ""merge_eligible"": false}]",,,,,,,,
70,gold-case:3064365564d0925cdb60,term-review-task:ab62d5dd0462f964778b,resolution-case:e179a01baea5df381163,조혼,제도,"[{""problem_id"": ""cj_v41_0834"", ""full_text"": ""파리의 외무부 장관 아노토 각하께 3 전임 일본 공시는 구경에게서 사실상 거의 모든 권력을 빼앗고, 개혁 위원회[군국기무처]가 내린 결정을 확인하는 권한만 남겨 놓았습니다. … - 이후 개혁 위원회[군국기무처]는 매우 혁신적인 개혁안을 발표했다. 그런데 일부 위원들이 몇몇 조치에 대해 시의적절하지 않다고 판단하더니 이에 대해 동의하기를 거부했다. … - 게다가 조선인들은 이 기구가 왕권을 빼앗고 일본에 매수되었다고 비난하면서, … 어떤 지방에서는 왕권 수호를 위해 봉기했다고 합니다. 주 조선 공사 르페브르 올림 〈보기〉 ㄱ. 건양이라는 연호를 제정하였다. ㄴ. 탁지아문으로 재정을 일원화하였다. ㄷ. 양전 사업을 실시하여 지계를 발급하였다. ㄹ. 조혼을 금지하고 과부의 재기를 허용하였다. 기\n'개혁안'의 내용으로 옳은 것은 ＜보기＞에서 고른 것은?\nㄱ, ㄴ\nㄱ, ㄷ\nㄴ, ㄷ\nㄴ, ㄹ\nㄷ, ㄹ""}]",source-candidate:017fa3bac06bca91ca00,THESAURUS:TERM:39850389:sha256-1022516a18f91e61,THESAURUS,3,조혼,name,exact,1.0,UNKNOWN,"[""조혼""]","[""早婚""]",[],,,[],,"{""term_name"": ""조혼"", ""hanja"": ""早婚"", ""era"": ""통시대"", ""thesaurus_category"": ""사회·생활>풍속·의례>가정의례"", ""description"": ""혼인할 수 있는 일정 연령에 이르기 전에 이루어지는 혼인. 우리나라 조혼풍속은 고구려의 데릴사위제와 민며느리제에서부터 유래. 고려시대 원나라 공녀문제와 조선시대 왕실 간택문제로 조혼풍속이 확산."", ""term_year"": ""?-?""}","[{""left_source_candidate_id"": ""source-candidate:017fa3bac06bca91ca00"", ""right_source_candidate_id"": ""source-candidate:0708d77aca3c30372148"", ""signals"": [""normalized_name_match"", ""hanja_match""], ""conflicts"": [], ""merge_eligible"": true}]",IDENTITY_MEMBER,ALT_128,조혼,Concept,,,,
71,gold-case:d46e991ba84c3ac9ac83,term-review-task:87f49bffb1a9e30887e9,resolution-case:5110fcb51855f7d03b08,조병창,기관,"[{""problem_id"": ""cj_v41_0750"", ""full_text"": ""부평 공원 내에 있는 이 동상은 일제의 무기 공장인 조병창 등에 강제 동원된 노동자의 모습을 형상화한 작품이다. 중일 전쟁 이후 침략 전쟁을 확대하던 시기에 일제는 한국인을 탄광과 군수 공장 등으로 끌고 가 열악한 환경에서 혹사시켰습니다.\n'시기'의 일제 정책으로 옳은 것은?\n치안 유지법을 공포하였다.\n토지 조사령을 제정하였다.\n헌병 경찰 제도를 실시하였다.\n식량 배급 및 미곡 공출제를 시행하였다.\n보통학교의 수업 연한을 4년으로 정하였다.""}]",source-candidate:5a80f67aa8bd011d1e5a,THESAURUS:TERM:21037622:sha256-1022516a18f91e61,THESAURUS,1,조병창,name,exact,1.0,UNKNOWN,"[""조병창""]","[""趙秉昌""]","[""조선후기""]",,,[],Person,"{""term_name"": ""조병창"", ""hanja"": ""趙秉昌"", ""era"": ""조선후기"", ""thesaurus_category"": ""인명"", ""description"": ""조선후기-개항기의 문신. 1882년(고종 19) 임오군란 직후 의정부좌참찬 등을 지냈으나, 이듬해 대원군의 당여로 지목되어 사사됨."", ""term_year"": ""?-1883""}",[],,,,,,,,
71,gold-case:d46e991ba84c3ac9ac83,term-review-task:87f49bffb1a9e30887e9,resolution-case:5110fcb51855f7d03b08,조병창,기관,"[{""problem_id"": ""cj_v41_0750"", ""full_text"": ""부평 공원 내에 있는 이 동상은 일제의 무기 공장인 조병창 등에 강제 동원된 노동자의 모습을 형상화한 작품이다. 중일 전쟁 이후 침략 전쟁을 확대하던 시기에 일제는 한국인을 탄광과 군수 공장 등으로 끌고 가 열악한 환경에서 혹사시켰습니다.\n'시기'의 일제 정책으로 옳은 것은?\n치안 유지법을 공포하였다.\n토지 조사령을 제정하였다.\n헌병 경찰 제도를 실시하였다.\n식량 배급 및 미곡 공출제를 시행하였다.\n보통학교의 수업 연한을 4년으로 정하였다.""}]",source-candidate:f130509089022d5e3b30,AKS:ARTICLE:E0051806:sha256-704d8ea620c542f5,AKS,2,조병창,name,exact,1.0,CONFLICT,"[""경로敬魯"", ""문정文貞"", ""조병창""]","[""趙秉昌"", ""敬魯"", ""文貞""]","[""조선"", ""조선 후기"", ""근대"", ""개항기""]",,,[],Person,"{""headword"": ""조병창"", ""aliases"": [""경로(敬魯)"", ""문정(文貞)""], ""origin"": ""趙秉昌"", ""headword_origin"": ""조병창(趙秉昌)"", ""primary_type"": ""인물/근현대 인물"", ""era"": ""조선/조선 후기 | 근대/개항기"", ""definition"": ""개항기 때, 의정부좌참찬, 예문관제학 등을 역임한 문신.""}",[],,,,,,,,
72,gold-case:9f759abf1bae88541f0d,term-review-task:e8fbd32e00099917b778,resolution-case:025a744a957ca0b40124,양헌수,인물,"[{""problem_id"": ""cj_v41_0169"", ""full_text"": ""(가) 저들이 비록 왜인이라고는 하나 실은 양적(洋賊)이다. 화친이 한번 이루어지면 사학(邪學)의 서책과 천주의 초상이 교역하는 속에 섞여 들어오게 되고, 조금 지나면 전도사와 신도가 전수하여 사학이 온 나라에 두루 가득 차게 될 것이다. - 지부복궐척화의소 - (나) 지금 조정에서는 어찌 백해무익한 일을 하여 러시아가 없는 마음을 먹게 하고, 미국이 의도하지 않았던 일을 만들어 오랑캐를 끌어들이려 하십니까? 저 황준헌이라는 자는 스스로 중국에서 태어났다고 하면서도, 일본을 위해 말하고 예수를 좋은 신이라 하며, 난적의 앞잡이가 되어 스스로 짐승과 같은 무리가 되었다. 고금천하에 어찌 이런 이치가 있겠습니까? - 영남 만인소 -\n(가), (나) 문서가 작성된 사이의 시기에 있었던 사실로 옳은 것은?\n김기수가 수신사로 일본에 파견되었다.\n영국이 거문도를 불법으로 점령하였다.\n평양 관민이 제너럴 셔먼호를 불태웠다.\n거중 조정 조항을 포함한 조약이 체결되었다.\n양헌수 부대가 정족산성에서 프랑스군을 격퇴하였다.""}, {""problem_id"": ""cj_v41_0218"", ""full_text"": ""답사 계획서 주제: 섬에서 만나는 제국주의 열강의 침입과 저항 일시: 2021년 00월 00일 09:00~18:00 경로: 외규장각 - 연무당 옛터 - 광성보 - 정족산성 - 초지진 (가) 외규장각, (나) 연무당 옛터, (다) 광성보, (라) 정족산성, (마) 초지진\n(가)~(마)에서 일어난 사실로 옳지 않은 것은?\n(가) - 프랑스군이 의궤를 약탈하였다.\n(나) - 조일 수호 조규가 체결되었다.\n(다) - 어재연 부대가 결사 항전하였다.\n(라) - 양헌수 부대가 적군을 물리쳤다.\n(마) - 영국군이 불법으로 점령하였다.""}, {""problem_id"": ""cj_v41_0406"", ""full_text"": ""해군 제독 로즈 귀하 당신이 지휘하는 해군 병력에 주저없이 호소합니다. ㉠프랑스인 주교 2명과 선교사 9명을 희생시킨 사건이 조선에서 벌어졌습니다. 이에 대한 확실한 특수가 필요합니다. 당신의 지휘로 가능한 모든 수단을 사용하여 조선에 대한 공격을 최대한 빨리 개시하도록 간곡히 요청합니다. 7월 13일 베이징에서 벨로네\n㉠이 원인이 되어 발생한 사건에 대한 설명으로 옳은 것은?\n운요호가 강화도와 영종도를 공격하였다.\n양헌수 부대가 정족산성에서 승리하였다.\n정부가 청군의 출병을 요청하는 계기가 되었다.\n사태 수습을 위해 박규수가 안핵사로 파견되었다.\n흥선 대원군이 톈진으로 압송되는 결과를 가져왔다.""}]",source-candidate:9e44d8515c09a7ea175c,AKS:ARTICLE:E0035852:sha256-704d8ea620c542f5,AKS,1,양헌수,name,exact,1.0,COMPATIBLE,"[""경보敬甫"", ""양헌수"", ""충장忠莊""]","[""梁憲洙"", ""敬甫"", ""忠莊""]","[""조선"", ""조선 후기"", ""근대"", ""개항기""]",,,[],Person,"{""headword"": ""양헌수"", ""aliases"": [""경보(敬甫)"", ""충장(忠莊)""], ""origin"": ""梁憲洙"", ""headword_origin"": ""양헌수(梁憲洙)"", ""primary_type"": ""인물/근현대 인물"", ""era"": ""조선/조선 후기 | 근대/개항기"", ""definition"": ""조선후기 삼군부사, 공조판서, 독련사 등을 역임한 무신.""}","[{""left_source_candidate_id"": ""source-candidate:3223caee172df2e41552"", ""right_source_candidate_id"": ""source-candidate:9e44d8515c09a7ea175c"", ""signals"": [""era_overlap""], ""conflicts"": [""entity_type_conflict""], ""merge_eligible"": false}, {""left_source_candidate_id"": ""source-candidate:58256079d88e1af2e1c5"", ""right_source_candidate_id"": ""source-candidate:9e44d8515c09a7ea175c"", ""signals"": [""era_overlap""], ""conflicts"": [""entity_type_conflict""], ""merge_eligible"": false}, {""left_source_candidate_id"": ""source-candidate:9e44d8515c09a7ea175c"", ""right_source_candidate_id"": ""source-candidate:ac1a7226941828a9b5cf"", ""signals"": [""normalized_name_match"", ""hanja_match"", ""era_overlap"", ""entity_type_match""], ""conflicts"": [], ""merge_eligible"": true}, {""left_source_candidate_id"": ""source-candidate:9e44d8515c09a7ea175c"", ""right_source_candidate_id"": ""source-candidate:ac7380c326a6afb9df30"", ""signals"": [""normalized_name_match"", ""hanja_match"", ""entity_type_match""], ""conflicts"": [], ""merge_eligible"": true}]",IDENTITY_MEMBER,ALT_129,양헌수,Person,,,,
72,gold-case:9f759abf1bae88541f0d,term-review-task:e8fbd32e00099917b778,resolution-case:025a744a957ca0b40124,양헌수,인물,"[{""problem_id"": ""cj_v41_0169"", ""full_text"": ""(가) 저들이 비록 왜인이라고는 하나 실은 양적(洋賊)이다. 화친이 한번 이루어지면 사학(邪學)의 서책과 천주의 초상이 교역하는 속에 섞여 들어오게 되고, 조금 지나면 전도사와 신도가 전수하여 사학이 온 나라에 두루 가득 차게 될 것이다. - 지부복궐척화의소 - (나) 지금 조정에서는 어찌 백해무익한 일을 하여 러시아가 없는 마음을 먹게 하고, 미국이 의도하지 않았던 일을 만들어 오랑캐를 끌어들이려 하십니까? 저 황준헌이라는 자는 스스로 중국에서 태어났다고 하면서도, 일본을 위해 말하고 예수를 좋은 신이라 하며, 난적의 앞잡이가 되어 스스로 짐승과 같은 무리가 되었다. 고금천하에 어찌 이런 이치가 있겠습니까? - 영남 만인소 -\n(가), (나) 문서가 작성된 사이의 시기에 있었던 사실로 옳은 것은?\n김기수가 수신사로 일본에 파견되었다.\n영국이 거문도를 불법으로 점령하였다.\n평양 관민이 제너럴 셔먼호를 불태웠다.\n거중 조정 조항을 포함한 조약이 체결되었다.\n양헌수 부대가 정족산성에서 프랑스군을 격퇴하였다.""}, {""problem_id"": ""cj_v41_0218"", ""full_text"": ""답사 계획서 주제: 섬에서 만나는 제국주의 열강의 침입과 저항 일시: 2021년 00월 00일 09:00~18:00 경로: 외규장각 - 연무당 옛터 - 광성보 - 정족산성 - 초지진 (가) 외규장각, (나) 연무당 옛터, (다) 광성보, (라) 정족산성, (마) 초지진\n(가)~(마)에서 일어난 사실로 옳지 않은 것은?\n(가) - 프랑스군이 의궤를 약탈하였다.\n(나) - 조일 수호 조규가 체결되었다.\n(다) - 어재연 부대가 결사 항전하였다.\n(라) - 양헌수 부대가 적군을 물리쳤다.\n(마) - 영국군이 불법으로 점령하였다.""}, {""problem_id"": ""cj_v41_0406"", ""full_text"": ""해군 제독 로즈 귀하 당신이 지휘하는 해군 병력에 주저없이 호소합니다. ㉠프랑스인 주교 2명과 선교사 9명을 희생시킨 사건이 조선에서 벌어졌습니다. 이에 대한 확실한 특수가 필요합니다. 당신의 지휘로 가능한 모든 수단을 사용하여 조선에 대한 공격을 최대한 빨리 개시하도록 간곡히 요청합니다. 7월 13일 베이징에서 벨로네\n㉠이 원인이 되어 발생한 사건에 대한 설명으로 옳은 것은?\n운요호가 강화도와 영종도를 공격하였다.\n양헌수 부대가 정족산성에서 승리하였다.\n정부가 청군의 출병을 요청하는 계기가 되었다.\n사태 수습을 위해 박규수가 안핵사로 파견되었다.\n흥선 대원군이 톈진으로 압송되는 결과를 가져왔다.""}]",source-candidate:ac7380c326a6afb9df30,ITKC:PERSON:P027768:sha256-2bfbf7f8ab4b1538,ITKC_PERSON,2,양헌수,name,exact,1.0,UNKNOWN,"[""양헌수""]","[""梁憲洙""]",[],1816,1888,"[""남원(南原)""]",Person,"{""name"": ""양헌수"", ""hanja"": ""梁憲洙"", ""birth_year"": ""1816"", ""death_year"": ""1888"", ""bonkwan"": ""남원(南原)"", ""ja"": ""경보(敬甫)"", ""ho"": ""하거(荷居)"", ""father"": ""양종임(梁鍾任)""}","[{""left_source_candidate_id"": ""source-candidate:3223caee172df2e41552"", ""right_source_candidate_id"": ""source-candidate:ac7380c326a6afb9df30"", ""signals"": [], ""conflicts"": [""entity_type_conflict""], ""merge_eligible"": false}, {""left_source_candidate_id"": ""source-candidate:58256079d88e1af2e1c5"", ""right_source_candidate_id"": ""source-candidate:ac7380c326a6afb9df30"", ""signals"": [], ""conflicts"": [""entity_type_conflict""], ""merge_eligible"": false}, {""left_source_candidate_id"": ""source-candidate:9e44d8515c09a7ea175c"", ""right_source_candidate_id"": ""source-candidate:ac7380c326a6afb9df30"", ""signals"": [""normalized_name_match"", ""hanja_match"", ""entity_type_match""], ""conflicts"": [], ""merge_eligible"": true}, {""left_source_candidate_id"": ""source-candidate:ac1a7226941828a9b5cf"", ""right_source_candidate_id"": ""source-candidate:ac7380c326a6afb9df30"", ""signals"": [""normalized_name_match"", ""hanja_match"", ""entity_type_match""], ""conflicts"": [], ""merge_eligible"": true}]",,,,,,,,동명이인
72,gold-case:9f759abf1bae88541f0d,term-review-task:e8fbd32e00099917b778,resolution-case:025a744a957ca0b40124,양헌수,인물,"[{""problem_id"": ""cj_v41_0169"", ""full_text"": ""(가) 저들이 비록 왜인이라고는 하나 실은 양적(洋賊)이다. 화친이 한번 이루어지면 사학(邪學)의 서책과 천주의 초상이 교역하는 속에 섞여 들어오게 되고, 조금 지나면 전도사와 신도가 전수하여 사학이 온 나라에 두루 가득 차게 될 것이다. - 지부복궐척화의소 - (나) 지금 조정에서는 어찌 백해무익한 일을 하여 러시아가 없는 마음을 먹게 하고, 미국이 의도하지 않았던 일을 만들어 오랑캐를 끌어들이려 하십니까? 저 황준헌이라는 자는 스스로 중국에서 태어났다고 하면서도, 일본을 위해 말하고 예수를 좋은 신이라 하며, 난적의 앞잡이가 되어 스스로 짐승과 같은 무리가 되었다. 고금천하에 어찌 이런 이치가 있겠습니까? - 영남 만인소 -\n(가), (나) 문서가 작성된 사이의 시기에 있었던 사실로 옳은 것은?\n김기수가 수신사로 일본에 파견되었다.\n영국이 거문도를 불법으로 점령하였다.\n평양 관민이 제너럴 셔먼호를 불태웠다.\n거중 조정 조항을 포함한 조약이 체결되었다.\n양헌수 부대가 정족산성에서 프랑스군을 격퇴하였다.""}, {""problem_id"": ""cj_v41_0218"", ""full_text"": ""답사 계획서 주제: 섬에서 만나는 제국주의 열강의 침입과 저항 일시: 2021년 00월 00일 09:00~18:00 경로: 외규장각 - 연무당 옛터 - 광성보 - 정족산성 - 초지진 (가) 외규장각, (나) 연무당 옛터, (다) 광성보, (라) 정족산성, (마) 초지진\n(가)~(마)에서 일어난 사실로 옳지 않은 것은?\n(가) - 프랑스군이 의궤를 약탈하였다.\n(나) - 조일 수호 조규가 체결되었다.\n(다) - 어재연 부대가 결사 항전하였다.\n(라) - 양헌수 부대가 적군을 물리쳤다.\n(마) - 영국군이 불법으로 점령하였다.""}, {""problem_id"": ""cj_v41_0406"", ""full_text"": ""해군 제독 로즈 귀하 당신이 지휘하는 해군 병력에 주저없이 호소합니다. ㉠프랑스인 주교 2명과 선교사 9명을 희생시킨 사건이 조선에서 벌어졌습니다. 이에 대한 확실한 특수가 필요합니다. 당신의 지휘로 가능한 모든 수단을 사용하여 조선에 대한 공격을 최대한 빨리 개시하도록 간곡히 요청합니다. 7월 13일 베이징에서 벨로네\n㉠이 원인이 되어 발생한 사건에 대한 설명으로 옳은 것은?\n운요호가 강화도와 영종도를 공격하였다.\n양헌수 부대가 정족산성에서 승리하였다.\n정부가 청군의 출병을 요청하는 계기가 되었다.\n사태 수습을 위해 박규수가 안핵사로 파견되었다.\n흥선 대원군이 톈진으로 압송되는 결과를 가져왔다.""}]",source-candidate:ac1a7226941828a9b5cf,THESAURUS:TERM:22912:sha256-1022516a18f91e61,THESAURUS,3,양헌수,name,exact,1.0,UNKNOWN,"[""양헌수""]","[""梁憲洙""]","[""조선후기""]",,,[],Person,"{""term_name"": ""양헌수"", ""hanja"": ""梁憲洙"", ""era"": ""조선후기"", ""thesaurus_category"": ""인명"", ""description"": ""조선후기-개항기 무신. 본관은 남원(南原). 이항로의 문인. 병인양요 때 정족산성(鼎足山城)의 수성장(守城將)으로 활약."", ""term_year"": ""1816-1888""}","[{""left_source_candidate_id"": ""source-candidate:3223caee172df2e41552"", ""right_source_candidate_id"": ""source-candidate:ac1a7226941828a9b5cf"", ""signals"": [""era_overlap""], ""conflicts"": [""entity_type_conflict""], ""merge_eligible"": false}, {""left_source_candidate_id"": ""source-candidate:58256079d88e1af2e1c5"", ""right_source_candidate_id"": ""source-candidate:ac1a7226941828a9b5cf"", ""signals"": [""era_overlap""], ""conflicts"": [""entity_type_conflict""], ""merge_eligible"": false}, {""left_source_candidate_id"": ""source-candidate:9e44d8515c09a7ea175c"", ""right_source_candidate_id"": ""source-candidate:ac1a7226941828a9b5cf"", ""signals"": [""normalized_name_match"", ""hanja_match"", ""era_overlap"", ""entity_type_match""], ""conflicts"": [], ""merge_eligible"": true}, {""left_source_candidate_id"": ""source-candidate:ac1a7226941828a9b5cf"", ""right_source_candidate_id"": ""source-candidate:ac7380c326a6afb9df30"", ""signals"": [""normalized_name_match"", ""hanja_match"", ""entity_type_match""], ""conflicts"": [], ""merge_eligible"": true}]",IDENTITY_MEMBER,ALT_129,양헌수,Person,,,,
72,gold-case:9f759abf1bae88541f0d,term-review-task:e8fbd32e00099917b778,resolution-case:025a744a957ca0b40124,양헌수,인물,"[{""problem_id"": ""cj_v41_0169"", ""full_text"": ""(가) 저들이 비록 왜인이라고는 하나 실은 양적(洋賊)이다. 화친이 한번 이루어지면 사학(邪學)의 서책과 천주의 초상이 교역하는 속에 섞여 들어오게 되고, 조금 지나면 전도사와 신도가 전수하여 사학이 온 나라에 두루 가득 차게 될 것이다. - 지부복궐척화의소 - (나) 지금 조정에서는 어찌 백해무익한 일을 하여 러시아가 없는 마음을 먹게 하고, 미국이 의도하지 않았던 일을 만들어 오랑캐를 끌어들이려 하십니까? 저 황준헌이라는 자는 스스로 중국에서 태어났다고 하면서도, 일본을 위해 말하고 예수를 좋은 신이라 하며, 난적의 앞잡이가 되어 스스로 짐승과 같은 무리가 되었다. 고금천하에 어찌 이런 이치가 있겠습니까? - 영남 만인소 -\n(가), (나) 문서가 작성된 사이의 시기에 있었던 사실로 옳은 것은?\n김기수가 수신사로 일본에 파견되었다.\n영국이 거문도를 불법으로 점령하였다.\n평양 관민이 제너럴 셔먼호를 불태웠다.\n거중 조정 조항을 포함한 조약이 체결되었다.\n양헌수 부대가 정족산성에서 프랑스군을 격퇴하였다.""}, {""problem_id"": ""cj_v41_0218"", ""full_text"": ""답사 계획서 주제: 섬에서 만나는 제국주의 열강의 침입과 저항 일시: 2021년 00월 00일 09:00~18:00 경로: 외규장각 - 연무당 옛터 - 광성보 - 정족산성 - 초지진 (가) 외규장각, (나) 연무당 옛터, (다) 광성보, (라) 정족산성, (마) 초지진\n(가)~(마)에서 일어난 사실로 옳지 않은 것은?\n(가) - 프랑스군이 의궤를 약탈하였다.\n(나) - 조일 수호 조규가 체결되었다.\n(다) - 어재연 부대가 결사 항전하였다.\n(라) - 양헌수 부대가 적군을 물리쳤다.\n(마) - 영국군이 불법으로 점령하였다.""}, {""problem_id"": ""cj_v41_0406"", ""full_text"": ""해군 제독 로즈 귀하 당신이 지휘하는 해군 병력에 주저없이 호소합니다. ㉠프랑스인 주교 2명과 선교사 9명을 희생시킨 사건이 조선에서 벌어졌습니다. 이에 대한 확실한 특수가 필요합니다. 당신의 지휘로 가능한 모든 수단을 사용하여 조선에 대한 공격을 최대한 빨리 개시하도록 간곡히 요청합니다. 7월 13일 베이징에서 벨로네\n㉠이 원인이 되어 발생한 사건에 대한 설명으로 옳은 것은?\n운요호가 강화도와 영종도를 공격하였다.\n양헌수 부대가 정족산성에서 승리하였다.\n정부가 청군의 출병을 요청하는 계기가 되었다.\n사태 수습을 위해 박규수가 안핵사로 파견되었다.\n흥선 대원군이 톈진으로 압송되는 결과를 가져왔다.""}]",source-candidate:3223caee172df2e41552,THESAURUS:TERM:6301555:sha256-1022516a18f91e61,THESAURUS,4,양헌수승전비,description,bidirectional_containment,0.966667,UNKNOWN,"[""양헌수승전비""]","[""梁憲洙勝戰碑""]","[""조선후기""]",,,[],Heritage,"{""term_name"": ""양헌수승전비"", ""hanja"": ""梁憲洙勝戰碑"", ""era"": ""조선후기"", ""thesaurus_category"": ""문화재"", ""description"": ""1873년(고종 10) 병인양요시 프랑스군대를 격퇴한 양헌수(梁憲洙)의 전공(戰功)을 기리기 위해 세운 비. 인천광역시 강화군 길상면 온수리에 있음."", ""term_year"": ""1873""}","[{""left_source_candidate_id"": ""source-candidate:3223caee172df2e41552"", ""right_source_candidate_id"": ""source-candidate:9e44d8515c09a7ea175c"", ""signals"": [""era_overlap""], ""conflicts"": [""entity_type_conflict""], ""merge_eligible"": false}, {""left_source_candidate_id"": ""source-candidate:3223caee172df2e41552"", ""right_source_candidate_id"": ""source-candidate:ac1a7226941828a9b5cf"", ""signals"": [""era_overlap""], ""conflicts"": [""entity_type_conflict""], ""merge_eligible"": false}, {""left_source_candidate_id"": ""source-candidate:3223caee172df2e41552"", ""right_source_candidate_id"": ""source-candidate:ac7380c326a6afb9df30"", ""signals"": [], ""conflicts"": [""entity_type_conflict""], ""merge_eligible"": false}]",EVIDENCE_ONLY,,,,REL_130,양헌수 승전비,Heritage,
72,gold-case:9f759abf1bae88541f0d,term-review-task:e8fbd32e00099917b778,resolution-case:025a744a957ca0b40124,양헌수,인물,"[{""problem_id"": ""cj_v41_0169"", ""full_text"": ""(가) 저들이 비록 왜인이라고는 하나 실은 양적(洋賊)이다. 화친이 한번 이루어지면 사학(邪學)의 서책과 천주의 초상이 교역하는 속에 섞여 들어오게 되고, 조금 지나면 전도사와 신도가 전수하여 사학이 온 나라에 두루 가득 차게 될 것이다. - 지부복궐척화의소 - (나) 지금 조정에서는 어찌 백해무익한 일을 하여 러시아가 없는 마음을 먹게 하고, 미국이 의도하지 않았던 일을 만들어 오랑캐를 끌어들이려 하십니까? 저 황준헌이라는 자는 스스로 중국에서 태어났다고 하면서도, 일본을 위해 말하고 예수를 좋은 신이라 하며, 난적의 앞잡이가 되어 스스로 짐승과 같은 무리가 되었다. 고금천하에 어찌 이런 이치가 있겠습니까? - 영남 만인소 -\n(가), (나) 문서가 작성된 사이의 시기에 있었던 사실로 옳은 것은?\n김기수가 수신사로 일본에 파견되었다.\n영국이 거문도를 불법으로 점령하였다.\n평양 관민이 제너럴 셔먼호를 불태웠다.\n거중 조정 조항을 포함한 조약이 체결되었다.\n양헌수 부대가 정족산성에서 프랑스군을 격퇴하였다.""}, {""problem_id"": ""cj_v41_0218"", ""full_text"": ""답사 계획서 주제: 섬에서 만나는 제국주의 열강의 침입과 저항 일시: 2021년 00월 00일 09:00~18:00 경로: 외규장각 - 연무당 옛터 - 광성보 - 정족산성 - 초지진 (가) 외규장각, (나) 연무당 옛터, (다) 광성보, (라) 정족산성, (마) 초지진\n(가)~(마)에서 일어난 사실로 옳지 않은 것은?\n(가) - 프랑스군이 의궤를 약탈하였다.\n(나) - 조일 수호 조규가 체결되었다.\n(다) - 어재연 부대가 결사 항전하였다.\n(라) - 양헌수 부대가 적군을 물리쳤다.\n(마) - 영국군이 불법으로 점령하였다.""}, {""problem_id"": ""cj_v41_0406"", ""full_text"": ""해군 제독 로즈 귀하 당신이 지휘하는 해군 병력에 주저없이 호소합니다. ㉠프랑스인 주교 2명과 선교사 9명을 희생시킨 사건이 조선에서 벌어졌습니다. 이에 대한 확실한 특수가 필요합니다. 당신의 지휘로 가능한 모든 수단을 사용하여 조선에 대한 공격을 최대한 빨리 개시하도록 간곡히 요청합니다. 7월 13일 베이징에서 벨로네\n㉠이 원인이 되어 발생한 사건에 대한 설명으로 옳은 것은?\n운요호가 강화도와 영종도를 공격하였다.\n양헌수 부대가 정족산성에서 승리하였다.\n정부가 청군의 출병을 요청하는 계기가 되었다.\n사태 수습을 위해 박규수가 안핵사로 파견되었다.\n흥선 대원군이 톈진으로 압송되는 결과를 가져왔다.""}]",source-candidate:58256079d88e1af2e1c5,AKS:ARTICLE:E0035853:sha256-704d8ea620c542f5,AKS,5,양헌수 승전비,name,bidirectional_containment,0.496667,CONFLICT,"[""양헌수승전비""]","[""梁憲洙"", ""勝戰碑""]","[""조선"", ""조선 후기""]",,,[],Heritage,"{""headword"": ""양헌수 승전비"", ""origin"": ""梁憲洙 勝戰碑"", ""headword_origin"": ""양헌수 승전비(梁憲洙 勝戰碑)"", ""primary_type"": ""유적/탑·비"", ""era"": ""조선/조선 후기"", ""definition"": ""인천광역시 강화군 길상면에 있는 조선후기 무신 양헌수 관련 기적비.""}","[{""left_source_candidate_id"": ""source-candidate:58256079d88e1af2e1c5"", ""right_source_candidate_id"": ""source-candidate:9e44d8515c09a7ea175c"", ""signals"": [""era_overlap""], ""conflicts"": [""entity_type_conflict""], ""merge_eligible"": false}, {""left_source_candidate_id"": ""source-candidate:58256079d88e1af2e1c5"", ""right_source_candidate_id"": ""source-candidate:ac1a7226941828a9b5cf"", ""signals"": [""era_overlap""], ""conflicts"": [""entity_type_conflict""], ""merge_eligible"": false}, {""left_source_candidate_id"": ""source-candidate:58256079d88e1af2e1c5"", ""right_source_candidate_id"": ""source-candidate:ac7380c326a6afb9df30"", ""signals"": [], ""conflicts"": [""entity_type_conflict""], ""merge_eligible"": false}]",EVIDENCE_ONLY,,,,REL_130,양헌수 승전비,Heritage,
73,gold-case:3f6a331e92193bbb145b,term-review-task:74e35060983198350e21,resolution-case:e353a2b84b46bd9879f4,단연보국채,문헌,"[{""problem_id"": ""cj_v41_0745"", ""full_text"": ""나는 23세 때 육영 공원의 교사로 조선에 와서 학생들을 가르쳤최 고종의 특사가 되어 만국 평화 회의가 열린 헤이그를 방문하였고. 대한 제국 일망사를 출간하기도 했최 나는 한국인의 권리와 자유를 위해 짜워왔으며 한국인에 대한 사랑은 내 인생의 가장 소중한 가치라오 나는 웨스트민스터 사원보다 한국 땅에 묻히기를 염원하으\n다음 인물의 활동으로 옳은 것은?\n화폐 정리 사업을 주도하였다.\n한글로 된 교재인 사민필지를 집필하였다.\n여성 교육 기관인 이화 학당을 설립하였다.\n친일 인사 스티븐스를 샌프란시스코에서 사살하였다.\n논설 단연보국채를 써서 국채 보상 운동에 적극 참여하였다.""}, {""problem_id"": ""cj_v41_0792"", ""full_text"": ""11:07 나는 지금 군산근대역사박물관 광장에 와 있어. 이곳에 동상이 있네. 6 1 그에 대해 설명해 줄래? 최익현과 함께 의병을 일으켰다가 일본에 의해 쓰시마성으로 끌려가 고초를 겪었어. 이후에는 조선 총독 에게 국권 반환 요구서를 발송하려 다가 체포되어 순국하였지\n(가) 인물의 활동으로 옳은 것은?\n명동 성당 앞에서 이완용을 습격하였다.\n고종의 밀지를 받아 독립 의군부를 조직하였다.\n국권 침탈 과정을 정리한 한국통사를 저술하였다.\n13도 창의군의 총대장으로 서울 진공 작전을 지휘하였다.\n논설 단연보국채를 써서 국채 보상 운동에 적극 참여하였다.""}]",source-candidate:4c5d8f1e7a6010698825,THESAURUS:TERM:14398:sha256-1022516a18f91e61,THESAURUS,1,국채보상단연회,name,name_ngram,0.380833,UNKNOWN,"[""국채보상단연회""]","[""國債報償斷煙會""]","[""근대""]",,,[],,"{""term_name"": ""국채보상단연회"", ""hanja"": ""國債報償斷煙會"", ""era"": ""근대"", ""thesaurus_category"": ""사회운동·독립운동>사회운동>계몽운동"", ""description"": ""국채보상을 목적으로 1907년 대구에서 김광제(金光濟)와 서상돈(徐相敦)이 주축이 되어 설립한 애국계몽단체."", ""term_year"": ""1907-?""}",[],EVIDENCE_ONLY,ALT_131,국채보상단연회,Organization,,,,단연보국채와 국채보상단연회가 용어는 아니지만 단연보국채가 담배를 끊어 나랏빚을 갚아 나라를 돕자는 주장이라면 국채보상단연회는 그 아이디어를 실제로 실행하기 위해 모여 만든 단체이다. 따라서 연관이 있음
73,gold-case:3f6a331e92193bbb145b,term-review-task:74e35060983198350e21,resolution-case:e353a2b84b46bd9879f4,단연보국채,문헌,"[{""problem_id"": ""cj_v41_0745"", ""full_text"": ""나는 23세 때 육영 공원의 교사로 조선에 와서 학생들을 가르쳤최 고종의 특사가 되어 만국 평화 회의가 열린 헤이그를 방문하였고. 대한 제국 일망사를 출간하기도 했최 나는 한국인의 권리와 자유를 위해 짜워왔으며 한국인에 대한 사랑은 내 인생의 가장 소중한 가치라오 나는 웨스트민스터 사원보다 한국 땅에 묻히기를 염원하으\n다음 인물의 활동으로 옳은 것은?\n화폐 정리 사업을 주도하였다.\n한글로 된 교재인 사민필지를 집필하였다.\n여성 교육 기관인 이화 학당을 설립하였다.\n친일 인사 스티븐스를 샌프란시스코에서 사살하였다.\n논설 단연보국채를 써서 국채 보상 운동에 적극 참여하였다.""}, {""problem_id"": ""cj_v41_0792"", ""full_text"": ""11:07 나는 지금 군산근대역사박물관 광장에 와 있어. 이곳에 동상이 있네. 6 1 그에 대해 설명해 줄래? 최익현과 함께 의병을 일으켰다가 일본에 의해 쓰시마성으로 끌려가 고초를 겪었어. 이후에는 조선 총독 에게 국권 반환 요구서를 발송하려 다가 체포되어 순국하였지\n(가) 인물의 활동으로 옳은 것은?\n명동 성당 앞에서 이완용을 습격하였다.\n고종의 밀지를 받아 독립 의군부를 조직하였다.\n국권 침탈 과정을 정리한 한국통사를 저술하였다.\n13도 창의군의 총대장으로 서울 진공 작전을 지휘하였다.\n논설 단연보국채를 써서 국채 보상 운동에 적극 참여하였다.""}]",source-candidate:09fa9728df24b06ddfba,THESAURUS:TERM:4199096:sha256-1022516a18f91e61,THESAURUS,2,국채보상단연회,name,name_ngram,0.380833,UNKNOWN,"[""국채보상단연회""]","[""國債報償斷煙會""]","[""근대""]",,,[],,"{""term_name"": ""국채보상단연회"", ""hanja"": ""國債報償斷煙會"", ""era"": ""근대"", ""thesaurus_category"": ""사회운동·독립운동>사회운동>계몽운동"", ""description"": ""국채보상을 목적으로 1907년 대구에서 김광제(金光濟)와 서상돈(徐相敦)이 주축이 되어 설립한 애국계몽단체."", ""term_year"": ""1907-?""}",[],EVIDENCE_ONLY,ALT_131,국채보상단연회,Organization,,,,단연보국채와 국채보상단연회가 용어는 아니지만 단연보국채가 담배를 끊어 나랏빚을 갚아 나라를 돕자는 주장이라면 국채보상단연회는 그 아이디어를 실제로 실행하기 위해 모여 만든 단체이다. 따라서 연관이 있음
73,gold-case:3f6a331e92193bbb145b,term-review-task:74e35060983198350e21,resolution-case:e353a2b84b46bd9879f4,단연보국채,문헌,"[{""problem_id"": ""cj_v41_0745"", ""full_text"": ""나는 23세 때 육영 공원의 교사로 조선에 와서 학생들을 가르쳤최 고종의 특사가 되어 만국 평화 회의가 열린 헤이그를 방문하였고. 대한 제국 일망사를 출간하기도 했최 나는 한국인의 권리와 자유를 위해 짜워왔으며 한국인에 대한 사랑은 내 인생의 가장 소중한 가치라오 나는 웨스트민스터 사원보다 한국 땅에 묻히기를 염원하으\n다음 인물의 활동으로 옳은 것은?\n화폐 정리 사업을 주도하였다.\n한글로 된 교재인 사민필지를 집필하였다.\n여성 교육 기관인 이화 학당을 설립하였다.\n친일 인사 스티븐스를 샌프란시스코에서 사살하였다.\n논설 단연보국채를 써서 국채 보상 운동에 적극 참여하였다.""}, {""problem_id"": ""cj_v41_0792"", ""full_text"": ""11:07 나는 지금 군산근대역사박물관 광장에 와 있어. 이곳에 동상이 있네. 6 1 그에 대해 설명해 줄래? 최익현과 함께 의병을 일으켰다가 일본에 의해 쓰시마성으로 끌려가 고초를 겪었어. 이후에는 조선 총독 에게 국권 반환 요구서를 발송하려 다가 체포되어 순국하였지\n(가) 인물의 활동으로 옳은 것은?\n명동 성당 앞에서 이완용을 습격하였다.\n고종의 밀지를 받아 독립 의군부를 조직하였다.\n국권 침탈 과정을 정리한 한국통사를 저술하였다.\n13도 창의군의 총대장으로 서울 진공 작전을 지휘하였다.\n논설 단연보국채를 써서 국채 보상 운동에 적극 참여하였다.""}]",source-candidate:4a4e1d7c5fcfdd13fb3c,THESAURUS:TERM:35669619:sha256-1022516a18f91e61,THESAURUS,3,국채국,name,name_ngram,0.290357,UNKNOWN,"[""국채국""]","[""國債局""]","[""개항기""]",,,[],,"{""term_name"": ""국채국"", ""hanja"": ""國債局"", ""era"": ""개항기"", ""thesaurus_category"": ""정치·행정·법제>행정>중앙행정기구"", ""description"": ""1894년(고종 31)에 탁지아문(度支衙門) 산하에 딸리어 국채 발행과 그 상환에 관한 일을 담당한 부서."", ""term_year"": ""1894-1895""}",[],,,,,,,,
73,gold-case:3f6a331e92193bbb145b,term-review-task:74e35060983198350e21,resolution-case:e353a2b84b46bd9879f4,단연보국채,문헌,"[{""problem_id"": ""cj_v41_0745"", ""full_text"": ""나는 23세 때 육영 공원의 교사로 조선에 와서 학생들을 가르쳤최 고종의 특사가 되어 만국 평화 회의가 열린 헤이그를 방문하였고. 대한 제국 일망사를 출간하기도 했최 나는 한국인의 권리와 자유를 위해 짜워왔으며 한국인에 대한 사랑은 내 인생의 가장 소중한 가치라오 나는 웨스트민스터 사원보다 한국 땅에 묻히기를 염원하으\n다음 인물의 활동으로 옳은 것은?\n화폐 정리 사업을 주도하였다.\n한글로 된 교재인 사민필지를 집필하였다.\n여성 교육 기관인 이화 학당을 설립하였다.\n친일 인사 스티븐스를 샌프란시스코에서 사살하였다.\n논설 단연보국채를 써서 국채 보상 운동에 적극 참여하였다.""}, {""problem_id"": ""cj_v41_0792"", ""full_text"": ""11:07 나는 지금 군산근대역사박물관 광장에 와 있어. 이곳에 동상이 있네. 6 1 그에 대해 설명해 줄래? 최익현과 함께 의병을 일으켰다가 일본에 의해 쓰시마성으로 끌려가 고초를 겪었어. 이후에는 조선 총독 에게 국권 반환 요구서를 발송하려 다가 체포되어 순국하였지\n(가) 인물의 활동으로 옳은 것은?\n명동 성당 앞에서 이완용을 습격하였다.\n고종의 밀지를 받아 독립 의군부를 조직하였다.\n국권 침탈 과정을 정리한 한국통사를 저술하였다.\n13도 창의군의 총대장으로 서울 진공 작전을 지휘하였다.\n논설 단연보국채를 써서 국채 보상 운동에 적극 참여하였다.""}]",source-candidate:3b2887ac9475dac2d7dd,THESAURUS:TERM:14682643:sha256-1022516a18f91e61,THESAURUS,4,흥아보국단,name,name_ngram,0.2855,UNKNOWN,"[""흥아보국단""]","[""興亞報國團""]","[""일제시기""]",,,[],,"{""term_name"": ""흥아보국단"", ""hanja"": ""興亞報國團"", ""era"": ""일제시기"", ""thesaurus_category"": ""사회운동·독립운동>일본제국주의>친일세력"", ""description"": ""1941년 8월 24일 윤치호 등이 결성한 친일단체. 1941년 10월 25일 임전대책협의회와 합동해 조선임전보국단을 결성."", ""term_year"": ""1941""}",[],,,,,,,,
74,gold-case:e0ae4d6acb24da64b3f7,term-review-task:1ad0cffc25a5ff45e8c5,resolution-case:0a65b772c17469bf062c,흥남 철수 작전,사건,"[{""problem_id"": ""cj_v41_0236"", ""full_text"": ""(가) 북한군의 공격에 밀려 낙동강 방어선으로 후퇴한 제1사단은 다부동 일대에서 북한군 제2군단의 공세에 맞서 8월 3일부터 9월 2일까지 지열한 전투를 벌였다. 이 전투에서 제1사단 12연대는 특공대를 편성, 적 전차 4대를 파괴하는 등 중요한 역할을 수행하며 전투를 승리로 이끌었다. (나) 개성에서 열린 첫 정전 회담에서 UN군 대표단은 어떠한 정치적 또는 경제적 문제의 논의를 단호히 거부하는 동시에 침략 재발의 방지를 보장하는 화평만이 전쟁을 종식시킬 수 있다고 공산군 대표단에게 경고하였다\n(가), (나) 사이의 시기에 있었던 사실로 옳은 것은?\n애치슨 선언이 발표되었다.\n흥남 철수 작전이 전개되었다.\n여수·순천 10·19 사건이 일어났다.\n한미 상호 방위 조약이 체결되었다.\n부산에서 발췌 개헌안이 통과되었다.""}, {""problem_id"": ""cj_v41_0423"", ""full_text"": ""이것은 국군과 유엔군이 인천 상륙 작전 이후 10여 일 만에 서울을 수복한 사실을 알리는 전단지이다. 뒷면에는 맥아더 장군이 서울을 탈환하여 적의 보급선을 끊었으며, 앞으로 힘을 합쳐 공산군을 끝까지 몰아내자는 내용이 있다. 이 서울 수복 이후에 있었던 사실을 말해 볼까요? 〈보기〉 ㄱ. 애치슨 선언이 발표됐어요. ㄴ. 흥남 철수 작전이 전개됐어요. ㄷ. 소련의 제안으로 정전 회담이 개최됐어요. ㄹ. 국군이 다부동 전투에서 북한군의 공세를 막아 냈대요.\n교사의 질문에 대한 학생의 답변으로 옳은 것을 보기에서 고른 것은?\nㄱ, ㄴ\nㄱ, ㄷ\nㄴ, ㄷ\nㄴ, ㄹ\nㄷ, ㄹ""}, {""problem_id"": ""cj_v41_0707"", ""full_text"": ""대성동 마을은 경기도 파주시에 있으며, 군사 분계선 남쪽 비무장 지대에 위치한 민간인 마을이다. (가)의 정전 협정 체결 직후 비무장 지대에 남북이 민간인 마을을 하나씩만 남긴다는 후속 합의에 따라 마을로 조성되었다. '자유의 마을'로 불리는 대성동 마을은 유엔군 사령부의 관할 지역으로, 외부인은 허락 없이 들어가지 못합니다.\n(가) 전쟁 중에 있었던 사실로 옳지 않은 것은?\n부산이 임시 수도로 정해졌다.\n흥남 철수 작전이 전개되었다.\n인천 상륙 작전 이후 서울을 수복하였다.\n애치슨 선언이 발표되었다.\n국회에서 국민 방위군 사건이 폭로되었다.""}]",source-candidate:acd22a8cbb1489751eb3,AKS:ARTICLE:E0042143:sha256-704d8ea620c542f5,AKS,1,흥남 철수 작전,body,body_mention,1.0,COMPATIBLE,"[""육이오"", ""육이오전쟁"", ""한국전쟁""]","[""韓國戰爭""]","[""현대""]",,,[],Event,"{""headword"": ""한국전쟁"", ""aliases"": [""6·25"", ""6·25전쟁"", ""육이오""], ""origin"": ""韓國戰爭"", ""headword_origin"": ""한국전쟁(韓國戰爭)"", ""primary_type"": ""사건/전쟁"", ""era"": ""현대"", ""definition"": ""1950년 6월 25일 새벽에 북위 38°선 전역에 걸쳐 북한군이 불법 남침함으로써 일어난 한반도 전쟁."", ""snippet"": ""선에 두 개의 독립, 분리된 야전사령부를 운영하게 한 점이었다. 혹한과 고전 속에서 해공로를 통하여 [흥남철수](E0065977)는 바다를 통해 12월 24일에 작전을 완료하였다. ## 중공군의 남진과 전황""}",[],EVIDENCE_ONLY,,,,REL_132,한국전쟁,Event,
74,gold-case:e0ae4d6acb24da64b3f7,term-review-task:1ad0cffc25a5ff45e8c5,resolution-case:0a65b772c17469bf062c,흥남 철수 작전,사건,"[{""problem_id"": ""cj_v41_0236"", ""full_text"": ""(가) 북한군의 공격에 밀려 낙동강 방어선으로 후퇴한 제1사단은 다부동 일대에서 북한군 제2군단의 공세에 맞서 8월 3일부터 9월 2일까지 지열한 전투를 벌였다. 이 전투에서 제1사단 12연대는 특공대를 편성, 적 전차 4대를 파괴하는 등 중요한 역할을 수행하며 전투를 승리로 이끌었다. (나) 개성에서 열린 첫 정전 회담에서 UN군 대표단은 어떠한 정치적 또는 경제적 문제의 논의를 단호히 거부하는 동시에 침략 재발의 방지를 보장하는 화평만이 전쟁을 종식시킬 수 있다고 공산군 대표단에게 경고하였다\n(가), (나) 사이의 시기에 있었던 사실로 옳은 것은?\n애치슨 선언이 발표되었다.\n흥남 철수 작전이 전개되었다.\n여수·순천 10·19 사건이 일어났다.\n한미 상호 방위 조약이 체결되었다.\n부산에서 발췌 개헌안이 통과되었다.""}, {""problem_id"": ""cj_v41_0423"", ""full_text"": ""이것은 국군과 유엔군이 인천 상륙 작전 이후 10여 일 만에 서울을 수복한 사실을 알리는 전단지이다. 뒷면에는 맥아더 장군이 서울을 탈환하여 적의 보급선을 끊었으며, 앞으로 힘을 합쳐 공산군을 끝까지 몰아내자는 내용이 있다. 이 서울 수복 이후에 있었던 사실을 말해 볼까요? 〈보기〉 ㄱ. 애치슨 선언이 발표됐어요. ㄴ. 흥남 철수 작전이 전개됐어요. ㄷ. 소련의 제안으로 정전 회담이 개최됐어요. ㄹ. 국군이 다부동 전투에서 북한군의 공세를 막아 냈대요.\n교사의 질문에 대한 학생의 답변으로 옳은 것을 보기에서 고른 것은?\nㄱ, ㄴ\nㄱ, ㄷ\nㄴ, ㄷ\nㄴ, ㄹ\nㄷ, ㄹ""}, {""problem_id"": ""cj_v41_0707"", ""full_text"": ""대성동 마을은 경기도 파주시에 있으며, 군사 분계선 남쪽 비무장 지대에 위치한 민간인 마을이다. (가)의 정전 협정 체결 직후 비무장 지대에 남북이 민간인 마을을 하나씩만 남긴다는 후속 합의에 따라 마을로 조성되었다. '자유의 마을'로 불리는 대성동 마을은 유엔군 사령부의 관할 지역으로, 외부인은 허락 없이 들어가지 못합니다.\n(가) 전쟁 중에 있었던 사실로 옳지 않은 것은?\n부산이 임시 수도로 정해졌다.\n흥남 철수 작전이 전개되었다.\n인천 상륙 작전 이후 서울을 수복하였다.\n애치슨 선언이 발표되었다.\n국회에서 국민 방위군 사건이 폭로되었다.""}]",source-candidate:cbaaac3838be8eec115b,AKS:ARTICLE:E0065977:sha256-704d8ea620c542f5,AKS,2,흥남 철수 작전,definition,body_mention,1.0,COMPATIBLE,"[""흥남철수""]","[""興南撤收""]","[""현대""]",,,[],Event,"{""headword"": ""흥남철수"", ""origin"": ""興南撤收"", ""headword_origin"": ""흥남철수(興南撤收)"", ""primary_type"": ""사건/전쟁"", ""era"": ""현대"", ""definition"": ""미 제10군단과 국군 제1군단이 1950년 12월 15일(출항 기준)부터 23일까지 흥남항구를 통해 해상 철수한 작전."", ""snippet"": ""미 제10군단과 국군 제1군단이 1950년 12월 15일(출항 기준)부터 23일까지 흥남항구를 통해 해상 철수한 작전""}","[{""left_source_candidate_id"": ""source-candidate:a7c6681d254557daa357"", ""right_source_candidate_id"": ""source-candidate:cbaaac3838be8eec115b"", ""signals"": [""normalized_name_match"", ""hanja_match"", ""era_overlap""], ""conflicts"": [], ""merge_eligible"": true}]",IDENTITY_MEMBER,ALT_133,흥남 철수 작전,Event,,,,
74,gold-case:e0ae4d6acb24da64b3f7,term-review-task:1ad0cffc25a5ff45e8c5,resolution-case:0a65b772c17469bf062c,흥남 철수 작전,사건,"[{""problem_id"": ""cj_v41_0236"", ""full_text"": ""(가) 북한군의 공격에 밀려 낙동강 방어선으로 후퇴한 제1사단은 다부동 일대에서 북한군 제2군단의 공세에 맞서 8월 3일부터 9월 2일까지 지열한 전투를 벌였다. 이 전투에서 제1사단 12연대는 특공대를 편성, 적 전차 4대를 파괴하는 등 중요한 역할을 수행하며 전투를 승리로 이끌었다. (나) 개성에서 열린 첫 정전 회담에서 UN군 대표단은 어떠한 정치적 또는 경제적 문제의 논의를 단호히 거부하는 동시에 침략 재발의 방지를 보장하는 화평만이 전쟁을 종식시킬 수 있다고 공산군 대표단에게 경고하였다\n(가), (나) 사이의 시기에 있었던 사실로 옳은 것은?\n애치슨 선언이 발표되었다.\n흥남 철수 작전이 전개되었다.\n여수·순천 10·19 사건이 일어났다.\n한미 상호 방위 조약이 체결되었다.\n부산에서 발췌 개헌안이 통과되었다.""}, {""problem_id"": ""cj_v41_0423"", ""full_text"": ""이것은 국군과 유엔군이 인천 상륙 작전 이후 10여 일 만에 서울을 수복한 사실을 알리는 전단지이다. 뒷면에는 맥아더 장군이 서울을 탈환하여 적의 보급선을 끊었으며, 앞으로 힘을 합쳐 공산군을 끝까지 몰아내자는 내용이 있다. 이 서울 수복 이후에 있었던 사실을 말해 볼까요? 〈보기〉 ㄱ. 애치슨 선언이 발표됐어요. ㄴ. 흥남 철수 작전이 전개됐어요. ㄷ. 소련의 제안으로 정전 회담이 개최됐어요. ㄹ. 국군이 다부동 전투에서 북한군의 공세를 막아 냈대요.\n교사의 질문에 대한 학생의 답변으로 옳은 것을 보기에서 고른 것은?\nㄱ, ㄴ\nㄱ, ㄷ\nㄴ, ㄷ\nㄴ, ㄹ\nㄷ, ㄹ""}, {""problem_id"": ""cj_v41_0707"", ""full_text"": ""대성동 마을은 경기도 파주시에 있으며, 군사 분계선 남쪽 비무장 지대에 위치한 민간인 마을이다. (가)의 정전 협정 체결 직후 비무장 지대에 남북이 민간인 마을을 하나씩만 남긴다는 후속 합의에 따라 마을로 조성되었다. '자유의 마을'로 불리는 대성동 마을은 유엔군 사령부의 관할 지역으로, 외부인은 허락 없이 들어가지 못합니다.\n(가) 전쟁 중에 있었던 사실로 옳지 않은 것은?\n부산이 임시 수도로 정해졌다.\n흥남 철수 작전이 전개되었다.\n인천 상륙 작전 이후 서울을 수복하였다.\n애치슨 선언이 발표되었다.\n국회에서 국민 방위군 사건이 폭로되었다.""}]",source-candidate:a7c6681d254557daa357,THESAURUS:TERM:10500601:sha256-1022516a18f91e61,THESAURUS,3,흥남철수,name,bidirectional_containment,0.630444,UNKNOWN,"[""흥남철수""]","[""興南撤收""]","[""현대""]",,,[],,"{""term_name"": ""흥남철수"", ""hanja"": ""興南撤收"", ""era"": ""현대"", ""thesaurus_category"": ""국방·군사>전쟁·전투"", ""description"": ""1950년 6·25전쟁 당시 중국군의 개입으로 인해 동북부전선에서 작전 중이던 아군부대가 흥남항을 통하여 대규모 해상철수를 단행한 사건."", ""term_year"": ""1950""}","[{""left_source_candidate_id"": ""source-candidate:a7c6681d254557daa357"", ""right_source_candidate_id"": ""source-candidate:cbaaac3838be8eec115b"", ""signals"": [""normalized_name_match"", ""hanja_match"", ""era_overlap""], ""conflicts"": [], ""merge_eligible"": true}]",IDENTITY_MEMBER,ALT_133,흥남 철수 작전,Event,,,,
75,gold-case:d884ce85b6a4e99a3590,term-review-task:5074d03da818eb0b0c59,resolution-case:4e57816d45f7ad0bb7c1,오키나와,지명,"[{""problem_id"": ""cj_v41_0558"", ""full_text"": ""(가) 군사적 안전 보장의 입장에서 볼 때 태평양 지역의 정세 및 이 지역에 대한 미국의 정책은 어떤 것인가. 태평양 지역 방위선은 알류산 열도에서 일본을 거쳐 오키나와, 필리핀 군도로 이어진다. (나) 상호적 합의에 의하여 미합중국의 육군, 해군과 공군을 대한민국의 영토 내와 그 부근에 배치하는 권리를 대한민국은 허락해 주고 미합중국은 수락한다.\n(가), (나) 사이의 시기에 있었던 사실로 옳은 것은?\n좌우 합작 위원회가 출범하였다.\n여수 순천 10·19 사건이 일어났다.\n미국 의회에서 트루먼 독트린이 발표되었다.\n베트남 파병에 관한 브라운 각서가 체결되었다.\n거제도 포로 수용소에 있던 반공 포로가 석방되었다.""}]",source-candidate:c1a4905b4c92f0178b53,THESAURUS:TERM:48239730:sha256-1022516a18f91e61,THESAURUS,1,오키나와전투,description,bidirectional_containment,1.070444,UNKNOWN,"[""오키나와전투""]","[""沖繩戰鬪""]","[""현대""]",,,[],,"{""term_name"": ""오키나와전투"", ""hanja"": ""沖繩戰鬪"", ""era"": ""현대"", ""thesaurus_category"": ""외교·국제관계>외교분쟁"", ""description"": ""1945년 3월 말부터 6월 23일까지 일본 류큐제도(琉球諸島)의 오키나와에서 미군과 일본군이 벌인 전투."", ""term_year"": ""1945""}",[],EVIDENCE_ONLY,,,,REL_136,오키나와 전투,Event,
75,gold-case:d884ce85b6a4e99a3590,term-review-task:5074d03da818eb0b0c59,resolution-case:4e57816d45f7ad0bb7c1,오키나와,지명,"[{""problem_id"": ""cj_v41_0558"", ""full_text"": ""(가) 군사적 안전 보장의 입장에서 볼 때 태평양 지역의 정세 및 이 지역에 대한 미국의 정책은 어떤 것인가. 태평양 지역 방위선은 알류산 열도에서 일본을 거쳐 오키나와, 필리핀 군도로 이어진다. (나) 상호적 합의에 의하여 미합중국의 육군, 해군과 공군을 대한민국의 영토 내와 그 부근에 배치하는 권리를 대한민국은 허락해 주고 미합중국은 수락한다.\n(가), (나) 사이의 시기에 있었던 사실로 옳은 것은?\n좌우 합작 위원회가 출범하였다.\n여수 순천 10·19 사건이 일어났다.\n미국 의회에서 트루먼 독트린이 발표되었다.\n베트남 파병에 관한 브라운 각서가 체결되었다.\n거제도 포로 수용소에 있던 반공 포로가 석방되었다.""}]",source-candidate:affe405d39a18044acd1,AKS:ARTICLE:E0000257:sha256-704d8ea620c542f5,AKS,2,오키나와,body,body_mention,1.0,COMPATIBLE,"[""가라加羅"", ""가락駕洛"", ""가야"", ""가야伽倻"", ""가야伽耶"", ""구야狗邪"", ""임나任那""]","[""加耶"", ""伽倻"", ""伽耶"", ""狗邪"", ""加羅"", ""駕洛"", ""任那""]","[""고대"", ""삼국"", ""가야""]",,,[],Place,"{""headword"": ""가야"", ""aliases"": [""가야(伽倻)"", ""가야(伽耶)"", ""구야(狗邪)"", ""가라(加羅)"", ""가락(駕洛)"", ""임나(任那)""], ""origin"": ""加耶"", ""headword_origin"": ""가야(加耶)"", ""primary_type"": ""지명/고지명"", ""era"": ""고대/삼국/가야"", ""definition"": ""서기전 1세기~서기 6세기, 경상남도와 경상북도 일부에서 형성된 작은 나라들의 연합."", ""snippet"": ""양식 토기들도 일본 규슈 및 세토나이해 연변 각지에 널리 분포되었다. 또한 고령 지산동 고분군에서 오키나와[沖繩]산 야광패제 국자와 왜 계통 청동거울 등이 출토되어, 왜의 물품이 가야 지역에 들어왔음을 확인""}","[{""left_source_candidate_id"": ""source-candidate:1b0364e6970250663d30"", ""right_source_candidate_id"": ""source-candidate:affe405d39a18044acd1"", ""signals"": [], ""conflicts"": [""entity_type_conflict""], ""merge_eligible"": false}, {""left_source_candidate_id"": ""source-candidate:89bc0567acdd96ae5a7a"", ""right_source_candidate_id"": ""source-candidate:affe405d39a18044acd1"", ""signals"": [], ""conflicts"": [""entity_type_conflict""], ""merge_eligible"": false}]",EVIDENCE_ONLY,,,,REL_137,가야,Polity,
75,gold-case:d884ce85b6a4e99a3590,term-review-task:5074d03da818eb0b0c59,resolution-case:4e57816d45f7ad0bb7c1,오키나와,지명,"[{""problem_id"": ""cj_v41_0558"", ""full_text"": ""(가) 군사적 안전 보장의 입장에서 볼 때 태평양 지역의 정세 및 이 지역에 대한 미국의 정책은 어떤 것인가. 태평양 지역 방위선은 알류산 열도에서 일본을 거쳐 오키나와, 필리핀 군도로 이어진다. (나) 상호적 합의에 의하여 미합중국의 육군, 해군과 공군을 대한민국의 영토 내와 그 부근에 배치하는 권리를 대한민국은 허락해 주고 미합중국은 수락한다.\n(가), (나) 사이의 시기에 있었던 사실로 옳은 것은?\n좌우 합작 위원회가 출범하였다.\n여수 순천 10·19 사건이 일어났다.\n미국 의회에서 트루먼 독트린이 발표되었다.\n베트남 파병에 관한 브라운 각서가 체결되었다.\n거제도 포로 수용소에 있던 반공 포로가 석방되었다.""}]",source-candidate:6bb2b94f8c646bcbe4ca,AKS:ARTICLE:E0013420:sha256-704d8ea620c542f5,AKS,3,오키나와,body,body_mention,1.0,COMPATIBLE,"[""다도해""]","[""多島海""]",[],,,[],Place,"{""headword"": ""다도해"", ""origin"": ""多島海"", ""headword_origin"": ""다도해(多島海)"", ""primary_type"": ""지명/자연지명"", ""era"": ""미상"", ""definition"": ""섬이 많은 바다를 일컫는 말로 우리나라에서는 대체로 서해 남부와 남해 서부에 분포하는 지역."", ""snippet"": ""출한 것 같다. 흑산도에서 발굴된 빗살무늬토기가 제주도나 [일본](E0047193)의 구주(九州)와 오키나와(沖繩)까지 발견되는 것으로 미루어보아 이미 신석기시대 해상을 통한 문화교류가 있었음을 알 수 있""}","[{""left_source_candidate_id"": ""source-candidate:1b0364e6970250663d30"", ""right_source_candidate_id"": ""source-candidate:6bb2b94f8c646bcbe4ca"", ""signals"": [], ""conflicts"": [""entity_type_conflict""], ""merge_eligible"": false}, {""left_source_candidate_id"": ""source-candidate:6bb2b94f8c646bcbe4ca"", ""right_source_candidate_id"": ""source-candidate:89bc0567acdd96ae5a7a"", ""signals"": [], ""conflicts"": [""entity_type_conflict""], ""merge_eligible"": false}]",EVIDENCE_ONLY,,,,REL_138,다도해,Place,
75,gold-case:d884ce85b6a4e99a3590,term-review-task:5074d03da818eb0b0c59,resolution-case:4e57816d45f7ad0bb7c1,오키나와,지명,"[{""problem_id"": ""cj_v41_0558"", ""full_text"": ""(가) 군사적 안전 보장의 입장에서 볼 때 태평양 지역의 정세 및 이 지역에 대한 미국의 정책은 어떤 것인가. 태평양 지역 방위선은 알류산 열도에서 일본을 거쳐 오키나와, 필리핀 군도로 이어진다. (나) 상호적 합의에 의하여 미합중국의 육군, 해군과 공군을 대한민국의 영토 내와 그 부근에 배치하는 권리를 대한민국은 허락해 주고 미합중국은 수락한다.\n(가), (나) 사이의 시기에 있었던 사실로 옳은 것은?\n좌우 합작 위원회가 출범하였다.\n여수 순천 10·19 사건이 일어났다.\n미국 의회에서 트루먼 독트린이 발표되었다.\n베트남 파병에 관한 브라운 각서가 체결되었다.\n거제도 포로 수용소에 있던 반공 포로가 석방되었다.""}]",source-candidate:655a66ca6fde2de019c6,AKS:ARTICLE:E0024719:sha256-704d8ea620c542f5,AKS,4,오키나와,body,body_mention,1.0,COMPATIBLE,"[""북제주군""]","[""北濟州郡""]","[""현대""]",,,[],Place,"{""headword"": ""북제주군"", ""origin"": ""北濟州郡"", ""headword_origin"": ""북제주군(北濟州郡)"", ""primary_type"": ""지명/행정지명·마을"", ""era"": ""현대"", ""definition"": ""제주특별자치도 북부에 위치했던 군으로 2006년 제주시에 통합된 행정구역."", ""snippet"": ""른바 ‘배방선’에 떼를 썼을 법하며, 실제로 이를 목격했던 사람도 있다(구좌읍 남무 朴仁珠). 더구나 일본 오키나와 일대와 동남아시아의 경조민속(競漕民俗)이 이를 뒷받침해 준다. 차귀본향놀이는 마을의 수호신을""}","[{""left_source_candidate_id"": ""source-candidate:1b0364e6970250663d30"", ""right_source_candidate_id"": ""source-candidate:655a66ca6fde2de019c6"", ""signals"": [], ""conflicts"": [""entity_type_conflict""], ""merge_eligible"": false}, {""left_source_candidate_id"": ""source-candidate:655a66ca6fde2de019c6"", ""right_source_candidate_id"": ""source-candidate:89bc0567acdd96ae5a7a"", ""signals"": [], ""conflicts"": [""entity_type_conflict""], ""merge_eligible"": false}]",,,,,,,,
75,gold-case:d884ce85b6a4e99a3590,term-review-task:5074d03da818eb0b0c59,resolution-case:4e57816d45f7ad0bb7c1,오키나와,지명,"[{""problem_id"": ""cj_v41_0558"", ""full_text"": ""(가) 군사적 안전 보장의 입장에서 볼 때 태평양 지역의 정세 및 이 지역에 대한 미국의 정책은 어떤 것인가. 태평양 지역 방위선은 알류산 열도에서 일본을 거쳐 오키나와, 필리핀 군도로 이어진다. (나) 상호적 합의에 의하여 미합중국의 육군, 해군과 공군을 대한민국의 영토 내와 그 부근에 배치하는 권리를 대한민국은 허락해 주고 미합중국은 수락한다.\n(가), (나) 사이의 시기에 있었던 사실로 옳은 것은?\n좌우 합작 위원회가 출범하였다.\n여수 순천 10·19 사건이 일어났다.\n미국 의회에서 트루먼 독트린이 발표되었다.\n베트남 파병에 관한 브라운 각서가 체결되었다.\n거제도 포로 수용소에 있던 반공 포로가 석방되었다.""}]",source-candidate:43ad1b98cc1e2ebd1eb8,AKS:ARTICLE:E0067578:sha256-704d8ea620c542f5,AKS,5,오키나와,body,body_mention,1.0,COMPATIBLE,"[""대만臺灣"", ""중화민국中華民國"", ""타이완""]","[""臺灣"", ""中華民國""]","[""현대""]",,,[],Place,"{""headword"": ""타이완"", ""aliases"": [""대만(臺灣)"", ""중화민국(中華民國)""], ""origin"": ""Taiwan"", ""headword_origin"": ""타이완(Taiwan)"", ""primary_type"": ""지명/국가"", ""era"": ""현대"", ""definition"": ""유라시아 대륙 동남부와 태평양 서부 사이의 타이완섬을 중심으로 한 지역을 통합해 부르는 명칭."", ""snippet"": ""에 두고 중국대륙과 마주하고 있다. 태평양 서안에 있는 독립적인 섬들 중 하나로 타이완 북쪽으로는 오키나와 섬과 일본이 있고, 남쪽으로는 필리핀이 위치한다. 태평양 서쪽 가장자리에 위치해 있는 타이완은 먼""}","[{""left_source_candidate_id"": ""source-candidate:1b0364e6970250663d30"", ""right_source_candidate_id"": ""source-candidate:43ad1b98cc1e2ebd1eb8"", ""signals"": [], ""conflicts"": [""entity_type_conflict""], ""merge_eligible"": false}, {""left_source_candidate_id"": ""source-candidate:43ad1b98cc1e2ebd1eb8"", ""right_source_candidate_id"": ""source-candidate:89bc0567acdd96ae5a7a"", ""signals"": [], ""conflicts"": [""entity_type_conflict""], ""merge_eligible"": false}]",,,,,,,,
75,gold-case:d884ce85b6a4e99a3590,term-review-task:5074d03da818eb0b0c59,resolution-case:4e57816d45f7ad0bb7c1,오키나와,지명,"[{""problem_id"": ""cj_v41_0558"", ""full_text"": ""(가) 군사적 안전 보장의 입장에서 볼 때 태평양 지역의 정세 및 이 지역에 대한 미국의 정책은 어떤 것인가. 태평양 지역 방위선은 알류산 열도에서 일본을 거쳐 오키나와, 필리핀 군도로 이어진다. (나) 상호적 합의에 의하여 미합중국의 육군, 해군과 공군을 대한민국의 영토 내와 그 부근에 배치하는 권리를 대한민국은 허락해 주고 미합중국은 수락한다.\n(가), (나) 사이의 시기에 있었던 사실로 옳은 것은?\n좌우 합작 위원회가 출범하였다.\n여수 순천 10·19 사건이 일어났다.\n미국 의회에서 트루먼 독트린이 발표되었다.\n베트남 파병에 관한 브라운 각서가 체결되었다.\n거제도 포로 수용소에 있던 반공 포로가 석방되었다.""}]",source-candidate:e8cb3203c7bb2b246349,THESAURUS:TERM:39853723:sha256-1022516a18f91e61,THESAURUS,6,,description,description_containment,0.47,UNKNOWN,"[""규슈""]","[""九州""]",[],,,[],Place,"{""term_name"": ""규슈"", ""hanja"": ""九州"", ""era"": ""통시대"", ""thesaurus_category"": ""지명"", ""description"": ""일본열도를 구성하는 4대 섬중 가장 남쪽에 있는 섬, 또는 그 섬을 중심으로 하는 지방. 후쿠오카[福岡]·사가[佐賀]·나가사키[長崎]·오이타[大分]·구마모토[熊本]·미야자키[宮崎]·가고시마[鹿兒島] 등 7개현(縣)을 포함하며, 넓게는 오키나와현[沖繩縣]도 포함."", ""term_year"": ""?""}","[{""left_source_candidate_id"": ""source-candidate:1b0364e6970250663d30"", ""right_source_candidate_id"": ""source-candidate:e8cb3203c7bb2b246349"", ""signals"": [], ""conflicts"": [""entity_type_conflict""], ""merge_eligible"": false}, {""left_source_candidate_id"": ""source-candidate:89bc0567acdd96ae5a7a"", ""right_source_candidate_id"": ""source-candidate:e8cb3203c7bb2b246349"", ""signals"": [], ""conflicts"": [""entity_type_conflict""], ""merge_eligible"": false}]",,,,,,,,
75,gold-case:d884ce85b6a4e99a3590,term-review-task:5074d03da818eb0b0c59,resolution-case:4e57816d45f7ad0bb7c1,오키나와,지명,"[{""problem_id"": ""cj_v41_0558"", ""full_text"": ""(가) 군사적 안전 보장의 입장에서 볼 때 태평양 지역의 정세 및 이 지역에 대한 미국의 정책은 어떤 것인가. 태평양 지역 방위선은 알류산 열도에서 일본을 거쳐 오키나와, 필리핀 군도로 이어진다. (나) 상호적 합의에 의하여 미합중국의 육군, 해군과 공군을 대한민국의 영토 내와 그 부근에 배치하는 권리를 대한민국은 허락해 주고 미합중국은 수락한다.\n(가), (나) 사이의 시기에 있었던 사실로 옳은 것은?\n좌우 합작 위원회가 출범하였다.\n여수 순천 10·19 사건이 일어났다.\n미국 의회에서 트루먼 독트린이 발표되었다.\n베트남 파병에 관한 브라운 각서가 체결되었다.\n거제도 포로 수용소에 있던 반공 포로가 석방되었다.""}]",source-candidate:89bc0567acdd96ae5a7a,AKS:ARTICLE:E0045798:sha256-704d8ea620c542f5,AKS,7,나와,name,name_ngram,0.306667,CONFLICT,"[""공간"", ""나옹"", ""나와"", ""나재"", ""설악"", ""이정""]","[""李楨""]","[""조선"", ""조선 전기"", ""조선 후기""]",,,[],Person,"{""headword"": ""이정"", ""aliases"": [""공간"", ""나옹"", ""나와"", ""나재"", ""설악""], ""origin"": ""李楨"", ""headword_origin"": ""이정(李楨)"", ""primary_type"": ""인물/전통 인물"", ""era"": ""조선/조선 전기 | 조선/조선 후기"", ""definition"": ""조선시대 「산수도」, 『산수화첩』 등을 그린 화가.""}","[{""left_source_candidate_id"": ""source-candidate:1b0364e6970250663d30"", ""right_source_candidate_id"": ""source-candidate:89bc0567acdd96ae5a7a"", ""signals"": [], ""conflicts"": [""entity_type_conflict""], ""merge_eligible"": false}, {""left_source_candidate_id"": ""source-candidate:43ad1b98cc1e2ebd1eb8"", ""right_source_candidate_id"": ""source-candidate:89bc0567acdd96ae5a7a"", ""signals"": [], ""conflicts"": [""entity_type_conflict""], ""merge_eligible"": false}, {""left_source_candidate_id"": ""source-candidate:655a66ca6fde2de019c6"", ""right_source_candidate_id"": ""source-candidate:89bc0567acdd96ae5a7a"", ""signals"": [], ""conflicts"": [""entity_type_conflict""], ""merge_eligible"": false}, {""left_source_candidate_id"": ""source-candidate:6bb2b94f8c646bcbe4ca"", ""right_source_candidate_id"": ""source-candidate:89bc0567acdd96ae5a7a"", ""signals"": [], ""conflicts"": [""entity_type_conflict""], ""merge_eligible"": false}, {""left_source_candidate_id"": ""source-candidate:89bc0567acdd96ae5a7a"", ""right_source_candidate_id"": ""source-candidate:affe405d39a18044acd1"", ""signals"": [], ""conflicts"": [""entity_type_conflict""], ""merge_eligible"": false}, {""left_source_candidate_id"": ""source-candidate:89bc0567acdd96ae5a7a"", ""right_source_candidate_id"": ""source-candidate:e8cb3203c7bb2b246349"", ""signals"": [], ""conflicts"": [""entity_type_conflict""], ""merge_eligible"": false}]",,,,,,,,
75,gold-case:d884ce85b6a4e99a3590,term-review-task:5074d03da818eb0b0c59,resolution-case:4e57816d45f7ad0bb7c1,오키나와,지명,"[{""problem_id"": ""cj_v41_0558"", ""full_text"": ""(가) 군사적 안전 보장의 입장에서 볼 때 태평양 지역의 정세 및 이 지역에 대한 미국의 정책은 어떤 것인가. 태평양 지역 방위선은 알류산 열도에서 일본을 거쳐 오키나와, 필리핀 군도로 이어진다. (나) 상호적 합의에 의하여 미합중국의 육군, 해군과 공군을 대한민국의 영토 내와 그 부근에 배치하는 권리를 대한민국은 허락해 주고 미합중국은 수락한다.\n(가), (나) 사이의 시기에 있었던 사실로 옳은 것은?\n좌우 합작 위원회가 출범하였다.\n여수 순천 10·19 사건이 일어났다.\n미국 의회에서 트루먼 독트린이 발표되었다.\n베트남 파병에 관한 브라운 각서가 체결되었다.\n거제도 포로 수용소에 있던 반공 포로가 석방되었다.""}]",source-candidate:1b0364e6970250663d30,AKS:ARTICLE:E0011412:sha256-704d8ea620c542f5,AKS,8,나와집,name,name_ngram,0.271429,CONFLICT,"[""나와집""]","[""懶窩集""]","[""근대"", ""일제강점기""]",,,[],Work,"{""headword"": ""나와집"", ""origin"": ""懶窩集"", ""headword_origin"": ""나와집(懶窩集)"", ""primary_type"": ""문헌/고서"", ""era"": ""근대/일제강점기"", ""definition"": ""조선 후기의 문신·학자, 기언정의 시가와 산문을 엮어 1911년에 간행한 시문집.""}","[{""left_source_candidate_id"": ""source-candidate:1b0364e6970250663d30"", ""right_source_candidate_id"": ""source-candidate:43ad1b98cc1e2ebd1eb8"", ""signals"": [], ""conflicts"": [""entity_type_conflict""], ""merge_eligible"": false}, {""left_source_candidate_id"": ""source-candidate:1b0364e6970250663d30"", ""right_source_candidate_id"": ""source-candidate:655a66ca6fde2de019c6"", ""signals"": [], ""conflicts"": [""entity_type_conflict""], ""merge_eligible"": false}, {""left_source_candidate_id"": ""source-candidate:1b0364e6970250663d30"", ""right_source_candidate_id"": ""source-candidate:6bb2b94f8c646bcbe4ca"", ""signals"": [], ""conflicts"": [""entity_type_conflict""], ""merge_eligible"": false}, {""left_source_candidate_id"": ""source-candidate:1b0364e6970250663d30"", ""right_source_candidate_id"": ""source-candidate:89bc0567acdd96ae5a7a"", ""signals"": [], ""conflicts"": [""entity_type_conflict""], ""merge_eligible"": false}, {""left_source_candidate_id"": ""source-candidate:1b0364e6970250663d30"", ""right_source_candidate_id"": ""source-candidate:affe405d39a18044acd1"", ""signals"": [], ""conflicts"": [""entity_type_conflict""], ""merge_eligible"": false}, {""left_source_candidate_id"": ""source-candidate:1b0364e6970250663d30"", ""right_source_candidate_id"": ""source-candidate:e8cb3203c7bb2b246349"", ""signals"": [], ""conflicts"": [""entity_type_conflict""], ""merge_eligible"": false}]",,,,,,,,
76,gold-case:5e9f56172e1052cc70c8,term-review-task:7448a87745fd8c8d29ef,resolution-case:98ad9098f5673e5b2474,북원경,지명,"[{""problem_id"": ""cj_v41_0434"", ""full_text"": ""한주 스튜 일주 좀원경 시원경 님원경 탐라 〈보 기〉 용주. 상주 돈) 전주 감주 양주 두주 - 5소경 북원경 (경주) 금관경 ㄴ. 욕살, 처려근지 등을 지방관으로 파견하몄다. 다 상수리 제도를 실시하며 지방 세력을 견제하몄 다. 였다.\n지도와 같이 행정 구역을 정비한 국가에 대한 설명으로 옳은 것을 ＜보기＞에서 고른 것은?\nㄱ, ㄴ\nㄱ, ㄷ\nㄴ, ㄷ\nㄴ, ㄹ\nㄷ, ㄹ""}]",source-candidate:fae9f4467fd8dc597af2,THESAURUS:TERM:20977383:sha256-1022516a18f91e61,THESAURUS,1,북원경,name,exact,1.0,UNKNOWN,"[""북원경""]","[""北原京""]","[""고대""]",,,[],Place,"{""term_name"": ""북원경"", ""hanja"": ""北原京"", ""era"": ""고대"", ""thesaurus_category"": ""지명"", ""description"": ""통일신라시대 5소경(小京)의 하나. 지금의 강원도 원주시 일대에 설치됨."", ""term_year"": ""639-?""}","[{""left_source_candidate_id"": ""source-candidate:b7b8aa64ad12441ee84c"", ""right_source_candidate_id"": ""source-candidate:fae9f4467fd8dc597af2"", ""signals"": [""normalized_name_match"", ""hanja_match"", ""era_overlap""], ""conflicts"": [""entity_type_conflict""], ""merge_eligible"": false}]",IDENTITY_MEMBER,ALT_139,북원경,Place,,,,
76,gold-case:5e9f56172e1052cc70c8,term-review-task:7448a87745fd8c8d29ef,resolution-case:98ad9098f5673e5b2474,북원경,지명,"[{""problem_id"": ""cj_v41_0434"", ""full_text"": ""한주 스튜 일주 좀원경 시원경 님원경 탐라 〈보 기〉 용주. 상주 돈) 전주 감주 양주 두주 - 5소경 북원경 (경주) 금관경 ㄴ. 욕살, 처려근지 등을 지방관으로 파견하몄다. 다 상수리 제도를 실시하며 지방 세력을 견제하몄 다. 였다.\n지도와 같이 행정 구역을 정비한 국가에 대한 설명으로 옳은 것을 ＜보기＞에서 고른 것은?\nㄱ, ㄴ\nㄱ, ㄷ\nㄴ, ㄷ\nㄴ, ㄹ\nㄷ, ㄹ""}]",source-candidate:c8df8c901f6ea1cfb6c9,THESAURUS:TERM:24277:sha256-1022516a18f91e61,THESAURUS,2,북원경,name,exact,1.0,UNKNOWN,"[""북원경""]","[""北原京""]","[""고대""]",,,[],,"{""term_name"": ""북원경"", ""hanja"": ""北原京"", ""era"": ""고대"", ""thesaurus_category"": ""정치·행정·법제>행정>행정구역"", ""description"": ""통일신라시대 5소경(小京)의 하나. 지금의 강원도 원주시 일대에 설치됨."", ""term_year"": ""639-?""}",[],IDENTITY_MEMBER,ALT_139,북원경,Place,,,,
76,gold-case:5e9f56172e1052cc70c8,term-review-task:7448a87745fd8c8d29ef,resolution-case:98ad9098f5673e5b2474,북원경,지명,"[{""problem_id"": ""cj_v41_0434"", ""full_text"": ""한주 스튜 일주 좀원경 시원경 님원경 탐라 〈보 기〉 용주. 상주 돈) 전주 감주 양주 두주 - 5소경 북원경 (경주) 금관경 ㄴ. 욕살, 처려근지 등을 지방관으로 파견하몄다. 다 상수리 제도를 실시하며 지방 세력을 견제하몄 다. 였다.\n지도와 같이 행정 구역을 정비한 국가에 대한 설명으로 옳은 것을 ＜보기＞에서 고른 것은?\nㄱ, ㄴ\nㄱ, ㄷ\nㄴ, ㄷ\nㄴ, ㄹ\nㄷ, ㄹ""}]",source-candidate:b7b8aa64ad12441ee84c,AKS:ARTICLE:E0024698:sha256-704d8ea620c542f5,AKS,3,북원경,name,exact,1.0,CONFLICT,"[""북원경"", ""북원소경""]","[""北原京""]","[""고대"", ""남북국"", ""통일신라""]",,,[],Concept,"{""headword"": ""북원경"", ""aliases"": [""북원소경""], ""origin"": ""北原京"", ""headword_origin"": ""북원경(北原京)"", ""primary_type"": ""제도/법령·제도"", ""era"": ""고대/남북국/통일신라"", ""definition"": ""남북국시대 통일신라의 지방행정구역.""}","[{""left_source_candidate_id"": ""source-candidate:b7b8aa64ad12441ee84c"", ""right_source_candidate_id"": ""source-candidate:fae9f4467fd8dc597af2"", ""signals"": [""normalized_name_match"", ""hanja_match"", ""era_overlap""], ""conflicts"": [""entity_type_conflict""], ""merge_eligible"": false}]",IDENTITY_MEMBER,ALT_139,북원경,Place,,,,
77,gold-case:0d086bde897199b62ca2,term-review-task:ec40b7edb15dae0764cb,resolution-case:e74fb08040b9befa91e2,추축국,국가,"[{""problem_id"": ""cj_v41_0328"", ""full_text"": ""다음 성명서를 발표한 이후 대한민국 임시 정부의 활동으로 으으 거 으2 1- 人 1- 우리는 삼천만의 한국인 및 정부를 대표하여 중국, 영국, 미국, - 기타 국가들이 일본에 대해 전쟁을 선포한 것을 삼가 축하한다. 이것은 일본을 격패(擊敗)시기고 동아시아를 재건하는 가장 유효한 수단이다. 이에 특별히 다음과 같이 성명한다. 1. 한국 전체 인민은 현재 이미 반침략 전선에 참여한 상태이며 하나의 전투 단위로서 추축국에 전쟁을 선포한다. 2. 1910년의 합병 조약 및 일체 불평등 조약이 무효임을 재자 선포 한다. 아울러 반침략 국가가 한국에 지닌 합리적 기득 권익을 존중한다. 3. 왜구를 한국, 중국 및 서태평양에서 완전히 축출하기 위하여 혈전으로 최후의 승리를 거둔다\n다음 성명서를 발표한 이후 대한민국 임시 정부의 활동으로 옳은 것은?\n충칭에서 한국 광복군을 창설하였다.\n국내 비밀 행정 조직으로 연통제를 두었다.\n파리 강화 회의에 독립 청원서를 제출하였다.\n의거 활동을 위해 한인 애국단을 조직하였다.\n미군과 연계하여 국내 진공 작전을 추진하였다.""}]",source-candidate:5b856c60fdc93b64850d,AKS:ARTICLE:E0024902:sha256-704d8ea620c542f5,AKS,1,추축국,body,body_mention,1.0,COMPATIBLE,"[""therepublicofbulgaria"", ""불가리아"", ""불가리아공화국""]",[],"[""현대""]",,,[],Place,"{""headword"": ""불가리아"", ""aliases"": [""불가리아공화국"", ""The Republic of Bulgaria""], ""origin"": ""Bulgaria"", ""headword_origin"": ""불가리아(Bulgaria)"", ""primary_type"": ""지명/국가"", ""era"": ""현대"", ""definition"": ""유럽 동남부 발칸반도의 동부에 있는 공화국."", ""snippet"": ""78년까지 터키의 지배를 받았다. 1908년 9월 독립을 성취하였으며, 제1·2차 세계대전에는 추축국(樞軸國: 제2차세계대전 때 일본·독일·이탈리아의 3국동맹편에 속했던 나라)에 가담하였다. 194""}","[{""left_source_candidate_id"": ""source-candidate:5b856c60fdc93b64850d"", ""right_source_candidate_id"": ""source-candidate:8198271d802537f9990f"", ""signals"": [], ""conflicts"": [""entity_type_conflict""], ""merge_eligible"": false}, {""left_source_candidate_id"": ""source-candidate:5b856c60fdc93b64850d"", ""right_source_candidate_id"": ""source-candidate:8df1f157b1ff78211c11"", ""signals"": [], ""conflicts"": [""entity_type_conflict""], ""merge_eligible"": false}, {""left_source_candidate_id"": ""source-candidate:5b856c60fdc93b64850d"", ""right_source_candidate_id"": ""source-candidate:a2b0d489eac0f0f4ebf5"", ""signals"": [""era_overlap""], ""conflicts"": [""entity_type_conflict""], ""merge_eligible"": false}]",,,,,,,,
77,gold-case:0d086bde897199b62ca2,term-review-task:ec40b7edb15dae0764cb,resolution-case:e74fb08040b9befa91e2,추축국,국가,"[{""problem_id"": ""cj_v41_0328"", ""full_text"": ""다음 성명서를 발표한 이후 대한민국 임시 정부의 활동으로 으으 거 으2 1- 人 1- 우리는 삼천만의 한국인 및 정부를 대표하여 중국, 영국, 미국, - 기타 국가들이 일본에 대해 전쟁을 선포한 것을 삼가 축하한다. 이것은 일본을 격패(擊敗)시기고 동아시아를 재건하는 가장 유효한 수단이다. 이에 특별히 다음과 같이 성명한다. 1. 한국 전체 인민은 현재 이미 반침략 전선에 참여한 상태이며 하나의 전투 단위로서 추축국에 전쟁을 선포한다. 2. 1910년의 합병 조약 및 일체 불평등 조약이 무효임을 재자 선포 한다. 아울러 반침략 국가가 한국에 지닌 합리적 기득 권익을 존중한다. 3. 왜구를 한국, 중국 및 서태평양에서 완전히 축출하기 위하여 혈전으로 최후의 승리를 거둔다\n다음 성명서를 발표한 이후 대한민국 임시 정부의 활동으로 옳은 것은?\n충칭에서 한국 광복군을 창설하였다.\n국내 비밀 행정 조직으로 연통제를 두었다.\n파리 강화 회의에 독립 청원서를 제출하였다.\n의거 활동을 위해 한인 애국단을 조직하였다.\n미군과 연계하여 국내 진공 작전을 추진하였다.""}]",source-candidate:a2b0d489eac0f0f4ebf5,AKS:ARTICLE:E0057921:sha256-704d8ea620c542f5,AKS,2,축국,name,name_ngram,0.386,COMPATIBLE,"[""축국""]","[""蹴鞠""]","[""현대""]",,,[],Concept,"{""headword"": ""축국"", ""origin"": ""蹴鞠"", ""headword_origin"": ""축국(蹴鞠)"", ""primary_type"": ""개념"", ""era"": ""현대"", ""definition"": ""가죽 주머니로 공을 만들어 쌀겨나 털 또는 공기를 넣어 발로 차던 민속놀이.""}","[{""left_source_candidate_id"": ""source-candidate:5b856c60fdc93b64850d"", ""right_source_candidate_id"": ""source-candidate:a2b0d489eac0f0f4ebf5"", ""signals"": [""era_overlap""], ""conflicts"": [""entity_type_conflict""], ""merge_eligible"": false}, {""left_source_candidate_id"": ""source-candidate:8198271d802537f9990f"", ""right_source_candidate_id"": ""source-candidate:a2b0d489eac0f0f4ebf5"", ""signals"": [], ""conflicts"": [""entity_type_conflict""], ""merge_eligible"": false}, {""left_source_candidate_id"": ""source-candidate:8df1f157b1ff78211c11"", ""right_source_candidate_id"": ""source-candidate:a2b0d489eac0f0f4ebf5"", ""signals"": [], ""conflicts"": [""entity_type_conflict""], ""merge_eligible"": false}, {""left_source_candidate_id"": ""source-candidate:a2b0d489eac0f0f4ebf5"", ""right_source_candidate_id"": ""source-candidate:af2a314ffa6eefaf9a03"", ""signals"": [""normalized_name_match"", ""hanja_match""], ""conflicts"": [], ""merge_eligible"": true}]",,,,,,,,
77,gold-case:0d086bde897199b62ca2,term-review-task:ec40b7edb15dae0764cb,resolution-case:e74fb08040b9befa91e2,추축국,국가,"[{""problem_id"": ""cj_v41_0328"", ""full_text"": ""다음 성명서를 발표한 이후 대한민국 임시 정부의 활동으로 으으 거 으2 1- 人 1- 우리는 삼천만의 한국인 및 정부를 대표하여 중국, 영국, 미국, - 기타 국가들이 일본에 대해 전쟁을 선포한 것을 삼가 축하한다. 이것은 일본을 격패(擊敗)시기고 동아시아를 재건하는 가장 유효한 수단이다. 이에 특별히 다음과 같이 성명한다. 1. 한국 전체 인민은 현재 이미 반침략 전선에 참여한 상태이며 하나의 전투 단위로서 추축국에 전쟁을 선포한다. 2. 1910년의 합병 조약 및 일체 불평등 조약이 무효임을 재자 선포 한다. 아울러 반침략 국가가 한국에 지닌 합리적 기득 권익을 존중한다. 3. 왜구를 한국, 중국 및 서태평양에서 완전히 축출하기 위하여 혈전으로 최후의 승리를 거둔다\n다음 성명서를 발표한 이후 대한민국 임시 정부의 활동으로 옳은 것은?\n충칭에서 한국 광복군을 창설하였다.\n국내 비밀 행정 조직으로 연통제를 두었다.\n파리 강화 회의에 독립 청원서를 제출하였다.\n의거 활동을 위해 한인 애국단을 조직하였다.\n미군과 연계하여 국내 진공 작전을 추진하였다.""}]",source-candidate:af2a314ffa6eefaf9a03,THESAURUS:TERM:19644:sha256-1022516a18f91e61,THESAURUS,3,축국,name,name_ngram,0.386,UNKNOWN,"[""축국""]","[""蹴鞠""]","[""삼국시대-조선시대""]",,,[],,"{""term_name"": ""축국"", ""hanja"": ""蹴鞠"", ""era"": ""삼국시대-조선시대"", ""thesaurus_category"": ""문화·예술>체육·스포츠"", ""description"": ""가죽 속에 겨나 털, 또는 공기를 넣어 만든 공을 발로 차고 노는 놀이."", ""term_year"": ""?-?""}","[{""left_source_candidate_id"": ""source-candidate:a2b0d489eac0f0f4ebf5"", ""right_source_candidate_id"": ""source-candidate:af2a314ffa6eefaf9a03"", ""signals"": [""normalized_name_match"", ""hanja_match""], ""conflicts"": [], ""merge_eligible"": true}]",,,,,,,,
77,gold-case:0d086bde897199b62ca2,term-review-task:ec40b7edb15dae0764cb,resolution-case:e74fb08040b9befa91e2,추축국,국가,"[{""problem_id"": ""cj_v41_0328"", ""full_text"": ""다음 성명서를 발표한 이후 대한민국 임시 정부의 활동으로 으으 거 으2 1- 人 1- 우리는 삼천만의 한국인 및 정부를 대표하여 중국, 영국, 미국, - 기타 국가들이 일본에 대해 전쟁을 선포한 것을 삼가 축하한다. 이것은 일본을 격패(擊敗)시기고 동아시아를 재건하는 가장 유효한 수단이다. 이에 특별히 다음과 같이 성명한다. 1. 한국 전체 인민은 현재 이미 반침략 전선에 참여한 상태이며 하나의 전투 단위로서 추축국에 전쟁을 선포한다. 2. 1910년의 합병 조약 및 일체 불평등 조약이 무효임을 재자 선포 한다. 아울러 반침략 국가가 한국에 지닌 합리적 기득 권익을 존중한다. 3. 왜구를 한국, 중국 및 서태평양에서 완전히 축출하기 위하여 혈전으로 최후의 승리를 거둔다\n다음 성명서를 발표한 이후 대한민국 임시 정부의 활동으로 옳은 것은?\n충칭에서 한국 광복군을 창설하였다.\n국내 비밀 행정 조직으로 연통제를 두었다.\n파리 강화 회의에 독립 청원서를 제출하였다.\n의거 활동을 위해 한인 애국단을 조직하였다.\n미군과 연계하여 국내 진공 작전을 추진하였다.""}]",source-candidate:8198271d802537f9990f,THESAURUS:TERM:33565933:sha256-1022516a18f91e61,THESAURUS,4,오천축국도,name,name_ngram,0.275,UNKNOWN,"[""오천축국도""]","[""五天竺國圖""]","[""고려시대""]",,,[],Work,"{""term_name"": ""오천축국도"", ""hanja"": ""五天竺國圖"", ""era"": ""고려시대"", ""thesaurus_category"": ""서명"", ""description"": ""고려시대에 윤보(尹譜)가 제작한 것으로 전하는 인도와 서역제국을 중심으로 한 불교계 세계지도."", ""term_year"": ""?""}","[{""left_source_candidate_id"": ""source-candidate:5b856c60fdc93b64850d"", ""right_source_candidate_id"": ""source-candidate:8198271d802537f9990f"", ""signals"": [], ""conflicts"": [""entity_type_conflict""], ""merge_eligible"": false}, {""left_source_candidate_id"": ""source-candidate:8198271d802537f9990f"", ""right_source_candidate_id"": ""source-candidate:a2b0d489eac0f0f4ebf5"", ""signals"": [], ""conflicts"": [""entity_type_conflict""], ""merge_eligible"": false}]",,,,,,,,
77,gold-case:0d086bde897199b62ca2,term-review-task:ec40b7edb15dae0764cb,resolution-case:e74fb08040b9befa91e2,추축국,국가,"[{""problem_id"": ""cj_v41_0328"", ""full_text"": ""다음 성명서를 발표한 이후 대한민국 임시 정부의 활동으로 으으 거 으2 1- 人 1- 우리는 삼천만의 한국인 및 정부를 대표하여 중국, 영국, 미국, - 기타 국가들이 일본에 대해 전쟁을 선포한 것을 삼가 축하한다. 이것은 일본을 격패(擊敗)시기고 동아시아를 재건하는 가장 유효한 수단이다. 이에 특별히 다음과 같이 성명한다. 1. 한국 전체 인민은 현재 이미 반침략 전선에 참여한 상태이며 하나의 전투 단위로서 추축국에 전쟁을 선포한다. 2. 1910년의 합병 조약 및 일체 불평등 조약이 무효임을 재자 선포 한다. 아울러 반침략 국가가 한국에 지닌 합리적 기득 권익을 존중한다. 3. 왜구를 한국, 중국 및 서태평양에서 완전히 축출하기 위하여 혈전으로 최후의 승리를 거둔다\n다음 성명서를 발표한 이후 대한민국 임시 정부의 활동으로 옳은 것은?\n충칭에서 한국 광복군을 창설하였다.\n국내 비밀 행정 조직으로 연통제를 두었다.\n파리 강화 회의에 독립 청원서를 제출하였다.\n의거 활동을 위해 한인 애국단을 조직하였다.\n미군과 연계하여 국내 진공 작전을 추진하였다.""}]",source-candidate:8df1f157b1ff78211c11,AKS:ARTICLE:E0038574:sha256-704d8ea620c542f5,AKS,5,오천축국도,name,name_ngram,0.275,CONFLICT,"[""오천축국도""]","[""五天竺國圖""]","[""고려"", ""고려 전기""]",,,[],Work,"{""headword"": ""오천축국도"", ""origin"": ""五天竺國圖"", ""headword_origin"": ""오천축국도(五天竺國圖)"", ""primary_type"": ""문헌/고서"", ""era"": ""고려/고려 전기"", ""definition"": ""1133년, 문신 윤포가 제작하여 인종에게 바친 불교식 세계지도.""}","[{""left_source_candidate_id"": ""source-candidate:5b856c60fdc93b64850d"", ""right_source_candidate_id"": ""source-candidate:8df1f157b1ff78211c11"", ""signals"": [], ""conflicts"": [""entity_type_conflict""], ""merge_eligible"": false}, {""left_source_candidate_id"": ""source-candidate:8df1f157b1ff78211c11"", ""right_source_candidate_id"": ""source-candidate:a2b0d489eac0f0f4ebf5"", ""signals"": [], ""conflicts"": [""entity_type_conflict""], ""merge_eligible"": false}]",,,,,,,,
78,gold-case:0c5504462abedee80517,term-review-task:4327eca80071d3de0117,resolution-case:f69afb0358320cf0fbc5,경복궁 영건일기,문헌,"[{""problem_id"": ""cj_v41_0405"", ""full_text"": ""경복궁 영건일기는 한성부 주부 원세철이 경복궁 중건의 시작부터 끝날 때까지의 상황을 매일 기록한 것이다. 이 일기에 광화문 현판이 검은색 바탕에 금색 글자였음을 알려 주는 '묵질금자'가 적혀 있어 광화문 현판의 옛 모습을 고증하는 근거가 되었다.\n'중건' 시기에 있었던 사실로 옳은 것을 보기에서 고른 것은?\nㄱ, ㄴ\nㄱ, ㄷ\nㄴ, ㄷ\nㄴ, ㄹ\nㄷ, ㄹ""}]",source-candidate:0a9074caca60570a5455,THESAURUS:TERM:1439:sha256-1022516a18f91e61,THESAURUS,1,경복궁타령,name,name_ngram,0.301667,UNKNOWN,"[""경복궁타령""]","[""景福宮打令""]","[""조선후기""]",,,[],,"{""term_name"": ""경복궁타령"", ""hanja"": ""景福宮打令"", ""era"": ""조선후기"", ""thesaurus_category"": ""문화·예술>음악"", ""description"": ""조선후기 경복궁을 중건할 때 불리기 시작한 경기민요."", ""term_year"": ""?-?""}",[],,,,,,,,
78,gold-case:0c5504462abedee80517,term-review-task:4327eca80071d3de0117,resolution-case:f69afb0358320cf0fbc5,경복궁 영건일기,문헌,"[{""problem_id"": ""cj_v41_0405"", ""full_text"": ""경복궁 영건일기는 한성부 주부 원세철이 경복궁 중건의 시작부터 끝날 때까지의 상황을 매일 기록한 것이다. 이 일기에 광화문 현판이 검은색 바탕에 금색 글자였음을 알려 주는 '묵질금자'가 적혀 있어 광화문 현판의 옛 모습을 고증하는 근거가 되었다.\n'중건' 시기에 있었던 사실로 옳은 것을 보기에서 고른 것은?\nㄱ, ㄴ\nㄱ, ㄷ\nㄴ, ㄷ\nㄴ, ㄹ\nㄷ, ㄹ""}]",source-candidate:ae5964bfba921b2363a3,THESAURUS:TERM:6296564:sha256-1022516a18f91e61,THESAURUS,2,경복궁전도,name,name_ngram,0.301667,UNKNOWN,"[""경복궁전도""]","[""景福宮全圖""]","[""조선후기""]",,,[],,"{""term_name"": ""경복궁전도"", ""hanja"": ""景福宮全圖"", ""era"": ""조선후기"", ""thesaurus_category"": ""학술·과학기술>인문과학"", ""description"": ""18세기 후반경에 제작된 것으로 추정되는, 경복궁의 구조를 보여주는 지도."", ""term_year"": ""?-?""}",[],,,,,,,,
78,gold-case:0c5504462abedee80517,term-review-task:4327eca80071d3de0117,resolution-case:f69afb0358320cf0fbc5,경복궁 영건일기,문헌,"[{""problem_id"": ""cj_v41_0405"", ""full_text"": ""경복궁 영건일기는 한성부 주부 원세철이 경복궁 중건의 시작부터 끝날 때까지의 상황을 매일 기록한 것이다. 이 일기에 광화문 현판이 검은색 바탕에 금색 글자였음을 알려 주는 '묵질금자'가 적혀 있어 광화문 현판의 옛 모습을 고증하는 근거가 되었다.\n'중건' 시기에 있었던 사실로 옳은 것을 보기에서 고른 것은?\nㄱ, ㄴ\nㄱ, ㄷ\nㄴ, ㄷ\nㄴ, ㄹ\nㄷ, ㄹ""}]",source-candidate:e6c188ac86a8f5dfe137,THESAURUS:TERM:35662403:sha256-1022516a18f91e61,THESAURUS,3,경복궁자경전,name,name_ngram,0.297051,UNKNOWN,"[""경복궁자경전""]","[""景福宮慈慶殿""]","[""조선시대""]",,,[],Heritage,"{""term_name"": ""경복궁자경전"", ""hanja"": ""景福宮慈慶殿"", ""era"": ""조선시대"", ""thesaurus_category"": ""문화재"", ""description"": ""1867년(고종 4) 경복궁을 재건하면서 옛 자미당(紫薇堂)터에 조대비(趙大妃)를 위하여 지은 건물."", ""term_year"": ""1867""}",[],,,,,,,,
78,gold-case:0c5504462abedee80517,term-review-task:4327eca80071d3de0117,resolution-case:f69afb0358320cf0fbc5,경복궁 영건일기,문헌,"[{""problem_id"": ""cj_v41_0405"", ""full_text"": ""경복궁 영건일기는 한성부 주부 원세철이 경복궁 중건의 시작부터 끝날 때까지의 상황을 매일 기록한 것이다. 이 일기에 광화문 현판이 검은색 바탕에 금색 글자였음을 알려 주는 '묵질금자'가 적혀 있어 광화문 현판의 옛 모습을 고증하는 근거가 되었다.\n'중건' 시기에 있었던 사실로 옳은 것을 보기에서 고른 것은?\nㄱ, ㄴ\nㄱ, ㄷ\nㄴ, ㄷ\nㄴ, ㄹ\nㄷ, ㄹ""}]",source-candidate:d7da8db6e0b394d64f4a,THESAURUS:TERM:35662361:sha256-1022516a18f91e61,THESAURUS,4,경복궁풍기대,name,name_ngram,0.287692,UNKNOWN,"[""경복궁풍기대""]","[""景福宮風旗臺""]","[""조선후기""]",,,[],Heritage,"{""term_name"": ""경복궁풍기대"", ""hanja"": ""景福宮風旗臺"", ""era"": ""조선후기"", ""thesaurus_category"": ""문화재"", ""description"": ""1770년(영조 46)에 풍향(風向)을 관측하기 위해 설치한 받침돌로, 화강암을 다듬어 아래에 상을 조각한 대를 놓고, 그 위에 구름무늬를 새긴 8각기둥을 세운 모습."", ""term_year"": ""1770""}",[],,,,,,,,
78,gold-case:0c5504462abedee80517,term-review-task:4327eca80071d3de0117,resolution-case:f69afb0358320cf0fbc5,경복궁 영건일기,문헌,"[{""problem_id"": ""cj_v41_0405"", ""full_text"": ""경복궁 영건일기는 한성부 주부 원세철이 경복궁 중건의 시작부터 끝날 때까지의 상황을 매일 기록한 것이다. 이 일기에 광화문 현판이 검은색 바탕에 금색 글자였음을 알려 주는 '묵질금자'가 적혀 있어 광화문 현판의 옛 모습을 고증하는 근거가 되었다.\n'중건' 시기에 있었던 사실로 옳은 것을 보기에서 고른 것은?\nㄱ, ㄴ\nㄱ, ㄷ\nㄴ, ㄷ\nㄴ, ㄹ\nㄷ, ㄹ""}]",source-candidate:8b8a5a16f9c7c1f7b35e,THESAURUS:TERM:13924:sha256-1022516a18f91e61,THESAURUS,5,경복궁수정전,name,name_ngram,0.287436,UNKNOWN,"[""경복궁수정전""]","[""景福宮修政殿""]","[""조선후기""]",,,[],,"{""term_name"": ""경복궁수정전"", ""hanja"": ""景福宮修政殿"", ""era"": ""조선후기"", ""thesaurus_category"": ""문화·예술>미술"", ""description"": ""조선후기 전각으로 경복궁 내 경회루 남쪽에 위치. 세종 때 집현전으로 쓰인 건물인데, 임진왜란으로 소실되었다가 고종 때 재건하면서 건물 명칭이 바뀜. 갑오개혁 때에는 군국기무처(軍國機務處)의 청사로 사용하기도 함."", ""term_year"": ""?-?""}",[],,,,,,,,
78,gold-case:0c5504462abedee80517,term-review-task:4327eca80071d3de0117,resolution-case:f69afb0358320cf0fbc5,경복궁 영건일기,문헌,"[{""problem_id"": ""cj_v41_0405"", ""full_text"": ""경복궁 영건일기는 한성부 주부 원세철이 경복궁 중건의 시작부터 끝날 때까지의 상황을 매일 기록한 것이다. 이 일기에 광화문 현판이 검은색 바탕에 금색 글자였음을 알려 주는 '묵질금자'가 적혀 있어 광화문 현판의 옛 모습을 고증하는 근거가 되었다.\n'중건' 시기에 있었던 사실로 옳은 것을 보기에서 고른 것은?\nㄱ, ㄴ\nㄱ, ㄷ\nㄴ, ㄷ\nㄴ, ㄹ\nㄷ, ㄹ""}]",source-candidate:eab280de6fb3808c5238,AKS:ARTICLE:E0076898:sha256-704d8ea620c542f5,AKS,6,경복궁 영추문,name,name_ngram,0.317692,CONFLICT,"[""경복궁영추문"", ""연추문延秋門""]","[""景福宮"", ""迎秋門"", ""延秋門""]","[""조선"", ""조선 전기""]",,,[],Heritage,"{""headword"": ""경복궁 영추문"", ""aliases"": [""연추문(延秋門)""], ""origin"": ""景福宮 迎秋門"", ""headword_origin"": ""경복궁 영추문(景福宮 迎秋門)"", ""primary_type"": ""유적/건물"", ""era"": ""조선/조선 전기"", ""definition"": ""서울특별시 종로구 경복궁에 있는 조선전기 겹처마 우진각지붕 형태의 문(門). 궁궐문루.""}",[],,,,,,,,
78,gold-case:0c5504462abedee80517,term-review-task:4327eca80071d3de0117,resolution-case:f69afb0358320cf0fbc5,경복궁 영건일기,문헌,"[{""problem_id"": ""cj_v41_0405"", ""full_text"": ""경복궁 영건일기는 한성부 주부 원세철이 경복궁 중건의 시작부터 끝날 때까지의 상황을 매일 기록한 것이다. 이 일기에 광화문 현판이 검은색 바탕에 금색 글자였음을 알려 주는 '묵질금자'가 적혀 있어 광화문 현판의 옛 모습을 고증하는 근거가 되었다.\n'중건' 시기에 있었던 사실로 옳은 것을 보기에서 고른 것은?\nㄱ, ㄴ\nㄱ, ㄷ\nㄴ, ㄷ\nㄴ, ㄹ\nㄷ, ㄹ""}]",source-candidate:917f4ab092551f417038,AKS:ARTICLE:E0002436:sha256-704d8ea620c542f5,AKS,7,경복궁 건청궁,name,name_ngram,0.300513,CONFLICT,"[""경복궁건청궁""]","[""景福宮"", ""乾淸宮""]","[""조선"", ""조선 후기""]",,,[],Heritage,"{""headword"": ""경복궁 건청궁"", ""origin"": ""景福宮 乾淸宮"", ""headword_origin"": ""경복궁 건청궁(景福宮 乾淸宮)"", ""primary_type"": ""유적/건물"", ""era"": ""조선/조선 후기"", ""definition"": ""서울특별시 종로구 경복궁에 있는 조선후기 왕과 왕비의 거처 및 외교관 접대 장소로 이용된 궁궐건물.""}",[],,,,,,,,
78,gold-case:0c5504462abedee80517,term-review-task:4327eca80071d3de0117,resolution-case:f69afb0358320cf0fbc5,경복궁 영건일기,문헌,"[{""problem_id"": ""cj_v41_0405"", ""full_text"": ""경복궁 영건일기는 한성부 주부 원세철이 경복궁 중건의 시작부터 끝날 때까지의 상황을 매일 기록한 것이다. 이 일기에 광화문 현판이 검은색 바탕에 금색 글자였음을 알려 주는 '묵질금자'가 적혀 있어 광화문 현판의 옛 모습을 고증하는 근거가 되었다.\n'중건' 시기에 있었던 사실로 옳은 것을 보기에서 고른 것은?\nㄱ, ㄴ\nㄱ, ㄷ\nㄴ, ㄷ\nㄴ, ㄹ\nㄷ, ㄹ""}]",source-candidate:5763748274c179b5a724,AKS:ARTICLE:E0002437:sha256-704d8ea620c542f5,AKS,8,경복궁 건춘문,name,name_ngram,0.287692,CONFLICT,"[""경복궁건춘문""]","[""景福宮"", ""建春門""]","[""조선"", ""조선 후기""]",,,[],Heritage,"{""headword"": ""경복궁 건춘문"", ""origin"": ""景福宮 建春門"", ""headword_origin"": ""경복궁 건춘문(景福宮 建春門)"", ""primary_type"": ""유적/건물"", ""era"": ""조선/조선 후기"", ""definition"": ""서울특별시 종로구에 있는 조선후기 에 중건된 경복궁의 동쪽 문(門). 궁궐문.""}",[],,,,,,,,
78,gold-case:0c5504462abedee80517,term-review-task:4327eca80071d3de0117,resolution-case:f69afb0358320cf0fbc5,경복궁 영건일기,문헌,"[{""problem_id"": ""cj_v41_0405"", ""full_text"": ""경복궁 영건일기는 한성부 주부 원세철이 경복궁 중건의 시작부터 끝날 때까지의 상황을 매일 기록한 것이다. 이 일기에 광화문 현판이 검은색 바탕에 금색 글자였음을 알려 주는 '묵질금자'가 적혀 있어 광화문 현판의 옛 모습을 고증하는 근거가 되었다.\n'중건' 시기에 있었던 사실로 옳은 것을 보기에서 고른 것은?\nㄱ, ㄴ\nㄱ, ㄷ\nㄴ, ㄷ\nㄴ, ㄹ\nㄷ, ㄹ""}]",source-candidate:989b651103dd292b170f,AKS:ARTICLE:E0002451:sha256-704d8ea620c542f5,AKS,9,경복궁 풍기대,name,name_ngram,0.287692,CONFLICT,"[""경복궁풍기대"", ""보물제847호""]","[""景福宮"", ""風旗臺""]","[""조선"", ""조선 전기""]",,,[],Heritage,"{""headword"": ""경복궁 풍기대"", ""aliases"": [""보물제847호""], ""origin"": ""景福宮 風旗臺"", ""headword_origin"": ""경복궁 풍기대(景福宮 風旗臺)"", ""primary_type"": ""물품"", ""era"": ""조선/조선 전기"", ""definition"": ""서울특별시 종로구 세종로 경복궁에 있는 풍향을 측정하던 깃발대.""}",[],,,,,,,,
78,gold-case:0c5504462abedee80517,term-review-task:4327eca80071d3de0117,resolution-case:f69afb0358320cf0fbc5,경복궁 영건일기,문헌,"[{""problem_id"": ""cj_v41_0405"", ""full_text"": ""경복궁 영건일기는 한성부 주부 원세철이 경복궁 중건의 시작부터 끝날 때까지의 상황을 매일 기록한 것이다. 이 일기에 광화문 현판이 검은색 바탕에 금색 글자였음을 알려 주는 '묵질금자'가 적혀 있어 광화문 현판의 옛 모습을 고증하는 근거가 되었다.\n'중건' 시기에 있었던 사실로 옳은 것을 보기에서 고른 것은?\nㄱ, ㄴ\nㄱ, ㄷ\nㄴ, ㄷ\nㄴ, ㄹ\nㄷ, ㄹ""}]",source-candidate:cf3b75f24b9abed451a9,AKS:ARTICLE:E0002434:sha256-704d8ea620c542f5,AKS,10,경복궁,name,name_ngram,0.282,CONFLICT,"[""경복궁"", ""북궐北闕""]","[""景福宮"", ""北闕""]","[""조선"", ""조선 전기""]",,,[],Heritage,"{""headword"": ""경복궁"", ""aliases"": [""북궐(北闕)""], ""origin"": ""景福宮"", ""headword_origin"": ""경복궁(景福宮)"", ""primary_type"": ""유적/건물"", ""era"": ""조선/조선 전기"", ""definition"": ""서울특별시 종로구 세종로에 있는 조선전기에 창건되어 정궁으로 이용된 궁궐. 정궁.""}",[],,,,,,,,
79,gold-case:5bb4a4a7f6c7cb8be607,term-review-task:a2f4292b5200f9f0aed0,resolution-case:3f2719ec81c85ce963ef,비무장지대,지명,"[{""problem_id"": ""cj_v41_0707"", ""full_text"": ""대성동 마을은 경기도 파주시에 있으며, 군사 분계선 남쪽 비무장 지대에 위치한 민간인 마을이다. (가)의 정전 협정 체결 직후 비무장 지대에 남북이 민간인 마을을 하나씩만 남긴다는 후속 합의에 따라 마을로 조성되었다. '자유의 마을'로 불리는 대성동 마을은 유엔군 사령부의 관할 지역으로, 외부인은 허락 없이 들어가지 못합니다.\n(가) 전쟁 중에 있었던 사실로 옳지 않은 것은?\n부산이 임시 수도로 정해졌다.\n흥남 철수 작전이 전개되었다.\n인천 상륙 작전 이후 서울을 수복하였다.\n애치슨 선언이 발표되었다.\n국회에서 국민 방위군 사건이 폭로되었다.""}]",source-candidate:d29caaea6e72117cd5cf,AKS:ARTICLE:E0025142:sha256-704d8ea620c542f5,AKS,1,비무장지대,name,exact,1.0,COMPATIBLE,"[""비무장지대""]","[""非武裝地帶""]",[],,,[],Place,"{""headword"": ""비무장지대"", ""origin"": ""非武裝地帶"", ""headword_origin"": ""비무장지대(非武裝地帶)"", ""primary_type"": ""지명/자연지명"", ""era"": ""미상"", ""definition"": ""조약이나 협정에 의하여 무장이 금지된 완충지대.""}","[{""left_source_candidate_id"": ""source-candidate:0c326b744ad1a8fea8ac"", ""right_source_candidate_id"": ""source-candidate:d29caaea6e72117cd5cf"", ""signals"": [""normalized_name_match"", ""hanja_match""], ""conflicts"": [], ""merge_eligible"": true}, {""left_source_candidate_id"": ""source-candidate:17f46f88398b20418503"", ""right_source_candidate_id"": ""source-candidate:d29caaea6e72117cd5cf"", ""signals"": [""normalized_name_match"", ""hanja_match""], ""conflicts"": [], ""merge_eligible"": true}, {""left_source_candidate_id"": ""source-candidate:526a485fdf7352664e98"", ""right_source_candidate_id"": ""source-candidate:d29caaea6e72117cd5cf"", ""signals"": [""normalized_name_match"", ""hanja_match""], ""conflicts"": [], ""merge_eligible"": true}]",IDENTITY_MEMBER,ALT_140,비무장지대,Place,,,,
79,gold-case:5bb4a4a7f6c7cb8be607,term-review-task:a2f4292b5200f9f0aed0,resolution-case:3f2719ec81c85ce963ef,비무장지대,지명,"[{""problem_id"": ""cj_v41_0707"", ""full_text"": ""대성동 마을은 경기도 파주시에 있으며, 군사 분계선 남쪽 비무장 지대에 위치한 민간인 마을이다. (가)의 정전 협정 체결 직후 비무장 지대에 남북이 민간인 마을을 하나씩만 남긴다는 후속 합의에 따라 마을로 조성되었다. '자유의 마을'로 불리는 대성동 마을은 유엔군 사령부의 관할 지역으로, 외부인은 허락 없이 들어가지 못합니다.\n(가) 전쟁 중에 있었던 사실로 옳지 않은 것은?\n부산이 임시 수도로 정해졌다.\n흥남 철수 작전이 전개되었다.\n인천 상륙 작전 이후 서울을 수복하였다.\n애치슨 선언이 발표되었다.\n국회에서 국민 방위군 사건이 폭로되었다.""}]",source-candidate:526a485fdf7352664e98,THESAURUS:TERM:18882137:sha256-1022516a18f91e61,THESAURUS,2,비무장지대,name,exact,1.0,UNKNOWN,"[""비무장지대""]","[""非武裝地帶""]","[""현대""]",,,[],,"{""term_name"": ""비무장지대"", ""hanja"": ""非武裝地帶"", ""era"": ""현대"", ""thesaurus_category"": ""문화·예술>종합예술"", ""description"": ""1965년 박상호(朴商昊) 감독이 연출한 세미다큐멘터리로 어머니를 찾아 비무장지대를 헤매는 어린 남매의 모습을 그린 영화. 제13회 아시아영화제 비극 부문 작품상 수상."", ""term_year"": ""1965"", ""term_remark"": ""영화""}","[{""left_source_candidate_id"": ""source-candidate:526a485fdf7352664e98"", ""right_source_candidate_id"": ""source-candidate:d29caaea6e72117cd5cf"", ""signals"": [""normalized_name_match"", ""hanja_match""], ""conflicts"": [], ""merge_eligible"": true}]",IDENTITY_MEMBER,ALT_140,비무장지대,Place,,,,
79,gold-case:5bb4a4a7f6c7cb8be607,term-review-task:a2f4292b5200f9f0aed0,resolution-case:3f2719ec81c85ce963ef,비무장지대,지명,"[{""problem_id"": ""cj_v41_0707"", ""full_text"": ""대성동 마을은 경기도 파주시에 있으며, 군사 분계선 남쪽 비무장 지대에 위치한 민간인 마을이다. (가)의 정전 협정 체결 직후 비무장 지대에 남북이 민간인 마을을 하나씩만 남긴다는 후속 합의에 따라 마을로 조성되었다. '자유의 마을'로 불리는 대성동 마을은 유엔군 사령부의 관할 지역으로, 외부인은 허락 없이 들어가지 못합니다.\n(가) 전쟁 중에 있었던 사실로 옳지 않은 것은?\n부산이 임시 수도로 정해졌다.\n흥남 철수 작전이 전개되었다.\n인천 상륙 작전 이후 서울을 수복하였다.\n애치슨 선언이 발표되었다.\n국회에서 국민 방위군 사건이 폭로되었다.""}]",source-candidate:0c326b744ad1a8fea8ac,THESAURUS:TERM:4758:sha256-1022516a18f91e61,THESAURUS,3,비무장지대,name,exact,1.0,UNKNOWN,"[""비무장지대""]","[""非武裝地帶""]","[""현대""]",,,[],,"{""term_name"": ""비무장지대"", ""hanja"": ""非武裝地帶"", ""era"": ""현대"", ""thesaurus_category"": ""국방·군사>전쟁·전투"", ""description"": ""우리나라에서는 6·25전쟁 이후 설정되었으며, 일반적으로는 조약이나 협정에 의하여 무장이 금지된 완충 지대."", ""term_year"": ""1951-?""}","[{""left_source_candidate_id"": ""source-candidate:0c326b744ad1a8fea8ac"", ""right_source_candidate_id"": ""source-candidate:d29caaea6e72117cd5cf"", ""signals"": [""normalized_name_match"", ""hanja_match""], ""conflicts"": [], ""merge_eligible"": true}]",IDENTITY_MEMBER,ALT_140,비무장지대,Place,,,,
79,gold-case:5bb4a4a7f6c7cb8be607,term-review-task:a2f4292b5200f9f0aed0,resolution-case:3f2719ec81c85ce963ef,비무장지대,지명,"[{""problem_id"": ""cj_v41_0707"", ""full_text"": ""대성동 마을은 경기도 파주시에 있으며, 군사 분계선 남쪽 비무장 지대에 위치한 민간인 마을이다. (가)의 정전 협정 체결 직후 비무장 지대에 남북이 민간인 마을을 하나씩만 남긴다는 후속 합의에 따라 마을로 조성되었다. '자유의 마을'로 불리는 대성동 마을은 유엔군 사령부의 관할 지역으로, 외부인은 허락 없이 들어가지 못합니다.\n(가) 전쟁 중에 있었던 사실로 옳지 않은 것은?\n부산이 임시 수도로 정해졌다.\n흥남 철수 작전이 전개되었다.\n인천 상륙 작전 이후 서울을 수복하였다.\n애치슨 선언이 발표되었다.\n국회에서 국민 방위군 사건이 폭로되었다.""}]",source-candidate:17f46f88398b20418503,THESAURUS:TERM:4759:sha256-1022516a18f91e61,THESAURUS,4,비무장지대,name,exact,1.0,UNKNOWN,"[""비무장지대""]","[""非武裝地帶""]","[""현대""]",,,[],,"{""term_name"": ""비무장지대"", ""hanja"": ""非武裝地帶"", ""era"": ""현대"", ""thesaurus_category"": ""외교·국제관계>외교협상·협약>현대"", ""description"": ""우리나라에서는 6·25전쟁 이후 설정되었으며, 일반적으로는 조약이나 협정에 의하여 무장이 금지된 완충 지대."", ""term_year"": ""1951-?""}","[{""left_source_candidate_id"": ""source-candidate:17f46f88398b20418503"", ""right_source_candidate_id"": ""source-candidate:d29caaea6e72117cd5cf"", ""signals"": [""normalized_name_match"", ""hanja_match""], ""conflicts"": [], ""merge_eligible"": true}]",IDENTITY_MEMBER,ALT_140,비무장지대,Place,,,,
79,gold-case:5bb4a4a7f6c7cb8be607,term-review-task:a2f4292b5200f9f0aed0,resolution-case:3f2719ec81c85ce963ef,비무장지대,지명,"[{""problem_id"": ""cj_v41_0707"", ""full_text"": ""대성동 마을은 경기도 파주시에 있으며, 군사 분계선 남쪽 비무장 지대에 위치한 민간인 마을이다. (가)의 정전 협정 체결 직후 비무장 지대에 남북이 민간인 마을을 하나씩만 남긴다는 후속 합의에 따라 마을로 조성되었다. '자유의 마을'로 불리는 대성동 마을은 유엔군 사령부의 관할 지역으로, 외부인은 허락 없이 들어가지 못합니다.\n(가) 전쟁 중에 있었던 사실로 옳지 않은 것은?\n부산이 임시 수도로 정해졌다.\n흥남 철수 작전이 전개되었다.\n인천 상륙 작전 이후 서울을 수복하였다.\n애치슨 선언이 발표되었다.\n국회에서 국민 방위군 사건이 폭로되었다.""}]",source-candidate:f6a2dd9abba7c8fb469e,THESAURUS:TERM:14683936:sha256-1022516a18f91e61,THESAURUS,5,,description,description_containment,0.47,UNKNOWN,"[""자유의마을""]","[""自由""]","[""현대""]",,,[],Place,"{""term_name"": ""자유의마을"", ""hanja"": ""自由의마을"", ""era"": ""현대"", ""thesaurus_category"": ""지명"", ""description"": ""1953년 휴전 후 비무장지대 남쪽 경기도 파주시 군내면 조산리 일대에 이루어진 마을."", ""term_year"": ""1953-?""}",[],EVIDENCE_ONLY,,,,REL_141,자유의마을,Place,
79,gold-case:5bb4a4a7f6c7cb8be607,term-review-task:a2f4292b5200f9f0aed0,resolution-case:3f2719ec81c85ce963ef,비무장지대,지명,"[{""problem_id"": ""cj_v41_0707"", ""full_text"": ""대성동 마을은 경기도 파주시에 있으며, 군사 분계선 남쪽 비무장 지대에 위치한 민간인 마을이다. (가)의 정전 협정 체결 직후 비무장 지대에 남북이 민간인 마을을 하나씩만 남긴다는 후속 합의에 따라 마을로 조성되었다. '자유의 마을'로 불리는 대성동 마을은 유엔군 사령부의 관할 지역으로, 외부인은 허락 없이 들어가지 못합니다.\n(가) 전쟁 중에 있었던 사실로 옳지 않은 것은?\n부산이 임시 수도로 정해졌다.\n흥남 철수 작전이 전개되었다.\n인천 상륙 작전 이후 서울을 수복하였다.\n애치슨 선언이 발표되었다.\n국회에서 국민 방위군 사건이 폭로되었다.""}]",source-candidate:3a92686fc10a250cf9d2,THESAURUS:TERM:29368079:sha256-1022516a18f91e61,THESAURUS,6,,description,description_containment,0.47,UNKNOWN,"[""땅굴""]",[],"[""현대""]",,,[],,"{""term_name"": ""땅굴"", ""hanja"": ""땅굴"", ""era"": ""현대"", ""thesaurus_category"": ""외교·국제관계>북한>국방·군사(북한)"", ""description"": ""북한이 기습작전을 목적으로 휴전선 비무장지대의 지하에 굴착한 남침용 군사통로."", ""term_year"": ""1971""}",[],EVIDENCE_ONLY,,,,REL_142,땅굴,Place,
80,gold-case:826b861182285d609eaa,term-review-task:76d9e2faeaeda46d6729,resolution-case:a1e468d99467d0cdd089,청자 모자원숭이모양 연적,문화재,"[{""problem_id"": ""cj_v41_1299"", ""full_text"": ""(가) 시대 문화유산 기념품 디자인 제작 발표회 청자 모자원숭이모양 연적으로 석고 방향제 만들기 청자 상감운학문 매병으로 조명등 만들기 우리 모둠은 영주 부석사 소조여래 좌상을 소재로 하여 열쇠고리를 제작하고자 합니다 부석사 소조여래좌상\n(가) 국가의 문화유산으로 적절하지 않은 것은?\n경주 분황사 모전 석탑\n청자 모자원숭이모양 연적\n청자 상감운학문 매병\n영주 부석사 소조여래 좌상\n논산 관촉사 석조 미륵보살 입상""}]",source-candidate:ff44ab39924a26033d30,AKS:ARTICLE:E0056620:sha256-704d8ea620c542f5,AKS,1,청자 모자원숭이모양 연적,name,exact,1.0,COMPATIBLE,"[""청자모자원숭이모양연적"", ""청자모자원형연적""]","[""靑磁"", ""母子"", ""模樣"", ""硯滴""]","[""고려"", ""고려 전기"", ""고려 후기""]",,,[],Work,"{""headword"": ""청자 모자원숭이모양 연적"", ""aliases"": [""청자 모자원형 연적""], ""origin"": ""靑磁 母子원숭이模樣 硯滴"", ""headword_origin"": ""청자 모자원숭이모양 연적(靑磁 母子원숭이模樣 硯滴)"", ""primary_type"": ""작품/조각·공예"", ""era"": ""고려/고려 전기 | 고려/고려 후기"", ""definition"": ""고려시대의 청자 연적.""}","[{""left_source_candidate_id"": ""source-candidate:8e49f3188fa63b1a3355"", ""right_source_candidate_id"": ""source-candidate:ff44ab39924a26033d30"", ""signals"": [""normalized_name_match""], ""conflicts"": [""entity_type_conflict""], ""merge_eligible"": false}]",IDENTITY_MEMBER,ALT_143,청자모자원숭이모양연적,Heritage,,,,
80,gold-case:826b861182285d609eaa,term-review-task:76d9e2faeaeda46d6729,resolution-case:a1e468d99467d0cdd089,청자 모자원숭이모양 연적,문화재,"[{""problem_id"": ""cj_v41_1299"", ""full_text"": ""(가) 시대 문화유산 기념품 디자인 제작 발표회 청자 모자원숭이모양 연적으로 석고 방향제 만들기 청자 상감운학문 매병으로 조명등 만들기 우리 모둠은 영주 부석사 소조여래 좌상을 소재로 하여 열쇠고리를 제작하고자 합니다 부석사 소조여래좌상\n(가) 국가의 문화유산으로 적절하지 않은 것은?\n경주 분황사 모전 석탑\n청자 모자원숭이모양 연적\n청자 상감운학문 매병\n영주 부석사 소조여래 좌상\n논산 관촉사 석조 미륵보살 입상""}]",source-candidate:8e49f3188fa63b1a3355,THESAURUS:TERM:2106438:sha256-1022516a18f91e61,THESAURUS,2,청자모자원형연적,name,name_ngram,0.399921,UNKNOWN,"[""청자모자원형연적""]","[""靑瓷母子猿形硯滴""]","[""고려시대""]",,,[],Heritage,"{""term_name"": ""청자모자원형연적"", ""hanja"": ""靑瓷母子猿形硯滴"", ""era"": ""고려시대"", ""thesaurus_category"": ""문화재"", ""description"": ""12세기 무렵 만들어진 청자 연적으로 간송미술관 소장."", ""term_year"": ""?""}","[{""left_source_candidate_id"": ""source-candidate:8e49f3188fa63b1a3355"", ""right_source_candidate_id"": ""source-candidate:ff44ab39924a26033d30"", ""signals"": [""normalized_name_match""], ""conflicts"": [""entity_type_conflict""], ""merge_eligible"": false}]",IDENTITY_MEMBER,ALT_143,청자모자원숭이모양연적,Heritage,,,,
81,gold-case:eeeded4069adbd29ea49,term-review-task:eac19b8aad50b71a07f8,resolution-case:5dc41fd02e9f0a2559e3,흥보가,문화재,"[{""problem_id"": ""cj_v41_0496"", ""full_text"": ""이 그림은 김득신이 대장간의 모습을 묘사한 풍속화이다. 한 명이 화덕에서 달구대진 쇳덩어리를 방을집기1로 집어 모루 위에 올려놓자 두 명이 쇠망치로 두드리는 모습, 도리에 매어 놓은 그네에 상체를 기대고 어깨너머로 구경하는 아이의 모습 등이 생동감 있게 표현되어 있다.\n다음 그림이 그려진 시기의 문화에 대한 설명으로 옳지 않은 것은?\n중인들이 시사(詩社)를 조직하였다.\n양반의 위선을 풍자한 탈춤이 공연되었다.\n춘향가, 흥보가 등의 판소리가 유행되었다.\n금속 활자본인 직지심체요절이 간행되었다.\n홍길동전, 박씨전 등의 한글 소설이 널리 읽혔다.""}, {""problem_id"": ""cj_v41_0828"", ""full_text"": ""이 그림은 조영식과 김홍도의 풍속화이다. 인부들이 말발굽에 징을 박는 모습과 기와를 이예나기는 모습을 묘사하고 있다. 이를 통해 이 그림이 그려진 시기 서민들의 일상생활을 생생하게 살펴볼 수 있다.\n'시기'의 문화에 대한 설명으로 옳지 않은 것은?\n금강전도 등 진경 산수화가 그려졌다.\n새로운 역법으로 수시력이 도입되었다.\n양반 사회를 풍자한 탈춤이 성행하였다.\n춘향가, 흥보가 등의 판소리가 유행하였다.\n홍길동전, 박씨전 등의 한글 소설이 널리 읽혔다.""}]",source-candidate:7547a2337dfc11174519,AKS:ARTICLE:E0066005:sha256-704d8ea620c542f5,AKS,1,흥보가,name,exact,1.0,COMPATIBLE,"[""흥보가"", ""흥부가""]","[""興甫歌""]","[""현대""]",,,[],Work,"{""headword"": ""흥보가"", ""aliases"": [""흥부가""], ""origin"": ""興甫歌"", ""headword_origin"": ""흥보가(興甫歌)"", ""primary_type"": ""작품/전통음악"", ""era"": ""현대"", ""definition"": ""판소리 다섯마당 가운데 하나.""}","[{""left_source_candidate_id"": ""source-candidate:06a2872b9a0fbacc5fb0"", ""right_source_candidate_id"": ""source-candidate:7547a2337dfc11174519"", ""signals"": [""normalized_name_match"", ""hanja_match""], ""conflicts"": [], ""merge_eligible"": true}, {""left_source_candidate_id"": ""source-candidate:35a52ec22a0ea8a29ad3"", ""right_source_candidate_id"": ""source-candidate:7547a2337dfc11174519"", ""signals"": [""era_overlap""], ""conflicts"": [""entity_type_conflict""], ""merge_eligible"": false}, {""left_source_candidate_id"": ""source-candidate:4492171ed3fe32f2be8a"", ""right_source_candidate_id"": ""source-candidate:7547a2337dfc11174519"", ""signals"": [], ""conflicts"": [""entity_type_conflict""], ""merge_eligible"": false}, {""left_source_candidate_id"": ""source-candidate:7547a2337dfc11174519"", ""right_source_candidate_id"": ""source-candidate:e1024c8e13f6c5618cd4"", ""signals"": [""normalized_name_match"", ""hanja_match""], ""conflicts"": [""entity_type_conflict""], ""merge_eligible"": false}]",IDENTITY_MEMBER,ALT_144,흥보가,Work,,,,
81,gold-case:eeeded4069adbd29ea49,term-review-task:eac19b8aad50b71a07f8,resolution-case:5dc41fd02e9f0a2559e3,흥보가,문화재,"[{""problem_id"": ""cj_v41_0496"", ""full_text"": ""이 그림은 김득신이 대장간의 모습을 묘사한 풍속화이다. 한 명이 화덕에서 달구대진 쇳덩어리를 방을집기1로 집어 모루 위에 올려놓자 두 명이 쇠망치로 두드리는 모습, 도리에 매어 놓은 그네에 상체를 기대고 어깨너머로 구경하는 아이의 모습 등이 생동감 있게 표현되어 있다.\n다음 그림이 그려진 시기의 문화에 대한 설명으로 옳지 않은 것은?\n중인들이 시사(詩社)를 조직하였다.\n양반의 위선을 풍자한 탈춤이 공연되었다.\n춘향가, 흥보가 등의 판소리가 유행되었다.\n금속 활자본인 직지심체요절이 간행되었다.\n홍길동전, 박씨전 등의 한글 소설이 널리 읽혔다.""}, {""problem_id"": ""cj_v41_0828"", ""full_text"": ""이 그림은 조영식과 김홍도의 풍속화이다. 인부들이 말발굽에 징을 박는 모습과 기와를 이예나기는 모습을 묘사하고 있다. 이를 통해 이 그림이 그려진 시기 서민들의 일상생활을 생생하게 살펴볼 수 있다.\n'시기'의 문화에 대한 설명으로 옳지 않은 것은?\n금강전도 등 진경 산수화가 그려졌다.\n새로운 역법으로 수시력이 도입되었다.\n양반 사회를 풍자한 탈춤이 성행하였다.\n춘향가, 흥보가 등의 판소리가 유행하였다.\n홍길동전, 박씨전 등의 한글 소설이 널리 읽혔다.""}]",source-candidate:d4289675e875346a9042,AKS:ARTICLE:E0066012:sha256-704d8ea620c542f5,AKS,2,흥보가,name,exact,1.0,COMPATIBLE,"[""놀부가"", ""놀부전"", ""놀부흥부가"", ""박타령"", ""박흥보가"", ""박흥보전"", ""연의각"", ""장흥보전"", ""흥보가"", ""흥보만보록"", ""흥보전"", ""흥부놀부전"", ""흥부전""]","[""興夫傳""]",[],,,[],Work,"{""headword"": ""흥부전"", ""aliases"": [""놀부가"", ""놀부전"", ""놀부흥부가"", ""박타령"", ""박흥보가"", ""박흥보전"", ""연의각"", ""장흥보전"", ""흥보전"", ""흥부놀부전"", ""흥보만보록"", ""흥보가""], ""origin"": ""興夫傳"", ""headword_origin"": ""흥부전(興夫傳)"", ""primary_type"": ""작품/문학"", ""era"": ""미상"", ""definition"": ""작자·연대 미상의 고전소설.""}","[{""left_source_candidate_id"": ""source-candidate:35a52ec22a0ea8a29ad3"", ""right_source_candidate_id"": ""source-candidate:d4289675e875346a9042"", ""signals"": [], ""conflicts"": [""entity_type_conflict""], ""merge_eligible"": false}, {""left_source_candidate_id"": ""source-candidate:4492171ed3fe32f2be8a"", ""right_source_candidate_id"": ""source-candidate:d4289675e875346a9042"", ""signals"": [], ""conflicts"": [""entity_type_conflict""], ""merge_eligible"": false}, {""left_source_candidate_id"": ""source-candidate:d4289675e875346a9042"", ""right_source_candidate_id"": ""source-candidate:e1024c8e13f6c5618cd4"", ""signals"": [""normalized_name_match""], ""conflicts"": [""entity_type_conflict""], ""merge_eligible"": false}]",EVIDENCE_ONLY,,,,REL_145,흥부전,Work,
81,gold-case:eeeded4069adbd29ea49,term-review-task:eac19b8aad50b71a07f8,resolution-case:5dc41fd02e9f0a2559e3,흥보가,문화재,"[{""problem_id"": ""cj_v41_0496"", ""full_text"": ""이 그림은 김득신이 대장간의 모습을 묘사한 풍속화이다. 한 명이 화덕에서 달구대진 쇳덩어리를 방을집기1로 집어 모루 위에 올려놓자 두 명이 쇠망치로 두드리는 모습, 도리에 매어 놓은 그네에 상체를 기대고 어깨너머로 구경하는 아이의 모습 등이 생동감 있게 표현되어 있다.\n다음 그림이 그려진 시기의 문화에 대한 설명으로 옳지 않은 것은?\n중인들이 시사(詩社)를 조직하였다.\n양반의 위선을 풍자한 탈춤이 공연되었다.\n춘향가, 흥보가 등의 판소리가 유행되었다.\n금속 활자본인 직지심체요절이 간행되었다.\n홍길동전, 박씨전 등의 한글 소설이 널리 읽혔다.""}, {""problem_id"": ""cj_v41_0828"", ""full_text"": ""이 그림은 조영식과 김홍도의 풍속화이다. 인부들이 말발굽에 징을 박는 모습과 기와를 이예나기는 모습을 묘사하고 있다. 이를 통해 이 그림이 그려진 시기 서민들의 일상생활을 생생하게 살펴볼 수 있다.\n'시기'의 문화에 대한 설명으로 옳지 않은 것은?\n금강전도 등 진경 산수화가 그려졌다.\n새로운 역법으로 수시력이 도입되었다.\n양반 사회를 풍자한 탈춤이 성행하였다.\n춘향가, 흥보가 등의 판소리가 유행하였다.\n홍길동전, 박씨전 등의 한글 소설이 널리 읽혔다.""}]",source-candidate:06a2872b9a0fbacc5fb0,THESAURUS:TERM:41943328:sha256-1022516a18f91e61,THESAURUS,3,흥보가,name,exact,1.0,UNKNOWN,"[""흥보가""]","[""興甫歌""]","[""근세-현대""]",,,[],,"{""term_name"": ""흥보가"", ""hanja"": ""興甫歌"", ""era"": ""근세-현대"", ""thesaurus_category"": ""문화·예술>음악"", ""description"": ""조선후기 판소리 12마당의 하나. 마음씨 착한 동생과 심술 사나운 형의 이야기를 통해 권선징악을 담고 있음."", ""term_year"": ""?-?""}","[{""left_source_candidate_id"": ""source-candidate:06a2872b9a0fbacc5fb0"", ""right_source_candidate_id"": ""source-candidate:7547a2337dfc11174519"", ""signals"": [""normalized_name_match"", ""hanja_match""], ""conflicts"": [], ""merge_eligible"": true}]",IDENTITY_MEMBER,ALT_144,흥보가,Work,,,,
81,gold-case:eeeded4069adbd29ea49,term-review-task:eac19b8aad50b71a07f8,resolution-case:5dc41fd02e9f0a2559e3,흥보가,문화재,"[{""problem_id"": ""cj_v41_0496"", ""full_text"": ""이 그림은 김득신이 대장간의 모습을 묘사한 풍속화이다. 한 명이 화덕에서 달구대진 쇳덩어리를 방을집기1로 집어 모루 위에 올려놓자 두 명이 쇠망치로 두드리는 모습, 도리에 매어 놓은 그네에 상체를 기대고 어깨너머로 구경하는 아이의 모습 등이 생동감 있게 표현되어 있다.\n다음 그림이 그려진 시기의 문화에 대한 설명으로 옳지 않은 것은?\n중인들이 시사(詩社)를 조직하였다.\n양반의 위선을 풍자한 탈춤이 공연되었다.\n춘향가, 흥보가 등의 판소리가 유행되었다.\n금속 활자본인 직지심체요절이 간행되었다.\n홍길동전, 박씨전 등의 한글 소설이 널리 읽혔다.""}, {""problem_id"": ""cj_v41_0828"", ""full_text"": ""이 그림은 조영식과 김홍도의 풍속화이다. 인부들이 말발굽에 징을 박는 모습과 기와를 이예나기는 모습을 묘사하고 있다. 이를 통해 이 그림이 그려진 시기 서민들의 일상생활을 생생하게 살펴볼 수 있다.\n'시기'의 문화에 대한 설명으로 옳지 않은 것은?\n금강전도 등 진경 산수화가 그려졌다.\n새로운 역법으로 수시력이 도입되었다.\n양반 사회를 풍자한 탈춤이 성행하였다.\n춘향가, 흥보가 등의 판소리가 유행하였다.\n홍길동전, 박씨전 등의 한글 소설이 널리 읽혔다.""}]",source-candidate:e1024c8e13f6c5618cd4,THESAURUS:TERM:8866:sha256-1022516a18f91e61,THESAURUS,4,흥보가,name,exact,1.0,UNKNOWN,"[""흥보가""]","[""興甫歌""]","[""근세-현대""]",,,[],Heritage,"{""term_name"": ""흥보가"", ""hanja"": ""興甫歌"", ""era"": ""근세-현대"", ""thesaurus_category"": ""문화재"", ""description"": ""조선후기 판소리 12마당의 하나. 마음씨 착한 동생과 심술 사나운 형의 이야기를 통해 권선징악을 담고 있음."", ""term_year"": ""?""}","[{""left_source_candidate_id"": ""source-candidate:7547a2337dfc11174519"", ""right_source_candidate_id"": ""source-candidate:e1024c8e13f6c5618cd4"", ""signals"": [""normalized_name_match"", ""hanja_match""], ""conflicts"": [""entity_type_conflict""], ""merge_eligible"": false}, {""left_source_candidate_id"": ""source-candidate:d4289675e875346a9042"", ""right_source_candidate_id"": ""source-candidate:e1024c8e13f6c5618cd4"", ""signals"": [""normalized_name_match""], ""conflicts"": [""entity_type_conflict""], ""merge_eligible"": false}]",IDENTITY_MEMBER,ALT_144,흥보가,Work,,,,
81,gold-case:eeeded4069adbd29ea49,term-review-task:eac19b8aad50b71a07f8,resolution-case:5dc41fd02e9f0a2559e3,흥보가,문화재,"[{""problem_id"": ""cj_v41_0496"", ""full_text"": ""이 그림은 김득신이 대장간의 모습을 묘사한 풍속화이다. 한 명이 화덕에서 달구대진 쇳덩어리를 방을집기1로 집어 모루 위에 올려놓자 두 명이 쇠망치로 두드리는 모습, 도리에 매어 놓은 그네에 상체를 기대고 어깨너머로 구경하는 아이의 모습 등이 생동감 있게 표현되어 있다.\n다음 그림이 그려진 시기의 문화에 대한 설명으로 옳지 않은 것은?\n중인들이 시사(詩社)를 조직하였다.\n양반의 위선을 풍자한 탈춤이 공연되었다.\n춘향가, 흥보가 등의 판소리가 유행되었다.\n금속 활자본인 직지심체요절이 간행되었다.\n홍길동전, 박씨전 등의 한글 소설이 널리 읽혔다.""}, {""problem_id"": ""cj_v41_0828"", ""full_text"": ""이 그림은 조영식과 김홍도의 풍속화이다. 인부들이 말발굽에 징을 박는 모습과 기와를 이예나기는 모습을 묘사하고 있다. 이를 통해 이 그림이 그려진 시기 서민들의 일상생활을 생생하게 살펴볼 수 있다.\n'시기'의 문화에 대한 설명으로 옳지 않은 것은?\n금강전도 등 진경 산수화가 그려졌다.\n새로운 역법으로 수시력이 도입되었다.\n양반 사회를 풍자한 탈춤이 성행하였다.\n춘향가, 흥보가 등의 판소리가 유행하였다.\n홍길동전, 박씨전 등의 한글 소설이 널리 읽혔다.""}]",source-candidate:4492171ed3fe32f2be8a,THESAURUS:TERM:6298904:sha256-1022516a18f91e61,THESAURUS,5,동편제흥보가,description,bidirectional_containment,0.966667,UNKNOWN,"[""동편제흥보가""]","[""東便制興甫歌""]",[],,,[],Heritage,"{""term_name"": ""동편제흥보가"", ""hanja"": ""東便制興甫歌"", ""era"": ""통시대"", ""thesaurus_category"": ""문화재"", ""description"": ""판소리 유파(流派) 중 동편제(東便制)로 노래하는 흥보가."", ""term_year"": ""?""}","[{""left_source_candidate_id"": ""source-candidate:4492171ed3fe32f2be8a"", ""right_source_candidate_id"": ""source-candidate:7547a2337dfc11174519"", ""signals"": [], ""conflicts"": [""entity_type_conflict""], ""merge_eligible"": false}, {""left_source_candidate_id"": ""source-candidate:4492171ed3fe32f2be8a"", ""right_source_candidate_id"": ""source-candidate:d4289675e875346a9042"", ""signals"": [], ""conflicts"": [""entity_type_conflict""], ""merge_eligible"": false}]",EVIDENCE_ONLY,,,,REL_146,동편제흥보가,Work,
81,gold-case:eeeded4069adbd29ea49,term-review-task:eac19b8aad50b71a07f8,resolution-case:5dc41fd02e9f0a2559e3,흥보가,문화재,"[{""problem_id"": ""cj_v41_0496"", ""full_text"": ""이 그림은 김득신이 대장간의 모습을 묘사한 풍속화이다. 한 명이 화덕에서 달구대진 쇳덩어리를 방을집기1로 집어 모루 위에 올려놓자 두 명이 쇠망치로 두드리는 모습, 도리에 매어 놓은 그네에 상체를 기대고 어깨너머로 구경하는 아이의 모습 등이 생동감 있게 표현되어 있다.\n다음 그림이 그려진 시기의 문화에 대한 설명으로 옳지 않은 것은?\n중인들이 시사(詩社)를 조직하였다.\n양반의 위선을 풍자한 탈춤이 공연되었다.\n춘향가, 흥보가 등의 판소리가 유행되었다.\n금속 활자본인 직지심체요절이 간행되었다.\n홍길동전, 박씨전 등의 한글 소설이 널리 읽혔다.""}, {""problem_id"": ""cj_v41_0828"", ""full_text"": ""이 그림은 조영식과 김홍도의 풍속화이다. 인부들이 말발굽에 징을 박는 모습과 기와를 이예나기는 모습을 묘사하고 있다. 이를 통해 이 그림이 그려진 시기 서민들의 일상생활을 생생하게 살펴볼 수 있다.\n'시기'의 문화에 대한 설명으로 옳지 않은 것은?\n금강전도 등 진경 산수화가 그려졌다.\n새로운 역법으로 수시력이 도입되었다.\n양반 사회를 풍자한 탈춤이 성행하였다.\n춘향가, 흥보가 등의 판소리가 유행하였다.\n홍길동전, 박씨전 등의 한글 소설이 널리 읽혔다.""}]",source-candidate:d88cf30d0d4f92000269,THESAURUS:TERM:35667425:sha256-1022516a18f91e61,THESAURUS,6,제비가,description,description_containment,0.593333,UNKNOWN,"[""제비가""]","[""歌""]","[""조선후기""]",,,[],,"{""term_name"": ""제비가"", ""hanja"": ""제비歌"", ""era"": ""조선후기"", ""thesaurus_category"": ""문화·예술>음악"", ""description"": ""조선후기 서울의 12잡가 중 하나로, 남도의 잡가인≪새타령≫과 판소리≪흥보가≫의 ‘제비 후리러 나가는' 대목에서 빌려온 내용을 서울목으로 재치있게 꾸민 소리."", ""term_year"": ""?-?""}",[],EVIDENCE_ONLY,,,,REL_147,제비가,Work,
81,gold-case:eeeded4069adbd29ea49,term-review-task:eac19b8aad50b71a07f8,resolution-case:5dc41fd02e9f0a2559e3,흥보가,문화재,"[{""problem_id"": ""cj_v41_0496"", ""full_text"": ""이 그림은 김득신이 대장간의 모습을 묘사한 풍속화이다. 한 명이 화덕에서 달구대진 쇳덩어리를 방을집기1로 집어 모루 위에 올려놓자 두 명이 쇠망치로 두드리는 모습, 도리에 매어 놓은 그네에 상체를 기대고 어깨너머로 구경하는 아이의 모습 등이 생동감 있게 표현되어 있다.\n다음 그림이 그려진 시기의 문화에 대한 설명으로 옳지 않은 것은?\n중인들이 시사(詩社)를 조직하였다.\n양반의 위선을 풍자한 탈춤이 공연되었다.\n춘향가, 흥보가 등의 판소리가 유행되었다.\n금속 활자본인 직지심체요절이 간행되었다.\n홍길동전, 박씨전 등의 한글 소설이 널리 읽혔다.""}, {""problem_id"": ""cj_v41_0828"", ""full_text"": ""이 그림은 조영식과 김홍도의 풍속화이다. 인부들이 말발굽에 징을 박는 모습과 기와를 이예나기는 모습을 묘사하고 있다. 이를 통해 이 그림이 그려진 시기 서민들의 일상생활을 생생하게 살펴볼 수 있다.\n'시기'의 문화에 대한 설명으로 옳지 않은 것은?\n금강전도 등 진경 산수화가 그려졌다.\n새로운 역법으로 수시력이 도입되었다.\n양반 사회를 풍자한 탈춤이 성행하였다.\n춘향가, 흥보가 등의 판소리가 유행하였다.\n홍길동전, 박씨전 등의 한글 소설이 널리 읽혔다.""}]",source-candidate:35a52ec22a0ea8a29ad3,THESAURUS:TERM:8396738:sha256-1022516a18f91e61,THESAURUS,7,,description,description_containment,0.47,UNKNOWN,"[""남도판소리""]","[""南道""]","[""현대""]",,,[],Heritage,"{""term_name"": ""남도판소리"", ""hanja"": ""南道판소리"", ""era"": ""현대"", ""thesaurus_category"": ""문화재"", ""description"": ""광주광역시가 지정 보호하는 판소리 <흥보가>와 <심청가>."", ""term_year"": ""?""}","[{""left_source_candidate_id"": ""source-candidate:35a52ec22a0ea8a29ad3"", ""right_source_candidate_id"": ""source-candidate:7547a2337dfc11174519"", ""signals"": [""era_overlap""], ""conflicts"": [""entity_type_conflict""], ""merge_eligible"": false}, {""left_source_candidate_id"": ""source-candidate:35a52ec22a0ea8a29ad3"", ""right_source_candidate_id"": ""source-candidate:d4289675e875346a9042"", ""signals"": [], ""conflicts"": [""entity_type_conflict""], ""merge_eligible"": false}]",EVIDENCE_ONLY,,,,REL_148,남도판소리,Heritage,
82,gold-case:22656e15a877db62cbcb,term-review-task:84ce016933a4ac71c1db,resolution-case:4f8d246a463927eb43cb,김흠돌의 난,사건,"[{""problem_id"": ""cj_v41_0386"", ""full_text"": ""김주원의 묘야. 그의 이듬 김현창은 아버지가 왕위에 오르지 못한 것에 불인을 품고 빈란을 일으켰어. 김주원과 김현창의 삶을 통해 혜공왕 피살 이후 왕위 쟁달선이 거듭된 이 시기의 상황을 잘 알 수 있어. ,.2국굳 ; .尋로누 견-구들 -\n'이 시기'에 있었던 사실로 옳은 것은?\n왕의 장인인 김흠돌이 난을 일으켰다.\n거칠부가 왕명에 의해 국사를 편찬하였다.\n김춘추가 진골 출신 최초로 왕위에 올랐다.\n자장의 건의로 황룡사 9층 목탑이 건립되었다.\n체징이 9산 선문 중 하나인 가지산문을 개창하였다.""}, {""problem_id"": ""cj_v41_0624"", ""full_text"": ""이 왕은 김춈돌의 난을 진압하고 왕권을 강회했어. 아버지인 문무왕을 위하여 간은사를 완공했지. 기 ,누 완신주와 청주를 실치하여 9주를 갖추었어.\n'이 왕'의 업적으로 옳은 것은?\n거칠부에게 국사를 편찬하게 하였다.\n이사부를 보내 우산국을 복속하였다.\n건원이라는 독자적 연호를 사용하였다.\n관료전을 지급하고 녹읍을 폐지하였다.\n관리 선발을 위해 독서삼품과를 실시하였다.""}, {""problem_id"": ""cj_v41_0718"", ""full_text"": ""한국사 웹툰 기획안 1화 자 진골 귀족 김흥돌의 반란을 진압하다. 국학을 설치이여 인재를 양성하다. 9주를 久쉬히여 지방 통치 체제를 갖추다. (가) 사료에 기반하여 제작한다 사항\n(가)에 들어갈 내용으로 옳은 것은?\n관료전을 지급하고 녹읍을 폐지하다.\n마립간이라는 칭호를 처음 사용하다.\n이사부를 보내 우산국을 복속시키다.\n화랑도를 국가적 조직으로 개편하다.\n이차돈의 순교를 계기로 불교를 공인하다.""}]",source-candidate:5a9a92c2dd2477acccd4,THESAURUS:TERM:12594493:sha256-1022516a18f91e61,THESAURUS,1,김흠돌,name,bidirectional_containment,0.4683,UNKNOWN,"[""김흠돌""]","[""金欽突""]","[""삼국시대""]",,,[],Person,"{""term_name"": ""김흠돌"", ""hanja"": ""金欽突"", ""era"": ""삼국시대"", ""thesaurus_category"": ""인명"", ""description"": ""삼국시대 신라의 장군이자 반란자. 김유신(金庾信)·김인문(金仁問)과 함께 고구려정벌에 큰 공을 세운 장군. 그러나 681년(신문왕 1) 8월에 파진찬 흥원(興元), 대아찬 진공(眞功) 등과 모반을 꾀하다 주살됨."", ""term_year"": ""?-681""}","[{""left_source_candidate_id"": ""source-candidate:28f12e0ec1db152ce086"", ""right_source_candidate_id"": ""source-candidate:5a9a92c2dd2477acccd4"", ""signals"": [], ""conflicts"": [""entity_type_conflict""], ""merge_eligible"": false}, {""left_source_candidate_id"": ""source-candidate:5a9a92c2dd2477acccd4"", ""right_source_candidate_id"": ""source-candidate:f9b720b2dc0c2f1f38cf"", ""signals"": [], ""conflicts"": [""entity_type_conflict""], ""merge_eligible"": false}]",EVIDENCE_ONLY,,,,REL_149,김흠돌,Person,
82,gold-case:22656e15a877db62cbcb,term-review-task:84ce016933a4ac71c1db,resolution-case:4f8d246a463927eb43cb,김흠돌의 난,사건,"[{""problem_id"": ""cj_v41_0386"", ""full_text"": ""김주원의 묘야. 그의 이듬 김현창은 아버지가 왕위에 오르지 못한 것에 불인을 품고 빈란을 일으켰어. 김주원과 김현창의 삶을 통해 혜공왕 피살 이후 왕위 쟁달선이 거듭된 이 시기의 상황을 잘 알 수 있어. ,.2국굳 ; .尋로누 견-구들 -\n'이 시기'에 있었던 사실로 옳은 것은?\n왕의 장인인 김흠돌이 난을 일으켰다.\n거칠부가 왕명에 의해 국사를 편찬하였다.\n김춘추가 진골 출신 최초로 왕위에 올랐다.\n자장의 건의로 황룡사 9층 목탑이 건립되었다.\n체징이 9산 선문 중 하나인 가지산문을 개창하였다.""}, {""problem_id"": ""cj_v41_0624"", ""full_text"": ""이 왕은 김춈돌의 난을 진압하고 왕권을 강회했어. 아버지인 문무왕을 위하여 간은사를 완공했지. 기 ,누 완신주와 청주를 실치하여 9주를 갖추었어.\n'이 왕'의 업적으로 옳은 것은?\n거칠부에게 국사를 편찬하게 하였다.\n이사부를 보내 우산국을 복속하였다.\n건원이라는 독자적 연호를 사용하였다.\n관료전을 지급하고 녹읍을 폐지하였다.\n관리 선발을 위해 독서삼품과를 실시하였다.""}, {""problem_id"": ""cj_v41_0718"", ""full_text"": ""한국사 웹툰 기획안 1화 자 진골 귀족 김흥돌의 반란을 진압하다. 국학을 설치이여 인재를 양성하다. 9주를 久쉬히여 지방 통치 체제를 갖추다. (가) 사료에 기반하여 제작한다 사항\n(가)에 들어갈 내용으로 옳은 것은?\n관료전을 지급하고 녹읍을 폐지하다.\n마립간이라는 칭호를 처음 사용하다.\n이사부를 보내 우산국을 복속시키다.\n화랑도를 국가적 조직으로 개편하다.\n이차돈의 순교를 계기로 불교를 공인하다.""}]",source-candidate:d8953884226e5ebdefd8,THESAURUS:TERM:19777:sha256-1022516a18f91e61,THESAURUS,2,김흠돌의모역사건,name,name_ngram,0.447692,UNKNOWN,"[""김흠돌의모역사건""]","[""金欽突"", ""謀逆事件""]","[""남북국시대""]",,,[],,"{""term_name"": ""김흠돌의모역사건"", ""hanja"": ""金欽突의謀逆事件"", ""era"": ""남북국시대"", ""thesaurus_category"": ""정치·행정·법제>정치>정치사건"", ""description"": ""신라 신문왕(神文王)의 장인인 김흠돌이 파진찬 흥원(興元), 대아찬 진공(眞功) 등과 함께 반란을 꾀한 사건."", ""term_year"": ""681""}",[],IDENTITY_MEMBER,ALT_150,김흠돌의 난,Event,,,,
82,gold-case:22656e15a877db62cbcb,term-review-task:84ce016933a4ac71c1db,resolution-case:4f8d246a463927eb43cb,김흠돌의 난,사건,"[{""problem_id"": ""cj_v41_0386"", ""full_text"": ""김주원의 묘야. 그의 이듬 김현창은 아버지가 왕위에 오르지 못한 것에 불인을 품고 빈란을 일으켰어. 김주원과 김현창의 삶을 통해 혜공왕 피살 이후 왕위 쟁달선이 거듭된 이 시기의 상황을 잘 알 수 있어. ,.2국굳 ; .尋로누 견-구들 -\n'이 시기'에 있었던 사실로 옳은 것은?\n왕의 장인인 김흠돌이 난을 일으켰다.\n거칠부가 왕명에 의해 국사를 편찬하였다.\n김춘추가 진골 출신 최초로 왕위에 올랐다.\n자장의 건의로 황룡사 9층 목탑이 건립되었다.\n체징이 9산 선문 중 하나인 가지산문을 개창하였다.""}, {""problem_id"": ""cj_v41_0624"", ""full_text"": ""이 왕은 김춈돌의 난을 진압하고 왕권을 강회했어. 아버지인 문무왕을 위하여 간은사를 완공했지. 기 ,누 완신주와 청주를 실치하여 9주를 갖추었어.\n'이 왕'의 업적으로 옳은 것은?\n거칠부에게 국사를 편찬하게 하였다.\n이사부를 보내 우산국을 복속하였다.\n건원이라는 독자적 연호를 사용하였다.\n관료전을 지급하고 녹읍을 폐지하였다.\n관리 선발을 위해 독서삼품과를 실시하였다.""}, {""problem_id"": ""cj_v41_0718"", ""full_text"": ""한국사 웹툰 기획안 1화 자 진골 귀족 김흥돌의 반란을 진압하다. 국학을 설치이여 인재를 양성하다. 9주를 久쉬히여 지방 통치 체제를 갖추다. (가) 사료에 기반하여 제작한다 사항\n(가)에 들어갈 내용으로 옳은 것은?\n관료전을 지급하고 녹읍을 폐지하다.\n마립간이라는 칭호를 처음 사용하다.\n이사부를 보내 우산국을 복속시키다.\n화랑도를 국가적 조직으로 개편하다.\n이차돈의 순교를 계기로 불교를 공인하다.""}]",source-candidate:28f12e0ec1db152ce086,AKS:ARTICLE:E0009119:sha256-704d8ea620c542f5,AKS,3,김명의 난,name,name_ngram,0.291667,COMPATIBLE,"[""김명의난""]","[""金明"", ""亂""]","[""고대"", ""삼국"", ""신라""]",,,[],Event,"{""headword"": ""김명의 난"", ""origin"": ""金明의 亂"", ""headword_origin"": ""김명의 난(金明의 亂)"", ""primary_type"": ""사건/사건·사고"", ""era"": ""고대/삼국/신라"", ""definition"": ""신라 하대 김명 등이 일으킨 반란.""}","[{""left_source_candidate_id"": ""source-candidate:28f12e0ec1db152ce086"", ""right_source_candidate_id"": ""source-candidate:5745cc4bde44313720a9"", ""signals"": [""hanja_match"", ""era_overlap""], ""conflicts"": [""entity_type_conflict""], ""merge_eligible"": false}, {""left_source_candidate_id"": ""source-candidate:28f12e0ec1db152ce086"", ""right_source_candidate_id"": ""source-candidate:5a9a92c2dd2477acccd4"", ""signals"": [], ""conflicts"": [""entity_type_conflict""], ""merge_eligible"": false}, {""left_source_candidate_id"": ""source-candidate:28f12e0ec1db152ce086"", ""right_source_candidate_id"": ""source-candidate:ff0de7821ebe9d945f11"", ""signals"": [""era_overlap""], ""conflicts"": [""entity_type_conflict""], ""merge_eligible"": false}]",,,,,,,,
82,gold-case:22656e15a877db62cbcb,term-review-task:84ce016933a4ac71c1db,resolution-case:4f8d246a463927eb43cb,김흠돌의 난,사건,"[{""problem_id"": ""cj_v41_0386"", ""full_text"": ""김주원의 묘야. 그의 이듬 김현창은 아버지가 왕위에 오르지 못한 것에 불인을 품고 빈란을 일으켰어. 김주원과 김현창의 삶을 통해 혜공왕 피살 이후 왕위 쟁달선이 거듭된 이 시기의 상황을 잘 알 수 있어. ,.2국굳 ; .尋로누 견-구들 -\n'이 시기'에 있었던 사실로 옳은 것은?\n왕의 장인인 김흠돌이 난을 일으켰다.\n거칠부가 왕명에 의해 국사를 편찬하였다.\n김춘추가 진골 출신 최초로 왕위에 올랐다.\n자장의 건의로 황룡사 9층 목탑이 건립되었다.\n체징이 9산 선문 중 하나인 가지산문을 개창하였다.""}, {""problem_id"": ""cj_v41_0624"", ""full_text"": ""이 왕은 김춈돌의 난을 진압하고 왕권을 강회했어. 아버지인 문무왕을 위하여 간은사를 완공했지. 기 ,누 완신주와 청주를 실치하여 9주를 갖추었어.\n'이 왕'의 업적으로 옳은 것은?\n거칠부에게 국사를 편찬하게 하였다.\n이사부를 보내 우산국을 복속하였다.\n건원이라는 독자적 연호를 사용하였다.\n관료전을 지급하고 녹읍을 폐지하였다.\n관리 선발을 위해 독서삼품과를 실시하였다.""}, {""problem_id"": ""cj_v41_0718"", ""full_text"": ""한국사 웹툰 기획안 1화 자 진골 귀족 김흥돌의 반란을 진압하다. 국학을 설치이여 인재를 양성하다. 9주를 久쉬히여 지방 통치 체제를 갖추다. (가) 사료에 기반하여 제작한다 사항\n(가)에 들어갈 내용으로 옳은 것은?\n관료전을 지급하고 녹읍을 폐지하다.\n마립간이라는 칭호를 처음 사용하다.\n이사부를 보내 우산국을 복속시키다.\n화랑도를 국가적 조직으로 개편하다.\n이차돈의 순교를 계기로 불교를 공인하다.""}]",source-candidate:f9b720b2dc0c2f1f38cf,AKS:ARTICLE:E0010124:sha256-704d8ea620c542f5,AKS,4,김융의 난,name,name_ngram,0.291667,COMPATIBLE,"[""김융의난""]","[""金融"", ""亂""]","[""고대"", ""남북국"", ""통일신라""]",,,[],Event,"{""headword"": ""김융의 난"", ""origin"": ""金融의 亂"", ""headword_origin"": ""김융의 난(金融의 亂)"", ""primary_type"": ""사건/사건·사고"", ""era"": ""고대/남북국/통일신라"", ""definition"": ""770년(혜공왕 6) 신라의 대아찬(大阿飡) 김융이 일으킨 반란.""}","[{""left_source_candidate_id"": ""source-candidate:5745cc4bde44313720a9"", ""right_source_candidate_id"": ""source-candidate:f9b720b2dc0c2f1f38cf"", ""signals"": [""hanja_match"", ""era_overlap""], ""conflicts"": [""entity_type_conflict""], ""merge_eligible"": false}, {""left_source_candidate_id"": ""source-candidate:5a9a92c2dd2477acccd4"", ""right_source_candidate_id"": ""source-candidate:f9b720b2dc0c2f1f38cf"", ""signals"": [], ""conflicts"": [""entity_type_conflict""], ""merge_eligible"": false}, {""left_source_candidate_id"": ""source-candidate:f9b720b2dc0c2f1f38cf"", ""right_source_candidate_id"": ""source-candidate:ff0de7821ebe9d945f11"", ""signals"": [""era_overlap""], ""conflicts"": [""entity_type_conflict""], ""merge_eligible"": false}]",,,,,,,,
82,gold-case:22656e15a877db62cbcb,term-review-task:84ce016933a4ac71c1db,resolution-case:4f8d246a463927eb43cb,김흠돌의 난,사건,"[{""problem_id"": ""cj_v41_0386"", ""full_text"": ""김주원의 묘야. 그의 이듬 김현창은 아버지가 왕위에 오르지 못한 것에 불인을 품고 빈란을 일으켰어. 김주원과 김현창의 삶을 통해 혜공왕 피살 이후 왕위 쟁달선이 거듭된 이 시기의 상황을 잘 알 수 있어. ,.2국굳 ; .尋로누 견-구들 -\n'이 시기'에 있었던 사실로 옳은 것은?\n왕의 장인인 김흠돌이 난을 일으켰다.\n거칠부가 왕명에 의해 국사를 편찬하였다.\n김춘추가 진골 출신 최초로 왕위에 올랐다.\n자장의 건의로 황룡사 9층 목탑이 건립되었다.\n체징이 9산 선문 중 하나인 가지산문을 개창하였다.""}, {""problem_id"": ""cj_v41_0624"", ""full_text"": ""이 왕은 김춈돌의 난을 진압하고 왕권을 강회했어. 아버지인 문무왕을 위하여 간은사를 완공했지. 기 ,누 완신주와 청주를 실치하여 9주를 갖추었어.\n'이 왕'의 업적으로 옳은 것은?\n거칠부에게 국사를 편찬하게 하였다.\n이사부를 보내 우산국을 복속하였다.\n건원이라는 독자적 연호를 사용하였다.\n관료전을 지급하고 녹읍을 폐지하였다.\n관리 선발을 위해 독서삼품과를 실시하였다.""}, {""problem_id"": ""cj_v41_0718"", ""full_text"": ""한국사 웹툰 기획안 1화 자 진골 귀족 김흥돌의 반란을 진압하다. 국학을 설치이여 인재를 양성하다. 9주를 久쉬히여 지방 통치 체제를 갖추다. (가) 사료에 기반하여 제작한다 사항\n(가)에 들어갈 내용으로 옳은 것은?\n관료전을 지급하고 녹읍을 폐지하다.\n마립간이라는 칭호를 처음 사용하다.\n이사부를 보내 우산국을 복속시키다.\n화랑도를 국가적 조직으로 개편하다.\n이차돈의 순교를 계기로 불교를 공인하다.""}]",source-candidate:2a7ee7aa6c4d205d35d7,THESAURUS:TERM:12604336:sha256-1022516a18f91e61,THESAURUS,5,김요의난,name,name_ngram,0.291667,UNKNOWN,"[""김요의난""]","[""金堯"", ""亂""]","[""남북국시대""]",,,[],,"{""term_name"": ""김요의난"", ""hanja"": ""金堯의亂"", ""era"": ""남북국시대"", ""thesaurus_category"": ""정치·행정·법제>정치>정치사건"", ""description"": ""887년(정강왕 2) 1월 이찬(伊飡) 김요가 한주(漢州)에서 일으킨 반란."", ""term_year"": ""887""}",[],,,,,,,,
82,gold-case:22656e15a877db62cbcb,term-review-task:84ce016933a4ac71c1db,resolution-case:4f8d246a463927eb43cb,김흠돌의 난,사건,"[{""problem_id"": ""cj_v41_0386"", ""full_text"": ""김주원의 묘야. 그의 이듬 김현창은 아버지가 왕위에 오르지 못한 것에 불인을 품고 빈란을 일으켰어. 김주원과 김현창의 삶을 통해 혜공왕 피살 이후 왕위 쟁달선이 거듭된 이 시기의 상황을 잘 알 수 있어. ,.2국굳 ; .尋로누 견-구들 -\n'이 시기'에 있었던 사실로 옳은 것은?\n왕의 장인인 김흠돌이 난을 일으켰다.\n거칠부가 왕명에 의해 국사를 편찬하였다.\n김춘추가 진골 출신 최초로 왕위에 올랐다.\n자장의 건의로 황룡사 9층 목탑이 건립되었다.\n체징이 9산 선문 중 하나인 가지산문을 개창하였다.""}, {""problem_id"": ""cj_v41_0624"", ""full_text"": ""이 왕은 김춈돌의 난을 진압하고 왕권을 강회했어. 아버지인 문무왕을 위하여 간은사를 완공했지. 기 ,누 완신주와 청주를 실치하여 9주를 갖추었어.\n'이 왕'의 업적으로 옳은 것은?\n거칠부에게 국사를 편찬하게 하였다.\n이사부를 보내 우산국을 복속하였다.\n건원이라는 독자적 연호를 사용하였다.\n관료전을 지급하고 녹읍을 폐지하였다.\n관리 선발을 위해 독서삼품과를 실시하였다.""}, {""problem_id"": ""cj_v41_0718"", ""full_text"": ""한국사 웹툰 기획안 1화 자 진골 귀족 김흥돌의 반란을 진압하다. 국학을 설치이여 인재를 양성하다. 9주를 久쉬히여 지방 통치 체제를 갖추다. (가) 사료에 기반하여 제작한다 사항\n(가)에 들어갈 내용으로 옳은 것은?\n관료전을 지급하고 녹읍을 폐지하다.\n마립간이라는 칭호를 처음 사용하다.\n이사부를 보내 우산국을 복속시키다.\n화랑도를 국가적 조직으로 개편하다.\n이차돈의 순교를 계기로 불교를 공인하다.""}]",source-candidate:ff0de7821ebe9d945f11,AKS:ARTICLE:E0011157:sha256-704d8ea620c542f5,AKS,6,김흠돌,name,bidirectional_containment,0.4683,CONFLICT,"[""김흠돌""]","[""金欽突""]","[""고대"", ""남북국"", ""통일신라""]",,,[],Person,"{""headword"": ""김흠돌"", ""origin"": ""金欽突"", ""headword_origin"": ""김흠돌(金欽突)"", ""primary_type"": ""인물/전통 인물"", ""era"": ""고대/남북국/통일신라"", ""definition"": ""신라 시대 문무왕대 활약한 진골 출신의 고위 관료로, 신문왕 때 반란을 일으켰다가 실패한 인물.""}","[{""left_source_candidate_id"": ""source-candidate:28f12e0ec1db152ce086"", ""right_source_candidate_id"": ""source-candidate:ff0de7821ebe9d945f11"", ""signals"": [""era_overlap""], ""conflicts"": [""entity_type_conflict""], ""merge_eligible"": false}, {""left_source_candidate_id"": ""source-candidate:f9b720b2dc0c2f1f38cf"", ""right_source_candidate_id"": ""source-candidate:ff0de7821ebe9d945f11"", ""signals"": [""era_overlap""], ""conflicts"": [""entity_type_conflict""], ""merge_eligible"": false}]",EVIDENCE_ONLY,,,,REL_149,김흠돌,Person,
82,gold-case:22656e15a877db62cbcb,term-review-task:84ce016933a4ac71c1db,resolution-case:4f8d246a463927eb43cb,김흠돌의 난,사건,"[{""problem_id"": ""cj_v41_0386"", ""full_text"": ""김주원의 묘야. 그의 이듬 김현창은 아버지가 왕위에 오르지 못한 것에 불인을 품고 빈란을 일으켰어. 김주원과 김현창의 삶을 통해 혜공왕 피살 이후 왕위 쟁달선이 거듭된 이 시기의 상황을 잘 알 수 있어. ,.2국굳 ; .尋로누 견-구들 -\n'이 시기'에 있었던 사실로 옳은 것은?\n왕의 장인인 김흠돌이 난을 일으켰다.\n거칠부가 왕명에 의해 국사를 편찬하였다.\n김춘추가 진골 출신 최초로 왕위에 올랐다.\n자장의 건의로 황룡사 9층 목탑이 건립되었다.\n체징이 9산 선문 중 하나인 가지산문을 개창하였다.""}, {""problem_id"": ""cj_v41_0624"", ""full_text"": ""이 왕은 김춈돌의 난을 진압하고 왕권을 강회했어. 아버지인 문무왕을 위하여 간은사를 완공했지. 기 ,누 완신주와 청주를 실치하여 9주를 갖추었어.\n'이 왕'의 업적으로 옳은 것은?\n거칠부에게 국사를 편찬하게 하였다.\n이사부를 보내 우산국을 복속하였다.\n건원이라는 독자적 연호를 사용하였다.\n관료전을 지급하고 녹읍을 폐지하였다.\n관리 선발을 위해 독서삼품과를 실시하였다.""}, {""problem_id"": ""cj_v41_0718"", ""full_text"": ""한국사 웹툰 기획안 1화 자 진골 귀족 김흥돌의 반란을 진압하다. 국학을 설치이여 인재를 양성하다. 9주를 久쉬히여 지방 통치 체제를 갖추다. (가) 사료에 기반하여 제작한다 사항\n(가)에 들어갈 내용으로 옳은 것은?\n관료전을 지급하고 녹읍을 폐지하다.\n마립간이라는 칭호를 처음 사용하다.\n이사부를 보내 우산국을 복속시키다.\n화랑도를 국가적 조직으로 개편하다.\n이차돈의 순교를 계기로 불교를 공인하다.""}]",source-candidate:5745cc4bde44313720a9,AKS:ARTICLE:E0009931:sha256-704d8ea620c542f5,AKS,7,김요의 난,name,name_ngram,0.291667,CONFLICT,"[""김요의난""]","[""金堯"", ""亂""]","[""고대"", ""남북국"", ""통일신라""]",,,[],Person,"{""headword"": ""김요의 난"", ""origin"": ""金堯의 亂"", ""headword_origin"": ""김요의 난(金堯의 亂)"", ""primary_type"": ""인물/전통 인물"", ""era"": ""고대/남북국/통일신라"", ""definition"": ""남북국시대 때, 이찬 관등으로 한주에서 반란을 일으킨 통일신라의 왕족.""}","[{""left_source_candidate_id"": ""source-candidate:28f12e0ec1db152ce086"", ""right_source_candidate_id"": ""source-candidate:5745cc4bde44313720a9"", ""signals"": [""hanja_match"", ""era_overlap""], ""conflicts"": [""entity_type_conflict""], ""merge_eligible"": false}, {""left_source_candidate_id"": ""source-candidate:5745cc4bde44313720a9"", ""right_source_candidate_id"": ""source-candidate:f9b720b2dc0c2f1f38cf"", ""signals"": [""hanja_match"", ""era_overlap""], ""conflicts"": [""entity_type_conflict""], ""merge_eligible"": false}]",,,,,,,,
83,gold-case:cce3732d3690f196363d,term-review-task:45839fe2c7c320076ced,resolution-case:45a96646de78a05a3ad7,절영도 조차 요구,사건,"[{""problem_id"": ""cj_v41_0077"", ""full_text"": ""이것은 일제로부터 도입한 차관을 갚기 위해 일어난 이 운동을 기념하여 대구에 세운 조형물이다. 개화 지식인, 상인, 여성이 엽전을 떠받치고 있는 모습으로 형상화되었다.\n‘이 운동’에 대한 설명으로 옳은 것은?\n황국 중앙 총상회의 주도로 전개 되었다.\n러시아의 절영도 조차 요구에 반대하였다.\n조선 총독부의 방해와 탄압으로 실패하였다.\n대한매일신보 등 당시 언론이 적극적으로 참여하였다.\n일본, 프랑스 등의 노동 단체로부터 격러 전문을 받았다.""}, {""problem_id"": ""cj_v41_0744"", ""full_text"": ""이것은 대한매일신보에 태극 서관이 게재한 서적 할인 광고이다. 태극 서관은 신지식 보급과 민족의식 고취를 위해 이 단체가 운영한 기관이다. 인재 양성을 위해 대성 학교도 설립한 이 단체에 대해 말해 볼까요? 광고에는 안창호, 양기탁 등의 이름이 보이다.\n교사의 질문에 대한 학생의 답변으로 옳은 것은?\n민립 대학 설립 운동을 전개하였다.\n러시아의 절영도 조차 요구를 저지하였다.\n파리 강화 회의에 독립 청원서를 제출하였다.\n안창호, 양기탁 등이 비밀 결사로 조직하였다.\n국문 연구소를 세워 한글의 문자 체계를 정리하였다.""}, {""problem_id"": ""cj_v41_0835"", ""full_text"": ""(가) 은/는독립관에서 경축 모임을 열었다. 회장은 모임을 여는 큰 뜻을 설명하였다. “오늘은 황제 폐하께서 대황제라는 존귀한 칭호를 갖게 되신 계천(繼天) 경축일이니, 대한의 신민은 이를 크게 경축드립니다. 우리는 관민 공동회에서 황실을 공고히 하고 인민을 문명 개화시기며 영토를 보존하고자 여섯 개 조항의 의견안을 바쳤습니다. '과고 말하였다. 이어 회원들은 조칙 5조와 헌의 6조 10만 장을 인쇄하여 온 나라에 널리 배포하고 학생들에게 그것을 배우고 익히도록 하였다. 경축연을 마친 회원들은 울긋불긋한 종이꽃을 머리에 꽂은 채 국기와 (가) 의 깃발을 세우고 경축기를 부르며 인화문 앞으로 가서 만세를 외치고 종로의 만민 공동회로 갔다\n(가) 단체에 대한 설명으로 옳은 것은?\n일제의 황무지 개간권 요구를 저지시켰다.\n러시아의 절영도 조차 요구에 반대하였다.\n태극 서관을 설립하여 계몽 서적을 보급하였다.\n민립 대학 설립을 위한 모금 운동을 전개하였다.\n조소앙의 삼균주의를 기초로 건국 강령을 발표하였다.""}]",source-candidate:4ac6789bf785078092f8,AKS:ARTICLE:E0017594:sha256-704d8ea620c542f5,AKS,1,절영도 조차 요구,body,body_mention,1.0,COMPATIBLE,"[""만민공동회""]","[""萬民共同會""]","[""근대"", ""대한제국기""]",,,[],Event,"{""headword"": ""만민공동회"", ""origin"": ""萬民共同會"", ""headword_origin"": ""만민공동회(萬民共同會)"", ""primary_type"": ""사건/사건·사고"", ""era"": ""근대/대한제국기"", ""definition"": ""1898년 열강의 이권 침탈에 대항하여 자주 독립의 수호와 자유 민권의 신장을 위해 조직, 개최되었던 민중 대회."", ""snippet"": ""러시아는 다음과 같은 세 가지 정책을 시행하려 하였다. 첫째, 군사 기지 설치의 제1차 작업으로 부산 [절영도(絶影島)](E0037296)[^2]의 석탄고기지 조차(租借)를 요구하여 왔다. 그들은 부산 · 진해 · 마산포일""}","[{""left_source_candidate_id"": ""source-candidate:0c4065c9a22e7f4ebfc8"", ""right_source_candidate_id"": ""source-candidate:4ac6789bf785078092f8"", ""signals"": [], ""conflicts"": [""entity_type_conflict""], ""merge_eligible"": false}, {""left_source_candidate_id"": ""source-candidate:4ac6789bf785078092f8"", ""right_source_candidate_id"": ""source-candidate:69943b90c07bc1ab0565"", ""signals"": [], ""conflicts"": [""entity_type_conflict""], ""merge_eligible"": false}]",EVIDENCE_ONLY,,,,REL_151,만민공동회,Organization,
83,gold-case:cce3732d3690f196363d,term-review-task:45839fe2c7c320076ced,resolution-case:45a96646de78a05a3ad7,절영도 조차 요구,사건,"[{""problem_id"": ""cj_v41_0077"", ""full_text"": ""이것은 일제로부터 도입한 차관을 갚기 위해 일어난 이 운동을 기념하여 대구에 세운 조형물이다. 개화 지식인, 상인, 여성이 엽전을 떠받치고 있는 모습으로 형상화되었다.\n‘이 운동’에 대한 설명으로 옳은 것은?\n황국 중앙 총상회의 주도로 전개 되었다.\n러시아의 절영도 조차 요구에 반대하였다.\n조선 총독부의 방해와 탄압으로 실패하였다.\n대한매일신보 등 당시 언론이 적극적으로 참여하였다.\n일본, 프랑스 등의 노동 단체로부터 격러 전문을 받았다.""}, {""problem_id"": ""cj_v41_0744"", ""full_text"": ""이것은 대한매일신보에 태극 서관이 게재한 서적 할인 광고이다. 태극 서관은 신지식 보급과 민족의식 고취를 위해 이 단체가 운영한 기관이다. 인재 양성을 위해 대성 학교도 설립한 이 단체에 대해 말해 볼까요? 광고에는 안창호, 양기탁 등의 이름이 보이다.\n교사의 질문에 대한 학생의 답변으로 옳은 것은?\n민립 대학 설립 운동을 전개하였다.\n러시아의 절영도 조차 요구를 저지하였다.\n파리 강화 회의에 독립 청원서를 제출하였다.\n안창호, 양기탁 등이 비밀 결사로 조직하였다.\n국문 연구소를 세워 한글의 문자 체계를 정리하였다.""}, {""problem_id"": ""cj_v41_0835"", ""full_text"": ""(가) 은/는독립관에서 경축 모임을 열었다. 회장은 모임을 여는 큰 뜻을 설명하였다. “오늘은 황제 폐하께서 대황제라는 존귀한 칭호를 갖게 되신 계천(繼天) 경축일이니, 대한의 신민은 이를 크게 경축드립니다. 우리는 관민 공동회에서 황실을 공고히 하고 인민을 문명 개화시기며 영토를 보존하고자 여섯 개 조항의 의견안을 바쳤습니다. '과고 말하였다. 이어 회원들은 조칙 5조와 헌의 6조 10만 장을 인쇄하여 온 나라에 널리 배포하고 학생들에게 그것을 배우고 익히도록 하였다. 경축연을 마친 회원들은 울긋불긋한 종이꽃을 머리에 꽂은 채 국기와 (가) 의 깃발을 세우고 경축기를 부르며 인화문 앞으로 가서 만세를 외치고 종로의 만민 공동회로 갔다\n(가) 단체에 대한 설명으로 옳은 것은?\n일제의 황무지 개간권 요구를 저지시켰다.\n러시아의 절영도 조차 요구에 반대하였다.\n태극 서관을 설립하여 계몽 서적을 보급하였다.\n민립 대학 설립을 위한 모금 운동을 전개하였다.\n조소앙의 삼균주의를 기초로 건국 강령을 발표하였다.""}]",source-candidate:69943b90c07bc1ab0565,THESAURUS:TERM:37758207:sha256-1022516a18f91e61,THESAURUS,2,절영도,name,name_ngram,0.282,UNKNOWN,"[""절영도""]","[""絶影島""]",[],,,[],Place,"{""term_name"": ""절영도"", ""hanja"": ""絶影島"", ""thesaurus_category"": ""지명"", ""description"": ""경상남도 부산에 속한 섬으로, 조선시대에는 진(鎭)이 설치되어 군사적 요충지였음."", ""term_year"": ""통시대""}","[{""left_source_candidate_id"": ""source-candidate:4ac6789bf785078092f8"", ""right_source_candidate_id"": ""source-candidate:69943b90c07bc1ab0565"", ""signals"": [], ""conflicts"": [""entity_type_conflict""], ""merge_eligible"": false}, {""left_source_candidate_id"": ""source-candidate:69943b90c07bc1ab0565"", ""right_source_candidate_id"": ""source-candidate:c74e44a255ce7cb5eb23"", ""signals"": [], ""conflicts"": [""entity_type_conflict""], ""merge_eligible"": false}]",EVIDENCE_ONLY,,,,REL_152,절영도,Place,
83,gold-case:cce3732d3690f196363d,term-review-task:45839fe2c7c320076ced,resolution-case:45a96646de78a05a3ad7,절영도 조차 요구,사건,"[{""problem_id"": ""cj_v41_0077"", ""full_text"": ""이것은 일제로부터 도입한 차관을 갚기 위해 일어난 이 운동을 기념하여 대구에 세운 조형물이다. 개화 지식인, 상인, 여성이 엽전을 떠받치고 있는 모습으로 형상화되었다.\n‘이 운동’에 대한 설명으로 옳은 것은?\n황국 중앙 총상회의 주도로 전개 되었다.\n러시아의 절영도 조차 요구에 반대하였다.\n조선 총독부의 방해와 탄압으로 실패하였다.\n대한매일신보 등 당시 언론이 적극적으로 참여하였다.\n일본, 프랑스 등의 노동 단체로부터 격러 전문을 받았다.""}, {""problem_id"": ""cj_v41_0744"", ""full_text"": ""이것은 대한매일신보에 태극 서관이 게재한 서적 할인 광고이다. 태극 서관은 신지식 보급과 민족의식 고취를 위해 이 단체가 운영한 기관이다. 인재 양성을 위해 대성 학교도 설립한 이 단체에 대해 말해 볼까요? 광고에는 안창호, 양기탁 등의 이름이 보이다.\n교사의 질문에 대한 학생의 답변으로 옳은 것은?\n민립 대학 설립 운동을 전개하였다.\n러시아의 절영도 조차 요구를 저지하였다.\n파리 강화 회의에 독립 청원서를 제출하였다.\n안창호, 양기탁 등이 비밀 결사로 조직하였다.\n국문 연구소를 세워 한글의 문자 체계를 정리하였다.""}, {""problem_id"": ""cj_v41_0835"", ""full_text"": ""(가) 은/는독립관에서 경축 모임을 열었다. 회장은 모임을 여는 큰 뜻을 설명하였다. “오늘은 황제 폐하께서 대황제라는 존귀한 칭호를 갖게 되신 계천(繼天) 경축일이니, 대한의 신민은 이를 크게 경축드립니다. 우리는 관민 공동회에서 황실을 공고히 하고 인민을 문명 개화시기며 영토를 보존하고자 여섯 개 조항의 의견안을 바쳤습니다. '과고 말하였다. 이어 회원들은 조칙 5조와 헌의 6조 10만 장을 인쇄하여 온 나라에 널리 배포하고 학생들에게 그것을 배우고 익히도록 하였다. 경축연을 마친 회원들은 울긋불긋한 종이꽃을 머리에 꽂은 채 국기와 (가) 의 깃발을 세우고 경축기를 부르며 인화문 앞으로 가서 만세를 외치고 종로의 만민 공동회로 갔다\n(가) 단체에 대한 설명으로 옳은 것은?\n일제의 황무지 개간권 요구를 저지시켰다.\n러시아의 절영도 조차 요구에 반대하였다.\n태극 서관을 설립하여 계몽 서적을 보급하였다.\n민립 대학 설립을 위한 모금 운동을 전개하였다.\n조소앙의 삼균주의를 기초로 건국 강령을 발표하였다.""}]",source-candidate:c74e44a255ce7cb5eb23,AKS:ARTICLE:E0066177:sha256-704d8ea620c542f5,AKS,3,거제도 조차사건,name,name_ngram,0.275238,COMPATIBLE,"[""거제도조차사건""]","[""巨濟島"", ""租借事件""]","[""근대"", ""대한제국기""]",,,[],Event,"{""headword"": ""거제도 조차사건"", ""origin"": ""巨濟島 租借事件"", ""headword_origin"": ""거제도 조차사건(巨濟島 租借事件)"", ""primary_type"": ""사건/사건·사고"", ""era"": ""근대/대한제국기"", ""definition"": ""1900년(광무 4) 마산항과 거제도 조차문제를 둘러싸고 일본과 러시아 사이에 벌어진 갈등.""}","[{""left_source_candidate_id"": ""source-candidate:0c4065c9a22e7f4ebfc8"", ""right_source_candidate_id"": ""source-candidate:c74e44a255ce7cb5eb23"", ""signals"": [], ""conflicts"": [""entity_type_conflict""], ""merge_eligible"": false}, {""left_source_candidate_id"": ""source-candidate:205f497c65427ef835af"", ""right_source_candidate_id"": ""source-candidate:c74e44a255ce7cb5eb23"", ""signals"": [""normalized_name_match"", ""era_overlap""], ""conflicts"": [], ""merge_eligible"": true}, {""left_source_candidate_id"": ""source-candidate:69943b90c07bc1ab0565"", ""right_source_candidate_id"": ""source-candidate:c74e44a255ce7cb5eb23"", ""signals"": [], ""conflicts"": [""entity_type_conflict""], ""merge_eligible"": false}]",EVIDENCE_ONLY,,,,REL_153,거제도 조차 사건,Event,
83,gold-case:cce3732d3690f196363d,term-review-task:45839fe2c7c320076ced,resolution-case:45a96646de78a05a3ad7,절영도 조차 요구,사건,"[{""problem_id"": ""cj_v41_0077"", ""full_text"": ""이것은 일제로부터 도입한 차관을 갚기 위해 일어난 이 운동을 기념하여 대구에 세운 조형물이다. 개화 지식인, 상인, 여성이 엽전을 떠받치고 있는 모습으로 형상화되었다.\n‘이 운동’에 대한 설명으로 옳은 것은?\n황국 중앙 총상회의 주도로 전개 되었다.\n러시아의 절영도 조차 요구에 반대하였다.\n조선 총독부의 방해와 탄압으로 실패하였다.\n대한매일신보 등 당시 언론이 적극적으로 참여하였다.\n일본, 프랑스 등의 노동 단체로부터 격러 전문을 받았다.""}, {""problem_id"": ""cj_v41_0744"", ""full_text"": ""이것은 대한매일신보에 태극 서관이 게재한 서적 할인 광고이다. 태극 서관은 신지식 보급과 민족의식 고취를 위해 이 단체가 운영한 기관이다. 인재 양성을 위해 대성 학교도 설립한 이 단체에 대해 말해 볼까요? 광고에는 안창호, 양기탁 등의 이름이 보이다.\n교사의 질문에 대한 학생의 답변으로 옳은 것은?\n민립 대학 설립 운동을 전개하였다.\n러시아의 절영도 조차 요구를 저지하였다.\n파리 강화 회의에 독립 청원서를 제출하였다.\n안창호, 양기탁 등이 비밀 결사로 조직하였다.\n국문 연구소를 세워 한글의 문자 체계를 정리하였다.""}, {""problem_id"": ""cj_v41_0835"", ""full_text"": ""(가) 은/는독립관에서 경축 모임을 열었다. 회장은 모임을 여는 큰 뜻을 설명하였다. “오늘은 황제 폐하께서 대황제라는 존귀한 칭호를 갖게 되신 계천(繼天) 경축일이니, 대한의 신민은 이를 크게 경축드립니다. 우리는 관민 공동회에서 황실을 공고히 하고 인민을 문명 개화시기며 영토를 보존하고자 여섯 개 조항의 의견안을 바쳤습니다. '과고 말하였다. 이어 회원들은 조칙 5조와 헌의 6조 10만 장을 인쇄하여 온 나라에 널리 배포하고 학생들에게 그것을 배우고 익히도록 하였다. 경축연을 마친 회원들은 울긋불긋한 종이꽃을 머리에 꽂은 채 국기와 (가) 의 깃발을 세우고 경축기를 부르며 인화문 앞으로 가서 만세를 외치고 종로의 만민 공동회로 갔다\n(가) 단체에 대한 설명으로 옳은 것은?\n일제의 황무지 개간권 요구를 저지시켰다.\n러시아의 절영도 조차 요구에 반대하였다.\n태극 서관을 설립하여 계몽 서적을 보급하였다.\n민립 대학 설립을 위한 모금 운동을 전개하였다.\n조소앙의 삼균주의를 기초로 건국 강령을 발표하였다.""}]",source-candidate:205f497c65427ef835af,THESAURUS:TERM:10490041:sha256-1022516a18f91e61,THESAURUS,4,거제도조차사건,name,name_ngram,0.275238,UNKNOWN,"[""거제도조차사건""]","[""巨濟島租借事件""]","[""대한제국기""]",,,[],,"{""term_name"": ""거제도조차사건"", ""hanja"": ""巨濟島租借事件"", ""era"": ""대한제국기"", ""thesaurus_category"": ""외교·국제관계>외교협상·협약>대한제국기"", ""description"": ""1900년(고종 37) 마산항(馬山港)과 거제도 조차문제를 둘러싼 일본과 러시아간의 이권대립사건."", ""term_year"": ""1900""}","[{""left_source_candidate_id"": ""source-candidate:205f497c65427ef835af"", ""right_source_candidate_id"": ""source-candidate:c74e44a255ce7cb5eb23"", ""signals"": [""normalized_name_match"", ""era_overlap""], ""conflicts"": [], ""merge_eligible"": true}]",EVIDENCE_ONLY,,,,REL_153,거제도 조차 사건,Event,
83,gold-case:cce3732d3690f196363d,term-review-task:45839fe2c7c320076ced,resolution-case:45a96646de78a05a3ad7,절영도 조차 요구,사건,"[{""problem_id"": ""cj_v41_0077"", ""full_text"": ""이것은 일제로부터 도입한 차관을 갚기 위해 일어난 이 운동을 기념하여 대구에 세운 조형물이다. 개화 지식인, 상인, 여성이 엽전을 떠받치고 있는 모습으로 형상화되었다.\n‘이 운동’에 대한 설명으로 옳은 것은?\n황국 중앙 총상회의 주도로 전개 되었다.\n러시아의 절영도 조차 요구에 반대하였다.\n조선 총독부의 방해와 탄압으로 실패하였다.\n대한매일신보 등 당시 언론이 적극적으로 참여하였다.\n일본, 프랑스 등의 노동 단체로부터 격러 전문을 받았다.""}, {""problem_id"": ""cj_v41_0744"", ""full_text"": ""이것은 대한매일신보에 태극 서관이 게재한 서적 할인 광고이다. 태극 서관은 신지식 보급과 민족의식 고취를 위해 이 단체가 운영한 기관이다. 인재 양성을 위해 대성 학교도 설립한 이 단체에 대해 말해 볼까요? 광고에는 안창호, 양기탁 등의 이름이 보이다.\n교사의 질문에 대한 학생의 답변으로 옳은 것은?\n민립 대학 설립 운동을 전개하였다.\n러시아의 절영도 조차 요구를 저지하였다.\n파리 강화 회의에 독립 청원서를 제출하였다.\n안창호, 양기탁 등이 비밀 결사로 조직하였다.\n국문 연구소를 세워 한글의 문자 체계를 정리하였다.""}, {""problem_id"": ""cj_v41_0835"", ""full_text"": ""(가) 은/는독립관에서 경축 모임을 열었다. 회장은 모임을 여는 큰 뜻을 설명하였다. “오늘은 황제 폐하께서 대황제라는 존귀한 칭호를 갖게 되신 계천(繼天) 경축일이니, 대한의 신민은 이를 크게 경축드립니다. 우리는 관민 공동회에서 황실을 공고히 하고 인민을 문명 개화시기며 영토를 보존하고자 여섯 개 조항의 의견안을 바쳤습니다. '과고 말하였다. 이어 회원들은 조칙 5조와 헌의 6조 10만 장을 인쇄하여 온 나라에 널리 배포하고 학생들에게 그것을 배우고 익히도록 하였다. 경축연을 마친 회원들은 울긋불긋한 종이꽃을 머리에 꽂은 채 국기와 (가) 의 깃발을 세우고 경축기를 부르며 인화문 앞으로 가서 만세를 외치고 종로의 만민 공동회로 갔다\n(가) 단체에 대한 설명으로 옳은 것은?\n일제의 황무지 개간권 요구를 저지시켰다.\n러시아의 절영도 조차 요구에 반대하였다.\n태극 서관을 설립하여 계몽 서적을 보급하였다.\n민립 대학 설립을 위한 모금 운동을 전개하였다.\n조소앙의 삼균주의를 기초로 건국 강령을 발표하였다.""}]",source-candidate:0c4065c9a22e7f4ebfc8,AKS:ARTICLE:E0037296:sha256-704d8ea620c542f5,AKS,5,절영도,name,name_ngram,0.282,CONFLICT,"[""영도"", ""절영도""]","[""影島""]",[],,,[],Place,"{""headword"": ""영도"", ""aliases"": [""절영도""], ""origin"": ""影島"", ""headword_origin"": ""영도(影島)"", ""primary_type"": ""지명/자연지명"", ""era"": ""미상"", ""definition"": ""부산광역시 영도구에 있는 섬.""}","[{""left_source_candidate_id"": ""source-candidate:0c4065c9a22e7f4ebfc8"", ""right_source_candidate_id"": ""source-candidate:4ac6789bf785078092f8"", ""signals"": [], ""conflicts"": [""entity_type_conflict""], ""merge_eligible"": false}, {""left_source_candidate_id"": ""source-candidate:0c4065c9a22e7f4ebfc8"", ""right_source_candidate_id"": ""source-candidate:c74e44a255ce7cb5eb23"", ""signals"": [], ""conflicts"": [""entity_type_conflict""], ""merge_eligible"": false}]",EVIDENCE_ONLY,,,,REL_152,절영도,Place,
84,gold-case:63f1377d47114631273c,term-review-task:fec1858601ee2ea894a6,resolution-case:5c7ef2102ca18ab7ccdb,독립신문,문헌,"[{""problem_id"": ""cj_v41_0265"", ""full_text"": ""(가) 대왕대비께서 전교하기를, “이번에 이렇게 만동묘를 철폐하고 다른 곳으로 옮기 모시는 것에 대해서 선현의 혼령이 알게 되더라도 올바른 예법이라고 여기고 유감이 없을 것이다.”라고 하였다. (나) 최익현이 상소를 올려 대원군의 잘못을 탄핵하기를, “만약 그 지위가 아닌데도 국정에 괸여하는 지는 단지 그 지위와 녹을 중요하게 여기기 때문이다.”라고 하였다. 왕은 너그러운 비답을 내려 특별히 그를 호조 참판에 발탁하고 총애하였다.\n(가), (나) 사이의 시기에 있었던 사실로 옳은 것은?\n신식 군대인 별기군이 창설되었다.\n서재필 등이 독립신문을 발행하였다.\n종로와 전국 각지에 척화비가 세워졌다.\n김옥균 등 개화 세력이 정변을 일으켰다.\n조청 상민 수륙 무역 장정을 체결하였다.""}, {""problem_id"": ""cj_v41_0280"", ""full_text"": ""(가) 북간도에 주둔한 이군 7백 명은 북로 사령부 소재지인 봉오동을 향해 행군하다가 적군 3백 명을 발견하였다. 아군을 지휘하는 홍범도, 최진동 두 장군은 즉시 적을 공격하여 120여 명을 살상하고 도주하는 적을 추격하였다. - 독립신문 - (나) 조선 혁명군 총사령 양세봉, 참모장 김학규 등은 병력을 이끌고 중국 의용군과 합세하였다. - 아군은 승세를 몰아 적들을 30여 리 정도 추격한 끝에 영릉가성을 점령하였다. - 과보 0 그\n(가), (나) 사이의 시기에 있었던 사실로 옳지 않은 것은?\n자유시 참변 이후 3부가 조직되었다.\n일본군의 보복으로 간도 참변이 발생하였다.\n독립군 연합 부대가 청산리에서 큰 승리를 거두었다.\n일제가 독립군을 탄압하고자 미쓰야 협정을 체결하였다.\n스탈린에 의해 많은 한인이 중앙아시아로 강제 이주되었다.""}, {""problem_id"": ""cj_v41_0362"", ""full_text"": ""오늘 화약을 체결했으니 전주성에서 물러가시오. 알겠소. 폐정 개혁과 농민군의 신변 보장을 해 주시오. (가) 어제 군국기무처에서 과거제를 폐지했다고 하네. 앞으로 인재 등용에 큰 변화가 있겠군.\n(가) 시기에 있었던 사실로 옳은 것은?\n교정청이 설치되었다.\n독립신문이 창간되었다.\n한성 전기 회사가 설립되었다.\n시모노세키 조약이 체결되었다.\n건양이라는 연호가 제정되었다.""}]",source-candidate:2da2c926211922ab1b54,AKS:ARTICLE:E0015984:sha256-704d8ea620c542f5,AKS,1,독립신문,name,exact,1.0,COMPATIBLE,"[""독립신문""]","[""獨立新聞""]","[""근대"", ""개항기""]",,,[],Work,"{""headword"": ""독립신문"", ""origin"": ""獨立新聞"", ""headword_origin"": ""독립신문(獨立新聞)"", ""primary_type"": ""문헌/연속간행물"", ""era"": ""근대/개항기"", ""definition"": ""1896년에, 창간된 우리나라 최초의 민간 신문.""}","[{""left_source_candidate_id"": ""source-candidate:1ec1a63dfe1a21772d06"", ""right_source_candidate_id"": ""source-candidate:2da2c926211922ab1b54"", ""signals"": [""normalized_name_match"", ""hanja_match"", ""era_overlap""], ""conflicts"": [], ""merge_eligible"": true}, {""left_source_candidate_id"": ""source-candidate:2da2c926211922ab1b54"", ""right_source_candidate_id"": ""source-candidate:42f38d5c07d9dc2bad07"", ""signals"": [""normalized_name_match"", ""hanja_match""], ""conflicts"": [], ""merge_eligible"": true}, {""left_source_candidate_id"": ""source-candidate:2da2c926211922ab1b54"", ""right_source_candidate_id"": ""source-candidate:84c0ba7e4b89b6c56dc3"", ""signals"": [""normalized_name_match"", ""hanja_match""], ""conflicts"": [], ""merge_eligible"": true}, {""left_source_candidate_id"": ""source-candidate:2da2c926211922ab1b54"", ""right_source_candidate_id"": ""source-candidate:98533f2434457f141c25"", ""signals"": [""normalized_name_match"", ""hanja_match""], ""conflicts"": [], ""merge_eligible"": true}]",EVIDENCE_ONLY,,,,REL_154,독립신문(1896),Work,
84,gold-case:63f1377d47114631273c,term-review-task:fec1858601ee2ea894a6,resolution-case:5c7ef2102ca18ab7ccdb,독립신문,문헌,"[{""problem_id"": ""cj_v41_0265"", ""full_text"": ""(가) 대왕대비께서 전교하기를, “이번에 이렇게 만동묘를 철폐하고 다른 곳으로 옮기 모시는 것에 대해서 선현의 혼령이 알게 되더라도 올바른 예법이라고 여기고 유감이 없을 것이다.”라고 하였다. (나) 최익현이 상소를 올려 대원군의 잘못을 탄핵하기를, “만약 그 지위가 아닌데도 국정에 괸여하는 지는 단지 그 지위와 녹을 중요하게 여기기 때문이다.”라고 하였다. 왕은 너그러운 비답을 내려 특별히 그를 호조 참판에 발탁하고 총애하였다.\n(가), (나) 사이의 시기에 있었던 사실로 옳은 것은?\n신식 군대인 별기군이 창설되었다.\n서재필 등이 독립신문을 발행하였다.\n종로와 전국 각지에 척화비가 세워졌다.\n김옥균 등 개화 세력이 정변을 일으켰다.\n조청 상민 수륙 무역 장정을 체결하였다.""}, {""problem_id"": ""cj_v41_0280"", ""full_text"": ""(가) 북간도에 주둔한 이군 7백 명은 북로 사령부 소재지인 봉오동을 향해 행군하다가 적군 3백 명을 발견하였다. 아군을 지휘하는 홍범도, 최진동 두 장군은 즉시 적을 공격하여 120여 명을 살상하고 도주하는 적을 추격하였다. - 독립신문 - (나) 조선 혁명군 총사령 양세봉, 참모장 김학규 등은 병력을 이끌고 중국 의용군과 합세하였다. - 아군은 승세를 몰아 적들을 30여 리 정도 추격한 끝에 영릉가성을 점령하였다. - 과보 0 그\n(가), (나) 사이의 시기에 있었던 사실로 옳지 않은 것은?\n자유시 참변 이후 3부가 조직되었다.\n일본군의 보복으로 간도 참변이 발생하였다.\n독립군 연합 부대가 청산리에서 큰 승리를 거두었다.\n일제가 독립군을 탄압하고자 미쓰야 협정을 체결하였다.\n스탈린에 의해 많은 한인이 중앙아시아로 강제 이주되었다.""}, {""problem_id"": ""cj_v41_0362"", ""full_text"": ""오늘 화약을 체결했으니 전주성에서 물러가시오. 알겠소. 폐정 개혁과 농민군의 신변 보장을 해 주시오. (가) 어제 군국기무처에서 과거제를 폐지했다고 하네. 앞으로 인재 등용에 큰 변화가 있겠군.\n(가) 시기에 있었던 사실로 옳은 것은?\n교정청이 설치되었다.\n독립신문이 창간되었다.\n한성 전기 회사가 설립되었다.\n시모노세키 조약이 체결되었다.\n건양이라는 연호가 제정되었다.""}]",source-candidate:67d3d58994dbeb654cb9,AKS:ARTICLE:E0015985:sha256-704d8ea620c542f5,AKS,2,독립신문,name,exact,1.0,COMPATIBLE,"[""독립신문""]","[""獨立新聞""]","[""근대"", ""일제강점기""]",,,[],Work,"{""headword"": ""독립신문"", ""origin"": ""獨立新聞"", ""headword_origin"": ""독립신문(獨立新聞)"", ""primary_type"": ""문헌/연속간행물"", ""era"": ""근대/일제강점기"", ""definition"": ""1919년에, 블라디보스토크에서 장기영 등이 민족정신을 고취시키기 위하여 창간한 신문.""}","[{""left_source_candidate_id"": ""source-candidate:1ec1a63dfe1a21772d06"", ""right_source_candidate_id"": ""source-candidate:67d3d58994dbeb654cb9"", ""signals"": [""normalized_name_match"", ""hanja_match"", ""era_overlap""], ""conflicts"": [], ""merge_eligible"": true}, {""left_source_candidate_id"": ""source-candidate:42f38d5c07d9dc2bad07"", ""right_source_candidate_id"": ""source-candidate:67d3d58994dbeb654cb9"", ""signals"": [""normalized_name_match"", ""hanja_match""], ""conflicts"": [], ""merge_eligible"": true}, {""left_source_candidate_id"": ""source-candidate:67d3d58994dbeb654cb9"", ""right_source_candidate_id"": ""source-candidate:84c0ba7e4b89b6c56dc3"", ""signals"": [""normalized_name_match"", ""hanja_match""], ""conflicts"": [], ""merge_eligible"": true}, {""left_source_candidate_id"": ""source-candidate:67d3d58994dbeb654cb9"", ""right_source_candidate_id"": ""source-candidate:98533f2434457f141c25"", ""signals"": [""normalized_name_match"", ""hanja_match""], ""conflicts"": [], ""merge_eligible"": true}]",EVIDENCE_ONLY,,,,REL_157,독립신문(1919 블라디보스토크),Work,
84,gold-case:63f1377d47114631273c,term-review-task:fec1858601ee2ea894a6,resolution-case:5c7ef2102ca18ab7ccdb,독립신문,문헌,"[{""problem_id"": ""cj_v41_0265"", ""full_text"": ""(가) 대왕대비께서 전교하기를, “이번에 이렇게 만동묘를 철폐하고 다른 곳으로 옮기 모시는 것에 대해서 선현의 혼령이 알게 되더라도 올바른 예법이라고 여기고 유감이 없을 것이다.”라고 하였다. (나) 최익현이 상소를 올려 대원군의 잘못을 탄핵하기를, “만약 그 지위가 아닌데도 국정에 괸여하는 지는 단지 그 지위와 녹을 중요하게 여기기 때문이다.”라고 하였다. 왕은 너그러운 비답을 내려 특별히 그를 호조 참판에 발탁하고 총애하였다.\n(가), (나) 사이의 시기에 있었던 사실로 옳은 것은?\n신식 군대인 별기군이 창설되었다.\n서재필 등이 독립신문을 발행하였다.\n종로와 전국 각지에 척화비가 세워졌다.\n김옥균 등 개화 세력이 정변을 일으켰다.\n조청 상민 수륙 무역 장정을 체결하였다.""}, {""problem_id"": ""cj_v41_0280"", ""full_text"": ""(가) 북간도에 주둔한 이군 7백 명은 북로 사령부 소재지인 봉오동을 향해 행군하다가 적군 3백 명을 발견하였다. 아군을 지휘하는 홍범도, 최진동 두 장군은 즉시 적을 공격하여 120여 명을 살상하고 도주하는 적을 추격하였다. - 독립신문 - (나) 조선 혁명군 총사령 양세봉, 참모장 김학규 등은 병력을 이끌고 중국 의용군과 합세하였다. - 아군은 승세를 몰아 적들을 30여 리 정도 추격한 끝에 영릉가성을 점령하였다. - 과보 0 그\n(가), (나) 사이의 시기에 있었던 사실로 옳지 않은 것은?\n자유시 참변 이후 3부가 조직되었다.\n일본군의 보복으로 간도 참변이 발생하였다.\n독립군 연합 부대가 청산리에서 큰 승리를 거두었다.\n일제가 독립군을 탄압하고자 미쓰야 협정을 체결하였다.\n스탈린에 의해 많은 한인이 중앙아시아로 강제 이주되었다.""}, {""problem_id"": ""cj_v41_0362"", ""full_text"": ""오늘 화약을 체결했으니 전주성에서 물러가시오. 알겠소. 폐정 개혁과 농민군의 신변 보장을 해 주시오. (가) 어제 군국기무처에서 과거제를 폐지했다고 하네. 앞으로 인재 등용에 큰 변화가 있겠군.\n(가) 시기에 있었던 사실로 옳은 것은?\n교정청이 설치되었다.\n독립신문이 창간되었다.\n한성 전기 회사가 설립되었다.\n시모노세키 조약이 체결되었다.\n건양이라는 연호가 제정되었다.""}]",source-candidate:2715c10fff758e7edf79,AKS:ARTICLE:E0015986:sha256-704d8ea620c542f5,AKS,3,독립신문,name,exact,1.0,COMPATIBLE,"[""독립신문""]","[""獨立新聞""]","[""근대"", ""일제강점기""]",,,[],Work,"{""headword"": ""독립신문"", ""origin"": ""獨立新聞"", ""headword_origin"": ""독립신문(獨立新聞)"", ""primary_type"": ""문헌/연속간행물"", ""era"": ""근대/일제강점기"", ""definition"": ""1919년에, 중국 상해에서 이광수가 민족정신을 고취시키기 위하여 창간한 신문.""}","[{""left_source_candidate_id"": ""source-candidate:1ec1a63dfe1a21772d06"", ""right_source_candidate_id"": ""source-candidate:2715c10fff758e7edf79"", ""signals"": [""normalized_name_match"", ""hanja_match"", ""era_overlap""], ""conflicts"": [], ""merge_eligible"": true}, {""left_source_candidate_id"": ""source-candidate:2715c10fff758e7edf79"", ""right_source_candidate_id"": ""source-candidate:42f38d5c07d9dc2bad07"", ""signals"": [""normalized_name_match"", ""hanja_match""], ""conflicts"": [], ""merge_eligible"": true}, {""left_source_candidate_id"": ""source-candidate:2715c10fff758e7edf79"", ""right_source_candidate_id"": ""source-candidate:84c0ba7e4b89b6c56dc3"", ""signals"": [""normalized_name_match"", ""hanja_match""], ""conflicts"": [], ""merge_eligible"": true}, {""left_source_candidate_id"": ""source-candidate:2715c10fff758e7edf79"", ""right_source_candidate_id"": ""source-candidate:98533f2434457f141c25"", ""signals"": [""normalized_name_match"", ""hanja_match""], ""conflicts"": [], ""merge_eligible"": true}]",IDENTITY_MEMBER,ALT_155,독립신문(1919 상해),Work,,,,
84,gold-case:63f1377d47114631273c,term-review-task:fec1858601ee2ea894a6,resolution-case:5c7ef2102ca18ab7ccdb,독립신문,문헌,"[{""problem_id"": ""cj_v41_0265"", ""full_text"": ""(가) 대왕대비께서 전교하기를, “이번에 이렇게 만동묘를 철폐하고 다른 곳으로 옮기 모시는 것에 대해서 선현의 혼령이 알게 되더라도 올바른 예법이라고 여기고 유감이 없을 것이다.”라고 하였다. (나) 최익현이 상소를 올려 대원군의 잘못을 탄핵하기를, “만약 그 지위가 아닌데도 국정에 괸여하는 지는 단지 그 지위와 녹을 중요하게 여기기 때문이다.”라고 하였다. 왕은 너그러운 비답을 내려 특별히 그를 호조 참판에 발탁하고 총애하였다.\n(가), (나) 사이의 시기에 있었던 사실로 옳은 것은?\n신식 군대인 별기군이 창설되었다.\n서재필 등이 독립신문을 발행하였다.\n종로와 전국 각지에 척화비가 세워졌다.\n김옥균 등 개화 세력이 정변을 일으켰다.\n조청 상민 수륙 무역 장정을 체결하였다.""}, {""problem_id"": ""cj_v41_0280"", ""full_text"": ""(가) 북간도에 주둔한 이군 7백 명은 북로 사령부 소재지인 봉오동을 향해 행군하다가 적군 3백 명을 발견하였다. 아군을 지휘하는 홍범도, 최진동 두 장군은 즉시 적을 공격하여 120여 명을 살상하고 도주하는 적을 추격하였다. - 독립신문 - (나) 조선 혁명군 총사령 양세봉, 참모장 김학규 등은 병력을 이끌고 중국 의용군과 합세하였다. - 아군은 승세를 몰아 적들을 30여 리 정도 추격한 끝에 영릉가성을 점령하였다. - 과보 0 그\n(가), (나) 사이의 시기에 있었던 사실로 옳지 않은 것은?\n자유시 참변 이후 3부가 조직되었다.\n일본군의 보복으로 간도 참변이 발생하였다.\n독립군 연합 부대가 청산리에서 큰 승리를 거두었다.\n일제가 독립군을 탄압하고자 미쓰야 협정을 체결하였다.\n스탈린에 의해 많은 한인이 중앙아시아로 강제 이주되었다.""}, {""problem_id"": ""cj_v41_0362"", ""full_text"": ""오늘 화약을 체결했으니 전주성에서 물러가시오. 알겠소. 폐정 개혁과 농민군의 신변 보장을 해 주시오. (가) 어제 군국기무처에서 과거제를 폐지했다고 하네. 앞으로 인재 등용에 큰 변화가 있겠군.\n(가) 시기에 있었던 사실로 옳은 것은?\n교정청이 설치되었다.\n독립신문이 창간되었다.\n한성 전기 회사가 설립되었다.\n시모노세키 조약이 체결되었다.\n건양이라는 연호가 제정되었다.""}]",source-candidate:0ac3b3c7cf00d450ffcb,AKS:ARTICLE:E0015987:sha256-704d8ea620c542f5,AKS,4,독립신문,name,exact,1.0,COMPATIBLE,"[""독립신문""]","[""獨立新聞""]","[""현대""]",,,[],Work,"{""headword"": ""독립신문"", ""origin"": ""獨立新聞"", ""headword_origin"": ""독립신문(獨立新聞)"", ""primary_type"": ""문헌/연속간행물"", ""era"": ""현대"", ""definition"": ""1945년에, 서울에서 김승학이 국민 여론의 환기(喚起) 정도(正導) 등을 사시로 창간한 일간 신문.""}","[{""left_source_candidate_id"": ""source-candidate:0ac3b3c7cf00d450ffcb"", ""right_source_candidate_id"": ""source-candidate:1ec1a63dfe1a21772d06"", ""signals"": [""normalized_name_match"", ""hanja_match""], ""conflicts"": [], ""merge_eligible"": true}, {""left_source_candidate_id"": ""source-candidate:0ac3b3c7cf00d450ffcb"", ""right_source_candidate_id"": ""source-candidate:42f38d5c07d9dc2bad07"", ""signals"": [""normalized_name_match"", ""hanja_match"", ""era_overlap""], ""conflicts"": [], ""merge_eligible"": true}, {""left_source_candidate_id"": ""source-candidate:0ac3b3c7cf00d450ffcb"", ""right_source_candidate_id"": ""source-candidate:84c0ba7e4b89b6c56dc3"", ""signals"": [""normalized_name_match"", ""hanja_match""], ""conflicts"": [], ""merge_eligible"": true}, {""left_source_candidate_id"": ""source-candidate:0ac3b3c7cf00d450ffcb"", ""right_source_candidate_id"": ""source-candidate:98533f2434457f141c25"", ""signals"": [""normalized_name_match"", ""hanja_match""], ""conflicts"": [], ""merge_eligible"": true}]",EVIDENCE_ONLY,,,,REL_156,독립신문(1945),Work,
84,gold-case:63f1377d47114631273c,term-review-task:fec1858601ee2ea894a6,resolution-case:5c7ef2102ca18ab7ccdb,독립신문,문헌,"[{""problem_id"": ""cj_v41_0265"", ""full_text"": ""(가) 대왕대비께서 전교하기를, “이번에 이렇게 만동묘를 철폐하고 다른 곳으로 옮기 모시는 것에 대해서 선현의 혼령이 알게 되더라도 올바른 예법이라고 여기고 유감이 없을 것이다.”라고 하였다. (나) 최익현이 상소를 올려 대원군의 잘못을 탄핵하기를, “만약 그 지위가 아닌데도 국정에 괸여하는 지는 단지 그 지위와 녹을 중요하게 여기기 때문이다.”라고 하였다. 왕은 너그러운 비답을 내려 특별히 그를 호조 참판에 발탁하고 총애하였다.\n(가), (나) 사이의 시기에 있었던 사실로 옳은 것은?\n신식 군대인 별기군이 창설되었다.\n서재필 등이 독립신문을 발행하였다.\n종로와 전국 각지에 척화비가 세워졌다.\n김옥균 등 개화 세력이 정변을 일으켰다.\n조청 상민 수륙 무역 장정을 체결하였다.""}, {""problem_id"": ""cj_v41_0280"", ""full_text"": ""(가) 북간도에 주둔한 이군 7백 명은 북로 사령부 소재지인 봉오동을 향해 행군하다가 적군 3백 명을 발견하였다. 아군을 지휘하는 홍범도, 최진동 두 장군은 즉시 적을 공격하여 120여 명을 살상하고 도주하는 적을 추격하였다. - 독립신문 - (나) 조선 혁명군 총사령 양세봉, 참모장 김학규 등은 병력을 이끌고 중국 의용군과 합세하였다. - 아군은 승세를 몰아 적들을 30여 리 정도 추격한 끝에 영릉가성을 점령하였다. - 과보 0 그\n(가), (나) 사이의 시기에 있었던 사실로 옳지 않은 것은?\n자유시 참변 이후 3부가 조직되었다.\n일본군의 보복으로 간도 참변이 발생하였다.\n독립군 연합 부대가 청산리에서 큰 승리를 거두었다.\n일제가 독립군을 탄압하고자 미쓰야 협정을 체결하였다.\n스탈린에 의해 많은 한인이 중앙아시아로 강제 이주되었다.""}, {""problem_id"": ""cj_v41_0362"", ""full_text"": ""오늘 화약을 체결했으니 전주성에서 물러가시오. 알겠소. 폐정 개혁과 농민군의 신변 보장을 해 주시오. (가) 어제 군국기무처에서 과거제를 폐지했다고 하네. 앞으로 인재 등용에 큰 변화가 있겠군.\n(가) 시기에 있었던 사실로 옳은 것은?\n교정청이 설치되었다.\n독립신문이 창간되었다.\n한성 전기 회사가 설립되었다.\n시모노세키 조약이 체결되었다.\n건양이라는 연호가 제정되었다.""}]",source-candidate:84c0ba7e4b89b6c56dc3,THESAURUS:TERM:10496122:sha256-1022516a18f91e61,THESAURUS,5,독립신문,name,exact,1.0,UNKNOWN,"[""독립신문""]","[""獨立新聞""]","[""일제시기""]",,,[],,"{""term_name"": ""독립신문"", ""hanja"": ""獨立新聞"", ""era"": ""일제시기"", ""thesaurus_category"": ""문화·예술>언론·출판"", ""description"": ""1919년에 블라디보스토크(Vladivostok)에서 장기영(張基永)과 김학현(金學鉉) 등이 반일운동과 민족정신을 고취시키기 위하여 창간한 신문."", ""term_year"": ""1919-?"", ""term_remark"": ""1919""}","[{""left_source_candidate_id"": ""source-candidate:0ac3b3c7cf00d450ffcb"", ""right_source_candidate_id"": ""source-candidate:84c0ba7e4b89b6c56dc3"", ""signals"": [""normalized_name_match"", ""hanja_match""], ""conflicts"": [], ""merge_eligible"": true}, {""left_source_candidate_id"": ""source-candidate:2715c10fff758e7edf79"", ""right_source_candidate_id"": ""source-candidate:84c0ba7e4b89b6c56dc3"", ""signals"": [""normalized_name_match"", ""hanja_match""], ""conflicts"": [], ""merge_eligible"": true}, {""left_source_candidate_id"": ""source-candidate:2da2c926211922ab1b54"", ""right_source_candidate_id"": ""source-candidate:84c0ba7e4b89b6c56dc3"", ""signals"": [""normalized_name_match"", ""hanja_match""], ""conflicts"": [], ""merge_eligible"": true}, {""left_source_candidate_id"": ""source-candidate:67d3d58994dbeb654cb9"", ""right_source_candidate_id"": ""source-candidate:84c0ba7e4b89b6c56dc3"", ""signals"": [""normalized_name_match"", ""hanja_match""], ""conflicts"": [], ""merge_eligible"": true}]",IDENTITY_MEMBER,,,,REL_157,독립신문(1919 블라디보스토크),Work,
84,gold-case:63f1377d47114631273c,term-review-task:fec1858601ee2ea894a6,resolution-case:5c7ef2102ca18ab7ccdb,독립신문,문헌,"[{""problem_id"": ""cj_v41_0265"", ""full_text"": ""(가) 대왕대비께서 전교하기를, “이번에 이렇게 만동묘를 철폐하고 다른 곳으로 옮기 모시는 것에 대해서 선현의 혼령이 알게 되더라도 올바른 예법이라고 여기고 유감이 없을 것이다.”라고 하였다. (나) 최익현이 상소를 올려 대원군의 잘못을 탄핵하기를, “만약 그 지위가 아닌데도 국정에 괸여하는 지는 단지 그 지위와 녹을 중요하게 여기기 때문이다.”라고 하였다. 왕은 너그러운 비답을 내려 특별히 그를 호조 참판에 발탁하고 총애하였다.\n(가), (나) 사이의 시기에 있었던 사실로 옳은 것은?\n신식 군대인 별기군이 창설되었다.\n서재필 등이 독립신문을 발행하였다.\n종로와 전국 각지에 척화비가 세워졌다.\n김옥균 등 개화 세력이 정변을 일으켰다.\n조청 상민 수륙 무역 장정을 체결하였다.""}, {""problem_id"": ""cj_v41_0280"", ""full_text"": ""(가) 북간도에 주둔한 이군 7백 명은 북로 사령부 소재지인 봉오동을 향해 행군하다가 적군 3백 명을 발견하였다. 아군을 지휘하는 홍범도, 최진동 두 장군은 즉시 적을 공격하여 120여 명을 살상하고 도주하는 적을 추격하였다. - 독립신문 - (나) 조선 혁명군 총사령 양세봉, 참모장 김학규 등은 병력을 이끌고 중국 의용군과 합세하였다. - 아군은 승세를 몰아 적들을 30여 리 정도 추격한 끝에 영릉가성을 점령하였다. - 과보 0 그\n(가), (나) 사이의 시기에 있었던 사실로 옳지 않은 것은?\n자유시 참변 이후 3부가 조직되었다.\n일본군의 보복으로 간도 참변이 발생하였다.\n독립군 연합 부대가 청산리에서 큰 승리를 거두었다.\n일제가 독립군을 탄압하고자 미쓰야 협정을 체결하였다.\n스탈린에 의해 많은 한인이 중앙아시아로 강제 이주되었다.""}, {""problem_id"": ""cj_v41_0362"", ""full_text"": ""오늘 화약을 체결했으니 전주성에서 물러가시오. 알겠소. 폐정 개혁과 농민군의 신변 보장을 해 주시오. (가) 어제 군국기무처에서 과거제를 폐지했다고 하네. 앞으로 인재 등용에 큰 변화가 있겠군.\n(가) 시기에 있었던 사실로 옳은 것은?\n교정청이 설치되었다.\n독립신문이 창간되었다.\n한성 전기 회사가 설립되었다.\n시모노세키 조약이 체결되었다.\n건양이라는 연호가 제정되었다.""}]",source-candidate:42f38d5c07d9dc2bad07,THESAURUS:TERM:3496:sha256-1022516a18f91e61,THESAURUS,6,독립신문,name,exact,1.0,UNKNOWN,"[""독립신문""]","[""獨立新聞""]","[""현대""]",,,[],,"{""term_name"": ""독립신문"", ""hanja"": ""獨立新聞"", ""era"": ""현대"", ""thesaurus_category"": ""문화·예술>언론·출판"", ""description"": ""1945년 10월 11일 김승학(金承學)이 발행하여 우익 정론지로서의 역할을 한 신문."", ""term_year"": ""1945-1949"", ""term_remark"": ""1945""}","[{""left_source_candidate_id"": ""source-candidate:0ac3b3c7cf00d450ffcb"", ""right_source_candidate_id"": ""source-candidate:42f38d5c07d9dc2bad07"", ""signals"": [""normalized_name_match"", ""hanja_match"", ""era_overlap""], ""conflicts"": [], ""merge_eligible"": true}, {""left_source_candidate_id"": ""source-candidate:2715c10fff758e7edf79"", ""right_source_candidate_id"": ""source-candidate:42f38d5c07d9dc2bad07"", ""signals"": [""normalized_name_match"", ""hanja_match""], ""conflicts"": [], ""merge_eligible"": true}, {""left_source_candidate_id"": ""source-candidate:2da2c926211922ab1b54"", ""right_source_candidate_id"": ""source-candidate:42f38d5c07d9dc2bad07"", ""signals"": [""normalized_name_match"", ""hanja_match""], ""conflicts"": [], ""merge_eligible"": true}, {""left_source_candidate_id"": ""source-candidate:42f38d5c07d9dc2bad07"", ""right_source_candidate_id"": ""source-candidate:67d3d58994dbeb654cb9"", ""signals"": [""normalized_name_match"", ""hanja_match""], ""conflicts"": [], ""merge_eligible"": true}]",EVIDENCE_ONLY,,,,REL_156,독립신문(1945),Work,
84,gold-case:63f1377d47114631273c,term-review-task:fec1858601ee2ea894a6,resolution-case:5c7ef2102ca18ab7ccdb,독립신문,문헌,"[{""problem_id"": ""cj_v41_0265"", ""full_text"": ""(가) 대왕대비께서 전교하기를, “이번에 이렇게 만동묘를 철폐하고 다른 곳으로 옮기 모시는 것에 대해서 선현의 혼령이 알게 되더라도 올바른 예법이라고 여기고 유감이 없을 것이다.”라고 하였다. (나) 최익현이 상소를 올려 대원군의 잘못을 탄핵하기를, “만약 그 지위가 아닌데도 국정에 괸여하는 지는 단지 그 지위와 녹을 중요하게 여기기 때문이다.”라고 하였다. 왕은 너그러운 비답을 내려 특별히 그를 호조 참판에 발탁하고 총애하였다.\n(가), (나) 사이의 시기에 있었던 사실로 옳은 것은?\n신식 군대인 별기군이 창설되었다.\n서재필 등이 독립신문을 발행하였다.\n종로와 전국 각지에 척화비가 세워졌다.\n김옥균 등 개화 세력이 정변을 일으켰다.\n조청 상민 수륙 무역 장정을 체결하였다.""}, {""problem_id"": ""cj_v41_0280"", ""full_text"": ""(가) 북간도에 주둔한 이군 7백 명은 북로 사령부 소재지인 봉오동을 향해 행군하다가 적군 3백 명을 발견하였다. 아군을 지휘하는 홍범도, 최진동 두 장군은 즉시 적을 공격하여 120여 명을 살상하고 도주하는 적을 추격하였다. - 독립신문 - (나) 조선 혁명군 총사령 양세봉, 참모장 김학규 등은 병력을 이끌고 중국 의용군과 합세하였다. - 아군은 승세를 몰아 적들을 30여 리 정도 추격한 끝에 영릉가성을 점령하였다. - 과보 0 그\n(가), (나) 사이의 시기에 있었던 사실로 옳지 않은 것은?\n자유시 참변 이후 3부가 조직되었다.\n일본군의 보복으로 간도 참변이 발생하였다.\n독립군 연합 부대가 청산리에서 큰 승리를 거두었다.\n일제가 독립군을 탄압하고자 미쓰야 협정을 체결하였다.\n스탈린에 의해 많은 한인이 중앙아시아로 강제 이주되었다.""}, {""problem_id"": ""cj_v41_0362"", ""full_text"": ""오늘 화약을 체결했으니 전주성에서 물러가시오. 알겠소. 폐정 개혁과 농민군의 신변 보장을 해 주시오. (가) 어제 군국기무처에서 과거제를 폐지했다고 하네. 앞으로 인재 등용에 큰 변화가 있겠군.\n(가) 시기에 있었던 사실로 옳은 것은?\n교정청이 설치되었다.\n독립신문이 창간되었다.\n한성 전기 회사가 설립되었다.\n시모노세키 조약이 체결되었다.\n건양이라는 연호가 제정되었다.""}]",source-candidate:1ec1a63dfe1a21772d06,THESAURUS:TERM:3498:sha256-1022516a18f91e61,THESAURUS,7,독립신문,name,exact,1.0,UNKNOWN,"[""독립신문""]","[""獨立新聞""]","[""근대""]",,,[],,"{""term_name"": ""독립신문"", ""hanja"": ""獨立新聞"", ""era"": ""근대"", ""thesaurus_category"": ""문화·예술>언론·출판"", ""description"": ""1896년 4월 7일 서재필(徐載弼)과 개화파가 합작하여 창간한 최초의 민간 일간지."", ""term_year"": ""1896-1899"", ""term_remark"": ""1896""}","[{""left_source_candidate_id"": ""source-candidate:0ac3b3c7cf00d450ffcb"", ""right_source_candidate_id"": ""source-candidate:1ec1a63dfe1a21772d06"", ""signals"": [""normalized_name_match"", ""hanja_match""], ""conflicts"": [], ""merge_eligible"": true}, {""left_source_candidate_id"": ""source-candidate:1ec1a63dfe1a21772d06"", ""right_source_candidate_id"": ""source-candidate:2715c10fff758e7edf79"", ""signals"": [""normalized_name_match"", ""hanja_match"", ""era_overlap""], ""conflicts"": [], ""merge_eligible"": true}, {""left_source_candidate_id"": ""source-candidate:1ec1a63dfe1a21772d06"", ""right_source_candidate_id"": ""source-candidate:2da2c926211922ab1b54"", ""signals"": [""normalized_name_match"", ""hanja_match"", ""era_overlap""], ""conflicts"": [], ""merge_eligible"": true}, {""left_source_candidate_id"": ""source-candidate:1ec1a63dfe1a21772d06"", ""right_source_candidate_id"": ""source-candidate:67d3d58994dbeb654cb9"", ""signals"": [""normalized_name_match"", ""hanja_match"", ""era_overlap""], ""conflicts"": [], ""merge_eligible"": true}]",EVIDENCE_ONLY,,,,REL_154,독립신문(1896),Work,
84,gold-case:63f1377d47114631273c,term-review-task:fec1858601ee2ea894a6,resolution-case:5c7ef2102ca18ab7ccdb,독립신문,문헌,"[{""problem_id"": ""cj_v41_0265"", ""full_text"": ""(가) 대왕대비께서 전교하기를, “이번에 이렇게 만동묘를 철폐하고 다른 곳으로 옮기 모시는 것에 대해서 선현의 혼령이 알게 되더라도 올바른 예법이라고 여기고 유감이 없을 것이다.”라고 하였다. (나) 최익현이 상소를 올려 대원군의 잘못을 탄핵하기를, “만약 그 지위가 아닌데도 국정에 괸여하는 지는 단지 그 지위와 녹을 중요하게 여기기 때문이다.”라고 하였다. 왕은 너그러운 비답을 내려 특별히 그를 호조 참판에 발탁하고 총애하였다.\n(가), (나) 사이의 시기에 있었던 사실로 옳은 것은?\n신식 군대인 별기군이 창설되었다.\n서재필 등이 독립신문을 발행하였다.\n종로와 전국 각지에 척화비가 세워졌다.\n김옥균 등 개화 세력이 정변을 일으켰다.\n조청 상민 수륙 무역 장정을 체결하였다.""}, {""problem_id"": ""cj_v41_0280"", ""full_text"": ""(가) 북간도에 주둔한 이군 7백 명은 북로 사령부 소재지인 봉오동을 향해 행군하다가 적군 3백 명을 발견하였다. 아군을 지휘하는 홍범도, 최진동 두 장군은 즉시 적을 공격하여 120여 명을 살상하고 도주하는 적을 추격하였다. - 독립신문 - (나) 조선 혁명군 총사령 양세봉, 참모장 김학규 등은 병력을 이끌고 중국 의용군과 합세하였다. - 아군은 승세를 몰아 적들을 30여 리 정도 추격한 끝에 영릉가성을 점령하였다. - 과보 0 그\n(가), (나) 사이의 시기에 있었던 사실로 옳지 않은 것은?\n자유시 참변 이후 3부가 조직되었다.\n일본군의 보복으로 간도 참변이 발생하였다.\n독립군 연합 부대가 청산리에서 큰 승리를 거두었다.\n일제가 독립군을 탄압하고자 미쓰야 협정을 체결하였다.\n스탈린에 의해 많은 한인이 중앙아시아로 강제 이주되었다.""}, {""problem_id"": ""cj_v41_0362"", ""full_text"": ""오늘 화약을 체결했으니 전주성에서 물러가시오. 알겠소. 폐정 개혁과 농민군의 신변 보장을 해 주시오. (가) 어제 군국기무처에서 과거제를 폐지했다고 하네. 앞으로 인재 등용에 큰 변화가 있겠군.\n(가) 시기에 있었던 사실로 옳은 것은?\n교정청이 설치되었다.\n독립신문이 창간되었다.\n한성 전기 회사가 설립되었다.\n시모노세키 조약이 체결되었다.\n건양이라는 연호가 제정되었다.""}]",source-candidate:98533f2434457f141c25,THESAURUS:TERM:3500:sha256-1022516a18f91e61,THESAURUS,8,독립신문,name,exact,1.0,UNKNOWN,"[""독립신문""]","[""獨立新聞""]","[""일제시기""]",,,[],,"{""term_name"": ""독립신문"", ""hanja"": ""獨立新聞"", ""era"": ""일제시기"", ""thesaurus_category"": ""문화·예술>언론·출판"", ""description"": ""1919년 8월 21일 상해에서 ≪독립≫이란 제호로창간되었다가 같은 해 10월 ≪독립신문≫으로 제호를 바꾼 대한민국임시정부의 기관지."", ""term_year"": ""1919-1925"", ""term_remark"": ""상해""}","[{""left_source_candidate_id"": ""source-candidate:0ac3b3c7cf00d450ffcb"", ""right_source_candidate_id"": ""source-candidate:98533f2434457f141c25"", ""signals"": [""normalized_name_match"", ""hanja_match""], ""conflicts"": [], ""merge_eligible"": true}, {""left_source_candidate_id"": ""source-candidate:2715c10fff758e7edf79"", ""right_source_candidate_id"": ""source-candidate:98533f2434457f141c25"", ""signals"": [""normalized_name_match"", ""hanja_match""], ""conflicts"": [], ""merge_eligible"": true}, {""left_source_candidate_id"": ""source-candidate:2da2c926211922ab1b54"", ""right_source_candidate_id"": ""source-candidate:98533f2434457f141c25"", ""signals"": [""normalized_name_match"", ""hanja_match""], ""conflicts"": [], ""merge_eligible"": true}, {""left_source_candidate_id"": ""source-candidate:67d3d58994dbeb654cb9"", ""right_source_candidate_id"": ""source-candidate:98533f2434457f141c25"", ""signals"": [""normalized_name_match"", ""hanja_match""], ""conflicts"": [], ""merge_eligible"": true}]",IDENTITY_MEMBER,ALT_155,독립신문(1919 상해),Work,,,,
84,gold-case:63f1377d47114631273c,term-review-task:fec1858601ee2ea894a6,resolution-case:5c7ef2102ca18ab7ccdb,독립신문,문헌,"[{""problem_id"": ""cj_v41_0265"", ""full_text"": ""(가) 대왕대비께서 전교하기를, “이번에 이렇게 만동묘를 철폐하고 다른 곳으로 옮기 모시는 것에 대해서 선현의 혼령이 알게 되더라도 올바른 예법이라고 여기고 유감이 없을 것이다.”라고 하였다. (나) 최익현이 상소를 올려 대원군의 잘못을 탄핵하기를, “만약 그 지위가 아닌데도 국정에 괸여하는 지는 단지 그 지위와 녹을 중요하게 여기기 때문이다.”라고 하였다. 왕은 너그러운 비답을 내려 특별히 그를 호조 참판에 발탁하고 총애하였다.\n(가), (나) 사이의 시기에 있었던 사실로 옳은 것은?\n신식 군대인 별기군이 창설되었다.\n서재필 등이 독립신문을 발행하였다.\n종로와 전국 각지에 척화비가 세워졌다.\n김옥균 등 개화 세력이 정변을 일으켰다.\n조청 상민 수륙 무역 장정을 체결하였다.""}, {""problem_id"": ""cj_v41_0280"", ""full_text"": ""(가) 북간도에 주둔한 이군 7백 명은 북로 사령부 소재지인 봉오동을 향해 행군하다가 적군 3백 명을 발견하였다. 아군을 지휘하는 홍범도, 최진동 두 장군은 즉시 적을 공격하여 120여 명을 살상하고 도주하는 적을 추격하였다. - 독립신문 - (나) 조선 혁명군 총사령 양세봉, 참모장 김학규 등은 병력을 이끌고 중국 의용군과 합세하였다. - 아군은 승세를 몰아 적들을 30여 리 정도 추격한 끝에 영릉가성을 점령하였다. - 과보 0 그\n(가), (나) 사이의 시기에 있었던 사실로 옳지 않은 것은?\n자유시 참변 이후 3부가 조직되었다.\n일본군의 보복으로 간도 참변이 발생하였다.\n독립군 연합 부대가 청산리에서 큰 승리를 거두었다.\n일제가 독립군을 탄압하고자 미쓰야 협정을 체결하였다.\n스탈린에 의해 많은 한인이 중앙아시아로 강제 이주되었다.""}, {""problem_id"": ""cj_v41_0362"", ""full_text"": ""오늘 화약을 체결했으니 전주성에서 물러가시오. 알겠소. 폐정 개혁과 농민군의 신변 보장을 해 주시오. (가) 어제 군국기무처에서 과거제를 폐지했다고 하네. 앞으로 인재 등용에 큰 변화가 있겠군.\n(가) 시기에 있었던 사실로 옳은 것은?\n교정청이 설치되었다.\n독립신문이 창간되었다.\n한성 전기 회사가 설립되었다.\n시모노세키 조약이 체결되었다.\n건양이라는 연호가 제정되었다.""}]",source-candidate:8ac3b66d7ceb6110b5f0,THESAURUS:TERM:11302:sha256-1022516a18f91e61,THESAURUS,9,독립신문사,name,bidirectional_containment,0.744756,UNKNOWN,"[""독립신문사""]","[""獨立新聞社""]","[""개항기""]",,,[],,"{""term_name"": ""독립신문사"", ""hanja"": ""獨立新聞社"", ""era"": ""개항기"", ""thesaurus_category"": ""문화·예술>언론·출판"", ""description"": ""1896년 서재필(徐載弼)이 서울에 설립한 신문사."", ""term_year"": ""1896""}",[],EVIDENCE_ONLY,,,,REL_158,독립신문사,Institution,REL_154의 독립신문(1896)과 연관있는 신문사
84,gold-case:63f1377d47114631273c,term-review-task:fec1858601ee2ea894a6,resolution-case:5c7ef2102ca18ab7ccdb,독립신문,문헌,"[{""problem_id"": ""cj_v41_0265"", ""full_text"": ""(가) 대왕대비께서 전교하기를, “이번에 이렇게 만동묘를 철폐하고 다른 곳으로 옮기 모시는 것에 대해서 선현의 혼령이 알게 되더라도 올바른 예법이라고 여기고 유감이 없을 것이다.”라고 하였다. (나) 최익현이 상소를 올려 대원군의 잘못을 탄핵하기를, “만약 그 지위가 아닌데도 국정에 괸여하는 지는 단지 그 지위와 녹을 중요하게 여기기 때문이다.”라고 하였다. 왕은 너그러운 비답을 내려 특별히 그를 호조 참판에 발탁하고 총애하였다.\n(가), (나) 사이의 시기에 있었던 사실로 옳은 것은?\n신식 군대인 별기군이 창설되었다.\n서재필 등이 독립신문을 발행하였다.\n종로와 전국 각지에 척화비가 세워졌다.\n김옥균 등 개화 세력이 정변을 일으켰다.\n조청 상민 수륙 무역 장정을 체결하였다.""}, {""problem_id"": ""cj_v41_0280"", ""full_text"": ""(가) 북간도에 주둔한 이군 7백 명은 북로 사령부 소재지인 봉오동을 향해 행군하다가 적군 3백 명을 발견하였다. 아군을 지휘하는 홍범도, 최진동 두 장군은 즉시 적을 공격하여 120여 명을 살상하고 도주하는 적을 추격하였다. - 독립신문 - (나) 조선 혁명군 총사령 양세봉, 참모장 김학규 등은 병력을 이끌고 중국 의용군과 합세하였다. - 아군은 승세를 몰아 적들을 30여 리 정도 추격한 끝에 영릉가성을 점령하였다. - 과보 0 그\n(가), (나) 사이의 시기에 있었던 사실로 옳지 않은 것은?\n자유시 참변 이후 3부가 조직되었다.\n일본군의 보복으로 간도 참변이 발생하였다.\n독립군 연합 부대가 청산리에서 큰 승리를 거두었다.\n일제가 독립군을 탄압하고자 미쓰야 협정을 체결하였다.\n스탈린에 의해 많은 한인이 중앙아시아로 강제 이주되었다.""}, {""problem_id"": ""cj_v41_0362"", ""full_text"": ""오늘 화약을 체결했으니 전주성에서 물러가시오. 알겠소. 폐정 개혁과 농민군의 신변 보장을 해 주시오. (가) 어제 군국기무처에서 과거제를 폐지했다고 하네. 앞으로 인재 등용에 큰 변화가 있겠군.\n(가) 시기에 있었던 사실로 옳은 것은?\n교정청이 설치되었다.\n독립신문이 창간되었다.\n한성 전기 회사가 설립되었다.\n시모노세키 조약이 체결되었다.\n건양이라는 연호가 제정되었다.""}]",source-candidate:1cab73c53276edb93a35,AKS:ARTICLE:E0014974:sha256-704d8ea620c542f5,AKS,10,대한독립신문,name,bidirectional_containment,0.600444,COMPATIBLE,"[""대한독립신문""]","[""大韓獨立新聞""]","[""근대"", ""일제강점기""]",,,[],Work,"{""headword"": ""대한독립신문"", ""origin"": ""大韓獨立新聞"", ""headword_origin"": ""대한독립신문(大韓獨立新聞)"", ""primary_type"": ""문헌/연속간행물"", ""era"": ""근대/일제강점기"", ""definition"": ""1919년에, 간도 용정촌에서 구춘성 등이 해외 독립지사들의 활동 상황을 전하기 위하여 창간한 교민 신문.""}",[],EVIDENCE_ONLY,,,,REL_159,대한신문(1919 북간도),Work,
85,gold-case:17d224d63f4503f2bd63,term-review-task:a171de20e79bcad48231,resolution-case:de4b116078ceda1a5a40,동모산,지명,"[{""problem_id"": ""cj_v41_0151"", ""full_text"": ""창사 특집 다큐엔터리 (가) ,남북국 시대를 열다 동모산에 도읍하고 나라를 세우다 당의 등주를 공격하고 요서에서 격돌하다 일본에 국서를 보내어 고려 국왕이라 칭하다 꼬20년 10월 06일~○○일 방 10시\n(가) 국가에 대한 설명으로 옳은 것은?\n9서당 10정의 군사 조직을 갖추었다.\n정당성의 대내상이 국정을 총괄하였다.\n지방관을 감찰하기 위해 외사정을 파견하였다.\n위화부 등 13부를 두어 행정 업무를 분담하였다.\n마진이라는 국호와 무태라는 연호를 사용하였다.""}, {""problem_id"": ""cj_v41_0431"", ""full_text"": ""(가) 왕은 당과 신라 군사들이 이미 백강과 탄현을 지났다는 소식을 듣고 장군 계백에게 결사대 5천 명을 거느리고 황산으로 가서 신라 군사와 싸우게 하였다. 계백은 4번 싸워서 모두 이겼으나 군사가 적고 힘이 모자라서 마침내 패하였다. (나) 사찬 시득이 수군을 거느리고 소부리주 기벌포에서 설인귀와 싸웠는데 연이어 패배하였다. 그러나 이후 크고 작은 22번의 싸움에서 승리하여 4천여 명을 죽였다\n(가), (나) 사이의 시기에 있었던 사실로 옳은 것은?\n김흠돌이 반란을 꾀하다 처형되었다.\n의자왕이 신라를 공격하여 대야성을 함락시켰다.\n을지문덕이 살수에서 수의 군대를 크게 물리쳤다.\n대조영이 고구려 유민을 이끌고 동모산에서 건국하였다.\n검모잠이 안승을 왕으로 추대하고 부흥 운동을 전개하였다.""}, {""problem_id"": ""cj_v41_0675"", ""full_text"": ""36.. 궁궐 안 왕이 분노에 찬 표정으로 대문예에게 일하고 있다. 왕:혹수 말갈이 몰래 당에 조공하였으니, 이는 당과 공모하여 앞뒤로 우리를 치려는 것이다. 군대를 이끌고 기서 호수 말갈을 정벌하라. 대문에: 팅에 조공하였다 하여 그들~을 바로 공격한다면 이는 당에 맞서는 것이다. 하루아침에 당과 원수를 지면 빰을 자초할 수 있다.\n다음 시나리오에 등장하는 왕의 업적으로 옳은 것은?\n장문휴를 보내 등주를 공격하였다.\n9서당 10정의 군사 조직을 갖추었다.\n사비로 천도하고 국호를 남부여로 고쳤다.\n지방관을 감찰하고자 외사정을 파견하였다.\n고구려 유민을 모아 동모산에서 나라를 세웠다.""}]",source-candidate:02ff9d315d886a28124a,AKS:ARTICLE:E0016449:sha256-704d8ea620c542f5,AKS,1,동모산,name,exact,1.0,COMPATIBLE,"[""東牟山城"", ""동모산"", ""동모산성""]","[""東牟山"", ""東牟山城""]","[""고대"", ""남북국"", ""발해""]",,,[],Place,"{""headword"": ""동모산"", ""aliases"": [""동모산성"", ""東牟山城""], ""origin"": ""東牟山"", ""headword_origin"": ""동모산(東牟山)"", ""primary_type"": ""지명/자연지명"", ""era"": ""고대/남북국/발해"", ""definition"": ""중국 길림성 돈화시에 있었던 발해시대의 수도.""}","[{""left_source_candidate_id"": ""source-candidate:02ff9d315d886a28124a"", ""right_source_candidate_id"": ""source-candidate:c05b45594ad7fe04b69d"", ""signals"": [""normalized_name_match"", ""era_overlap""], ""conflicts"": [""entity_type_conflict""], ""merge_eligible"": false}, {""left_source_candidate_id"": ""source-candidate:02ff9d315d886a28124a"", ""right_source_candidate_id"": ""source-candidate:dc23f2dc81853c54cdb7"", ""signals"": [""normalized_name_match"", ""hanja_match"", ""entity_type_match""], ""conflicts"": [], ""merge_eligible"": true}]",IDENTITY_MEMBER,ALT_160,동모산,Place,,,,
85,gold-case:17d224d63f4503f2bd63,term-review-task:a171de20e79bcad48231,resolution-case:de4b116078ceda1a5a40,동모산,지명,"[{""problem_id"": ""cj_v41_0151"", ""full_text"": ""창사 특집 다큐엔터리 (가) ,남북국 시대를 열다 동모산에 도읍하고 나라를 세우다 당의 등주를 공격하고 요서에서 격돌하다 일본에 국서를 보내어 고려 국왕이라 칭하다 꼬20년 10월 06일~○○일 방 10시\n(가) 국가에 대한 설명으로 옳은 것은?\n9서당 10정의 군사 조직을 갖추었다.\n정당성의 대내상이 국정을 총괄하였다.\n지방관을 감찰하기 위해 외사정을 파견하였다.\n위화부 등 13부를 두어 행정 업무를 분담하였다.\n마진이라는 국호와 무태라는 연호를 사용하였다.""}, {""problem_id"": ""cj_v41_0431"", ""full_text"": ""(가) 왕은 당과 신라 군사들이 이미 백강과 탄현을 지났다는 소식을 듣고 장군 계백에게 결사대 5천 명을 거느리고 황산으로 가서 신라 군사와 싸우게 하였다. 계백은 4번 싸워서 모두 이겼으나 군사가 적고 힘이 모자라서 마침내 패하였다. (나) 사찬 시득이 수군을 거느리고 소부리주 기벌포에서 설인귀와 싸웠는데 연이어 패배하였다. 그러나 이후 크고 작은 22번의 싸움에서 승리하여 4천여 명을 죽였다\n(가), (나) 사이의 시기에 있었던 사실로 옳은 것은?\n김흠돌이 반란을 꾀하다 처형되었다.\n의자왕이 신라를 공격하여 대야성을 함락시켰다.\n을지문덕이 살수에서 수의 군대를 크게 물리쳤다.\n대조영이 고구려 유민을 이끌고 동모산에서 건국하였다.\n검모잠이 안승을 왕으로 추대하고 부흥 운동을 전개하였다.""}, {""problem_id"": ""cj_v41_0675"", ""full_text"": ""36.. 궁궐 안 왕이 분노에 찬 표정으로 대문예에게 일하고 있다. 왕:혹수 말갈이 몰래 당에 조공하였으니, 이는 당과 공모하여 앞뒤로 우리를 치려는 것이다. 군대를 이끌고 기서 호수 말갈을 정벌하라. 대문에: 팅에 조공하였다 하여 그들~을 바로 공격한다면 이는 당에 맞서는 것이다. 하루아침에 당과 원수를 지면 빰을 자초할 수 있다.\n다음 시나리오에 등장하는 왕의 업적으로 옳은 것은?\n장문휴를 보내 등주를 공격하였다.\n9서당 10정의 군사 조직을 갖추었다.\n사비로 천도하고 국호를 남부여로 고쳤다.\n지방관을 감찰하고자 외사정을 파견하였다.\n고구려 유민을 모아 동모산에서 나라를 세웠다.""}]",source-candidate:dc23f2dc81853c54cdb7,THESAURUS:TERM:24561:sha256-1022516a18f91e61,THESAURUS,2,동모산,name,exact,1.0,UNKNOWN,"[""동모산""]","[""東牟山""]",[],,,[],Place,"{""term_name"": ""동모산"", ""hanja"": ""東牟山"", ""thesaurus_category"": ""지명"", ""description"": ""발해 초기의 수도. 지금의 만주 길림성 돈화현 지역."", ""term_year"": ""698-756""}","[{""left_source_candidate_id"": ""source-candidate:02ff9d315d886a28124a"", ""right_source_candidate_id"": ""source-candidate:dc23f2dc81853c54cdb7"", ""signals"": [""normalized_name_match"", ""hanja_match"", ""entity_type_match""], ""conflicts"": [], ""merge_eligible"": true}, {""left_source_candidate_id"": ""source-candidate:c05b45594ad7fe04b69d"", ""right_source_candidate_id"": ""source-candidate:dc23f2dc81853c54cdb7"", ""signals"": [], ""conflicts"": [""entity_type_conflict""], ""merge_eligible"": false}]",IDENTITY_MEMBER,ALT_160,동모산,Place,,,,
85,gold-case:17d224d63f4503f2bd63,term-review-task:a171de20e79bcad48231,resolution-case:de4b116078ceda1a5a40,동모산,지명,"[{""problem_id"": ""cj_v41_0151"", ""full_text"": ""창사 특집 다큐엔터리 (가) ,남북국 시대를 열다 동모산에 도읍하고 나라를 세우다 당의 등주를 공격하고 요서에서 격돌하다 일본에 국서를 보내어 고려 국왕이라 칭하다 꼬20년 10월 06일~○○일 방 10시\n(가) 국가에 대한 설명으로 옳은 것은?\n9서당 10정의 군사 조직을 갖추었다.\n정당성의 대내상이 국정을 총괄하였다.\n지방관을 감찰하기 위해 외사정을 파견하였다.\n위화부 등 13부를 두어 행정 업무를 분담하였다.\n마진이라는 국호와 무태라는 연호를 사용하였다.""}, {""problem_id"": ""cj_v41_0431"", ""full_text"": ""(가) 왕은 당과 신라 군사들이 이미 백강과 탄현을 지났다는 소식을 듣고 장군 계백에게 결사대 5천 명을 거느리고 황산으로 가서 신라 군사와 싸우게 하였다. 계백은 4번 싸워서 모두 이겼으나 군사가 적고 힘이 모자라서 마침내 패하였다. (나) 사찬 시득이 수군을 거느리고 소부리주 기벌포에서 설인귀와 싸웠는데 연이어 패배하였다. 그러나 이후 크고 작은 22번의 싸움에서 승리하여 4천여 명을 죽였다\n(가), (나) 사이의 시기에 있었던 사실로 옳은 것은?\n김흠돌이 반란을 꾀하다 처형되었다.\n의자왕이 신라를 공격하여 대야성을 함락시켰다.\n을지문덕이 살수에서 수의 군대를 크게 물리쳤다.\n대조영이 고구려 유민을 이끌고 동모산에서 건국하였다.\n검모잠이 안승을 왕으로 추대하고 부흥 운동을 전개하였다.""}, {""problem_id"": ""cj_v41_0675"", ""full_text"": ""36.. 궁궐 안 왕이 분노에 찬 표정으로 대문예에게 일하고 있다. 왕:혹수 말갈이 몰래 당에 조공하였으니, 이는 당과 공모하여 앞뒤로 우리를 치려는 것이다. 군대를 이끌고 기서 호수 말갈을 정벌하라. 대문에: 팅에 조공하였다 하여 그들~을 바로 공격한다면 이는 당에 맞서는 것이다. 하루아침에 당과 원수를 지면 빰을 자초할 수 있다.\n다음 시나리오에 등장하는 왕의 업적으로 옳은 것은?\n장문휴를 보내 등주를 공격하였다.\n9서당 10정의 군사 조직을 갖추었다.\n사비로 천도하고 국호를 남부여로 고쳤다.\n지방관을 감찰하고자 외사정을 파견하였다.\n고구려 유민을 모아 동모산에서 나라를 세웠다.""}]",source-candidate:c05b45594ad7fe04b69d,AKS:ARTICLE:E0016097:sha256-704d8ea620c542f5,AKS,3,동모산성,name,bidirectional_containment,0.654643,COMPATIBLE,"[""돈화성산자산성"", ""동모산성""]","[""敦化"", ""城山子山城""]","[""고대"", ""남북국"", ""발해""]",,,[],Heritage,"{""headword"": ""돈화 성산자산성"", ""aliases"": [""동모산성""], ""origin"": ""敦化 城山子山城"", ""headword_origin"": ""돈화 성산자산성(敦化 城山子山城)"", ""primary_type"": ""유적"", ""era"": ""고대/남북국/발해"", ""definition"": ""중국 길림성 연변조선족자치주 돈화시(敦化市) 현유향 성산자촌에 있는 남북국시대 발해의 성곽. 산성.""}","[{""left_source_candidate_id"": ""source-candidate:02ff9d315d886a28124a"", ""right_source_candidate_id"": ""source-candidate:c05b45594ad7fe04b69d"", ""signals"": [""normalized_name_match"", ""era_overlap""], ""conflicts"": [""entity_type_conflict""], ""merge_eligible"": false}, {""left_source_candidate_id"": ""source-candidate:c05b45594ad7fe04b69d"", ""right_source_candidate_id"": ""source-candidate:dc23f2dc81853c54cdb7"", ""signals"": [], ""conflicts"": [""entity_type_conflict""], ""merge_eligible"": false}]",EVIDENCE_ONLY,,,,REL_161,동모산성,Heritage,
85,gold-case:17d224d63f4503f2bd63,term-review-task:a171de20e79bcad48231,resolution-case:de4b116078ceda1a5a40,동모산,지명,"[{""problem_id"": ""cj_v41_0151"", ""full_text"": ""창사 특집 다큐엔터리 (가) ,남북국 시대를 열다 동모산에 도읍하고 나라를 세우다 당의 등주를 공격하고 요서에서 격돌하다 일본에 국서를 보내어 고려 국왕이라 칭하다 꼬20년 10월 06일~○○일 방 10시\n(가) 국가에 대한 설명으로 옳은 것은?\n9서당 10정의 군사 조직을 갖추었다.\n정당성의 대내상이 국정을 총괄하였다.\n지방관을 감찰하기 위해 외사정을 파견하였다.\n위화부 등 13부를 두어 행정 업무를 분담하였다.\n마진이라는 국호와 무태라는 연호를 사용하였다.""}, {""problem_id"": ""cj_v41_0431"", ""full_text"": ""(가) 왕은 당과 신라 군사들이 이미 백강과 탄현을 지났다는 소식을 듣고 장군 계백에게 결사대 5천 명을 거느리고 황산으로 가서 신라 군사와 싸우게 하였다. 계백은 4번 싸워서 모두 이겼으나 군사가 적고 힘이 모자라서 마침내 패하였다. (나) 사찬 시득이 수군을 거느리고 소부리주 기벌포에서 설인귀와 싸웠는데 연이어 패배하였다. 그러나 이후 크고 작은 22번의 싸움에서 승리하여 4천여 명을 죽였다\n(가), (나) 사이의 시기에 있었던 사실로 옳은 것은?\n김흠돌이 반란을 꾀하다 처형되었다.\n의자왕이 신라를 공격하여 대야성을 함락시켰다.\n을지문덕이 살수에서 수의 군대를 크게 물리쳤다.\n대조영이 고구려 유민을 이끌고 동모산에서 건국하였다.\n검모잠이 안승을 왕으로 추대하고 부흥 운동을 전개하였다.""}, {""problem_id"": ""cj_v41_0675"", ""full_text"": ""36.. 궁궐 안 왕이 분노에 찬 표정으로 대문예에게 일하고 있다. 왕:혹수 말갈이 몰래 당에 조공하였으니, 이는 당과 공모하여 앞뒤로 우리를 치려는 것이다. 군대를 이끌고 기서 호수 말갈을 정벌하라. 대문에: 팅에 조공하였다 하여 그들~을 바로 공격한다면 이는 당에 맞서는 것이다. 하루아침에 당과 원수를 지면 빰을 자초할 수 있다.\n다음 시나리오에 등장하는 왕의 업적으로 옳은 것은?\n장문휴를 보내 등주를 공격하였다.\n9서당 10정의 군사 조직을 갖추었다.\n사비로 천도하고 국호를 남부여로 고쳤다.\n지방관을 감찰하고자 외사정을 파견하였다.\n고구려 유민을 모아 동모산에서 나라를 세웠다.""}]",source-candidate:fb51173e3d751aceab6d,THESAURUS:TERM:17876:sha256-1022516a18f91e61,THESAURUS,4,성산자산성,description,description_containment,0.583333,UNKNOWN,"[""성산자산성""]","[""城山子山城""]","[""남북국시대""]",,,[],,"{""term_name"": ""성산자산성"", ""hanja"": ""城山子山城"", ""era"": ""남북국시대"", ""thesaurus_category"": ""국방·군사>군사방어시설"", ""description"": ""발해의 건국지인 동모산(東牟山)으로 추정되는 산성. 중국 길림성 돈화시 현유향 성산자촌 성산자산에 있음."", ""term_year"": ""?-?""}",[],,,,,,,,
86,gold-case:583a9a1d5d870712e592,term-review-task:22fe9ce20d94dbe96516,resolution-case:81041c1d6543ef70998a,미국 전략정보국,기관,"[{""problem_id"": ""cj_v41_0180"", ""full_text"": ""이곳은 부산 해운대어 있는 '매국지사 강근호 길이다. 그는 1920년 10월 백운평, 어랑촌 고통하 등지에서 일본군에 맞서 씨운 (가) 당시 북로 군정서 중대장으로 혈약하였다. 애숙지사 강22 43기 강근호 길\n(가) 전투에 대한 설명으로 옳은 것은?\n중국 팔로군과 협력하여 진행되었다.\n미국 전략 정보국(OSS)의 지원을 받았다.\n대한민국 임시 정부 수립에 영향을 주었다.\n조국 광복회의 지원 아래 유격전으로 전개되었다.\n대한 독립군, 대한 국민군 등이 연합하여 참여하였다.""}]",source-candidate:7899448127024da5b224,THESAURUS:TERM:48239674:sha256-1022516a18f91e61,THESAURUS,1,미국중앙정보국,name,name_ngram,0.370714,UNKNOWN,"[""미국중앙정보국""]","[""美國中央情報局""]","[""현대""]",,,[],,"{""term_name"": ""미국중앙정보국"", ""hanja"": ""美國中央情報局"", ""era"": ""현대"", ""thesaurus_category"": ""외교·국제관계>미국>국방·군사(미국)"", ""description"": ""1947년 대통령 트루먼(Harry S. Truman) 대통령 하에서 국가안전보장법에 의하여 설립된 대통령 직속 국가정보기관."", ""term_year"": ""1947-""}",[],AMBIGUOUS,,,,,,,
87,gold-case:9d200eed7fd30d2cb3c2,term-review-task:92705bdc15d00c125889,resolution-case:a261b6246eb3aab0a25a,동복 현감,제도,"[{""problem_id"": ""cj_v41_1405"", ""full_text"": ""이치(梨峙)는 금산에서 전주로 넘어가는 길목에 위치한 요충지이다. 이곳에서 전라 절제사 권율과 동복 현감 황진이 이끄는 관군은 치열한 전투 끝에 적의 진격을 저지하였다. 그 결과 전라도의 곡창 지대와 조선 수군의 배후를 지키는 데 기여하여 전쟁 초기 적군의 전략에 타격을 입혔다. 오전 11:10 충청도 이치 전투, 전라도를 지켜내다 금산 이치 전주 전라도\n밑줄 그은 ‘전쟁’ 중에 있었던 사실로 옳은 것은?\n정문부가 북관대첩을 이끌었다.\n정봉수가 용골산성에서 항쟁하였다.\n최윤덕이 이만주 부대를 정벌하였다.\n강홍립이 사르후 전투에 참전하였다.\n김준룡이 광교산 전투에서 항전하였다.""}]",source-candidate:1f39f53d8cd09fa1d08f,THESAURUS:TERM:24562:sha256-1022516a18f91e61,THESAURUS,1,동복현,name,bidirectional_containment,0.594643,UNKNOWN,"[""동복현""]","[""同福縣""]","[""남북국시대-조선시대""]",,,[],Place,"{""term_name"": ""동복현"", ""hanja"": ""同福縣"", ""era"": ""남북국시대-조선시대"", ""thesaurus_category"": ""지명"", ""description"": ""신라 경덕왕-조선시대 현 단위 행정구역. 1405년 화순군에 병합되기도 함."", ""term_year"": ""757-1405, 1416-1655, 1666-1895""}","[{""left_source_candidate_id"": ""source-candidate:1f39f53d8cd09fa1d08f"", ""right_source_candidate_id"": ""source-candidate:294bdca7d97ef6273cb2"", ""signals"": [], ""conflicts"": [""entity_type_conflict""], ""merge_eligible"": false}, {""left_source_candidate_id"": ""source-candidate:1f39f53d8cd09fa1d08f"", ""right_source_candidate_id"": ""source-candidate:4cdda2e7c62dc8bb34e5"", ""signals"": [], ""conflicts"": [""entity_type_conflict""], ""merge_eligible"": false}, {""left_source_candidate_id"": ""source-candidate:1f39f53d8cd09fa1d08f"", ""right_source_candidate_id"": ""source-candidate:5596eb648c0ce84d9b02"", ""signals"": [], ""conflicts"": [""entity_type_conflict""], ""merge_eligible"": false}, {""left_source_candidate_id"": ""source-candidate:1f39f53d8cd09fa1d08f"", ""right_source_candidate_id"": ""source-candidate:8d3602f8a3410a331638"", ""signals"": [], ""conflicts"": [""entity_type_conflict""], ""merge_eligible"": false}, {""left_source_candidate_id"": ""source-candidate:1f39f53d8cd09fa1d08f"", ""right_source_candidate_id"": ""source-candidate:cd3b2242ce2796a82fc0"", ""signals"": [], ""conflicts"": [""entity_type_conflict""], ""merge_eligible"": false}]",EVIDENCE_ONLY,,,,REL_162,동복현,Place,
87,gold-case:9d200eed7fd30d2cb3c2,term-review-task:92705bdc15d00c125889,resolution-case:a261b6246eb3aab0a25a,동복 현감,제도,"[{""problem_id"": ""cj_v41_1405"", ""full_text"": ""이치(梨峙)는 금산에서 전주로 넘어가는 길목에 위치한 요충지이다. 이곳에서 전라 절제사 권율과 동복 현감 황진이 이끄는 관군은 치열한 전투 끝에 적의 진격을 저지하였다. 그 결과 전라도의 곡창 지대와 조선 수군의 배후를 지키는 데 기여하여 전쟁 초기 적군의 전략에 타격을 입혔다. 오전 11:10 충청도 이치 전투, 전라도를 지켜내다 금산 이치 전주 전라도\n밑줄 그은 ‘전쟁’ 중에 있었던 사실로 옳은 것은?\n정문부가 북관대첩을 이끌었다.\n정봉수가 용골산성에서 항쟁하였다.\n최윤덕이 이만주 부대를 정벌하였다.\n강홍립이 사르후 전투에 참전하였다.\n김준룡이 광교산 전투에서 항전하였다.""}]",source-candidate:4cdda2e7c62dc8bb34e5,THESAURUS:TERM:21035575:sha256-1022516a18f91e61,THESAURUS,2,,description,description_containment,0.47,UNKNOWN,"[""김성원""]","[""金成遠""]","[""조선전기""]",,,[],Person,"{""term_name"": ""김성원"", ""hanja"": ""金成遠"", ""era"": ""조선전기"", ""thesaurus_category"": ""인명"", ""description"": ""조선전기의 문신으로 임진왜란 때 동복현감으로 군량과 의병을 모으는 데 공을 세움."", ""term_year"": ""1525-1597""}","[{""left_source_candidate_id"": ""source-candidate:1f39f53d8cd09fa1d08f"", ""right_source_candidate_id"": ""source-candidate:4cdda2e7c62dc8bb34e5"", ""signals"": [], ""conflicts"": [""entity_type_conflict""], ""merge_eligible"": false}, {""left_source_candidate_id"": ""source-candidate:294bdca7d97ef6273cb2"", ""right_source_candidate_id"": ""source-candidate:4cdda2e7c62dc8bb34e5"", ""signals"": [], ""conflicts"": [""entity_type_conflict""], ""merge_eligible"": false}, {""left_source_candidate_id"": ""source-candidate:2ccb9d8d89017016a5b5"", ""right_source_candidate_id"": ""source-candidate:4cdda2e7c62dc8bb34e5"", ""signals"": [], ""conflicts"": [""entity_type_conflict""], ""merge_eligible"": false}, {""left_source_candidate_id"": ""source-candidate:3306217d4e5ed3c3cc40"", ""right_source_candidate_id"": ""source-candidate:4cdda2e7c62dc8bb34e5"", ""signals"": [], ""conflicts"": [""entity_type_conflict""], ""merge_eligible"": false}, {""left_source_candidate_id"": ""source-candidate:4cdda2e7c62dc8bb34e5"", ""right_source_candidate_id"": ""source-candidate:5596eb648c0ce84d9b02"", ""signals"": [""era_overlap""], ""conflicts"": [""entity_type_conflict""], ""merge_eligible"": false}, {""left_source_candidate_id"": ""source-candidate:4cdda2e7c62dc8bb34e5"", ""right_source_candidate_id"": ""source-candidate:8d3602f8a3410a331638"", ""signals"": [], ""conflicts"": [""entity_type_conflict""], ""merge_eligible"": false}, {""left_source_candidate_id"": ""source-candidate:4cdda2e7c62dc8bb34e5"", ""right_source_candidate_id"": ""source-candidate:dec3a22d1e2f0ff8c9f2"", ""signals"": [""era_overlap""], ""conflicts"": [""entity_type_conflict""], ""merge_eligible"": false}]",EVIDENCE_ONLY,,,,REL_163,김성원,Person,
87,gold-case:9d200eed7fd30d2cb3c2,term-review-task:92705bdc15d00c125889,resolution-case:a261b6246eb3aab0a25a,동복 현감,제도,"[{""problem_id"": ""cj_v41_1405"", ""full_text"": ""이치(梨峙)는 금산에서 전주로 넘어가는 길목에 위치한 요충지이다. 이곳에서 전라 절제사 권율과 동복 현감 황진이 이끄는 관군은 치열한 전투 끝에 적의 진격을 저지하였다. 그 결과 전라도의 곡창 지대와 조선 수군의 배후를 지키는 데 기여하여 전쟁 초기 적군의 전략에 타격을 입혔다. 오전 11:10 충청도 이치 전투, 전라도를 지켜내다 금산 이치 전주 전라도\n밑줄 그은 ‘전쟁’ 중에 있었던 사실로 옳은 것은?\n정문부가 북관대첩을 이끌었다.\n정봉수가 용골산성에서 항쟁하였다.\n최윤덕이 이만주 부대를 정벌하였다.\n강홍립이 사르후 전투에 참전하였다.\n김준룡이 광교산 전투에서 항전하였다.""}]",source-candidate:cd3b2242ce2796a82fc0,THESAURUS:TERM:37755282:sha256-1022516a18f91e61,THESAURUS,3,,description,description_containment,0.47,UNKNOWN,"[""이휘령""]","[""李彙寧""]","[""조선후기""]",,,[],Person,"{""term_name"": ""이휘령"", ""hanja"": ""李彙寧"", ""era"": ""조선후기"", ""thesaurus_category"": ""인명"", ""description"": ""조선후기의 학자겸 시인으로, 1816년(순조 16) 진사시에 합격하여 호조좌랑 ·동복현감(同福縣監)·서산군수·밀양부사·동부승지(同副承旨)를 역임하고, 이황의 10대손으로 성리학을 연구. 본관은 진보(眞寶)."", ""term_year"": ""1788-1861""}","[{""left_source_candidate_id"": ""source-candidate:1f39f53d8cd09fa1d08f"", ""right_source_candidate_id"": ""source-candidate:cd3b2242ce2796a82fc0"", ""signals"": [], ""conflicts"": [""entity_type_conflict""], ""merge_eligible"": false}, {""left_source_candidate_id"": ""source-candidate:294bdca7d97ef6273cb2"", ""right_source_candidate_id"": ""source-candidate:cd3b2242ce2796a82fc0"", ""signals"": [""era_overlap""], ""conflicts"": [""entity_type_conflict""], ""merge_eligible"": false}, {""left_source_candidate_id"": ""source-candidate:2ccb9d8d89017016a5b5"", ""right_source_candidate_id"": ""source-candidate:cd3b2242ce2796a82fc0"", ""signals"": [], ""conflicts"": [""entity_type_conflict""], ""merge_eligible"": false}, {""left_source_candidate_id"": ""source-candidate:3306217d4e5ed3c3cc40"", ""right_source_candidate_id"": ""source-candidate:cd3b2242ce2796a82fc0"", ""signals"": [], ""conflicts"": [""entity_type_conflict""], ""merge_eligible"": false}, {""left_source_candidate_id"": ""source-candidate:5596eb648c0ce84d9b02"", ""right_source_candidate_id"": ""source-candidate:cd3b2242ce2796a82fc0"", ""signals"": [""era_overlap""], ""conflicts"": [""entity_type_conflict""], ""merge_eligible"": false}, {""left_source_candidate_id"": ""source-candidate:8d3602f8a3410a331638"", ""right_source_candidate_id"": ""source-candidate:cd3b2242ce2796a82fc0"", ""signals"": [], ""conflicts"": [""entity_type_conflict""], ""merge_eligible"": false}, {""left_source_candidate_id"": ""source-candidate:cd3b2242ce2796a82fc0"", ""right_source_candidate_id"": ""source-candidate:dec3a22d1e2f0ff8c9f2"", ""signals"": [], ""conflicts"": [""entity_type_conflict""], ""merge_eligible"": false}]",EVIDENCE_ONLY,,,,REL_164,이휘령,Person,
87,gold-case:9d200eed7fd30d2cb3c2,term-review-task:92705bdc15d00c125889,resolution-case:a261b6246eb3aab0a25a,동복 현감,제도,"[{""problem_id"": ""cj_v41_1405"", ""full_text"": ""이치(梨峙)는 금산에서 전주로 넘어가는 길목에 위치한 요충지이다. 이곳에서 전라 절제사 권율과 동복 현감 황진이 이끄는 관군은 치열한 전투 끝에 적의 진격을 저지하였다. 그 결과 전라도의 곡창 지대와 조선 수군의 배후를 지키는 데 기여하여 전쟁 초기 적군의 전략에 타격을 입혔다. 오전 11:10 충청도 이치 전투, 전라도를 지켜내다 금산 이치 전주 전라도\n밑줄 그은 ‘전쟁’ 중에 있었던 사실로 옳은 것은?\n정문부가 북관대첩을 이끌었다.\n정봉수가 용골산성에서 항쟁하였다.\n최윤덕이 이만주 부대를 정벌하였다.\n강홍립이 사르후 전투에 참전하였다.\n김준룡이 광교산 전투에서 항전하였다.""}]",source-candidate:14879f261607fbb89d88,THESAURUS:TERM:17363:sha256-1022516a18f91e61,THESAURUS,4,복현동고분,name,name_ngram,0.336667,UNKNOWN,"[""복현동고분""]","[""伏賢洞古墳""]","[""삼국시대""]",,,[],,"{""term_name"": ""복현동고분"", ""hanja"": ""伏賢洞古墳"", ""era"": ""삼국시대"", ""thesaurus_category"": ""사회·생활>풍속·의례>매장"", ""description"": ""삼국시대 구덩식돌덧널무덤과 독널무덤 유적으로 대구광역시 북구 복현동에 있음."", ""term_year"": ""?-?""}",[],,,,,,,,
87,gold-case:9d200eed7fd30d2cb3c2,term-review-task:92705bdc15d00c125889,resolution-case:a261b6246eb3aab0a25a,동복 현감,제도,"[{""problem_id"": ""cj_v41_1405"", ""full_text"": ""이치(梨峙)는 금산에서 전주로 넘어가는 길목에 위치한 요충지이다. 이곳에서 전라 절제사 권율과 동복 현감 황진이 이끄는 관군은 치열한 전투 끝에 적의 진격을 저지하였다. 그 결과 전라도의 곡창 지대와 조선 수군의 배후를 지키는 데 기여하여 전쟁 초기 적군의 전략에 타격을 입혔다. 오전 11:10 충청도 이치 전투, 전라도를 지켜내다 금산 이치 전주 전라도\n밑줄 그은 ‘전쟁’ 중에 있었던 사실로 옳은 것은?\n정문부가 북관대첩을 이끌었다.\n정봉수가 용골산성에서 항쟁하였다.\n최윤덕이 이만주 부대를 정벌하였다.\n강홍립이 사르후 전투에 참전하였다.\n김준룡이 광교산 전투에서 항전하였다.""}]",source-candidate:dec3a22d1e2f0ff8c9f2,THESAURUS:TERM:20972293:sha256-1022516a18f91e61,THESAURUS,5,복순현,description,description_ngram,0.324762,UNKNOWN,"[""복순현""]","[""福順縣""]","[""조선전기""]",,,[],Place,"{""term_name"": ""복순현"", ""hanja"": ""福順縣"", ""era"": ""조선전기"", ""thesaurus_category"": ""지명"", ""description"": ""조선 태종 때 동복현과 화순현을 합하여 신설한 현(縣)."", ""term_year"": ""1407-1416""}","[{""left_source_candidate_id"": ""source-candidate:294bdca7d97ef6273cb2"", ""right_source_candidate_id"": ""source-candidate:dec3a22d1e2f0ff8c9f2"", ""signals"": [], ""conflicts"": [""entity_type_conflict""], ""merge_eligible"": false}, {""left_source_candidate_id"": ""source-candidate:4cdda2e7c62dc8bb34e5"", ""right_source_candidate_id"": ""source-candidate:dec3a22d1e2f0ff8c9f2"", ""signals"": [""era_overlap""], ""conflicts"": [""entity_type_conflict""], ""merge_eligible"": false}, {""left_source_candidate_id"": ""source-candidate:5596eb648c0ce84d9b02"", ""right_source_candidate_id"": ""source-candidate:dec3a22d1e2f0ff8c9f2"", ""signals"": [""era_overlap""], ""conflicts"": [""entity_type_conflict""], ""merge_eligible"": false}, {""left_source_candidate_id"": ""source-candidate:8d3602f8a3410a331638"", ""right_source_candidate_id"": ""source-candidate:dec3a22d1e2f0ff8c9f2"", ""signals"": [], ""conflicts"": [""entity_type_conflict""], ""merge_eligible"": false}, {""left_source_candidate_id"": ""source-candidate:cd3b2242ce2796a82fc0"", ""right_source_candidate_id"": ""source-candidate:dec3a22d1e2f0ff8c9f2"", ""signals"": [], ""conflicts"": [""entity_type_conflict""], ""merge_eligible"": false}]",AMBIGUOUS,,,,,,,
87,gold-case:9d200eed7fd30d2cb3c2,term-review-task:92705bdc15d00c125889,resolution-case:a261b6246eb3aab0a25a,동복 현감,제도,"[{""problem_id"": ""cj_v41_1405"", ""full_text"": ""이치(梨峙)는 금산에서 전주로 넘어가는 길목에 위치한 요충지이다. 이곳에서 전라 절제사 권율과 동복 현감 황진이 이끄는 관군은 치열한 전투 끝에 적의 진격을 저지하였다. 그 결과 전라도의 곡창 지대와 조선 수군의 배후를 지키는 데 기여하여 전쟁 초기 적군의 전략에 타격을 입혔다. 오전 11:10 충청도 이치 전투, 전라도를 지켜내다 금산 이치 전주 전라도\n밑줄 그은 ‘전쟁’ 중에 있었던 사실로 옳은 것은?\n정문부가 북관대첩을 이끌었다.\n정봉수가 용골산성에서 항쟁하였다.\n최윤덕이 이만주 부대를 정벌하였다.\n강홍립이 사르후 전투에 참전하였다.\n김준룡이 광교산 전투에서 항전하였다.""}]",source-candidate:5596eb648c0ce84d9b02,AKS:ARTICLE:E0063257:sha256-704d8ea620c542f5,AKS,6,현감,name,name_ngram,0.306667,COMPATIBLE,"[""현감""]","[""縣監""]","[""조선"", ""조선 전기"", ""조선 후기""]",,,[],Concept,"{""headword"": ""현감"", ""origin"": ""縣監"", ""headword_origin"": ""현감(縣監)"", ""primary_type"": ""제도/관직"", ""era"": ""조선/조선 전기 | 조선/조선 후기"", ""definition"": ""조선시대 최하위의 지방행정구역 단위였던 현(縣)의 종6품직 관직.""}","[{""left_source_candidate_id"": ""source-candidate:1f39f53d8cd09fa1d08f"", ""right_source_candidate_id"": ""source-candidate:5596eb648c0ce84d9b02"", ""signals"": [], ""conflicts"": [""entity_type_conflict""], ""merge_eligible"": false}, {""left_source_candidate_id"": ""source-candidate:294bdca7d97ef6273cb2"", ""right_source_candidate_id"": ""source-candidate:5596eb648c0ce84d9b02"", ""signals"": [""era_overlap""], ""conflicts"": [""entity_type_conflict""], ""merge_eligible"": false}, {""left_source_candidate_id"": ""source-candidate:2ccb9d8d89017016a5b5"", ""right_source_candidate_id"": ""source-candidate:5596eb648c0ce84d9b02"", ""signals"": [], ""conflicts"": [""entity_type_conflict""], ""merge_eligible"": false}, {""left_source_candidate_id"": ""source-candidate:3306217d4e5ed3c3cc40"", ""right_source_candidate_id"": ""source-candidate:5596eb648c0ce84d9b02"", ""signals"": [], ""conflicts"": [""entity_type_conflict""], ""merge_eligible"": false}, {""left_source_candidate_id"": ""source-candidate:4cdda2e7c62dc8bb34e5"", ""right_source_candidate_id"": ""source-candidate:5596eb648c0ce84d9b02"", ""signals"": [""era_overlap""], ""conflicts"": [""entity_type_conflict""], ""merge_eligible"": false}, {""left_source_candidate_id"": ""source-candidate:5596eb648c0ce84d9b02"", ""right_source_candidate_id"": ""source-candidate:8d3602f8a3410a331638"", ""signals"": [], ""conflicts"": [""entity_type_conflict""], ""merge_eligible"": false}, {""left_source_candidate_id"": ""source-candidate:5596eb648c0ce84d9b02"", ""right_source_candidate_id"": ""source-candidate:cd3b2242ce2796a82fc0"", ""signals"": [""era_overlap""], ""conflicts"": [""entity_type_conflict""], ""merge_eligible"": false}, {""left_source_candidate_id"": ""source-candidate:5596eb648c0ce84d9b02"", ""right_source_candidate_id"": ""source-candidate:dec3a22d1e2f0ff8c9f2"", ""signals"": [""era_overlap""], ""conflicts"": [""entity_type_conflict""], ""merge_eligible"": false}]",EVIDENCE_ONLY,,,,REL_165,현감,Concept,
87,gold-case:9d200eed7fd30d2cb3c2,term-review-task:92705bdc15d00c125889,resolution-case:a261b6246eb3aab0a25a,동복 현감,제도,"[{""problem_id"": ""cj_v41_1405"", ""full_text"": ""이치(梨峙)는 금산에서 전주로 넘어가는 길목에 위치한 요충지이다. 이곳에서 전라 절제사 권율과 동복 현감 황진이 이끄는 관군은 치열한 전투 끝에 적의 진격을 저지하였다. 그 결과 전라도의 곡창 지대와 조선 수군의 배후를 지키는 데 기여하여 전쟁 초기 적군의 전략에 타격을 입혔다. 오전 11:10 충청도 이치 전투, 전라도를 지켜내다 금산 이치 전주 전라도\n밑줄 그은 ‘전쟁’ 중에 있었던 사실로 옳은 것은?\n정문부가 북관대첩을 이끌었다.\n정봉수가 용골산성에서 항쟁하였다.\n최윤덕이 이만주 부대를 정벌하였다.\n강홍립이 사르후 전투에 참전하였다.\n김준룡이 광교산 전투에서 항전하였다.""}]",source-candidate:2ccb9d8d89017016a5b5,AKS:ARTICLE:E0016511:sha256-704d8ea620c542f5,AKS,7,동복,name,name_ngram,0.306667,CONFLICT,"[""동복"", ""두부지豆夫只"", ""복순福順"", ""옹성瓮城""]","[""同福"", ""豆夫只"", ""福順"", ""瓮城""]","[""고대"", ""남북국"", ""통일신라""]",,,[],Place,"{""headword"": ""동복"", ""aliases"": [""두부지(豆夫只)"", ""복순(福順)"", ""옹성(瓮城)""], ""origin"": ""同福"", ""headword_origin"": ""동복(同福)"", ""primary_type"": ""지명/고지명"", ""era"": ""고대/남북국/통일신라"", ""definition"": ""전라남도 화순 지역의 옛 지명.""}","[{""left_source_candidate_id"": ""source-candidate:294bdca7d97ef6273cb2"", ""right_source_candidate_id"": ""source-candidate:2ccb9d8d89017016a5b5"", ""signals"": [], ""conflicts"": [""entity_type_conflict""], ""merge_eligible"": false}, {""left_source_candidate_id"": ""source-candidate:2ccb9d8d89017016a5b5"", ""right_source_candidate_id"": ""source-candidate:4cdda2e7c62dc8bb34e5"", ""signals"": [], ""conflicts"": [""entity_type_conflict""], ""merge_eligible"": false}, {""left_source_candidate_id"": ""source-candidate:2ccb9d8d89017016a5b5"", ""right_source_candidate_id"": ""source-candidate:5596eb648c0ce84d9b02"", ""signals"": [], ""conflicts"": [""entity_type_conflict""], ""merge_eligible"": false}, {""left_source_candidate_id"": ""source-candidate:2ccb9d8d89017016a5b5"", ""right_source_candidate_id"": ""source-candidate:8d3602f8a3410a331638"", ""signals"": [""normalized_name_match""], ""conflicts"": [""entity_type_conflict""], ""merge_eligible"": false}, {""left_source_candidate_id"": ""source-candidate:2ccb9d8d89017016a5b5"", ""right_source_candidate_id"": ""source-candidate:cd3b2242ce2796a82fc0"", ""signals"": [], ""conflicts"": [""entity_type_conflict""], ""merge_eligible"": false}]",EVIDENCE_ONLY,,,,REL_162,동복현,Place,
87,gold-case:9d200eed7fd30d2cb3c2,term-review-task:92705bdc15d00c125889,resolution-case:a261b6246eb3aab0a25a,동복 현감,제도,"[{""problem_id"": ""cj_v41_1405"", ""full_text"": ""이치(梨峙)는 금산에서 전주로 넘어가는 길목에 위치한 요충지이다. 이곳에서 전라 절제사 권율과 동복 현감 황진이 이끄는 관군은 치열한 전투 끝에 적의 진격을 저지하였다. 그 결과 전라도의 곡창 지대와 조선 수군의 배후를 지키는 데 기여하여 전쟁 초기 적군의 전략에 타격을 입혔다. 오전 11:10 충청도 이치 전투, 전라도를 지켜내다 금산 이치 전주 전라도\n밑줄 그은 ‘전쟁’ 중에 있었던 사실로 옳은 것은?\n정문부가 북관대첩을 이끌었다.\n정봉수가 용골산성에서 항쟁하였다.\n최윤덕이 이만주 부대를 정벌하였다.\n강홍립이 사르후 전투에 참전하였다.\n김준룡이 광교산 전투에서 항전하였다.""}]",source-candidate:8d3602f8a3410a331638,AKS:ARTICLE:E0016512:sha256-704d8ea620c542f5,AKS,8,동복,name,name_ngram,0.306667,CONFLICT,"[""동복"", ""북방식동복"", ""오르도스식동복""]","[""銅鍑""]",[],,,[],Heritage,"{""headword"": ""동복"", ""aliases"": [""북방식동복"", ""오르도스식동복""], ""origin"": ""銅鍑"", ""headword_origin"": ""동복(銅鍑)"", ""primary_type"": ""물품"", ""era"": ""미상"", ""definition"": ""유라시아 초원 지대에 분포하는 유목민족의 휴대용 취사도구.""}","[{""left_source_candidate_id"": ""source-candidate:1f39f53d8cd09fa1d08f"", ""right_source_candidate_id"": ""source-candidate:8d3602f8a3410a331638"", ""signals"": [], ""conflicts"": [""entity_type_conflict""], ""merge_eligible"": false}, {""left_source_candidate_id"": ""source-candidate:294bdca7d97ef6273cb2"", ""right_source_candidate_id"": ""source-candidate:8d3602f8a3410a331638"", ""signals"": [], ""conflicts"": [""entity_type_conflict""], ""merge_eligible"": false}, {""left_source_candidate_id"": ""source-candidate:2ccb9d8d89017016a5b5"", ""right_source_candidate_id"": ""source-candidate:8d3602f8a3410a331638"", ""signals"": [""normalized_name_match""], ""conflicts"": [""entity_type_conflict""], ""merge_eligible"": false}, {""left_source_candidate_id"": ""source-candidate:3306217d4e5ed3c3cc40"", ""right_source_candidate_id"": ""source-candidate:8d3602f8a3410a331638"", ""signals"": [], ""conflicts"": [""entity_type_conflict""], ""merge_eligible"": false}, {""left_source_candidate_id"": ""source-candidate:4cdda2e7c62dc8bb34e5"", ""right_source_candidate_id"": ""source-candidate:8d3602f8a3410a331638"", ""signals"": [], ""conflicts"": [""entity_type_conflict""], ""merge_eligible"": false}, {""left_source_candidate_id"": ""source-candidate:5596eb648c0ce84d9b02"", ""right_source_candidate_id"": ""source-candidate:8d3602f8a3410a331638"", ""signals"": [], ""conflicts"": [""entity_type_conflict""], ""merge_eligible"": false}, {""left_source_candidate_id"": ""source-candidate:8d3602f8a3410a331638"", ""right_source_candidate_id"": ""source-candidate:cd3b2242ce2796a82fc0"", ""signals"": [], ""conflicts"": [""entity_type_conflict""], ""merge_eligible"": false}, {""left_source_candidate_id"": ""source-candidate:8d3602f8a3410a331638"", ""right_source_candidate_id"": ""source-candidate:dec3a22d1e2f0ff8c9f2"", ""signals"": [], ""conflicts"": [""entity_type_conflict""], ""merge_eligible"": false}]",,,,,,,,
87,gold-case:9d200eed7fd30d2cb3c2,term-review-task:92705bdc15d00c125889,resolution-case:a261b6246eb3aab0a25a,동복 현감,제도,"[{""problem_id"": ""cj_v41_1405"", ""full_text"": ""이치(梨峙)는 금산에서 전주로 넘어가는 길목에 위치한 요충지이다. 이곳에서 전라 절제사 권율과 동복 현감 황진이 이끄는 관군은 치열한 전투 끝에 적의 진격을 저지하였다. 그 결과 전라도의 곡창 지대와 조선 수군의 배후를 지키는 데 기여하여 전쟁 초기 적군의 전략에 타격을 입혔다. 오전 11:10 충청도 이치 전투, 전라도를 지켜내다 금산 이치 전주 전라도\n밑줄 그은 ‘전쟁’ 중에 있었던 사실로 옳은 것은?\n정문부가 북관대첩을 이끌었다.\n정봉수가 용골산성에서 항쟁하였다.\n최윤덕이 이만주 부대를 정벌하였다.\n강홍립이 사르후 전투에 참전하였다.\n김준룡이 광교산 전투에서 항전하였다.""}]",source-candidate:3306217d4e5ed3c3cc40,AKS:ARTICLE:E0016513:sha256-704d8ea620c542f5,AKS,9,동복댐,name,name_ngram,0.271429,CONFLICT,"[""동복댐""]","[""東福""]","[""현대""]",,,[],Place,"{""headword"": ""동복댐"", ""origin"": ""東福dam"", ""headword_origin"": ""동복댐(東福dam)"", ""primary_type"": ""지명/시설"", ""era"": ""현대"", ""definition"": ""전라남도 화순군 이서면 서리에 있는 댐.""}","[{""left_source_candidate_id"": ""source-candidate:294bdca7d97ef6273cb2"", ""right_source_candidate_id"": ""source-candidate:3306217d4e5ed3c3cc40"", ""signals"": [], ""conflicts"": [""entity_type_conflict""], ""merge_eligible"": false}, {""left_source_candidate_id"": ""source-candidate:3306217d4e5ed3c3cc40"", ""right_source_candidate_id"": ""source-candidate:4cdda2e7c62dc8bb34e5"", ""signals"": [], ""conflicts"": [""entity_type_conflict""], ""merge_eligible"": false}, {""left_source_candidate_id"": ""source-candidate:3306217d4e5ed3c3cc40"", ""right_source_candidate_id"": ""source-candidate:5596eb648c0ce84d9b02"", ""signals"": [], ""conflicts"": [""entity_type_conflict""], ""merge_eligible"": false}, {""left_source_candidate_id"": ""source-candidate:3306217d4e5ed3c3cc40"", ""right_source_candidate_id"": ""source-candidate:8d3602f8a3410a331638"", ""signals"": [], ""conflicts"": [""entity_type_conflict""], ""merge_eligible"": false}, {""left_source_candidate_id"": ""source-candidate:3306217d4e5ed3c3cc40"", ""right_source_candidate_id"": ""source-candidate:cd3b2242ce2796a82fc0"", ""signals"": [], ""conflicts"": [""entity_type_conflict""], ""merge_eligible"": false}]",,,,,,,,
87,gold-case:9d200eed7fd30d2cb3c2,term-review-task:92705bdc15d00c125889,resolution-case:a261b6246eb3aab0a25a,동복 현감,제도,"[{""problem_id"": ""cj_v41_1405"", ""full_text"": ""이치(梨峙)는 금산에서 전주로 넘어가는 길목에 위치한 요충지이다. 이곳에서 전라 절제사 권율과 동복 현감 황진이 이끄는 관군은 치열한 전투 끝에 적의 진격을 저지하였다. 그 결과 전라도의 곡창 지대와 조선 수군의 배후를 지키는 데 기여하여 전쟁 초기 적군의 전략에 타격을 입혔다. 오전 11:10 충청도 이치 전투, 전라도를 지켜내다 금산 이치 전주 전라도\n밑줄 그은 ‘전쟁’ 중에 있었던 사실로 옳은 것은?\n정문부가 북관대첩을 이끌었다.\n정봉수가 용골산성에서 항쟁하였다.\n최윤덕이 이만주 부대를 정벌하였다.\n강홍립이 사르후 전투에 참전하였다.\n김준룡이 광교산 전투에서 항전하였다.""}]",source-candidate:294bdca7d97ef6273cb2,AKS:ARTICLE:E0016514:sha256-704d8ea620c542f5,AKS,10,동복지,name,name_ngram,0.271429,CONFLICT,"[""동복지""]","[""同福誌""]","[""조선"", ""조선 후기""]",,,[],Work,"{""headword"": ""동복지"", ""origin"": ""同福誌"", ""headword_origin"": ""동복지(同福誌)"", ""primary_type"": ""문헌/고서"", ""era"": ""조선/조선 후기"", ""definition"": ""송긍면 등이 전라도 동복(현 화순군 동복면)의 연혁·인문지리·행정 등을 수록하여 1855년에 편찬한 {사찬 읍지}.""}","[{""left_source_candidate_id"": ""source-candidate:1f39f53d8cd09fa1d08f"", ""right_source_candidate_id"": ""source-candidate:294bdca7d97ef6273cb2"", ""signals"": [], ""conflicts"": [""entity_type_conflict""], ""merge_eligible"": false}, {""left_source_candidate_id"": ""source-candidate:294bdca7d97ef6273cb2"", ""right_source_candidate_id"": ""source-candidate:2ccb9d8d89017016a5b5"", ""signals"": [], ""conflicts"": [""entity_type_conflict""], ""merge_eligible"": false}, {""left_source_candidate_id"": ""source-candidate:294bdca7d97ef6273cb2"", ""right_source_candidate_id"": ""source-candidate:3306217d4e5ed3c3cc40"", ""signals"": [], ""conflicts"": [""entity_type_conflict""], ""merge_eligible"": false}, {""left_source_candidate_id"": ""source-candidate:294bdca7d97ef6273cb2"", ""right_source_candidate_id"": ""source-candidate:4cdda2e7c62dc8bb34e5"", ""signals"": [], ""conflicts"": [""entity_type_conflict""], ""merge_eligible"": false}, {""left_source_candidate_id"": ""source-candidate:294bdca7d97ef6273cb2"", ""right_source_candidate_id"": ""source-candidate:5596eb648c0ce84d9b02"", ""signals"": [""era_overlap""], ""conflicts"": [""entity_type_conflict""], ""merge_eligible"": false}, {""left_source_candidate_id"": ""source-candidate:294bdca7d97ef6273cb2"", ""right_source_candidate_id"": ""source-candidate:8d3602f8a3410a331638"", ""signals"": [], ""conflicts"": [""entity_type_conflict""], ""merge_eligible"": false}, {""left_source_candidate_id"": ""source-candidate:294bdca7d97ef6273cb2"", ""right_source_candidate_id"": ""source-candidate:cd3b2242ce2796a82fc0"", ""signals"": [""era_overlap""], ""conflicts"": [""entity_type_conflict""], ""merge_eligible"": false}, {""left_source_candidate_id"": ""source-candidate:294bdca7d97ef6273cb2"", ""right_source_candidate_id"": ""source-candidate:dec3a22d1e2f0ff8c9f2"", ""signals"": [], ""conflicts"": [""entity_type_conflict""], ""merge_eligible"": false}]",EVIDENCE_ONLY,,,,REL_166,동복지,Work,
88,gold-case:17be139fe4324b66e462,term-review-task:d0cc75a6c16f5d681027,resolution-case:daf72d280451635f8554,정년도목,제도,"[{""problem_id"": ""cj_v41_0630"", ""full_text"": ""백관이 최우의 집에 나아가 정년도목을 올리니, 최우가 정사에 앉아 받았다. 6품 이하는 당하에서 두 번 절하고 땅에 엎드려 감히 고개를 들지 못하였다. 이때부터 최우는 정방을 자기 집에 두고 백관의 인사 행정을 처리하였다. - 고려사절요 -\n다음 상황 이후에 전개된 사실로 옳은 것은?\n삼별초가 용장성에서 항전하였다.\n정중부 등이 김보당의 반란을 진압하였다.\n빈민 구제를 위한 흑창을 처음 설치하였다.\n공주 명학소에서 망이·망소이가 봉기하였다.\n최충헌이 교정별감이 되어 국정을 총괄하였다.""}, {""problem_id"": ""cj_v41_1206"", ""full_text"": ""(가) 왕이 먼저 나라 안의 신하들을 권유하여 개경으로 환도하게 하였다. 여러 신하들이 말하기를 “임금의 명령인데, 감히 따르지 않을 수 있겠는가?”라고 하였으므로, 임유무가 화가 나서 어떻게 해야 할지를 알지 못하였다. (나) 조위총이 군사를 일으키자, 이의방이 이의민을 정동 대장군 지병마사로 임명하였다. 이의민이 군사를 거느리고 전투에 나섰다가 날아오는 화살에 눈을 맞았으나, 철령으로 진군하여 사방에서 북을 치고 고함을 지르면서 급습하여 크게 격파 하였다. (다) 백관이 최우의 집에 나아가 정년도목(政年都目)을 올렸다. 최우가 청사에 앉아 그것을 받았다. 6품 이하는 당하(堂下)에서 두 번 절하고 땅에 엎드려 감히 고개를 들고 보지 못하였다. 이때부터 최우는 정방을 그의 집에 두고 백관의 인사 행정을 처리하였다.\n(가)~(다)를 일어난 순서대로 옳게 나열한 것은?\n(가) - (나) - (다)\n(가) - (다) - (나)\n(나) - (가) - (다)\n(나) - (다) - (가)\n(다) - (나) - (가)""}]",source-candidate:76c5c52092f22773f0f6,THESAURUS:TERM:35670264:sha256-1022516a18f91e61,THESAURUS,1,녹도목,name,name_ngram,0.328095,UNKNOWN,"[""녹도목""]","[""祿都目""]","[""조선시대""]",,,[],,"{""term_name"": ""녹도목"", ""hanja"": ""祿都目"", ""era"": ""조선시대"", ""thesaurus_category"": ""정치·행정·법제>인사"", ""description"": ""조선시대 체아직(遞兒職)에 대하여 해마다 네 차례 행하는 도목."", ""term_year"": ""?-?""}",[],EVIDENCE_ONLY,,,,REL_167,녹도목,Institution,
88,gold-case:17be139fe4324b66e462,term-review-task:d0cc75a6c16f5d681027,resolution-case:daf72d280451635f8554,정년도목,제도,"[{""problem_id"": ""cj_v41_0630"", ""full_text"": ""백관이 최우의 집에 나아가 정년도목을 올리니, 최우가 정사에 앉아 받았다. 6품 이하는 당하에서 두 번 절하고 땅에 엎드려 감히 고개를 들지 못하였다. 이때부터 최우는 정방을 자기 집에 두고 백관의 인사 행정을 처리하였다. - 고려사절요 -\n다음 상황 이후에 전개된 사실로 옳은 것은?\n삼별초가 용장성에서 항전하였다.\n정중부 등이 김보당의 반란을 진압하였다.\n빈민 구제를 위한 흑창을 처음 설치하였다.\n공주 명학소에서 망이·망소이가 봉기하였다.\n최충헌이 교정별감이 되어 국정을 총괄하였다.""}, {""problem_id"": ""cj_v41_1206"", ""full_text"": ""(가) 왕이 먼저 나라 안의 신하들을 권유하여 개경으로 환도하게 하였다. 여러 신하들이 말하기를 “임금의 명령인데, 감히 따르지 않을 수 있겠는가?”라고 하였으므로, 임유무가 화가 나서 어떻게 해야 할지를 알지 못하였다. (나) 조위총이 군사를 일으키자, 이의방이 이의민을 정동 대장군 지병마사로 임명하였다. 이의민이 군사를 거느리고 전투에 나섰다가 날아오는 화살에 눈을 맞았으나, 철령으로 진군하여 사방에서 북을 치고 고함을 지르면서 급습하여 크게 격파 하였다. (다) 백관이 최우의 집에 나아가 정년도목(政年都目)을 올렸다. 최우가 청사에 앉아 그것을 받았다. 6품 이하는 당하(堂下)에서 두 번 절하고 땅에 엎드려 감히 고개를 들고 보지 못하였다. 이때부터 최우는 정방을 그의 집에 두고 백관의 인사 행정을 처리하였다.\n(가)~(다)를 일어난 순서대로 옳게 나열한 것은?\n(가) - (나) - (다)\n(가) - (다) - (나)\n(나) - (가) - (다)\n(나) - (다) - (가)\n(다) - (나) - (가)""}]",source-candidate:3fc18047ad56235276ab,THESAURUS:TERM:9096:sha256-1022516a18f91e61,THESAURUS,2,도목채,name,name_ngram,0.328095,UNKNOWN,"[""도목채""]","[""都目債""]","[""조선시대""]",,,[],,"{""term_name"": ""도목채"", ""hanja"": ""都目債"", ""era"": ""조선시대"", ""thesaurus_category"": ""정치·행정·법제>인사"", ""description"": ""조선시대 국가에서 벼슬아치들의 성적을 정리한 도목을 작성하는 데 드는 비용으로 지급하는 물품이나 돈."", ""term_year"": ""?-?""}",[],EVIDENCE_ONLY,,,,REL_168,도목채,Institution,
88,gold-case:17be139fe4324b66e462,term-review-task:d0cc75a6c16f5d681027,resolution-case:daf72d280451635f8554,정년도목,제도,"[{""problem_id"": ""cj_v41_0630"", ""full_text"": ""백관이 최우의 집에 나아가 정년도목을 올리니, 최우가 정사에 앉아 받았다. 6품 이하는 당하에서 두 번 절하고 땅에 엎드려 감히 고개를 들지 못하였다. 이때부터 최우는 정방을 자기 집에 두고 백관의 인사 행정을 처리하였다. - 고려사절요 -\n다음 상황 이후에 전개된 사실로 옳은 것은?\n삼별초가 용장성에서 항전하였다.\n정중부 등이 김보당의 반란을 진압하였다.\n빈민 구제를 위한 흑창을 처음 설치하였다.\n공주 명학소에서 망이·망소이가 봉기하였다.\n최충헌이 교정별감이 되어 국정을 총괄하였다.""}, {""problem_id"": ""cj_v41_1206"", ""full_text"": ""(가) 왕이 먼저 나라 안의 신하들을 권유하여 개경으로 환도하게 하였다. 여러 신하들이 말하기를 “임금의 명령인데, 감히 따르지 않을 수 있겠는가?”라고 하였으므로, 임유무가 화가 나서 어떻게 해야 할지를 알지 못하였다. (나) 조위총이 군사를 일으키자, 이의방이 이의민을 정동 대장군 지병마사로 임명하였다. 이의민이 군사를 거느리고 전투에 나섰다가 날아오는 화살에 눈을 맞았으나, 철령으로 진군하여 사방에서 북을 치고 고함을 지르면서 급습하여 크게 격파 하였다. (다) 백관이 최우의 집에 나아가 정년도목(政年都目)을 올렸다. 최우가 청사에 앉아 그것을 받았다. 6품 이하는 당하(堂下)에서 두 번 절하고 땅에 엎드려 감히 고개를 들고 보지 못하였다. 이때부터 최우는 정방을 그의 집에 두고 백관의 인사 행정을 처리하였다.\n(가)~(다)를 일어난 순서대로 옳게 나열한 것은?\n(가) - (나) - (다)\n(가) - (다) - (나)\n(나) - (가) - (다)\n(나) - (다) - (가)\n(다) - (나) - (가)""}]",source-candidate:15bc02c54a1f2abfda24,THESAURUS:TERM:6304125:sha256-1022516a18f91e61,THESAURUS,3,도목정사놀이,name,name_ngram,0.314667,UNKNOWN,"[""도목정사놀이""]","[""都目政事""]","[""조선시대""]",,,[],,"{""term_name"": ""도목정사놀이"", ""hanja"": ""都目政事놀이"", ""era"": ""조선시대"", ""thesaurus_category"": ""사회·생활>취미·오락"", ""description"": ""조선시대에 도목정사의 실태를 소재로 한 일종의 사회풍자극."", ""term_year"": ""?-?""}",[],EVIDENCE_ONLY,,,,REL_167,도목정사놀이,Work,
88,gold-case:17be139fe4324b66e462,term-review-task:d0cc75a6c16f5d681027,resolution-case:daf72d280451635f8554,정년도목,제도,"[{""problem_id"": ""cj_v41_0630"", ""full_text"": ""백관이 최우의 집에 나아가 정년도목을 올리니, 최우가 정사에 앉아 받았다. 6품 이하는 당하에서 두 번 절하고 땅에 엎드려 감히 고개를 들지 못하였다. 이때부터 최우는 정방을 자기 집에 두고 백관의 인사 행정을 처리하였다. - 고려사절요 -\n다음 상황 이후에 전개된 사실로 옳은 것은?\n삼별초가 용장성에서 항전하였다.\n정중부 등이 김보당의 반란을 진압하였다.\n빈민 구제를 위한 흑창을 처음 설치하였다.\n공주 명학소에서 망이·망소이가 봉기하였다.\n최충헌이 교정별감이 되어 국정을 총괄하였다.""}, {""problem_id"": ""cj_v41_1206"", ""full_text"": ""(가) 왕이 먼저 나라 안의 신하들을 권유하여 개경으로 환도하게 하였다. 여러 신하들이 말하기를 “임금의 명령인데, 감히 따르지 않을 수 있겠는가?”라고 하였으므로, 임유무가 화가 나서 어떻게 해야 할지를 알지 못하였다. (나) 조위총이 군사를 일으키자, 이의방이 이의민을 정동 대장군 지병마사로 임명하였다. 이의민이 군사를 거느리고 전투에 나섰다가 날아오는 화살에 눈을 맞았으나, 철령으로 진군하여 사방에서 북을 치고 고함을 지르면서 급습하여 크게 격파 하였다. (다) 백관이 최우의 집에 나아가 정년도목(政年都目)을 올렸다. 최우가 청사에 앉아 그것을 받았다. 6품 이하는 당하(堂下)에서 두 번 절하고 땅에 엎드려 감히 고개를 들고 보지 못하였다. 이때부터 최우는 정방을 그의 집에 두고 백관의 인사 행정을 처리하였다.\n(가)~(다)를 일어난 순서대로 옳게 나열한 것은?\n(가) - (나) - (다)\n(가) - (다) - (나)\n(나) - (가) - (다)\n(나) - (다) - (가)\n(다) - (나) - (가)""}]",source-candidate:9d234da546aae3f84c31,AKS:ARTICLE:E0015631:sha256-704d8ea620c542f5,AKS,4,도목정사,name,name_ngram,0.3075,COMPATIBLE,"[""도목정사""]","[""都目政事""]","[""고려"", ""고려 전기"", ""조선""]",,,[],Concept,"{""headword"": ""도목정사"", ""origin"": ""都目政事"", ""headword_origin"": ""도목정사(都目政事)"", ""primary_type"": ""제도/법령·제도"", ""era"": ""고려/고려 전기 | 조선"", ""definition"": ""고려·조선 시대 매년 두 번 혹은 네 번 이조·병조에서 행하는 인사행정.""}","[{""left_source_candidate_id"": ""source-candidate:9d234da546aae3f84c31"", ""right_source_candidate_id"": ""source-candidate:aa75c0435ce8265c4feb"", ""signals"": [""normalized_name_match"", ""hanja_match""], ""conflicts"": [], ""merge_eligible"": true}, {""left_source_candidate_id"": ""source-candidate:9d234da546aae3f84c31"", ""right_source_candidate_id"": ""source-candidate:c09712d5ede16f168db9"", ""signals"": [], ""conflicts"": [""entity_type_conflict""], ""merge_eligible"": false}, {""left_source_candidate_id"": ""source-candidate:9d234da546aae3f84c31"", ""right_source_candidate_id"": ""source-candidate:ec7fd7b6d32bb1c0781f"", ""signals"": [], ""conflicts"": [""entity_type_conflict""], ""merge_eligible"": false}, {""left_source_candidate_id"": ""source-candidate:9d234da546aae3f84c31"", ""right_source_candidate_id"": ""source-candidate:fe24b6086acad3a8bc73"", ""signals"": [], ""conflicts"": [""entity_type_conflict""], ""merge_eligible"": false}]",EVIDENCE_ONLY,,,,REL_168,도목정사,Concept,
88,gold-case:17be139fe4324b66e462,term-review-task:d0cc75a6c16f5d681027,resolution-case:daf72d280451635f8554,정년도목,제도,"[{""problem_id"": ""cj_v41_0630"", ""full_text"": ""백관이 최우의 집에 나아가 정년도목을 올리니, 최우가 정사에 앉아 받았다. 6품 이하는 당하에서 두 번 절하고 땅에 엎드려 감히 고개를 들지 못하였다. 이때부터 최우는 정방을 자기 집에 두고 백관의 인사 행정을 처리하였다. - 고려사절요 -\n다음 상황 이후에 전개된 사실로 옳은 것은?\n삼별초가 용장성에서 항전하였다.\n정중부 등이 김보당의 반란을 진압하였다.\n빈민 구제를 위한 흑창을 처음 설치하였다.\n공주 명학소에서 망이·망소이가 봉기하였다.\n최충헌이 교정별감이 되어 국정을 총괄하였다.""}, {""problem_id"": ""cj_v41_1206"", ""full_text"": ""(가) 왕이 먼저 나라 안의 신하들을 권유하여 개경으로 환도하게 하였다. 여러 신하들이 말하기를 “임금의 명령인데, 감히 따르지 않을 수 있겠는가?”라고 하였으므로, 임유무가 화가 나서 어떻게 해야 할지를 알지 못하였다. (나) 조위총이 군사를 일으키자, 이의방이 이의민을 정동 대장군 지병마사로 임명하였다. 이의민이 군사를 거느리고 전투에 나섰다가 날아오는 화살에 눈을 맞았으나, 철령으로 진군하여 사방에서 북을 치고 고함을 지르면서 급습하여 크게 격파 하였다. (다) 백관이 최우의 집에 나아가 정년도목(政年都目)을 올렸다. 최우가 청사에 앉아 그것을 받았다. 6품 이하는 당하(堂下)에서 두 번 절하고 땅에 엎드려 감히 고개를 들고 보지 못하였다. 이때부터 최우는 정방을 그의 집에 두고 백관의 인사 행정을 처리하였다.\n(가)~(다)를 일어난 순서대로 옳게 나열한 것은?\n(가) - (나) - (다)\n(가) - (다) - (나)\n(나) - (가) - (다)\n(나) - (다) - (가)\n(다) - (나) - (가)""}]",source-candidate:aa75c0435ce8265c4feb,THESAURUS:TERM:9104:sha256-1022516a18f91e61,THESAURUS,5,도목정사,name,name_ngram,0.3075,UNKNOWN,"[""도목정사""]","[""都目政事""]","[""고려시대-조선시대""]",,,[],,"{""term_name"": ""도목정사"", ""hanja"": ""都目政事"", ""era"": ""고려시대-조선시대"", ""thesaurus_category"": ""정치·행정·법제>인사"", ""description"": ""고려-조선시대 음력 6월과 12월 두 차례 중앙과 지방의 관리의 치적을 종합 조사하여 그 성적에 따라 인사관리하는 방식의 하나."", ""term_year"": ""?-?""}","[{""left_source_candidate_id"": ""source-candidate:9d234da546aae3f84c31"", ""right_source_candidate_id"": ""source-candidate:aa75c0435ce8265c4feb"", ""signals"": [""normalized_name_match"", ""hanja_match""], ""conflicts"": [], ""merge_eligible"": true}]",EVIDENCE_ONLY,,,,REL_168,도목정사,도목정사,
88,gold-case:17be139fe4324b66e462,term-review-task:d0cc75a6c16f5d681027,resolution-case:daf72d280451635f8554,정년도목,제도,"[{""problem_id"": ""cj_v41_0630"", ""full_text"": ""백관이 최우의 집에 나아가 정년도목을 올리니, 최우가 정사에 앉아 받았다. 6품 이하는 당하에서 두 번 절하고 땅에 엎드려 감히 고개를 들지 못하였다. 이때부터 최우는 정방을 자기 집에 두고 백관의 인사 행정을 처리하였다. - 고려사절요 -\n다음 상황 이후에 전개된 사실로 옳은 것은?\n삼별초가 용장성에서 항전하였다.\n정중부 등이 김보당의 반란을 진압하였다.\n빈민 구제를 위한 흑창을 처음 설치하였다.\n공주 명학소에서 망이·망소이가 봉기하였다.\n최충헌이 교정별감이 되어 국정을 총괄하였다.""}, {""problem_id"": ""cj_v41_1206"", ""full_text"": ""(가) 왕이 먼저 나라 안의 신하들을 권유하여 개경으로 환도하게 하였다. 여러 신하들이 말하기를 “임금의 명령인데, 감히 따르지 않을 수 있겠는가?”라고 하였으므로, 임유무가 화가 나서 어떻게 해야 할지를 알지 못하였다. (나) 조위총이 군사를 일으키자, 이의방이 이의민을 정동 대장군 지병마사로 임명하였다. 이의민이 군사를 거느리고 전투에 나섰다가 날아오는 화살에 눈을 맞았으나, 철령으로 진군하여 사방에서 북을 치고 고함을 지르면서 급습하여 크게 격파 하였다. (다) 백관이 최우의 집에 나아가 정년도목(政年都目)을 올렸다. 최우가 청사에 앉아 그것을 받았다. 6품 이하는 당하(堂下)에서 두 번 절하고 땅에 엎드려 감히 고개를 들고 보지 못하였다. 이때부터 최우는 정방을 그의 집에 두고 백관의 인사 행정을 처리하였다.\n(가)~(다)를 일어난 순서대로 옳게 나열한 것은?\n(가) - (나) - (다)\n(가) - (다) - (나)\n(나) - (가) - (다)\n(나) - (다) - (가)\n(다) - (나) - (가)""}]",source-candidate:c09712d5ede16f168db9,THESAURUS:TERM:12601717:sha256-1022516a18f91e61,THESAURUS,6,정년,name,name_ngram,0.306667,UNKNOWN,"[""정년""]","[""鄭年""]","[""남북국시대""]",,,[],Person,"{""term_name"": ""정년"", ""hanja"": ""鄭年"", ""era"": ""남북국시대"", ""thesaurus_category"": ""인명"", ""description"": ""신라 하대의 무장. 장보고와 함께 중국에 건너가 당나라의 무령군(武寧軍)의 장교로 복무하다가 관직을 잃자 장보고의 휘하에 들어감."", ""term_year"": ""?""}","[{""left_source_candidate_id"": ""source-candidate:37afbccef3a753ebdd64"", ""right_source_candidate_id"": ""source-candidate:c09712d5ede16f168db9"", ""signals"": [], ""conflicts"": [""entity_type_conflict""], ""merge_eligible"": false}, {""left_source_candidate_id"": ""source-candidate:9d234da546aae3f84c31"", ""right_source_candidate_id"": ""source-candidate:c09712d5ede16f168db9"", ""signals"": [], ""conflicts"": [""entity_type_conflict""], ""merge_eligible"": false}, {""left_source_candidate_id"": ""source-candidate:c09712d5ede16f168db9"", ""right_source_candidate_id"": ""source-candidate:cf27f487c0f3eb70a253"", ""signals"": [], ""conflicts"": [""entity_type_conflict""], ""merge_eligible"": false}, {""left_source_candidate_id"": ""source-candidate:c09712d5ede16f168db9"", ""right_source_candidate_id"": ""source-candidate:ec7fd7b6d32bb1c0781f"", ""signals"": [], ""conflicts"": [""entity_type_conflict""], ""merge_eligible"": false}]",,,,,,,,
88,gold-case:17be139fe4324b66e462,term-review-task:d0cc75a6c16f5d681027,resolution-case:daf72d280451635f8554,정년도목,제도,"[{""problem_id"": ""cj_v41_0630"", ""full_text"": ""백관이 최우의 집에 나아가 정년도목을 올리니, 최우가 정사에 앉아 받았다. 6품 이하는 당하에서 두 번 절하고 땅에 엎드려 감히 고개를 들지 못하였다. 이때부터 최우는 정방을 자기 집에 두고 백관의 인사 행정을 처리하였다. - 고려사절요 -\n다음 상황 이후에 전개된 사실로 옳은 것은?\n삼별초가 용장성에서 항전하였다.\n정중부 등이 김보당의 반란을 진압하였다.\n빈민 구제를 위한 흑창을 처음 설치하였다.\n공주 명학소에서 망이·망소이가 봉기하였다.\n최충헌이 교정별감이 되어 국정을 총괄하였다.""}, {""problem_id"": ""cj_v41_1206"", ""full_text"": ""(가) 왕이 먼저 나라 안의 신하들을 권유하여 개경으로 환도하게 하였다. 여러 신하들이 말하기를 “임금의 명령인데, 감히 따르지 않을 수 있겠는가?”라고 하였으므로, 임유무가 화가 나서 어떻게 해야 할지를 알지 못하였다. (나) 조위총이 군사를 일으키자, 이의방이 이의민을 정동 대장군 지병마사로 임명하였다. 이의민이 군사를 거느리고 전투에 나섰다가 날아오는 화살에 눈을 맞았으나, 철령으로 진군하여 사방에서 북을 치고 고함을 지르면서 급습하여 크게 격파 하였다. (다) 백관이 최우의 집에 나아가 정년도목(政年都目)을 올렸다. 최우가 청사에 앉아 그것을 받았다. 6품 이하는 당하(堂下)에서 두 번 절하고 땅에 엎드려 감히 고개를 들고 보지 못하였다. 이때부터 최우는 정방을 그의 집에 두고 백관의 인사 행정을 처리하였다.\n(가)~(다)를 일어난 순서대로 옳게 나열한 것은?\n(가) - (나) - (다)\n(가) - (다) - (나)\n(나) - (가) - (다)\n(나) - (다) - (가)\n(다) - (나) - (가)""}]",source-candidate:cf27f487c0f3eb70a253,AKS:ARTICLE:E0013562:sha256-704d8ea620c542f5,AKS,7,단도목,name,name_ngram,0.271429,COMPATIBLE,"[""단도목""]","[""單都目""]","[""조선"", ""조선 전기""]",,,[],Concept,"{""headword"": ""단도목"", ""origin"": ""單都目"", ""headword_origin"": ""단도목(單都目)"", ""primary_type"": ""제도/법령·제도"", ""era"": ""조선/조선 전기"", ""definition"": ""조선 초기 일년에 한 번씩 정기적으로 시행한 관리들의 인사 제도.""}","[{""left_source_candidate_id"": ""source-candidate:c09712d5ede16f168db9"", ""right_source_candidate_id"": ""source-candidate:cf27f487c0f3eb70a253"", ""signals"": [], ""conflicts"": [""entity_type_conflict""], ""merge_eligible"": false}, {""left_source_candidate_id"": ""source-candidate:cf27f487c0f3eb70a253"", ""right_source_candidate_id"": ""source-candidate:ec7fd7b6d32bb1c0781f"", ""signals"": [], ""conflicts"": [""entity_type_conflict""], ""merge_eligible"": false}, {""left_source_candidate_id"": ""source-candidate:cf27f487c0f3eb70a253"", ""right_source_candidate_id"": ""source-candidate:fe24b6086acad3a8bc73"", ""signals"": [], ""conflicts"": [""entity_type_conflict""], ""merge_eligible"": false}]",EVIDENCE_ONLY,,,,REL_169,단도목,Concept,
88,gold-case:17be139fe4324b66e462,term-review-task:d0cc75a6c16f5d681027,resolution-case:daf72d280451635f8554,정년도목,제도,"[{""problem_id"": ""cj_v41_0630"", ""full_text"": ""백관이 최우의 집에 나아가 정년도목을 올리니, 최우가 정사에 앉아 받았다. 6품 이하는 당하에서 두 번 절하고 땅에 엎드려 감히 고개를 들지 못하였다. 이때부터 최우는 정방을 자기 집에 두고 백관의 인사 행정을 처리하였다. - 고려사절요 -\n다음 상황 이후에 전개된 사실로 옳은 것은?\n삼별초가 용장성에서 항전하였다.\n정중부 등이 김보당의 반란을 진압하였다.\n빈민 구제를 위한 흑창을 처음 설치하였다.\n공주 명학소에서 망이·망소이가 봉기하였다.\n최충헌이 교정별감이 되어 국정을 총괄하였다.""}, {""problem_id"": ""cj_v41_1206"", ""full_text"": ""(가) 왕이 먼저 나라 안의 신하들을 권유하여 개경으로 환도하게 하였다. 여러 신하들이 말하기를 “임금의 명령인데, 감히 따르지 않을 수 있겠는가?”라고 하였으므로, 임유무가 화가 나서 어떻게 해야 할지를 알지 못하였다. (나) 조위총이 군사를 일으키자, 이의방이 이의민을 정동 대장군 지병마사로 임명하였다. 이의민이 군사를 거느리고 전투에 나섰다가 날아오는 화살에 눈을 맞았으나, 철령으로 진군하여 사방에서 북을 치고 고함을 지르면서 급습하여 크게 격파 하였다. (다) 백관이 최우의 집에 나아가 정년도목(政年都目)을 올렸다. 최우가 청사에 앉아 그것을 받았다. 6품 이하는 당하(堂下)에서 두 번 절하고 땅에 엎드려 감히 고개를 들고 보지 못하였다. 이때부터 최우는 정방을 그의 집에 두고 백관의 인사 행정을 처리하였다.\n(가)~(다)를 일어난 순서대로 옳게 나열한 것은?\n(가) - (나) - (다)\n(가) - (다) - (나)\n(나) - (가) - (다)\n(나) - (다) - (가)\n(다) - (나) - (가)""}]",source-candidate:37afbccef3a753ebdd64,AKS:ARTICLE:E0015630:sha256-704d8ea620c542f5,AKS,8,도목장,name,name_ngram,0.271429,COMPATIBLE,"[""도목장""]","[""都目狀""]","[""조선"", ""조선 전기"", ""조선 후기""]",,,[],Concept,"{""headword"": ""도목장"", ""origin"": ""都目狀"", ""headword_origin"": ""도목장(都目狀)"", ""primary_type"": ""제도/법령·제도"", ""era"": ""조선/조선 전기 | 조선/조선 후기"", ""definition"": ""조선시대 지방에 거주하는 공노비의 총괄장부.""}","[{""left_source_candidate_id"": ""source-candidate:37afbccef3a753ebdd64"", ""right_source_candidate_id"": ""source-candidate:c09712d5ede16f168db9"", ""signals"": [], ""conflicts"": [""entity_type_conflict""], ""merge_eligible"": false}, {""left_source_candidate_id"": ""source-candidate:37afbccef3a753ebdd64"", ""right_source_candidate_id"": ""source-candidate:ec7fd7b6d32bb1c0781f"", ""signals"": [], ""conflicts"": [""entity_type_conflict""], ""merge_eligible"": false}, {""left_source_candidate_id"": ""source-candidate:37afbccef3a753ebdd64"", ""right_source_candidate_id"": ""source-candidate:fe24b6086acad3a8bc73"", ""signals"": [], ""conflicts"": [""entity_type_conflict""], ""merge_eligible"": false}]",EVIDENCE_ONLY,,,,REL_170,도목장,Work,
88,gold-case:17be139fe4324b66e462,term-review-task:d0cc75a6c16f5d681027,resolution-case:daf72d280451635f8554,정년도목,제도,"[{""problem_id"": ""cj_v41_0630"", ""full_text"": ""백관이 최우의 집에 나아가 정년도목을 올리니, 최우가 정사에 앉아 받았다. 6품 이하는 당하에서 두 번 절하고 땅에 엎드려 감히 고개를 들지 못하였다. 이때부터 최우는 정방을 자기 집에 두고 백관의 인사 행정을 처리하였다. - 고려사절요 -\n다음 상황 이후에 전개된 사실로 옳은 것은?\n삼별초가 용장성에서 항전하였다.\n정중부 등이 김보당의 반란을 진압하였다.\n빈민 구제를 위한 흑창을 처음 설치하였다.\n공주 명학소에서 망이·망소이가 봉기하였다.\n최충헌이 교정별감이 되어 국정을 총괄하였다.""}, {""problem_id"": ""cj_v41_1206"", ""full_text"": ""(가) 왕이 먼저 나라 안의 신하들을 권유하여 개경으로 환도하게 하였다. 여러 신하들이 말하기를 “임금의 명령인데, 감히 따르지 않을 수 있겠는가?”라고 하였으므로, 임유무가 화가 나서 어떻게 해야 할지를 알지 못하였다. (나) 조위총이 군사를 일으키자, 이의방이 이의민을 정동 대장군 지병마사로 임명하였다. 이의민이 군사를 거느리고 전투에 나섰다가 날아오는 화살에 눈을 맞았으나, 철령으로 진군하여 사방에서 북을 치고 고함을 지르면서 급습하여 크게 격파 하였다. (다) 백관이 최우의 집에 나아가 정년도목(政年都目)을 올렸다. 최우가 청사에 앉아 그것을 받았다. 6품 이하는 당하(堂下)에서 두 번 절하고 땅에 엎드려 감히 고개를 들고 보지 못하였다. 이때부터 최우는 정방을 그의 집에 두고 백관의 인사 행정을 처리하였다.\n(가)~(다)를 일어난 순서대로 옳게 나열한 것은?\n(가) - (나) - (다)\n(가) - (다) - (나)\n(나) - (가) - (다)\n(나) - (다) - (가)\n(다) - (나) - (가)""}]",source-candidate:fe24b6086acad3a8bc73,AKS:ARTICLE:E0050053:sha256-704d8ea620c542f5,AKS,9,정년,name,name_ngram,0.306667,CONFLICT,"[""정년"", ""정련鄭連""]","[""鄭年"", ""鄭連""]","[""고대"", ""남북국"", ""통일신라""]",,,[],Person,"{""headword"": ""정년"", ""aliases"": [""정련(鄭連)""], ""origin"": ""鄭年"", ""headword_origin"": ""정년(鄭年)"", ""primary_type"": ""인물/전통 인물"", ""era"": ""고대/남북국/통일신라"", ""definition"": ""남북국시대 통일신라의 청해진대사 장보고 휘하의 관리. 장군.""}","[{""left_source_candidate_id"": ""source-candidate:37afbccef3a753ebdd64"", ""right_source_candidate_id"": ""source-candidate:fe24b6086acad3a8bc73"", ""signals"": [], ""conflicts"": [""entity_type_conflict""], ""merge_eligible"": false}, {""left_source_candidate_id"": ""source-candidate:9d234da546aae3f84c31"", ""right_source_candidate_id"": ""source-candidate:fe24b6086acad3a8bc73"", ""signals"": [], ""conflicts"": [""entity_type_conflict""], ""merge_eligible"": false}, {""left_source_candidate_id"": ""source-candidate:cf27f487c0f3eb70a253"", ""right_source_candidate_id"": ""source-candidate:fe24b6086acad3a8bc73"", ""signals"": [], ""conflicts"": [""entity_type_conflict""], ""merge_eligible"": false}, {""left_source_candidate_id"": ""source-candidate:ec7fd7b6d32bb1c0781f"", ""right_source_candidate_id"": ""source-candidate:fe24b6086acad3a8bc73"", ""signals"": [], ""conflicts"": [""entity_type_conflict""], ""merge_eligible"": false}]",,,,,,,,
88,gold-case:17be139fe4324b66e462,term-review-task:d0cc75a6c16f5d681027,resolution-case:daf72d280451635f8554,정년도목,제도,"[{""problem_id"": ""cj_v41_0630"", ""full_text"": ""백관이 최우의 집에 나아가 정년도목을 올리니, 최우가 정사에 앉아 받았다. 6품 이하는 당하에서 두 번 절하고 땅에 엎드려 감히 고개를 들지 못하였다. 이때부터 최우는 정방을 자기 집에 두고 백관의 인사 행정을 처리하였다. - 고려사절요 -\n다음 상황 이후에 전개된 사실로 옳은 것은?\n삼별초가 용장성에서 항전하였다.\n정중부 등이 김보당의 반란을 진압하였다.\n빈민 구제를 위한 흑창을 처음 설치하였다.\n공주 명학소에서 망이·망소이가 봉기하였다.\n최충헌이 교정별감이 되어 국정을 총괄하였다.""}, {""problem_id"": ""cj_v41_1206"", ""full_text"": ""(가) 왕이 먼저 나라 안의 신하들을 권유하여 개경으로 환도하게 하였다. 여러 신하들이 말하기를 “임금의 명령인데, 감히 따르지 않을 수 있겠는가?”라고 하였으므로, 임유무가 화가 나서 어떻게 해야 할지를 알지 못하였다. (나) 조위총이 군사를 일으키자, 이의방이 이의민을 정동 대장군 지병마사로 임명하였다. 이의민이 군사를 거느리고 전투에 나섰다가 날아오는 화살에 눈을 맞았으나, 철령으로 진군하여 사방에서 북을 치고 고함을 지르면서 급습하여 크게 격파 하였다. (다) 백관이 최우의 집에 나아가 정년도목(政年都目)을 올렸다. 최우가 청사에 앉아 그것을 받았다. 6품 이하는 당하(堂下)에서 두 번 절하고 땅에 엎드려 감히 고개를 들고 보지 못하였다. 이때부터 최우는 정방을 그의 집에 두고 백관의 인사 행정을 처리하였다.\n(가)~(다)를 일어난 순서대로 옳게 나열한 것은?\n(가) - (나) - (다)\n(가) - (다) - (나)\n(나) - (가) - (다)\n(나) - (다) - (가)\n(다) - (나) - (가)""}]",source-candidate:ec7fd7b6d32bb1c0781f,AKS:ARTICLE:E0006601:sha256-704d8ea620c542f5,AKS,10,군도목,name,name_ngram,0.271429,CONFLICT,"[""군도목"", ""군두목""]","[""群都目""]","[""근대"", ""개항기""]",,,[],Work,"{""headword"": ""군도목"", ""aliases"": [""군두목""], ""origin"": ""群都目"", ""headword_origin"": ""군도목(群都目)"", ""primary_type"": ""문헌/고서"", ""era"": ""근대/개항기"", ""definition"": ""1896년에 쓰여진 편자 미상의 국어 어휘집.""}","[{""left_source_candidate_id"": ""source-candidate:37afbccef3a753ebdd64"", ""right_source_candidate_id"": ""source-candidate:ec7fd7b6d32bb1c0781f"", ""signals"": [], ""conflicts"": [""entity_type_conflict""], ""merge_eligible"": false}, {""left_source_candidate_id"": ""source-candidate:9d234da546aae3f84c31"", ""right_source_candidate_id"": ""source-candidate:ec7fd7b6d32bb1c0781f"", ""signals"": [], ""conflicts"": [""entity_type_conflict""], ""merge_eligible"": false}, {""left_source_candidate_id"": ""source-candidate:c09712d5ede16f168db9"", ""right_source_candidate_id"": ""source-candidate:ec7fd7b6d32bb1c0781f"", ""signals"": [], ""conflicts"": [""entity_type_conflict""], ""merge_eligible"": false}, {""left_source_candidate_id"": ""source-candidate:cf27f487c0f3eb70a253"", ""right_source_candidate_id"": ""source-candidate:ec7fd7b6d32bb1c0781f"", ""signals"": [], ""conflicts"": [""entity_type_conflict""], ""merge_eligible"": false}, {""left_source_candidate_id"": ""source-candidate:ec7fd7b6d32bb1c0781f"", ""right_source_candidate_id"": ""source-candidate:fe24b6086acad3a8bc73"", ""signals"": [], ""conflicts"": [""entity_type_conflict""], ""merge_eligible"": false}]",,,,,,,,
89,gold-case:eff451be3582e9c00910,term-review-task:1cf341e17e841dd46e7b,resolution-case:11bb0a4d8f83db7077d2,비잔틴 제국,국가,"[{""problem_id"": ""cj_v41_0385"", ""full_text"": ""다큐멘터리 공모 신청서 작품명: 저서, 위대한 역사 기록이 되다 8세기 인도와 중앙아시아의 실상을 전해 주는 중요한 기록을 남긴 신라 승려가 있다. 글로벌 시대를 맞아 (가)의 기록이 우리에게 남긴 의미를 재조명한다. 현지 답사를 통해 이슬람 세계와 비잔틴 제국에 대한 기록까지 고증하고자 한다.\n(가) 인물에 대한 설명으로 옳은 것은?\n향가 모음집인 삼대목을 편찬하였다.\n화랑도의 규범인 세속 5계를 제시하였다.\n무애가를 지어 불교 대중화에 기여하였다.\n구법 순례기인 왕오천축국전을 저술하였다.\n화엄일승법계도를 지어 화엄 사상을 정리하였다.""}]",source-candidate:18ad0cf77ee8369dd0a8,AKS:ARTICLE:E0034270:sha256-704d8ea620c542f5,AKS,1,비잔틴 제국,body,body_mention,1.0,COMPATIBLE,"[""republicofarmenia"", ""아르메니아"", ""아르메니아공화국""]",[],"[""현대""]",,,[],Place,"{""headword"": ""아르메니아"", ""aliases"": [""아르메니아공화국"", ""Republic of Armenia""], ""origin"": ""Armenia"", ""headword_origin"": ""아르메니아(Armenia)"", ""primary_type"": ""지명/국가"", ""era"": ""현대"", ""definition"": ""아시아 서부 및 러시아 남부에 있는 공화국."", ""snippet"": ""때에는 성그레고리의 영향으로 기독교를 국교로 정하였다. 그 뒤 1080년부터 1375년까지 비잔틴제국과 페르시아 간의 완충국으로 독립을 유지하였을 뿐, 셀주크터키·오토만터키·러시아의 지배를""}",[],,,,,,,,
89,gold-case:eff451be3582e9c00910,term-review-task:1cf341e17e841dd46e7b,resolution-case:11bb0a4d8f83db7077d2,비잔틴 제국,국가,"[{""problem_id"": ""cj_v41_0385"", ""full_text"": ""다큐멘터리 공모 신청서 작품명: 저서, 위대한 역사 기록이 되다 8세기 인도와 중앙아시아의 실상을 전해 주는 중요한 기록을 남긴 신라 승려가 있다. 글로벌 시대를 맞아 (가)의 기록이 우리에게 남긴 의미를 재조명한다. 현지 답사를 통해 이슬람 세계와 비잔틴 제국에 대한 기록까지 고증하고자 한다.\n(가) 인물에 대한 설명으로 옳은 것은?\n향가 모음집인 삼대목을 편찬하였다.\n화랑도의 규범인 세속 5계를 제시하였다.\n무애가를 지어 불교 대중화에 기여하였다.\n구법 순례기인 왕오천축국전을 저술하였다.\n화엄일승법계도를 지어 화엄 사상을 정리하였다.""}]",source-candidate:2eb5b5d1a6442af2659b,AKS:ARTICLE:E0035133:sha256-704d8ea620c542f5,AKS,2,비잔틴 제국,body,body_mention,1.0,COMPATIBLE,"[""republicofalbania"", ""알바니아"", ""알바니아공화국""]",[],"[""현대""]",,,[],Place,"{""headword"": ""알바니아"", ""aliases"": [""알바니아공화국"", ""Republic of Albania""], ""origin"": ""Albania"", ""headword_origin"": ""알바니아(Albania)"", ""primary_type"": ""지명/국가"", ""era"": ""현대"", ""definition"": ""유럽 동남부 발칸반도 서북부에 있는 공화국."", ""snippet"": ""칸반도 서부에 거주하였으나, 독립국가를 형성하지 못하고 14세기 후반까지 주변 강대국인 로마·비잔틴·슬라브제국 등의 지배를 받았다. 그 뒤 19세기 말까지 터키의 통치하에 있었다. 1912년 발칸전""}",[],,,,,,,,
89,gold-case:eff451be3582e9c00910,term-review-task:1cf341e17e841dd46e7b,resolution-case:11bb0a4d8f83db7077d2,비잔틴 제국,국가,"[{""problem_id"": ""cj_v41_0385"", ""full_text"": ""다큐멘터리 공모 신청서 작품명: 저서, 위대한 역사 기록이 되다 8세기 인도와 중앙아시아의 실상을 전해 주는 중요한 기록을 남긴 신라 승려가 있다. 글로벌 시대를 맞아 (가)의 기록이 우리에게 남긴 의미를 재조명한다. 현지 답사를 통해 이슬람 세계와 비잔틴 제국에 대한 기록까지 고증하고자 한다.\n(가) 인물에 대한 설명으로 옳은 것은?\n향가 모음집인 삼대목을 편찬하였다.\n화랑도의 규범인 세속 5계를 제시하였다.\n무애가를 지어 불교 대중화에 기여하였다.\n구법 순례기인 왕오천축국전을 저술하였다.\n화엄일승법계도를 지어 화엄 사상을 정리하였다.""}]",source-candidate:b6e0e89f31569d49a337,AKS:ARTICLE:E0058672:sha256-704d8ea620c542f5,AKS,3,비잔틴 제국,body,body_mention,1.0,COMPATIBLE,"[""republicofcroatia"", ""크로아티아"", ""크로아티아공화국""]",[],"[""현대""]",,,[],Place,"{""headword"": ""크로아티아"", ""aliases"": [""크로아티아공화국"", ""Republic of Croatia""], ""origin"": ""Croatia"", ""headword_origin"": ""크로아티아(Croatia)"", ""primary_type"": ""지명/국가"", ""era"": ""현대"", ""definition"": ""유럽 동남부 발칸반도에 있는 공화국."", ""snippet"": ""공국과 남부지역의 달마티아 공국이 통일하여 최초의 크로아티아 왕국을 수립하였다. 12세기 초 비잔틴 제국으로부터의 위협에서 벗어나기 위해 1102년부터 헝가리 왕국과 연합하였다. 1918년""}",[],,,,,,,,
89,gold-case:eff451be3582e9c00910,term-review-task:1cf341e17e841dd46e7b,resolution-case:11bb0a4d8f83db7077d2,비잔틴 제국,국가,"[{""problem_id"": ""cj_v41_0385"", ""full_text"": ""다큐멘터리 공모 신청서 작품명: 저서, 위대한 역사 기록이 되다 8세기 인도와 중앙아시아의 실상을 전해 주는 중요한 기록을 남긴 신라 승려가 있다. 글로벌 시대를 맞아 (가)의 기록이 우리에게 남긴 의미를 재조명한다. 현지 답사를 통해 이슬람 세계와 비잔틴 제국에 대한 기록까지 고증하고자 한다.\n(가) 인물에 대한 설명으로 옳은 것은?\n향가 모음집인 삼대목을 편찬하였다.\n화랑도의 규범인 세속 5계를 제시하였다.\n무애가를 지어 불교 대중화에 기여하였다.\n구법 순례기인 왕오천축국전을 저술하였다.\n화엄일승법계도를 지어 화엄 사상을 정리하였다.""}]",source-candidate:9d66af7601a8a648ebae,AKS:ARTICLE:E0067579:sha256-704d8ea620c542f5,AKS,4,비잔틴 제국,body,body_mention,1.0,COMPATIBLE,"[""republicofserbia"", ""세르비아"", ""세르비아공화국""]",[],"[""현대""]",,,[],Place,"{""headword"": ""세르비아"", ""aliases"": [""세르비아공화국"", ""Republic of Serbia""], ""origin"": ""Serbia"", ""headword_origin"": ""세르비아(Serbia)"", ""primary_type"": ""지명/국가"", ""era"": ""현대"", ""definition"": ""유럽 남동부 발칸반도에 위치한 공화국."", ""snippet"": ""쳐들어와 이 지역을 지배하기 이전까지 세르비아 중세 왕국은 코소보를 중심으로 왕국을 수립하고, 비잔틴 제국과 견주며 발전하였다. 특히 14세기 초 두샨두샨(Stefan Uroš Dušan)왕 시기 중세""}",[],,,,,,,,
89,gold-case:eff451be3582e9c00910,term-review-task:1cf341e17e841dd46e7b,resolution-case:11bb0a4d8f83db7077d2,비잔틴 제국,국가,"[{""problem_id"": ""cj_v41_0385"", ""full_text"": ""다큐멘터리 공모 신청서 작품명: 저서, 위대한 역사 기록이 되다 8세기 인도와 중앙아시아의 실상을 전해 주는 중요한 기록을 남긴 신라 승려가 있다. 글로벌 시대를 맞아 (가)의 기록이 우리에게 남긴 의미를 재조명한다. 현지 답사를 통해 이슬람 세계와 비잔틴 제국에 대한 기록까지 고증하고자 한다.\n(가) 인물에 대한 설명으로 옳은 것은?\n향가 모음집인 삼대목을 편찬하였다.\n화랑도의 규범인 세속 5계를 제시하였다.\n무애가를 지어 불교 대중화에 기여하였다.\n구법 순례기인 왕오천축국전을 저술하였다.\n화엄일승법계도를 지어 화엄 사상을 정리하였다.""}]",source-candidate:0d9183eac647a49e2103,THESAURUS:TERM:10490601:sha256-1022516a18f91e61,THESAURUS,5,비동맹제국회의,name,name_ngram,0.2725,UNKNOWN,"[""비동맹제국회의""]","[""非同盟諸國會議""]","[""현대""]",,,[],,"{""term_name"": ""비동맹제국회의"", ""hanja"": ""非同盟諸國會議"", ""era"": ""현대"", ""thesaurus_category"": ""외교·국제관계>외교협상·협약>현대"", ""description"": ""1961년 9월부터 3년에 한번 개최하는 비동맹제국의 원수나 정부수뇌 또는 그 대리에 의한 회의."", ""term_year"": ""1961-?""}",[],,,,,,,,
90,gold-case:703d5d30b177455921dd,term-review-task:b9959e5d280849c047e7,resolution-case:4f70c1cacbd90c587f1d,무오사화,사건,"[{""problem_id"": ""cj_v41_0167"", ""full_text"": ""색경을 편찬한 인물에 : : 노론에 의해 사문난적으로 대해 이야기해 보재 몰려 당시 학계에서 배척 당했어\n(가)에 들어갈 내용으로 옳은 것은?\n청으로부터 시헌력 도입을 건의했어.\n기기도설을 참고하여 거중기를 설계했어.\n무오사화의 발단이 된 조의제문을 작성했어.\n천체의 운행과 위치를 측정하는 혼천의를 제작했어.\n유학 경전을 주자와 달리 해석한 사변록을 저술했어.""}, {""problem_id"": ""cj_v41_0209"", ""full_text"": ""제△△호 역사 신문 0000년 ○○월 ○○일 육조 직계제 부활하다 계유년에 황보인 등을 제거하고 권력을 장악한 이후 즉위한 왕은 강력한 왕권을 행사하고자 육조 직계제를 부활시켰다. 이번 조치는 형조의 사형수 판결을 제외한 육조의 서무를 직접 왕에게 보고하도록 한 것이다.\n‘왕’의 재위 기간에 있었던 사실로 옳은 것은?\n주자소가 설치되어 계미자가 주조되었다.\n조의제문이 발단이 되어 무오사화가 일어났다.\n통치 체제를 정비하기 위해 대전회통이 편찬되었다.\n제한된 범위의 무역을 허용한 계해약조가 체결되었다.\n현직 관리에게만 수조지를 지급하는 직전법이 시행되었다.""}, {""problem_id"": ""cj_v41_0638"", ""full_text"": ""(가) 특별전 〈연보〉 - 1501년 경상도 예안현 출생 - 1534년 문과 급제 - 1552년 성균관 대사성에 임명 - 1561년 도산 서당 설립 및 제자 양성 - 1570년 별세 전시 자료: 제1태극도, 제2서명도, 제3소학도\n(가) 인물에 대한 설명으로 옳은 것은?\n기대승과 사단칠정 논쟁을 전개하였다.\n일본에 다녀와서 해동제국기를 편찬하였다.\n양명학을 연구하여 강화 학파를 형성하였다.\n기축봉사를 올려 명에 대한 의리를 내세웠다.\n무오사화의 발단이 된 조의제문을 작성하였다.""}]",source-candidate:665a067586d6c3b1fda9,AKS:ARTICLE:E0019174:sha256-704d8ea620c542f5,AKS,1,무오사화,name,exact,1.0,COMPATIBLE,"[""무오사화""]","[""戊午士禍""]","[""조선"", ""조선 전기"", ""조선 후기""]",,,[],Event,"{""headword"": ""무오사화"", ""origin"": ""戊午士禍"", ""headword_origin"": ""무오사화(戊午士禍)"", ""primary_type"": ""사건/사건·사고"", ""era"": ""조선/조선 전기 | 조선/조선 후기"", ""definition"": ""1498년(연산군 4) 김일손(金馹孫) 등 신진사류(新進士類)가 유자광(柳子光)을 중심으로 한 훈구파(勳舊派)에 의해 화를 입은 사건.""}","[{""left_source_candidate_id"": ""source-candidate:03e3c86eaf8809218c35"", ""right_source_candidate_id"": ""source-candidate:665a067586d6c3b1fda9"", ""signals"": [""era_overlap""], ""conflicts"": [""entity_type_conflict""], ""merge_eligible"": false}, {""left_source_candidate_id"": ""source-candidate:187110cba2d4503516bf"", ""right_source_candidate_id"": ""source-candidate:665a067586d6c3b1fda9"", ""signals"": [""era_overlap""], ""conflicts"": [""entity_type_conflict""], ""merge_eligible"": false}, {""left_source_candidate_id"": ""source-candidate:5fa4fe6427a5b31d8bd8"", ""right_source_candidate_id"": ""source-candidate:665a067586d6c3b1fda9"", ""signals"": [""era_overlap""], ""conflicts"": [""entity_type_conflict""], ""merge_eligible"": false}, {""left_source_candidate_id"": ""source-candidate:665a067586d6c3b1fda9"", ""right_source_candidate_id"": ""source-candidate:c3b9013eb48e8dc8b068"", ""signals"": [""era_overlap""], ""conflicts"": [""entity_type_conflict""], ""merge_eligible"": false}, {""left_source_candidate_id"": ""source-candidate:665a067586d6c3b1fda9"", ""right_source_candidate_id"": ""source-candidate:ce1f47c0f25508261658"", ""signals"": [""normalized_name_match"", ""hanja_match"", ""era_overlap""], ""conflicts"": [], ""merge_eligible"": true}]",IDENTITY_MEMBER,ALT_171,무오사화,Event,,,,
90,gold-case:703d5d30b177455921dd,term-review-task:b9959e5d280849c047e7,resolution-case:4f70c1cacbd90c587f1d,무오사화,사건,"[{""problem_id"": ""cj_v41_0167"", ""full_text"": ""색경을 편찬한 인물에 : : 노론에 의해 사문난적으로 대해 이야기해 보재 몰려 당시 학계에서 배척 당했어\n(가)에 들어갈 내용으로 옳은 것은?\n청으로부터 시헌력 도입을 건의했어.\n기기도설을 참고하여 거중기를 설계했어.\n무오사화의 발단이 된 조의제문을 작성했어.\n천체의 운행과 위치를 측정하는 혼천의를 제작했어.\n유학 경전을 주자와 달리 해석한 사변록을 저술했어.""}, {""problem_id"": ""cj_v41_0209"", ""full_text"": ""제△△호 역사 신문 0000년 ○○월 ○○일 육조 직계제 부활하다 계유년에 황보인 등을 제거하고 권력을 장악한 이후 즉위한 왕은 강력한 왕권을 행사하고자 육조 직계제를 부활시켰다. 이번 조치는 형조의 사형수 판결을 제외한 육조의 서무를 직접 왕에게 보고하도록 한 것이다.\n‘왕’의 재위 기간에 있었던 사실로 옳은 것은?\n주자소가 설치되어 계미자가 주조되었다.\n조의제문이 발단이 되어 무오사화가 일어났다.\n통치 체제를 정비하기 위해 대전회통이 편찬되었다.\n제한된 범위의 무역을 허용한 계해약조가 체결되었다.\n현직 관리에게만 수조지를 지급하는 직전법이 시행되었다.""}, {""problem_id"": ""cj_v41_0638"", ""full_text"": ""(가) 특별전 〈연보〉 - 1501년 경상도 예안현 출생 - 1534년 문과 급제 - 1552년 성균관 대사성에 임명 - 1561년 도산 서당 설립 및 제자 양성 - 1570년 별세 전시 자료: 제1태극도, 제2서명도, 제3소학도\n(가) 인물에 대한 설명으로 옳은 것은?\n기대승과 사단칠정 논쟁을 전개하였다.\n일본에 다녀와서 해동제국기를 편찬하였다.\n양명학을 연구하여 강화 학파를 형성하였다.\n기축봉사를 올려 명에 대한 의리를 내세웠다.\n무오사화의 발단이 된 조의제문을 작성하였다.""}]",source-candidate:ce1f47c0f25508261658,THESAURUS:TERM:3909:sha256-1022516a18f91e61,THESAURUS,2,무오사화,name,exact,1.0,UNKNOWN,"[""무오사화""]","[""戊午士禍""]","[""조선전기""]",,,[],,"{""term_name"": ""무오사화"", ""hanja"": ""戊午士禍"", ""era"": ""조선전기"", ""thesaurus_category"": ""정치·행정·법제>정치>정치사건"", ""description"": ""1498년(연산군 4) 김일손(金馹孫) 등 신진 사류가 유자광(柳子光)등의 훈구파(勳舊派)에게 화를 입은 사화."", ""term_year"": ""1498""}","[{""left_source_candidate_id"": ""source-candidate:665a067586d6c3b1fda9"", ""right_source_candidate_id"": ""source-candidate:ce1f47c0f25508261658"", ""signals"": [""normalized_name_match"", ""hanja_match"", ""era_overlap""], ""conflicts"": [], ""merge_eligible"": true}]",IDENTITY_MEMBER,ALT_171,무오사화,Event,,,,
90,gold-case:703d5d30b177455921dd,term-review-task:b9959e5d280849c047e7,resolution-case:4f70c1cacbd90c587f1d,무오사화,사건,"[{""problem_id"": ""cj_v41_0167"", ""full_text"": ""색경을 편찬한 인물에 : : 노론에 의해 사문난적으로 대해 이야기해 보재 몰려 당시 학계에서 배척 당했어\n(가)에 들어갈 내용으로 옳은 것은?\n청으로부터 시헌력 도입을 건의했어.\n기기도설을 참고하여 거중기를 설계했어.\n무오사화의 발단이 된 조의제문을 작성했어.\n천체의 운행과 위치를 측정하는 혼천의를 제작했어.\n유학 경전을 주자와 달리 해석한 사변록을 저술했어.""}, {""problem_id"": ""cj_v41_0209"", ""full_text"": ""제△△호 역사 신문 0000년 ○○월 ○○일 육조 직계제 부활하다 계유년에 황보인 등을 제거하고 권력을 장악한 이후 즉위한 왕은 강력한 왕권을 행사하고자 육조 직계제를 부활시켰다. 이번 조치는 형조의 사형수 판결을 제외한 육조의 서무를 직접 왕에게 보고하도록 한 것이다.\n‘왕’의 재위 기간에 있었던 사실로 옳은 것은?\n주자소가 설치되어 계미자가 주조되었다.\n조의제문이 발단이 되어 무오사화가 일어났다.\n통치 체제를 정비하기 위해 대전회통이 편찬되었다.\n제한된 범위의 무역을 허용한 계해약조가 체결되었다.\n현직 관리에게만 수조지를 지급하는 직전법이 시행되었다.""}, {""problem_id"": ""cj_v41_0638"", ""full_text"": ""(가) 특별전 〈연보〉 - 1501년 경상도 예안현 출생 - 1534년 문과 급제 - 1552년 성균관 대사성에 임명 - 1561년 도산 서당 설립 및 제자 양성 - 1570년 별세 전시 자료: 제1태극도, 제2서명도, 제3소학도\n(가) 인물에 대한 설명으로 옳은 것은?\n기대승과 사단칠정 논쟁을 전개하였다.\n일본에 다녀와서 해동제국기를 편찬하였다.\n양명학을 연구하여 강화 학파를 형성하였다.\n기축봉사를 올려 명에 대한 의리를 내세웠다.\n무오사화의 발단이 된 조의제문을 작성하였다.""}]",source-candidate:c3b9013eb48e8dc8b068,THESAURUS:TERM:23606:sha256-1022516a18f91e61,THESAURUS,3,노사신,description,description_containment,0.575714,UNKNOWN,"[""노사신""]","[""盧思愼""]","[""조선전기""]",,,[],Person,"{""term_name"": ""노사신"", ""hanja"": ""盧思愼"", ""era"": ""조선전기"", ""thesaurus_category"": ""인명"", ""description"": ""조선전기의 문신으로 본관은 교하(交河). 무오사화 때 옥사의 확대를 적극 견제."", ""term_year"": ""1427-1498""}","[{""left_source_candidate_id"": ""source-candidate:665a067586d6c3b1fda9"", ""right_source_candidate_id"": ""source-candidate:c3b9013eb48e8dc8b068"", ""signals"": [""era_overlap""], ""conflicts"": [""entity_type_conflict""], ""merge_eligible"": false}, {""left_source_candidate_id"": ""source-candidate:c3b9013eb48e8dc8b068"", ""right_source_candidate_id"": ""source-candidate:ef2fa6e91965a65395fc"", ""signals"": [], ""conflicts"": [""entity_type_conflict""], ""merge_eligible"": false}]",EVIDENCE_ONLY,,,,REL_172,노사신,Person,
90,gold-case:703d5d30b177455921dd,term-review-task:b9959e5d280849c047e7,resolution-case:4f70c1cacbd90c587f1d,무오사화,사건,"[{""problem_id"": ""cj_v41_0167"", ""full_text"": ""색경을 편찬한 인물에 : : 노론에 의해 사문난적으로 대해 이야기해 보재 몰려 당시 학계에서 배척 당했어\n(가)에 들어갈 내용으로 옳은 것은?\n청으로부터 시헌력 도입을 건의했어.\n기기도설을 참고하여 거중기를 설계했어.\n무오사화의 발단이 된 조의제문을 작성했어.\n천체의 운행과 위치를 측정하는 혼천의를 제작했어.\n유학 경전을 주자와 달리 해석한 사변록을 저술했어.""}, {""problem_id"": ""cj_v41_0209"", ""full_text"": ""제△△호 역사 신문 0000년 ○○월 ○○일 육조 직계제 부활하다 계유년에 황보인 등을 제거하고 권력을 장악한 이후 즉위한 왕은 강력한 왕권을 행사하고자 육조 직계제를 부활시켰다. 이번 조치는 형조의 사형수 판결을 제외한 육조의 서무를 직접 왕에게 보고하도록 한 것이다.\n‘왕’의 재위 기간에 있었던 사실로 옳은 것은?\n주자소가 설치되어 계미자가 주조되었다.\n조의제문이 발단이 되어 무오사화가 일어났다.\n통치 체제를 정비하기 위해 대전회통이 편찬되었다.\n제한된 범위의 무역을 허용한 계해약조가 체결되었다.\n현직 관리에게만 수조지를 지급하는 직전법이 시행되었다.""}, {""problem_id"": ""cj_v41_0638"", ""full_text"": ""(가) 특별전 〈연보〉 - 1501년 경상도 예안현 출생 - 1534년 문과 급제 - 1552년 성균관 대사성에 임명 - 1561년 도산 서당 설립 및 제자 양성 - 1570년 별세 전시 자료: 제1태극도, 제2서명도, 제3소학도\n(가) 인물에 대한 설명으로 옳은 것은?\n기대승과 사단칠정 논쟁을 전개하였다.\n일본에 다녀와서 해동제국기를 편찬하였다.\n양명학을 연구하여 강화 학파를 형성하였다.\n기축봉사를 올려 명에 대한 의리를 내세웠다.\n무오사화의 발단이 된 조의제문을 작성하였다.""}]",source-candidate:ef2fa6e91965a65395fc,ITKC:EVENT:ITKC_PH_1300A_0071:sha256-b824cb8eb9575bbc,ITKC_EVENT,4,무오사화〔戊午史禍〕,name,bidirectional_containment,0.496667,UNKNOWN,"[""무오사화戊午史禍""]",[],"[""조선"", ""1498년(연산군 4)""]",,,[],Event,"{""event_name"": ""무오사화〔戊午史禍〕"", ""subject_category"": ""사화"", ""period"": ""조선"", ""event_date"": ""1498년(연산군 4)"", ""related_event"": ""무오사화""}","[{""left_source_candidate_id"": ""source-candidate:03e3c86eaf8809218c35"", ""right_source_candidate_id"": ""source-candidate:ef2fa6e91965a65395fc"", ""signals"": [], ""conflicts"": [""entity_type_conflict""], ""merge_eligible"": false}, {""left_source_candidate_id"": ""source-candidate:187110cba2d4503516bf"", ""right_source_candidate_id"": ""source-candidate:ef2fa6e91965a65395fc"", ""signals"": [], ""conflicts"": [""entity_type_conflict""], ""merge_eligible"": false}, {""left_source_candidate_id"": ""source-candidate:5fa4fe6427a5b31d8bd8"", ""right_source_candidate_id"": ""source-candidate:ef2fa6e91965a65395fc"", ""signals"": [], ""conflicts"": [""entity_type_conflict""], ""merge_eligible"": false}, {""left_source_candidate_id"": ""source-candidate:c3b9013eb48e8dc8b068"", ""right_source_candidate_id"": ""source-candidate:ef2fa6e91965a65395fc"", ""signals"": [], ""conflicts"": [""entity_type_conflict""], ""merge_eligible"": false}]",IDENTITY_MEMBER,ALT_171,무오사화,Event,,,,
90,gold-case:703d5d30b177455921dd,term-review-task:b9959e5d280849c047e7,resolution-case:4f70c1cacbd90c587f1d,무오사화,사건,"[{""problem_id"": ""cj_v41_0167"", ""full_text"": ""색경을 편찬한 인물에 : : 노론에 의해 사문난적으로 대해 이야기해 보재 몰려 당시 학계에서 배척 당했어\n(가)에 들어갈 내용으로 옳은 것은?\n청으로부터 시헌력 도입을 건의했어.\n기기도설을 참고하여 거중기를 설계했어.\n무오사화의 발단이 된 조의제문을 작성했어.\n천체의 운행과 위치를 측정하는 혼천의를 제작했어.\n유학 경전을 주자와 달리 해석한 사변록을 저술했어.""}, {""problem_id"": ""cj_v41_0209"", ""full_text"": ""제△△호 역사 신문 0000년 ○○월 ○○일 육조 직계제 부활하다 계유년에 황보인 등을 제거하고 권력을 장악한 이후 즉위한 왕은 강력한 왕권을 행사하고자 육조 직계제를 부활시켰다. 이번 조치는 형조의 사형수 판결을 제외한 육조의 서무를 직접 왕에게 보고하도록 한 것이다.\n‘왕’의 재위 기간에 있었던 사실로 옳은 것은?\n주자소가 설치되어 계미자가 주조되었다.\n조의제문이 발단이 되어 무오사화가 일어났다.\n통치 체제를 정비하기 위해 대전회통이 편찬되었다.\n제한된 범위의 무역을 허용한 계해약조가 체결되었다.\n현직 관리에게만 수조지를 지급하는 직전법이 시행되었다.""}, {""problem_id"": ""cj_v41_0638"", ""full_text"": ""(가) 특별전 〈연보〉 - 1501년 경상도 예안현 출생 - 1534년 문과 급제 - 1552년 성균관 대사성에 임명 - 1561년 도산 서당 설립 및 제자 양성 - 1570년 별세 전시 자료: 제1태극도, 제2서명도, 제3소학도\n(가) 인물에 대한 설명으로 옳은 것은?\n기대승과 사단칠정 논쟁을 전개하였다.\n일본에 다녀와서 해동제국기를 편찬하였다.\n양명학을 연구하여 강화 학파를 형성하였다.\n기축봉사를 올려 명에 대한 의리를 내세웠다.\n무오사화의 발단이 된 조의제문을 작성하였다.""}]",source-candidate:03e3c86eaf8809218c35,THESAURUS:TERM:10502910:sha256-1022516a18f91e61,THESAURUS,5,,description,description_containment,0.47,UNKNOWN,"[""송석충""]","[""宋碩忠""]","[""조선전기""]",,,[],Person,"{""term_name"": ""송석충"", ""hanja"": ""宋碩忠"", ""era"": ""조선전기"", ""thesaurus_category"": ""인명"", ""description"": ""조선 연산군 때 무오사화를 겪은 이후 향리로 내려가 학문에 전념한 학자. 영천(榮川) 출신, 본관은 야로(冶爐)."", ""term_year"": ""1454-1524""}","[{""left_source_candidate_id"": ""source-candidate:03e3c86eaf8809218c35"", ""right_source_candidate_id"": ""source-candidate:665a067586d6c3b1fda9"", ""signals"": [""era_overlap""], ""conflicts"": [""entity_type_conflict""], ""merge_eligible"": false}, {""left_source_candidate_id"": ""source-candidate:03e3c86eaf8809218c35"", ""right_source_candidate_id"": ""source-candidate:ef2fa6e91965a65395fc"", ""signals"": [], ""conflicts"": [""entity_type_conflict""], ""merge_eligible"": false}]",EVIDENCE_ONLY,,,,REL_173,송석충,Person,
90,gold-case:703d5d30b177455921dd,term-review-task:b9959e5d280849c047e7,resolution-case:4f70c1cacbd90c587f1d,무오사화,사건,"[{""problem_id"": ""cj_v41_0167"", ""full_text"": ""색경을 편찬한 인물에 : : 노론에 의해 사문난적으로 대해 이야기해 보재 몰려 당시 학계에서 배척 당했어\n(가)에 들어갈 내용으로 옳은 것은?\n청으로부터 시헌력 도입을 건의했어.\n기기도설을 참고하여 거중기를 설계했어.\n무오사화의 발단이 된 조의제문을 작성했어.\n천체의 운행과 위치를 측정하는 혼천의를 제작했어.\n유학 경전을 주자와 달리 해석한 사변록을 저술했어.""}, {""problem_id"": ""cj_v41_0209"", ""full_text"": ""제△△호 역사 신문 0000년 ○○월 ○○일 육조 직계제 부활하다 계유년에 황보인 등을 제거하고 권력을 장악한 이후 즉위한 왕은 강력한 왕권을 행사하고자 육조 직계제를 부활시켰다. 이번 조치는 형조의 사형수 판결을 제외한 육조의 서무를 직접 왕에게 보고하도록 한 것이다.\n‘왕’의 재위 기간에 있었던 사실로 옳은 것은?\n주자소가 설치되어 계미자가 주조되었다.\n조의제문이 발단이 되어 무오사화가 일어났다.\n통치 체제를 정비하기 위해 대전회통이 편찬되었다.\n제한된 범위의 무역을 허용한 계해약조가 체결되었다.\n현직 관리에게만 수조지를 지급하는 직전법이 시행되었다.""}, {""problem_id"": ""cj_v41_0638"", ""full_text"": ""(가) 특별전 〈연보〉 - 1501년 경상도 예안현 출생 - 1534년 문과 급제 - 1552년 성균관 대사성에 임명 - 1561년 도산 서당 설립 및 제자 양성 - 1570년 별세 전시 자료: 제1태극도, 제2서명도, 제3소학도\n(가) 인물에 대한 설명으로 옳은 것은?\n기대승과 사단칠정 논쟁을 전개하였다.\n일본에 다녀와서 해동제국기를 편찬하였다.\n양명학을 연구하여 강화 학파를 형성하였다.\n기축봉사를 올려 명에 대한 의리를 내세웠다.\n무오사화의 발단이 된 조의제문을 작성하였다.""}]",source-candidate:5fa4fe6427a5b31d8bd8,THESAURUS:TERM:10503753:sha256-1022516a18f91e61,THESAURUS,6,,description,description_containment,0.47,UNKNOWN,"[""권경우""]","[""權景祐""]","[""조선전기""]",,,[],Person,"{""term_name"": ""권경우"", ""hanja"": ""權景祐"", ""era"": ""조선전기"", ""thesaurus_category"": ""인명"", ""description"": ""조선 성종·연산군 때 도승지·대사헌 등을 지낸 문신. 무오사화에 연루되어 관노가 되었다가 중종반정 때 신원됨. 본관은 안동(安東)."", ""term_year"": ""?""}","[{""left_source_candidate_id"": ""source-candidate:5fa4fe6427a5b31d8bd8"", ""right_source_candidate_id"": ""source-candidate:665a067586d6c3b1fda9"", ""signals"": [""era_overlap""], ""conflicts"": [""entity_type_conflict""], ""merge_eligible"": false}, {""left_source_candidate_id"": ""source-candidate:5fa4fe6427a5b31d8bd8"", ""right_source_candidate_id"": ""source-candidate:ef2fa6e91965a65395fc"", ""signals"": [], ""conflicts"": [""entity_type_conflict""], ""merge_eligible"": false}]",EVIDENCE_ONLY,,,,REL_174,권경우,Person,
90,gold-case:703d5d30b177455921dd,term-review-task:b9959e5d280849c047e7,resolution-case:4f70c1cacbd90c587f1d,무오사화,사건,"[{""problem_id"": ""cj_v41_0167"", ""full_text"": ""색경을 편찬한 인물에 : : 노론에 의해 사문난적으로 대해 이야기해 보재 몰려 당시 학계에서 배척 당했어\n(가)에 들어갈 내용으로 옳은 것은?\n청으로부터 시헌력 도입을 건의했어.\n기기도설을 참고하여 거중기를 설계했어.\n무오사화의 발단이 된 조의제문을 작성했어.\n천체의 운행과 위치를 측정하는 혼천의를 제작했어.\n유학 경전을 주자와 달리 해석한 사변록을 저술했어.""}, {""problem_id"": ""cj_v41_0209"", ""full_text"": ""제△△호 역사 신문 0000년 ○○월 ○○일 육조 직계제 부활하다 계유년에 황보인 등을 제거하고 권력을 장악한 이후 즉위한 왕은 강력한 왕권을 행사하고자 육조 직계제를 부활시켰다. 이번 조치는 형조의 사형수 판결을 제외한 육조의 서무를 직접 왕에게 보고하도록 한 것이다.\n‘왕’의 재위 기간에 있었던 사실로 옳은 것은?\n주자소가 설치되어 계미자가 주조되었다.\n조의제문이 발단이 되어 무오사화가 일어났다.\n통치 체제를 정비하기 위해 대전회통이 편찬되었다.\n제한된 범위의 무역을 허용한 계해약조가 체결되었다.\n현직 관리에게만 수조지를 지급하는 직전법이 시행되었다.""}, {""problem_id"": ""cj_v41_0638"", ""full_text"": ""(가) 특별전 〈연보〉 - 1501년 경상도 예안현 출생 - 1534년 문과 급제 - 1552년 성균관 대사성에 임명 - 1561년 도산 서당 설립 및 제자 양성 - 1570년 별세 전시 자료: 제1태극도, 제2서명도, 제3소학도\n(가) 인물에 대한 설명으로 옳은 것은?\n기대승과 사단칠정 논쟁을 전개하였다.\n일본에 다녀와서 해동제국기를 편찬하였다.\n양명학을 연구하여 강화 학파를 형성하였다.\n기축봉사를 올려 명에 대한 의리를 내세웠다.\n무오사화의 발단이 된 조의제문을 작성하였다.""}]",source-candidate:187110cba2d4503516bf,THESAURUS:TERM:14693544:sha256-1022516a18f91e61,THESAURUS,7,,description,description_containment,0.47,UNKNOWN,"[""이총""]","[""李摠""]","[""조선전기""]",,,[],Person,"{""term_name"": ""이총"", ""hanja"": ""李摠"", ""era"": ""조선전기"", ""thesaurus_category"": ""인명"", ""description"": ""조선전기의 종친. 1498년(연산군 4) 무오사화에 연루되어 유배되고, 1504년(연산군 10) 갑자사화 때 죽임을 당함."", ""term_year"": ""?-1504""}","[{""left_source_candidate_id"": ""source-candidate:187110cba2d4503516bf"", ""right_source_candidate_id"": ""source-candidate:665a067586d6c3b1fda9"", ""signals"": [""era_overlap""], ""conflicts"": [""entity_type_conflict""], ""merge_eligible"": false}, {""left_source_candidate_id"": ""source-candidate:187110cba2d4503516bf"", ""right_source_candidate_id"": ""source-candidate:ef2fa6e91965a65395fc"", ""signals"": [], ""conflicts"": [""entity_type_conflict""], ""merge_eligible"": false}]",EVIDENCE_ONLY,,,,REL_175,이총,Person,
91,gold-case:b7515fd916c787344f5f,term-review-task:4d38ef8e6952cfb700f7,resolution-case:f18572e0d474531c821c,한인국방경위대,기관,"[{""problem_id"": ""cj_v41_1427"", ""full_text"": ""휘문중학 운동장에서 (가) 의 수반인 여운형 씨가 5천여 군중 앞에서 해방의 제일성을 힘있게 외쳤다. “조선 민족 해방의 날은 왔다. …… 어제 15일 아침 8시에 엔도 조선 총독부 정무총감의 초청을 받아 …… 나는 다섯 가지 요구를 제안하여 무조건 승낙을 받았다. 1. 전 조선 각지에 구속되어 있는 정치, 경제범을 즉시 해방하라 …… 4. 민족 해방의 모든 원동력이 되는 학생 훈련과 청년 조직에 대하여 간섭하지 말라 …… 이것으로 우리 민족 해방의 첫걸음을 내딛게 되었으니 우리가 지난날에 아프고 쓰렸던 것은 이 자리에서 모두 잊어버리자. ……”\n(가)에 대한 설명으로 옳은 것은?\n신한공사를 설립하였다.\n좌우 합작 7원칙을 제시하였다.\n조선 인민 공화국 수립이 선포된 후 해산하였다.\n한인 국방 경위대를 창설하였다.\n남북 협상 공동 성명서를 발표하였다.""}, {""problem_id"": ""cj_v41_1469"", ""full_text"": ""조선인 운동은 민족 운동으로 또는 사회 운동으로 표면과 이면에서 그침 없이 계속하여 오다가, 조선 민족의 총역량을 집중 하여 민족 단일당 결성을 촉진하며 (가) 이/가 조직되었다. 각도 각지에서는 지회가 속속 설치되었다. …… (가) 은/는 민중 대회를 준비하다가 발각되어 타격을 입은 이후 해소라는 새 기록을 남기고 5년간 걸어 온 자취를 청산하는 동시에 새로운 방향으로 걸음을 전환하였다.\n(가) 단체의 활동으로 옳은 것은?\n개벽, 신여성 등의 잡지를 발행하였다.\n중추원 개편을 통해 의회 설립을 추진하였다.\n군사 조직으로 한인 국방 경위대를 창설하였다.\n순종의 인산일을 기회로 만세 운동을 계획하였다.\n광주 학생 항일 운동에 진상 조사단을 파견하였다.""}]",source-candidate:f05176eefda45f845243,AKS:ARTICLE:E0049001:sha256-704d8ea620c542f5,AKS,1,한인국방경위대,body,body_mention,1.0,COMPATIBLE,"[""재미한족연합위원회""]","[""在美韓族聯合委員會""]","[""근대"", ""일제강점기""]",,,[],Organization,"{""headword"": ""재미한족연합위원회"", ""origin"": ""在美韓族聯合委員會"", ""headword_origin"": ""재미한족연합위원회(在美韓族聯合委員會)"", ""primary_type"": ""단체"", ""era"": ""근대/일제강점기"", ""definition"": ""1941년 4월 20일부터 27일까지 8일 동안 하와이 호놀룰루에서 개최된 해외한족대회의 결과 성립된 재미한인사회 최대의 독립운동 연합단체."", ""snippet"": ""호하기 위해 한인 신분증 발급을 개시하였다. 그리고 1942년 4월 26일부터 로스앤젤레스에 한인국방경위대(일명 맹호군)을 결성해 미주한인의 대일항전 의지를 과시하였다. 그리고 1942년 8월 29일 국""}",[],EVIDENCE_ONLY,,,,REL_176,재미한족연합위원회,Organization,
91,gold-case:b7515fd916c787344f5f,term-review-task:4d38ef8e6952cfb700f7,resolution-case:f18572e0d474531c821c,한인국방경위대,기관,"[{""problem_id"": ""cj_v41_1427"", ""full_text"": ""휘문중학 운동장에서 (가) 의 수반인 여운형 씨가 5천여 군중 앞에서 해방의 제일성을 힘있게 외쳤다. “조선 민족 해방의 날은 왔다. …… 어제 15일 아침 8시에 엔도 조선 총독부 정무총감의 초청을 받아 …… 나는 다섯 가지 요구를 제안하여 무조건 승낙을 받았다. 1. 전 조선 각지에 구속되어 있는 정치, 경제범을 즉시 해방하라 …… 4. 민족 해방의 모든 원동력이 되는 학생 훈련과 청년 조직에 대하여 간섭하지 말라 …… 이것으로 우리 민족 해방의 첫걸음을 내딛게 되었으니 우리가 지난날에 아프고 쓰렸던 것은 이 자리에서 모두 잊어버리자. ……”\n(가)에 대한 설명으로 옳은 것은?\n신한공사를 설립하였다.\n좌우 합작 7원칙을 제시하였다.\n조선 인민 공화국 수립이 선포된 후 해산하였다.\n한인 국방 경위대를 창설하였다.\n남북 협상 공동 성명서를 발표하였다.""}, {""problem_id"": ""cj_v41_1469"", ""full_text"": ""조선인 운동은 민족 운동으로 또는 사회 운동으로 표면과 이면에서 그침 없이 계속하여 오다가, 조선 민족의 총역량을 집중 하여 민족 단일당 결성을 촉진하며 (가) 이/가 조직되었다. 각도 각지에서는 지회가 속속 설치되었다. …… (가) 은/는 민중 대회를 준비하다가 발각되어 타격을 입은 이후 해소라는 새 기록을 남기고 5년간 걸어 온 자취를 청산하는 동시에 새로운 방향으로 걸음을 전환하였다.\n(가) 단체의 활동으로 옳은 것은?\n개벽, 신여성 등의 잡지를 발행하였다.\n중추원 개편을 통해 의회 설립을 추진하였다.\n군사 조직으로 한인 국방 경위대를 창설하였다.\n순종의 인산일을 기회로 만세 운동을 계획하였다.\n광주 학생 항일 운동에 진상 조사단을 파견하였다.""}]",source-candidate:aedd89e57edfc7678da3,THESAURUS:TERM:10493257:sha256-1022516a18f91e61,THESAURUS,2,한인국방경비대,name,name_ngram,0.49381,UNKNOWN,"[""한인국방경비대""]","[""韓人國防警備隊""]","[""일제시기""]",,,[],,"{""term_name"": ""한인국방경비대"", ""hanja"": ""韓人國防警備隊"", ""era"": ""일제시기"", ""thesaurus_category"": ""외교·국제관계>재외동포·단체"", ""description"": ""1942년에 미국 로스앤젤레스(Los Angeles)에서 재미한족연합위원회 국방과가 주관하여 미주 한인의 대일전선 동참과 미군을 후원할 목적으로 조직한 한인 군사조직."", ""term_year"": ""1942-?""}","[{""left_source_candidate_id"": ""source-candidate:9c304eed84c0ec546f5a"", ""right_source_candidate_id"": ""source-candidate:aedd89e57edfc7678da3"", ""signals"": [""normalized_name_match"", ""hanja_match""], ""conflicts"": [], ""merge_eligible"": true}]",IDENTITY_MEMBER,ALT_177,한인국방경위대,Organization,,,,
91,gold-case:b7515fd916c787344f5f,term-review-task:4d38ef8e6952cfb700f7,resolution-case:f18572e0d474531c821c,한인국방경위대,기관,"[{""problem_id"": ""cj_v41_1427"", ""full_text"": ""휘문중학 운동장에서 (가) 의 수반인 여운형 씨가 5천여 군중 앞에서 해방의 제일성을 힘있게 외쳤다. “조선 민족 해방의 날은 왔다. …… 어제 15일 아침 8시에 엔도 조선 총독부 정무총감의 초청을 받아 …… 나는 다섯 가지 요구를 제안하여 무조건 승낙을 받았다. 1. 전 조선 각지에 구속되어 있는 정치, 경제범을 즉시 해방하라 …… 4. 민족 해방의 모든 원동력이 되는 학생 훈련과 청년 조직에 대하여 간섭하지 말라 …… 이것으로 우리 민족 해방의 첫걸음을 내딛게 되었으니 우리가 지난날에 아프고 쓰렸던 것은 이 자리에서 모두 잊어버리자. ……”\n(가)에 대한 설명으로 옳은 것은?\n신한공사를 설립하였다.\n좌우 합작 7원칙을 제시하였다.\n조선 인민 공화국 수립이 선포된 후 해산하였다.\n한인 국방 경위대를 창설하였다.\n남북 협상 공동 성명서를 발표하였다.""}, {""problem_id"": ""cj_v41_1469"", ""full_text"": ""조선인 운동은 민족 운동으로 또는 사회 운동으로 표면과 이면에서 그침 없이 계속하여 오다가, 조선 민족의 총역량을 집중 하여 민족 단일당 결성을 촉진하며 (가) 이/가 조직되었다. 각도 각지에서는 지회가 속속 설치되었다. …… (가) 은/는 민중 대회를 준비하다가 발각되어 타격을 입은 이후 해소라는 새 기록을 남기고 5년간 걸어 온 자취를 청산하는 동시에 새로운 방향으로 걸음을 전환하였다.\n(가) 단체의 활동으로 옳은 것은?\n개벽, 신여성 등의 잡지를 발행하였다.\n중추원 개편을 통해 의회 설립을 추진하였다.\n군사 조직으로 한인 국방 경위대를 창설하였다.\n순종의 인산일을 기회로 만세 운동을 계획하였다.\n광주 학생 항일 운동에 진상 조사단을 파견하였다.""}]",source-candidate:9c304eed84c0ec546f5a,AKS:ARTICLE:E0061898:sha256-704d8ea620c542f5,AKS,3,한인국방경비대,name,name_ngram,0.465476,COMPATIBLE,"[""맹호군"", ""한인경위대"", ""한인국방경비대""]","[""韓人國防警備隊""]","[""근대"", ""일제강점기""]",,,[],Organization,"{""headword"": ""한인국방경비대"", ""aliases"": [""맹호군"", ""한인경위대""], ""origin"": ""韓人國防警備隊"", ""headword_origin"": ""한인국방경비대(韓人國防警備隊)"", ""primary_type"": ""단체"", ""era"": ""근대/일제강점기"", ""definition"": ""1942년 2월 미국의 로스앤젤레스에서 조직된 한인 군사조직.""}","[{""left_source_candidate_id"": ""source-candidate:9c304eed84c0ec546f5a"", ""right_source_candidate_id"": ""source-candidate:aedd89e57edfc7678da3"", ""signals"": [""normalized_name_match"", ""hanja_match""], ""conflicts"": [], ""merge_eligible"": true}]",IDENTITY_MEMBER,ALT_177,한인국방경위대,Organization,,,,
91,gold-case:b7515fd916c787344f5f,term-review-task:4d38ef8e6952cfb700f7,resolution-case:f18572e0d474531c821c,한인국방경위대,기관,"[{""problem_id"": ""cj_v41_1427"", ""full_text"": ""휘문중학 운동장에서 (가) 의 수반인 여운형 씨가 5천여 군중 앞에서 해방의 제일성을 힘있게 외쳤다. “조선 민족 해방의 날은 왔다. …… 어제 15일 아침 8시에 엔도 조선 총독부 정무총감의 초청을 받아 …… 나는 다섯 가지 요구를 제안하여 무조건 승낙을 받았다. 1. 전 조선 각지에 구속되어 있는 정치, 경제범을 즉시 해방하라 …… 4. 민족 해방의 모든 원동력이 되는 학생 훈련과 청년 조직에 대하여 간섭하지 말라 …… 이것으로 우리 민족 해방의 첫걸음을 내딛게 되었으니 우리가 지난날에 아프고 쓰렸던 것은 이 자리에서 모두 잊어버리자. ……”\n(가)에 대한 설명으로 옳은 것은?\n신한공사를 설립하였다.\n좌우 합작 7원칙을 제시하였다.\n조선 인민 공화국 수립이 선포된 후 해산하였다.\n한인 국방 경위대를 창설하였다.\n남북 협상 공동 성명서를 발표하였다.""}, {""problem_id"": ""cj_v41_1469"", ""full_text"": ""조선인 운동은 민족 운동으로 또는 사회 운동으로 표면과 이면에서 그침 없이 계속하여 오다가, 조선 민족의 총역량을 집중 하여 민족 단일당 결성을 촉진하며 (가) 이/가 조직되었다. 각도 각지에서는 지회가 속속 설치되었다. …… (가) 은/는 민중 대회를 준비하다가 발각되어 타격을 입은 이후 해소라는 새 기록을 남기고 5년간 걸어 온 자취를 청산하는 동시에 새로운 방향으로 걸음을 전환하였다.\n(가) 단체의 활동으로 옳은 것은?\n개벽, 신여성 등의 잡지를 발행하였다.\n중추원 개편을 통해 의회 설립을 추진하였다.\n군사 조직으로 한인 국방 경위대를 창설하였다.\n순종의 인산일을 기회로 만세 운동을 계획하였다.\n광주 학생 항일 운동에 진상 조사단을 파견하였다.""}]",source-candidate:54db5b2580418b78cb73,THESAURUS:TERM:23074980:sha256-1022516a18f91e61,THESAURUS,4,대한인국민회쿠바지방회,name,name_ngram,0.317059,UNKNOWN,"[""대한인국민회쿠바지방회""]","[""大韓人國民會"", ""地方會""]","[""일제시기""]",,,[],,"{""term_name"": ""대한인국민회쿠바지방회"", ""hanja"": ""大韓人國民會쿠바地方會"", ""era"": ""일제시기"", ""thesaurus_category"": ""사회운동·독립운동>독립운동>민족주의운동(독립)"", ""description"": ""1921년 쿠바에서 결성된 대한인국민회 지방회."", ""term_year"": ""1921-?""}",[],,,,,,,,
91,gold-case:b7515fd916c787344f5f,term-review-task:4d38ef8e6952cfb700f7,resolution-case:f18572e0d474531c821c,한인국방경위대,기관,"[{""problem_id"": ""cj_v41_1427"", ""full_text"": ""휘문중학 운동장에서 (가) 의 수반인 여운형 씨가 5천여 군중 앞에서 해방의 제일성을 힘있게 외쳤다. “조선 민족 해방의 날은 왔다. …… 어제 15일 아침 8시에 엔도 조선 총독부 정무총감의 초청을 받아 …… 나는 다섯 가지 요구를 제안하여 무조건 승낙을 받았다. 1. 전 조선 각지에 구속되어 있는 정치, 경제범을 즉시 해방하라 …… 4. 민족 해방의 모든 원동력이 되는 학생 훈련과 청년 조직에 대하여 간섭하지 말라 …… 이것으로 우리 민족 해방의 첫걸음을 내딛게 되었으니 우리가 지난날에 아프고 쓰렸던 것은 이 자리에서 모두 잊어버리자. ……”\n(가)에 대한 설명으로 옳은 것은?\n신한공사를 설립하였다.\n좌우 합작 7원칙을 제시하였다.\n조선 인민 공화국 수립이 선포된 후 해산하였다.\n한인 국방 경위대를 창설하였다.\n남북 협상 공동 성명서를 발표하였다.""}, {""problem_id"": ""cj_v41_1469"", ""full_text"": ""조선인 운동은 민족 운동으로 또는 사회 운동으로 표면과 이면에서 그침 없이 계속하여 오다가, 조선 민족의 총역량을 집중 하여 민족 단일당 결성을 촉진하며 (가) 이/가 조직되었다. 각도 각지에서는 지회가 속속 설치되었다. …… (가) 은/는 민중 대회를 준비하다가 발각되어 타격을 입은 이후 해소라는 새 기록을 남기고 5년간 걸어 온 자취를 청산하는 동시에 새로운 방향으로 걸음을 전환하였다.\n(가) 단체의 활동으로 옳은 것은?\n개벽, 신여성 등의 잡지를 발행하였다.\n중추원 개편을 통해 의회 설립을 추진하였다.\n군사 조직으로 한인 국방 경위대를 창설하였다.\n순종의 인산일을 기회로 만세 운동을 계획하였다.\n광주 학생 항일 운동에 진상 조사단을 파견하였다.""}]",source-candidate:bf70b756604c23151355,AKS:ARTICLE:E0012155:sha256-704d8ea620c542f5,AKS,5,국방경비대,name,name_ngram,0.306667,COMPATIBLE,"[""국방경비대"", ""남조선국방경비대""]","[""南朝鮮"", ""國防警備隊""]","[""현대""]",,,[],Organization,"{""headword"": ""남조선 국방경비대"", ""aliases"": [""국방경비대""], ""origin"": ""南朝鮮 國防警備隊"", ""headword_origin"": ""남조선 국방경비대(南朝鮮 國防警備隊)"", ""primary_type"": ""단체"", ""era"": ""현대"", ""definition"": ""8·15광복 후 미군정하에서 창설되어 대한민국국군(육군, 공군)의 모체가 되었던 군사조직.""}","[{""left_source_candidate_id"": ""source-candidate:bf70b756604c23151355"", ""right_source_candidate_id"": ""source-candidate:f0d81f4d9bd48d8b36fc"", ""signals"": [""normalized_name_match"", ""hanja_match"", ""era_overlap""], ""conflicts"": [], ""merge_eligible"": true}]",,,,,,,,
91,gold-case:b7515fd916c787344f5f,term-review-task:4d38ef8e6952cfb700f7,resolution-case:f18572e0d474531c821c,한인국방경위대,기관,"[{""problem_id"": ""cj_v41_1427"", ""full_text"": ""휘문중학 운동장에서 (가) 의 수반인 여운형 씨가 5천여 군중 앞에서 해방의 제일성을 힘있게 외쳤다. “조선 민족 해방의 날은 왔다. …… 어제 15일 아침 8시에 엔도 조선 총독부 정무총감의 초청을 받아 …… 나는 다섯 가지 요구를 제안하여 무조건 승낙을 받았다. 1. 전 조선 각지에 구속되어 있는 정치, 경제범을 즉시 해방하라 …… 4. 민족 해방의 모든 원동력이 되는 학생 훈련과 청년 조직에 대하여 간섭하지 말라 …… 이것으로 우리 민족 해방의 첫걸음을 내딛게 되었으니 우리가 지난날에 아프고 쓰렸던 것은 이 자리에서 모두 잊어버리자. ……”\n(가)에 대한 설명으로 옳은 것은?\n신한공사를 설립하였다.\n좌우 합작 7원칙을 제시하였다.\n조선 인민 공화국 수립이 선포된 후 해산하였다.\n한인 국방 경위대를 창설하였다.\n남북 협상 공동 성명서를 발표하였다.""}, {""problem_id"": ""cj_v41_1469"", ""full_text"": ""조선인 운동은 민족 운동으로 또는 사회 운동으로 표면과 이면에서 그침 없이 계속하여 오다가, 조선 민족의 총역량을 집중 하여 민족 단일당 결성을 촉진하며 (가) 이/가 조직되었다. 각도 각지에서는 지회가 속속 설치되었다. …… (가) 은/는 민중 대회를 준비하다가 발각되어 타격을 입은 이후 해소라는 새 기록을 남기고 5년간 걸어 온 자취를 청산하는 동시에 새로운 방향으로 걸음을 전환하였다.\n(가) 단체의 활동으로 옳은 것은?\n개벽, 신여성 등의 잡지를 발행하였다.\n중추원 개편을 통해 의회 설립을 추진하였다.\n군사 조직으로 한인 국방 경위대를 창설하였다.\n순종의 인산일을 기회로 만세 운동을 계획하였다.\n광주 학생 항일 운동에 진상 조사단을 파견하였다.""}]",source-candidate:f0d81f4d9bd48d8b36fc,THESAURUS:TERM:2192:sha256-1022516a18f91e61,THESAURUS,6,국방경비대,name,name_ngram,0.306667,UNKNOWN,"[""국방경비대""]","[""國防警備隊""]","[""현대""]",,,[],,"{""term_name"": ""국방경비대"", ""hanja"": ""國防警備隊"", ""era"": ""현대"", ""thesaurus_category"": ""국방·군사>군>중앙군"", ""description"": ""1946년 1월 15일 미군정청 산하에 창설되어 대한민국 국군의 모체가 되었던 군사조직."", ""term_year"": ""1946-1948""}","[{""left_source_candidate_id"": ""source-candidate:bf70b756604c23151355"", ""right_source_candidate_id"": ""source-candidate:f0d81f4d9bd48d8b36fc"", ""signals"": [""normalized_name_match"", ""hanja_match"", ""era_overlap""], ""conflicts"": [], ""merge_eligible"": true}]",,,,,,,,
91,gold-case:b7515fd916c787344f5f,term-review-task:4d38ef8e6952cfb700f7,resolution-case:f18572e0d474531c821c,한인국방경위대,기관,"[{""problem_id"": ""cj_v41_1427"", ""full_text"": ""휘문중학 운동장에서 (가) 의 수반인 여운형 씨가 5천여 군중 앞에서 해방의 제일성을 힘있게 외쳤다. “조선 민족 해방의 날은 왔다. …… 어제 15일 아침 8시에 엔도 조선 총독부 정무총감의 초청을 받아 …… 나는 다섯 가지 요구를 제안하여 무조건 승낙을 받았다. 1. 전 조선 각지에 구속되어 있는 정치, 경제범을 즉시 해방하라 …… 4. 민족 해방의 모든 원동력이 되는 학생 훈련과 청년 조직에 대하여 간섭하지 말라 …… 이것으로 우리 민족 해방의 첫걸음을 내딛게 되었으니 우리가 지난날에 아프고 쓰렸던 것은 이 자리에서 모두 잊어버리자. ……”\n(가)에 대한 설명으로 옳은 것은?\n신한공사를 설립하였다.\n좌우 합작 7원칙을 제시하였다.\n조선 인민 공화국 수립이 선포된 후 해산하였다.\n한인 국방 경위대를 창설하였다.\n남북 협상 공동 성명서를 발표하였다.""}, {""problem_id"": ""cj_v41_1469"", ""full_text"": ""조선인 운동은 민족 운동으로 또는 사회 운동으로 표면과 이면에서 그침 없이 계속하여 오다가, 조선 민족의 총역량을 집중 하여 민족 단일당 결성을 촉진하며 (가) 이/가 조직되었다. 각도 각지에서는 지회가 속속 설치되었다. …… (가) 은/는 민중 대회를 준비하다가 발각되어 타격을 입은 이후 해소라는 새 기록을 남기고 5년간 걸어 온 자취를 청산하는 동시에 새로운 방향으로 걸음을 전환하였다.\n(가) 단체의 활동으로 옳은 것은?\n개벽, 신여성 등의 잡지를 발행하였다.\n중추원 개편을 통해 의회 설립을 추진하였다.\n군사 조직으로 한인 국방 경위대를 창설하였다.\n순종의 인산일을 기회로 만세 운동을 계획하였다.\n광주 학생 항일 운동에 진상 조사단을 파견하였다.""}]",source-candidate:f2e839c821d0ee9557b1,THESAURUS:TERM:23074968:sha256-1022516a18f91e61,THESAURUS,7,대한인국민회만주지방총회,name,name_ngram,0.306082,UNKNOWN,"[""대한인국민회만주지방총회""]","[""大韓人國民會滿洲地方總會""]","[""일제시기""]",,,[],,"{""term_name"": ""대한인국민회만주지방총회"", ""hanja"": ""大韓人國民會滿洲地方總會"", ""era"": ""일제시기"", ""thesaurus_category"": ""사회운동·독립운동>독립운동>민족주의운동(독립)"", ""description"": ""1910년 4월 만주 하얼빈에서 조직된 미주지역 대한인국민회의 지방조직."", ""term_year"": ""1910-?""}",[],,,,,,,,
91,gold-case:b7515fd916c787344f5f,term-review-task:4d38ef8e6952cfb700f7,resolution-case:f18572e0d474531c821c,한인국방경위대,기관,"[{""problem_id"": ""cj_v41_1427"", ""full_text"": ""휘문중학 운동장에서 (가) 의 수반인 여운형 씨가 5천여 군중 앞에서 해방의 제일성을 힘있게 외쳤다. “조선 민족 해방의 날은 왔다. …… 어제 15일 아침 8시에 엔도 조선 총독부 정무총감의 초청을 받아 …… 나는 다섯 가지 요구를 제안하여 무조건 승낙을 받았다. 1. 전 조선 각지에 구속되어 있는 정치, 경제범을 즉시 해방하라 …… 4. 민족 해방의 모든 원동력이 되는 학생 훈련과 청년 조직에 대하여 간섭하지 말라 …… 이것으로 우리 민족 해방의 첫걸음을 내딛게 되었으니 우리가 지난날에 아프고 쓰렸던 것은 이 자리에서 모두 잊어버리자. ……”\n(가)에 대한 설명으로 옳은 것은?\n신한공사를 설립하였다.\n좌우 합작 7원칙을 제시하였다.\n조선 인민 공화국 수립이 선포된 후 해산하였다.\n한인 국방 경위대를 창설하였다.\n남북 협상 공동 성명서를 발표하였다.""}, {""problem_id"": ""cj_v41_1469"", ""full_text"": ""조선인 운동은 민족 운동으로 또는 사회 운동으로 표면과 이면에서 그침 없이 계속하여 오다가, 조선 민족의 총역량을 집중 하여 민족 단일당 결성을 촉진하며 (가) 이/가 조직되었다. 각도 각지에서는 지회가 속속 설치되었다. …… (가) 은/는 민중 대회를 준비하다가 발각되어 타격을 입은 이후 해소라는 새 기록을 남기고 5년간 걸어 온 자취를 청산하는 동시에 새로운 방향으로 걸음을 전환하였다.\n(가) 단체의 활동으로 옳은 것은?\n개벽, 신여성 등의 잡지를 발행하였다.\n중추원 개편을 통해 의회 설립을 추진하였다.\n군사 조직으로 한인 국방 경위대를 창설하였다.\n순종의 인산일을 기회로 만세 운동을 계획하였다.\n광주 학생 항일 운동에 진상 조사단을 파견하였다.""}]",source-candidate:a25de8f6811bb8fb8755,THESAURUS:TERM:23074971:sha256-1022516a18f91e61,THESAURUS,8,대한인국민회멕시코지방회,name,name_ngram,0.306082,UNKNOWN,"[""대한인국민회멕시코지방회""]","[""大韓人國民會"", ""地方會""]","[""일제시기""]",,,[],,"{""term_name"": ""대한인국민회멕시코지방회"", ""hanja"": ""大韓人國民會멕시코地方會"", ""era"": ""일제시기"", ""thesaurus_category"": ""사회운동·독립운동>독립운동>민족주의운동(독립)"", ""description"": ""1911년 설립된 대한인국민회의 멕시코 지방회."", ""term_year"": ""1911-?""}",[],,,,,,,,
91,gold-case:b7515fd916c787344f5f,term-review-task:4d38ef8e6952cfb700f7,resolution-case:f18572e0d474531c821c,한인국방경위대,기관,"[{""problem_id"": ""cj_v41_1427"", ""full_text"": ""휘문중학 운동장에서 (가) 의 수반인 여운형 씨가 5천여 군중 앞에서 해방의 제일성을 힘있게 외쳤다. “조선 민족 해방의 날은 왔다. …… 어제 15일 아침 8시에 엔도 조선 총독부 정무총감의 초청을 받아 …… 나는 다섯 가지 요구를 제안하여 무조건 승낙을 받았다. 1. 전 조선 각지에 구속되어 있는 정치, 경제범을 즉시 해방하라 …… 4. 민족 해방의 모든 원동력이 되는 학생 훈련과 청년 조직에 대하여 간섭하지 말라 …… 이것으로 우리 민족 해방의 첫걸음을 내딛게 되었으니 우리가 지난날에 아프고 쓰렸던 것은 이 자리에서 모두 잊어버리자. ……”\n(가)에 대한 설명으로 옳은 것은?\n신한공사를 설립하였다.\n좌우 합작 7원칙을 제시하였다.\n조선 인민 공화국 수립이 선포된 후 해산하였다.\n한인 국방 경위대를 창설하였다.\n남북 협상 공동 성명서를 발표하였다.""}, {""problem_id"": ""cj_v41_1469"", ""full_text"": ""조선인 운동은 민족 운동으로 또는 사회 운동으로 표면과 이면에서 그침 없이 계속하여 오다가, 조선 민족의 총역량을 집중 하여 민족 단일당 결성을 촉진하며 (가) 이/가 조직되었다. 각도 각지에서는 지회가 속속 설치되었다. …… (가) 은/는 민중 대회를 준비하다가 발각되어 타격을 입은 이후 해소라는 새 기록을 남기고 5년간 걸어 온 자취를 청산하는 동시에 새로운 방향으로 걸음을 전환하였다.\n(가) 단체의 활동으로 옳은 것은?\n개벽, 신여성 등의 잡지를 발행하였다.\n중추원 개편을 통해 의회 설립을 추진하였다.\n군사 조직으로 한인 국방 경위대를 창설하였다.\n순종의 인산일을 기회로 만세 운동을 계획하였다.\n광주 학생 항일 운동에 진상 조사단을 파견하였다.""}]",source-candidate:ce849fdae6f1ef7f483b,AKS:ARTICLE:E0068107:sha256-704d8ea620c542f5,AKS,9,북미대한인국민회,name,name_ngram,0.298,COMPATIBLE,"[""북미대한인국민회""]","[""北美大韓人國民會""]","[""근대"", ""대한제국기"", ""일제강점기""]",,,[],Organization,"{""headword"": ""북미대한인국민회"", ""origin"": ""北美大韓人國民會"", ""headword_origin"": ""북미대한인국민회(北美大韓人國民會)"", ""primary_type"": ""단체"", ""era"": ""근대/대한제국기 | 근대/일제강점기"", ""definition"": ""미주 독립운동단체였던 대한인국민회(大韓人國民會)의 후신.""}",[],,,,,,,,
91,gold-case:b7515fd916c787344f5f,term-review-task:4d38ef8e6952cfb700f7,resolution-case:f18572e0d474531c821c,한인국방경위대,기관,"[{""problem_id"": ""cj_v41_1427"", ""full_text"": ""휘문중학 운동장에서 (가) 의 수반인 여운형 씨가 5천여 군중 앞에서 해방의 제일성을 힘있게 외쳤다. “조선 민족 해방의 날은 왔다. …… 어제 15일 아침 8시에 엔도 조선 총독부 정무총감의 초청을 받아 …… 나는 다섯 가지 요구를 제안하여 무조건 승낙을 받았다. 1. 전 조선 각지에 구속되어 있는 정치, 경제범을 즉시 해방하라 …… 4. 민족 해방의 모든 원동력이 되는 학생 훈련과 청년 조직에 대하여 간섭하지 말라 …… 이것으로 우리 민족 해방의 첫걸음을 내딛게 되었으니 우리가 지난날에 아프고 쓰렸던 것은 이 자리에서 모두 잊어버리자. ……”\n(가)에 대한 설명으로 옳은 것은?\n신한공사를 설립하였다.\n좌우 합작 7원칙을 제시하였다.\n조선 인민 공화국 수립이 선포된 후 해산하였다.\n한인 국방 경위대를 창설하였다.\n남북 협상 공동 성명서를 발표하였다.""}, {""problem_id"": ""cj_v41_1469"", ""full_text"": ""조선인 운동은 민족 운동으로 또는 사회 운동으로 표면과 이면에서 그침 없이 계속하여 오다가, 조선 민족의 총역량을 집중 하여 민족 단일당 결성을 촉진하며 (가) 이/가 조직되었다. 각도 각지에서는 지회가 속속 설치되었다. …… (가) 은/는 민중 대회를 준비하다가 발각되어 타격을 입은 이후 해소라는 새 기록을 남기고 5년간 걸어 온 자취를 청산하는 동시에 새로운 방향으로 걸음을 전환하였다.\n(가) 단체의 활동으로 옳은 것은?\n개벽, 신여성 등의 잡지를 발행하였다.\n중추원 개편을 통해 의회 설립을 추진하였다.\n군사 조직으로 한인 국방 경위대를 창설하였다.\n순종의 인산일을 기회로 만세 운동을 계획하였다.\n광주 학생 항일 운동에 진상 조사단을 파견하였다.""}]",source-candidate:119301eacdc088526728,AKS:ARTICLE:E0072340:sha256-704d8ea620c542f5,AKS,10,대한인국민회 마탄사스지방회,name,name_ngram,0.296246,COMPATIBLE,"[""대한인국민회마탄사스지방회"", ""쿠바지방회""]","[""地方會""]","[""근대"", ""일제강점기""]",,,[],Organization,"{""headword"": ""쿠바 지방회"", ""aliases"": [""대한인국민회 마탄사스지방회""], ""origin"": ""Cuba 地方會"", ""headword_origin"": ""쿠바 지방회(Cuba 地方會)"", ""primary_type"": ""단체"", ""era"": ""근대/일제강점기"", ""definition"": ""쿠바 한인이 마탄사스에 세운 대한인국민회 지방회.""}",[],,,,,,,,
92,gold-case:15fe0c6fc9e323227ced,term-review-task:1b56241f652a05aeabb8,resolution-case:2c8e9a2cbb369954bcc7,설원랑,인물,"[{""problem_id"": ""cj_v41_0004"", ""full_text"": ""(가) 왕이 다시 명령을 내려 좋은 가문 출신의 남자로서 덕행이 있는 자를 뽑아 명칭을 고쳐 화랑이라고 하였다. 처음으로 설원랑을 받들어 국선으로 삼으니, 이것이 화랑 국선의 시초이다. - 삼국유사 - (나) 왕이 이찬 이사부에게 명령하여 가라국을 습격하게 하였다. 이때 사다함은 나이가 15~16세였는데 종군하기를 청하였다. 그 나라 사람들은 뜻하지 않은 신라군의 습격을 받았다. - 삼국사기 -\n'왕'의 재위 시기에 있었던 사실로 옳은 것은?\n거칠부가 국사를 편찬하였다.\n김헌창이 웅천주에서 반란을 일으켰다.\n이차돈의 순교를 계기로 불교가 공인되었다.\n최고 지배자의 호칭이 마립간으로 바뀌었다.\n자장의 건의로 황룡사 9층 목탑이 건립되었다.""}, {""problem_id"": ""cj_v41_1248"", ""full_text"": ""0 풍월주(風月主), 원화(i源花)의 법이 폐하여진 지 이미 여러 해였다. 왕은 나리를 일으기려면 풍월도를 먼저 하여야 한다고 생각하여 다시금 영(令)을 내려 귀인과 양가의 자제 중에서 얼굴이 아름답고 덕행이 있는 자를 선발해서 분장을 시켜 (가) 또는국선(國仙)이라 이름하였다. 0 좋은 가문 출신의 남자로서 덕행이 있는 자를 뽑아 (가) (에라 하였다. 처음 설원랑을 받들어 국선으로 삼았는데 이것이 시초이다.\n(가) 제도를 시행한 국가에 대한 설명으로 옳은 것은?\n태학과 경당을 두어 인재를 양성하였다.\n유랑민을 구휼하는 활인서를 설치하였다.\n정사암 회의에서 국가 중대사를 결정하였다.\n도병마사에서 변경의 군사 문제 등을 논의하였다.\n골품에 따라 관등 승진, 일상생활 등을 엄격히 제한하였다.""}]",source-candidate:7c49af6020212819d267,AKS:ARTICLE:E0029068:sha256-704d8ea620c542f5,AKS,1,설원랑,name,exact,1.0,COMPATIBLE,"[""설원랑""]","[""薛原郎""]","[""고대"", ""삼국"", ""신라""]",,,[],Person,"{""headword"": ""설원랑"", ""origin"": ""薛原郎"", ""headword_origin"": ""설원랑(薛原郎)"", ""primary_type"": ""인물/전통 인물"", ""era"": ""고대/삼국/신라"", ""definition"": ""삼국시대 신라 최초의 화랑.""}",[],IDENTITY_MEMBER,ALT_178,설원랑,Person,,,,
92,gold-case:15fe0c6fc9e323227ced,term-review-task:1b56241f652a05aeabb8,resolution-case:2c8e9a2cbb369954bcc7,설원랑,인물,"[{""problem_id"": ""cj_v41_0004"", ""full_text"": ""(가) 왕이 다시 명령을 내려 좋은 가문 출신의 남자로서 덕행이 있는 자를 뽑아 명칭을 고쳐 화랑이라고 하였다. 처음으로 설원랑을 받들어 국선으로 삼으니, 이것이 화랑 국선의 시초이다. - 삼국유사 - (나) 왕이 이찬 이사부에게 명령하여 가라국을 습격하게 하였다. 이때 사다함은 나이가 15~16세였는데 종군하기를 청하였다. 그 나라 사람들은 뜻하지 않은 신라군의 습격을 받았다. - 삼국사기 -\n'왕'의 재위 시기에 있었던 사실로 옳은 것은?\n거칠부가 국사를 편찬하였다.\n김헌창이 웅천주에서 반란을 일으켰다.\n이차돈의 순교를 계기로 불교가 공인되었다.\n최고 지배자의 호칭이 마립간으로 바뀌었다.\n자장의 건의로 황룡사 9층 목탑이 건립되었다.""}, {""problem_id"": ""cj_v41_1248"", ""full_text"": ""0 풍월주(風月主), 원화(i源花)의 법이 폐하여진 지 이미 여러 해였다. 왕은 나리를 일으기려면 풍월도를 먼저 하여야 한다고 생각하여 다시금 영(令)을 내려 귀인과 양가의 자제 중에서 얼굴이 아름답고 덕행이 있는 자를 선발해서 분장을 시켜 (가) 또는국선(國仙)이라 이름하였다. 0 좋은 가문 출신의 남자로서 덕행이 있는 자를 뽑아 (가) (에라 하였다. 처음 설원랑을 받들어 국선으로 삼았는데 이것이 시초이다.\n(가) 제도를 시행한 국가에 대한 설명으로 옳은 것은?\n태학과 경당을 두어 인재를 양성하였다.\n유랑민을 구휼하는 활인서를 설치하였다.\n정사암 회의에서 국가 중대사를 결정하였다.\n도병마사에서 변경의 군사 문제 등을 논의하였다.\n골품에 따라 관등 승진, 일상생활 등을 엄격히 제한하였다.""}]",source-candidate:1906e6ab21346c4db577,THESAURUS:TERM:12608652:sha256-1022516a18f91e61,THESAURUS,2,설원랑,name,exact,1.0,UNKNOWN,"[""설원랑""]","[""薛原郎""]","[""삼국시대""]",,,[],Person,"{""term_name"": ""설원랑"", ""hanja"": ""薛原郎"", ""era"": ""삼국시대"", ""thesaurus_category"": ""인명"", ""description"": ""신라 진흥왕 때 화랑도를 제정하고 최초의 화랑으로 받든 인물."", ""term_year"": ""?""}",[],IDENTITY_MEMBER,ALT_178,설원랑,Person,,,,
93,gold-case:3447e9c219fb6a347f8c,term-review-task:8da1e8dc4ce1eeba27bf,resolution-case:dff5abdc4bd566328505,사찰령,제도,"[{""problem_id"": ""cj_v41_0605"", ""full_text"": ""이곳은 동학에서 시작된 종교인 (가) 소속의 방정환, 김기전 등이 인내천 사상을 바탕으로 1922년 '어린이의 날을 선포한 장소이다. 그들은 어린이들과 함께 이곳에서 출발하여 거리 행진을 하며 선전문을 배포한 뒤 어린이날 제정 축하 기념회를 열었습니다. 밥\n(가) 종교에 대한 설명으로 옳은 것은?\n만세보를 발행하여 민중 계몽에 힘썼다.\n중광단을 조직하여 무장 투쟁을 전개하였다.\n배재 학당을 세워 신학문 보급에 기여하였다.\n박중빈을 중심으로 새생활 운동을 추진하였다.\n일제의 통제에 맞서 사찰령 폐지 운동을 주도하였다.""}, {""problem_id"": ""cj_v41_0987"", ""full_text"": ""방정환이 꿈꾼 어린이를 위한 나라 우리 박물관 에서는 어린이 창간 100주년을 기념하는 특별전을 준비하였습 니다 동학을 계승한 종교인 (가) 계 열의 방정환 등이 어린이들에게 다양한 읽을거리를 제공하기 위 해 발간한 잡지 어린이의 전시와 함께 여러 체험 행사를 준비 하였으니 많은 관심 바랍니다\n(가) 종교에 대한 설명으로 옳은 것은?\n한용운 등이 사찰령 폐지를 주장하였다.\n만세보를 발행하여 민중 계몽에 앞장섰다.\n박중빈을 중심으로 새생활 운동을 펼쳤다.\n배재 학당을 세워 신학문을 보급하고자 힘썼다.\n의민단을 조직하여 항일 무장 투쟁을 전개하였다.""}, {""problem_id"": ""cj_v41_1130"", ""full_text"": ""지난 개천절을 기회로 하여 (가) 은/는 나철이 만주에서 독립운동을 계획했다는 이유로 단군 신앙을 기반으로 창시한 (가) 간부 7명이 동대문 종 교 인 데 , 민 족 의 식 을 고 취 할 경찰서에 체포되었다는 기사가 뿐만 아 니 라 독 립 운 동 도 전 개 실렸구나. 하고 있네요.\n(가) 종교에 대한 설명으로 옳은 것은?\n개벽, 신여성 등의 잡지를 발간하였다.\n한용운 등이 사찰령 폐지를 주장하였다.\n박중빈을 중심으로 새생활 운동을 펼쳤다.\n김창숙의 주도로 파리 장서 운동을 전개하였다.\n무장 투쟁을 전개하기 위해 중광단을 조직하였다.""}]",source-candidate:fd3baeb61ee350b3bfdb,AKS:ARTICLE:E0025985:sha256-704d8ea620c542f5,AKS,1,사찰령,name,exact,1.0,COMPATIBLE,"[""사찰령"", ""사찰령시행규칙""]","[""寺刹令""]","[""근대"", ""일제강점기""]",,,[],Concept,"{""headword"": ""사찰령"", ""aliases"": [""사찰령시행규칙""], ""origin"": ""寺刹令"", ""headword_origin"": ""사찰령(寺刹令)"", ""primary_type"": ""제도/법령·제도"", ""era"": ""근대/일제강점기"", ""definition"": ""1911년 일제가 한국불교를 억압하고 민족정신을 말살하기 위해 제정·공포한 법령.""}","[{""left_source_candidate_id"": ""source-candidate:455c41506e9b92157638"", ""right_source_candidate_id"": ""source-candidate:fd3baeb61ee350b3bfdb"", ""signals"": [""normalized_name_match"", ""hanja_match""], ""conflicts"": [], ""merge_eligible"": true}]",IDENTITY_MEMBER,ALT_179,사찰령,Concept,,,,
93,gold-case:3447e9c219fb6a347f8c,term-review-task:8da1e8dc4ce1eeba27bf,resolution-case:dff5abdc4bd566328505,사찰령,제도,"[{""problem_id"": ""cj_v41_0605"", ""full_text"": ""이곳은 동학에서 시작된 종교인 (가) 소속의 방정환, 김기전 등이 인내천 사상을 바탕으로 1922년 '어린이의 날을 선포한 장소이다. 그들은 어린이들과 함께 이곳에서 출발하여 거리 행진을 하며 선전문을 배포한 뒤 어린이날 제정 축하 기념회를 열었습니다. 밥\n(가) 종교에 대한 설명으로 옳은 것은?\n만세보를 발행하여 민중 계몽에 힘썼다.\n중광단을 조직하여 무장 투쟁을 전개하였다.\n배재 학당을 세워 신학문 보급에 기여하였다.\n박중빈을 중심으로 새생활 운동을 추진하였다.\n일제의 통제에 맞서 사찰령 폐지 운동을 주도하였다.""}, {""problem_id"": ""cj_v41_0987"", ""full_text"": ""방정환이 꿈꾼 어린이를 위한 나라 우리 박물관 에서는 어린이 창간 100주년을 기념하는 특별전을 준비하였습 니다 동학을 계승한 종교인 (가) 계 열의 방정환 등이 어린이들에게 다양한 읽을거리를 제공하기 위 해 발간한 잡지 어린이의 전시와 함께 여러 체험 행사를 준비 하였으니 많은 관심 바랍니다\n(가) 종교에 대한 설명으로 옳은 것은?\n한용운 등이 사찰령 폐지를 주장하였다.\n만세보를 발행하여 민중 계몽에 앞장섰다.\n박중빈을 중심으로 새생활 운동을 펼쳤다.\n배재 학당을 세워 신학문을 보급하고자 힘썼다.\n의민단을 조직하여 항일 무장 투쟁을 전개하였다.""}, {""problem_id"": ""cj_v41_1130"", ""full_text"": ""지난 개천절을 기회로 하여 (가) 은/는 나철이 만주에서 독립운동을 계획했다는 이유로 단군 신앙을 기반으로 창시한 (가) 간부 7명이 동대문 종 교 인 데 , 민 족 의 식 을 고 취 할 경찰서에 체포되었다는 기사가 뿐만 아 니 라 독 립 운 동 도 전 개 실렸구나. 하고 있네요.\n(가) 종교에 대한 설명으로 옳은 것은?\n개벽, 신여성 등의 잡지를 발간하였다.\n한용운 등이 사찰령 폐지를 주장하였다.\n박중빈을 중심으로 새생활 운동을 펼쳤다.\n김창숙의 주도로 파리 장서 운동을 전개하였다.\n무장 투쟁을 전개하기 위해 중광단을 조직하였다.""}]",source-candidate:455c41506e9b92157638,THESAURUS:TERM:9906:sha256-1022516a18f91e61,THESAURUS,2,사찰령,name,exact,1.0,UNKNOWN,"[""사찰령""]","[""寺刹令""]","[""일제시기""]",,,[],,"{""term_name"": ""사찰령"", ""hanja"": ""寺刹令"", ""era"": ""일제시기"", ""thesaurus_category"": ""정치·행정·법제>법·법령"", ""description"": ""1911년 일제가 한국불교를 억압하고 민족정신을 말살하기 위하여 제정·공포한 법령."", ""term_year"": ""1911-1945""}","[{""left_source_candidate_id"": ""source-candidate:455c41506e9b92157638"", ""right_source_candidate_id"": ""source-candidate:fd3baeb61ee350b3bfdb"", ""signals"": [""normalized_name_match"", ""hanja_match""], ""conflicts"": [], ""merge_eligible"": true}]",IDENTITY_MEMBER,ALT_179,사찰령,Concept,,,,
93,gold-case:3447e9c219fb6a347f8c,term-review-task:8da1e8dc4ce1eeba27bf,resolution-case:dff5abdc4bd566328505,사찰령,제도,"[{""problem_id"": ""cj_v41_0605"", ""full_text"": ""이곳은 동학에서 시작된 종교인 (가) 소속의 방정환, 김기전 등이 인내천 사상을 바탕으로 1922년 '어린이의 날을 선포한 장소이다. 그들은 어린이들과 함께 이곳에서 출발하여 거리 행진을 하며 선전문을 배포한 뒤 어린이날 제정 축하 기념회를 열었습니다. 밥\n(가) 종교에 대한 설명으로 옳은 것은?\n만세보를 발행하여 민중 계몽에 힘썼다.\n중광단을 조직하여 무장 투쟁을 전개하였다.\n배재 학당을 세워 신학문 보급에 기여하였다.\n박중빈을 중심으로 새생활 운동을 추진하였다.\n일제의 통제에 맞서 사찰령 폐지 운동을 주도하였다.""}, {""problem_id"": ""cj_v41_0987"", ""full_text"": ""방정환이 꿈꾼 어린이를 위한 나라 우리 박물관 에서는 어린이 창간 100주년을 기념하는 특별전을 준비하였습 니다 동학을 계승한 종교인 (가) 계 열의 방정환 등이 어린이들에게 다양한 읽을거리를 제공하기 위 해 발간한 잡지 어린이의 전시와 함께 여러 체험 행사를 준비 하였으니 많은 관심 바랍니다\n(가) 종교에 대한 설명으로 옳은 것은?\n한용운 등이 사찰령 폐지를 주장하였다.\n만세보를 발행하여 민중 계몽에 앞장섰다.\n박중빈을 중심으로 새생활 운동을 펼쳤다.\n배재 학당을 세워 신학문을 보급하고자 힘썼다.\n의민단을 조직하여 항일 무장 투쟁을 전개하였다.""}, {""problem_id"": ""cj_v41_1130"", ""full_text"": ""지난 개천절을 기회로 하여 (가) 은/는 나철이 만주에서 독립운동을 계획했다는 이유로 단군 신앙을 기반으로 창시한 (가) 간부 7명이 동대문 종 교 인 데 , 민 족 의 식 을 고 취 할 경찰서에 체포되었다는 기사가 뿐만 아 니 라 독 립 운 동 도 전 개 실렸구나. 하고 있네요.\n(가) 종교에 대한 설명으로 옳은 것은?\n개벽, 신여성 등의 잡지를 발간하였다.\n한용운 등이 사찰령 폐지를 주장하였다.\n박중빈을 중심으로 새생활 운동을 펼쳤다.\n김창숙의 주도로 파리 장서 운동을 전개하였다.\n무장 투쟁을 전개하기 위해 중광단을 조직하였다.""}]",source-candidate:99b7876cd85ad5f1c9b7,THESAURUS:TERM:14680292:sha256-1022516a18f91e61,THESAURUS,3,사찰령시행규칙,description,bidirectional_containment,0.923429,UNKNOWN,"[""사찰령시행규칙""]","[""寺刹令施行規則""]","[""일제시기""]",,,[],,"{""term_name"": ""사찰령시행규칙"", ""hanja"": ""寺刹令施行規則"", ""era"": ""일제시기"", ""thesaurus_category"": ""정치·행정·법제>법·법령"", ""description"": ""1911년 9월 1일부터 시행할 사찰령에 관한 시행규칙."", ""term_year"": ""1911-?""}",[],EVIDENCE_ONLY,,,,REL_180,사찰령시행규칙,Concept,
93,gold-case:3447e9c219fb6a347f8c,term-review-task:8da1e8dc4ce1eeba27bf,resolution-case:dff5abdc4bd566328505,사찰령,제도,"[{""problem_id"": ""cj_v41_0605"", ""full_text"": ""이곳은 동학에서 시작된 종교인 (가) 소속의 방정환, 김기전 등이 인내천 사상을 바탕으로 1922년 '어린이의 날을 선포한 장소이다. 그들은 어린이들과 함께 이곳에서 출발하여 거리 행진을 하며 선전문을 배포한 뒤 어린이날 제정 축하 기념회를 열었습니다. 밥\n(가) 종교에 대한 설명으로 옳은 것은?\n만세보를 발행하여 민중 계몽에 힘썼다.\n중광단을 조직하여 무장 투쟁을 전개하였다.\n배재 학당을 세워 신학문 보급에 기여하였다.\n박중빈을 중심으로 새생활 운동을 추진하였다.\n일제의 통제에 맞서 사찰령 폐지 운동을 주도하였다.""}, {""problem_id"": ""cj_v41_0987"", ""full_text"": ""방정환이 꿈꾼 어린이를 위한 나라 우리 박물관 에서는 어린이 창간 100주년을 기념하는 특별전을 준비하였습 니다 동학을 계승한 종교인 (가) 계 열의 방정환 등이 어린이들에게 다양한 읽을거리를 제공하기 위 해 발간한 잡지 어린이의 전시와 함께 여러 체험 행사를 준비 하였으니 많은 관심 바랍니다\n(가) 종교에 대한 설명으로 옳은 것은?\n한용운 등이 사찰령 폐지를 주장하였다.\n만세보를 발행하여 민중 계몽에 앞장섰다.\n박중빈을 중심으로 새생활 운동을 펼쳤다.\n배재 학당을 세워 신학문을 보급하고자 힘썼다.\n의민단을 조직하여 항일 무장 투쟁을 전개하였다.""}, {""problem_id"": ""cj_v41_1130"", ""full_text"": ""지난 개천절을 기회로 하여 (가) 은/는 나철이 만주에서 독립운동을 계획했다는 이유로 단군 신앙을 기반으로 창시한 (가) 간부 7명이 동대문 종 교 인 데 , 민 족 의 식 을 고 취 할 경찰서에 체포되었다는 기사가 뿐만 아 니 라 독 립 운 동 도 전 개 실렸구나. 하고 있네요.\n(가) 종교에 대한 설명으로 옳은 것은?\n개벽, 신여성 등의 잡지를 발간하였다.\n한용운 등이 사찰령 폐지를 주장하였다.\n박중빈을 중심으로 새생활 운동을 펼쳤다.\n김창숙의 주도로 파리 장서 운동을 전개하였다.\n무장 투쟁을 전개하기 위해 중광단을 조직하였다.""}]",source-candidate:890d2d2bd47c1affdaae,THESAURUS:TERM:12601900:sha256-1022516a18f91e61,THESAURUS,4,,description,description_containment,0.47,UNKNOWN,"[""교정""]","[""敎正""]","[""근대""]",,,[],,"{""term_name"": ""교정"", ""hanja"": ""敎正"", ""era"": ""근대"", ""thesaurus_category"": ""전통사상·종교>불교>불교종파·용어"", ""description"": ""대한제국기 큰 절의 주지에게 주었던 승직으로 섭리(攝理)가 바뀐 이름. 1911년의 사찰령 이후 주지로 명칭이 바뀜."", ""term_year"": ""1902-1911""}",[],EVIDENCE_ONLY,,,,REL_181,교정,Concept,
93,gold-case:3447e9c219fb6a347f8c,term-review-task:8da1e8dc4ce1eeba27bf,resolution-case:dff5abdc4bd566328505,사찰령,제도,"[{""problem_id"": ""cj_v41_0605"", ""full_text"": ""이곳은 동학에서 시작된 종교인 (가) 소속의 방정환, 김기전 등이 인내천 사상을 바탕으로 1922년 '어린이의 날을 선포한 장소이다. 그들은 어린이들과 함께 이곳에서 출발하여 거리 행진을 하며 선전문을 배포한 뒤 어린이날 제정 축하 기념회를 열었습니다. 밥\n(가) 종교에 대한 설명으로 옳은 것은?\n만세보를 발행하여 민중 계몽에 힘썼다.\n중광단을 조직하여 무장 투쟁을 전개하였다.\n배재 학당을 세워 신학문 보급에 기여하였다.\n박중빈을 중심으로 새생활 운동을 추진하였다.\n일제의 통제에 맞서 사찰령 폐지 운동을 주도하였다.""}, {""problem_id"": ""cj_v41_0987"", ""full_text"": ""방정환이 꿈꾼 어린이를 위한 나라 우리 박물관 에서는 어린이 창간 100주년을 기념하는 특별전을 준비하였습 니다 동학을 계승한 종교인 (가) 계 열의 방정환 등이 어린이들에게 다양한 읽을거리를 제공하기 위 해 발간한 잡지 어린이의 전시와 함께 여러 체험 행사를 준비 하였으니 많은 관심 바랍니다\n(가) 종교에 대한 설명으로 옳은 것은?\n한용운 등이 사찰령 폐지를 주장하였다.\n만세보를 발행하여 민중 계몽에 앞장섰다.\n박중빈을 중심으로 새생활 운동을 펼쳤다.\n배재 학당을 세워 신학문을 보급하고자 힘썼다.\n의민단을 조직하여 항일 무장 투쟁을 전개하였다.""}, {""problem_id"": ""cj_v41_1130"", ""full_text"": ""지난 개천절을 기회로 하여 (가) 은/는 나철이 만주에서 독립운동을 계획했다는 이유로 단군 신앙을 기반으로 창시한 (가) 간부 7명이 동대문 종 교 인 데 , 민 족 의 식 을 고 취 할 경찰서에 체포되었다는 기사가 뿐만 아 니 라 독 립 운 동 도 전 개 실렸구나. 하고 있네요.\n(가) 종교에 대한 설명으로 옳은 것은?\n개벽, 신여성 등의 잡지를 발간하였다.\n한용운 등이 사찰령 폐지를 주장하였다.\n박중빈을 중심으로 새생활 운동을 펼쳤다.\n김창숙의 주도로 파리 장서 운동을 전개하였다.\n무장 투쟁을 전개하기 위해 중광단을 조직하였다.""}]",source-candidate:6c6e779712a17da333ef,THESAURUS:TERM:25169635:sha256-1022516a18f91e61,THESAURUS,5,,description,description_containment,0.47,UNKNOWN,"[""삼십본산""]","[""本山""]","[""일제시기""]",,,[],,"{""term_name"": ""30본산"", ""hanja"": ""30本山"", ""era"": ""일제시기"", ""thesaurus_category"": ""전통사상·종교>종교정책"", ""description"": ""1911년 6월 조선총독부의 사찰령(寺刹令)에 의해 전국 사찰을 30개 권역으로 나누어 본산을 둔 제도."", ""term_year"": ""1911-1924""}",[],EVIDENCE_ONLY,,,,REL_181,30본산,Concept,
94,gold-case:5956099a2cf194a318fc,term-review-task:19c63acaff6f940c7516,resolution-case:a29028e8694790f19717,통신사,기관,"[{""problem_id"": ""cj_v41_0224"", ""full_text"": ""이제 지계 사무를 강원도에서 실시하여 영동은 울진군부터, 영서는 춘천군부터 시작하여 토지를 측량한 후 관계를 발급합니다. 전답과 가사를 강원도에 두고 있는 인민은 구권을 가지고 토지가 있는 군에 가서 관계로 바꾸어 가시기 바랍니다. 광무 ○년 ○○월 ○○일 지계아문\n‘관계’가 발급되던 시기에 볼 수 있는 모습으로 가장 적절한 것은?\n영남 만인소에 동참하는 유생\n원수부에서 업무를 처리하는 관리\n남연군 묘를 도굴하려는 독일 상인\n제너럴 셔먼호를 불태우는 평양 관민\n통신사를 수행해 일본으로 가는 역관""}]",source-candidate:5e23d3643a157f5c3088,AKS:ARTICLE:E0059351:sha256-704d8ea620c542f5,AKS,1,통신사,name,exact,1.0,COMPATIBLE,"[""통신사""]","[""通信司""]","[""근대"", ""대한제국기""]",,,[],Concept,"{""headword"": ""통신사"", ""origin"": ""通信司"", ""headword_origin"": ""통신사(通信司)"", ""primary_type"": ""제도/관청"", ""era"": ""근대/대한제국기"", ""definition"": ""1899년, 철도 사업과 전화 업무를 전담하기 위하여 궁내부 산하에 설치했던 부서.""}","[{""left_source_candidate_id"": ""source-candidate:596fb4135ec47e346b2f"", ""right_source_candidate_id"": ""source-candidate:5e23d3643a157f5c3088"", ""signals"": [""normalized_name_match"", ""hanja_match"", ""era_overlap""], ""conflicts"": [], ""merge_eligible"": true}, {""left_source_candidate_id"": ""source-candidate:5e23d3643a157f5c3088"", ""right_source_candidate_id"": ""source-candidate:8e4c732eeee0bd0968d5"", ""signals"": [], ""conflicts"": [""entity_type_conflict""], ""merge_eligible"": false}, {""left_source_candidate_id"": ""source-candidate:5e23d3643a157f5c3088"", ""right_source_candidate_id"": ""source-candidate:c4083475edd113f2b006"", ""signals"": [], ""conflicts"": [""entity_type_conflict""], ""merge_eligible"": false}]",,,,,,,,
94,gold-case:5956099a2cf194a318fc,term-review-task:19c63acaff6f940c7516,resolution-case:a29028e8694790f19717,통신사,기관,"[{""problem_id"": ""cj_v41_0224"", ""full_text"": ""이제 지계 사무를 강원도에서 실시하여 영동은 울진군부터, 영서는 춘천군부터 시작하여 토지를 측량한 후 관계를 발급합니다. 전답과 가사를 강원도에 두고 있는 인민은 구권을 가지고 토지가 있는 군에 가서 관계로 바꾸어 가시기 바랍니다. 광무 ○년 ○○월 ○○일 지계아문\n‘관계’가 발급되던 시기에 볼 수 있는 모습으로 가장 적절한 것은?\n영남 만인소에 동참하는 유생\n원수부에서 업무를 처리하는 관리\n남연군 묘를 도굴하려는 독일 상인\n제너럴 셔먼호를 불태우는 평양 관민\n통신사를 수행해 일본으로 가는 역관""}]",source-candidate:2f89a8ea6d2cc94835e4,AKS:ARTICLE:E0059354:sha256-704d8ea620c542f5,AKS,2,통신사,name,exact,1.0,COMPATIBLE,"[""통신사""]","[""通信使""]","[""조선"", ""조선 전기"", ""조선 후기""]",,,[],Concept,"{""headword"": ""통신사"", ""origin"": ""通信使"", ""headword_origin"": ""통신사(通信使)"", ""primary_type"": ""제도/법령·제도"", ""era"": ""조선/조선 전기 | 조선/조선 후기"", ""definition"": ""조선시대 조선 국왕의 명의로 일본의 막부장군(幕府將軍: 足利·德川幕府 등)에게 보낸 공식적인 외교사절.""}","[{""left_source_candidate_id"": ""source-candidate:2f89a8ea6d2cc94835e4"", ""right_source_candidate_id"": ""source-candidate:8e4c732eeee0bd0968d5"", ""signals"": [""era_overlap""], ""conflicts"": [""entity_type_conflict""], ""merge_eligible"": false}, {""left_source_candidate_id"": ""source-candidate:2f89a8ea6d2cc94835e4"", ""right_source_candidate_id"": ""source-candidate:c4083475edd113f2b006"", ""signals"": [""era_overlap""], ""conflicts"": [""entity_type_conflict""], ""merge_eligible"": false}]",IDENTITY_MEMBER,ALT_182,통신사,Concept,,,,
94,gold-case:5956099a2cf194a318fc,term-review-task:19c63acaff6f940c7516,resolution-case:a29028e8694790f19717,통신사,기관,"[{""problem_id"": ""cj_v41_0224"", ""full_text"": ""이제 지계 사무를 강원도에서 실시하여 영동은 울진군부터, 영서는 춘천군부터 시작하여 토지를 측량한 후 관계를 발급합니다. 전답과 가사를 강원도에 두고 있는 인민은 구권을 가지고 토지가 있는 군에 가서 관계로 바꾸어 가시기 바랍니다. 광무 ○년 ○○월 ○○일 지계아문\n‘관계’가 발급되던 시기에 볼 수 있는 모습으로 가장 적절한 것은?\n영남 만인소에 동참하는 유생\n원수부에서 업무를 처리하는 관리\n남연군 묘를 도굴하려는 독일 상인\n제너럴 셔먼호를 불태우는 평양 관민\n통신사를 수행해 일본으로 가는 역관""}]",source-candidate:07b1f1ada0ca852d2a45,THESAURUS:TERM:29375888:sha256-1022516a18f91e61,THESAURUS,3,통신사,name,exact,1.0,UNKNOWN,"[""통신사""]","[""通信社""]","[""근대-현대""]",,,[],,"{""term_name"": ""통신사"", ""hanja"": ""通信社"", ""era"": ""근대-현대"", ""thesaurus_category"": ""문화·예술>언론·출판"", ""description"": ""신문사·잡지사·방송사 등에 뉴스를 제공하는 보도 기관."", ""term_year"": ""?-?""}",[],,,,,,,,
94,gold-case:5956099a2cf194a318fc,term-review-task:19c63acaff6f940c7516,resolution-case:a29028e8694790f19717,통신사,기관,"[{""problem_id"": ""cj_v41_0224"", ""full_text"": ""이제 지계 사무를 강원도에서 실시하여 영동은 울진군부터, 영서는 춘천군부터 시작하여 토지를 측량한 후 관계를 발급합니다. 전답과 가사를 강원도에 두고 있는 인민은 구권을 가지고 토지가 있는 군에 가서 관계로 바꾸어 가시기 바랍니다. 광무 ○년 ○○월 ○○일 지계아문\n‘관계’가 발급되던 시기에 볼 수 있는 모습으로 가장 적절한 것은?\n영남 만인소에 동참하는 유생\n원수부에서 업무를 처리하는 관리\n남연군 묘를 도굴하려는 독일 상인\n제너럴 셔먼호를 불태우는 평양 관민\n통신사를 수행해 일본으로 가는 역관""}]",source-candidate:596fb4135ec47e346b2f,THESAURUS:TERM:8428:sha256-1022516a18f91e61,THESAURUS,4,통신사,name,exact,1.0,UNKNOWN,"[""통신사""]","[""通信司""]","[""근대""]",,,[],,"{""term_name"": ""통신사"", ""hanja"": ""通信司"", ""era"": ""근대"", ""thesaurus_category"": ""정치·행정·법제>행정>중앙행정기구"", ""description"": ""대한제국기 궁내부(宮內府)에 소속되어 전화·철도 등의 일을 관장한 관청."", ""term_year"": ""1899-1905""}","[{""left_source_candidate_id"": ""source-candidate:596fb4135ec47e346b2f"", ""right_source_candidate_id"": ""source-candidate:5e23d3643a157f5c3088"", ""signals"": [""normalized_name_match"", ""hanja_match"", ""era_overlap""], ""conflicts"": [], ""merge_eligible"": true}]",,,,,,,,
94,gold-case:5956099a2cf194a318fc,term-review-task:19c63acaff6f940c7516,resolution-case:a29028e8694790f19717,통신사,기관,"[{""problem_id"": ""cj_v41_0224"", ""full_text"": ""이제 지계 사무를 강원도에서 실시하여 영동은 울진군부터, 영서는 춘천군부터 시작하여 토지를 측량한 후 관계를 발급합니다. 전답과 가사를 강원도에 두고 있는 인민은 구권을 가지고 토지가 있는 군에 가서 관계로 바꾸어 가시기 바랍니다. 광무 ○년 ○○월 ○○일 지계아문\n‘관계’가 발급되던 시기에 볼 수 있는 모습으로 가장 적절한 것은?\n영남 만인소에 동참하는 유생\n원수부에서 업무를 처리하는 관리\n남연군 묘를 도굴하려는 독일 상인\n제너럴 셔먼호를 불태우는 평양 관민\n통신사를 수행해 일본으로 가는 역관""}]",source-candidate:b9bfa041c7eff99c9975,THESAURUS:TERM:48240886:sha256-1022516a18f91e61,THESAURUS,5,신화통신사,description,bidirectional_containment,1.055086,UNKNOWN,"[""신화통신사""]","[""新華通訊社""]","[""일제시기-현대""]",,,[],,"{""term_name"": ""신화통신사"", ""hanja"": ""新華通訊社"", ""era"": ""일제시기-현대"", ""thesaurus_category"": ""외교·국제관계>중국>사회·생활(중국)"", ""description"": ""1929년 중국공산당의 통신기관으로 옌안(延安)에서 창설. 중화인민공화국 수립 후 베이징(北京)에 이전하여 정식 국가기관이 된 중국의 대표적 통신사."", ""term_year"": ""1929-?""}",[],,,,,,,,
94,gold-case:5956099a2cf194a318fc,term-review-task:19c63acaff6f940c7516,resolution-case:a29028e8694790f19717,통신사,기관,"[{""problem_id"": ""cj_v41_0224"", ""full_text"": ""이제 지계 사무를 강원도에서 실시하여 영동은 울진군부터, 영서는 춘천군부터 시작하여 토지를 측량한 후 관계를 발급합니다. 전답과 가사를 강원도에 두고 있는 인민은 구권을 가지고 토지가 있는 군에 가서 관계로 바꾸어 가시기 바랍니다. 광무 ○년 ○○월 ○○일 지계아문\n‘관계’가 발급되던 시기에 볼 수 있는 모습으로 가장 적절한 것은?\n영남 만인소에 동참하는 유생\n원수부에서 업무를 처리하는 관리\n남연군 묘를 도굴하려는 독일 상인\n제너럴 셔먼호를 불태우는 평양 관민\n통신사를 수행해 일본으로 가는 역관""}]",source-candidate:8e4c732eeee0bd0968d5,THESAURUS:TERM:14693143:sha256-1022516a18f91e61,THESAURUS,6,통신사등록,description,bidirectional_containment,1.0283,UNKNOWN,"[""통신사등록""]","[""通信使謄錄""]","[""조선후기""]",,,[],Work,"{""term_name"": ""통신사등록"", ""hanja"": ""通信使謄錄"", ""era"": ""조선후기"", ""thesaurus_category"": ""서명"", ""description"": ""1643년(인조 21)부터 1786년(정조 10)까지 일본에 파견한 통신사의 행차 관련 기록을 모은 책. 규장각에 있음. 14책. 필사본."", ""term_year"": ""1643-1786""}","[{""left_source_candidate_id"": ""source-candidate:2f89a8ea6d2cc94835e4"", ""right_source_candidate_id"": ""source-candidate:8e4c732eeee0bd0968d5"", ""signals"": [""era_overlap""], ""conflicts"": [""entity_type_conflict""], ""merge_eligible"": false}, {""left_source_candidate_id"": ""source-candidate:5e23d3643a157f5c3088"", ""right_source_candidate_id"": ""source-candidate:8e4c732eeee0bd0968d5"", ""signals"": [], ""conflicts"": [""entity_type_conflict""], ""merge_eligible"": false}, {""left_source_candidate_id"": ""source-candidate:6e2c04af8acaff969f31"", ""right_source_candidate_id"": ""source-candidate:8e4c732eeee0bd0968d5"", ""signals"": [], ""conflicts"": [""entity_type_conflict""], ""merge_eligible"": false}, {""left_source_candidate_id"": ""source-candidate:8e4c732eeee0bd0968d5"", ""right_source_candidate_id"": ""source-candidate:eb8a9c8dd422b874e3f3"", ""signals"": [], ""conflicts"": [""entity_type_conflict""], ""merge_eligible"": false}]",EVIDENCE_ONLY,,,,REL_183,통신사등록,Work,
94,gold-case:5956099a2cf194a318fc,term-review-task:19c63acaff6f940c7516,resolution-case:a29028e8694790f19717,통신사,기관,"[{""problem_id"": ""cj_v41_0224"", ""full_text"": ""이제 지계 사무를 강원도에서 실시하여 영동은 울진군부터, 영서는 춘천군부터 시작하여 토지를 측량한 후 관계를 발급합니다. 전답과 가사를 강원도에 두고 있는 인민은 구권을 가지고 토지가 있는 군에 가서 관계로 바꾸어 가시기 바랍니다. 광무 ○년 ○○월 ○○일 지계아문\n‘관계’가 발급되던 시기에 볼 수 있는 모습으로 가장 적절한 것은?\n영남 만인소에 동참하는 유생\n원수부에서 업무를 처리하는 관리\n남연군 묘를 도굴하려는 독일 상인\n제너럴 셔먼호를 불태우는 평양 관민\n통신사를 수행해 일본으로 가는 역관""}]",source-candidate:73e7e26833d9a19e90f6,THESAURUS:TERM:18881027:sha256-1022516a18f91e61,THESAURUS,7,연합통신사,description,bidirectional_containment,1.0283,UNKNOWN,"[""연합통신사""]","[""聯合通信社""]","[""현대""]",,,[],,"{""term_name"": ""연합통신사"", ""hanja"": ""聯合通信社"", ""era"": ""현대"", ""thesaurus_category"": ""문화·예술>언론·출판"", ""description"": ""1980년 12월 19일에 설립한 한국 통신사. 언론기관 통폐합 조치에 다라 기존 동양통신과 합동통신을 통합하여 새로운 단일 통신사로 발족. 1998년 12월 19일 연합뉴스로 개칭됨."", ""term_year"": ""1980-1998""}",[],,,,,,,,
94,gold-case:5956099a2cf194a318fc,term-review-task:19c63acaff6f940c7516,resolution-case:a29028e8694790f19717,통신사,기관,"[{""problem_id"": ""cj_v41_0224"", ""full_text"": ""이제 지계 사무를 강원도에서 실시하여 영동은 울진군부터, 영서는 춘천군부터 시작하여 토지를 측량한 후 관계를 발급합니다. 전답과 가사를 강원도에 두고 있는 인민은 구권을 가지고 토지가 있는 군에 가서 관계로 바꾸어 가시기 바랍니다. 광무 ○년 ○○월 ○○일 지계아문\n‘관계’가 발급되던 시기에 볼 수 있는 모습으로 가장 적절한 것은?\n영남 만인소에 동참하는 유생\n원수부에서 업무를 처리하는 관리\n남연군 묘를 도굴하려는 독일 상인\n제너럴 셔먼호를 불태우는 평양 관민\n통신사를 수행해 일본으로 가는 역관""}]",source-candidate:eb8a9c8dd422b874e3f3,AKS:ARTICLE:E0059352:sha256-704d8ea620c542f5,AKS,8,통신사,name,exact,1.0,CONFLICT,"[""통신사""]","[""通信士""]","[""현대""]",,,[],Concept,"{""headword"": ""통신사"", ""origin"": ""通信士"", ""headword_origin"": ""통신사(通信士)"", ""primary_type"": ""개념"", ""era"": ""현대"", ""definition"": ""통신기관·비행기·선박 등에서 통신에 관한 일을 맡아보는 기술자. 무선통신사.""}","[{""left_source_candidate_id"": ""source-candidate:8e4c732eeee0bd0968d5"", ""right_source_candidate_id"": ""source-candidate:eb8a9c8dd422b874e3f3"", ""signals"": [], ""conflicts"": [""entity_type_conflict""], ""merge_eligible"": false}, {""left_source_candidate_id"": ""source-candidate:c4083475edd113f2b006"", ""right_source_candidate_id"": ""source-candidate:eb8a9c8dd422b874e3f3"", ""signals"": [], ""conflicts"": [""entity_type_conflict""], ""merge_eligible"": false}]",,,,,,,,
94,gold-case:5956099a2cf194a318fc,term-review-task:19c63acaff6f940c7516,resolution-case:a29028e8694790f19717,통신사,기관,"[{""problem_id"": ""cj_v41_0224"", ""full_text"": ""이제 지계 사무를 강원도에서 실시하여 영동은 울진군부터, 영서는 춘천군부터 시작하여 토지를 측량한 후 관계를 발급합니다. 전답과 가사를 강원도에 두고 있는 인민은 구권을 가지고 토지가 있는 군에 가서 관계로 바꾸어 가시기 바랍니다. 광무 ○년 ○○월 ○○일 지계아문\n‘관계’가 발급되던 시기에 볼 수 있는 모습으로 가장 적절한 것은?\n영남 만인소에 동참하는 유생\n원수부에서 업무를 처리하는 관리\n남연군 묘를 도굴하려는 독일 상인\n제너럴 셔먼호를 불태우는 평양 관민\n통신사를 수행해 일본으로 가는 역관""}]",source-candidate:6e2c04af8acaff969f31,AKS:ARTICLE:E0059353:sha256-704d8ea620c542f5,AKS,9,통신사,name,exact,1.0,CONFLICT,"[""통신사""]","[""通信社""]","[""현대""]",,,[],Concept,"{""headword"": ""통신사"", ""origin"": ""通信社"", ""headword_origin"": ""통신사(通信社)"", ""primary_type"": ""개념"", ""era"": ""현대"", ""definition"": ""뉴스나 뉴스자료를 수집하여 신문·방송·잡지 등 매스 미디어나 정부기관·상사 등 단체에게 일정한 대가를 받고 계속해서 공급하여 주는 전문적인 언론기관.""}","[{""left_source_candidate_id"": ""source-candidate:6e2c04af8acaff969f31"", ""right_source_candidate_id"": ""source-candidate:8e4c732eeee0bd0968d5"", ""signals"": [], ""conflicts"": [""entity_type_conflict""], ""merge_eligible"": false}, {""left_source_candidate_id"": ""source-candidate:6e2c04af8acaff969f31"", ""right_source_candidate_id"": ""source-candidate:c4083475edd113f2b006"", ""signals"": [], ""conflicts"": [""entity_type_conflict""], ""merge_eligible"": false}]",,,,,,,,
94,gold-case:5956099a2cf194a318fc,term-review-task:19c63acaff6f940c7516,resolution-case:a29028e8694790f19717,통신사,기관,"[{""problem_id"": ""cj_v41_0224"", ""full_text"": ""이제 지계 사무를 강원도에서 실시하여 영동은 울진군부터, 영서는 춘천군부터 시작하여 토지를 측량한 후 관계를 발급합니다. 전답과 가사를 강원도에 두고 있는 인민은 구권을 가지고 토지가 있는 군에 가서 관계로 바꾸어 가시기 바랍니다. 광무 ○년 ○○월 ○○일 지계아문\n‘관계’가 발급되던 시기에 볼 수 있는 모습으로 가장 적절한 것은?\n영남 만인소에 동참하는 유생\n원수부에서 업무를 처리하는 관리\n남연군 묘를 도굴하려는 독일 상인\n제너럴 셔먼호를 불태우는 평양 관민\n통신사를 수행해 일본으로 가는 역관""}]",source-candidate:c4083475edd113f2b006,AKS:ARTICLE:E0059355:sha256-704d8ea620c542f5,AKS,10,통신사등록,name,bidirectional_containment,0.5583,CONFLICT,"[""통신사등록""]","[""通信使謄錄""]","[""조선"", ""조선 후기""]",,,[],Work,"{""headword"": ""통신사등록"", ""origin"": ""通信使謄錄"", ""headword_origin"": ""통신사등록(通信使謄錄)"", ""primary_type"": ""문헌/고서"", ""era"": ""조선/조선 후기"", ""definition"": ""조선후기 예조 전객사에서 일본에 파견한 통신사의 행차에 대한 기록을 모아 엮은 등록. 통신사등록.""}","[{""left_source_candidate_id"": ""source-candidate:2f89a8ea6d2cc94835e4"", ""right_source_candidate_id"": ""source-candidate:c4083475edd113f2b006"", ""signals"": [""era_overlap""], ""conflicts"": [""entity_type_conflict""], ""merge_eligible"": false}, {""left_source_candidate_id"": ""source-candidate:5e23d3643a157f5c3088"", ""right_source_candidate_id"": ""source-candidate:c4083475edd113f2b006"", ""signals"": [], ""conflicts"": [""entity_type_conflict""], ""merge_eligible"": false}, {""left_source_candidate_id"": ""source-candidate:6e2c04af8acaff969f31"", ""right_source_candidate_id"": ""source-candidate:c4083475edd113f2b006"", ""signals"": [], ""conflicts"": [""entity_type_conflict""], ""merge_eligible"": false}, {""left_source_candidate_id"": ""source-candidate:c4083475edd113f2b006"", ""right_source_candidate_id"": ""source-candidate:eb8a9c8dd422b874e3f3"", ""signals"": [], ""conflicts"": [""entity_type_conflict""], ""merge_eligible"": false}]",EVIDENCE_ONLY,,,,REL_183,통신사등록,Work,
95,gold-case:a508ea946ed42520bd1b,term-review-task:588b98e9ffbd0a2eafea,resolution-case:d093fdf173ac6444c936,손일봉,인물,"[{""problem_id"": ""cj_v41_0654"", ""full_text"": ""독립운동가 호가장 전투에서 순국한 열사들 중국 우한에서 창설된 한인 무장 부대의 일부는 화북으로 이동하여 1941년 7월 타이항산에서 (가)을/를 결성하였다. (가)의 무장 선전대로 활동하던 손일봉, 최철호, 박철동, 이정순은 호가장 전투에서 다른 대원들이 포위망을 벗어날 때까지 일본군과 싸우다 장렬히 순국하였다. 정부는 이들의 공훈을 기려 1993년 애국장을 추서하였다.\n(가) 부대에 대한 설명으로 옳은 것은?\n봉오동 전투에서 일본군을 격파하였다.\n총사령 양세봉의 지휘 아래 활동하였다.\n미군과 연계하여 국내 진공 작전을 계획하였다.\n조선 독립 동맹 산하의 군사 조직으로 개편되었다.\n간도 참변 이후 조직을 정비하고 자유시로 이동하였다.""}]",source-candidate:945eacec2a5cc40a3378,AKS:ARTICLE:E0030556:sha256-704d8ea620c542f5,AKS,1,손일봉,name,exact,1.0,COMPATIBLE,"[""손일봉""]","[""孫一峰""]","[""근대"", ""대한제국기"", ""현대""]",,,[],Person,"{""headword"": ""손일봉"", ""origin"": ""孫一峰"", ""headword_origin"": ""손일봉(孫一峰)"", ""primary_type"": ""인물/근현대 인물"", ""era"": ""근대/대한제국기 | 현대"", ""definition"": ""해방 이후 세종대학교 교수를 역임한 화가.""}",[],,,,,,,,
95,gold-case:a508ea946ed42520bd1b,term-review-task:588b98e9ffbd0a2eafea,resolution-case:d093fdf173ac6444c936,손일봉,인물,"[{""problem_id"": ""cj_v41_0654"", ""full_text"": ""독립운동가 호가장 전투에서 순국한 열사들 중국 우한에서 창설된 한인 무장 부대의 일부는 화북으로 이동하여 1941년 7월 타이항산에서 (가)을/를 결성하였다. (가)의 무장 선전대로 활동하던 손일봉, 최철호, 박철동, 이정순은 호가장 전투에서 다른 대원들이 포위망을 벗어날 때까지 일본군과 싸우다 장렬히 순국하였다. 정부는 이들의 공훈을 기려 1993년 애국장을 추서하였다.\n(가) 부대에 대한 설명으로 옳은 것은?\n봉오동 전투에서 일본군을 격파하였다.\n총사령 양세봉의 지휘 아래 활동하였다.\n미군과 연계하여 국내 진공 작전을 계획하였다.\n조선 독립 동맹 산하의 군사 조직으로 개편되었다.\n간도 참변 이후 조직을 정비하고 자유시로 이동하였다.""}]",source-candidate:882b3b8fee70a01e600b,THESAURUS:TERM:12611037:sha256-1022516a18f91e61,THESAURUS,2,김일봉,name,name_ngram,0.336667,UNKNOWN,"[""김일봉""]","[""金逸逢""]","[""고려후기""]",,,[],Person,"{""term_name"": ""김일봉"", ""hanja"": ""金逸逢"", ""era"": ""고려후기"", ""thesaurus_category"": ""인명"", ""description"": ""고려 후기의 문신. 공민왕을 원나라에서 수종한 공으로 수종1등공신이 됨.1356년 기철(奇轍) 일당을 제거한 뒤 첨의평리(僉議評理)가 되고, 홍건적의 침입 때 왕을 호종한 공로로 1363년 1등공신이 되고 영도첨의(領都僉議)에 오름."", ""term_year"": ""?-1365""}",[],,,,,,,,
95,gold-case:a508ea946ed42520bd1b,term-review-task:588b98e9ffbd0a2eafea,resolution-case:d093fdf173ac6444c936,손일봉,인물,"[{""problem_id"": ""cj_v41_0654"", ""full_text"": ""독립운동가 호가장 전투에서 순국한 열사들 중국 우한에서 창설된 한인 무장 부대의 일부는 화북으로 이동하여 1941년 7월 타이항산에서 (가)을/를 결성하였다. (가)의 무장 선전대로 활동하던 손일봉, 최철호, 박철동, 이정순은 호가장 전투에서 다른 대원들이 포위망을 벗어날 때까지 일본군과 싸우다 장렬히 순국하였다. 정부는 이들의 공훈을 기려 1993년 애국장을 추서하였다.\n(가) 부대에 대한 설명으로 옳은 것은?\n봉오동 전투에서 일본군을 격파하였다.\n총사령 양세봉의 지휘 아래 활동하였다.\n미군과 연계하여 국내 진공 작전을 계획하였다.\n조선 독립 동맹 산하의 군사 조직으로 개편되었다.\n간도 참변 이후 조직을 정비하고 자유시로 이동하였다.""}]",source-candidate:a91f5c21e6859042b6e9,THESAURUS:TERM:12611044:sha256-1022516a18f91e61,THESAURUS,3,김일봉,name,name_ngram,0.336667,UNKNOWN,"[""김일봉""]","[""金一鳳""]","[""일제시기""]",,,[],Person,"{""term_name"": ""김일봉"", ""hanja"": ""金一鳳"", ""era"": ""일제시기"", ""thesaurus_category"": ""인명"", ""description"": ""독립운동가. 평안북도 영변 출신. 1921년 8월 대한독립단(大韓獨立團) 군자금 모집부장 및 대한독립자유회(大韓獨立自由會) 회원으로 군자금 모집활동을 전개함. 건국훈장 독립장이 추서됨."", ""term_year"": ""1891-1933""}",[],,,,,,,,
96,gold-case:3eed3be816877e81737c,term-review-task:04b303fbd93ccbef2726,resolution-case:1eb8ff6b9408d510343f,철령위,기관,"[{""problem_id"": ""cj_v41_0348"", ""full_text"": ""(가) 다루가치가 왕을 비난하면서 말하기를, “선지(宣旨)라 칭하고, 짐(朕)이라 칭하고, 사(赦)라 칭하니 어찌 이렇게 참람 합니까?”라고 하였다. ------ 이에 선지를 왕지(王旨)로, 짐을 (나) 왕이 시해딩하자 태후가 종실에서 [후사를] 골라 세우고자 하니, 시중 이인임이 백관을 거느리고 우왕을 세웠다. - 고려사 -\n(가), (나) 사이의 시기에 있었던 사실로 옳은 것은?\n화통도감을 설치하여 화포를 제작하였다.\n유인우, 이자춘 등이 쌍성총관부를 수복하였다.\n정중부 등이 정변을 일으켜 권력을 장악하였다.\n최우가 강화도로 도읍을 옮겨 장기 항전을 준비하였다.\n명의 철령위 설치에 반발하여 요동 정벌을 추진하였다.""}, {""problem_id"": ""cj_v41_0633"", ""full_text"": ""(가) 용진현 출신 조휘와 정주 출신 탁청이 화주 이북 지방을 몽골에 넘겨주었다. 몽골은 화주에 쌍성총관부를 설치하고 조휘를 총관으로, 탁청을 천호(千戶)로 임명하였다. (나) 등~묵면 병마사 유인우가 쌍성을 함락시기자 총관 조소생, 천호 탁도경이 도망치니 화주, 등주, 정주 등이 수복되었다.\n(가), (나) 사이의 시기에 있었던 사실로 옳은 것은?\n최윤덕이 4군을 개척하였다.\n일본 원정을 위해 정동행성이 설치되었다.\n몽골 사신 저고여가 귀국길에 피살되었다.\n철령위 설치 문제로 요동 정벌이 추진되었다.\n서희가 외교 담판으로 강동 6주를 획득하였다.""}, {""problem_id"": ""cj_v41_0682"", ""full_text"": ""김윤-후가 충주산성 방호별감이 되었는데 군대가 쳐들어 와 충주성을 70여 일간 포위하였다. 군량이 거의 바닥나자 김윤후가 군사들에게 “만약 힘내 싸운다면 귀천을 가리지 않고 모두 관작을 내리겠다.” 라고 하였다. 마침내 관노비의 문서를 불태우고 노획한 소와 말을 나누어 주었다. 사람들이 모두 죽음을 무릅쓰고 싸우니 적의 기세가 꺾여 남쪽으로 침략하는 것을 막을 수 있었다. (0\n(가)에 대한 고려의 대응으로 옳은 것은?\n윤관을 보내 동북 9성을 축조하였다.\n박위로 하여금 쓰시마섬을 정발하게 하였다.\n서희가 외교 담판을 통해 강동6주를 획득하였다.\n최우가 강화도로 수도를 옮겨 장기 항전에 대비하였다.\n최영이 철령위 설치에 반발하여 요동 정벌을 추진하였다.""}]",source-candidate:ae8abb5f9998d0898aa8,AKS:ARTICLE:E0056121:sha256-704d8ea620c542f5,AKS,1,철령위,name,exact,1.0,COMPATIBLE,"[""철령위""]","[""鐵嶺衛""]","[""고려"", ""고려 후기""]",,,[],Concept,"{""headword"": ""철령위"", ""origin"": ""鐵嶺衛"", ""headword_origin"": ""철령위(鐵嶺衛)"", ""primary_type"": ""제도/법령·제도"", ""era"": ""고려/고려 후기"", ""definition"": ""1387년(우왕 13), 명나라의 요동도지휘사사(遼東都指揮使司)에 소속된 위소(衛所) 가운데 하나로, 명이 고려의 철령 이북 땅에 설치하고자 하였던 직할지.""}","[{""left_source_candidate_id"": ""source-candidate:427e5e104bc2d8f8316b"", ""right_source_candidate_id"": ""source-candidate:ae8abb5f9998d0898aa8"", ""signals"": [""normalized_name_match"", ""hanja_match"", ""era_overlap""], ""conflicts"": [""entity_type_conflict""], ""merge_eligible"": false}, {""left_source_candidate_id"": ""source-candidate:ae8abb5f9998d0898aa8"", ""right_source_candidate_id"": ""source-candidate:f6ee67ac89fddd1e8a7c"", ""signals"": [""era_overlap""], ""conflicts"": [""entity_type_conflict""], ""merge_eligible"": false}]",IDENTITY_MEMBER,ALT_184,철령위,Institution,,,,
96,gold-case:3eed3be816877e81737c,term-review-task:04b303fbd93ccbef2726,resolution-case:1eb8ff6b9408d510343f,철령위,기관,"[{""problem_id"": ""cj_v41_0348"", ""full_text"": ""(가) 다루가치가 왕을 비난하면서 말하기를, “선지(宣旨)라 칭하고, 짐(朕)이라 칭하고, 사(赦)라 칭하니 어찌 이렇게 참람 합니까?”라고 하였다. ------ 이에 선지를 왕지(王旨)로, 짐을 (나) 왕이 시해딩하자 태후가 종실에서 [후사를] 골라 세우고자 하니, 시중 이인임이 백관을 거느리고 우왕을 세웠다. - 고려사 -\n(가), (나) 사이의 시기에 있었던 사실로 옳은 것은?\n화통도감을 설치하여 화포를 제작하였다.\n유인우, 이자춘 등이 쌍성총관부를 수복하였다.\n정중부 등이 정변을 일으켜 권력을 장악하였다.\n최우가 강화도로 도읍을 옮겨 장기 항전을 준비하였다.\n명의 철령위 설치에 반발하여 요동 정벌을 추진하였다.""}, {""problem_id"": ""cj_v41_0633"", ""full_text"": ""(가) 용진현 출신 조휘와 정주 출신 탁청이 화주 이북 지방을 몽골에 넘겨주었다. 몽골은 화주에 쌍성총관부를 설치하고 조휘를 총관으로, 탁청을 천호(千戶)로 임명하였다. (나) 등~묵면 병마사 유인우가 쌍성을 함락시기자 총관 조소생, 천호 탁도경이 도망치니 화주, 등주, 정주 등이 수복되었다.\n(가), (나) 사이의 시기에 있었던 사실로 옳은 것은?\n최윤덕이 4군을 개척하였다.\n일본 원정을 위해 정동행성이 설치되었다.\n몽골 사신 저고여가 귀국길에 피살되었다.\n철령위 설치 문제로 요동 정벌이 추진되었다.\n서희가 외교 담판으로 강동 6주를 획득하였다.""}, {""problem_id"": ""cj_v41_0682"", ""full_text"": ""김윤-후가 충주산성 방호별감이 되었는데 군대가 쳐들어 와 충주성을 70여 일간 포위하였다. 군량이 거의 바닥나자 김윤후가 군사들에게 “만약 힘내 싸운다면 귀천을 가리지 않고 모두 관작을 내리겠다.” 라고 하였다. 마침내 관노비의 문서를 불태우고 노획한 소와 말을 나누어 주었다. 사람들이 모두 죽음을 무릅쓰고 싸우니 적의 기세가 꺾여 남쪽으로 침략하는 것을 막을 수 있었다. (0\n(가)에 대한 고려의 대응으로 옳은 것은?\n윤관을 보내 동북 9성을 축조하였다.\n박위로 하여금 쓰시마섬을 정발하게 하였다.\n서희가 외교 담판을 통해 강동6주를 획득하였다.\n최우가 강화도로 수도를 옮겨 장기 항전에 대비하였다.\n최영이 철령위 설치에 반발하여 요동 정벌을 추진하였다.""}]",source-candidate:427e5e104bc2d8f8316b,THESAURUS:TERM:24334:sha256-1022516a18f91e61,THESAURUS,2,철령위,name,exact,1.0,UNKNOWN,"[""철령위""]","[""鐵嶺衛""]","[""고려후기""]",,,[],Place,"{""term_name"": ""철령위"", ""hanja"": ""鐵嶺衛"", ""era"": ""고려후기"", ""thesaurus_category"": ""지명"", ""description"": ""고려후기 명나라가 철령(鐵嶺) 이북에 설치하려던 직할지."", ""term_year"": ""1387""}","[{""left_source_candidate_id"": ""source-candidate:427e5e104bc2d8f8316b"", ""right_source_candidate_id"": ""source-candidate:ae8abb5f9998d0898aa8"", ""signals"": [""normalized_name_match"", ""hanja_match"", ""era_overlap""], ""conflicts"": [""entity_type_conflict""], ""merge_eligible"": false}, {""left_source_candidate_id"": ""source-candidate:427e5e104bc2d8f8316b"", ""right_source_candidate_id"": ""source-candidate:f6ee67ac89fddd1e8a7c"", ""signals"": [], ""conflicts"": [""entity_type_conflict""], ""merge_eligible"": false}]",IDENTITY_MEMBER,ALT_184,철령위,Institution,,,,
96,gold-case:3eed3be816877e81737c,term-review-task:04b303fbd93ccbef2726,resolution-case:1eb8ff6b9408d510343f,철령위,기관,"[{""problem_id"": ""cj_v41_0348"", ""full_text"": ""(가) 다루가치가 왕을 비난하면서 말하기를, “선지(宣旨)라 칭하고, 짐(朕)이라 칭하고, 사(赦)라 칭하니 어찌 이렇게 참람 합니까?”라고 하였다. ------ 이에 선지를 왕지(王旨)로, 짐을 (나) 왕이 시해딩하자 태후가 종실에서 [후사를] 골라 세우고자 하니, 시중 이인임이 백관을 거느리고 우왕을 세웠다. - 고려사 -\n(가), (나) 사이의 시기에 있었던 사실로 옳은 것은?\n화통도감을 설치하여 화포를 제작하였다.\n유인우, 이자춘 등이 쌍성총관부를 수복하였다.\n정중부 등이 정변을 일으켜 권력을 장악하였다.\n최우가 강화도로 도읍을 옮겨 장기 항전을 준비하였다.\n명의 철령위 설치에 반발하여 요동 정벌을 추진하였다.""}, {""problem_id"": ""cj_v41_0633"", ""full_text"": ""(가) 용진현 출신 조휘와 정주 출신 탁청이 화주 이북 지방을 몽골에 넘겨주었다. 몽골은 화주에 쌍성총관부를 설치하고 조휘를 총관으로, 탁청을 천호(千戶)로 임명하였다. (나) 등~묵면 병마사 유인우가 쌍성을 함락시기자 총관 조소생, 천호 탁도경이 도망치니 화주, 등주, 정주 등이 수복되었다.\n(가), (나) 사이의 시기에 있었던 사실로 옳은 것은?\n최윤덕이 4군을 개척하였다.\n일본 원정을 위해 정동행성이 설치되었다.\n몽골 사신 저고여가 귀국길에 피살되었다.\n철령위 설치 문제로 요동 정벌이 추진되었다.\n서희가 외교 담판으로 강동 6주를 획득하였다.""}, {""problem_id"": ""cj_v41_0682"", ""full_text"": ""김윤-후가 충주산성 방호별감이 되었는데 군대가 쳐들어 와 충주성을 70여 일간 포위하였다. 군량이 거의 바닥나자 김윤후가 군사들에게 “만약 힘내 싸운다면 귀천을 가리지 않고 모두 관작을 내리겠다.” 라고 하였다. 마침내 관노비의 문서를 불태우고 노획한 소와 말을 나누어 주었다. 사람들이 모두 죽음을 무릅쓰고 싸우니 적의 기세가 꺾여 남쪽으로 침략하는 것을 막을 수 있었다. (0\n(가)에 대한 고려의 대응으로 옳은 것은?\n윤관을 보내 동북 9성을 축조하였다.\n박위로 하여금 쓰시마섬을 정발하게 하였다.\n서희가 외교 담판을 통해 강동6주를 획득하였다.\n최우가 강화도로 수도를 옮겨 장기 항전에 대비하였다.\n최영이 철령위 설치에 반발하여 요동 정벌을 추진하였다.""}]",source-candidate:f6ee67ac89fddd1e8a7c,ITKC:EVENT:ITKC_PH_1294A_0588:sha256-b824cb8eb9575bbc,ITKC_EVENT,3,명나라의 철령위 설치,name,bidirectional_containment,0.396111,UNKNOWN,"[""명나라의철령위설치""]",[],"[""고려"", ""1388년(우왕 14) 3월""]",,,[],Event,"{""event_name"": ""명나라의 철령위 설치"", ""subject_category"": ""기관,\r\n\r\n명"", ""period"": ""고려"", ""event_date"": ""1388년(우왕 14) 3월""}","[{""left_source_candidate_id"": ""source-candidate:427e5e104bc2d8f8316b"", ""right_source_candidate_id"": ""source-candidate:f6ee67ac89fddd1e8a7c"", ""signals"": [], ""conflicts"": [""entity_type_conflict""], ""merge_eligible"": false}, {""left_source_candidate_id"": ""source-candidate:ae8abb5f9998d0898aa8"", ""right_source_candidate_id"": ""source-candidate:f6ee67ac89fddd1e8a7c"", ""signals"": [""era_overlap""], ""conflicts"": [""entity_type_conflict""], ""merge_eligible"": false}]",,,,,,,,
97,gold-case:152b341fe962f07e4363,term-review-task:4e1786142c11417716b3,resolution-case:5ebd1e9585186ead83b2,경잠기,제도,"[{""problem_id"": ""cj_v41_0400"", ""full_text"": ""이것은 이 왕이 농경을 장려하기 위해 세손과 더불어 경잠기이다. 그는 균역법을 제정하여 백성의 군역 부담을 줄여주는 등 민생 안정에 많은 노력을 기울였다.\n'이 왕'에 대한 설명으로 옳은 것은?\n조선의 기본 법전인 경국대전을 완성하였다.\n붕당의 폐해를 경계하기 위한 탕평비를 건립하였다.\n시전 상인의 특건을 축소한 신해통공을 실시하였다.\n전세를 1결당 4~6두로 고정하는 영정법을 제정하였다.\n각 궁방과 중앙 관서의 공노비 6만여 명을 해방하였다.""}]",source-candidate:04372703f2026821f8ca,AKS:ARTICLE:E0002758:sha256-704d8ea620c542f5,AKS,1,경잠과,name,name_ngram,0.336667,COMPATIBLE,"[""경잠과""]","[""耕蠶科""]","[""조선"", ""조선 후기""]",,,[],Concept,"{""headword"": ""경잠과"", ""origin"": ""耕蠶科"", ""headword_origin"": ""경잠과(耕蠶科)"", ""primary_type"": ""제도/법령·제도"", ""era"": ""조선/조선 후기"", ""definition"": ""1767년(영조 43), 영조의 친경례(親耕禮)와 정순왕후의 친잠례(親蠶禮)를 기념하여 시행한 과거 시험.""}","[{""left_source_candidate_id"": ""source-candidate:04372703f2026821f8ca"", ""right_source_candidate_id"": ""source-candidate:0dfeeb1ca2eddb20588c"", ""signals"": [""era_overlap""], ""conflicts"": [""entity_type_conflict""], ""merge_eligible"": false}, {""left_source_candidate_id"": ""source-candidate:04372703f2026821f8ca"", ""right_source_candidate_id"": ""source-candidate:337061698453d0e3d182"", ""signals"": [""normalized_name_match"", ""hanja_match"", ""era_overlap""], ""conflicts"": [], ""merge_eligible"": true}]",,,,,,,,
97,gold-case:152b341fe962f07e4363,term-review-task:4e1786142c11417716b3,resolution-case:5ebd1e9585186ead83b2,경잠기,제도,"[{""problem_id"": ""cj_v41_0400"", ""full_text"": ""이것은 이 왕이 농경을 장려하기 위해 세손과 더불어 경잠기이다. 그는 균역법을 제정하여 백성의 군역 부담을 줄여주는 등 민생 안정에 많은 노력을 기울였다.\n'이 왕'에 대한 설명으로 옳은 것은?\n조선의 기본 법전인 경국대전을 완성하였다.\n붕당의 폐해를 경계하기 위한 탕평비를 건립하였다.\n시전 상인의 특건을 축소한 신해통공을 실시하였다.\n전세를 1결당 4~6두로 고정하는 영정법을 제정하였다.\n각 궁방과 중앙 관서의 공노비 6만여 명을 해방하였다.""}]",source-candidate:337061698453d0e3d182,THESAURUS:TERM:1539:sha256-1022516a18f91e61,THESAURUS,2,경잠과,name,name_ngram,0.336667,UNKNOWN,"[""경잠과""]","[""耕蠶科""]","[""조선후기""]",,,[],,"{""term_name"": ""경잠과"", ""hanja"": ""耕蠶科"", ""era"": ""조선후기"", ""thesaurus_category"": ""정치·행정·법제>인사"", ""description"": ""조선 영조 때 왕과 왕비가 몸소 농사일과 누에치기에 모범을 보이는 친경친잠례(親耕親蠶禮) 뒤에 실시한 특수과거. 경과(慶科)의 성격을 띤 부정기적인 정시(庭試)의 일종으로서 1767년(영조 43) 단 한 번 실시되었음."", ""term_year"": ""1767""}","[{""left_source_candidate_id"": ""source-candidate:04372703f2026821f8ca"", ""right_source_candidate_id"": ""source-candidate:337061698453d0e3d182"", ""signals"": [""normalized_name_match"", ""hanja_match"", ""era_overlap""], ""conflicts"": [], ""merge_eligible"": true}]",,,,,,,,
97,gold-case:152b341fe962f07e4363,term-review-task:4e1786142c11417716b3,resolution-case:5ebd1e9585186ead83b2,경잠기,제도,"[{""problem_id"": ""cj_v41_0400"", ""full_text"": ""이것은 이 왕이 농경을 장려하기 위해 세손과 더불어 경잠기이다. 그는 균역법을 제정하여 백성의 군역 부담을 줄여주는 등 민생 안정에 많은 노력을 기울였다.\n'이 왕'에 대한 설명으로 옳은 것은?\n조선의 기본 법전인 경국대전을 완성하였다.\n붕당의 폐해를 경계하기 위한 탕평비를 건립하였다.\n시전 상인의 특건을 축소한 신해통공을 실시하였다.\n전세를 1결당 4~6두로 고정하는 영정법을 제정하였다.\n각 궁방과 중앙 관서의 공노비 6만여 명을 해방하였다.""}]",source-candidate:0dfeeb1ca2eddb20588c,AKS:ARTICLE:E0019442:sha256-704d8ea620c542f5,AKS,3,경잠(景潛),name,name_ngram,0.301429,CONFLICT,"[""경잠景潛"", ""덕촌德村"", ""문덕구"", ""장륙재藏六齋""]","[""文德龜"", ""景潛"", ""德村"", ""藏六齋""]","[""조선"", ""조선 후기""]",,,[],Person,"{""headword"": ""문덕구"", ""aliases"": [""경잠(景潛)"", ""덕촌(德村)"", ""장륙재(藏六齋)""], ""origin"": ""文德龜"", ""headword_origin"": ""문덕구(文德龜)"", ""primary_type"": ""인물/전통 인물"", ""era"": ""조선/조선 후기"", ""definition"": ""조선 후기에, 사헌부감찰, 청안현감 등을 역임한 문신.""}","[{""left_source_candidate_id"": ""source-candidate:04372703f2026821f8ca"", ""right_source_candidate_id"": ""source-candidate:0dfeeb1ca2eddb20588c"", ""signals"": [""era_overlap""], ""conflicts"": [""entity_type_conflict""], ""merge_eligible"": false}]",,,,,,,,
98,gold-case:f64495a3e063275c1559,term-review-task:f5753ce25a66c10841d1,resolution-case:966a0016e8c8bee550e3,이렴,인물,"[{""problem_id"": ""cj_v41_1121"", ""full_text"": ""(가) 순 무영에서 정족산성 수성장 양헌수가 보내온 보고에 의하면, “…… 우리 군사가 잠입한 사실을 적들이 알지 못하였다. 오늘 저들은 우리가 지키고 있는 성을 점령할 계책으로 그 우두머리가 말을 타고 나귀를 끌고 짐바리와 술과 음식을 가지고 동문과 남문으로 나누어 들어왔습니다. 이때 우리 군사들이 좌우에 매복하였다가 일제히 총탄을 퍼부었습니다. ……”라고 하였다. (나) 4 월 24일에 계속해서 올린 강화 진무사 정기원의 치계에, “미국 배가 다시 항구로 들어와서 광성진을 습격하여 함락 하였는데, 중군 어재연이 힘껏 싸우다가 목숨을 바쳤고, 사망한 군사가 매우 많습니다. 적병은 초지포 부근에 주둔하였다. 장수 이렴이 밤을 이용하여 습격해서야 그들을 퇴각시켰습니다.” 라고 하였다.\n(가), (나) 사이의 시기에 있었던 사실로 옳은 것은?\n일본 군함 운요호가 영종도를 공격하였다.\n오페르트가 남연군 묘의 도굴을 시도하였다.\n마젠창과 묄렌도르프가 고문으로 파견되었다.\n영국군이 러시아를 견제하기 위해 거문도를 점령하였다.\n황사영이 외국 군대의 출병을 요청하는 백서를 작성하였다.""}]",source-candidate:7e5e6ba66c11998a66fd,ITKC:PERSON:P037794:sha256-2bfbf7f8ab4b1538,ITKC_PERSON,1,이렴,name,exact,1.0,UNKNOWN,"[""이렴""]","[""李濂""]",[],1664,1712,"[""전주(全州)""]",Person,"{""name"": ""이렴"", ""hanja"": ""李濂"", ""birth_year"": ""1664"", ""death_year"": ""1712"", ""bonkwan"": ""전주(全州)"", ""ja"": ""경주(景周)"", ""ho"": ""계남(溪南)"", ""father"": ""이중휘(李重煇)""}","[{""left_source_candidate_id"": ""source-candidate:039328d5ba4f17f61a09"", ""right_source_candidate_id"": ""source-candidate:7e5e6ba66c11998a66fd"", ""signals"": [""normalized_name_match"", ""entity_type_match""], ""conflicts"": [""birth_year_conflict""], ""merge_eligible"": false}, {""left_source_candidate_id"": ""source-candidate:7e5e6ba66c11998a66fd"", ""right_source_candidate_id"": ""source-candidate:ba1a6caaf03c261aa41a"", ""signals"": [""normalized_name_match"", ""entity_type_match""], ""conflicts"": [""birth_year_conflict""], ""merge_eligible"": false}]",,,,,,,,
98,gold-case:f64495a3e063275c1559,term-review-task:f5753ce25a66c10841d1,resolution-case:966a0016e8c8bee550e3,이렴,인물,"[{""problem_id"": ""cj_v41_1121"", ""full_text"": ""(가) 순 무영에서 정족산성 수성장 양헌수가 보내온 보고에 의하면, “…… 우리 군사가 잠입한 사실을 적들이 알지 못하였다. 오늘 저들은 우리가 지키고 있는 성을 점령할 계책으로 그 우두머리가 말을 타고 나귀를 끌고 짐바리와 술과 음식을 가지고 동문과 남문으로 나누어 들어왔습니다. 이때 우리 군사들이 좌우에 매복하였다가 일제히 총탄을 퍼부었습니다. ……”라고 하였다. (나) 4 월 24일에 계속해서 올린 강화 진무사 정기원의 치계에, “미국 배가 다시 항구로 들어와서 광성진을 습격하여 함락 하였는데, 중군 어재연이 힘껏 싸우다가 목숨을 바쳤고, 사망한 군사가 매우 많습니다. 적병은 초지포 부근에 주둔하였다. 장수 이렴이 밤을 이용하여 습격해서야 그들을 퇴각시켰습니다.” 라고 하였다.\n(가), (나) 사이의 시기에 있었던 사실로 옳은 것은?\n일본 군함 운요호가 영종도를 공격하였다.\n오페르트가 남연군 묘의 도굴을 시도하였다.\n마젠창과 묄렌도르프가 고문으로 파견되었다.\n영국군이 러시아를 견제하기 위해 거문도를 점령하였다.\n황사영이 외국 군대의 출병을 요청하는 백서를 작성하였다.""}]",source-candidate:039328d5ba4f17f61a09,ITKC:PERSON:P037795:sha256-2bfbf7f8ab4b1538,ITKC_PERSON,2,이렴,name,exact,1.0,UNKNOWN,"[""이렴""]","[""李廉""]",[],1543,,"[""덕수(德水)""]",Person,"{""name"": ""이렴"", ""hanja"": ""李廉"", ""birth_year"": ""1543"", ""bonkwan"": ""덕수(德水)"", ""ja"": ""사결(士潔)"", ""father"": ""이사성(李師聖)""}","[{""left_source_candidate_id"": ""source-candidate:039328d5ba4f17f61a09"", ""right_source_candidate_id"": ""source-candidate:7e5e6ba66c11998a66fd"", ""signals"": [""normalized_name_match"", ""entity_type_match""], ""conflicts"": [""birth_year_conflict""], ""merge_eligible"": false}, {""left_source_candidate_id"": ""source-candidate:039328d5ba4f17f61a09"", ""right_source_candidate_id"": ""source-candidate:ba1a6caaf03c261aa41a"", ""signals"": [""normalized_name_match"", ""hanja_match"", ""entity_type_match""], ""conflicts"": [""birth_year_conflict""], ""merge_eligible"": false}]",,,,,,,,
98,gold-case:f64495a3e063275c1559,term-review-task:f5753ce25a66c10841d1,resolution-case:966a0016e8c8bee550e3,이렴,인물,"[{""problem_id"": ""cj_v41_1121"", ""full_text"": ""(가) 순 무영에서 정족산성 수성장 양헌수가 보내온 보고에 의하면, “…… 우리 군사가 잠입한 사실을 적들이 알지 못하였다. 오늘 저들은 우리가 지키고 있는 성을 점령할 계책으로 그 우두머리가 말을 타고 나귀를 끌고 짐바리와 술과 음식을 가지고 동문과 남문으로 나누어 들어왔습니다. 이때 우리 군사들이 좌우에 매복하였다가 일제히 총탄을 퍼부었습니다. ……”라고 하였다. (나) 4 월 24일에 계속해서 올린 강화 진무사 정기원의 치계에, “미국 배가 다시 항구로 들어와서 광성진을 습격하여 함락 하였는데, 중군 어재연이 힘껏 싸우다가 목숨을 바쳤고, 사망한 군사가 매우 많습니다. 적병은 초지포 부근에 주둔하였다. 장수 이렴이 밤을 이용하여 습격해서야 그들을 퇴각시켰습니다.” 라고 하였다.\n(가), (나) 사이의 시기에 있었던 사실로 옳은 것은?\n일본 군함 운요호가 영종도를 공격하였다.\n오페르트가 남연군 묘의 도굴을 시도하였다.\n마젠창과 묄렌도르프가 고문으로 파견되었다.\n영국군이 러시아를 견제하기 위해 거문도를 점령하였다.\n황사영이 외국 군대의 출병을 요청하는 백서를 작성하였다.""}]",source-candidate:ba1a6caaf03c261aa41a,ITKC:PERSON:P037796:sha256-2bfbf7f8ab4b1538,ITKC_PERSON,3,이렴,name,exact,1.0,UNKNOWN,"[""이렴""]","[""李廉""]",[],1698,,"[""여주(驪州)""]",Person,"{""name"": ""이렴"", ""hanja"": ""李廉"", ""birth_year"": ""1698"", ""bonkwan"": ""여주(驪州)"", ""ja"": ""효직(孝直)"", ""father"": ""이동형(李東亨)""}","[{""left_source_candidate_id"": ""source-candidate:039328d5ba4f17f61a09"", ""right_source_candidate_id"": ""source-candidate:ba1a6caaf03c261aa41a"", ""signals"": [""normalized_name_match"", ""hanja_match"", ""entity_type_match""], ""conflicts"": [""birth_year_conflict""], ""merge_eligible"": false}, {""left_source_candidate_id"": ""source-candidate:7e5e6ba66c11998a66fd"", ""right_source_candidate_id"": ""source-candidate:ba1a6caaf03c261aa41a"", ""signals"": [""normalized_name_match"", ""entity_type_match""], ""conflicts"": [""birth_year_conflict""], ""merge_eligible"": false}]",,,,,,,,
98,gold-case:f64495a3e063275c1559,term-review-task:f5753ce25a66c10841d1,resolution-case:966a0016e8c8bee550e3,이렴,인물,"[{""problem_id"": ""cj_v41_1121"", ""full_text"": ""(가) 순 무영에서 정족산성 수성장 양헌수가 보내온 보고에 의하면, “…… 우리 군사가 잠입한 사실을 적들이 알지 못하였다. 오늘 저들은 우리가 지키고 있는 성을 점령할 계책으로 그 우두머리가 말을 타고 나귀를 끌고 짐바리와 술과 음식을 가지고 동문과 남문으로 나누어 들어왔습니다. 이때 우리 군사들이 좌우에 매복하였다가 일제히 총탄을 퍼부었습니다. ……”라고 하였다. (나) 4 월 24일에 계속해서 올린 강화 진무사 정기원의 치계에, “미국 배가 다시 항구로 들어와서 광성진을 습격하여 함락 하였는데, 중군 어재연이 힘껏 싸우다가 목숨을 바쳤고, 사망한 군사가 매우 많습니다. 적병은 초지포 부근에 주둔하였다. 장수 이렴이 밤을 이용하여 습격해서야 그들을 퇴각시켰습니다.” 라고 하였다.\n(가), (나) 사이의 시기에 있었던 사실로 옳은 것은?\n일본 군함 운요호가 영종도를 공격하였다.\n오페르트가 남연군 묘의 도굴을 시도하였다.\n마젠창과 묄렌도르프가 고문으로 파견되었다.\n영국군이 러시아를 견제하기 위해 거문도를 점령하였다.\n황사영이 외국 군대의 출병을 요청하는 백서를 작성하였다.""}]",source-candidate:7eb13cc29394a88456ff,ITKC:PERSON:P037797:sha256-2bfbf7f8ab4b1538,ITKC_PERSON,4,이렴,name,exact,1.0,UNKNOWN,"[""이렴""]","[""李濂""]",[],,,"[""고성(固城)""]",Person,"{""name"": ""이렴"", ""hanja"": ""李濂"", ""bonkwan"": ""고성(固城)"", ""father"": ""이탁진(李鐸振)""}",[],,,,,,,,
98,gold-case:f64495a3e063275c1559,term-review-task:f5753ce25a66c10841d1,resolution-case:966a0016e8c8bee550e3,이렴,인물,"[{""problem_id"": ""cj_v41_1121"", ""full_text"": ""(가) 순 무영에서 정족산성 수성장 양헌수가 보내온 보고에 의하면, “…… 우리 군사가 잠입한 사실을 적들이 알지 못하였다. 오늘 저들은 우리가 지키고 있는 성을 점령할 계책으로 그 우두머리가 말을 타고 나귀를 끌고 짐바리와 술과 음식을 가지고 동문과 남문으로 나누어 들어왔습니다. 이때 우리 군사들이 좌우에 매복하였다가 일제히 총탄을 퍼부었습니다. ……”라고 하였다. (나) 4 월 24일에 계속해서 올린 강화 진무사 정기원의 치계에, “미국 배가 다시 항구로 들어와서 광성진을 습격하여 함락 하였는데, 중군 어재연이 힘껏 싸우다가 목숨을 바쳤고, 사망한 군사가 매우 많습니다. 적병은 초지포 부근에 주둔하였다. 장수 이렴이 밤을 이용하여 습격해서야 그들을 퇴각시켰습니다.” 라고 하였다.\n(가), (나) 사이의 시기에 있었던 사실로 옳은 것은?\n일본 군함 운요호가 영종도를 공격하였다.\n오페르트가 남연군 묘의 도굴을 시도하였다.\n마젠창과 묄렌도르프가 고문으로 파견되었다.\n영국군이 러시아를 견제하기 위해 거문도를 점령하였다.\n황사영이 외국 군대의 출병을 요청하는 백서를 작성하였다.""}]",source-candidate:258c7ef8a9807fbbf7c4,ITKC:PERSON:P037798:sha256-2bfbf7f8ab4b1538,ITKC_PERSON,5,이렴,name,exact,1.0,UNKNOWN,"[""이렴""]","[""李濂""]",[],,,"[""수안(遂安)""]",Person,"{""name"": ""이렴"", ""hanja"": ""李濂"", ""bonkwan"": ""수안(遂安)"", ""father"": ""이시함(李時咸)""}",[],,,,,,,,
99,gold-case:a5cf72f6874ec80f0794,term-review-task:e601e0321daf96da9ec0,resolution-case:4a58fe397855ec0c8810,오례의,제도,"[{""problem_id"": ""cj_v41_0635"", ""full_text"": ""세종 대왕께서는 집현전 유신 (儒臣)들에게 명하여 오례의를 상세히 청하게 하셨다. 예종 대왕과 유리 주상 전하께서 선왕의 뜻을 이어 이 방대한 책을 완성하게 하셨다. ----- 예(-헴를 기습한 것은 3,300가지나 되지만, 그 요점은 길례 흉례-군례-빈례 가리다섯 가지일 뿌이다.\n'전하'의 재위 기간에 있었던 사실로 옳은 것은?\n국가의 기본 법전인 경국대전이 완성되었다.\n성삼문 등이 상왕의 복위를 꾀하다가 처형되었다.\n육의전을 제외한 시전 상인의 금난전권이 폐지되었다.\n반정 공신의 위훈 삭제를 주장한 조광조가 사사되었다.\n이조 전랑 임명을 둘러싸고 김효원과 심의겸이 대립하였다.""}]",source-candidate:924bc8f7a4530b3e7296,THESAURUS:TERM:25343:sha256-1022516a18f91e61,THESAURUS,1,속오례의,description,bidirectional_containment,1.124643,UNKNOWN,"[""속오례의""]","[""續五禮儀""]","[""조선후기""]",,,[],Work,"{""term_name"": ""속오례의"", ""hanja"": ""續五禮儀"", ""era"": ""조선후기"", ""thesaurus_category"": ""서명"", ""description"": ""1744년(영조 20)에 예조(禮曹)에서 ≪국조오례의(國朝五禮儀)≫의 속편으로 편찬한 책."", ""term_year"": ""1744""}",[],EVIDENCE_ONLY,,,,REL_185,국조속오례의,Work,
99,gold-case:a5cf72f6874ec80f0794,term-review-task:e601e0321daf96da9ec0,resolution-case:4a58fe397855ec0c8810,오례의,제도,"[{""problem_id"": ""cj_v41_0635"", ""full_text"": ""세종 대왕께서는 집현전 유신 (儒臣)들에게 명하여 오례의를 상세히 청하게 하셨다. 예종 대왕과 유리 주상 전하께서 선왕의 뜻을 이어 이 방대한 책을 완성하게 하셨다. ----- 예(-헴를 기습한 것은 3,300가지나 되지만, 그 요점은 길례 흉례-군례-빈례 가리다섯 가지일 뿌이다.\n'전하'의 재위 기간에 있었던 사실로 옳은 것은?\n국가의 기본 법전인 경국대전이 완성되었다.\n성삼문 등이 상왕의 복위를 꾀하다가 처형되었다.\n육의전을 제외한 시전 상인의 금난전권이 폐지되었다.\n반정 공신의 위훈 삭제를 주장한 조광조가 사사되었다.\n이조 전랑 임명을 둘러싸고 김효원과 심의겸이 대립하였다.""}]",source-candidate:d3bb82c8415319571281,THESAURUS:TERM:25342:sha256-1022516a18f91e61,THESAURUS,2,국조속오례의,description,bidirectional_containment,0.966667,UNKNOWN,"[""국조속오례의""]","[""國朝續五禮儀""]","[""조선후기""]",,,[],Work,"{""term_name"": ""국조속오례의"", ""hanja"": ""國朝續五禮儀"", ""era"": ""조선후기"", ""thesaurus_category"": ""서명"", ""description"": ""1744년(영조 20)에 예조판서 이종성(李宗城) 등이 ≪국조오례의(國朝五禮儀)≫를 개정한 책."", ""term_year"": ""1744""}",[],EVIDENCE_ONLY,,,,REL_185,국조속오례의,Work,
99,gold-case:a5cf72f6874ec80f0794,term-review-task:e601e0321daf96da9ec0,resolution-case:4a58fe397855ec0c8810,오례의,제도,"[{""problem_id"": ""cj_v41_0635"", ""full_text"": ""세종 대왕께서는 집현전 유신 (儒臣)들에게 명하여 오례의를 상세히 청하게 하셨다. 예종 대왕과 유리 주상 전하께서 선왕의 뜻을 이어 이 방대한 책을 완성하게 하셨다. ----- 예(-헴를 기습한 것은 3,300가지나 되지만, 그 요점은 길례 흉례-군례-빈례 가리다섯 가지일 뿌이다.\n'전하'의 재위 기간에 있었던 사실로 옳은 것은?\n국가의 기본 법전인 경국대전이 완성되었다.\n성삼문 등이 상왕의 복위를 꾀하다가 처형되었다.\n육의전을 제외한 시전 상인의 금난전권이 폐지되었다.\n반정 공신의 위훈 삭제를 주장한 조광조가 사사되었다.\n이조 전랑 임명을 둘러싸고 김효원과 심의겸이 대립하였다.""}]",source-candidate:105e8c1f5e808caa51cf,THESAURUS:TERM:6306052:sha256-1022516a18f91e61,THESAURUS,3,국조속오례의보,description,bidirectional_containment,0.923429,UNKNOWN,"[""국조속오례의보""]","[""國朝續五禮儀補""]","[""조선후기""]",,,[],Work,"{""term_name"": ""국조속오례의보"", ""hanja"": ""國朝續五禮儀補"", ""era"": ""조선후기"", ""thesaurus_category"": ""서명"", ""description"": ""1751년(영조 27) 편찬한 ≪국조속오례의(國朝續五禮儀)≫를 보충한 책. 2권 1책. 목판본."", ""term_year"": ""1751""}",[],EVIDENCE_ONLY,,,,REL_186,국조속오례의보,Work,
99,gold-case:a5cf72f6874ec80f0794,term-review-task:e601e0321daf96da9ec0,resolution-case:4a58fe397855ec0c8810,오례의,제도,"[{""problem_id"": ""cj_v41_0635"", ""full_text"": ""세종 대왕께서는 집현전 유신 (儒臣)들에게 명하여 오례의를 상세히 청하게 하셨다. 예종 대왕과 유리 주상 전하께서 선왕의 뜻을 이어 이 방대한 책을 완성하게 하셨다. ----- 예(-헴를 기습한 것은 3,300가지나 되지만, 그 요점은 길례 흉례-군례-빈례 가리다섯 가지일 뿌이다.\n'전하'의 재위 기간에 있었던 사실로 옳은 것은?\n국가의 기본 법전인 경국대전이 완성되었다.\n성삼문 등이 상왕의 복위를 꾀하다가 처형되었다.\n육의전을 제외한 시전 상인의 금난전권이 폐지되었다.\n반정 공신의 위훈 삭제를 주장한 조광조가 사사되었다.\n이조 전랑 임명을 둘러싸고 김효원과 심의겸이 대립하였다.""}]",source-candidate:5aaba6fcd0b205cb7d88,THESAURUS:TERM:6306062:sha256-1022516a18f91e61,THESAURUS,4,국조오례통편,description,description_containment,0.724444,UNKNOWN,"[""국조오례통편""]","[""國朝五禮通編""]","[""조선후기""]",,,[],Work,"{""term_name"": ""국조오례통편"", ""hanja"": ""國朝五禮通編"", ""era"": ""조선후기"", ""thesaurus_category"": ""서명"", ""description"": ""조선후기 문신 이지영(李祉永)이 ≪국조오례의(國朝五禮儀)≫와 이의 속편들을 집성한 책. 3책. 필사본."", ""term_year"": ""?""}",[],EVIDENCE_ONLY,,,,REL_187,국조오례통편,Work,
99,gold-case:a5cf72f6874ec80f0794,term-review-task:e601e0321daf96da9ec0,resolution-case:4a58fe397855ec0c8810,오례의,제도,"[{""problem_id"": ""cj_v41_0635"", ""full_text"": ""세종 대왕께서는 집현전 유신 (儒臣)들에게 명하여 오례의를 상세히 청하게 하셨다. 예종 대왕과 유리 주상 전하께서 선왕의 뜻을 이어 이 방대한 책을 완성하게 하셨다. ----- 예(-헴를 기습한 것은 3,300가지나 되지만, 그 요점은 길례 흉례-군례-빈례 가리다섯 가지일 뿌이다.\n'전하'의 재위 기간에 있었던 사실로 옳은 것은?\n국가의 기본 법전인 경국대전이 완성되었다.\n성삼문 등이 상왕의 복위를 꾀하다가 처형되었다.\n육의전을 제외한 시전 상인의 금난전권이 폐지되었다.\n반정 공신의 위훈 삭제를 주장한 조광조가 사사되었다.\n이조 전랑 임명을 둘러싸고 김효원과 심의겸이 대립하였다.""}]",source-candidate:c8b40d2af2c123da1f0a,THESAURUS:TERM:25340:sha256-1022516a18f91e61,THESAURUS,5,국조오례의,name,bidirectional_containment,0.6433,UNKNOWN,"[""국조오례의""]","[""國朝五禮儀""]","[""조선전기""]",,,[],Work,"{""term_name"": ""국조오례의"", ""hanja"": ""國朝五禮儀"", ""era"": ""조선전기"", ""thesaurus_category"": ""서명"", ""description"": ""1474년(성종 5)에 완성된 조선시대 오례(五禮)에 관한 책."", ""term_year"": ""1474""}",[],EVIDENCE_ONLY,,,,REL_188,국조오례의,Work,
99,gold-case:a5cf72f6874ec80f0794,term-review-task:e601e0321daf96da9ec0,resolution-case:4a58fe397855ec0c8810,오례의,제도,"[{""problem_id"": ""cj_v41_0635"", ""full_text"": ""세종 대왕께서는 집현전 유신 (儒臣)들에게 명하여 오례의를 상세히 청하게 하셨다. 예종 대왕과 유리 주상 전하께서 선왕의 뜻을 이어 이 방대한 책을 완성하게 하셨다. ----- 예(-헴를 기습한 것은 3,300가지나 되지만, 그 요점은 길례 흉례-군례-빈례 가리다섯 가지일 뿌이다.\n'전하'의 재위 기간에 있었던 사실로 옳은 것은?\n국가의 기본 법전인 경국대전이 완성되었다.\n성삼문 등이 상왕의 복위를 꾀하다가 처형되었다.\n육의전을 제외한 시전 상인의 금난전권이 폐지되었다.\n반정 공신의 위훈 삭제를 주장한 조광조가 사사되었다.\n이조 전랑 임명을 둘러싸고 김효원과 심의겸이 대립하였다.""}]",source-candidate:c27e56274270180cda0a,AKS:ARTICLE:E0006512:sha256-704d8ea620c542f5,AKS,6,오례의,name,exact,1.0,CONFLICT,"[""국조오례의"", ""오례의""]","[""國朝五禮儀""]","[""조선"", ""조선 전기"", ""조선 후기""]",,,[],Work,"{""headword"": ""국조오례의"", ""aliases"": [""오례의""], ""origin"": ""國朝五禮儀"", ""headword_origin"": ""국조오례의(國朝五禮儀)"", ""primary_type"": ""문헌/고서"", ""era"": ""조선/조선 전기 | 조선/조선 후기"", ""definition"": ""조선 전기의 문신, 신숙주·정척 등이 오례의 예법과 절차에 관한 내용을 엮어 1474년에 8권 6책으로 편찬한 예서.""}",[],EVIDENCE_ONLY,,,,REL_188,국조오례의,Work,
99,gold-case:a5cf72f6874ec80f0794,term-review-task:e601e0321daf96da9ec0,resolution-case:4a58fe397855ec0c8810,오례의,제도,"[{""problem_id"": ""cj_v41_0635"", ""full_text"": ""세종 대왕께서는 집현전 유신 (儒臣)들에게 명하여 오례의를 상세히 청하게 하셨다. 예종 대왕과 유리 주상 전하께서 선왕의 뜻을 이어 이 방대한 책을 완성하게 하셨다. ----- 예(-헴를 기습한 것은 3,300가지나 되지만, 그 요점은 길례 흉례-군례-빈례 가리다섯 가지일 뿌이다.\n'전하'의 재위 기간에 있었던 사실로 옳은 것은?\n국가의 기본 법전인 경국대전이 완성되었다.\n성삼문 등이 상왕의 복위를 꾀하다가 처형되었다.\n육의전을 제외한 시전 상인의 금난전권이 폐지되었다.\n반정 공신의 위훈 삭제를 주장한 조광조가 사사되었다.\n이조 전랑 임명을 둘러싸고 김효원과 심의겸이 대립하였다.""}]",source-candidate:33ac61495ba74d2f8a93,AKS:ARTICLE:E0006503:sha256-704d8ea620c542f5,AKS,7,속오례의,name,bidirectional_containment,0.654643,CONFLICT,"[""국조속오례의"", ""속오례의""]","[""國朝續五禮儀""]","[""조선"", ""조선 후기""]",,,[],Work,"{""headword"": ""국조속오례의"", ""aliases"": [""속오례의""], ""origin"": ""國朝續五禮儀"", ""headword_origin"": ""국조속오례의(國朝續五禮儀)"", ""primary_type"": ""문헌/고서"", ""era"": ""조선/조선 후기"", ""definition"": ""『국조오례의』를 수정·보완하여 1744년에 5권 4책으로 편찬한 예서.""}",[],EVIDENCE_ONLY,,,,REL_185,국조속오례의,Work,
99,gold-case:a5cf72f6874ec80f0794,term-review-task:e601e0321daf96da9ec0,resolution-case:4a58fe397855ec0c8810,오례의,제도,"[{""problem_id"": ""cj_v41_0635"", ""full_text"": ""세종 대왕께서는 집현전 유신 (儒臣)들에게 명하여 오례의를 상세히 청하게 하셨다. 예종 대왕과 유리 주상 전하께서 선왕의 뜻을 이어 이 방대한 책을 완성하게 하셨다. ----- 예(-헴를 기습한 것은 3,300가지나 되지만, 그 요점은 길례 흉례-군례-빈례 가리다섯 가지일 뿌이다.\n'전하'의 재위 기간에 있었던 사실로 옳은 것은?\n국가의 기본 법전인 경국대전이 완성되었다.\n성삼문 등이 상왕의 복위를 꾀하다가 처형되었다.\n육의전을 제외한 시전 상인의 금난전권이 폐지되었다.\n반정 공신의 위훈 삭제를 주장한 조광조가 사사되었다.\n이조 전랑 임명을 둘러싸고 김효원과 심의겸이 대립하였다.""}]",source-candidate:fec35749a8a8238b376d,AKS:ARTICLE:E0038194:sha256-704d8ea620c542f5,AKS,8,오례의초,name,bidirectional_containment,0.654643,CONFLICT,"[""오례의초""]","[""五禮儀抄""]","[""조선"", ""조선 후기""]",,,[],Work,"{""headword"": ""오례의초"", ""origin"": ""五禮儀抄"", ""headword_origin"": ""오례의초(五禮儀抄)"", ""primary_type"": ""문헌/고서"", ""era"": ""조선/조선 후기"", ""definition"": ""『국조오례의』를 부분 발췌하여 1743년에 2권 2책으로 간행한 예서.""}",[],EVIDENCE_ONLY,,,,REL_189,오례의초,Work,
99,gold-case:a5cf72f6874ec80f0794,term-review-task:e601e0321daf96da9ec0,resolution-case:4a58fe397855ec0c8810,오례의,제도,"[{""problem_id"": ""cj_v41_0635"", ""full_text"": ""세종 대왕께서는 집현전 유신 (儒臣)들에게 명하여 오례의를 상세히 청하게 하셨다. 예종 대왕과 유리 주상 전하께서 선왕의 뜻을 이어 이 방대한 책을 완성하게 하셨다. ----- 예(-헴를 기습한 것은 3,300가지나 되지만, 그 요점은 길례 흉례-군례-빈례 가리다섯 가지일 뿌이다.\n'전하'의 재위 기간에 있었던 사실로 옳은 것은?\n국가의 기본 법전인 경국대전이 완성되었다.\n성삼문 등이 상왕의 복위를 꾀하다가 처형되었다.\n육의전을 제외한 시전 상인의 금난전권이 폐지되었다.\n반정 공신의 위훈 삭제를 주장한 조광조가 사사되었다.\n이조 전랑 임명을 둘러싸고 김효원과 심의겸이 대립하였다.""}]",source-candidate:ee486405377b66b2c1a3,AKS:ARTICLE:E0006513:sha256-704d8ea620c542f5,AKS,9,국조오례의서례,name,bidirectional_containment,0.470095,CONFLICT,"[""국조오례의서례""]","[""國朝五禮儀序例""]","[""조선"", ""조선 전기"", ""조선 후기""]",,,[],Work,"{""headword"": ""국조오례의서례"", ""origin"": ""國朝五禮儀序例"", ""headword_origin"": ""국조오례의서례(國朝五禮儀序例)"", ""primary_type"": ""문헌/고서"", ""era"": ""조선/조선 전기 | 조선/조선 후기"", ""definition"": ""조선 전기의 문신, 신숙주·강희맹 등이 『국조오례의』의 시행에 필요한 사항을 정리하여 1474년에 5권 2책으로 편찬한 예서.""}",[],EVIDENCE_ONLY,,,,REL_190,국조오례의서례,Work,
99,gold-case:a5cf72f6874ec80f0794,term-review-task:e601e0321daf96da9ec0,resolution-case:4a58fe397855ec0c8810,오례의,제도,"[{""problem_id"": ""cj_v41_0635"", ""full_text"": ""세종 대왕께서는 집현전 유신 (儒臣)들에게 명하여 오례의를 상세히 청하게 하셨다. 예종 대왕과 유리 주상 전하께서 선왕의 뜻을 이어 이 방대한 책을 완성하게 하셨다. ----- 예(-헴를 기습한 것은 3,300가지나 되지만, 그 요점은 길례 흉례-군례-빈례 가리다섯 가지일 뿌이다.\n'전하'의 재위 기간에 있었던 사실로 옳은 것은?\n국가의 기본 법전인 경국대전이 완성되었다.\n성삼문 등이 상왕의 복위를 꾀하다가 처형되었다.\n육의전을 제외한 시전 상인의 금난전권이 폐지되었다.\n반정 공신의 위훈 삭제를 주장한 조광조가 사사되었다.\n이조 전랑 임명을 둘러싸고 김효원과 심의겸이 대립하였다.""}]",source-candidate:7f9f8cc8ed5a60b5177b,AKS:ARTICLE:E0006504:sha256-704d8ea620c542f5,AKS,10,국조속오례의보,name,bidirectional_containment,0.453429,CONFLICT,"[""국조속오례의보""]","[""國朝續五禮儀補""]","[""조선"", ""조선 후기""]",,,[],Work,"{""headword"": ""국조속오례의보"", ""origin"": ""國朝續五禮儀補"", ""headword_origin"": ""국조속오례의보(國朝續五禮儀補)"", ""primary_type"": ""문헌/고서"", ""era"": ""조선/조선 후기"", ""definition"": ""조선 후기의 문신, 신만 등이 『국조속오례의』를 수정·보완하여 1751년에 2권 1책으로 편찬한 예서.""}",[],EVIDENCE_ONLY,,,,REL_186,국조속오례의보,Work,
100,gold-case:31e533f48773ccd61076,term-review-task:aee1f8bde5fae9cbf5a1,resolution-case:6de1d7d83aa224698752,10·4 남북 정상 선언,문헌,"[{""problem_id"": ""cj_v41_0757"", ""full_text"": ""(가) (나) 2. 남과 북은 나라의 통일을 위한 남측의 연합제 안과 북측의 낮은 단계의 연방제 인이 서로 공통성이 있다고 인정하고, 앞으로 이 방향에서 통일을 지향시켜 나가기로 하였다. - 6- 15 남북공동 선언 - 4. 남과 북은 현 정전 체제를 종식시키고 항구적인 평화 체제를 구축해 나가야 한다는 데 인식을 같이하고 직접 관련된 3자 또는 4자 정상들이 한반도 지역에서 만나 종전을 선언하는 문제를 추진하기 위해 협력해 나가기로 하였다. -서0-4남북정상선언 -\n(가), (나) 사이의 시기에 있었던 사실로 옳은 것은?\n남북 조절 위원회가 구성되었다.\n7·4 남북 공동 성명이 발표되었다.\n개성 공업 지구 건설이 착공되었다.\n남북한 비핵화 공동 선언이 채택되었다.\n남북 이산가족 고향 방문단의 교환 방문이 최초로 성사되었다.""}, {""problem_id"": ""cj_v41_0805"", ""full_text"": ""나는 오늘 온 겨레의 염원인 조국의 평화적 통일을 실현해 나가기 위한 새 공회국의 정책을 밝히려 합니다. 우리 민족이 남북 분단의 고통을 겪어온 지 반세기가 가까워 옵니다 ------ 민족자존과 통일 번영의 새 시대를 열어나갈 것임을 약속하면서 디음과 같은 정책을 추진해 나갈 것을 내외에 산언합니다. 셋째 남북간 교역의 문호를 개방하고 남북간교역올민촉 내부 교역으로 간주한다. 여섯째, 한반도의 평회를 정착시킬 여건을조성하기 위하여 북한이 미국 일본 등 우리 우방과의 관계를 개선하는 데 협조할 용의가 있으며 또한 우리는 소련, 중국을 비롯한 사회주의 국가들과의 관계 개선을 추구한다.\n다음 선언을 발표한 정부의 통일 노력으로 옳은 것은?\n남북 조절 위원회를 구성하였다.\n남북한이 국제 연합(UN)에 동시 가입하였다.\n개성 공업 지구 건설에 합의하였다.\n10·4 남북 정상 선언을 발표하였다.\n남북 이산가족 고향 방문을 최초로 실현하였다.""}, {""problem_id"": ""cj_v41_img_63_50"", ""full_text"": ""나는 오늘 온 겨레의 염원인 조국의 평화적 통일을 실현해 나가기 위한 새 공화국의 정책을 밝히려 합니다. 우리 민족이 남북 분단의 고통을 겪어온 지 반세기가 가까워 옵니다. …… 민족자존과 통일 번영의 새 시대를 열어나갈 것임을 약속하면서 다음과 같은 정책을 추진해 나갈 것을 내외에 선언합니다. ...…\n셋째, 남북 간 교역의 문호를 개방하고 남북 간 교역을 민족 내부교역으로 간주한다.\n여섯째, 한반도의 평화를 정착시킬 여건을 조성하기 위하여 북한이 미국, 일본 등 우리 우방과익 관계를 개선하는 데 협조할 용의가 있으며 또한 우리는 소련, 중국을 비롯한 사회주의 국가들과의 관계 개선을 추구한다.\n다음 선언을 발표한 정부의 통일 노선으로 옳은 것은?\n남북 조절 위원회를 구성하였다.\n개성 공업 지구 건설에 합의하였다.\n10·4 남북 정상 선언을 발표하였다.\n남북한이 국제 연합(UN)에 동시 가입하였다.\n남북 이산가족 고향 방문을 최초로 실현하였다.""}]",source-candidate:1af8ccfd2cc163c14404,THESAURUS:TERM:29368018:sha256-1022516a18f91e61,THESAURUS,1,남북정상회담,name,name_ngram,0.288571,UNKNOWN,"[""남북정상회담""]","[""南北頂上會談""]","[""현대""]",,,[],,"{""term_name"": ""남북정상회담"", ""hanja"": ""南北頂上會談"", ""era"": ""현대"", ""thesaurus_category"": ""외교·국제관계>외교협상·협약>현대"", ""description"": ""2000년 6월 13일부터 15일까지 대통령 김대중과 북한 김정일 국방위원장이 만나 통일과 상호 교류ㆍ협력 등에 관한 문제를 광범위하게 논의한 회담."", ""term_year"": ""2000-?""}",[],,,,,,,,
100,gold-case:31e533f48773ccd61076,term-review-task:aee1f8bde5fae9cbf5a1,resolution-case:6de1d7d83aa224698752,10·4 남북 정상 선언,문헌,"[{""problem_id"": ""cj_v41_0757"", ""full_text"": ""(가) (나) 2. 남과 북은 나라의 통일을 위한 남측의 연합제 안과 북측의 낮은 단계의 연방제 인이 서로 공통성이 있다고 인정하고, 앞으로 이 방향에서 통일을 지향시켜 나가기로 하였다. - 6- 15 남북공동 선언 - 4. 남과 북은 현 정전 체제를 종식시키고 항구적인 평화 체제를 구축해 나가야 한다는 데 인식을 같이하고 직접 관련된 3자 또는 4자 정상들이 한반도 지역에서 만나 종전을 선언하는 문제를 추진하기 위해 협력해 나가기로 하였다. -서0-4남북정상선언 -\n(가), (나) 사이의 시기에 있었던 사실로 옳은 것은?\n남북 조절 위원회가 구성되었다.\n7·4 남북 공동 성명이 발표되었다.\n개성 공업 지구 건설이 착공되었다.\n남북한 비핵화 공동 선언이 채택되었다.\n남북 이산가족 고향 방문단의 교환 방문이 최초로 성사되었다.""}, {""problem_id"": ""cj_v41_0805"", ""full_text"": ""나는 오늘 온 겨레의 염원인 조국의 평화적 통일을 실현해 나가기 위한 새 공회국의 정책을 밝히려 합니다. 우리 민족이 남북 분단의 고통을 겪어온 지 반세기가 가까워 옵니다 ------ 민족자존과 통일 번영의 새 시대를 열어나갈 것임을 약속하면서 디음과 같은 정책을 추진해 나갈 것을 내외에 산언합니다. 셋째 남북간 교역의 문호를 개방하고 남북간교역올민촉 내부 교역으로 간주한다. 여섯째, 한반도의 평회를 정착시킬 여건을조성하기 위하여 북한이 미국 일본 등 우리 우방과의 관계를 개선하는 데 협조할 용의가 있으며 또한 우리는 소련, 중국을 비롯한 사회주의 국가들과의 관계 개선을 추구한다.\n다음 선언을 발표한 정부의 통일 노력으로 옳은 것은?\n남북 조절 위원회를 구성하였다.\n남북한이 국제 연합(UN)에 동시 가입하였다.\n개성 공업 지구 건설에 합의하였다.\n10·4 남북 정상 선언을 발표하였다.\n남북 이산가족 고향 방문을 최초로 실현하였다.""}, {""problem_id"": ""cj_v41_img_63_50"", ""full_text"": ""나는 오늘 온 겨레의 염원인 조국의 평화적 통일을 실현해 나가기 위한 새 공화국의 정책을 밝히려 합니다. 우리 민족이 남북 분단의 고통을 겪어온 지 반세기가 가까워 옵니다. …… 민족자존과 통일 번영의 새 시대를 열어나갈 것임을 약속하면서 다음과 같은 정책을 추진해 나갈 것을 내외에 선언합니다. ...…\n셋째, 남북 간 교역의 문호를 개방하고 남북 간 교역을 민족 내부교역으로 간주한다.\n여섯째, 한반도의 평화를 정착시킬 여건을 조성하기 위하여 북한이 미국, 일본 등 우리 우방과익 관계를 개선하는 데 협조할 용의가 있으며 또한 우리는 소련, 중국을 비롯한 사회주의 국가들과의 관계 개선을 추구한다.\n다음 선언을 발표한 정부의 통일 노선으로 옳은 것은?\n남북 조절 위원회를 구성하였다.\n개성 공업 지구 건설에 합의하였다.\n10·4 남북 정상 선언을 발표하였다.\n남북한이 국제 연합(UN)에 동시 가입하였다.\n남북 이산가족 고향 방문을 최초로 실현하였다.""}]",source-candidate:2642a5b1680a9baac581,THESAURUS:TERM:20979715:sha256-1022516a18f91e61,THESAURUS,2,6·15남북공동선언,name,name_ngram,0.274118,UNKNOWN,"[""육일오남북공동선언""]","[""南北共同宣言""]","[""현대""]",,,[],,"{""term_name"": ""6·15남북공동선언"", ""hanja"": ""6·15南北共同宣言"", ""era"": ""현대"", ""thesaurus_category"": ""정치·행정·법제>정치사상·정책"", ""description"": ""2000년 6월 15일 평양에서 김대중(金大中) 대통령과 김정일(金正日) 국방위원장이 만나 공동으로 남북의 자주적인 평화통일을 합의한 선언."", ""term_year"": ""2000""}",[],,,,,,,,
100,gold-case:31e533f48773ccd61076,term-review-task:aee1f8bde5fae9cbf5a1,resolution-case:6de1d7d83aa224698752,10·4 남북 정상 선언,문헌,"[{""problem_id"": ""cj_v41_0757"", ""full_text"": ""(가) (나) 2. 남과 북은 나라의 통일을 위한 남측의 연합제 안과 북측의 낮은 단계의 연방제 인이 서로 공통성이 있다고 인정하고, 앞으로 이 방향에서 통일을 지향시켜 나가기로 하였다. - 6- 15 남북공동 선언 - 4. 남과 북은 현 정전 체제를 종식시키고 항구적인 평화 체제를 구축해 나가야 한다는 데 인식을 같이하고 직접 관련된 3자 또는 4자 정상들이 한반도 지역에서 만나 종전을 선언하는 문제를 추진하기 위해 협력해 나가기로 하였다. -서0-4남북정상선언 -\n(가), (나) 사이의 시기에 있었던 사실로 옳은 것은?\n남북 조절 위원회가 구성되었다.\n7·4 남북 공동 성명이 발표되었다.\n개성 공업 지구 건설이 착공되었다.\n남북한 비핵화 공동 선언이 채택되었다.\n남북 이산가족 고향 방문단의 교환 방문이 최초로 성사되었다.""}, {""problem_id"": ""cj_v41_0805"", ""full_text"": ""나는 오늘 온 겨레의 염원인 조국의 평화적 통일을 실현해 나가기 위한 새 공회국의 정책을 밝히려 합니다. 우리 민족이 남북 분단의 고통을 겪어온 지 반세기가 가까워 옵니다 ------ 민족자존과 통일 번영의 새 시대를 열어나갈 것임을 약속하면서 디음과 같은 정책을 추진해 나갈 것을 내외에 산언합니다. 셋째 남북간 교역의 문호를 개방하고 남북간교역올민촉 내부 교역으로 간주한다. 여섯째, 한반도의 평회를 정착시킬 여건을조성하기 위하여 북한이 미국 일본 등 우리 우방과의 관계를 개선하는 데 협조할 용의가 있으며 또한 우리는 소련, 중국을 비롯한 사회주의 국가들과의 관계 개선을 추구한다.\n다음 선언을 발표한 정부의 통일 노력으로 옳은 것은?\n남북 조절 위원회를 구성하였다.\n남북한이 국제 연합(UN)에 동시 가입하였다.\n개성 공업 지구 건설에 합의하였다.\n10·4 남북 정상 선언을 발표하였다.\n남북 이산가족 고향 방문을 최초로 실현하였다.""}, {""problem_id"": ""cj_v41_img_63_50"", ""full_text"": ""나는 오늘 온 겨레의 염원인 조국의 평화적 통일을 실현해 나가기 위한 새 공화국의 정책을 밝히려 합니다. 우리 민족이 남북 분단의 고통을 겪어온 지 반세기가 가까워 옵니다. …… 민족자존과 통일 번영의 새 시대를 열어나갈 것임을 약속하면서 다음과 같은 정책을 추진해 나갈 것을 내외에 선언합니다. ...…\n셋째, 남북 간 교역의 문호를 개방하고 남북 간 교역을 민족 내부교역으로 간주한다.\n여섯째, 한반도의 평화를 정착시킬 여건을 조성하기 위하여 북한이 미국, 일본 등 우리 우방과익 관계를 개선하는 데 협조할 용의가 있으며 또한 우리는 소련, 중국을 비롯한 사회주의 국가들과의 관계 개선을 추구한다.\n다음 선언을 발표한 정부의 통일 노선으로 옳은 것은?\n남북 조절 위원회를 구성하였다.\n개성 공업 지구 건설에 합의하였다.\n10·4 남북 정상 선언을 발표하였다.\n남북한이 국제 연합(UN)에 동시 가입하였다.\n남북 이산가족 고향 방문을 최초로 실현하였다.""}]",source-candidate:0832a2187a8663b28700,THESAURUS:TERM:863:sha256-1022516a18f91e61,THESAURUS,3,6·15남북공동선언,name,name_ngram,0.274118,UNKNOWN,"[""육일오남북공동선언""]","[""六一五南北共同宣言""]","[""현대""]",,,[],,"{""term_name"": ""6·15남북공동선언"", ""hanja"": ""六一五南北共同宣言"", ""era"": ""현대"", ""thesaurus_category"": ""외교·국제관계>북한>외교·국제관계(북한)"", ""description"": ""2000년 6월 15일 평양에서 김대중(金大中) 대통령과 김정일(金正日) 국방위원장이 만나 공동으로 남북의 자주적인 평화통일을 합의한 선언."", ""term_year"": ""2000""}",[],,,,,,,,
100,gold-case:31e533f48773ccd61076,term-review-task:aee1f8bde5fae9cbf5a1,resolution-case:6de1d7d83aa224698752,10·4 남북 정상 선언,문헌,"[{""problem_id"": ""cj_v41_0757"", ""full_text"": ""(가) (나) 2. 남과 북은 나라의 통일을 위한 남측의 연합제 안과 북측의 낮은 단계의 연방제 인이 서로 공통성이 있다고 인정하고, 앞으로 이 방향에서 통일을 지향시켜 나가기로 하였다. - 6- 15 남북공동 선언 - 4. 남과 북은 현 정전 체제를 종식시키고 항구적인 평화 체제를 구축해 나가야 한다는 데 인식을 같이하고 직접 관련된 3자 또는 4자 정상들이 한반도 지역에서 만나 종전을 선언하는 문제를 추진하기 위해 협력해 나가기로 하였다. -서0-4남북정상선언 -\n(가), (나) 사이의 시기에 있었던 사실로 옳은 것은?\n남북 조절 위원회가 구성되었다.\n7·4 남북 공동 성명이 발표되었다.\n개성 공업 지구 건설이 착공되었다.\n남북한 비핵화 공동 선언이 채택되었다.\n남북 이산가족 고향 방문단의 교환 방문이 최초로 성사되었다.""}, {""problem_id"": ""cj_v41_0805"", ""full_text"": ""나는 오늘 온 겨레의 염원인 조국의 평화적 통일을 실현해 나가기 위한 새 공회국의 정책을 밝히려 합니다. 우리 민족이 남북 분단의 고통을 겪어온 지 반세기가 가까워 옵니다 ------ 민족자존과 통일 번영의 새 시대를 열어나갈 것임을 약속하면서 디음과 같은 정책을 추진해 나갈 것을 내외에 산언합니다. 셋째 남북간 교역의 문호를 개방하고 남북간교역올민촉 내부 교역으로 간주한다. 여섯째, 한반도의 평회를 정착시킬 여건을조성하기 위하여 북한이 미국 일본 등 우리 우방과의 관계를 개선하는 데 협조할 용의가 있으며 또한 우리는 소련, 중국을 비롯한 사회주의 국가들과의 관계 개선을 추구한다.\n다음 선언을 발표한 정부의 통일 노력으로 옳은 것은?\n남북 조절 위원회를 구성하였다.\n남북한이 국제 연합(UN)에 동시 가입하였다.\n개성 공업 지구 건설에 합의하였다.\n10·4 남북 정상 선언을 발표하였다.\n남북 이산가족 고향 방문을 최초로 실현하였다.""}, {""problem_id"": ""cj_v41_img_63_50"", ""full_text"": ""나는 오늘 온 겨레의 염원인 조국의 평화적 통일을 실현해 나가기 위한 새 공화국의 정책을 밝히려 합니다. 우리 민족이 남북 분단의 고통을 겪어온 지 반세기가 가까워 옵니다. …… 민족자존과 통일 번영의 새 시대를 열어나갈 것임을 약속하면서 다음과 같은 정책을 추진해 나갈 것을 내외에 선언합니다. ...…\n셋째, 남북 간 교역의 문호를 개방하고 남북 간 교역을 민족 내부교역으로 간주한다.\n여섯째, 한반도의 평화를 정착시킬 여건을 조성하기 위하여 북한이 미국, 일본 등 우리 우방과익 관계를 개선하는 데 협조할 용의가 있으며 또한 우리는 소련, 중국을 비롯한 사회주의 국가들과의 관계 개선을 추구한다.\n다음 선언을 발표한 정부의 통일 노선으로 옳은 것은?\n남북 조절 위원회를 구성하였다.\n개성 공업 지구 건설에 합의하였다.\n10·4 남북 정상 선언을 발표하였다.\n남북한이 국제 연합(UN)에 동시 가입하였다.\n남북 이산가족 고향 방문을 최초로 실현하였다.""}]",source-candidate:36d16f905b5a35e10eab,AKS:ARTICLE:E0070192:sha256-704d8ea620c542f5,AKS,4,십사 남북정상선언,name,exact,1.0,CONFLICT,"[""남북관계발전과평화번영을위한선언"", ""십사남북정상선언""]","[""十四"", ""南北頂上宣言""]","[""현대""]",,,[],Event,"{""headword"": ""십사 남북정상선언"", ""aliases"": [""남북관계 발전과 평화번영을 위한 선언""], ""origin"": ""十四 南北頂上宣言"", ""headword_origin"": ""십사 남북정상선언(十四 南北頂上宣言)"", ""primary_type"": ""사건/조약·회담"", ""era"": ""현대"", ""definition"": ""2007년 10월 4일 북한 평양에서 대한민국 16대 대통령 노무현과 북한 국방위원장 김정일이 합의한 제2차 남북정상선언.""}",[],IDENTITY_MEMBER,ALT_191,10·4 남북 정상 선언,Event,,,,
