gold_case_order,gold_case_id,term_review_task_id,resolution_case_id,canonical_term,category,problem_context_samples_json,source_candidate_id,source_record_id,source,matched_name,matched_field,retrieval_method,category_compatibility,source_entity_type_proposal,source_context_json,candidate_pair_signals_json,gold_role,model_role,gold_reason,model_reason,reviewed_role,review_status,manual_reason,reviewer,reviewed_at
6,gold-case:5fcf8549fec5b8b0fd72,term-review-task:5fb0a00092b1066e17c4,resolution-case:98c1b48664a65bb93a0f,불랑기포,유물,"[{""problem_id"": ""cj_v41_0020"", ""full_text"": ""2 이 무기는 불랑기포라고 하는데, 서양에서 명에 전래되었기 때문에 이렇게 불렀습니다. 불랑기포는 당시 조 - 명 연합군이 일본군으로부터 평양성을 탈환하는 데 기여하였다\n(가) 전쟁 중 있었던 사실로 옳은 것은?\n김상용이 강화도에서 순절하였다.\n정봉수가 용골산성에서 항쟁하였다.\n최영이 홍산 전투에서 큰 승리를 거두었다.\n김시민이 진주성에서 적군을 크게 물리쳤다.\n이종무가 적의 근거지인 쓰시마를 정벌하였다.""}, {""problem_id"": ""cj_v41_0683"", ""full_text"": ""역사 인물 다큐멘터리 기획안 화약 무기 연구의 선구자, ○○○ 1. 기획 의도 중국의 군사 기밀이었던 화약 제조 기술을 습득해 우리나라 최초로 화약의 자체 생산에 성공한 인물의 활동을 통해 국방 과학 기술의 중요성을 되새겨 본다. 2. 주요 장면 (가) 중국인 이원에게 염초 제조법을 배우다. (나) 나세, 심덕부 등과 함께 진포에서 왜구를 크게 격퇴하다.\n(가)에 들어갈 내용으로 가장 적절한 것은?\n신기전과 화차를 개발하다\n화통도감의 설치를 건의하다\n불랑기포를 활용하여 평양성을 탈환하다\n조총 부대를 이끌고 나선 정벌에 참여하다\n발화 장치를 활용한 비격진천뢰를 발명하다""}, {""problem_id"": ""cj_v41_0970"", ""full_text"": ""조·명 연합군, 평양성 탈환 평안도 도체찰사 류성룡, 도원수 김명원이 이끄는 관군이 명 제독 이여송 부대에 합세하여 평양성을 되찾았다 이번 전 투에서 아군의 불랑기포를 비롯한 화포가 위력을 발휘하여 일본 군은 크게 패하고 남쪽으로 내려갔다. 이 전투의 승리는 향후 전 쟁의 판도를 바꿀 것으로 기대된다\n다음 기사에 보도된 전투 이후의 사실로 옳은 것은?\n송상현이 동래성에서 항전하였다.\n권율이 행주산성에서 적군을 격퇴하였다.\n이순신이 한산도 앞바다에서 대승을 거두었다.\n신립이 탄금대 앞에서 배수의 진을 치고 싸웠다.\n최윤덕이 올라산성에서 이만주 부대를 정벌하였다.""}]",source-candidate:316102373523e20e4636,AKS:ARTICLE:E0024965:sha256-704d8ea620c542f5,AKS,불랑기자포,name,name_ngram,COMPATIBLE,Heritage,"{""headword"": ""불랑기자포"", ""aliases"": [""보물 제861-1호"", ""보물 제861-2호"", ""후장식화포""], ""origin"": ""佛狼機子砲"", ""headword_origin"": ""불랑기자포(佛狼機子砲)"", ""primary_type"": ""물품"", ""era"": ""조선/조선 전기 | 조선/조선 후기"", ""definition"": ""불씨를 손으로 점화, 발사시키는 화포(火砲).""}",[],EVIDENCE_ONLY,REJECTED,"Both sources directly describe the same firelock cannon with matching name, Hanja, era, and definition.","불랑기자포는 불랑기포와 명칭이 확장된 별도 화포·유물이다. 이 원천의 정의는 불랑기포와의 구체적 관계를 설명하지 않으므로, 접미어가 붙은 명칭의 유사성만으로 target identity 또는 관계 증거로 볼 수 없다.",,PENDING,,,
11,gold-case:17b2a48e340099cd7339,term-review-task:f584c3ac2f2a1ad7234f,resolution-case:8d6bad50ee0203c3b76f,견내량,지명,"[{""problem_id"": ""cj_v41_0116"", ""full_text"": ""주제: 임진왜란 때 수군의 활약 욕포에서 26칙의 적선은 걱파하는 전과루 올렉어 견내량에 머로민 왜군을 한산도 앞바다로 유인하여 학익진 전술을 펼쳐 물리워어 10여 척의 배로 명량에서 대승은 거두없어 (가) (나) (다)\n(가)~(다) 학생이 발표한 내용을 일어난 순서대로 옳게 나열한 것은?\n(가) - (나) - (다)\n(가) - (다) - (나)\n(나) - (가) - (다)\n(나) - (다) - (가)\n(다) - (가) - (나)""}]",source-candidate:96a4a1c514933a01f933,AKS:ARTICLE:E0001870:sha256-704d8ea620c542f5,AKS,견내량,definition,body_mention,COMPATIBLE,Place,"{""headword"": ""거제대교"", ""origin"": ""巨濟大橋"", ""headword_origin"": ""거제대교(巨濟大橋)"", ""primary_type"": ""지명/시설"", ""era"": ""현대"", ""definition"": ""경상남도 거제시 사등면의 서쪽과 통영시 용남면 장평리 사이의 견내량해(見乃梁海)에 건설된 다리."", ""snippet"": ""경상남도 거제시 사등면의 서쪽과 통영시 용남면 장평리 사이의 견내량해(見乃梁海)에 건설된 다리""}","[{""left_source_candidate_id"": ""source-candidate:96a4a1c514933a01f933"", ""right_source_candidate_id"": ""source-candidate:a9cc79df3a0764a41c1c"", ""signals"": [], ""conflicts"": [""entity_type_conflict""], ""merge_eligible"": false}]",REJECTED,EVIDENCE_ONLY,관련 용어 설명이 안나옴,"주 대상은 현대 시설인 거제대교이며 견내량 자체는 아니다. 다만 정의에서 거제대교가 견내량해에 건설되었다고 명시하여, 문제의 임진왜란 해전 지명인 견내량과의 구체적인 공간 관계를 제공한다.",,PENDING,,,
11,gold-case:17b2a48e340099cd7339,term-review-task:f584c3ac2f2a1ad7234f,resolution-case:8d6bad50ee0203c3b76f,견내량,지명,"[{""problem_id"": ""cj_v41_0116"", ""full_text"": ""주제: 임진왜란 때 수군의 활약 욕포에서 26칙의 적선은 걱파하는 전과루 올렉어 견내량에 머로민 왜군을 한산도 앞바다로 유인하여 학익진 전술을 펼쳐 물리워어 10여 척의 배로 명량에서 대승은 거두없어 (가) (나) (다)\n(가)~(다) 학생이 발표한 내용을 일어난 순서대로 옳게 나열한 것은?\n(가) - (나) - (다)\n(가) - (다) - (나)\n(나) - (가) - (다)\n(나) - (다) - (가)\n(다) - (가) - (나)""}]",source-candidate:a59c095a3a4dd400b999,AKS:ARTICLE:E0001872:sha256-704d8ea620c542f5,AKS,견내량,body,body_mention,COMPATIBLE,Place,"{""headword"": ""거제도"", ""origin"": ""巨濟島"", ""headword_origin"": ""거제도(巨濟島)"", ""primary_type"": ""지명/자연지명"", ""era"": ""미상"", ""definition"": ""경상남도 거제시에 있는 섬."", ""snippet"": ""이전에는 육지와의 연결이 불편하였으나 1971년통영반도와 [거제도](E0001872) 간의 견내량(見乃梁) 해협에 길이 740ｍ의 [거제대교](E0001870)가 놓이면서 교통이 편리해졌다. 관광객""}","[{""left_source_candidate_id"": ""source-candidate:a59c095a3a4dd400b999"", ""right_source_candidate_id"": ""source-candidate:a9cc79df3a0764a41c1c"", ""signals"": [], ""conflicts"": [""entity_type_conflict""], ""merge_eligible"": false}]",REJECTED,EVIDENCE_ONLY,관련 용어 설명이 안나옴,주 대상은 거제도이지 견내량이 아니다. 그러나 통영반도와 거제도 사이의 견내량 해협에 거제대교가 놓였다는 명시적 지리 관계를 설명한다.,,PENDING,,,
11,gold-case:17b2a48e340099cd7339,term-review-task:f584c3ac2f2a1ad7234f,resolution-case:8d6bad50ee0203c3b76f,견내량,지명,"[{""problem_id"": ""cj_v41_0116"", ""full_text"": ""주제: 임진왜란 때 수군의 활약 욕포에서 26칙의 적선은 걱파하는 전과루 올렉어 견내량에 머로민 왜군을 한산도 앞바다로 유인하여 학익진 전술을 펼쳐 물리워어 10여 척의 배로 명량에서 대승은 거두없어 (가) (나) (다)\n(가)~(다) 학생이 발표한 내용을 일어난 순서대로 옳게 나열한 것은?\n(가) - (나) - (다)\n(가) - (다) - (나)\n(나) - (가) - (다)\n(나) - (다) - (가)\n(다) - (가) - (나)""}]",source-candidate:0d9b5a77dc7a6e471821,AKS:ARTICLE:E0001877:sha256-704d8ea620c542f5,AKS,견내량,body,body_mention,COMPATIBLE,Place,"{""headword"": ""거제시"", ""origin"": ""巨濟市"", ""headword_origin"": ""거제시(巨濟市)"", ""primary_type"": ""지명/행정지명·마을"", ""era"": ""현대"", ""definition"": ""경상남도 남해안에 위치한 시."", ""snippet"": ""승포에 설치하였다가 1956년 다시 고현동으으로 이전하였다. 1971년에는 통영과 마주한 견내량(見乃梁)에 연륙교인 [거제대교](E0001870)가 세워지면서 육지와 연결되었으며, 1973년""}","[{""left_source_candidate_id"": ""source-candidate:0d9b5a77dc7a6e471821"", ""right_source_candidate_id"": ""source-candidate:a9cc79df3a0764a41c1c"", ""signals"": [], ""conflicts"": [""entity_type_conflict""], ""merge_eligible"": false}]",REJECTED,EVIDENCE_ONLY,관련 용어 설명이 안나옴,"주 대상은 현대 행정지명 거제시이다. 견내량에 거제대교가 세워져 통영과 연결되었다는 서술이 있어, 견내량의 위치·공간 관계에 관한 보존 가능한 근거이다.",,PENDING,,,
11,gold-case:17b2a48e340099cd7339,term-review-task:f584c3ac2f2a1ad7234f,resolution-case:8d6bad50ee0203c3b76f,견내량,지명,"[{""problem_id"": ""cj_v41_0116"", ""full_text"": ""주제: 임진왜란 때 수군의 활약 욕포에서 26칙의 적선은 걱파하는 전과루 올렉어 견내량에 머로민 왜군을 한산도 앞바다로 유인하여 학익진 전술을 펼쳐 물리워어 10여 척의 배로 명량에서 대승은 거두없어 (가) (나) (다)\n(가)~(다) 학생이 발표한 내용을 일어난 순서대로 옳게 나열한 것은?\n(가) - (나) - (다)\n(가) - (다) - (나)\n(나) - (가) - (다)\n(나) - (다) - (가)\n(다) - (가) - (나)""}]",source-candidate:954958d46babf1a3e22f,AKS:ARTICLE:E0038822:sha256-704d8ea620c542f5,AKS,견내량,body,body_mention,COMPATIBLE,Place,"{""headword"": ""옥포"", ""origin"": ""玉浦"", ""headword_origin"": ""옥포(玉浦)"", ""primary_type"": ""지명/시설"", ""era"": ""미상"", ""definition"": ""경상남도 거제시 옥포동에 있는 포구."", ""snippet"": ""치되어 있어 군사상 중요지역으로 여겨왔던 곳이다. 조선 초기에는 가배량도만호(加背梁都萬戶)와 견내량만호(見乃梁萬戶)가 지켰고, 1488년(성종 19) 둘레 1,074척, 높이 13척의 석성을 쌓았으며""}","[{""left_source_candidate_id"": ""source-candidate:954958d46babf1a3e22f"", ""right_source_candidate_id"": ""source-candidate:a9cc79df3a0764a41c1c"", ""signals"": [], ""conflicts"": [""entity_type_conflict""], ""merge_eligible"": false}]",REJECTED,EVIDENCE_ONLY,관련 용어 설명이 안나옴,주 대상은 옥포 포구이며 견내량 자체가 아니다. 조선 초 가배량도만호와 견내량만호가 옥포를 지켰다고 하여 견내량 관련 수군 방어 체계라는 명시적 역사 관계를 제공한다.,,PENDING,,,
11,gold-case:17b2a48e340099cd7339,term-review-task:f584c3ac2f2a1ad7234f,resolution-case:8d6bad50ee0203c3b76f,견내량,지명,"[{""problem_id"": ""cj_v41_0116"", ""full_text"": ""주제: 임진왜란 때 수군의 활약 욕포에서 26칙의 적선은 걱파하는 전과루 올렉어 견내량에 머로민 왜군을 한산도 앞바다로 유인하여 학익진 전술을 펼쳐 물리워어 10여 척의 배로 명량에서 대승은 거두없어 (가) (나) (다)\n(가)~(다) 학생이 발표한 내용을 일어난 순서대로 옳게 나열한 것은?\n(가) - (나) - (다)\n(가) - (다) - (나)\n(나) - (가) - (다)\n(나) - (다) - (가)\n(다) - (가) - (나)""}]",source-candidate:3eb6396c3c18d33091d1,AKS:ARTICLE:E0039414:sha256-704d8ea620c542f5,AKS,견내량,body,body_mention,COMPATIBLE,Place,"{""headword"": ""용남"", ""origin"": ""龍南"", ""headword_origin"": ""용남(龍南)"", ""primary_type"": ""지명/고지명"", ""era"": ""근대/일제강점기"", ""definition"": ""경상남도 통영 지역의 옛 지명."", ""snippet"": ""다가 뒤에 현령을 두었으며, 조선 태종 때 일부 지역을 거제의 관할로 하였다. 조선시대에 이곳은 통영ㆍ견내량(見乃梁)ㆍ가배량(歌背梁) 등의 해안 지역을 차지하였고, 가배량의 도만호(都萬戶)가 이곳을 다스렸다. 그""}","[{""left_source_candidate_id"": ""source-candidate:3eb6396c3c18d33091d1"", ""right_source_candidate_id"": ""source-candidate:a9cc79df3a0764a41c1c"", ""signals"": [], ""conflicts"": [""entity_type_conflict""], ""merge_eligible"": false}]",REJECTED,EVIDENCE_ONLY,관련 용어 설명이 안나옴,주 대상은 통영 지역의 옛 지명 용남이다. 조선시대 용남 지역이 통영·견내량·가배량 등의 해안 지역을 차지했다는 명시적 지리적 포함·인접 관계를 설명한다.,,PENDING,,,
13,gold-case:5bff298111dd99e91bbe,term-review-task:6d5f6ee2a0cbcd4f2926,resolution-case:d060b08bfb192841beac,부여씨,왕조,"[{""problem_id"": ""cj_v41_0103"", ""full_text"": ""이것은 (가)의 중대성에서 일본의 태정관에 보낸 외교 문서의 사본이다. 문서에는 정당성의 좌윤 하복연 등 주요 사신단의 명단과 두 나라의 우호를 돈독히 하고자 사신을 파견한다는 내용 등이 담겨 있다. 오늘 소개해 주실 자료는 무엇인가요?\n(가) 국가에 대한 설명으로 옳은 것은?\n광군을 창설하여 외침에 대비하였다.\n주자감을 설치하여 인재를 양성하였다.\n골품제라는 엄격한 신분제를 마련하였다.\n9주 5소경의 지방 행정 제도를 갖추었다.\n왕족인 부여씨와 8성의 귀족이 지배층을 이루었다.""}, {""problem_id"": ""cj_v41_0201"", ""full_text"": ""목종 5년에 6위의 직원을 마련하여 두엇는데 뒤에 8양군뉘다 ) 과 용호군짓{로)의 2군을 설치하고, 6위의 위에 엇게 하여다. 뒤에 또 중방을 설치하고 , 2군 ' 6위의 상장군과 대장군이 모두 회합하게 하였다\n다음 군사 제도를 운영한 국가에 대한 설명으로 옳은 것은?\n중정대를 두어 관리를 감찰하였다.\n9주 5소경의 지방 제도를 운영하였다.\n고관들의 합좌 기구인 도병마사를 설치하였다.\n인재를 등용하기 위하여 독서삼품과를 시행하였다.\n왕족인 부여씨와 8성의 귀족이 지배층을 이루었다.""}, {""problem_id"": ""cj_v41_0481"", ""full_text"": ""[기관라의] 관제에는 선조성이 있는데, 좌상국평장소 시중국좌상시 -간의가 소속되어 있다. 중대성에는 우상 우평장소:내사-조고사인이 소속되어 있다. 정당성에는 대내상 1명을좍 우당의 위에 두었고, 좌 우사정 각 1명을 좌-우평장소의 아래에 배치하였다 - 신당서\n다음 제도를 운영한 국가에 대한 설명으로 옳은 것은?\n교육 기관으로 주자감을 두었다.\n신라에 침입한 왜구를 격퇴하였다.\n9서당 10정의 군사 조직을 갖추었다.\n개국, 태창이라는 연호를 사용하였다.\n왕족인 부여씨와 8성의 귀족이 지배층을 이루었다.""}]",source-candidate:9016aa23c09da0c15b48,AKS:ARTICLE:E0029415:sha256-704d8ea620c542f5,AKS,부여씨,body,body_mention,COMPATIBLE,Concept,"{""headword"": ""성씨"", ""origin"": ""姓氏"", ""headword_origin"": ""성씨(姓氏)"", ""primary_type"": ""개념"", ""era"": ""현대"", ""definition"": ""출생의 혈통을 나타내거나 한 혈통을 잇는 겨레붙이를 가리키는 가족용어. 칭호."", ""snippet"": ""문에 고씨(高氏)라 하고, 백제는 시조 [온조(溫祚)](E0038871)가 부여 계통에서 나왔다 하여 성을 부여씨(夫餘氏)라 하였다 한다. 또한 신라는 박 · 석 · 김 3성의 전설이 있고, 제3대 [유리이사금](E004139""}","[{""left_source_candidate_id"": ""source-candidate:07dc90ff64514d2fe9d3"", ""right_source_candidate_id"": ""source-candidate:9016aa23c09da0c15b48"", ""signals"": [], ""conflicts"": [""entity_type_conflict""], ""merge_eligible"": false}, {""left_source_candidate_id"": ""source-candidate:0eecd78a6337cb10748a"", ""right_source_candidate_id"": ""source-candidate:9016aa23c09da0c15b48"", ""signals"": [], ""conflicts"": [""entity_type_conflict""], ""merge_eligible"": false}, {""left_source_candidate_id"": ""source-candidate:160de71238b7f1358778"", ""right_source_candidate_id"": ""source-candidate:9016aa23c09da0c15b48"", ""signals"": [], ""conflicts"": [""entity_type_conflict""], ""merge_eligible"": false}, {""left_source_candidate_id"": ""source-candidate:1ae4ad9ec54136cbf67a"", ""right_source_candidate_id"": ""source-candidate:9016aa23c09da0c15b48"", ""signals"": [], ""conflicts"": [""entity_type_conflict""], ""merge_eligible"": false}, {""left_source_candidate_id"": ""source-candidate:31fbedeed6ea9f4155e6"", ""right_source_candidate_id"": ""source-candidate:9016aa23c09da0c15b48"", ""signals"": [], ""conflicts"": [""entity_type_conflict""], ""merge_eligible"": false}, {""left_source_candidate_id"": ""source-candidate:41909866d045208c216e"", ""right_source_candidate_id"": ""source-candidate:9016aa23c09da0c15b48"", ""signals"": [], ""conflicts"": [""entity_type_conflict""], ""merge_eligible"": false}, {""left_source_candidate_id"": ""source-candidate:58ac08f92f70a63d56c1"", ""right_source_candidate_id"": ""source-candidate:9016aa23c09da0c15b48"", ""signals"": [], ""conflicts"": [""entity_type_conflict""], ""merge_eligible"": false}, {""left_source_candidate_id"": ""source-candidate:642c7ee560d4137aeaae"", ""right_source_candidate_id"": ""source-candidate:9016aa23c09da0c15b48"", ""signals"": [], ""conflicts"": [""entity_type_conflict""], ""merge_eligible"": false}, {""left_source_candidate_id"": ""source-candidate:72307300a8c118d5b41f"", ""right_source_candidate_id"": ""source-candidate:9016aa23c09da0c15b48"", ""signals"": [], ""conflicts"": [""entity_type_conflict""], ""merge_eligible"": false}, {""left_source_candidate_id"": ""source-candidate:739639047d0d52a2a71f"", ""right_source_candidate_id"": ""source-candidate:9016aa23c09da0c15b48"", ""signals"": [], ""conflicts"": [""entity_type_conflict""], ""merge_eligible"": false}, {""left_source_candidate_id"": ""source-candidate:741d510b7f279732b837"", ""right_source_candidate_id"": ""source-candidate:9016aa23c09da0c15b48"", ""signals"": [], ""conflicts"": [""entity_type_conflict""], ""merge_eligible"": false}, {""left_source_candidate_id"": ""source-candidate:78edd6d976dad1317c4a"", ""right_source_candidate_id"": ""source-candidate:9016aa23c09da0c15b48"", ""signals"": [], ""conflicts"": [""entity_type_conflict""], ""merge_eligible"": false}, {""left_source_candidate_id"": ""source-candidate:7ccc80f0da8a2a1d60bb"", ""right_source_candidate_id"": ""source-candidate:9016aa23c09da0c15b48"", ""signals"": [], ""conflicts"": [""entity_type_conflict""], ""merge_eligible"": false}, {""left_source_candidate_id"": ""source-candidate:9016aa23c09da0c15b48"", ""right_source_candidate_id"": ""source-candidate:bb6ab72d7d8da56e7c74"", ""signals"": [], ""conflicts"": [""entity_type_conflict""], ""merge_eligible"": false}, {""left_source_candidate_id"": ""source-candidate:9016aa23c09da0c15b48"", ""right_source_candidate_id"": ""source-candidate:bf1bfc9017829455df3e"", ""signals"": [], ""conflicts"": [""entity_type_conflict""], ""merge_eligible"": false}, {""left_source_candidate_id"": ""source-candidate:9016aa23c09da0c15b48"", ""right_source_candidate_id"": ""source-candidate:ed4bdef69f0116c60052"", ""signals"": [], ""conflicts"": [""entity_type_conflict""], ""merge_eligible"": false}, {""left_source_candidate_id"": ""source-candidate:9016aa23c09da0c15b48"", ""right_source_candidate_id"": ""source-candidate:eeb4647dd122c44467ae"", ""signals"": [], ""conflicts"": [""entity_type_conflict""], ""merge_eligible"": false}, {""left_source_candidate_id"": ""source-candidate:9016aa23c09da0c15b48"", ""right_source_candidate_id"": ""source-candidate:fbfa3148275dd653e929"", ""signals"": [], ""conflicts"": [""entity_type_conflict""], ""merge_eligible"": false}]",REJECTED,EVIDENCE_ONLY,후보의 설명과 이름이 일치함,"주제는 일반 개념인 성씨이나, 백제 시조 온조가 부여 계통이어서 성을 부여씨로 하였다고 명시하여 백제 왕족 부여씨의 유래를 구체적으로 설명한다.",,PENDING,,,
13,gold-case:5bff298111dd99e91bbe,term-review-task:6d5f6ee2a0cbcd4f2926,resolution-case:d060b08bfb192841beac,부여씨,왕조,"[{""problem_id"": ""cj_v41_0103"", ""full_text"": ""이것은 (가)의 중대성에서 일본의 태정관에 보낸 외교 문서의 사본이다. 문서에는 정당성의 좌윤 하복연 등 주요 사신단의 명단과 두 나라의 우호를 돈독히 하고자 사신을 파견한다는 내용 등이 담겨 있다. 오늘 소개해 주실 자료는 무엇인가요?\n(가) 국가에 대한 설명으로 옳은 것은?\n광군을 창설하여 외침에 대비하였다.\n주자감을 설치하여 인재를 양성하였다.\n골품제라는 엄격한 신분제를 마련하였다.\n9주 5소경의 지방 행정 제도를 갖추었다.\n왕족인 부여씨와 8성의 귀족이 지배층을 이루었다.""}, {""problem_id"": ""cj_v41_0201"", ""full_text"": ""목종 5년에 6위의 직원을 마련하여 두엇는데 뒤에 8양군뉘다 ) 과 용호군짓{로)의 2군을 설치하고, 6위의 위에 엇게 하여다. 뒤에 또 중방을 설치하고 , 2군 ' 6위의 상장군과 대장군이 모두 회합하게 하였다\n다음 군사 제도를 운영한 국가에 대한 설명으로 옳은 것은?\n중정대를 두어 관리를 감찰하였다.\n9주 5소경의 지방 제도를 운영하였다.\n고관들의 합좌 기구인 도병마사를 설치하였다.\n인재를 등용하기 위하여 독서삼품과를 시행하였다.\n왕족인 부여씨와 8성의 귀족이 지배층을 이루었다.""}, {""problem_id"": ""cj_v41_0481"", ""full_text"": ""[기관라의] 관제에는 선조성이 있는데, 좌상국평장소 시중국좌상시 -간의가 소속되어 있다. 중대성에는 우상 우평장소:내사-조고사인이 소속되어 있다. 정당성에는 대내상 1명을좍 우당의 위에 두었고, 좌 우사정 각 1명을 좌-우평장소의 아래에 배치하였다 - 신당서\n다음 제도를 운영한 국가에 대한 설명으로 옳은 것은?\n교육 기관으로 주자감을 두었다.\n신라에 침입한 왜구를 격퇴하였다.\n9서당 10정의 군사 조직을 갖추었다.\n개국, 태창이라는 연호를 사용하였다.\n왕족인 부여씨와 8성의 귀족이 지배층을 이루었다.""}]",source-candidate:7ccc80f0da8a2a1d60bb,AKS:ARTICLE:E0062433:sha256-704d8ea620c542f5,AKS,부여씨,body,body_mention,COMPATIBLE,Person,"{""headword"": ""해구"", ""origin"": ""解仇"", ""headword_origin"": ""해구(解仇)"", ""primary_type"": ""인물/전통 인물"", ""era"": ""고대/삼국/백제"", ""definition"": ""삼국시대 백제의 병관좌평으로 반란을 일으킨 관리. 대신, 반란자."", ""snippet"": ""사냥을 나가 외숙(外宿)한 틈을 타 몰래 사람을 보내어 왕을 살해하고 전권을 장악하였다. 이로 인하여 부여씨의 백제왕통은 일시 단절되었다. 그러나 한성시대 이래 그 견제세력이었던 진씨(眞氏)가문이 13세""}","[{""left_source_candidate_id"": ""source-candidate:07dc90ff64514d2fe9d3"", ""right_source_candidate_id"": ""source-candidate:7ccc80f0da8a2a1d60bb"", ""signals"": [""era_overlap""], ""conflicts"": [""entity_type_conflict""], ""merge_eligible"": false}, {""left_source_candidate_id"": ""source-candidate:0eecd78a6337cb10748a"", ""right_source_candidate_id"": ""source-candidate:7ccc80f0da8a2a1d60bb"", ""signals"": [], ""conflicts"": [""entity_type_conflict""], ""merge_eligible"": false}, {""left_source_candidate_id"": ""source-candidate:160de71238b7f1358778"", ""right_source_candidate_id"": ""source-candidate:7ccc80f0da8a2a1d60bb"", ""signals"": [""era_overlap""], ""conflicts"": [""entity_type_conflict""], ""merge_eligible"": false}, {""left_source_candidate_id"": ""source-candidate:1ae4ad9ec54136cbf67a"", ""right_source_candidate_id"": ""source-candidate:7ccc80f0da8a2a1d60bb"", ""signals"": [""era_overlap""], ""conflicts"": [""entity_type_conflict""], ""merge_eligible"": false}, {""left_source_candidate_id"": ""source-candidate:2803d31cc7afd42e33c1"", ""right_source_candidate_id"": ""source-candidate:7ccc80f0da8a2a1d60bb"", ""signals"": [], ""conflicts"": [""entity_type_conflict""], ""merge_eligible"": false}, {""left_source_candidate_id"": ""source-candidate:5e7e0bb0d90af1fa4349"", ""right_source_candidate_id"": ""source-candidate:7ccc80f0da8a2a1d60bb"", ""signals"": [""era_overlap""], ""conflicts"": [""entity_type_conflict""], ""merge_eligible"": false}, {""left_source_candidate_id"": ""source-candidate:642c7ee560d4137aeaae"", ""right_source_candidate_id"": ""source-candidate:7ccc80f0da8a2a1d60bb"", ""signals"": [], ""conflicts"": [""entity_type_conflict""], ""merge_eligible"": false}, {""left_source_candidate_id"": ""source-candidate:72307300a8c118d5b41f"", ""right_source_candidate_id"": ""source-candidate:7ccc80f0da8a2a1d60bb"", ""signals"": [""era_overlap""], ""conflicts"": [""entity_type_conflict""], ""merge_eligible"": false}, {""left_source_candidate_id"": ""source-candidate:741d510b7f279732b837"", ""right_source_candidate_id"": ""source-candidate:7ccc80f0da8a2a1d60bb"", ""signals"": [], ""conflicts"": [""entity_type_conflict""], ""merge_eligible"": false}, {""left_source_candidate_id"": ""source-candidate:78edd6d976dad1317c4a"", ""right_source_candidate_id"": ""source-candidate:7ccc80f0da8a2a1d60bb"", ""signals"": [], ""conflicts"": [""entity_type_conflict""], ""merge_eligible"": false}, {""left_source_candidate_id"": ""source-candidate:7ccc80f0da8a2a1d60bb"", ""right_source_candidate_id"": ""source-candidate:9016aa23c09da0c15b48"", ""signals"": [], ""conflicts"": [""entity_type_conflict""], ""merge_eligible"": false}, {""left_source_candidate_id"": ""source-candidate:7ccc80f0da8a2a1d60bb"", ""right_source_candidate_id"": ""source-candidate:eeb4647dd122c44467ae"", ""signals"": [""era_overlap""], ""conflicts"": [""entity_type_conflict""], ""merge_eligible"": false}, {""left_source_candidate_id"": ""source-candidate:7ccc80f0da8a2a1d60bb"", ""right_source_candidate_id"": ""source-candidate:fbfa3148275dd653e929"", ""signals"": [""era_overlap""], ""conflicts"": [""entity_type_conflict""], ""merge_eligible"": false}]",REJECTED,EVIDENCE_ONLY,후보의 설명과 이름이 일치함,"주제는 백제 반란자 해구이지만, 해구의 왕 살해로 '부여씨의 백제왕통'이 일시 단절되었다고 명시하여 target 왕통과의 관계를 설명한다.",,PENDING,,,
13,gold-case:5bff298111dd99e91bbe,term-review-task:6d5f6ee2a0cbcd4f2926,resolution-case:d060b08bfb192841beac,부여씨,왕조,"[{""problem_id"": ""cj_v41_0103"", ""full_text"": ""이것은 (가)의 중대성에서 일본의 태정관에 보낸 외교 문서의 사본이다. 문서에는 정당성의 좌윤 하복연 등 주요 사신단의 명단과 두 나라의 우호를 돈독히 하고자 사신을 파견한다는 내용 등이 담겨 있다. 오늘 소개해 주실 자료는 무엇인가요?\n(가) 국가에 대한 설명으로 옳은 것은?\n광군을 창설하여 외침에 대비하였다.\n주자감을 설치하여 인재를 양성하였다.\n골품제라는 엄격한 신분제를 마련하였다.\n9주 5소경의 지방 행정 제도를 갖추었다.\n왕족인 부여씨와 8성의 귀족이 지배층을 이루었다.""}, {""problem_id"": ""cj_v41_0201"", ""full_text"": ""목종 5년에 6위의 직원을 마련하여 두엇는데 뒤에 8양군뉘다 ) 과 용호군짓{로)의 2군을 설치하고, 6위의 위에 엇게 하여다. 뒤에 또 중방을 설치하고 , 2군 ' 6위의 상장군과 대장군이 모두 회합하게 하였다\n다음 군사 제도를 운영한 국가에 대한 설명으로 옳은 것은?\n중정대를 두어 관리를 감찰하였다.\n9주 5소경의 지방 제도를 운영하였다.\n고관들의 합좌 기구인 도병마사를 설치하였다.\n인재를 등용하기 위하여 독서삼품과를 시행하였다.\n왕족인 부여씨와 8성의 귀족이 지배층을 이루었다.""}, {""problem_id"": ""cj_v41_0481"", ""full_text"": ""[기관라의] 관제에는 선조성이 있는데, 좌상국평장소 시중국좌상시 -간의가 소속되어 있다. 중대성에는 우상 우평장소:내사-조고사인이 소속되어 있다. 정당성에는 대내상 1명을좍 우당의 위에 두었고, 좌 우사정 각 1명을 좌-우평장소의 아래에 배치하였다 - 신당서\n다음 제도를 운영한 국가에 대한 설명으로 옳은 것은?\n교육 기관으로 주자감을 두었다.\n신라에 침입한 왜구를 격퇴하였다.\n9서당 10정의 군사 조직을 갖추었다.\n개국, 태창이라는 연호를 사용하였다.\n왕족인 부여씨와 8성의 귀족이 지배층을 이루었다.""}]",source-candidate:739639047d0d52a2a71f,AKS:ARTICLE:E0065914:sha256-704d8ea620c542f5,AKS,부여씨,body,body_mention,COMPATIBLE,Person,"{""headword"": ""흑치문대"", ""origin"": ""黑齒文大"", ""headword_origin"": ""흑치문대(黑齒文大)"", ""primary_type"": ""인물/전통 인물"", ""era"": ""고대/삼국/백제"", ""definition"": ""삼국시대 백제의 흑치상지 장군의 증조부로 달솔을 역임한 관리."", ""snippet"": ""흑치상지 묘지명(黑齒常之墓誌銘)](E0065917)이 유일하다. 이에 의하면 흑치씨는 원래 왕족 부여씨(扶餘氏)였다가 흑치 지역에 분봉(分封)되었기 때문에 자손들이 흑치를 씨(氏)로 삼았다고 적고 있다. 하""}","[{""left_source_candidate_id"": ""source-candidate:07dc90ff64514d2fe9d3"", ""right_source_candidate_id"": ""source-candidate:739639047d0d52a2a71f"", ""signals"": [""era_overlap""], ""conflicts"": [""entity_type_conflict""], ""merge_eligible"": false}, {""left_source_candidate_id"": ""source-candidate:0eecd78a6337cb10748a"", ""right_source_candidate_id"": ""source-candidate:739639047d0d52a2a71f"", ""signals"": [], ""conflicts"": [""entity_type_conflict""], ""merge_eligible"": false}, {""left_source_candidate_id"": ""source-candidate:160de71238b7f1358778"", ""right_source_candidate_id"": ""source-candidate:739639047d0d52a2a71f"", ""signals"": [""era_overlap""], ""conflicts"": [""entity_type_conflict""], ""merge_eligible"": false}, {""left_source_candidate_id"": ""source-candidate:1ae4ad9ec54136cbf67a"", ""right_source_candidate_id"": ""source-candidate:739639047d0d52a2a71f"", ""signals"": [""era_overlap""], ""conflicts"": [""entity_type_conflict""], ""merge_eligible"": false}, {""left_source_candidate_id"": ""source-candidate:2803d31cc7afd42e33c1"", ""right_source_candidate_id"": ""source-candidate:739639047d0d52a2a71f"", ""signals"": [], ""conflicts"": [""entity_type_conflict""], ""merge_eligible"": false}, {""left_source_candidate_id"": ""source-candidate:5e7e0bb0d90af1fa4349"", ""right_source_candidate_id"": ""source-candidate:739639047d0d52a2a71f"", ""signals"": [""era_overlap""], ""conflicts"": [""entity_type_conflict""], ""merge_eligible"": false}, {""left_source_candidate_id"": ""source-candidate:642c7ee560d4137aeaae"", ""right_source_candidate_id"": ""source-candidate:739639047d0d52a2a71f"", ""signals"": [], ""conflicts"": [""entity_type_conflict""], ""merge_eligible"": false}, {""left_source_candidate_id"": ""source-candidate:72307300a8c118d5b41f"", ""right_source_candidate_id"": ""source-candidate:739639047d0d52a2a71f"", ""signals"": [""era_overlap""], ""conflicts"": [""entity_type_conflict""], ""merge_eligible"": false}, {""left_source_candidate_id"": ""source-candidate:739639047d0d52a2a71f"", ""right_source_candidate_id"": ""source-candidate:741d510b7f279732b837"", ""signals"": [], ""conflicts"": [""entity_type_conflict""], ""merge_eligible"": false}, {""left_source_candidate_id"": ""source-candidate:739639047d0d52a2a71f"", ""right_source_candidate_id"": ""source-candidate:78edd6d976dad1317c4a"", ""signals"": [], ""conflicts"": [""entity_type_conflict""], ""merge_eligible"": false}, {""left_source_candidate_id"": ""source-candidate:739639047d0d52a2a71f"", ""right_source_candidate_id"": ""source-candidate:9016aa23c09da0c15b48"", ""signals"": [], ""conflicts"": [""entity_type_conflict""], ""merge_eligible"": false}, {""left_source_candidate_id"": ""source-candidate:739639047d0d52a2a71f"", ""right_source_candidate_id"": ""source-candidate:eeb4647dd122c44467ae"", ""signals"": [""era_overlap""], ""conflicts"": [""entity_type_conflict""], ""merge_eligible"": false}, {""left_source_candidate_id"": ""source-candidate:739639047d0d52a2a71f"", ""right_source_candidate_id"": ""source-candidate:fbfa3148275dd653e929"", ""signals"": [""era_overlap""], ""conflicts"": [""entity_type_conflict""], ""merge_eligible"": false}]",REJECTED,EVIDENCE_ONLY,후보의 설명과 이름이 일치함,"주제는 흑치문대이나, 흑치씨가 원래 왕족 부여씨였다가 흑치 지역에 분봉된 뒤 성씨를 바꾸었다는 명시적 계통 관계를 제공한다.",,PENDING,,,
13,gold-case:5bff298111dd99e91bbe,term-review-task:6d5f6ee2a0cbcd4f2926,resolution-case:d060b08bfb192841beac,부여씨,왕조,"[{""problem_id"": ""cj_v41_0103"", ""full_text"": ""이것은 (가)의 중대성에서 일본의 태정관에 보낸 외교 문서의 사본이다. 문서에는 정당성의 좌윤 하복연 등 주요 사신단의 명단과 두 나라의 우호를 돈독히 하고자 사신을 파견한다는 내용 등이 담겨 있다. 오늘 소개해 주실 자료는 무엇인가요?\n(가) 국가에 대한 설명으로 옳은 것은?\n광군을 창설하여 외침에 대비하였다.\n주자감을 설치하여 인재를 양성하였다.\n골품제라는 엄격한 신분제를 마련하였다.\n9주 5소경의 지방 행정 제도를 갖추었다.\n왕족인 부여씨와 8성의 귀족이 지배층을 이루었다.""}, {""problem_id"": ""cj_v41_0201"", ""full_text"": ""목종 5년에 6위의 직원을 마련하여 두엇는데 뒤에 8양군뉘다 ) 과 용호군짓{로)의 2군을 설치하고, 6위의 위에 엇게 하여다. 뒤에 또 중방을 설치하고 , 2군 ' 6위의 상장군과 대장군이 모두 회합하게 하였다\n다음 군사 제도를 운영한 국가에 대한 설명으로 옳은 것은?\n중정대를 두어 관리를 감찰하였다.\n9주 5소경의 지방 제도를 운영하였다.\n고관들의 합좌 기구인 도병마사를 설치하였다.\n인재를 등용하기 위하여 독서삼품과를 시행하였다.\n왕족인 부여씨와 8성의 귀족이 지배층을 이루었다.""}, {""problem_id"": ""cj_v41_0481"", ""full_text"": ""[기관라의] 관제에는 선조성이 있는데, 좌상국평장소 시중국좌상시 -간의가 소속되어 있다. 중대성에는 우상 우평장소:내사-조고사인이 소속되어 있다. 정당성에는 대내상 1명을좍 우당의 위에 두었고, 좌 우사정 각 1명을 좌-우평장소의 아래에 배치하였다 - 신당서\n다음 제도를 운영한 국가에 대한 설명으로 옳은 것은?\n교육 기관으로 주자감을 두었다.\n신라에 침입한 왜구를 격퇴하였다.\n9서당 10정의 군사 조직을 갖추었다.\n개국, 태창이라는 연호를 사용하였다.\n왕족인 부여씨와 8성의 귀족이 지배층을 이루었다.""}]",source-candidate:bf1bfc9017829455df3e,AKS:ARTICLE:E0065915:sha256-704d8ea620c542f5,AKS,부여씨,body,body_mention,COMPATIBLE,Person,"{""headword"": ""흑치사차"", ""aliases"": [""흑치사자(黑齒沙子)""], ""origin"": ""黑齒沙次"", ""headword_origin"": ""흑치사차(黑齒沙次)"", ""primary_type"": ""인물/전통 인물"", ""era"": ""고대/삼국/백제"", ""definition"": ""삼국시대 백제의 흑치상지 장군의 부친으로 달솔을 역임한 관리."", ""snippet"": ""찬자가 서로 다른 데서 나온 표기상의 차이일 뿐이다. 「흑치상지묘지명」에 따르면 흑치씨는 원래 왕족 부여씨(扶餘氏)였다가 흑치 지역에 분봉(分封)되었기 때문에 흑치를 씨(氏)로 삼았다고 적고 있다. 그 시기는 정""}","[{""left_source_candidate_id"": ""source-candidate:07dc90ff64514d2fe9d3"", ""right_source_candidate_id"": ""source-candidate:bf1bfc9017829455df3e"", ""signals"": [""era_overlap""], ""conflicts"": [""entity_type_conflict""], ""merge_eligible"": false}, {""left_source_candidate_id"": ""source-candidate:0eecd78a6337cb10748a"", ""right_source_candidate_id"": ""source-candidate:bf1bfc9017829455df3e"", ""signals"": [], ""conflicts"": [""entity_type_conflict""], ""merge_eligible"": false}, {""left_source_candidate_id"": ""source-candidate:160de71238b7f1358778"", ""right_source_candidate_id"": ""source-candidate:bf1bfc9017829455df3e"", ""signals"": [""era_overlap""], ""conflicts"": [""entity_type_conflict""], ""merge_eligible"": false}, {""left_source_candidate_id"": ""source-candidate:1ae4ad9ec54136cbf67a"", ""right_source_candidate_id"": ""source-candidate:bf1bfc9017829455df3e"", ""signals"": [""era_overlap""], ""conflicts"": [""entity_type_conflict""], ""merge_eligible"": false}, {""left_source_candidate_id"": ""source-candidate:2803d31cc7afd42e33c1"", ""right_source_candidate_id"": ""source-candidate:bf1bfc9017829455df3e"", ""signals"": [], ""conflicts"": [""entity_type_conflict""], ""merge_eligible"": false}, {""left_source_candidate_id"": ""source-candidate:5e7e0bb0d90af1fa4349"", ""right_source_candidate_id"": ""source-candidate:bf1bfc9017829455df3e"", ""signals"": [""era_overlap""], ""conflicts"": [""entity_type_conflict""], ""merge_eligible"": false}, {""left_source_candidate_id"": ""source-candidate:642c7ee560d4137aeaae"", ""right_source_candidate_id"": ""source-candidate:bf1bfc9017829455df3e"", ""signals"": [], ""conflicts"": [""entity_type_conflict""], ""merge_eligible"": false}, {""left_source_candidate_id"": ""source-candidate:72307300a8c118d5b41f"", ""right_source_candidate_id"": ""source-candidate:bf1bfc9017829455df3e"", ""signals"": [""era_overlap""], ""conflicts"": [""entity_type_conflict""], ""merge_eligible"": false}, {""left_source_candidate_id"": ""source-candidate:741d510b7f279732b837"", ""right_source_candidate_id"": ""source-candidate:bf1bfc9017829455df3e"", ""signals"": [], ""conflicts"": [""entity_type_conflict""], ""merge_eligible"": false}, {""left_source_candidate_id"": ""source-candidate:78edd6d976dad1317c4a"", ""right_source_candidate_id"": ""source-candidate:bf1bfc9017829455df3e"", ""signals"": [], ""conflicts"": [""entity_type_conflict""], ""merge_eligible"": false}, {""left_source_candidate_id"": ""source-candidate:9016aa23c09da0c15b48"", ""right_source_candidate_id"": ""source-candidate:bf1bfc9017829455df3e"", ""signals"": [], ""conflicts"": [""entity_type_conflict""], ""merge_eligible"": false}, {""left_source_candidate_id"": ""source-candidate:bf1bfc9017829455df3e"", ""right_source_candidate_id"": ""source-candidate:eeb4647dd122c44467ae"", ""signals"": [""era_overlap""], ""conflicts"": [""entity_type_conflict""], ""merge_eligible"": false}, {""left_source_candidate_id"": ""source-candidate:bf1bfc9017829455df3e"", ""right_source_candidate_id"": ""source-candidate:fbfa3148275dd653e929"", ""signals"": [""era_overlap""], ""conflicts"": [""entity_type_conflict""], ""merge_eligible"": false}]",REJECTED,EVIDENCE_ONLY,후보의 설명과 이름이 일치함,"주제는 흑치사차이나, 흑치상지 묘지명에 근거하여 흑치씨가 원래 왕족 부여씨였다는 계통 및 분봉 관계를 구체적으로 서술한다.",,PENDING,,,
13,gold-case:5bff298111dd99e91bbe,term-review-task:6d5f6ee2a0cbcd4f2926,resolution-case:d060b08bfb192841beac,부여씨,왕조,"[{""problem_id"": ""cj_v41_0103"", ""full_text"": ""이것은 (가)의 중대성에서 일본의 태정관에 보낸 외교 문서의 사본이다. 문서에는 정당성의 좌윤 하복연 등 주요 사신단의 명단과 두 나라의 우호를 돈독히 하고자 사신을 파견한다는 내용 등이 담겨 있다. 오늘 소개해 주실 자료는 무엇인가요?\n(가) 국가에 대한 설명으로 옳은 것은?\n광군을 창설하여 외침에 대비하였다.\n주자감을 설치하여 인재를 양성하였다.\n골품제라는 엄격한 신분제를 마련하였다.\n9주 5소경의 지방 행정 제도를 갖추었다.\n왕족인 부여씨와 8성의 귀족이 지배층을 이루었다.""}, {""problem_id"": ""cj_v41_0201"", ""full_text"": ""목종 5년에 6위의 직원을 마련하여 두엇는데 뒤에 8양군뉘다 ) 과 용호군짓{로)의 2군을 설치하고, 6위의 위에 엇게 하여다. 뒤에 또 중방을 설치하고 , 2군 ' 6위의 상장군과 대장군이 모두 회합하게 하였다\n다음 군사 제도를 운영한 국가에 대한 설명으로 옳은 것은?\n중정대를 두어 관리를 감찰하였다.\n9주 5소경의 지방 제도를 운영하였다.\n고관들의 합좌 기구인 도병마사를 설치하였다.\n인재를 등용하기 위하여 독서삼품과를 시행하였다.\n왕족인 부여씨와 8성의 귀족이 지배층을 이루었다.""}, {""problem_id"": ""cj_v41_0481"", ""full_text"": ""[기관라의] 관제에는 선조성이 있는데, 좌상국평장소 시중국좌상시 -간의가 소속되어 있다. 중대성에는 우상 우평장소:내사-조고사인이 소속되어 있다. 정당성에는 대내상 1명을좍 우당의 위에 두었고, 좌 우사정 각 1명을 좌-우평장소의 아래에 배치하였다 - 신당서\n다음 제도를 운영한 국가에 대한 설명으로 옳은 것은?\n교육 기관으로 주자감을 두었다.\n신라에 침입한 왜구를 격퇴하였다.\n9서당 10정의 군사 조직을 갖추었다.\n개국, 태창이라는 연호를 사용하였다.\n왕족인 부여씨와 8성의 귀족이 지배층을 이루었다.""}]",source-candidate:58ac08f92f70a63d56c1,AKS:ARTICLE:E0065920:sha256-704d8ea620c542f5,AKS,부여씨,body,body_mention,COMPATIBLE,Person,"{""headword"": ""흑치현덕"", ""aliases"": [""흑치가해(黑齒加亥)""], ""origin"": ""黑齒顯德"", ""headword_origin"": ""흑치현덕(黑齒顯德)"", ""primary_type"": ""인물/전통 인물"", ""era"": ""고대/삼국/백제"", ""definition"": ""삼국시대 백제의 흑치상지 장군의 조부로 달솔을 역임한 관리."", ""snippet"": ""에 가해에서 현덕으로 개명했기 때문으로 추측된다. 「흑치상지 묘지명」에 따르면 흑치씨는 원래 왕족 부여씨(扶餘氏)였다가 흑치 지역에 분봉(分封)되었기 때문에 흑치를 씨(氏)로 삼았다고 적고 있다. 이는 그 시기""}","[{""left_source_candidate_id"": ""source-candidate:07dc90ff64514d2fe9d3"", ""right_source_candidate_id"": ""source-candidate:58ac08f92f70a63d56c1"", ""signals"": [""era_overlap""], ""conflicts"": [""entity_type_conflict""], ""merge_eligible"": false}, {""left_source_candidate_id"": ""source-candidate:0eecd78a6337cb10748a"", ""right_source_candidate_id"": ""source-candidate:58ac08f92f70a63d56c1"", ""signals"": [], ""conflicts"": [""entity_type_conflict""], ""merge_eligible"": false}, {""left_source_candidate_id"": ""source-candidate:160de71238b7f1358778"", ""right_source_candidate_id"": ""source-candidate:58ac08f92f70a63d56c1"", ""signals"": [""era_overlap""], ""conflicts"": [""entity_type_conflict""], ""merge_eligible"": false}, {""left_source_candidate_id"": ""source-candidate:1ae4ad9ec54136cbf67a"", ""right_source_candidate_id"": ""source-candidate:58ac08f92f70a63d56c1"", ""signals"": [""era_overlap""], ""conflicts"": [""entity_type_conflict""], ""merge_eligible"": false}, {""left_source_candidate_id"": ""source-candidate:2803d31cc7afd42e33c1"", ""right_source_candidate_id"": ""source-candidate:58ac08f92f70a63d56c1"", ""signals"": [], ""conflicts"": [""entity_type_conflict""], ""merge_eligible"": false}, {""left_source_candidate_id"": ""source-candidate:58ac08f92f70a63d56c1"", ""right_source_candidate_id"": ""source-candidate:5e7e0bb0d90af1fa4349"", ""signals"": [""era_overlap""], ""conflicts"": [""entity_type_conflict""], ""merge_eligible"": false}, {""left_source_candidate_id"": ""source-candidate:58ac08f92f70a63d56c1"", ""right_source_candidate_id"": ""source-candidate:642c7ee560d4137aeaae"", ""signals"": [], ""conflicts"": [""entity_type_conflict""], ""merge_eligible"": false}, {""left_source_candidate_id"": ""source-candidate:58ac08f92f70a63d56c1"", ""right_source_candidate_id"": ""source-candidate:72307300a8c118d5b41f"", ""signals"": [""era_overlap""], ""conflicts"": [""entity_type_conflict""], ""merge_eligible"": false}, {""left_source_candidate_id"": ""source-candidate:58ac08f92f70a63d56c1"", ""right_source_candidate_id"": ""source-candidate:741d510b7f279732b837"", ""signals"": [], ""conflicts"": [""entity_type_conflict""], ""merge_eligible"": false}, {""left_source_candidate_id"": ""source-candidate:58ac08f92f70a63d56c1"", ""right_source_candidate_id"": ""source-candidate:78edd6d976dad1317c4a"", ""signals"": [], ""conflicts"": [""entity_type_conflict""], ""merge_eligible"": false}, {""left_source_candidate_id"": ""source-candidate:58ac08f92f70a63d56c1"", ""right_source_candidate_id"": ""source-candidate:9016aa23c09da0c15b48"", ""signals"": [], ""conflicts"": [""entity_type_conflict""], ""merge_eligible"": false}, {""left_source_candidate_id"": ""source-candidate:58ac08f92f70a63d56c1"", ""right_source_candidate_id"": ""source-candidate:eeb4647dd122c44467ae"", ""signals"": [""era_overlap""], ""conflicts"": [""entity_type_conflict""], ""merge_eligible"": false}, {""left_source_candidate_id"": ""source-candidate:58ac08f92f70a63d56c1"", ""right_source_candidate_id"": ""source-candidate:fbfa3148275dd653e929"", ""signals"": [""era_overlap""], ""conflicts"": [""entity_type_conflict""], ""merge_eligible"": false}]",REJECTED,EVIDENCE_ONLY,후보의 설명과 이름이 일치함,"주제는 흑치현덕이나, 흑치씨의 원래 성씨가 왕족 부여씨였으며 분봉 뒤 흑치씨가 되었다는 명시적 관계를 설명한다.",,PENDING,,,
13,gold-case:5bff298111dd99e91bbe,term-review-task:6d5f6ee2a0cbcd4f2926,resolution-case:d060b08bfb192841beac,부여씨,왕조,"[{""problem_id"": ""cj_v41_0103"", ""full_text"": ""이것은 (가)의 중대성에서 일본의 태정관에 보낸 외교 문서의 사본이다. 문서에는 정당성의 좌윤 하복연 등 주요 사신단의 명단과 두 나라의 우호를 돈독히 하고자 사신을 파견한다는 내용 등이 담겨 있다. 오늘 소개해 주실 자료는 무엇인가요?\n(가) 국가에 대한 설명으로 옳은 것은?\n광군을 창설하여 외침에 대비하였다.\n주자감을 설치하여 인재를 양성하였다.\n골품제라는 엄격한 신분제를 마련하였다.\n9주 5소경의 지방 행정 제도를 갖추었다.\n왕족인 부여씨와 8성의 귀족이 지배층을 이루었다.""}, {""problem_id"": ""cj_v41_0201"", ""full_text"": ""목종 5년에 6위의 직원을 마련하여 두엇는데 뒤에 8양군뉘다 ) 과 용호군짓{로)의 2군을 설치하고, 6위의 위에 엇게 하여다. 뒤에 또 중방을 설치하고 , 2군 ' 6위의 상장군과 대장군이 모두 회합하게 하였다\n다음 군사 제도를 운영한 국가에 대한 설명으로 옳은 것은?\n중정대를 두어 관리를 감찰하였다.\n9주 5소경의 지방 제도를 운영하였다.\n고관들의 합좌 기구인 도병마사를 설치하였다.\n인재를 등용하기 위하여 독서삼품과를 시행하였다.\n왕족인 부여씨와 8성의 귀족이 지배층을 이루었다.""}, {""problem_id"": ""cj_v41_0481"", ""full_text"": ""[기관라의] 관제에는 선조성이 있는데, 좌상국평장소 시중국좌상시 -간의가 소속되어 있다. 중대성에는 우상 우평장소:내사-조고사인이 소속되어 있다. 정당성에는 대내상 1명을좍 우당의 위에 두었고, 좌 우사정 각 1명을 좌-우평장소의 아래에 배치하였다 - 신당서\n다음 제도를 운영한 국가에 대한 설명으로 옳은 것은?\n교육 기관으로 주자감을 두었다.\n신라에 침입한 왜구를 격퇴하였다.\n9서당 10정의 군사 조직을 갖추었다.\n개국, 태창이라는 연호를 사용하였다.\n왕족인 부여씨와 8성의 귀족이 지배층을 이루었다.""}]",source-candidate:ed4bdef69f0116c60052,THESAURUS:TERM:12607648:sha256-1022516a18f91e61,THESAURUS,부여용,name,name_ngram,UNKNOWN,Person,"{""term_name"": ""부여용"", ""hanja"": ""扶餘勇"", ""era"": ""삼국시대"", ""thesaurus_category"": ""인명"", ""description"": ""백제 의자왕의 아들로 663년 9월의 백촌강(白村江)전투에서 백제부흥군을 지휘하여 나당연합군에 저항하다 패배하자 왜로 망명함. 고구려로 망명한 형인 부여풍과 내응하여 백제 재건을 꾀했으나 좌절됨."", ""term_year"": ""?""}","[{""left_source_candidate_id"": ""source-candidate:07dc90ff64514d2fe9d3"", ""right_source_candidate_id"": ""source-candidate:ed4bdef69f0116c60052"", ""signals"": [], ""conflicts"": [""entity_type_conflict""], ""merge_eligible"": false}, {""left_source_candidate_id"": ""source-candidate:0eecd78a6337cb10748a"", ""right_source_candidate_id"": ""source-candidate:ed4bdef69f0116c60052"", ""signals"": [], ""conflicts"": [""entity_type_conflict""], ""merge_eligible"": false}, {""left_source_candidate_id"": ""source-candidate:160de71238b7f1358778"", ""right_source_candidate_id"": ""source-candidate:ed4bdef69f0116c60052"", ""signals"": [], ""conflicts"": [""entity_type_conflict""], ""merge_eligible"": false}, {""left_source_candidate_id"": ""source-candidate:1ae4ad9ec54136cbf67a"", ""right_source_candidate_id"": ""source-candidate:ed4bdef69f0116c60052"", ""signals"": [], ""conflicts"": [""entity_type_conflict""], ""merge_eligible"": false}, {""left_source_candidate_id"": ""source-candidate:2803d31cc7afd42e33c1"", ""right_source_candidate_id"": ""source-candidate:ed4bdef69f0116c60052"", ""signals"": [], ""conflicts"": [""entity_type_conflict""], ""merge_eligible"": false}, {""left_source_candidate_id"": ""source-candidate:5e7e0bb0d90af1fa4349"", ""right_source_candidate_id"": ""source-candidate:ed4bdef69f0116c60052"", ""signals"": [], ""conflicts"": [""entity_type_conflict""], ""merge_eligible"": false}, {""left_source_candidate_id"": ""source-candidate:642c7ee560d4137aeaae"", ""right_source_candidate_id"": ""source-candidate:ed4bdef69f0116c60052"", ""signals"": [], ""conflicts"": [""entity_type_conflict""], ""merge_eligible"": false}, {""left_source_candidate_id"": ""source-candidate:72307300a8c118d5b41f"", ""right_source_candidate_id"": ""source-candidate:ed4bdef69f0116c60052"", ""signals"": [], ""conflicts"": [""entity_type_conflict""], ""merge_eligible"": false}, {""left_source_candidate_id"": ""source-candidate:741d510b7f279732b837"", ""right_source_candidate_id"": ""source-candidate:ed4bdef69f0116c60052"", ""signals"": [], ""conflicts"": [""entity_type_conflict""], ""merge_eligible"": false}, {""left_source_candidate_id"": ""source-candidate:78edd6d976dad1317c4a"", ""right_source_candidate_id"": ""source-candidate:ed4bdef69f0116c60052"", ""signals"": [], ""conflicts"": [""entity_type_conflict""], ""merge_eligible"": false}, {""left_source_candidate_id"": ""source-candidate:9016aa23c09da0c15b48"", ""right_source_candidate_id"": ""source-candidate:ed4bdef69f0116c60052"", ""signals"": [], ""conflicts"": [""entity_type_conflict""], ""merge_eligible"": false}, {""left_source_candidate_id"": ""source-candidate:ed4bdef69f0116c60052"", ""right_source_candidate_id"": ""source-candidate:eeb4647dd122c44467ae"", ""signals"": [], ""conflicts"": [""entity_type_conflict""], ""merge_eligible"": false}, {""left_source_candidate_id"": ""source-candidate:ed4bdef69f0116c60052"", ""right_source_candidate_id"": ""source-candidate:fbfa3148275dd653e929"", ""signals"": [], ""conflicts"": [""entity_type_conflict""], ""merge_eligible"": false}]",EVIDENCE_ONLY,REJECTED,후보의 설명과 이름이 일치함,"부여용이라는 개별 왕족 인물에 관한 항목으로, target 성씨 집단과의 구체적 관계를 원천이 명시하지 않는다.",,PENDING,,,
13,gold-case:5bff298111dd99e91bbe,term-review-task:6d5f6ee2a0cbcd4f2926,resolution-case:d060b08bfb192841beac,부여씨,왕조,"[{""problem_id"": ""cj_v41_0103"", ""full_text"": ""이것은 (가)의 중대성에서 일본의 태정관에 보낸 외교 문서의 사본이다. 문서에는 정당성의 좌윤 하복연 등 주요 사신단의 명단과 두 나라의 우호를 돈독히 하고자 사신을 파견한다는 내용 등이 담겨 있다. 오늘 소개해 주실 자료는 무엇인가요?\n(가) 국가에 대한 설명으로 옳은 것은?\n광군을 창설하여 외침에 대비하였다.\n주자감을 설치하여 인재를 양성하였다.\n골품제라는 엄격한 신분제를 마련하였다.\n9주 5소경의 지방 행정 제도를 갖추었다.\n왕족인 부여씨와 8성의 귀족이 지배층을 이루었다.""}, {""problem_id"": ""cj_v41_0201"", ""full_text"": ""목종 5년에 6위의 직원을 마련하여 두엇는데 뒤에 8양군뉘다 ) 과 용호군짓{로)의 2군을 설치하고, 6위의 위에 엇게 하여다. 뒤에 또 중방을 설치하고 , 2군 ' 6위의 상장군과 대장군이 모두 회합하게 하였다\n다음 군사 제도를 운영한 국가에 대한 설명으로 옳은 것은?\n중정대를 두어 관리를 감찰하였다.\n9주 5소경의 지방 제도를 운영하였다.\n고관들의 합좌 기구인 도병마사를 설치하였다.\n인재를 등용하기 위하여 독서삼품과를 시행하였다.\n왕족인 부여씨와 8성의 귀족이 지배층을 이루었다.""}, {""problem_id"": ""cj_v41_0481"", ""full_text"": ""[기관라의] 관제에는 선조성이 있는데, 좌상국평장소 시중국좌상시 -간의가 소속되어 있다. 중대성에는 우상 우평장소:내사-조고사인이 소속되어 있다. 정당성에는 대내상 1명을좍 우당의 위에 두었고, 좌 우사정 각 1명을 좌-우평장소의 아래에 배치하였다 - 신당서\n다음 제도를 운영한 국가에 대한 설명으로 옳은 것은?\n교육 기관으로 주자감을 두었다.\n신라에 침입한 왜구를 격퇴하였다.\n9서당 10정의 군사 조직을 갖추었다.\n개국, 태창이라는 연호를 사용하였다.\n왕족인 부여씨와 8성의 귀족이 지배층을 이루었다.""}]",source-candidate:0400dd042bd46d567a80,THESAURUS:TERM:3582:sha256-1022516a18f91e61,THESAURUS,동부여,name,name_ngram,UNKNOWN,,"{""term_name"": ""동부여"", ""hanja"": ""東夫餘"", ""era"": ""삼국시대"", ""thesaurus_category"": ""역사일반>국가>고대국가"", ""description"": ""3세기경 부여의 일파가 세운 나라."", ""term_year"": ""?-?""}","[{""left_source_candidate_id"": ""source-candidate:0400dd042bd46d567a80"", ""right_source_candidate_id"": ""source-candidate:1ae4ad9ec54136cbf67a"", ""signals"": [""normalized_name_match"", ""hanja_match""], ""conflicts"": [], ""merge_eligible"": true}]",EVIDENCE_ONLY,REJECTED,후보의 설명과 이름이 일치함,동부여 국가에 관한 항목이며 백제 왕족 부여씨와는 국가명·시대적 계통이 다른 확장 검색 후보이다.,,PENDING,,,
13,gold-case:5bff298111dd99e91bbe,term-review-task:6d5f6ee2a0cbcd4f2926,resolution-case:d060b08bfb192841beac,부여씨,왕조,"[{""problem_id"": ""cj_v41_0103"", ""full_text"": ""이것은 (가)의 중대성에서 일본의 태정관에 보낸 외교 문서의 사본이다. 문서에는 정당성의 좌윤 하복연 등 주요 사신단의 명단과 두 나라의 우호를 돈독히 하고자 사신을 파견한다는 내용 등이 담겨 있다. 오늘 소개해 주실 자료는 무엇인가요?\n(가) 국가에 대한 설명으로 옳은 것은?\n광군을 창설하여 외침에 대비하였다.\n주자감을 설치하여 인재를 양성하였다.\n골품제라는 엄격한 신분제를 마련하였다.\n9주 5소경의 지방 행정 제도를 갖추었다.\n왕족인 부여씨와 8성의 귀족이 지배층을 이루었다.""}, {""problem_id"": ""cj_v41_0201"", ""full_text"": ""목종 5년에 6위의 직원을 마련하여 두엇는데 뒤에 8양군뉘다 ) 과 용호군짓{로)의 2군을 설치하고, 6위의 위에 엇게 하여다. 뒤에 또 중방을 설치하고 , 2군 ' 6위의 상장군과 대장군이 모두 회합하게 하였다\n다음 군사 제도를 운영한 국가에 대한 설명으로 옳은 것은?\n중정대를 두어 관리를 감찰하였다.\n9주 5소경의 지방 제도를 운영하였다.\n고관들의 합좌 기구인 도병마사를 설치하였다.\n인재를 등용하기 위하여 독서삼품과를 시행하였다.\n왕족인 부여씨와 8성의 귀족이 지배층을 이루었다.""}, {""problem_id"": ""cj_v41_0481"", ""full_text"": ""[기관라의] 관제에는 선조성이 있는데, 좌상국평장소 시중국좌상시 -간의가 소속되어 있다. 중대성에는 우상 우평장소:내사-조고사인이 소속되어 있다. 정당성에는 대내상 1명을좍 우당의 위에 두었고, 좌 우사정 각 1명을 좌-우평장소의 아래에 배치하였다 - 신당서\n다음 제도를 운영한 국가에 대한 설명으로 옳은 것은?\n교육 기관으로 주자감을 두었다.\n신라에 침입한 왜구를 격퇴하였다.\n9서당 10정의 군사 조직을 갖추었다.\n개국, 태창이라는 연호를 사용하였다.\n왕족인 부여씨와 8성의 귀족이 지배층을 이루었다.""}]",source-candidate:fbfa3148275dd653e929,AKS:ARTICLE:E0071952:sha256-704d8ea620c542f5,AKS,태비 부여씨 묘지명,description,bidirectional_containment,CONFLICT,Heritage,"{""headword"": ""태비 부여씨 묘지명"", ""aliases"": [""당고괵왕비부여지명(唐故虢王妃扶餘誌銘)""], ""origin"": ""太妃 扶餘氏 墓誌銘"", ""headword_origin"": ""태비 부여씨 묘지명(太妃 扶餘氏 墓誌銘)"", ""primary_type"": ""유적/고인돌·고분·능묘"", ""era"": ""고대/삼국/백제"", ""definition"": ""백제 의자왕의 증손녀인 부여씨(扶餘氏, 690∼738)의 생애를 기록한 묘지명.""}","[{""left_source_candidate_id"": ""source-candidate:07dc90ff64514d2fe9d3"", ""right_source_candidate_id"": ""source-candidate:fbfa3148275dd653e929"", ""signals"": [""era_overlap""], ""conflicts"": [""entity_type_conflict""], ""merge_eligible"": false}, {""left_source_candidate_id"": ""source-candidate:0eecd78a6337cb10748a"", ""right_source_candidate_id"": ""source-candidate:fbfa3148275dd653e929"", ""signals"": [], ""conflicts"": [""entity_type_conflict""], ""merge_eligible"": false}, {""left_source_candidate_id"": ""source-candidate:1ae4ad9ec54136cbf67a"", ""right_source_candidate_id"": ""source-candidate:fbfa3148275dd653e929"", ""signals"": [""era_overlap""], ""conflicts"": [""entity_type_conflict""], ""merge_eligible"": false}, {""left_source_candidate_id"": ""source-candidate:2803d31cc7afd42e33c1"", ""right_source_candidate_id"": ""source-candidate:fbfa3148275dd653e929"", ""signals"": [], ""conflicts"": [""entity_type_conflict""], ""merge_eligible"": false}, {""left_source_candidate_id"": ""source-candidate:31fbedeed6ea9f4155e6"", ""right_source_candidate_id"": ""source-candidate:fbfa3148275dd653e929"", ""signals"": [""era_overlap""], ""conflicts"": [""entity_type_conflict""], ""merge_eligible"": false}, {""left_source_candidate_id"": ""source-candidate:41909866d045208c216e"", ""right_source_candidate_id"": ""source-candidate:fbfa3148275dd653e929"", ""signals"": [""era_overlap""], ""conflicts"": [""entity_type_conflict""], ""merge_eligible"": false}, {""left_source_candidate_id"": ""source-candidate:58ac08f92f70a63d56c1"", ""right_source_candidate_id"": ""source-candidate:fbfa3148275dd653e929"", ""signals"": [""era_overlap""], ""conflicts"": [""entity_type_conflict""], ""merge_eligible"": false}, {""left_source_candidate_id"": ""source-candidate:5e7e0bb0d90af1fa4349"", ""right_source_candidate_id"": ""source-candidate:fbfa3148275dd653e929"", ""signals"": [""era_overlap""], ""conflicts"": [""entity_type_conflict""], ""merge_eligible"": false}, {""left_source_candidate_id"": ""source-candidate:72307300a8c118d5b41f"", ""right_source_candidate_id"": ""source-candidate:fbfa3148275dd653e929"", ""signals"": [""era_overlap""], ""conflicts"": [""entity_type_conflict""], ""merge_eligible"": false}, {""left_source_candidate_id"": ""source-candidate:739639047d0d52a2a71f"", ""right_source_candidate_id"": ""source-candidate:fbfa3148275dd653e929"", ""signals"": [""era_overlap""], ""conflicts"": [""entity_type_conflict""], ""merge_eligible"": false}, {""left_source_candidate_id"": ""source-candidate:741d510b7f279732b837"", ""right_source_candidate_id"": ""source-candidate:fbfa3148275dd653e929"", ""signals"": [], ""conflicts"": [""entity_type_conflict""], ""merge_eligible"": false}, {""left_source_candidate_id"": ""source-candidate:7ccc80f0da8a2a1d60bb"", ""right_source_candidate_id"": ""source-candidate:fbfa3148275dd653e929"", ""signals"": [""era_overlap""], ""conflicts"": [""entity_type_conflict""], ""merge_eligible"": false}, {""left_source_candidate_id"": ""source-candidate:9016aa23c09da0c15b48"", ""right_source_candidate_id"": ""source-candidate:fbfa3148275dd653e929"", ""signals"": [], ""conflicts"": [""entity_type_conflict""], ""merge_eligible"": false}, {""left_source_candidate_id"": ""source-candidate:bb6ab72d7d8da56e7c74"", ""right_source_candidate_id"": ""source-candidate:fbfa3148275dd653e929"", ""signals"": [], ""conflicts"": [""entity_type_conflict""], ""merge_eligible"": false}, {""left_source_candidate_id"": ""source-candidate:bf1bfc9017829455df3e"", ""right_source_candidate_id"": ""source-candidate:fbfa3148275dd653e929"", ""signals"": [""era_overlap""], ""conflicts"": [""entity_type_conflict""], ""merge_eligible"": false}, {""left_source_candidate_id"": ""source-candidate:ed4bdef69f0116c60052"", ""right_source_candidate_id"": ""source-candidate:fbfa3148275dd653e929"", ""signals"": [], ""conflicts"": [""entity_type_conflict""], ""merge_eligible"": false}]",REJECTED,EVIDENCE_ONLY,후보의 설명과 이름이 일치함,"주 대상은 묘지명 유물이지만, 그것이 백제 의자왕의 증손녀인 부여씨의 생애를 기록한 묘지명이라고 하여 target 왕족 계통의 구성원과 자료의 관계를 명시한다.",,PENDING,,,
27,gold-case:7bb0fd2d3af9782937b7,term-review-task:cb9dc3a68fc1faae6817,resolution-case:28be9e3599e7955ffdb8,민립대학기성준비회,단체,"[{""problem_id"": ""cj_v41_1182"", ""full_text"": ""대학을 세운다는 일은 극히 거창하여 여간 몇 사람의 힘으로는 도저히 성취할 바가 아니므로 금일까지 실지의 운동이 일어나지 못하였던 것이라. 그러나 일이 거창하고 어렵다고 시작을 아니하면 언제까지든지 조선 사람의 대학이라는 것은 생겨볼 수가 없다. 그러므로 이번에 조선 전도의 다수한 유지를 망라하여 민중적 운동으로 될 수 있는 대로 많은 사람의 힘을 합하여 민립 대학 한 곳을 세워 보고자 이상재, 이승훈 등의 주창으로 수일 전에 민립 대학 기성 준비회를 조직하고 집행위원을 선정하였는데, 장차 각 부·군에서 다수한 발기인의 참가를 구하여 경성에서 발기회를 열고 실행 방법을 결정할 터이다. 1895 1911 1919 1924 1938 1942 (가) (나) (다) (라) (마) 한성 사범 학교 제1차 3·1 경성 제국 대학 제3차 조선어 학회 설립 조선 교육령 운동 개교 조선 교육령 사건\n다음 자료가 발표된 시기를 연표에서 옳게 고른 것은?\n(가)\n(나)\n(다)\n(라)\n(마)""}]",source-candidate:36efea606eba9c123fa5,THESAURUS:TERM:4057:sha256-1022516a18f91e61,THESAURUS,민립대학,name,name_ngram,UNKNOWN,,"{""term_name"": ""민립대학"", ""hanja"": ""民立大學"", ""era"": ""일제시기"", ""thesaurus_category"": ""교육>근대교육기관>고등교육기관"", ""description"": ""일제시기 민족자본에 의해 세우고자 한 대학을 지칭."", ""term_year"": ""?-?""}",[],EVIDENCE_ONLY,REJECTED,후보의 설명과 이름이 일치함,"‘민립대학’은 일제시기에 설립하려 했던 대학 자체를 가리키며, 문제 target인 민립대학기성준비회라는 조직이 아니다. 원천 문맥에도 해당 준비회와의 구체적 관계가 명시되지 않았다.",,PENDING,,,
27,gold-case:7bb0fd2d3af9782937b7,term-review-task:cb9dc3a68fc1faae6817,resolution-case:28be9e3599e7955ffdb8,민립대학기성준비회,단체,"[{""problem_id"": ""cj_v41_1182"", ""full_text"": ""대학을 세운다는 일은 극히 거창하여 여간 몇 사람의 힘으로는 도저히 성취할 바가 아니므로 금일까지 실지의 운동이 일어나지 못하였던 것이라. 그러나 일이 거창하고 어렵다고 시작을 아니하면 언제까지든지 조선 사람의 대학이라는 것은 생겨볼 수가 없다. 그러므로 이번에 조선 전도의 다수한 유지를 망라하여 민중적 운동으로 될 수 있는 대로 많은 사람의 힘을 합하여 민립 대학 한 곳을 세워 보고자 이상재, 이승훈 등의 주창으로 수일 전에 민립 대학 기성 준비회를 조직하고 집행위원을 선정하였는데, 장차 각 부·군에서 다수한 발기인의 참가를 구하여 경성에서 발기회를 열고 실행 방법을 결정할 터이다. 1895 1911 1919 1924 1938 1942 (가) (나) (다) (라) (마) 한성 사범 학교 제1차 3·1 경성 제국 대학 제3차 조선어 학회 설립 조선 교육령 운동 개교 조선 교육령 사건\n다음 자료가 발표된 시기를 연표에서 옳게 고른 것은?\n(가)\n(나)\n(다)\n(라)\n(마)""}]",source-candidate:814e80be88e1908a229c,THESAURUS:TERM:4059:sha256-1022516a18f91e61,THESAURUS,민립대학설립운동,name,name_ngram,UNKNOWN,,"{""term_name"": ""민립대학설립운동"", ""hanja"": ""民立大學設立運動"", ""era"": ""일제시기"", ""thesaurus_category"": ""사회운동·독립운동>독립운동>민족주의운동(독립)"", ""description"": ""1922년 이상재(李商在)를 비롯한 민족주의자들이 민족 교육과 민족 간부 양성을 목적으로 민립 대학을 설립하려고 한 운동."", ""term_year"": ""1922-?""}",[],EVIDENCE_ONLY,REJECTED,조선민립대학기성회는 이 문화운동을 일으킨 대상이므로 연관된 다른 용어로 분류,"‘민립대학설립운동’은 민립대학 설립을 위한 포괄적 운동으로, 문제 target인 특정 준비회 조직과는 유형과 범위가 다르다. 설명은 이상재 등이 추진한 1922년 운동을 서술할 뿐 민립대학기성준비회를 직접 언급하거나 그 조직과의 명시적 관계를 제시하지 않는다.",,PENDING,,,
29,gold-case:b788ff7a42d305807e4e,term-review-task:bbca2dec6404fea28f0c,resolution-case:be4c488e98dd414344b0,황국 신민 체조,정책,"[{""problem_id"": ""cj_v41_0607"", ""full_text"": ""이 자료는 중일 전쟁 이후 일제가 침략 전쟁을 확대하던 시기에 만든 황국 신민 치조 실시 요령 이다. 일제는 이 체조를 보급하기 위해 황국 신민 체조의 날을 정하고 전국 곳곳에서 강습회를 개최하였다.\n'시기'에 시행된 일제의 정책으로 옳은 것은?\n회사령을 제정하였다.\n미쓰야 협정을 체결하였다.\n경성 제국 대학을 설립하였다.\n토지 조사 사업을 실시하였다.\n조선 사상범 예방 구금령을 공포하였다.""}]",source-candidate:5106e67dfe6a675ff4a6,THESAURUS:TERM:18876776:sha256-1022516a18f91e61,THESAURUS,황국신민서사,name,name_ngram,UNKNOWN,,"{""term_name"": ""황국신민서사"", ""hanja"": ""皇國臣民誓詞"", ""era"": ""일제시기"", ""thesaurus_category"": ""사회운동·독립운동>일본제국주의>식민통치 및 정책"", ""description"": ""1938년 개정된 조선교육령에 따라 일제가 한국인황국신민화를 강화하기 위해 암송·제창하게 한 맹서."", ""term_year"": ""1938""}","[{""left_source_candidate_id"": ""source-candidate:22eb4b20481f6a8b0d7a"", ""right_source_candidate_id"": ""source-candidate:5106e67dfe6a675ff4a6"", ""signals"": [""normalized_name_match"", ""hanja_match""], ""conflicts"": [], ""merge_eligible"": true}]",EVIDENCE_ONLY,REJECTED,후보와 같은 주제를 설명하지만 카테고리가 다름,"황국신민서사(皇國臣民誓詞)는 1938년 암송·제창하게 한 맹세로, 문제의 황국신민체조와 유형과 내용이 다르다. 제공된 설명에는 체조와의 명시적 관계도 없다.",,PENDING,,,
29,gold-case:b788ff7a42d305807e4e,term-review-task:bbca2dec6404fea28f0c,resolution-case:be4c488e98dd414344b0,황국 신민 체조,정책,"[{""problem_id"": ""cj_v41_0607"", ""full_text"": ""이 자료는 중일 전쟁 이후 일제가 침략 전쟁을 확대하던 시기에 만든 황국 신민 치조 실시 요령 이다. 일제는 이 체조를 보급하기 위해 황국 신민 체조의 날을 정하고 전국 곳곳에서 강습회를 개최하였다.\n'시기'에 시행된 일제의 정책으로 옳은 것은?\n회사령을 제정하였다.\n미쓰야 협정을 체결하였다.\n경성 제국 대학을 설립하였다.\n토지 조사 사업을 실시하였다.\n조선 사상범 예방 구금령을 공포하였다.""}]",source-candidate:b33f78c7e929db5e4be0,THESAURUS:TERM:18876778:sha256-1022516a18f91e61,THESAURUS,황국신민화,name,name_ngram,UNKNOWN,,"{""term_name"": ""황국신민화"", ""hanja"": ""皇國臣民化"", ""era"": ""일제시기"", ""thesaurus_category"": ""사회운동·독립운동>일본제국주의>식민통치 및 정책"", ""description"": ""일제시기 말기 민족말살정책의 일환으로 한민족을 말살하고 한국인을 일본인화하려는 정책."", ""term_year"": ""1937-1945""}",[],EVIDENCE_ONLY,REJECTED,후보와 같은 주제를 설명하지만 카테고리가 다름,"황국신민화는 1937~1945년 민족말살·일본인화를 목표로 한 포괄적 정책이며, 전국 강습회 등으로 보급된 특정 체조인 문제 target과 동일하지 않다. 설명에 황국신민체조와의 구체적 관계가 제시되지 않았다.",,PENDING,,,
29,gold-case:b788ff7a42d305807e4e,term-review-task:bbca2dec6404fea28f0c,resolution-case:be4c488e98dd414344b0,황국 신민 체조,정책,"[{""problem_id"": ""cj_v41_0607"", ""full_text"": ""이 자료는 중일 전쟁 이후 일제가 침략 전쟁을 확대하던 시기에 만든 황국 신민 치조 실시 요령 이다. 일제는 이 체조를 보급하기 위해 황국 신민 체조의 날을 정하고 전국 곳곳에서 강습회를 개최하였다.\n'시기'에 시행된 일제의 정책으로 옳은 것은?\n회사령을 제정하였다.\n미쓰야 협정을 체결하였다.\n경성 제국 대학을 설립하였다.\n토지 조사 사업을 실시하였다.\n조선 사상범 예방 구금령을 공포하였다.""}]",source-candidate:aab48041560e0f1743f9,THESAURUS:TERM:25169630:sha256-1022516a18f91e61,THESAURUS,황국신민화정책,name,name_ngram,UNKNOWN,,"{""term_name"": ""황국신민화정책"", ""hanja"": ""皇國臣民化政策"", ""era"": ""일제시기"", ""thesaurus_category"": ""정치·행정·법제>정치사상·정책"", ""description"": ""일제시기 체제 하에서 조선의 완전한 일본화를 목적으로 실행된 정책."", ""term_year"": ""1937-1945""}",[],EVIDENCE_ONLY,REJECTED,후보와 같은 주제를 설명하지만 카테고리가 다름,"황국신민화정책은 조선의 일본화를 목적으로 한 상위의 포괄 정책으로, 중일 전쟁 이후 만들어진 황국신민체조 실시 요령 및 해당 체조 자체와는 별도 실체이다. 제공 문맥은 체조를 명시하거나 관계를 설명하지 않는다.",,PENDING,,,
32,gold-case:f60acfffd4a19ca773f8,term-review-task:062d358b6fd192718b60,resolution-case:f7f04a463e6becaacc05,각저총 씨름도,문화재,"[{""problem_id"": ""cj_v41_img_54_05"", ""full_text"": ""이 국가의 고분 벽화는 도읍이었던 지안과 평양 일대에 주로 남아 있는데 일상생활과 풍속, 신앙과 의례를 묘사한 것으로 유명합니다. 이제 벽화 사진을 바탕으로 제작한 영상을 생생하게 만나 보세요.\n밑줄 그은 ‘이 국가’의 벽화로 옳지 않은 것은?\n수산리 벽화\n무용총 접객도\n강서대묘 사신도 현무도\n각저총 씨름도\n조선초기 밀양 박익의 무덤벽화""}]",source-candidate:521ff7fa03d411290913,THESAURUS:TERM:14915:sha256-1022516a18f91e61,THESAURUS,각저총,name,bidirectional_containment,UNKNOWN,,"{""term_name"": ""각저총"", ""hanja"": ""角抵塚"", ""era"": ""삼국시대"", ""thesaurus_category"": ""사회·생활>풍속·의례>매장"", ""description"": ""고구려의 벽화고분으로 중국 길림성 집안시 여산(如山)에 있음."", ""term_year"": ""?-?""}","[{""left_source_candidate_id"": ""source-candidate:521ff7fa03d411290913"", ""right_source_candidate_id"": ""source-candidate:f364828b8294334fbd6e"", ""signals"": [""normalized_name_match"", ""hanja_match""], ""conflicts"": [], ""merge_eligible"": true}]",EVIDENCE_ONLY,REJECTED,용어와 설명이 일치함,"주 대상은 각저총이라는 고분 자체이며, 설명은 일반적인 고구려 벽화고분이라는 정보만 제시할 뿐 문제 target인 씨름도·각저도와의 구체적인 관계나 도상을 명시하지 않는다. 고분명과 그림명의 포함 관계만으로 그림 자체의 identity 또는 관계 근거가 되지 않는다.",,PENDING,,,
42,gold-case:1a7261c1ab933a43d819,term-review-task:8f1907b1d13c80de1a57,resolution-case:5f4f8ec276a9cb10266c,미국,국가,"[{""problem_id"": ""cj_v41_0028"", ""full_text"": ""현재 조선에 가장 시급한 외교 사안이 무엇이라고 생각하십니까? 러시아를 막는 것이다. 이를 위해서는 중국을 가까이하고, 일본과 관계를 공고히 하며, 미국과 연계하여 자강을 도모해야 합니다. - 황준헌, 조선책략 -\n다음 가상 대화 이후 전개된 사실로 옳은 것을 ＜보기＞에서 고른 것은?\nㄱ, ㄴ\nㄱ, ㄷ\nㄴ, ㄷ\nㄴ, ㄹ\nㄷ, ㄹ""}, {""problem_id"": ""cj_v41_0220"", ""full_text"": ""한국사 동영상 제작 계획안 (가), 서양의 근대 문물을 직접 목격하다 기획 의도: 미국 공사의 부임에 대한 답례로 파견된 (가)의 발자취를 통해 근대 문물을 시찰한 과정을 살펴본다. 장면별 구성 #1. 대륙 횡단 열차를 타고 워싱턴에 도착하다. #2. 뉴욕에서 미국 대통령 아서를 접견하다. #3. 보스턴 만국 박람회를 참관하다. #4. 병원, 전신 회사, 우체국 등을 시찰하다.\n(가) 사절단에 대한 설명으로 옳은 것은?\n수신사라는 이름으로 보내졌다.\n조선책략을 들여와 국내에 소개하였다.\n기기국에서 무기 제조 기술을 배우고 돌아왔다.\n개화 반대 여론을 의식하여 비밀리에 파견되었다.\n전권대신 민영익과 부대신 홍영식 등으로 구성되었다.""}, {""problem_id"": ""cj_v41_0270"", ""full_text"": ""청일 전쟁 이후 열강이 침탈한 이권 국가: 독일, 일본, 미국, 러시아, 프랑스 사례: (가), (나), (다), (라), (마)\n(가)~(마)에 들어갈 내용으로 옳지 않은 것은?\n(가) - 당현 금광 채굴권\n(나) - 경부선 철도 부설권\n(다) - 운산 금광 채굴권\n(라) - 울릉도 삼림 채벌권\n(마) - 경인선 철도 부설권""}]",source-candidate:2b03537f7dd17b5fcee9,THESAURUS:TERM:29363851:sha256-1022516a18f91e61,THESAURUS,미국인회사,description,bidirectional_containment,UNKNOWN,,"{""term_name"": ""미국인회사"", ""hanja"": ""美國人會社"", ""era"": ""근대"", ""thesaurus_category"": ""경제·산업>경제단체·기구>회사·기업"", ""description"": ""미국인이 설립하거나 혹은 미국인 자본으로 설립된 회사."", ""term_year"": ""?-?"", ""term_remark"": ""대한제국기""}",[],EVIDENCE_ONLY,REJECTED,용어와 설명이 일치함,"‘미국인회사’는 대한제국기 미국인 또는 미국 자본이 설립한 회사라는 별도 경제 조직 범주이다. ‘미국’은 국적·자본의 수식 요소일 뿐, 문제의 대상 국가 자체를 설명하는 원천은 아니다.",,PENDING,,,
42,gold-case:1a7261c1ab933a43d819,term-review-task:8f1907b1d13c80de1a57,resolution-case:5f4f8ec276a9cb10266c,미국,국가,"[{""problem_id"": ""cj_v41_0028"", ""full_text"": ""현재 조선에 가장 시급한 외교 사안이 무엇이라고 생각하십니까? 러시아를 막는 것이다. 이를 위해서는 중국을 가까이하고, 일본과 관계를 공고히 하며, 미국과 연계하여 자강을 도모해야 합니다. - 황준헌, 조선책략 -\n다음 가상 대화 이후 전개된 사실로 옳은 것을 ＜보기＞에서 고른 것은?\nㄱ, ㄴ\nㄱ, ㄷ\nㄴ, ㄷ\nㄴ, ㄹ\nㄷ, ㄹ""}, {""problem_id"": ""cj_v41_0220"", ""full_text"": ""한국사 동영상 제작 계획안 (가), 서양의 근대 문물을 직접 목격하다 기획 의도: 미국 공사의 부임에 대한 답례로 파견된 (가)의 발자취를 통해 근대 문물을 시찰한 과정을 살펴본다. 장면별 구성 #1. 대륙 횡단 열차를 타고 워싱턴에 도착하다. #2. 뉴욕에서 미국 대통령 아서를 접견하다. #3. 보스턴 만국 박람회를 참관하다. #4. 병원, 전신 회사, 우체국 등을 시찰하다.\n(가) 사절단에 대한 설명으로 옳은 것은?\n수신사라는 이름으로 보내졌다.\n조선책략을 들여와 국내에 소개하였다.\n기기국에서 무기 제조 기술을 배우고 돌아왔다.\n개화 반대 여론을 의식하여 비밀리에 파견되었다.\n전권대신 민영익과 부대신 홍영식 등으로 구성되었다.""}, {""problem_id"": ""cj_v41_0270"", ""full_text"": ""청일 전쟁 이후 열강이 침탈한 이권 국가: 독일, 일본, 미국, 러시아, 프랑스 사례: (가), (나), (다), (라), (마)\n(가)~(마)에 들어갈 내용으로 옳지 않은 것은?\n(가) - 당현 금광 채굴권\n(나) - 경부선 철도 부설권\n(다) - 운산 금광 채굴권\n(라) - 울릉도 삼림 채벌권\n(마) - 경인선 철도 부설권""}]",source-candidate:8bcd00781bf8d173db6d,THESAURUS:TERM:29364965:sha256-1022516a18f91e61,THESAURUS,미국인회사,description,bidirectional_containment,UNKNOWN,,"{""term_name"": ""미국인회사"", ""hanja"": ""美國人會社"", ""era"": ""개항기"", ""thesaurus_category"": ""경제·산업>경제단체·기구>회사·기업"", ""description"": ""미국인이 설립하거나 미국인 자본으로 설립된 회사."", ""term_year"": ""?-?"", ""term_remark"": ""개항기""}",[],EVIDENCE_ONLY,REJECTED,용어와 설명이 일치함,"‘미국인회사’는 개항기 회사·기업 범주로, 미국이라는 국가명은 설립자·자본의 국적 수식어로만 나타난다. 문제 target인 국가 미국의 직접 설명이나 별도 관계 근거가 아니다.",,PENDING,,,
43,gold-case:313c4fb3a8a2c4a99a14,term-review-task:050dc818f96f2e508bed,resolution-case:2c9179c54c2f9b83572f,주심포 양식,제도,"[{""problem_id"": ""cj_v41_img_57_15"", ""full_text"": ""우리나라에 현존하는 가장 오래된 목조 건축물에 대해 이야기해 보자.\n공민왕 때 지붕을 크게 수리했다는 상량문의 기록을 통해 건축 연대를 추정할 수 있지.\n공포가 기둥위에만 있는 주심포 양식의 건물로, 지붕의 형태는 맞배지붕이야.\n다음 대화에 해당하는 문화유산으로 옳은 것은?\n안동 봉정사 극락전\n보은 법주사 팔상전\n구례 화엄사 각황전\n예산 수덕사 대웅전\n영주 부석사 무량수전""}]",source-candidate:f6593890d2cb75b2cfe1,AKS:ARTICLE:E0002030:sha256-704d8ea620c542f5,AKS,주심포 양식,body,body_mention,COMPATIBLE,Concept,"{""headword"": ""건축"", ""origin"": ""建築"", ""headword_origin"": ""건축(建築)"", ""primary_type"": ""개념"", ""era"": ""현대"", ""definition"": ""인간적 요구와 건축재료에 의해 실용적·미적 요구를 충족시키도록 만들어진 구조물."", ""snippet"": ""에 들어와서는 남송(南宋)과의 교류로 중국 화남지방에 있던 새로운 양식의 건축이 고려에 도입되어 [주심포(柱心包)](E0053332) 양식을 정착시켰고, 그 말기에는 원나라와의 교류로 화북지방에 있던 또""}",[],REJECTED,EVIDENCE_ONLY,용어와 설명이 일치함,"「건축」이 주 대상이지만, 고려에 주심포 양식이 도입·정착되었다는 구체적인 역사적 관계를 명시한다.",,PENDING,,,
43,gold-case:313c4fb3a8a2c4a99a14,term-review-task:050dc818f96f2e508bed,resolution-case:2c9179c54c2f9b83572f,주심포 양식,제도,"[{""problem_id"": ""cj_v41_img_57_15"", ""full_text"": ""우리나라에 현존하는 가장 오래된 목조 건축물에 대해 이야기해 보자.\n공민왕 때 지붕을 크게 수리했다는 상량문의 기록을 통해 건축 연대를 추정할 수 있지.\n공포가 기둥위에만 있는 주심포 양식의 건물로, 지붕의 형태는 맞배지붕이야.\n다음 대화에 해당하는 문화유산으로 옳은 것은?\n안동 봉정사 극락전\n보은 법주사 팔상전\n구례 화엄사 각황전\n예산 수덕사 대웅전\n영주 부석사 무량수전""}]",source-candidate:645354f3109d3ee805ba,AKS:ARTICLE:E0019967:sha256-704d8ea620c542f5,AKS,주심포 양식,body,body_mention,COMPATIBLE,Concept,"{""headword"": ""미술"", ""origin"": ""美術"", ""headword_origin"": ""미술(美術)"", ""primary_type"": ""개념"", ""era"": ""미상"", ""definition"": ""시각으로 파악할 수 있는 건축·회화·조각 등을 포함하는 예술."", ""snippet"": ""의 미술 ### 건축 [고려시대](E0003424) 목조 건축의 양식은 기본적으로 기둥 위에만 공포를 쌓는 주심포양식(柱心包樣式)이다. 하지만 거기에는 전통적인 제1양식과 남송(南宋) 때의 푸젠성(福建省) 지방 양""}",[],REJECTED,EVIDENCE_ONLY,용어와 설명이 일치함,"「미술」이 주 대상이지만, 고려 목조건축에서 기둥 위에만 공포를 쌓는 주심포양식이라는 대상 양식의 구체적 특징과 시대적 적용 관계를 설명한다.",,PENDING,,,
43,gold-case:313c4fb3a8a2c4a99a14,term-review-task:050dc818f96f2e508bed,resolution-case:2c9179c54c2f9b83572f,주심포 양식,제도,"[{""problem_id"": ""cj_v41_img_57_15"", ""full_text"": ""우리나라에 현존하는 가장 오래된 목조 건축물에 대해 이야기해 보자.\n공민왕 때 지붕을 크게 수리했다는 상량문의 기록을 통해 건축 연대를 추정할 수 있지.\n공포가 기둥위에만 있는 주심포 양식의 건물로, 지붕의 형태는 맞배지붕이야.\n다음 대화에 해당하는 문화유산으로 옳은 것은?\n안동 봉정사 극락전\n보은 법주사 팔상전\n구례 화엄사 각황전\n예산 수덕사 대웅전\n영주 부석사 무량수전""}]",source-candidate:82d15a9547f96c898a16,AKS:ARTICLE:E0024924:sha256-704d8ea620c542f5,AKS,주심포 양식,body,body_mention,COMPATIBLE,Concept,"{""headword"": ""불교미술"", ""origin"": ""佛敎美術"", ""headword_origin"": ""불교미술(佛敎美術)"", ""primary_type"": ""개념"", ""era"": ""미상"", ""definition"": ""불교의 교리와 신앙에 기초하여 불교적인 소재를 조형화한 종교미술."", ""snippet"": ""이로 하여금 고려 목조 건축의 우수성을 실감하게 한다. 조선시대의 목조 건축도 고려시대에 도입된 주심포 양식과 다포 양식이 주류를 이루었다. 이 두 양식은 도입된 직후에는 순수한 양식적 특징을 서로 간직""}",[],REJECTED,EVIDENCE_ONLY,용어와 설명이 일치함,"「불교미술」이 주 대상이지만, 조선시대 목조건축에서 고려에 도입된 주심포 양식이 다포 양식과 함께 주류였다는 명시적 관계를 제공한다.",,PENDING,,,
45,gold-case:ca3ff51753cac533f849,term-review-task:2022d596ca5bae835606,resolution-case:f662dc43cfc13b51dbb0,돌널무덤,유적,"[{""problem_id"": ""cj_v41_0427"", ""full_text"": ""이것은 제주 고산리 유적에서 발굴된 이른 민무늬 토기이다. 이 토기의 출토로 우리나라의 (가) 시대가 기원전 8000년경부터 시작되었음을 알게 되었다. 고산리 유적에서는 화살촉, 갈돌, 갈판 등의 석기도 나왔습니다. 이른 민무늬 토기\n(가) 시대의 생활 모습으로 옳은 것은?\n고인돌, 돌널무덤 등을 만들었다.\n거푸집을 이용하여 청동검을 제작하였다.\n농경과 목축을 시작하여 식량을 생산하였다.\n주로 동굴에 살면서 사냥과 채집 생활을 하였다.\n쟁기, 쇠스랑 등의 철제 농기구를 써서 농사를 지었다.""}, {""problem_id"": ""cj_v41_0666"", ""full_text"": ""강원도 양양군 오산리에서 시대 마을 유적이 발굴되었다. 약 8천 년 전에 형성된 집터에서는\n(가) 시대의 생활 모습으로 옳은 것은?\n주로 동굴이나 막집에서 거주하였다.\n고인돌, 돌널무덤 등을 축조하였다.\n명도전을 이용하여 중국과 교역하였다.\n농경과 목축을 통하여 식량을 생산하였다.\n비파형 동검과 거친무늬 거울 등을 제작하였다.""}]",source-candidate:26e0d7823469f225fd50,THESAURUS:TERM:14689170:sha256-1022516a18f91e61,THESAURUS,돌무덤,description,description_containment,UNKNOWN,,"{""term_name"": ""돌무덤"", ""hanja"": ""돌무덤"", ""era"": ""선사시대-고대"", ""thesaurus_category"": ""사회·생활>풍속·의례>매장"", ""description"": ""신석기시대 이래 돌을 이용해 쌓아올린 무덤으로 넓게는 돌무지무덤·고인돌·돌널무덤에서 낙동강 유역의 돌무지돌덧널무덤과 신라의 돌무지덧널무덤을 포함함."", ""term_year"": ""?-?""}",[],REJECTED,EVIDENCE_ONLY,용어와 설명이 일치함,"주 대상은 더 넓은 분류인 돌무덤이지만, 정의에서 돌널무덤을 그 포함 범위에 명시적으로 열거하여 상위 분류와 target의 관계를 설명한다.",,PENDING,,,
46,gold-case:320096b11f7fcc557cab,term-review-task:474a82bd1268d947097c,resolution-case:c3ec9934758925132cd8,괭이,유물,"[{""problem_id"": ""cj_v41_1144"", ""full_text"": ""[체험 프로그램 기획안] (가) 시대로 떠나는 시간 여행 ▣ 기획 의도 뗀석기를 처음 사용한 (가) 시대 사람들의 생활을 다양한 활동을 통해 체험할 수 있는 기회를 마련하고자 함. ▣ 체험 프로그램 예시 [주먹도끼로 고기 자르기] [마찰식 점화법으로 불 피우기] ▣ 장소: 연천 전곡리 유적 체험 마당\n(가) 시대의 생활 모습으로 옳은 것은?\n주로 동굴이나 바위 그늘에서 살았다.\n청동 방울 등을 의례 도구로 사용하였다.\n따비와 괭이로 땅을 갈아 농사를 지었다.\n거푸집을 이용하여 세형동검을 제작하였다.\n빗살무늬 토기를 만들어 식량을 저장하였다.""}]",source-candidate:e9baa63dd2d3f19d7762,THESAURUS:TERM:12594194:sha256-1022516a18f91e61,THESAURUS,쇠괭이,name,bidirectional_containment,UNKNOWN,,"{""term_name"": ""쇠괭이"", ""hanja"": ""쇠괭이"", ""era"": ""초기철기시대"", ""thesaurus_category"": ""경제·산업>농업>농기구"", ""description"": ""흙을 돋우는데 사용하는 농기구. 호미 가운데 큰 것으로 사각형의 납짝한 날에 짧은 굽통이 달려 있음."", ""term_year"": ""?-?""}",[],EVIDENCE_ONLY,REJECTED,Specific subtype of 괭이; relevant supporting context but not identical to the general target.,"‘쇠괭이’는 초기철기시대의 재질·형식이 특정된 농기구로, 문제의 일반 ‘괭이’와는 확장 표제어 관계일 뿐 동일성 근거가 없다.",,PENDING,,,
46,gold-case:320096b11f7fcc557cab,term-review-task:474a82bd1268d947097c,resolution-case:c3ec9934758925132cd8,괭이,유물,"[{""problem_id"": ""cj_v41_1144"", ""full_text"": ""[체험 프로그램 기획안] (가) 시대로 떠나는 시간 여행 ▣ 기획 의도 뗀석기를 처음 사용한 (가) 시대 사람들의 생활을 다양한 활동을 통해 체험할 수 있는 기회를 마련하고자 함. ▣ 체험 프로그램 예시 [주먹도끼로 고기 자르기] [마찰식 점화법으로 불 피우기] ▣ 장소: 연천 전곡리 유적 체험 마당\n(가) 시대의 생활 모습으로 옳은 것은?\n주로 동굴이나 바위 그늘에서 살았다.\n청동 방울 등을 의례 도구로 사용하였다.\n따비와 괭이로 땅을 갈아 농사를 지었다.\n거푸집을 이용하여 세형동검을 제작하였다.\n빗살무늬 토기를 만들어 식량을 저장하였다.""}]",source-candidate:9e0efb40f9ed9fd2c7fc,THESAURUS:TERM:12594842:sha256-1022516a18f91e61,THESAURUS,돌괭이,name,bidirectional_containment,UNKNOWN,,"{""term_name"": ""돌괭이"", ""hanja"": ""돌괭이"", ""era"": ""신석기시대"", ""thesaurus_category"": ""경제·산업>농업>농기구"", ""description"": ""땅을 갈아서 흙덩이를 일으키는 일을 하는 경운용(耕耘用) 농기구."", ""term_year"": ""?-?""}",[],EVIDENCE_ONLY,REJECTED,Specific subtype of 괭이; relevant supporting context but not identical to the general target.,‘돌괭이’는 신석기시대 경운용 농기구라는 별도 재질·시대 특정 실체이다. 일반 괭이와 이름 일부가 겹칠 뿐 target 자체를 설명하지 않는다.,,PENDING,,,
46,gold-case:320096b11f7fcc557cab,term-review-task:474a82bd1268d947097c,resolution-case:c3ec9934758925132cd8,괭이,유물,"[{""problem_id"": ""cj_v41_1144"", ""full_text"": ""[체험 프로그램 기획안] (가) 시대로 떠나는 시간 여행 ▣ 기획 의도 뗀석기를 처음 사용한 (가) 시대 사람들의 생활을 다양한 활동을 통해 체험할 수 있는 기회를 마련하고자 함. ▣ 체험 프로그램 예시 [주먹도끼로 고기 자르기] [마찰식 점화법으로 불 피우기] ▣ 장소: 연천 전곡리 유적 체험 마당\n(가) 시대의 생활 모습으로 옳은 것은?\n주로 동굴이나 바위 그늘에서 살았다.\n청동 방울 등을 의례 도구로 사용하였다.\n따비와 괭이로 땅을 갈아 농사를 지었다.\n거푸집을 이용하여 세형동검을 제작하였다.\n빗살무늬 토기를 만들어 식량을 저장하였다.""}]",source-candidate:5dc867a44b606785624c,THESAURUS:TERM:44042351:sha256-1022516a18f91e61,THESAURUS,곰배괭이,name,bidirectional_containment,UNKNOWN,,"{""term_name"": ""곰배괭이"", ""hanja"": ""곰배괭이"", ""era"": ""통시대"", ""thesaurus_category"": ""경제·산업>농업>농기구"", ""description"": ""흙을 파거나 씨를 뿌리기 위해 골을 켤 때, 덩어리진 흙을 부수거나 땅을 고를 때 쓰는 농기구."", ""term_year"": ""?-?""}",[],EVIDENCE_ONLY,REJECTED,Specific subtype of 괭이; relevant supporting context but not identical to the general target.,‘곰배괭이’는 골을 켜거나 흙을 부수는 데 쓰는 특정 농기구이다. 접미어를 포함한 명칭 유사성만으로 문제 target인 괭이와 동일시할 수 없다.,,PENDING,,,
49,gold-case:3efb8aa09b35621f7198,term-review-task:d57990b0396dafb7fe84,resolution-case:6e8f27ec02bc20aaa58b,불교 개혁 운동,사건,"[{""problem_id"": ""cj_v41_0464"", ""full_text"": ""이곳 심우장은 (가)이/가 조선 총독부를 마주하지 않겠다며 북향으로 지었다고 합니다. 님의 침묵 등을 지은 (가)은/는 일제의 탄압에도 굴하지 않다가 광복 직전 이곳에서 돌아가셨습니다.\n(가) 인물에 대한 설명으로 옳은 것은?\n우리말 큰사전 편찬 사업을 추진하였다.\n유교 개혁을 주장하는 유교 구신론을 제창하였다.\n월간지 유심을 발간하여 불교 개혁 운동에 힘썼다.\n진단 학회를 설립하여 실증주의 사학을 발전시켰다.\n독사신론을 저술하여 민족주의 사학의 기반을 마련하였다.""}]",source-candidate:f4921e9ca0e5f793fffb,THESAURUS:TERM:13137:sha256-1022516a18f91e61,THESAURUS,조선불교유신회,description,description_containment,UNKNOWN,,"{""term_name"": ""조선불교유신회"", ""hanja"": ""朝鮮佛敎維新會"", ""era"": ""일제시기"", ""thesaurus_category"": ""전통사상·종교>종교기관·단체"", ""description"": ""1921년 불교교단의 친일화에 대항하여 조직된 불교개혁운동단체."", ""term_year"": ""1921-?""}",[],EVIDENCE_ONLY,REJECTED,불교정화운동,"조선불교유신회는 1921년 조직된 별도의 불교개혁운동 단체이다. 문제의 target은 한용운이 『유심』 발간을 통해 힘쓴 불교 개혁 활동이며, 후보 문맥에는 한용운 또는 『유심』과의 명시적 관계가 없어 동일 실체나 관계 근거로 볼 수 없다.",,PENDING,,,
50,gold-case:3fb4c0e1ee2fefc7d020,term-review-task:9855b0614f8fd8ac198d,resolution-case:003a5d4a1b6e7ec6d2f3,안북부,지명,"[{""problem_id"": ""cj_v41_0390"", ""full_text"": ""(가) 왕이 서경에서 안북부까지 나아가 머물렀는데, 거란의 소손녕이 봉산군을 공격하여 파괴하였다는 소식을 듣자 더 가지 못하고 돌아왔다. 서희를 보내 화의를 요청하니 침공을 중지하였다. (나) 강감찬이 수도에 성곽이 없다 하여 나성을 쌓을 것을 요청하니 왕이 그 건의를 따라 왕가도에게 명령하여 축조하게 하였다.\n(가), (나) 사이의 시기에 있었던 사실로 옳은 것은?\n사신 저고여가 귀국길에 피살되었다.\n화통도감이 설치되어 화포를 제작하였다.\n강조가 정변을 일으켜 목종을 폐위시켰다.\n나세, 심덕부 등이 진포에서 왜구를 물리쳤다.\n공주 명학소에서 망이·망소이가 난을 일으켰다.""}]",source-candidate:4e9235b9d7e5bce06e1a,THESAURUS:TERM:843:sha256-1022516a18f91e61,THESAURUS,북부학당,description,description_containment,UNKNOWN,,"{""term_name"": ""북부학당"", ""hanja"": ""北部學堂"", ""era"": ""고려후기-조선전기"", ""thesaurus_category"": ""교육>전근대교육기관"", ""description"": ""고려말 조선초 5부학당의 하나로 도성 안 북부(北部)에 설치하려던 관립 교육 기관이었으나, 끝내 설치되지 못함."", ""term_year"": ""1390-1445""}",[],EVIDENCE_ONLY,REJECTED,용어와 설명이 일치함,"북부학당은 고려 말·조선 초 도성 북부에 설치하려 했던 교육 기관이다. 명칭에 '북부'가 포함되고 설명에 도성 안 북부가 언급될 뿐, 고려 전기 영주의 안북부 또는 993년 거란 침입 문맥과의 구체적 관계가 없다.",,PENDING,,,
51,gold-case:fa374e65b5d3afcc153b,term-review-task:9154ea1b534ce3229875,resolution-case:cc5ac481e7b7a1f1e4ba,단군 신앙,사상,"[{""problem_id"": ""cj_v41_1130"", ""full_text"": ""지난 개천절을 기회로 하여 (가) 은/는 나철이 만주에서 독립운동을 계획했다는 이유로 단군 신앙을 기반으로 창시한 (가) 간부 7명이 동대문 종 교 인 데 , 민 족 의 식 을 고 취 할 경찰서에 체포되었다는 기사가 뿐만 아 니 라 독 립 운 동 도 전 개 실렸구나. 하고 있네요.\n(가) 종교에 대한 설명으로 옳은 것은?\n개벽, 신여성 등의 잡지를 발간하였다.\n한용운 등이 사찰령 폐지를 주장하였다.\n박중빈을 중심으로 새생활 운동을 펼쳤다.\n김창숙의 주도로 파리 장서 운동을 전개하였다.\n무장 투쟁을 전개하기 위해 중광단을 조직하였다.""}]",source-candidate:6fd8d133be1142a5b544,THESAURUS:TERM:3012:sha256-1022516a18f91e61,THESAURUS,단군신화,name,name_ngram,UNKNOWN,,"{""term_name"": ""단군신화"", ""hanja"": ""檀君神話"", ""era"": ""선사시대"", ""thesaurus_category"": ""문화·예술>문학"", ""description"": ""고조선의 시조인 단군에 관한 신화."", ""term_year"": ""?-?""}",[],EVIDENCE_ONLY,REJECTED,단군신화에 대한 설명에 직접적으로 언급되지는 않았지만 단군신앙은 단군신화에서 뻗어나간 개념이기에 잘 뽑아왔다고 평가함,"단군신화는 고조선 시조 단군에 관한 문학·신화로, 단군신앙이라는 신앙 개념과는 유형 및 대상이 다르다. 원천 문맥에도 단군신앙과의 구체적 관계가 설명되지 않는다.",,PENDING,,,
52,gold-case:a62e861a8a10855f1661,term-review-task:499fb95fd3426f553c39,resolution-case:ff3582197bb4de96e889,예성강,지명,"[{""problem_id"": ""cj_v41_0159"", ""full_text"": ""0 토지의 비옥함과 척박함을 구분하여 문무백관에서 부병(府兵), 한인(閑人)에 이르기까지 모두 과(주斗)에 해당하는 토지를 주고, 또 괴에 따라 땔나무를 구할 땅을 주었다. 0 도평의사시에서 방을 붙여 알리기를, “지금부터 은병 미를 쌀로 환산하여 개경에서는 15~16석, 지방에서는 18~19석의 비율로 하되, 경시서에서 그 해의 풍흉을 살펴 그 값을 정할 것이다.” 라고 하였다. (0\n다음 정책을 실시한 국가의 경제 상황으로 옳은 것은?\n모내기법이 전국적으로 확산되었다.\n덕대가 광산을 전문적으로 경영하였다.\n면화, 담배 등이 상품 작물로 재배되었다.\n예성강 하구의 벽란도가 국제 무역항으로 번성하였다.\n토지의 비옥도에 따라 6등급으로 나누어 전세를 거두었다.""}, {""problem_id"": ""cj_v41_0436"", ""full_text"": ""지도와 같이 전국 13곳의 조창에 조세를 모았다가 개경의 경창 등으로 조운하였던 시기의 경제 상황을 말해 볼까요? 주요 조창: 안흥창, 영풍창, 진성창, 해릉창, 장흥창, 덕흥창, 석두창, 통양창 등\n교사의 질문에 대한 학생의 답변으로 옳은 것은?\n관료전을 지급하고 녹읍을 폐지하였다.\n덕대가 광산을 전문적으로 경영하였다.\n고구마, 감자 등의 구황 작물을 재배하였다.\n일본과의 무역을 허용하고 계해약조를 체결하였다.\n예성강 하구의 벽란도가 국제 무역항으로 번성하였다.""}, {""problem_id"": ""cj_v41_0681"", ""full_text"": ""이 작품은 이규보가 예성강 하구의 정경을 묘사한 시이다. 이곳에 있던 벽란도는 (가)의 국제 무역항으로 송과 아라비아 상인들이 왕래할 정도로 번성했다. 조수가 들고나니 오고 가는 배의 꼬리가 이어졌구나 아침에 이 누각 밑을 떠나면 한낮이 되지 않아 돛대는 남만(南蠻)에 이르도다 사람들은 배를 보고 물 위의 역마라고 하지만 바람처럼 달리는 준마도 이보다 빠르지는 못하리\n(가) 국가에 경제 상황으로 옳은 것은?\n송상이 전국 각지에 송방을 두었다.\n활구라고 불리는 은병을 주조하였다.\n동시전을 설치하여 시장을 감독하였다.\n담배, 면화, 생강 등 상품 작물을 널리 재배하였다.\n일본과 교역을 위해 부산포, 염포, 제포를 개항하였다.""}]",source-candidate:96ba27ac2b908ea6e7e7,THESAURUS:TERM:6386:sha256-1022516a18f91e61,THESAURUS,예성강도,name,bidirectional_containment,UNKNOWN,,"{""term_name"": ""예성강도"", ""hanja"": ""禮成江圖"", ""era"": ""고려전기"", ""thesaurus_category"": ""문화·예술>미술"", ""description"": ""1124년(인종 2) 화가 이령(李寧)이 추밀사 이자덕(李資德)을 따라 수행원으로 북송에 갔다가 휘종(徽宗)의 요청에 의하여 그린 산수화."", ""term_year"": ""1124""}",[],EVIDENCE_ONLY,REJECTED,용어와 설명이 일치함,예성강도(禮成江圖)는 1124년 이령이 그린 별개의 회화 작품이다. 원천 설명은 제목 외에 문제 target인 강 자체와의 관계를 명시하지 않으므로 지명 예성강의 identity 또는 관계 근거가 아니다.,,PENDING,,,
52,gold-case:a62e861a8a10855f1661,term-review-task:499fb95fd3426f553c39,resolution-case:ff3582197bb4de96e889,예성강,지명,"[{""problem_id"": ""cj_v41_0159"", ""full_text"": ""0 토지의 비옥함과 척박함을 구분하여 문무백관에서 부병(府兵), 한인(閑人)에 이르기까지 모두 과(주斗)에 해당하는 토지를 주고, 또 괴에 따라 땔나무를 구할 땅을 주었다. 0 도평의사시에서 방을 붙여 알리기를, “지금부터 은병 미를 쌀로 환산하여 개경에서는 15~16석, 지방에서는 18~19석의 비율로 하되, 경시서에서 그 해의 풍흉을 살펴 그 값을 정할 것이다.” 라고 하였다. (0\n다음 정책을 실시한 국가의 경제 상황으로 옳은 것은?\n모내기법이 전국적으로 확산되었다.\n덕대가 광산을 전문적으로 경영하였다.\n면화, 담배 등이 상품 작물로 재배되었다.\n예성강 하구의 벽란도가 국제 무역항으로 번성하였다.\n토지의 비옥도에 따라 6등급으로 나누어 전세를 거두었다.""}, {""problem_id"": ""cj_v41_0436"", ""full_text"": ""지도와 같이 전국 13곳의 조창에 조세를 모았다가 개경의 경창 등으로 조운하였던 시기의 경제 상황을 말해 볼까요? 주요 조창: 안흥창, 영풍창, 진성창, 해릉창, 장흥창, 덕흥창, 석두창, 통양창 등\n교사의 질문에 대한 학생의 답변으로 옳은 것은?\n관료전을 지급하고 녹읍을 폐지하였다.\n덕대가 광산을 전문적으로 경영하였다.\n고구마, 감자 등의 구황 작물을 재배하였다.\n일본과의 무역을 허용하고 계해약조를 체결하였다.\n예성강 하구의 벽란도가 국제 무역항으로 번성하였다.""}, {""problem_id"": ""cj_v41_0681"", ""full_text"": ""이 작품은 이규보가 예성강 하구의 정경을 묘사한 시이다. 이곳에 있던 벽란도는 (가)의 국제 무역항으로 송과 아라비아 상인들이 왕래할 정도로 번성했다. 조수가 들고나니 오고 가는 배의 꼬리가 이어졌구나 아침에 이 누각 밑을 떠나면 한낮이 되지 않아 돛대는 남만(南蠻)에 이르도다 사람들은 배를 보고 물 위의 역마라고 하지만 바람처럼 달리는 준마도 이보다 빠르지는 못하리\n(가) 국가에 경제 상황으로 옳은 것은?\n송상이 전국 각지에 송방을 두었다.\n활구라고 불리는 은병을 주조하였다.\n동시전을 설치하여 시장을 감독하였다.\n담배, 면화, 생강 등 상품 작물을 널리 재배하였다.\n일본과 교역을 위해 부산포, 염포, 제포를 개항하였다.""}]",source-candidate:f64738921783f01ca85c,AKS:ARTICLE:E0037959:sha256-704d8ea620c542f5,AKS,예성강철교,name,bidirectional_containment,COMPATIBLE,Place,"{""headword"": ""예성강철교"", ""origin"": ""禮成江鐵橋"", ""headword_origin"": ""예성강철교(禮成江鐵橋)"", ""primary_type"": ""지명/시설"", ""era"": ""근대/대한제국기"", ""definition"": ""경기도 개풍군 서면과 황해도 연백군 운산면 사이를 연결하는 철교.""}","[{""left_source_candidate_id"": ""source-candidate:6f324df2dc58ef6160e0"", ""right_source_candidate_id"": ""source-candidate:f64738921783f01ca85c"", ""signals"": [], ""conflicts"": [""entity_type_conflict""], ""merge_eligible"": false}, {""left_source_candidate_id"": ""source-candidate:ef00342513670e34b586"", ""right_source_candidate_id"": ""source-candidate:f64738921783f01ca85c"", ""signals"": [], ""conflicts"": [""entity_type_conflict""], ""merge_eligible"": false}]",EVIDENCE_ONLY,REJECTED,용어와 설명이 일치함,"예성강철교는 근대의 별도 철교 시설이다. ‘예성강’이 시설명 수식어로 포함될 뿐, 제시된 정의에는 문제 target 강과의 구체적 관계가 설명되지 않는다.",,PENDING,,,
52,gold-case:a62e861a8a10855f1661,term-review-task:499fb95fd3426f553c39,resolution-case:ff3582197bb4de96e889,예성강,지명,"[{""problem_id"": ""cj_v41_0159"", ""full_text"": ""0 토지의 비옥함과 척박함을 구분하여 문무백관에서 부병(府兵), 한인(閑人)에 이르기까지 모두 과(주斗)에 해당하는 토지를 주고, 또 괴에 따라 땔나무를 구할 땅을 주었다. 0 도평의사시에서 방을 붙여 알리기를, “지금부터 은병 미를 쌀로 환산하여 개경에서는 15~16석, 지방에서는 18~19석의 비율로 하되, 경시서에서 그 해의 풍흉을 살펴 그 값을 정할 것이다.” 라고 하였다. (0\n다음 정책을 실시한 국가의 경제 상황으로 옳은 것은?\n모내기법이 전국적으로 확산되었다.\n덕대가 광산을 전문적으로 경영하였다.\n면화, 담배 등이 상품 작물로 재배되었다.\n예성강 하구의 벽란도가 국제 무역항으로 번성하였다.\n토지의 비옥도에 따라 6등급으로 나누어 전세를 거두었다.""}, {""problem_id"": ""cj_v41_0436"", ""full_text"": ""지도와 같이 전국 13곳의 조창에 조세를 모았다가 개경의 경창 등으로 조운하였던 시기의 경제 상황을 말해 볼까요? 주요 조창: 안흥창, 영풍창, 진성창, 해릉창, 장흥창, 덕흥창, 석두창, 통양창 등\n교사의 질문에 대한 학생의 답변으로 옳은 것은?\n관료전을 지급하고 녹읍을 폐지하였다.\n덕대가 광산을 전문적으로 경영하였다.\n고구마, 감자 등의 구황 작물을 재배하였다.\n일본과의 무역을 허용하고 계해약조를 체결하였다.\n예성강 하구의 벽란도가 국제 무역항으로 번성하였다.""}, {""problem_id"": ""cj_v41_0681"", ""full_text"": ""이 작품은 이규보가 예성강 하구의 정경을 묘사한 시이다. 이곳에 있던 벽란도는 (가)의 국제 무역항으로 송과 아라비아 상인들이 왕래할 정도로 번성했다. 조수가 들고나니 오고 가는 배의 꼬리가 이어졌구나 아침에 이 누각 밑을 떠나면 한낮이 되지 않아 돛대는 남만(南蠻)에 이르도다 사람들은 배를 보고 물 위의 역마라고 하지만 바람처럼 달리는 준마도 이보다 빠르지는 못하리\n(가) 국가에 경제 상황으로 옳은 것은?\n송상이 전국 각지에 송방을 두었다.\n활구라고 불리는 은병을 주조하였다.\n동시전을 설치하여 시장을 감독하였다.\n담배, 면화, 생강 등 상품 작물을 널리 재배하였다.\n일본과 교역을 위해 부산포, 염포, 제포를 개항하였다.""}]",source-candidate:ef00342513670e34b586,AKS:ARTICLE:E0037957:sha256-704d8ea620c542f5,AKS,예성강,name,exact,CONFLICT,Work,"{""headword"": ""예성강"", ""origin"": ""禮成江"", ""headword_origin"": ""예성강(禮成江)"", ""primary_type"": ""작품/문학"", ""era"": ""고려/고려 전기 | 고려/고려 후기"", ""definition"": ""고려시대에 지어진 작자 미상의 가요.""}","[{""left_source_candidate_id"": ""source-candidate:0bb1e7e111e81a91de8a"", ""right_source_candidate_id"": ""source-candidate:ef00342513670e34b586"", ""signals"": [""normalized_name_match"", ""hanja_match""], ""conflicts"": [""entity_type_conflict""], ""merge_eligible"": false}, {""left_source_candidate_id"": ""source-candidate:48722ab6842e32225d9f"", ""right_source_candidate_id"": ""source-candidate:ef00342513670e34b586"", ""signals"": [], ""conflicts"": [""entity_type_conflict""], ""merge_eligible"": false}, {""left_source_candidate_id"": ""source-candidate:d2b7d44d7735b754bfe2"", ""right_source_candidate_id"": ""source-candidate:ef00342513670e34b586"", ""signals"": [], ""conflicts"": [""entity_type_conflict""], ""merge_eligible"": false}, {""left_source_candidate_id"": ""source-candidate:ef00342513670e34b586"", ""right_source_candidate_id"": ""source-candidate:f460474c58ac55cf218f"", ""signals"": [""normalized_name_match"", ""hanja_match""], ""conflicts"": [""entity_type_conflict""], ""merge_eligible"": false}, {""left_source_candidate_id"": ""source-candidate:ef00342513670e34b586"", ""right_source_candidate_id"": ""source-candidate:f64738921783f01ca85c"", ""signals"": [], ""conflicts"": [""entity_type_conflict""], ""merge_eligible"": false}, {""left_source_candidate_id"": ""source-candidate:ef00342513670e34b586"", ""right_source_candidate_id"": ""source-candidate:f654c4e53a3fb2332da1"", ""signals"": [], ""conflicts"": [""entity_type_conflict""], ""merge_eligible"": false}]",EVIDENCE_ONLY,REJECTED,용어와 설명이 일치함,"예성강(禮成江)은 고려시대 작자 미상의 가요로, 문제의 자연지명·벽란도 하구와 유형이 충돌하는 동명 작품이다.",,PENDING,,,
52,gold-case:a62e861a8a10855f1661,term-review-task:499fb95fd3426f553c39,resolution-case:ff3582197bb4de96e889,예성강,지명,"[{""problem_id"": ""cj_v41_0159"", ""full_text"": ""0 토지의 비옥함과 척박함을 구분하여 문무백관에서 부병(府兵), 한인(閑人)에 이르기까지 모두 과(주斗)에 해당하는 토지를 주고, 또 괴에 따라 땔나무를 구할 땅을 주었다. 0 도평의사시에서 방을 붙여 알리기를, “지금부터 은병 미를 쌀로 환산하여 개경에서는 15~16석, 지방에서는 18~19석의 비율로 하되, 경시서에서 그 해의 풍흉을 살펴 그 값을 정할 것이다.” 라고 하였다. (0\n다음 정책을 실시한 국가의 경제 상황으로 옳은 것은?\n모내기법이 전국적으로 확산되었다.\n덕대가 광산을 전문적으로 경영하였다.\n면화, 담배 등이 상품 작물로 재배되었다.\n예성강 하구의 벽란도가 국제 무역항으로 번성하였다.\n토지의 비옥도에 따라 6등급으로 나누어 전세를 거두었다.""}, {""problem_id"": ""cj_v41_0436"", ""full_text"": ""지도와 같이 전국 13곳의 조창에 조세를 모았다가 개경의 경창 등으로 조운하였던 시기의 경제 상황을 말해 볼까요? 주요 조창: 안흥창, 영풍창, 진성창, 해릉창, 장흥창, 덕흥창, 석두창, 통양창 등\n교사의 질문에 대한 학생의 답변으로 옳은 것은?\n관료전을 지급하고 녹읍을 폐지하였다.\n덕대가 광산을 전문적으로 경영하였다.\n고구마, 감자 등의 구황 작물을 재배하였다.\n일본과의 무역을 허용하고 계해약조를 체결하였다.\n예성강 하구의 벽란도가 국제 무역항으로 번성하였다.""}, {""problem_id"": ""cj_v41_0681"", ""full_text"": ""이 작품은 이규보가 예성강 하구의 정경을 묘사한 시이다. 이곳에 있던 벽란도는 (가)의 국제 무역항으로 송과 아라비아 상인들이 왕래할 정도로 번성했다. 조수가 들고나니 오고 가는 배의 꼬리가 이어졌구나 아침에 이 누각 밑을 떠나면 한낮이 되지 않아 돛대는 남만(南蠻)에 이르도다 사람들은 배를 보고 물 위의 역마라고 하지만 바람처럼 달리는 준마도 이보다 빠르지는 못하리\n(가) 국가에 경제 상황으로 옳은 것은?\n송상이 전국 각지에 송방을 두었다.\n활구라고 불리는 은병을 주조하였다.\n동시전을 설치하여 시장을 감독하였다.\n담배, 면화, 생강 등 상품 작물을 널리 재배하였다.\n일본과 교역을 위해 부산포, 염포, 제포를 개항하였다.""}]",source-candidate:6f324df2dc58ef6160e0,AKS:ARTICLE:E0037958:sha256-704d8ea620c542f5,AKS,예성강도,name,bidirectional_containment,CONFLICT,Work,"{""headword"": ""예성강도"", ""origin"": ""禮成江圖"", ""headword_origin"": ""예성강도(禮成江圖)"", ""primary_type"": ""작품/서화"", ""era"": ""고려/고려 전기"", ""definition"": ""고려시대의 화가 이녕(李寧)이 그린 실경산수화.""}","[{""left_source_candidate_id"": ""source-candidate:0bb1e7e111e81a91de8a"", ""right_source_candidate_id"": ""source-candidate:6f324df2dc58ef6160e0"", ""signals"": [], ""conflicts"": [""entity_type_conflict""], ""merge_eligible"": false}, {""left_source_candidate_id"": ""source-candidate:48722ab6842e32225d9f"", ""right_source_candidate_id"": ""source-candidate:6f324df2dc58ef6160e0"", ""signals"": [], ""conflicts"": [""entity_type_conflict""], ""merge_eligible"": false}, {""left_source_candidate_id"": ""source-candidate:6f324df2dc58ef6160e0"", ""right_source_candidate_id"": ""source-candidate:d2b7d44d7735b754bfe2"", ""signals"": [], ""conflicts"": [""entity_type_conflict""], ""merge_eligible"": false}, {""left_source_candidate_id"": ""source-candidate:6f324df2dc58ef6160e0"", ""right_source_candidate_id"": ""source-candidate:f460474c58ac55cf218f"", ""signals"": [], ""conflicts"": [""entity_type_conflict""], ""merge_eligible"": false}, {""left_source_candidate_id"": ""source-candidate:6f324df2dc58ef6160e0"", ""right_source_candidate_id"": ""source-candidate:f64738921783f01ca85c"", ""signals"": [], ""conflicts"": [""entity_type_conflict""], ""merge_eligible"": false}, {""left_source_candidate_id"": ""source-candidate:6f324df2dc58ef6160e0"", ""right_source_candidate_id"": ""source-candidate:f654c4e53a3fb2332da1"", ""signals"": [], ""conflicts"": [""entity_type_conflict""], ""merge_eligible"": false}]",EVIDENCE_ONLY,REJECTED,용어와 설명이 일치함,"예성강도(禮成江圖)는 고려 전기의 실경산수화라는 별도 작품이며, 예성강 지명과는 유형이 다르고 원천에 target 강과의 구체적 관계 설명이 없다.",,PENDING,,,
53,gold-case:9f195bcec537fabf7155,term-review-task:19e5d1083d313701b9e4,resolution-case:60d1fe4d4b13883a3a14,경상우병사,제도,"[{""problem_id"": ""cj_v41_0217"", ""full_text"": ""경상도 안핵사 박규수 아뢰옵니다. -4 금번 진주의 백성들이 변란을 일으킨 것은 오로지 전 경상 우병사 백낙신이 탐욕을 부려 수탈하였기 때문이다. 변란을 격발시킨 최를 물어 그를 엄중히 처결하도록 하소서.\n‘변란’에 대한 설명으로 옳은 것은?\n홍경래가 주도하여 봉기하였다.\n청군이 파병되는 결과를 가져왔다.\n흥선 대원군 집권 시기에 일어났다.\n삼정이정청이 설치되는 계기가 되었다.\n보국안민, 제폭구민을 기치로 내걸었다.""}, {""problem_id"": ""cj_v41_0358"", ""full_text"": ""진주의 난민들이 경상 우병사 백낙신을 협박하고 사람을 참혹하게 죽이는 사건이 일어났다고 합니다. 난민들이 이렇게 극도에 이른 경우는 없었는데, 평소에 잘 위무했다면 어찌 이런 일이 있었겠는가? 박규수를 경상도 안핵사로 내려 보내 사태를 수습토록 하라.\n‘사건’에 대한 설명으로 옳은 것은?\n청의 군대에 의해 진압되었다.\n삼정이정청이 설치되는 계기가 되었다.\n서북인에 대한 차별에 반발하여 일어났다.\n남접과 북접이 연합하여 조직적으로 전개되었다.\n함경도와 황해도에 방곡령이 선포되는 결과를 가져왔다.""}, {""problem_id"": ""cj_v41_1073"", ""full_text"": ""자네 소식 들었나? 지난달 진주에서 백성들이 난을 일으켜 관아를 습격하고 아전의 집을 불태웠다더군 나도 들었네. 경상 우병사 백낙 신의 탐학과 향리들의 횡포에 맞서 유계춘이 주도하였다고 하더군 경상 우병사 백낙신\n다음 가상 대화가 이루어진 시기의 사회 모습으로 가장 적 절한 것은?\n빈민 구제를 위해 흑창이 설치되었다.\n원종과 애노가 사벌주에서 봉기하였다.\n홍건적의 침입으로 개경이 함락되었다.\n지배층을 중심으로 변발과 호복이 유행하였다.\n안동 김씨 등의 세도 정치로 매관매직이 성행하였다.""}]",source-candidate:89a6f41186b5573fe502,AKS:ARTICLE:E0003231:sha256-704d8ea620c542f5,AKS,경상우병사,body,body_mention,COMPATIBLE,Concept,"{""headword"": ""계의병"", ""origin"": ""繼義兵"", ""headword_origin"": ""계의병(繼義兵)"", ""primary_type"": ""제도/법령·제도"", ""era"": ""조선/조선 후기"", ""definition"": ""1593년(선조 26) 임진왜란 때 호남지역에서 활약한 의병."", ""snippet"": ""임 제독관(提督官) 최경장(崔慶長)을 장수로 추대하였다. 최경장은 그 해 6월 진주성싸움에서 순국한 경상우병사 경회(慶會)의 아우였다. 그들은 ‘繼義(계의)’라는 글씨로 서로의 신표를 삼았다. 그러나 그 해 11월 조정""}","[{""left_source_candidate_id"": ""source-candidate:89a6f41186b5573fe502"", ""right_source_candidate_id"": ""source-candidate:8ecd6a236b6b4a3a299b"", ""signals"": [], ""conflicts"": [""entity_type_conflict""], ""merge_eligible"": false}]",REJECTED,EVIDENCE_ONLY,해당 용어와 정확하게 매칭되는 설명이 없음,"주 대상은 임진왜란기의 의병인 계의병이지만, 본문이 진주성 전투에서 순국한 경상우병사 경회(慶會)를 명시한다. 경상우병사라는 군직의 실제 재임자·사례를 제시하는 관계 근거이므로 증거 전용이다.",,PENDING,,,
53,gold-case:9f195bcec537fabf7155,term-review-task:19e5d1083d313701b9e4,resolution-case:60d1fe4d4b13883a3a14,경상우병사,제도,"[{""problem_id"": ""cj_v41_0217"", ""full_text"": ""경상도 안핵사 박규수 아뢰옵니다. -4 금번 진주의 백성들이 변란을 일으킨 것은 오로지 전 경상 우병사 백낙신이 탐욕을 부려 수탈하였기 때문이다. 변란을 격발시킨 최를 물어 그를 엄중히 처결하도록 하소서.\n‘변란’에 대한 설명으로 옳은 것은?\n홍경래가 주도하여 봉기하였다.\n청군이 파병되는 결과를 가져왔다.\n흥선 대원군 집권 시기에 일어났다.\n삼정이정청이 설치되는 계기가 되었다.\n보국안민, 제폭구민을 기치로 내걸었다.""}, {""problem_id"": ""cj_v41_0358"", ""full_text"": ""진주의 난민들이 경상 우병사 백낙신을 협박하고 사람을 참혹하게 죽이는 사건이 일어났다고 합니다. 난민들이 이렇게 극도에 이른 경우는 없었는데, 평소에 잘 위무했다면 어찌 이런 일이 있었겠는가? 박규수를 경상도 안핵사로 내려 보내 사태를 수습토록 하라.\n‘사건’에 대한 설명으로 옳은 것은?\n청의 군대에 의해 진압되었다.\n삼정이정청이 설치되는 계기가 되었다.\n서북인에 대한 차별에 반발하여 일어났다.\n남접과 북접이 연합하여 조직적으로 전개되었다.\n함경도와 황해도에 방곡령이 선포되는 결과를 가져왔다.""}, {""problem_id"": ""cj_v41_1073"", ""full_text"": ""자네 소식 들었나? 지난달 진주에서 백성들이 난을 일으켜 관아를 습격하고 아전의 집을 불태웠다더군 나도 들었네. 경상 우병사 백낙 신의 탐학과 향리들의 횡포에 맞서 유계춘이 주도하였다고 하더군 경상 우병사 백낙신\n다음 가상 대화가 이루어진 시기의 사회 모습으로 가장 적 절한 것은?\n빈민 구제를 위해 흑창이 설치되었다.\n원종과 애노가 사벌주에서 봉기하였다.\n홍건적의 침입으로 개경이 함락되었다.\n지배층을 중심으로 변발과 호복이 유행하였다.\n안동 김씨 등의 세도 정치로 매관매직이 성행하였다.""}]",source-candidate:6772c187eb0a9ea1379a,AKS:ARTICLE:E0002522:sha256-704d8ea620c542f5,AKS,경상우도,name,name_ngram,COMPATIBLE,Concept,"{""headword"": ""경상우도"", ""origin"": ""慶尙右道"", ""headword_origin"": ""경상우도(慶尙右道)"", ""primary_type"": ""제도/법령·제도"", ""era"": ""조선/조선 전기 | 조선/조선 후기"", ""definition"": ""조선시대에 경상도 지방의 행정구역을 동·서로 나누었을 때 경상도 서부 지역의 행정구역.""}","[{""left_source_candidate_id"": ""source-candidate:6772c187eb0a9ea1379a"", ""right_source_candidate_id"": ""source-candidate:8ecd6a236b6b4a3a299b"", ""signals"": [""normalized_name_match"", ""hanja_match""], ""conflicts"": [""entity_type_conflict""], ""merge_eligible"": false}]",EVIDENCE_ONLY,REJECTED,해당 용어와 정확하게 매칭되는 설명이 없음,"경상우도는 조선시대 경상도 서부의 행정구역이다. 경상우병사의 관할 명칭 일부와 지명이 겹치지만, 원천은 해당 관직 또는 그와의 관계를 설명하지 않는다.",,PENDING,,,
53,gold-case:9f195bcec537fabf7155,term-review-task:19e5d1083d313701b9e4,resolution-case:60d1fe4d4b13883a3a14,경상우병사,제도,"[{""problem_id"": ""cj_v41_0217"", ""full_text"": ""경상도 안핵사 박규수 아뢰옵니다. -4 금번 진주의 백성들이 변란을 일으킨 것은 오로지 전 경상 우병사 백낙신이 탐욕을 부려 수탈하였기 때문이다. 변란을 격발시킨 최를 물어 그를 엄중히 처결하도록 하소서.\n‘변란’에 대한 설명으로 옳은 것은?\n홍경래가 주도하여 봉기하였다.\n청군이 파병되는 결과를 가져왔다.\n흥선 대원군 집권 시기에 일어났다.\n삼정이정청이 설치되는 계기가 되었다.\n보국안민, 제폭구민을 기치로 내걸었다.""}, {""problem_id"": ""cj_v41_0358"", ""full_text"": ""진주의 난민들이 경상 우병사 백낙신을 협박하고 사람을 참혹하게 죽이는 사건이 일어났다고 합니다. 난민들이 이렇게 극도에 이른 경우는 없었는데, 평소에 잘 위무했다면 어찌 이런 일이 있었겠는가? 박규수를 경상도 안핵사로 내려 보내 사태를 수습토록 하라.\n‘사건’에 대한 설명으로 옳은 것은?\n청의 군대에 의해 진압되었다.\n삼정이정청이 설치되는 계기가 되었다.\n서북인에 대한 차별에 반발하여 일어났다.\n남접과 북접이 연합하여 조직적으로 전개되었다.\n함경도와 황해도에 방곡령이 선포되는 결과를 가져왔다.""}, {""problem_id"": ""cj_v41_1073"", ""full_text"": ""자네 소식 들었나? 지난달 진주에서 백성들이 난을 일으켜 관아를 습격하고 아전의 집을 불태웠다더군 나도 들었네. 경상 우병사 백낙 신의 탐학과 향리들의 횡포에 맞서 유계춘이 주도하였다고 하더군 경상 우병사 백낙신\n다음 가상 대화가 이루어진 시기의 사회 모습으로 가장 적 절한 것은?\n빈민 구제를 위해 흑창이 설치되었다.\n원종과 애노가 사벌주에서 봉기하였다.\n홍건적의 침입으로 개경이 함락되었다.\n지배층을 중심으로 변발과 호복이 유행하였다.\n안동 김씨 등의 세도 정치로 매관매직이 성행하였다.""}]",source-candidate:8ecd6a236b6b4a3a299b,THESAURUS:TERM:24408:sha256-1022516a18f91e61,THESAURUS,경상우도,name,name_ngram,UNKNOWN,Place,"{""term_name"": ""경상우도"", ""hanja"": ""慶尙右道"", ""era"": ""조선시대"", ""thesaurus_category"": ""지명"", ""description"": ""조선시대 경상도 지방의 행정 구역을 동서로 나누었을 때 낙동강 서부 지역."", ""term_year"": ""1407-?""}","[{""left_source_candidate_id"": ""source-candidate:6772c187eb0a9ea1379a"", ""right_source_candidate_id"": ""source-candidate:8ecd6a236b6b4a3a299b"", ""signals"": [""normalized_name_match"", ""hanja_match""], ""conflicts"": [""entity_type_conflict""], ""merge_eligible"": false}, {""left_source_candidate_id"": ""source-candidate:89a6f41186b5573fe502"", ""right_source_candidate_id"": ""source-candidate:8ecd6a236b6b4a3a299b"", ""signals"": [], ""conflicts"": [""entity_type_conflict""], ""merge_eligible"": false}, {""left_source_candidate_id"": ""source-candidate:8ecd6a236b6b4a3a299b"", ""right_source_candidate_id"": ""source-candidate:f49e5b375f2b6ae1de92"", ""signals"": [], ""conflicts"": [""entity_type_conflict""], ""merge_eligible"": false}]",EVIDENCE_ONLY,REJECTED,해당 용어와 정확하게 매칭되는 설명이 없음,"경상우도라는 지명·행정구역을 설명한 원천으로, 문제 target인 경상우병사 관직 자체가 아니며 구체적 관계도 제시하지 않는다.",,PENDING,,,
55,gold-case:014010e1f99d8d9d8ada,term-review-task:cf36dc1c3f28374a621c,resolution-case:a48bac39ed3d857ffc18,민족주의,사상,"[{""problem_id"": ""cj_v41_0133"", ""full_text"": ""4 이것은 순종의 인산일에 일어난 당시 장례 행렬에 모인 사람들에게 뿌려진 격문의 일부이다. - 대한 독립운동가여 단결하라! - 일체 납세를 거부하자! - 일본 물자를 배척하자! - 언론 - 출판 - 집회의 자유를! - 보통 교육은 의무 교육으로! - 교육 용어는 조선어로!\n(가) 민족 운동에 대한 설명으로 옳은 것은?\n대구에서 시작되어 전국으로 확산되었다.\n대한민국 임시 정부 수립에 영향을 주었다.\n민족주의 진영과 사회주의 진영이 함께 준비하였다.\n일제가 이른바 문화 통치를 실시하는 배경이 되었다.\n신간회 중앙 본부가 진상 조사단을 파견하여 지원하였다.""}, {""problem_id"": ""cj_v41_0277"", ""full_text"": ""행동 강령 1. 여성에 대한사회적 - 법률적 일체 차별 철폐 2. 일체 봉건적 인습과 미신 다파 3. 조혼 폐지 및 결혼의 자유 4. 인신매매 및 공창폐지 5. 농민 부인의 경제적 이익 옹호 6. 부인 노동의 임금 차별 철폐 및 산전 산후 임금 지불 7. 부인 및 소년공의 위험 노동 및 야입 폐지\n다음 강령을 발표한 단체에 대한 설명으로 옳은 것은?\n3·1 운동에 주도적으로 참여하였다.\n상하이에서 대동 단결 선언을 발표하였다.\n여성 교육을 위해 이화 학당을 설립하였다.\n최초의 여성 권리 선언문인 여권통문을 공표하였다.\n민족주의 계열과 사회주의 계열의 여성들이 연합하였다.""}]",source-candidate:eb3d798a8ad8d6496ac9,THESAURUS:TERM:5940:sha256-1022516a18f91e61,THESAURUS,신민족주의,description,bidirectional_containment,UNKNOWN,,"{""term_name"": ""신민족주의"", ""hanja"": ""新民族主義"", ""era"": ""현대"", ""thesaurus_category"": ""정치·행정·법제>정치사상·정책"", ""description"": ""1945년 8·15 이후 안재홍(安在鴻)이 국가 건설의 방향과 성격에 대하여 내세운 민족주의 이념."", ""term_year"": ""1945-?""}","[{""left_source_candidate_id"": ""source-candidate:eb3d798a8ad8d6496ac9"", ""right_source_candidate_id"": ""source-candidate:f208248df89b1290e7c3"", ""signals"": [""normalized_name_match"", ""hanja_match"", ""era_overlap""], ""conflicts"": [], ""merge_eligible"": true}]",EVIDENCE_ONLY,REJECTED,용어와 설명이 일치함,"신민족주의는 1945년 이후 안재홍이 제시한 별도의 정치 이념이다. 문제의 일제강점기 민족주의 계열 일반을 직접 설명하지 않으며, 명칭에 민족주의가 포함된 것만으로 동일 실체나 관계 근거가 되지 않는다.",,PENDING,,,
55,gold-case:014010e1f99d8d9d8ada,term-review-task:cf36dc1c3f28374a621c,resolution-case:a48bac39ed3d857ffc18,민족주의,사상,"[{""problem_id"": ""cj_v41_0133"", ""full_text"": ""4 이것은 순종의 인산일에 일어난 당시 장례 행렬에 모인 사람들에게 뿌려진 격문의 일부이다. - 대한 독립운동가여 단결하라! - 일체 납세를 거부하자! - 일본 물자를 배척하자! - 언론 - 출판 - 집회의 자유를! - 보통 교육은 의무 교육으로! - 교육 용어는 조선어로!\n(가) 민족 운동에 대한 설명으로 옳은 것은?\n대구에서 시작되어 전국으로 확산되었다.\n대한민국 임시 정부 수립에 영향을 주었다.\n민족주의 진영과 사회주의 진영이 함께 준비하였다.\n일제가 이른바 문화 통치를 실시하는 배경이 되었다.\n신간회 중앙 본부가 진상 조사단을 파견하여 지원하였다.""}, {""problem_id"": ""cj_v41_0277"", ""full_text"": ""행동 강령 1. 여성에 대한사회적 - 법률적 일체 차별 철폐 2. 일체 봉건적 인습과 미신 다파 3. 조혼 폐지 및 결혼의 자유 4. 인신매매 및 공창폐지 5. 농민 부인의 경제적 이익 옹호 6. 부인 노동의 임금 차별 철폐 및 산전 산후 임금 지불 7. 부인 및 소년공의 위험 노동 및 야입 폐지\n다음 강령을 발표한 단체에 대한 설명으로 옳은 것은?\n3·1 운동에 주도적으로 참여하였다.\n상하이에서 대동 단결 선언을 발표하였다.\n여성 교육을 위해 이화 학당을 설립하였다.\n최초의 여성 권리 선언문인 여권통문을 공표하였다.\n민족주의 계열과 사회주의 계열의 여성들이 연합하였다.""}]",source-candidate:934048989c5fddcc2dd6,THESAURUS:TERM:14688336:sha256-1022516a18f91e61,THESAURUS,신민족주의사학,description,bidirectional_containment,UNKNOWN,,"{""term_name"": ""신민족주의사학"", ""hanja"": ""新民族主義史學"", ""era"": ""현대"", ""thesaurus_category"": ""학술·과학기술>인문과학"", ""description"": ""1945년 광복 이후 민족주의사학의 새로운 진로를 모색하는 과정에서 나타난 한국 역사학계의 한 경향. 안재홍(安在鴻)·손진태(孫晉泰)·이인영(李仁榮)·조윤제(趙潤濟) 등이 이에 속함."", ""term_year"": ""1945-?""}","[{""left_source_candidate_id"": ""source-candidate:934048989c5fddcc2dd6"", ""right_source_candidate_id"": ""source-candidate:f28d22d93a0529811825"", ""signals"": [""normalized_name_match"", ""hanja_match"", ""era_overlap""], ""conflicts"": [], ""merge_eligible"": true}]",EVIDENCE_ONLY,REJECTED,민족주의와 신민족주의를 같은 카테고리로 묶는다면 이 신민족주의사학은 신민족주의아래에 분류,"신민족주의사학은 광복 이후 역사학계의 특정 학문 경향으로, 문제에서 말하는 민족주의 진영·계열이라는 일반 정치사상 및 운동 계열과 유형·시기가 다르다.",,PENDING,,,
55,gold-case:014010e1f99d8d9d8ada,term-review-task:cf36dc1c3f28374a621c,resolution-case:a48bac39ed3d857ffc18,민족주의,사상,"[{""problem_id"": ""cj_v41_0133"", ""full_text"": ""4 이것은 순종의 인산일에 일어난 당시 장례 행렬에 모인 사람들에게 뿌려진 격문의 일부이다. - 대한 독립운동가여 단결하라! - 일체 납세를 거부하자! - 일본 물자를 배척하자! - 언론 - 출판 - 집회의 자유를! - 보통 교육은 의무 교육으로! - 교육 용어는 조선어로!\n(가) 민족 운동에 대한 설명으로 옳은 것은?\n대구에서 시작되어 전국으로 확산되었다.\n대한민국 임시 정부 수립에 영향을 주었다.\n민족주의 진영과 사회주의 진영이 함께 준비하였다.\n일제가 이른바 문화 통치를 실시하는 배경이 되었다.\n신간회 중앙 본부가 진상 조사단을 파견하여 지원하였다.""}, {""problem_id"": ""cj_v41_0277"", ""full_text"": ""행동 강령 1. 여성에 대한사회적 - 법률적 일체 차별 철폐 2. 일체 봉건적 인습과 미신 다파 3. 조혼 폐지 및 결혼의 자유 4. 인신매매 및 공창폐지 5. 농민 부인의 경제적 이익 옹호 6. 부인 노동의 임금 차별 철폐 및 산전 산후 임금 지불 7. 부인 및 소년공의 위험 노동 및 야입 폐지\n다음 강령을 발표한 단체에 대한 설명으로 옳은 것은?\n3·1 운동에 주도적으로 참여하였다.\n상하이에서 대동 단결 선언을 발표하였다.\n여성 교육을 위해 이화 학당을 설립하였다.\n최초의 여성 권리 선언문인 여권통문을 공표하였다.\n민족주의 계열과 사회주의 계열의 여성들이 연합하였다.""}]",source-candidate:910a2ca022dbfd5a91d0,THESAURUS:TERM:21000675:sha256-1022516a18f91e61,THESAURUS,비타협적민족주의,description,bidirectional_containment,UNKNOWN,,"{""term_name"": ""비타협적민족주의"", ""hanja"": ""非妥協的民族主義"", ""era"": ""일제시기"", ""thesaurus_category"": ""정치·행정·법제>정치사상·정책"", ""description"": ""일제시기에 절대적 독립을 원칙으로 하는 부르주아 민족주의 운동 노선."", ""term_year"": ""?-?""}",[],EVIDENCE_ONLY,REJECTED,용어와 설명이 일치함,"비타협적민족주의는 일제시기 부르주아 민족주의 운동 내부의 특정 독립운동 노선이다. 문제 target인 일반 민족주의와는 확장·세부 노선 관계일 뿐이며, 문제 문맥이 이 노선을 지시하지 않는다.",,PENDING,,,
55,gold-case:014010e1f99d8d9d8ada,term-review-task:cf36dc1c3f28374a621c,resolution-case:a48bac39ed3d857ffc18,민족주의,사상,"[{""problem_id"": ""cj_v41_0133"", ""full_text"": ""4 이것은 순종의 인산일에 일어난 당시 장례 행렬에 모인 사람들에게 뿌려진 격문의 일부이다. - 대한 독립운동가여 단결하라! - 일체 납세를 거부하자! - 일본 물자를 배척하자! - 언론 - 출판 - 집회의 자유를! - 보통 교육은 의무 교육으로! - 교육 용어는 조선어로!\n(가) 민족 운동에 대한 설명으로 옳은 것은?\n대구에서 시작되어 전국으로 확산되었다.\n대한민국 임시 정부 수립에 영향을 주었다.\n민족주의 진영과 사회주의 진영이 함께 준비하였다.\n일제가 이른바 문화 통치를 실시하는 배경이 되었다.\n신간회 중앙 본부가 진상 조사단을 파견하여 지원하였다.""}, {""problem_id"": ""cj_v41_0277"", ""full_text"": ""행동 강령 1. 여성에 대한사회적 - 법률적 일체 차별 철폐 2. 일체 봉건적 인습과 미신 다파 3. 조혼 폐지 및 결혼의 자유 4. 인신매매 및 공창폐지 5. 농민 부인의 경제적 이익 옹호 6. 부인 노동의 임금 차별 철폐 및 산전 산후 임금 지불 7. 부인 및 소년공의 위험 노동 및 야입 폐지\n다음 강령을 발표한 단체에 대한 설명으로 옳은 것은?\n3·1 운동에 주도적으로 참여하였다.\n상하이에서 대동 단결 선언을 발표하였다.\n여성 교육을 위해 이화 학당을 설립하였다.\n최초의 여성 권리 선언문인 여권통문을 공표하였다.\n민족주의 계열과 사회주의 계열의 여성들이 연합하였다.""}]",source-candidate:45a89050c2d100ec2fbd,THESAURUS:TERM:39848184:sha256-1022516a18f91e61,THESAURUS,민족주의운동노선,description,bidirectional_containment,UNKNOWN,,"{""term_name"": ""민족주의운동노선"", ""hanja"": ""民族主義運動路線"", ""era"": ""일제시기"", ""thesaurus_category"": ""사회운동·독립운동>독립운동>민족주의운동(독립)"", ""description"": ""일제시기 독립운동 중 민족주의운동을 지향하는 노선."", ""term_year"": ""1910-1945""}",[],EVIDENCE_ONLY,REJECTED,용어와 설명이 일치함,"민족주의운동노선은 일제시기 독립운동에서 민족주의 운동을 지향하는 특정 운동 노선이라는 별도 개념이다. 일반 정치사상으로서의 민족주의 자체와 동일하지 않고, 문제 문맥에 이 세부 표제어를 특정하는 단서가 없다.",,PENDING,,,
55,gold-case:014010e1f99d8d9d8ada,term-review-task:cf36dc1c3f28374a621c,resolution-case:a48bac39ed3d857ffc18,민족주의,사상,"[{""problem_id"": ""cj_v41_0133"", ""full_text"": ""4 이것은 순종의 인산일에 일어난 당시 장례 행렬에 모인 사람들에게 뿌려진 격문의 일부이다. - 대한 독립운동가여 단결하라! - 일체 납세를 거부하자! - 일본 물자를 배척하자! - 언론 - 출판 - 집회의 자유를! - 보통 교육은 의무 교육으로! - 교육 용어는 조선어로!\n(가) 민족 운동에 대한 설명으로 옳은 것은?\n대구에서 시작되어 전국으로 확산되었다.\n대한민국 임시 정부 수립에 영향을 주었다.\n민족주의 진영과 사회주의 진영이 함께 준비하였다.\n일제가 이른바 문화 통치를 실시하는 배경이 되었다.\n신간회 중앙 본부가 진상 조사단을 파견하여 지원하였다.""}, {""problem_id"": ""cj_v41_0277"", ""full_text"": ""행동 강령 1. 여성에 대한사회적 - 법률적 일체 차별 철폐 2. 일체 봉건적 인습과 미신 다파 3. 조혼 폐지 및 결혼의 자유 4. 인신매매 및 공창폐지 5. 농민 부인의 경제적 이익 옹호 6. 부인 노동의 임금 차별 철폐 및 산전 산후 임금 지불 7. 부인 및 소년공의 위험 노동 및 야입 폐지\n다음 강령을 발표한 단체에 대한 설명으로 옳은 것은?\n3·1 운동에 주도적으로 참여하였다.\n상하이에서 대동 단결 선언을 발표하였다.\n여성 교육을 위해 이화 학당을 설립하였다.\n최초의 여성 권리 선언문인 여권통문을 공표하였다.\n민족주의 계열과 사회주의 계열의 여성들이 연합하였다.""}]",source-candidate:f208248df89b1290e7c3,AKS:ARTICLE:E0032971:sha256-704d8ea620c542f5,AKS,신민족주의,name,bidirectional_containment,COMPATIBLE,Concept,"{""headword"": ""신민족주의"", ""origin"": ""新民族主義"", ""headword_origin"": ""신민족주의(新民族主義)"", ""primary_type"": ""개념"", ""era"": ""현대"", ""definition"": ""해방 이후부터 안재홍이 통일민족국가 건설을 위하여 주창한 정치적 이념.""}","[{""left_source_candidate_id"": ""source-candidate:eb3d798a8ad8d6496ac9"", ""right_source_candidate_id"": ""source-candidate:f208248df89b1290e7c3"", ""signals"": [""normalized_name_match"", ""hanja_match"", ""era_overlap""], ""conflicts"": [], ""merge_eligible"": true}]",EVIDENCE_ONLY,REJECTED,용어와 설명이 일치함,"신민족주의는 해방 이후 안재홍의 통일민족국가 건설 이념으로, 문제의 일제강점기 민족주의 계열 일반과 별도 실체다.",,PENDING,,,
55,gold-case:014010e1f99d8d9d8ada,term-review-task:cf36dc1c3f28374a621c,resolution-case:a48bac39ed3d857ffc18,민족주의,사상,"[{""problem_id"": ""cj_v41_0133"", ""full_text"": ""4 이것은 순종의 인산일에 일어난 당시 장례 행렬에 모인 사람들에게 뿌려진 격문의 일부이다. - 대한 독립운동가여 단결하라! - 일체 납세를 거부하자! - 일본 물자를 배척하자! - 언론 - 출판 - 집회의 자유를! - 보통 교육은 의무 교육으로! - 교육 용어는 조선어로!\n(가) 민족 운동에 대한 설명으로 옳은 것은?\n대구에서 시작되어 전국으로 확산되었다.\n대한민국 임시 정부 수립에 영향을 주었다.\n민족주의 진영과 사회주의 진영이 함께 준비하였다.\n일제가 이른바 문화 통치를 실시하는 배경이 되었다.\n신간회 중앙 본부가 진상 조사단을 파견하여 지원하였다.""}, {""problem_id"": ""cj_v41_0277"", ""full_text"": ""행동 강령 1. 여성에 대한사회적 - 법률적 일체 차별 철폐 2. 일체 봉건적 인습과 미신 다파 3. 조혼 폐지 및 결혼의 자유 4. 인신매매 및 공창폐지 5. 농민 부인의 경제적 이익 옹호 6. 부인 노동의 임금 차별 철폐 및 산전 산후 임금 지불 7. 부인 및 소년공의 위험 노동 및 야입 폐지\n다음 강령을 발표한 단체에 대한 설명으로 옳은 것은?\n3·1 운동에 주도적으로 참여하였다.\n상하이에서 대동 단결 선언을 발표하였다.\n여성 교육을 위해 이화 학당을 설립하였다.\n최초의 여성 권리 선언문인 여권통문을 공표하였다.\n민족주의 계열과 사회주의 계열의 여성들이 연합하였다.""}]",source-candidate:c14efb6558147a1df77f,AKS:ARTICLE:E0020273:sha256-704d8ea620c542f5,AKS,민족주의 사학,name,bidirectional_containment,COMPATIBLE,Concept,"{""headword"": ""민족주의 사학"", ""origin"": ""民族主義 史學"", ""headword_origin"": ""민족주의 사학(民族主義 史學)"", ""primary_type"": ""개념"", ""era"": ""근대/일제강점기"", ""definition"": ""식민치하의 현실인식에 기초해, 일제의 식민사학에 정면으로 대결하면서 한민족의 주체적인 역사상을 수립하고자 했던 민족진영의 역사학.""}",[],EVIDENCE_ONLY,REJECTED,용어와 설명이 일치함,"민족주의 사학은 식민사학에 대항한 역사학 방법·학문 경향이다. 문제의 민족운동 및 여성운동에서의 민족주의 계열과 대상 유형이 다르며, 단순 포함어 일치다.",,PENDING,,,
55,gold-case:014010e1f99d8d9d8ada,term-review-task:cf36dc1c3f28374a621c,resolution-case:a48bac39ed3d857ffc18,민족주의,사상,"[{""problem_id"": ""cj_v41_0133"", ""full_text"": ""4 이것은 순종의 인산일에 일어난 당시 장례 행렬에 모인 사람들에게 뿌려진 격문의 일부이다. - 대한 독립운동가여 단결하라! - 일체 납세를 거부하자! - 일본 물자를 배척하자! - 언론 - 출판 - 집회의 자유를! - 보통 교육은 의무 교육으로! - 교육 용어는 조선어로!\n(가) 민족 운동에 대한 설명으로 옳은 것은?\n대구에서 시작되어 전국으로 확산되었다.\n대한민국 임시 정부 수립에 영향을 주었다.\n민족주의 진영과 사회주의 진영이 함께 준비하였다.\n일제가 이른바 문화 통치를 실시하는 배경이 되었다.\n신간회 중앙 본부가 진상 조사단을 파견하여 지원하였다.""}, {""problem_id"": ""cj_v41_0277"", ""full_text"": ""행동 강령 1. 여성에 대한사회적 - 법률적 일체 차별 철폐 2. 일체 봉건적 인습과 미신 다파 3. 조혼 폐지 및 결혼의 자유 4. 인신매매 및 공창폐지 5. 농민 부인의 경제적 이익 옹호 6. 부인 노동의 임금 차별 철폐 및 산전 산후 임금 지불 7. 부인 및 소년공의 위험 노동 및 야입 폐지\n다음 강령을 발표한 단체에 대한 설명으로 옳은 것은?\n3·1 운동에 주도적으로 참여하였다.\n상하이에서 대동 단결 선언을 발표하였다.\n여성 교육을 위해 이화 학당을 설립하였다.\n최초의 여성 권리 선언문인 여권통문을 공표하였다.\n민족주의 계열과 사회주의 계열의 여성들이 연합하였다.""}]",source-candidate:4b875e29f24aeb4d9c4f,AKS:ARTICLE:E0076108:sha256-704d8ea620c542f5,AKS,단군민족주의,name,bidirectional_containment,COMPATIBLE,Concept,"{""headword"": ""단군민족주의"", ""origin"": ""檀君民族主義"", ""headword_origin"": ""단군민족주의(檀君民族主義)"", ""primary_type"": ""개념"", ""era"": ""현대"", ""definition"": ""단군의 고조선 건국을 민족의 출발점으로 보고 단군 자손이라는 정체성에 기초하여 민족적 결속과 자주독립 및 발전을 도모하려는 종교운동. 정치사상.""}",[],EVIDENCE_ONLY,REJECTED,용어와 설명이 일치함,단군민족주의는 단군을 민족 정체성의 기반으로 삼는 특정 종교운동·정치사상이다. 일반 민족주의와 동일하지 않고 문제에 단군 관련 단서도 없다.,,PENDING,,,
55,gold-case:014010e1f99d8d9d8ada,term-review-task:cf36dc1c3f28374a621c,resolution-case:a48bac39ed3d857ffc18,민족주의,사상,"[{""problem_id"": ""cj_v41_0133"", ""full_text"": ""4 이것은 순종의 인산일에 일어난 당시 장례 행렬에 모인 사람들에게 뿌려진 격문의 일부이다. - 대한 독립운동가여 단결하라! - 일체 납세를 거부하자! - 일본 물자를 배척하자! - 언론 - 출판 - 집회의 자유를! - 보통 교육은 의무 교육으로! - 교육 용어는 조선어로!\n(가) 민족 운동에 대한 설명으로 옳은 것은?\n대구에서 시작되어 전국으로 확산되었다.\n대한민국 임시 정부 수립에 영향을 주었다.\n민족주의 진영과 사회주의 진영이 함께 준비하였다.\n일제가 이른바 문화 통치를 실시하는 배경이 되었다.\n신간회 중앙 본부가 진상 조사단을 파견하여 지원하였다.""}, {""problem_id"": ""cj_v41_0277"", ""full_text"": ""행동 강령 1. 여성에 대한사회적 - 법률적 일체 차별 철폐 2. 일체 봉건적 인습과 미신 다파 3. 조혼 폐지 및 결혼의 자유 4. 인신매매 및 공창폐지 5. 농민 부인의 경제적 이익 옹호 6. 부인 노동의 임금 차별 철폐 및 산전 산후 임금 지불 7. 부인 및 소년공의 위험 노동 및 야입 폐지\n다음 강령을 발표한 단체에 대한 설명으로 옳은 것은?\n3·1 운동에 주도적으로 참여하였다.\n상하이에서 대동 단결 선언을 발표하였다.\n여성 교육을 위해 이화 학당을 설립하였다.\n최초의 여성 권리 선언문인 여권통문을 공표하였다.\n민족주의 계열과 사회주의 계열의 여성들이 연합하였다.""}]",source-candidate:f28d22d93a0529811825,AKS:ARTICLE:E0032972:sha256-704d8ea620c542f5,AKS,신민족주의사학,name,bidirectional_containment,COMPATIBLE,Concept,"{""headword"": ""신민족주의사학"", ""origin"": ""新民族主義史學"", ""headword_origin"": ""신민족주의사학(新民族主義史學)"", ""primary_type"": ""개념"", ""era"": ""현대"", ""definition"": ""해방 이후 민족주의사학의 역할 변화에 따라 새로운 진로를 모색하는 과정에서 나타난 한국 역사학계의 학문사조.""}","[{""left_source_candidate_id"": ""source-candidate:934048989c5fddcc2dd6"", ""right_source_candidate_id"": ""source-candidate:f28d22d93a0529811825"", ""signals"": [""normalized_name_match"", ""hanja_match"", ""era_overlap""], ""conflicts"": [], ""merge_eligible"": true}]",EVIDENCE_ONLY,REJECTED,용어와 설명이 일치함,"신민족주의사학은 광복 이후 민족주의사학의 변화 과정에서 나온 특정 학문사조로, 문제의 일반 민족주의 계열과 별개다.",,PENDING,,,
56,gold-case:ad195e088fc9dc29da1e,term-review-task:d6c48cccd2b50ade8170,resolution-case:cbb94badf19c7c9442a6,칠정산 외편,문헌,"[{""problem_id"": ""cj_v41_0065"", ""full_text"": ""이 우표 속 인물은 15세기 조선의 과학 기술 발전에 기여하였다. 이 인물의 활동에 대해 말해 볼까요? 〈한국 과학 기술인 기념우표에 선정된 인물 탐구〉 - 생몰: ?~1465년 - 주요 활동 - 세종 때 문과 급제 - 갑인자 제작에 참여 - 천문의 상을 교정·제작 - 저서: 제가역상집, 교식추보법 등\n교사의 질문에 대한 학생의 답변으로 옳은 것은?\n종두법을 소개하였다.\n거중기를 설계하였다.\n동의보감을 완성하였다.\n칠정산 외편을 편찬하였다.\n대동여지도를 제작하였다.""}]",source-candidate:32aec048191822d66ff3,THESAURUS:TERM:25160:sha256-1022516a18f91e61,THESAURUS,칠정산,name,bidirectional_containment,UNKNOWN,Work,"{""term_name"": ""칠정산"", ""hanja"": ""七政算"", ""era"": ""조선전기"", ""thesaurus_category"": ""서명"", ""description"": ""1444년(세종 26)에 이순지(李純之)·김담(金淡)이 왕명으로 편찬한 역서(曆書)."", ""term_year"": ""1444""}",[],EVIDENCE_ONLY,REJECTED,용어와 설명이 일치함,"이 후보는 제목이 칠정산(七政算)으로, 문제의 정답 표제인 칠정산 외편(七政算外篇)과는 별도 문헌이다. 같은 1444년 이순지·김담 편찬 역서라는 정보만으로 외편과의 동일성이 성립하지 않으며, 포함·축약 명칭은 identity 근거가 아니다.",,PENDING,,,
58,gold-case:7036283c890ecceb3235,term-review-task:2373426378f0655de0c6,resolution-case:dcc8b309c63d85d2963e,인골,유물,"[{""problem_id"": ""cj_v41_1482"", ""full_text"": ""오늘 소개할 곳은 여수 안도 조개더미 유적이다. 이 유적에서는 농경과 목축이 시작된 (가) 시대의 인골과 조개팔찌 등이 출토되어 당시의 매장 풍습을 확인할 수 있다. 또한 이 유적에서 출토된 덧무늬 토기, 눌러찍은 무늬 토기 등을 통해 (가) 시대에는 빗살무늬 토기 이외에도 다양한 토기가 사용되었음을 알 수 있다.\n(가) 시대의 생활 모습으로 가장 적절한 것은?\n청동 방울 등을 의례 도구로 이용하였다.\n주먹도끼 등 뗀석기를 만들기 시작하였다.\n거푸집을 사용하여 세형 동검을 제작하였다.\n쟁기, 쇠스랑 등의 철제 농기구를 사용하였다.\n가락바귀와 뼈바늘을 이용하여 옷을 만들었다.""}]",source-candidate:8c99e5f61d78b890c190,AKS:ARTICLE:E0027032:sha256-704d8ea620c542f5,AKS,인골,body,body_mention,COMPATIBLE,Heritage,"{""headword"": ""상노대도 패총"", ""origin"": ""上老大島 貝塚"", ""headword_origin"": ""상노대도 패총(上老大島 貝塚)"", ""primary_type"": ""유적"", ""era"": ""선사/석기"", ""definition"": ""경상남도 통영시 욕지면에 있는 석기시대 신석기의 즐문토기·석기 등이 출토된 조개더미."", ""snippet"": ""패층 내에서는 분묘 1기와 집석유구 6기가 확인되었다. 유물은 각층에서 즐문토기, 석기, 조개팔찌, 인골 등이 출토 되었으며, 그밖에 어패류, 동물유존체 등도 다수 출토되었다. 즐문토기는 여러 시기의 다양""}",[],EVIDENCE_ONLY,REJECTED,인골이 시험문제로 출제되지는 않겠지만 인골로 검색하여 나온 키워드들이 괜찮아서,상노대도 패총이 주 대상이다. 조개팔찌·인골이 출토되었다는 내용은 안도 조개더미 인골과의 관계를 설명하지 않는 별도 유적의 출토 기록이다.,,PENDING,,,
58,gold-case:7036283c890ecceb3235,term-review-task:2373426378f0655de0c6,resolution-case:dcc8b309c63d85d2963e,인골,유물,"[{""problem_id"": ""cj_v41_1482"", ""full_text"": ""오늘 소개할 곳은 여수 안도 조개더미 유적이다. 이 유적에서는 농경과 목축이 시작된 (가) 시대의 인골과 조개팔찌 등이 출토되어 당시의 매장 풍습을 확인할 수 있다. 또한 이 유적에서 출토된 덧무늬 토기, 눌러찍은 무늬 토기 등을 통해 (가) 시대에는 빗살무늬 토기 이외에도 다양한 토기가 사용되었음을 알 수 있다.\n(가) 시대의 생활 모습으로 가장 적절한 것은?\n청동 방울 등을 의례 도구로 이용하였다.\n주먹도끼 등 뗀석기를 만들기 시작하였다.\n거푸집을 사용하여 세형 동검을 제작하였다.\n쟁기, 쇠스랑 등의 철제 농기구를 사용하였다.\n가락바귀와 뼈바늘을 이용하여 옷을 만들었다.""}]",source-candidate:84e2820aa39d1d5cae9a,AKS:ARTICLE:E0056967:sha256-704d8ea620c542f5,AKS,인골,body,body_mention,COMPATIBLE,Heritage,"{""headword"": ""초도 유적"", ""origin"": ""草島 遺蹟"", ""headword_origin"": ""초도 유적(草島 遺蹟)"", ""primary_type"": ""유적"", ""era"": ""선사/석기"", ""definition"": ""북한 함경북도 나진시에 있는 석기시대 이후 집터와 석기류·토기류 등이 출토된 조개더미."", ""snippet"": ""종 유물과 조개더미(貝塚)·주거지를 발견하였다. 패각층(貝殼層)에서는 석기·토기·골각기 등의 유물이 인골(人骨)·수골(獸骨)과 함께 주로 발견되었고, 주거지에서는 노지(爐址)와 진흙을 깔아 다진 주거지 바닥이""}",[],EVIDENCE_ONLY,REJECTED,인골이 시험문제로 출제되지는 않겠지만 인골로 검색하여 나온 키워드들이 괜찮아서,북한 나진 초도 유적이 주 대상이며 해당 유적에서 인골이 발견되었다는 별도 출토 사례일 뿐 안도 유적 인골과의 구체적 관계가 없다.,,PENDING,,,
59,gold-case:3a59d43f3114cee3655c,term-review-task:0c7fb90cbf2cc51b7046,resolution-case:9a51874ca9b4ade162f0,창경궁,유적,"[{""problem_id"": ""cj_v41_0445"", ""full_text"": ""이곳은 창경궁의 정문인 홍화문이다. 창경궁은 (가)이/가 정희 왕후 등 세 분의 대비를 모시기 위해 수강궁을 수리하여 조성한 궁궐이다. (가)은/는 경국대전 완성 등 많은 업적을 남겼습니다.\n(가) 왕의 재위 기간에 있었던 사실로 옳은 것은?\n탕평비가 건립되었다.\n상평통보가 주조되었다.\n악학궤범이 간행되었다.\n훈련도감이 설치되었다.\n초계문신제가 시행되었다.""}, {""problem_id"": ""cj_v41_0887"", ""full_text"": ""답사 계획서 回 주제: 근대 역사의 현장을 찾아서 기간. 2023년 00월 00일1 10:00~16:00 경로. 기기창- 제중원 터 -박문국 터 -중명전 -수 원각사 터 (가) 기기창 경복궁 사직단 (마) 원각사 터 경회궁 덕수궁 (라》 중명전 숭례문 창경궁 (나) 저조 터 창덕궁 운현궁 종묘 청계천 (다) 박문국 터\n(가)~(마)에 대한 설명으로 옳은 것은?\n(가) - 우리나라 최초의 근대 신문이 간행되었다.\n(나) - 고종의 황제 즉위식이 거행된 장소이다.\n(다) - 백동화가 주조되었다.\n(라) - 을사늑약이 체결되었다.\n(마) - 나운규의 아리랑이 처음 상영된 곳이다.""}]",source-candidate:c905734ae25db5bba53c,AKS:ARTICLE:E0055320:sha256-704d8ea620c542f5,AKS,창경궁 경춘전,name,bidirectional_containment,COMPATIBLE,Heritage,"{""headword"": ""창경궁 경춘전"", ""origin"": ""昌慶宮 景春殿"", ""headword_origin"": ""창경궁 경춘전(昌慶宮 景春殿)"", ""primary_type"": ""유적/건물"", ""era"": ""조선/조선 후기"", ""definition"": ""서울특별시 종로구에 있는 조선후기 에 중건된 전각.""}",[],EVIDENCE_ONLY,REJECTED,용어와 설명이 일치함,"창경궁 경춘전이라는 별도 전각을 다루며, 제공된 정의는 조선후기 중건 전각이라는 설명만 있을 뿐 창경궁 자체와의 관계를 명시적으로 설명하지 않는다. 확장 표제어의 문자열 포함만으로는 창경궁의 identity member 또는 evidence가 될 수 없다.",,PENDING,,,
59,gold-case:3a59d43f3114cee3655c,term-review-task:0c7fb90cbf2cc51b7046,resolution-case:9a51874ca9b4ade162f0,창경궁,유적,"[{""problem_id"": ""cj_v41_0445"", ""full_text"": ""이곳은 창경궁의 정문인 홍화문이다. 창경궁은 (가)이/가 정희 왕후 등 세 분의 대비를 모시기 위해 수강궁을 수리하여 조성한 궁궐이다. (가)은/는 경국대전 완성 등 많은 업적을 남겼습니다.\n(가) 왕의 재위 기간에 있었던 사실로 옳은 것은?\n탕평비가 건립되었다.\n상평통보가 주조되었다.\n악학궤범이 간행되었다.\n훈련도감이 설치되었다.\n초계문신제가 시행되었다.""}, {""problem_id"": ""cj_v41_0887"", ""full_text"": ""답사 계획서 回 주제: 근대 역사의 현장을 찾아서 기간. 2023년 00월 00일1 10:00~16:00 경로. 기기창- 제중원 터 -박문국 터 -중명전 -수 원각사 터 (가) 기기창 경복궁 사직단 (마) 원각사 터 경회궁 덕수궁 (라》 중명전 숭례문 창경궁 (나) 저조 터 창덕궁 운현궁 종묘 청계천 (다) 박문국 터\n(가)~(마)에 대한 설명으로 옳은 것은?\n(가) - 우리나라 최초의 근대 신문이 간행되었다.\n(나) - 고종의 황제 즉위식이 거행된 장소이다.\n(다) - 백동화가 주조되었다.\n(라) - 을사늑약이 체결되었다.\n(마) - 나운규의 아리랑이 처음 상영된 곳이다.""}]",source-candidate:a20213c729597399bfbf,AKS:ARTICLE:E0055328:sha256-704d8ea620c542f5,AKS,창경궁 환경전,name,bidirectional_containment,COMPATIBLE,Heritage,"{""headword"": ""창경궁 환경전"", ""origin"": ""昌慶宮 歡慶殿"", ""headword_origin"": ""창경궁 환경전(昌慶宮 歡慶殿)"", ""primary_type"": ""유적/건물"", ""era"": ""조선/조선 전기"", ""definition"": ""서울특별시 종로구에 있는 조선전기 침전으로 사용한 전각.""}",[],EVIDENCE_ONLY,REJECTED,용어와 설명이 일치함,"창경궁 환경전이라는 별도 침전 전각을 다루며, 제공된 정의에는 창경궁과의 소속·소재 관계가 명시되지 않는다. 표제어에 포함된 궁궐명만으로는 관계 근거가 부족하다.",,PENDING,,,
59,gold-case:3a59d43f3114cee3655c,term-review-task:0c7fb90cbf2cc51b7046,resolution-case:9a51874ca9b4ade162f0,창경궁,유적,"[{""problem_id"": ""cj_v41_0445"", ""full_text"": ""이곳은 창경궁의 정문인 홍화문이다. 창경궁은 (가)이/가 정희 왕후 등 세 분의 대비를 모시기 위해 수강궁을 수리하여 조성한 궁궐이다. (가)은/는 경국대전 완성 등 많은 업적을 남겼습니다.\n(가) 왕의 재위 기간에 있었던 사실로 옳은 것은?\n탕평비가 건립되었다.\n상평통보가 주조되었다.\n악학궤범이 간행되었다.\n훈련도감이 설치되었다.\n초계문신제가 시행되었다.""}, {""problem_id"": ""cj_v41_0887"", ""full_text"": ""답사 계획서 回 주제: 근대 역사의 현장을 찾아서 기간. 2023년 00월 00일1 10:00~16:00 경로. 기기창- 제중원 터 -박문국 터 -중명전 -수 원각사 터 (가) 기기창 경복궁 사직단 (마) 원각사 터 경회궁 덕수궁 (라》 중명전 숭례문 창경궁 (나) 저조 터 창덕궁 운현궁 종묘 청계천 (다) 박문국 터\n(가)~(마)에 대한 설명으로 옳은 것은?\n(가) - 우리나라 최초의 근대 신문이 간행되었다.\n(나) - 고종의 황제 즉위식이 거행된 장소이다.\n(다) - 백동화가 주조되었다.\n(라) - 을사늑약이 체결되었다.\n(마) - 나운규의 아리랑이 처음 상영된 곳이다.""}]",source-candidate:93fe2adc31da4908282b,AKS:ARTICLE:E0023287:sha256-704d8ea620c542f5,AKS,창경궁 자격루,name,bidirectional_containment,CONFLICT,Heritage,"{""headword"": ""창경궁 자격루"", ""aliases"": [""국보 제229호"", ""보루각 자격루""], ""origin"": ""昌慶宮 自擊漏"", ""headword_origin"": ""창경궁 자격루(昌慶宮 自擊漏)"", ""primary_type"": ""물품"", ""era"": ""조선/조선 전기"", ""definition"": ""1536년(중종 31)에 만들어진 조선시대의 물시계.""}",[],EVIDENCE_ONLY,REJECTED,용어와 설명이 일치함,"주 대상은 1536년에 제작된 물시계 자격루라는 별도 물품이다. 제공된 정의는 창경궁과의 설치·소재·소속 관계를 설명하지 않고 명칭에만 창경궁이 포함되어 있으므로, 문제의 궁궐 target에 대한 직접 원천이나 관계 근거가 아니다.",,PENDING,,,
73,gold-case:3f6a331e92193bbb145b,term-review-task:74e35060983198350e21,resolution-case:e353a2b84b46bd9879f4,단연보국채,문헌,"[{""problem_id"": ""cj_v41_0745"", ""full_text"": ""나는 23세 때 육영 공원의 교사로 조선에 와서 학생들을 가르쳤최 고종의 특사가 되어 만국 평화 회의가 열린 헤이그를 방문하였고. 대한 제국 일망사를 출간하기도 했최 나는 한국인의 권리와 자유를 위해 짜워왔으며 한국인에 대한 사랑은 내 인생의 가장 소중한 가치라오 나는 웨스트민스터 사원보다 한국 땅에 묻히기를 염원하으\n다음 인물의 활동으로 옳은 것은?\n화폐 정리 사업을 주도하였다.\n한글로 된 교재인 사민필지를 집필하였다.\n여성 교육 기관인 이화 학당을 설립하였다.\n친일 인사 스티븐스를 샌프란시스코에서 사살하였다.\n논설 단연보국채를 써서 국채 보상 운동에 적극 참여하였다.""}, {""problem_id"": ""cj_v41_0792"", ""full_text"": ""11:07 나는 지금 군산근대역사박물관 광장에 와 있어. 이곳에 동상이 있네. 6 1 그에 대해 설명해 줄래? 최익현과 함께 의병을 일으켰다가 일본에 의해 쓰시마성으로 끌려가 고초를 겪었어. 이후에는 조선 총독 에게 국권 반환 요구서를 발송하려 다가 체포되어 순국하였지\n(가) 인물의 활동으로 옳은 것은?\n명동 성당 앞에서 이완용을 습격하였다.\n고종의 밀지를 받아 독립 의군부를 조직하였다.\n국권 침탈 과정을 정리한 한국통사를 저술하였다.\n13도 창의군의 총대장으로 서울 진공 작전을 지휘하였다.\n논설 단연보국채를 써서 국채 보상 운동에 적극 참여하였다.""}]",source-candidate:4c5d8f1e7a6010698825,THESAURUS:TERM:14398:sha256-1022516a18f91e61,THESAURUS,국채보상단연회,name,name_ngram,UNKNOWN,,"{""term_name"": ""국채보상단연회"", ""hanja"": ""國債報償斷煙會"", ""era"": ""근대"", ""thesaurus_category"": ""사회운동·독립운동>사회운동>계몽운동"", ""description"": ""국채보상을 목적으로 1907년 대구에서 김광제(金光濟)와 서상돈(徐相敦)이 주축이 되어 설립한 애국계몽단체."", ""term_year"": ""1907-?""}",[],EVIDENCE_ONLY,REJECTED,단연보국채와 국채보상단연회가 용어는 아니지만 단연보국채가 담배를 끊어 나랏빚을 갚아 나라를 돕자는 주장이라면 국채보상단연회는 그 아이디어를 실제로 실행하기 위해 모여 만든 단체이다. 따라서 연관이 있음,"문제 target은 국채 보상 운동 참여를 위해 작성된 논설 「단연보국채」라는 문헌이다. 이 후보는 1907년 대구에서 설립된 애국계몽단체 국채보상단연회로, 논설 자체가 아니며 원천 설명에도 해당 논설과의 명시적 관계가 없다.",,PENDING,,,
73,gold-case:3f6a331e92193bbb145b,term-review-task:74e35060983198350e21,resolution-case:e353a2b84b46bd9879f4,단연보국채,문헌,"[{""problem_id"": ""cj_v41_0745"", ""full_text"": ""나는 23세 때 육영 공원의 교사로 조선에 와서 학생들을 가르쳤최 고종의 특사가 되어 만국 평화 회의가 열린 헤이그를 방문하였고. 대한 제국 일망사를 출간하기도 했최 나는 한국인의 권리와 자유를 위해 짜워왔으며 한국인에 대한 사랑은 내 인생의 가장 소중한 가치라오 나는 웨스트민스터 사원보다 한국 땅에 묻히기를 염원하으\n다음 인물의 활동으로 옳은 것은?\n화폐 정리 사업을 주도하였다.\n한글로 된 교재인 사민필지를 집필하였다.\n여성 교육 기관인 이화 학당을 설립하였다.\n친일 인사 스티븐스를 샌프란시스코에서 사살하였다.\n논설 단연보국채를 써서 국채 보상 운동에 적극 참여하였다.""}, {""problem_id"": ""cj_v41_0792"", ""full_text"": ""11:07 나는 지금 군산근대역사박물관 광장에 와 있어. 이곳에 동상이 있네. 6 1 그에 대해 설명해 줄래? 최익현과 함께 의병을 일으켰다가 일본에 의해 쓰시마성으로 끌려가 고초를 겪었어. 이후에는 조선 총독 에게 국권 반환 요구서를 발송하려 다가 체포되어 순국하였지\n(가) 인물의 활동으로 옳은 것은?\n명동 성당 앞에서 이완용을 습격하였다.\n고종의 밀지를 받아 독립 의군부를 조직하였다.\n국권 침탈 과정을 정리한 한국통사를 저술하였다.\n13도 창의군의 총대장으로 서울 진공 작전을 지휘하였다.\n논설 단연보국채를 써서 국채 보상 운동에 적극 참여하였다.""}]",source-candidate:09fa9728df24b06ddfba,THESAURUS:TERM:4199096:sha256-1022516a18f91e61,THESAURUS,국채보상단연회,name,name_ngram,UNKNOWN,,"{""term_name"": ""국채보상단연회"", ""hanja"": ""國債報償斷煙會"", ""era"": ""근대"", ""thesaurus_category"": ""사회운동·독립운동>사회운동>계몽운동"", ""description"": ""국채보상을 목적으로 1907년 대구에서 김광제(金光濟)와 서상돈(徐相敦)이 주축이 되어 설립한 애국계몽단체."", ""term_year"": ""1907-?""}",[],EVIDENCE_ONLY,REJECTED,단연보국채와 국채보상단연회가 용어는 아니지만 단연보국채가 담배를 끊어 나랏빚을 갚아 나라를 돕자는 주장이라면 국채보상단연회는 그 아이디어를 실제로 실행하기 위해 모여 만든 단체이다. 따라서 연관이 있음,"국채보상단연회라는 1907년의 단체를 설명하는 중복 후보이다. target 문헌 「단연보국채」와는 유형·명칭이 다르고, 원천 문맥에 논설을 작성·게재·인용했다는 관계 근거도 없다.",,PENDING,,,
75,gold-case:d884ce85b6a4e99a3590,term-review-task:5074d03da818eb0b0c59,resolution-case:4e57816d45f7ad0bb7c1,오키나와,지명,"[{""problem_id"": ""cj_v41_0558"", ""full_text"": ""(가) 군사적 안전 보장의 입장에서 볼 때 태평양 지역의 정세 및 이 지역에 대한 미국의 정책은 어떤 것인가. 태평양 지역 방위선은 알류산 열도에서 일본을 거쳐 오키나와, 필리핀 군도로 이어진다. (나) 상호적 합의에 의하여 미합중국의 육군, 해군과 공군을 대한민국의 영토 내와 그 부근에 배치하는 권리를 대한민국은 허락해 주고 미합중국은 수락한다.\n(가), (나) 사이의 시기에 있었던 사실로 옳은 것은?\n좌우 합작 위원회가 출범하였다.\n여수 순천 10·19 사건이 일어났다.\n미국 의회에서 트루먼 독트린이 발표되었다.\n베트남 파병에 관한 브라운 각서가 체결되었다.\n거제도 포로 수용소에 있던 반공 포로가 석방되었다.""}]",source-candidate:655a66ca6fde2de019c6,AKS:ARTICLE:E0024719:sha256-704d8ea620c542f5,AKS,오키나와,body,body_mention,COMPATIBLE,Place,"{""headword"": ""북제주군"", ""origin"": ""北濟州郡"", ""headword_origin"": ""북제주군(北濟州郡)"", ""primary_type"": ""지명/행정지명·마을"", ""era"": ""현대"", ""definition"": ""제주특별자치도 북부에 위치했던 군으로 2006년 제주시에 통합된 행정구역."", ""snippet"": ""른바 ‘배방선’에 떼를 썼을 법하며, 실제로 이를 목격했던 사람도 있다(구좌읍 남무 朴仁珠). 더구나 일본 오키나와 일대와 동남아시아의 경조민속(競漕民俗)이 이를 뒷받침해 준다. 차귀본향놀이는 마을의 수호신을""}","[{""left_source_candidate_id"": ""source-candidate:1b0364e6970250663d30"", ""right_source_candidate_id"": ""source-candidate:655a66ca6fde2de019c6"", ""signals"": [], ""conflicts"": [""entity_type_conflict""], ""merge_eligible"": false}, {""left_source_candidate_id"": ""source-candidate:655a66ca6fde2de019c6"", ""right_source_candidate_id"": ""source-candidate:89bc0567acdd96ae5a7a"", ""signals"": [], ""conflicts"": [""entity_type_conflict""], ""merge_eligible"": false}]",REJECTED,EVIDENCE_ONLY,연관용어 설명만 존재,"주 대상은 북제주군 및 차귀본향놀이라는 별도 지역·민속이지만, 일본 오키나와 일대의 경조민속이 해당 민속을 뒷받침한다고 명시한다. 오키나와와 대상 민속의 비교·근거 관계가 구체적이다.",,PENDING,,,
75,gold-case:d884ce85b6a4e99a3590,term-review-task:5074d03da818eb0b0c59,resolution-case:4e57816d45f7ad0bb7c1,오키나와,지명,"[{""problem_id"": ""cj_v41_0558"", ""full_text"": ""(가) 군사적 안전 보장의 입장에서 볼 때 태평양 지역의 정세 및 이 지역에 대한 미국의 정책은 어떤 것인가. 태평양 지역 방위선은 알류산 열도에서 일본을 거쳐 오키나와, 필리핀 군도로 이어진다. (나) 상호적 합의에 의하여 미합중국의 육군, 해군과 공군을 대한민국의 영토 내와 그 부근에 배치하는 권리를 대한민국은 허락해 주고 미합중국은 수락한다.\n(가), (나) 사이의 시기에 있었던 사실로 옳은 것은?\n좌우 합작 위원회가 출범하였다.\n여수 순천 10·19 사건이 일어났다.\n미국 의회에서 트루먼 독트린이 발표되었다.\n베트남 파병에 관한 브라운 각서가 체결되었다.\n거제도 포로 수용소에 있던 반공 포로가 석방되었다.""}]",source-candidate:e8cb3203c7bb2b246349,THESAURUS:TERM:39853723:sha256-1022516a18f91e61,THESAURUS,,description,description_containment,UNKNOWN,Place,"{""term_name"": ""규슈"", ""hanja"": ""九州"", ""era"": ""통시대"", ""thesaurus_category"": ""지명"", ""description"": ""일본열도를 구성하는 4대 섬중 가장 남쪽에 있는 섬, 또는 그 섬을 중심으로 하는 지방. 후쿠오카[福岡]·사가[佐賀]·나가사키[長崎]·오이타[大分]·구마모토[熊本]·미야자키[宮崎]·가고시마[鹿兒島] 등 7개현(縣)을 포함하며, 넓게는 오키나와현[沖繩縣]도 포함."", ""term_year"": ""?""}","[{""left_source_candidate_id"": ""source-candidate:1b0364e6970250663d30"", ""right_source_candidate_id"": ""source-candidate:e8cb3203c7bb2b246349"", ""signals"": [], ""conflicts"": [""entity_type_conflict""], ""merge_eligible"": false}, {""left_source_candidate_id"": ""source-candidate:89bc0567acdd96ae5a7a"", ""right_source_candidate_id"": ""source-candidate:e8cb3203c7bb2b246349"", ""signals"": [], ""conflicts"": [""entity_type_conflict""], ""merge_eligible"": false}]",REJECTED,EVIDENCE_ONLY,연관용어 설명만 존재,"주 대상은 규슈이나, 넓은 의미의 규슈 지방에 오키나와현도 포함된다고 명시한다. target과 상위 지역 범위 사이의 명시적인 포함 관계를 제공한다.",,PENDING,,,
77,gold-case:0d086bde897199b62ca2,term-review-task:ec40b7edb15dae0764cb,resolution-case:e74fb08040b9befa91e2,추축국,국가,"[{""problem_id"": ""cj_v41_0328"", ""full_text"": ""다음 성명서를 발표한 이후 대한민국 임시 정부의 활동으로 으으 거 으2 1- 人 1- 우리는 삼천만의 한국인 및 정부를 대표하여 중국, 영국, 미국, - 기타 국가들이 일본에 대해 전쟁을 선포한 것을 삼가 축하한다. 이것은 일본을 격패(擊敗)시기고 동아시아를 재건하는 가장 유효한 수단이다. 이에 특별히 다음과 같이 성명한다. 1. 한국 전체 인민은 현재 이미 반침략 전선에 참여한 상태이며 하나의 전투 단위로서 추축국에 전쟁을 선포한다. 2. 1910년의 합병 조약 및 일체 불평등 조약이 무효임을 재자 선포 한다. 아울러 반침략 국가가 한국에 지닌 합리적 기득 권익을 존중한다. 3. 왜구를 한국, 중국 및 서태평양에서 완전히 축출하기 위하여 혈전으로 최후의 승리를 거둔다\n다음 성명서를 발표한 이후 대한민국 임시 정부의 활동으로 옳은 것은?\n충칭에서 한국 광복군을 창설하였다.\n국내 비밀 행정 조직으로 연통제를 두었다.\n파리 강화 회의에 독립 청원서를 제출하였다.\n의거 활동을 위해 한인 애국단을 조직하였다.\n미군과 연계하여 국내 진공 작전을 추진하였다.""}]",source-candidate:5b856c60fdc93b64850d,AKS:ARTICLE:E0024902:sha256-704d8ea620c542f5,AKS,추축국,body,body_mention,COMPATIBLE,Place,"{""headword"": ""불가리아"", ""aliases"": [""불가리아공화국"", ""The Republic of Bulgaria""], ""origin"": ""Bulgaria"", ""headword_origin"": ""불가리아(Bulgaria)"", ""primary_type"": ""지명/국가"", ""era"": ""현대"", ""definition"": ""유럽 동남부 발칸반도의 동부에 있는 공화국."", ""snippet"": ""78년까지 터키의 지배를 받았다. 1908년 9월 독립을 성취하였으며, 제1·2차 세계대전에는 추축국(樞軸國: 제2차세계대전 때 일본·독일·이탈리아의 3국동맹편에 속했던 나라)에 가담하였다. 194""}","[{""left_source_candidate_id"": ""source-candidate:5b856c60fdc93b64850d"", ""right_source_candidate_id"": ""source-candidate:8198271d802537f9990f"", ""signals"": [], ""conflicts"": [""entity_type_conflict""], ""merge_eligible"": false}, {""left_source_candidate_id"": ""source-candidate:5b856c60fdc93b64850d"", ""right_source_candidate_id"": ""source-candidate:8df1f157b1ff78211c11"", ""signals"": [], ""conflicts"": [""entity_type_conflict""], ""merge_eligible"": false}, {""left_source_candidate_id"": ""source-candidate:5b856c60fdc93b64850d"", ""right_source_candidate_id"": ""source-candidate:a2b0d489eac0f0f4ebf5"", ""signals"": [""era_overlap""], ""conflicts"": [""entity_type_conflict""], ""merge_eligible"": false}]",REJECTED,EVIDENCE_ONLY,용어와 설명이 맞지 않음,"원천의 주 대상은 불가리아라는 국가이나, 제2차 세계대전 때 일본·독일·이탈리아의 3국동맹편에 속한 나라를 추축국으로 정의하고 불가리아가 이에 가담했다고 명시한다. 문제의 target인 제2차 세계대전기 추축국과의 구체적 가입 관계를 보존할 수 있는 관계 근거이다.",,PENDING,,,
81,gold-case:eeeded4069adbd29ea49,term-review-task:eac19b8aad50b71a07f8,resolution-case:5dc41fd02e9f0a2559e3,흥보가,문화재,"[{""problem_id"": ""cj_v41_0496"", ""full_text"": ""이 그림은 김득신이 대장간의 모습을 묘사한 풍속화이다. 한 명이 화덕에서 달구대진 쇳덩어리를 방을집기1로 집어 모루 위에 올려놓자 두 명이 쇠망치로 두드리는 모습, 도리에 매어 놓은 그네에 상체를 기대고 어깨너머로 구경하는 아이의 모습 등이 생동감 있게 표현되어 있다.\n다음 그림이 그려진 시기의 문화에 대한 설명으로 옳지 않은 것은?\n중인들이 시사(詩社)를 조직하였다.\n양반의 위선을 풍자한 탈춤이 공연되었다.\n춘향가, 흥보가 등의 판소리가 유행되었다.\n금속 활자본인 직지심체요절이 간행되었다.\n홍길동전, 박씨전 등의 한글 소설이 널리 읽혔다.""}, {""problem_id"": ""cj_v41_0828"", ""full_text"": ""이 그림은 조영식과 김홍도의 풍속화이다. 인부들이 말발굽에 징을 박는 모습과 기와를 이예나기는 모습을 묘사하고 있다. 이를 통해 이 그림이 그려진 시기 서민들의 일상생활을 생생하게 살펴볼 수 있다.\n'시기'의 문화에 대한 설명으로 옳지 않은 것은?\n금강전도 등 진경 산수화가 그려졌다.\n새로운 역법으로 수시력이 도입되었다.\n양반 사회를 풍자한 탈춤이 성행하였다.\n춘향가, 흥보가 등의 판소리가 유행하였다.\n홍길동전, 박씨전 등의 한글 소설이 널리 읽혔다.""}]",source-candidate:d4289675e875346a9042,AKS:ARTICLE:E0066012:sha256-704d8ea620c542f5,AKS,흥보가,name,exact,COMPATIBLE,Work,"{""headword"": ""흥부전"", ""aliases"": [""놀부가"", ""놀부전"", ""놀부흥부가"", ""박타령"", ""박흥보가"", ""박흥보전"", ""연의각"", ""장흥보전"", ""흥보전"", ""흥부놀부전"", ""흥보만보록"", ""흥보가""], ""origin"": ""興夫傳"", ""headword_origin"": ""흥부전(興夫傳)"", ""primary_type"": ""작품/문학"", ""era"": ""미상"", ""definition"": ""작자·연대 미상의 고전소설.""}","[{""left_source_candidate_id"": ""source-candidate:35a52ec22a0ea8a29ad3"", ""right_source_candidate_id"": ""source-candidate:d4289675e875346a9042"", ""signals"": [], ""conflicts"": [""entity_type_conflict""], ""merge_eligible"": false}, {""left_source_candidate_id"": ""source-candidate:4492171ed3fe32f2be8a"", ""right_source_candidate_id"": ""source-candidate:d4289675e875346a9042"", ""signals"": [], ""conflicts"": [""entity_type_conflict""], ""merge_eligible"": false}, {""left_source_candidate_id"": ""source-candidate:d4289675e875346a9042"", ""right_source_candidate_id"": ""source-candidate:e1024c8e13f6c5618cd4"", ""signals"": [""normalized_name_match""], ""conflicts"": [""entity_type_conflict""], ""merge_eligible"": false}]",EVIDENCE_ONLY,REJECTED,용어와 설명 일치함,"흥부전은 작자·연대 미상의 고전소설로서, 문제의 ‘판소리 흥보가’와 유형이 다르다. 흥보가가 별칭으로 나열될 뿐 해당 원천은 판소리 target과의 구체적인 관계를 설명하지 않는다.",,PENDING,,,
83,gold-case:cce3732d3690f196363d,term-review-task:45839fe2c7c320076ced,resolution-case:45a96646de78a05a3ad7,절영도 조차 요구,사건,"[{""problem_id"": ""cj_v41_0077"", ""full_text"": ""이것은 일제로부터 도입한 차관을 갚기 위해 일어난 이 운동을 기념하여 대구에 세운 조형물이다. 개화 지식인, 상인, 여성이 엽전을 떠받치고 있는 모습으로 형상화되었다.\n‘이 운동’에 대한 설명으로 옳은 것은?\n황국 중앙 총상회의 주도로 전개 되었다.\n러시아의 절영도 조차 요구에 반대하였다.\n조선 총독부의 방해와 탄압으로 실패하였다.\n대한매일신보 등 당시 언론이 적극적으로 참여하였다.\n일본, 프랑스 등의 노동 단체로부터 격러 전문을 받았다.""}, {""problem_id"": ""cj_v41_0744"", ""full_text"": ""이것은 대한매일신보에 태극 서관이 게재한 서적 할인 광고이다. 태극 서관은 신지식 보급과 민족의식 고취를 위해 이 단체가 운영한 기관이다. 인재 양성을 위해 대성 학교도 설립한 이 단체에 대해 말해 볼까요? 광고에는 안창호, 양기탁 등의 이름이 보이다.\n교사의 질문에 대한 학생의 답변으로 옳은 것은?\n민립 대학 설립 운동을 전개하였다.\n러시아의 절영도 조차 요구를 저지하였다.\n파리 강화 회의에 독립 청원서를 제출하였다.\n안창호, 양기탁 등이 비밀 결사로 조직하였다.\n국문 연구소를 세워 한글의 문자 체계를 정리하였다.""}, {""problem_id"": ""cj_v41_0835"", ""full_text"": ""(가) 은/는독립관에서 경축 모임을 열었다. 회장은 모임을 여는 큰 뜻을 설명하였다. “오늘은 황제 폐하께서 대황제라는 존귀한 칭호를 갖게 되신 계천(繼天) 경축일이니, 대한의 신민은 이를 크게 경축드립니다. 우리는 관민 공동회에서 황실을 공고히 하고 인민을 문명 개화시기며 영토를 보존하고자 여섯 개 조항의 의견안을 바쳤습니다. '과고 말하였다. 이어 회원들은 조칙 5조와 헌의 6조 10만 장을 인쇄하여 온 나라에 널리 배포하고 학생들에게 그것을 배우고 익히도록 하였다. 경축연을 마친 회원들은 울긋불긋한 종이꽃을 머리에 꽂은 채 국기와 (가) 의 깃발을 세우고 경축기를 부르며 인화문 앞으로 가서 만세를 외치고 종로의 만민 공동회로 갔다\n(가) 단체에 대한 설명으로 옳은 것은?\n일제의 황무지 개간권 요구를 저지시켰다.\n러시아의 절영도 조차 요구에 반대하였다.\n태극 서관을 설립하여 계몽 서적을 보급하였다.\n민립 대학 설립을 위한 모금 운동을 전개하였다.\n조소앙의 삼균주의를 기초로 건국 강령을 발표하였다.""}]",source-candidate:69943b90c07bc1ab0565,THESAURUS:TERM:37758207:sha256-1022516a18f91e61,THESAURUS,절영도,name,name_ngram,UNKNOWN,Place,"{""term_name"": ""절영도"", ""hanja"": ""絶影島"", ""thesaurus_category"": ""지명"", ""description"": ""경상남도 부산에 속한 섬으로, 조선시대에는 진(鎭)이 설치되어 군사적 요충지였음."", ""term_year"": ""통시대""}","[{""left_source_candidate_id"": ""source-candidate:4ac6789bf785078092f8"", ""right_source_candidate_id"": ""source-candidate:69943b90c07bc1ab0565"", ""signals"": [], ""conflicts"": [""entity_type_conflict""], ""merge_eligible"": false}, {""left_source_candidate_id"": ""source-candidate:69943b90c07bc1ab0565"", ""right_source_candidate_id"": ""source-candidate:c74e44a255ce7cb5eb23"", ""signals"": [], ""conflicts"": [""entity_type_conflict""], ""merge_eligible"": false}]",EVIDENCE_ONLY,REJECTED,용어와 일치하는 설명은 없지만 연관된 용어 뽑힘,"절영도라는 부산의 섬 지명 자체를 설명할 뿐, 러시아가 이 섬의 조차를 요구한 외교 사건이나 그 요구의 시기·주체·내용을 설명하지 않는다.",,PENDING,,,
83,gold-case:cce3732d3690f196363d,term-review-task:45839fe2c7c320076ced,resolution-case:45a96646de78a05a3ad7,절영도 조차 요구,사건,"[{""problem_id"": ""cj_v41_0077"", ""full_text"": ""이것은 일제로부터 도입한 차관을 갚기 위해 일어난 이 운동을 기념하여 대구에 세운 조형물이다. 개화 지식인, 상인, 여성이 엽전을 떠받치고 있는 모습으로 형상화되었다.\n‘이 운동’에 대한 설명으로 옳은 것은?\n황국 중앙 총상회의 주도로 전개 되었다.\n러시아의 절영도 조차 요구에 반대하였다.\n조선 총독부의 방해와 탄압으로 실패하였다.\n대한매일신보 등 당시 언론이 적극적으로 참여하였다.\n일본, 프랑스 등의 노동 단체로부터 격러 전문을 받았다.""}, {""problem_id"": ""cj_v41_0744"", ""full_text"": ""이것은 대한매일신보에 태극 서관이 게재한 서적 할인 광고이다. 태극 서관은 신지식 보급과 민족의식 고취를 위해 이 단체가 운영한 기관이다. 인재 양성을 위해 대성 학교도 설립한 이 단체에 대해 말해 볼까요? 광고에는 안창호, 양기탁 등의 이름이 보이다.\n교사의 질문에 대한 학생의 답변으로 옳은 것은?\n민립 대학 설립 운동을 전개하였다.\n러시아의 절영도 조차 요구를 저지하였다.\n파리 강화 회의에 독립 청원서를 제출하였다.\n안창호, 양기탁 등이 비밀 결사로 조직하였다.\n국문 연구소를 세워 한글의 문자 체계를 정리하였다.""}, {""problem_id"": ""cj_v41_0835"", ""full_text"": ""(가) 은/는독립관에서 경축 모임을 열었다. 회장은 모임을 여는 큰 뜻을 설명하였다. “오늘은 황제 폐하께서 대황제라는 존귀한 칭호를 갖게 되신 계천(繼天) 경축일이니, 대한의 신민은 이를 크게 경축드립니다. 우리는 관민 공동회에서 황실을 공고히 하고 인민을 문명 개화시기며 영토를 보존하고자 여섯 개 조항의 의견안을 바쳤습니다. '과고 말하였다. 이어 회원들은 조칙 5조와 헌의 6조 10만 장을 인쇄하여 온 나라에 널리 배포하고 학생들에게 그것을 배우고 익히도록 하였다. 경축연을 마친 회원들은 울긋불긋한 종이꽃을 머리에 꽂은 채 국기와 (가) 의 깃발을 세우고 경축기를 부르며 인화문 앞으로 가서 만세를 외치고 종로의 만민 공동회로 갔다\n(가) 단체에 대한 설명으로 옳은 것은?\n일제의 황무지 개간권 요구를 저지시켰다.\n러시아의 절영도 조차 요구에 반대하였다.\n태극 서관을 설립하여 계몽 서적을 보급하였다.\n민립 대학 설립을 위한 모금 운동을 전개하였다.\n조소앙의 삼균주의를 기초로 건국 강령을 발표하였다.""}]",source-candidate:c74e44a255ce7cb5eb23,AKS:ARTICLE:E0066177:sha256-704d8ea620c542f5,AKS,거제도 조차사건,name,name_ngram,COMPATIBLE,Event,"{""headword"": ""거제도 조차사건"", ""origin"": ""巨濟島 租借事件"", ""headword_origin"": ""거제도 조차사건(巨濟島 租借事件)"", ""primary_type"": ""사건/사건·사고"", ""era"": ""근대/대한제국기"", ""definition"": ""1900년(광무 4) 마산항과 거제도 조차문제를 둘러싸고 일본과 러시아 사이에 벌어진 갈등.""}","[{""left_source_candidate_id"": ""source-candidate:0c4065c9a22e7f4ebfc8"", ""right_source_candidate_id"": ""source-candidate:c74e44a255ce7cb5eb23"", ""signals"": [], ""conflicts"": [""entity_type_conflict""], ""merge_eligible"": false}, {""left_source_candidate_id"": ""source-candidate:205f497c65427ef835af"", ""right_source_candidate_id"": ""source-candidate:c74e44a255ce7cb5eb23"", ""signals"": [""normalized_name_match"", ""era_overlap""], ""conflicts"": [], ""merge_eligible"": true}, {""left_source_candidate_id"": ""source-candidate:69943b90c07bc1ab0565"", ""right_source_candidate_id"": ""source-candidate:c74e44a255ce7cb5eb23"", ""signals"": [], ""conflicts"": [""entity_type_conflict""], ""merge_eligible"": false}]",EVIDENCE_ONLY,REJECTED,용어와 일치하는 설명은 없지만 연관된 용어 뽑힘,1900년 마산항·거제도 조차 문제를 둘러싼 일본과 러시아의 갈등인 거제도 조차사건이다. 문제 target인 러시아의 절영도 조차 요구와 장소·사건 내용이 다르다.,,PENDING,,,
83,gold-case:cce3732d3690f196363d,term-review-task:45839fe2c7c320076ced,resolution-case:45a96646de78a05a3ad7,절영도 조차 요구,사건,"[{""problem_id"": ""cj_v41_0077"", ""full_text"": ""이것은 일제로부터 도입한 차관을 갚기 위해 일어난 이 운동을 기념하여 대구에 세운 조형물이다. 개화 지식인, 상인, 여성이 엽전을 떠받치고 있는 모습으로 형상화되었다.\n‘이 운동’에 대한 설명으로 옳은 것은?\n황국 중앙 총상회의 주도로 전개 되었다.\n러시아의 절영도 조차 요구에 반대하였다.\n조선 총독부의 방해와 탄압으로 실패하였다.\n대한매일신보 등 당시 언론이 적극적으로 참여하였다.\n일본, 프랑스 등의 노동 단체로부터 격러 전문을 받았다.""}, {""problem_id"": ""cj_v41_0744"", ""full_text"": ""이것은 대한매일신보에 태극 서관이 게재한 서적 할인 광고이다. 태극 서관은 신지식 보급과 민족의식 고취를 위해 이 단체가 운영한 기관이다. 인재 양성을 위해 대성 학교도 설립한 이 단체에 대해 말해 볼까요? 광고에는 안창호, 양기탁 등의 이름이 보이다.\n교사의 질문에 대한 학생의 답변으로 옳은 것은?\n민립 대학 설립 운동을 전개하였다.\n러시아의 절영도 조차 요구를 저지하였다.\n파리 강화 회의에 독립 청원서를 제출하였다.\n안창호, 양기탁 등이 비밀 결사로 조직하였다.\n국문 연구소를 세워 한글의 문자 체계를 정리하였다.""}, {""problem_id"": ""cj_v41_0835"", ""full_text"": ""(가) 은/는독립관에서 경축 모임을 열었다. 회장은 모임을 여는 큰 뜻을 설명하였다. “오늘은 황제 폐하께서 대황제라는 존귀한 칭호를 갖게 되신 계천(繼天) 경축일이니, 대한의 신민은 이를 크게 경축드립니다. 우리는 관민 공동회에서 황실을 공고히 하고 인민을 문명 개화시기며 영토를 보존하고자 여섯 개 조항의 의견안을 바쳤습니다. '과고 말하였다. 이어 회원들은 조칙 5조와 헌의 6조 10만 장을 인쇄하여 온 나라에 널리 배포하고 학생들에게 그것을 배우고 익히도록 하였다. 경축연을 마친 회원들은 울긋불긋한 종이꽃을 머리에 꽂은 채 국기와 (가) 의 깃발을 세우고 경축기를 부르며 인화문 앞으로 가서 만세를 외치고 종로의 만민 공동회로 갔다\n(가) 단체에 대한 설명으로 옳은 것은?\n일제의 황무지 개간권 요구를 저지시켰다.\n러시아의 절영도 조차 요구에 반대하였다.\n태극 서관을 설립하여 계몽 서적을 보급하였다.\n민립 대학 설립을 위한 모금 운동을 전개하였다.\n조소앙의 삼균주의를 기초로 건국 강령을 발표하였다.""}]",source-candidate:205f497c65427ef835af,THESAURUS:TERM:10490041:sha256-1022516a18f91e61,THESAURUS,거제도조차사건,name,name_ngram,UNKNOWN,,"{""term_name"": ""거제도조차사건"", ""hanja"": ""巨濟島租借事件"", ""era"": ""대한제국기"", ""thesaurus_category"": ""외교·국제관계>외교협상·협약>대한제국기"", ""description"": ""1900년(고종 37) 마산항(馬山港)과 거제도 조차문제를 둘러싼 일본과 러시아간의 이권대립사건."", ""term_year"": ""1900""}","[{""left_source_candidate_id"": ""source-candidate:205f497c65427ef835af"", ""right_source_candidate_id"": ""source-candidate:c74e44a255ce7cb5eb23"", ""signals"": [""normalized_name_match"", ""era_overlap""], ""conflicts"": [], ""merge_eligible"": true}]",EVIDENCE_ONLY,REJECTED,용어와 일치하는 설명은 없지만 연관된 용어 뽑힘,"1900년의 거제도조차사건을 설명하는 원천으로, 절영도 조차 요구와는 별개의 조차 갈등이다. 두 후보가 서로 동일한 거제도 사건이라는 점은 target 동일성 근거가 아니다.",,PENDING,,,
83,gold-case:cce3732d3690f196363d,term-review-task:45839fe2c7c320076ced,resolution-case:45a96646de78a05a3ad7,절영도 조차 요구,사건,"[{""problem_id"": ""cj_v41_0077"", ""full_text"": ""이것은 일제로부터 도입한 차관을 갚기 위해 일어난 이 운동을 기념하여 대구에 세운 조형물이다. 개화 지식인, 상인, 여성이 엽전을 떠받치고 있는 모습으로 형상화되었다.\n‘이 운동’에 대한 설명으로 옳은 것은?\n황국 중앙 총상회의 주도로 전개 되었다.\n러시아의 절영도 조차 요구에 반대하였다.\n조선 총독부의 방해와 탄압으로 실패하였다.\n대한매일신보 등 당시 언론이 적극적으로 참여하였다.\n일본, 프랑스 등의 노동 단체로부터 격러 전문을 받았다.""}, {""problem_id"": ""cj_v41_0744"", ""full_text"": ""이것은 대한매일신보에 태극 서관이 게재한 서적 할인 광고이다. 태극 서관은 신지식 보급과 민족의식 고취를 위해 이 단체가 운영한 기관이다. 인재 양성을 위해 대성 학교도 설립한 이 단체에 대해 말해 볼까요? 광고에는 안창호, 양기탁 등의 이름이 보이다.\n교사의 질문에 대한 학생의 답변으로 옳은 것은?\n민립 대학 설립 운동을 전개하였다.\n러시아의 절영도 조차 요구를 저지하였다.\n파리 강화 회의에 독립 청원서를 제출하였다.\n안창호, 양기탁 등이 비밀 결사로 조직하였다.\n국문 연구소를 세워 한글의 문자 체계를 정리하였다.""}, {""problem_id"": ""cj_v41_0835"", ""full_text"": ""(가) 은/는독립관에서 경축 모임을 열었다. 회장은 모임을 여는 큰 뜻을 설명하였다. “오늘은 황제 폐하께서 대황제라는 존귀한 칭호를 갖게 되신 계천(繼天) 경축일이니, 대한의 신민은 이를 크게 경축드립니다. 우리는 관민 공동회에서 황실을 공고히 하고 인민을 문명 개화시기며 영토를 보존하고자 여섯 개 조항의 의견안을 바쳤습니다. '과고 말하였다. 이어 회원들은 조칙 5조와 헌의 6조 10만 장을 인쇄하여 온 나라에 널리 배포하고 학생들에게 그것을 배우고 익히도록 하였다. 경축연을 마친 회원들은 울긋불긋한 종이꽃을 머리에 꽂은 채 국기와 (가) 의 깃발을 세우고 경축기를 부르며 인화문 앞으로 가서 만세를 외치고 종로의 만민 공동회로 갔다\n(가) 단체에 대한 설명으로 옳은 것은?\n일제의 황무지 개간권 요구를 저지시켰다.\n러시아의 절영도 조차 요구에 반대하였다.\n태극 서관을 설립하여 계몽 서적을 보급하였다.\n민립 대학 설립을 위한 모금 운동을 전개하였다.\n조소앙의 삼균주의를 기초로 건국 강령을 발표하였다.""}]",source-candidate:0c4065c9a22e7f4ebfc8,AKS:ARTICLE:E0037296:sha256-704d8ea620c542f5,AKS,절영도,name,name_ngram,CONFLICT,Place,"{""headword"": ""영도"", ""aliases"": [""절영도""], ""origin"": ""影島"", ""headword_origin"": ""영도(影島)"", ""primary_type"": ""지명/자연지명"", ""era"": ""미상"", ""definition"": ""부산광역시 영도구에 있는 섬.""}","[{""left_source_candidate_id"": ""source-candidate:0c4065c9a22e7f4ebfc8"", ""right_source_candidate_id"": ""source-candidate:4ac6789bf785078092f8"", ""signals"": [], ""conflicts"": [""entity_type_conflict""], ""merge_eligible"": false}, {""left_source_candidate_id"": ""source-candidate:0c4065c9a22e7f4ebfc8"", ""right_source_candidate_id"": ""source-candidate:c74e44a255ce7cb5eb23"", ""signals"": [], ""conflicts"": [""entity_type_conflict""], ""merge_eligible"": false}]",EVIDENCE_ONLY,REJECTED,용어와 일치하는 설명은 없지만 연관된 용어 뽑힘,"영도(절영도)라는 자연지명을 설명할 뿐, 러시아의 절영도 조차 요구 사건과의 구체적 관계나 요구 사실을 제시하지 않는다.",,PENDING,,,
84,gold-case:63f1377d47114631273c,term-review-task:fec1858601ee2ea894a6,resolution-case:5c7ef2102ca18ab7ccdb,독립신문,문헌,"[{""problem_id"": ""cj_v41_0265"", ""full_text"": ""(가) 대왕대비께서 전교하기를, “이번에 이렇게 만동묘를 철폐하고 다른 곳으로 옮기 모시는 것에 대해서 선현의 혼령이 알게 되더라도 올바른 예법이라고 여기고 유감이 없을 것이다.”라고 하였다. (나) 최익현이 상소를 올려 대원군의 잘못을 탄핵하기를, “만약 그 지위가 아닌데도 국정에 괸여하는 지는 단지 그 지위와 녹을 중요하게 여기기 때문이다.”라고 하였다. 왕은 너그러운 비답을 내려 특별히 그를 호조 참판에 발탁하고 총애하였다.\n(가), (나) 사이의 시기에 있었던 사실로 옳은 것은?\n신식 군대인 별기군이 창설되었다.\n서재필 등이 독립신문을 발행하였다.\n종로와 전국 각지에 척화비가 세워졌다.\n김옥균 등 개화 세력이 정변을 일으켰다.\n조청 상민 수륙 무역 장정을 체결하였다.""}, {""problem_id"": ""cj_v41_0280"", ""full_text"": ""(가) 북간도에 주둔한 이군 7백 명은 북로 사령부 소재지인 봉오동을 향해 행군하다가 적군 3백 명을 발견하였다. 아군을 지휘하는 홍범도, 최진동 두 장군은 즉시 적을 공격하여 120여 명을 살상하고 도주하는 적을 추격하였다. - 독립신문 - (나) 조선 혁명군 총사령 양세봉, 참모장 김학규 등은 병력을 이끌고 중국 의용군과 합세하였다. - 아군은 승세를 몰아 적들을 30여 리 정도 추격한 끝에 영릉가성을 점령하였다. - 과보 0 그\n(가), (나) 사이의 시기에 있었던 사실로 옳지 않은 것은?\n자유시 참변 이후 3부가 조직되었다.\n일본군의 보복으로 간도 참변이 발생하였다.\n독립군 연합 부대가 청산리에서 큰 승리를 거두었다.\n일제가 독립군을 탄압하고자 미쓰야 협정을 체결하였다.\n스탈린에 의해 많은 한인이 중앙아시아로 강제 이주되었다.""}, {""problem_id"": ""cj_v41_0362"", ""full_text"": ""오늘 화약을 체결했으니 전주성에서 물러가시오. 알겠소. 폐정 개혁과 농민군의 신변 보장을 해 주시오. (가) 어제 군국기무처에서 과거제를 폐지했다고 하네. 앞으로 인재 등용에 큰 변화가 있겠군.\n(가) 시기에 있었던 사실로 옳은 것은?\n교정청이 설치되었다.\n독립신문이 창간되었다.\n한성 전기 회사가 설립되었다.\n시모노세키 조약이 체결되었다.\n건양이라는 연호가 제정되었다.""}]",source-candidate:67d3d58994dbeb654cb9,AKS:ARTICLE:E0015985:sha256-704d8ea620c542f5,AKS,독립신문,name,exact,COMPATIBLE,Work,"{""headword"": ""독립신문"", ""origin"": ""獨立新聞"", ""headword_origin"": ""독립신문(獨立新聞)"", ""primary_type"": ""문헌/연속간행물"", ""era"": ""근대/일제강점기"", ""definition"": ""1919년에, 블라디보스토크에서 장기영 등이 민족정신을 고취시키기 위하여 창간한 신문.""}","[{""left_source_candidate_id"": ""source-candidate:1ec1a63dfe1a21772d06"", ""right_source_candidate_id"": ""source-candidate:67d3d58994dbeb654cb9"", ""signals"": [""normalized_name_match"", ""hanja_match"", ""era_overlap""], ""conflicts"": [], ""merge_eligible"": true}, {""left_source_candidate_id"": ""source-candidate:42f38d5c07d9dc2bad07"", ""right_source_candidate_id"": ""source-candidate:67d3d58994dbeb654cb9"", ""signals"": [""normalized_name_match"", ""hanja_match""], ""conflicts"": [], ""merge_eligible"": true}, {""left_source_candidate_id"": ""source-candidate:67d3d58994dbeb654cb9"", ""right_source_candidate_id"": ""source-candidate:84c0ba7e4b89b6c56dc3"", ""signals"": [""normalized_name_match"", ""hanja_match""], ""conflicts"": [], ""merge_eligible"": true}, {""left_source_candidate_id"": ""source-candidate:67d3d58994dbeb654cb9"", ""right_source_candidate_id"": ""source-candidate:98533f2434457f141c25"", ""signals"": [""normalized_name_match"", ""hanja_match""], ""conflicts"": [], ""merge_eligible"": true}]",EVIDENCE_ONLY,REJECTED,용어와 설명 일치함,1919년 블라디보스토크에서 장기영 등이 창간한 별도 신문이다. 상하이 임시정부 기관지라는 문제 문맥의 대상과 창간지·주체가 다르다.,,PENDING,,,
84,gold-case:63f1377d47114631273c,term-review-task:fec1858601ee2ea894a6,resolution-case:5c7ef2102ca18ab7ccdb,독립신문,문헌,"[{""problem_id"": ""cj_v41_0265"", ""full_text"": ""(가) 대왕대비께서 전교하기를, “이번에 이렇게 만동묘를 철폐하고 다른 곳으로 옮기 모시는 것에 대해서 선현의 혼령이 알게 되더라도 올바른 예법이라고 여기고 유감이 없을 것이다.”라고 하였다. (나) 최익현이 상소를 올려 대원군의 잘못을 탄핵하기를, “만약 그 지위가 아닌데도 국정에 괸여하는 지는 단지 그 지위와 녹을 중요하게 여기기 때문이다.”라고 하였다. 왕은 너그러운 비답을 내려 특별히 그를 호조 참판에 발탁하고 총애하였다.\n(가), (나) 사이의 시기에 있었던 사실로 옳은 것은?\n신식 군대인 별기군이 창설되었다.\n서재필 등이 독립신문을 발행하였다.\n종로와 전국 각지에 척화비가 세워졌다.\n김옥균 등 개화 세력이 정변을 일으켰다.\n조청 상민 수륙 무역 장정을 체결하였다.""}, {""problem_id"": ""cj_v41_0280"", ""full_text"": ""(가) 북간도에 주둔한 이군 7백 명은 북로 사령부 소재지인 봉오동을 향해 행군하다가 적군 3백 명을 발견하였다. 아군을 지휘하는 홍범도, 최진동 두 장군은 즉시 적을 공격하여 120여 명을 살상하고 도주하는 적을 추격하였다. - 독립신문 - (나) 조선 혁명군 총사령 양세봉, 참모장 김학규 등은 병력을 이끌고 중국 의용군과 합세하였다. - 아군은 승세를 몰아 적들을 30여 리 정도 추격한 끝에 영릉가성을 점령하였다. - 과보 0 그\n(가), (나) 사이의 시기에 있었던 사실로 옳지 않은 것은?\n자유시 참변 이후 3부가 조직되었다.\n일본군의 보복으로 간도 참변이 발생하였다.\n독립군 연합 부대가 청산리에서 큰 승리를 거두었다.\n일제가 독립군을 탄압하고자 미쓰야 협정을 체결하였다.\n스탈린에 의해 많은 한인이 중앙아시아로 강제 이주되었다.""}, {""problem_id"": ""cj_v41_0362"", ""full_text"": ""오늘 화약을 체결했으니 전주성에서 물러가시오. 알겠소. 폐정 개혁과 농민군의 신변 보장을 해 주시오. (가) 어제 군국기무처에서 과거제를 폐지했다고 하네. 앞으로 인재 등용에 큰 변화가 있겠군.\n(가) 시기에 있었던 사실로 옳은 것은?\n교정청이 설치되었다.\n독립신문이 창간되었다.\n한성 전기 회사가 설립되었다.\n시모노세키 조약이 체결되었다.\n건양이라는 연호가 제정되었다.""}]",source-candidate:0ac3b3c7cf00d450ffcb,AKS:ARTICLE:E0015987:sha256-704d8ea620c542f5,AKS,독립신문,name,exact,COMPATIBLE,Work,"{""headword"": ""독립신문"", ""origin"": ""獨立新聞"", ""headword_origin"": ""독립신문(獨立新聞)"", ""primary_type"": ""문헌/연속간행물"", ""era"": ""현대"", ""definition"": ""1945년에, 서울에서 김승학이 국민 여론의 환기(喚起) 정도(正導) 등을 사시로 창간한 일간 신문.""}","[{""left_source_candidate_id"": ""source-candidate:0ac3b3c7cf00d450ffcb"", ""right_source_candidate_id"": ""source-candidate:1ec1a63dfe1a21772d06"", ""signals"": [""normalized_name_match"", ""hanja_match""], ""conflicts"": [], ""merge_eligible"": true}, {""left_source_candidate_id"": ""source-candidate:0ac3b3c7cf00d450ffcb"", ""right_source_candidate_id"": ""source-candidate:42f38d5c07d9dc2bad07"", ""signals"": [""normalized_name_match"", ""hanja_match"", ""era_overlap""], ""conflicts"": [], ""merge_eligible"": true}, {""left_source_candidate_id"": ""source-candidate:0ac3b3c7cf00d450ffcb"", ""right_source_candidate_id"": ""source-candidate:84c0ba7e4b89b6c56dc3"", ""signals"": [""normalized_name_match"", ""hanja_match""], ""conflicts"": [], ""merge_eligible"": true}, {""left_source_candidate_id"": ""source-candidate:0ac3b3c7cf00d450ffcb"", ""right_source_candidate_id"": ""source-candidate:98533f2434457f141c25"", ""signals"": [""normalized_name_match"", ""hanja_match""], ""conflicts"": [], ""merge_eligible"": true}]",EVIDENCE_ONLY,REJECTED,용어와 설명 일치함,"1945년 서울에서 김승학이 창간한 현대의 별도 일간 신문으로, 문제의 1896년 또는 1919년 대상과 시대·주체가 충돌한다.",,PENDING,,,
84,gold-case:63f1377d47114631273c,term-review-task:fec1858601ee2ea894a6,resolution-case:5c7ef2102ca18ab7ccdb,독립신문,문헌,"[{""problem_id"": ""cj_v41_0265"", ""full_text"": ""(가) 대왕대비께서 전교하기를, “이번에 이렇게 만동묘를 철폐하고 다른 곳으로 옮기 모시는 것에 대해서 선현의 혼령이 알게 되더라도 올바른 예법이라고 여기고 유감이 없을 것이다.”라고 하였다. (나) 최익현이 상소를 올려 대원군의 잘못을 탄핵하기를, “만약 그 지위가 아닌데도 국정에 괸여하는 지는 단지 그 지위와 녹을 중요하게 여기기 때문이다.”라고 하였다. 왕은 너그러운 비답을 내려 특별히 그를 호조 참판에 발탁하고 총애하였다.\n(가), (나) 사이의 시기에 있었던 사실로 옳은 것은?\n신식 군대인 별기군이 창설되었다.\n서재필 등이 독립신문을 발행하였다.\n종로와 전국 각지에 척화비가 세워졌다.\n김옥균 등 개화 세력이 정변을 일으켰다.\n조청 상민 수륙 무역 장정을 체결하였다.""}, {""problem_id"": ""cj_v41_0280"", ""full_text"": ""(가) 북간도에 주둔한 이군 7백 명은 북로 사령부 소재지인 봉오동을 향해 행군하다가 적군 3백 명을 발견하였다. 아군을 지휘하는 홍범도, 최진동 두 장군은 즉시 적을 공격하여 120여 명을 살상하고 도주하는 적을 추격하였다. - 독립신문 - (나) 조선 혁명군 총사령 양세봉, 참모장 김학규 등은 병력을 이끌고 중국 의용군과 합세하였다. - 아군은 승세를 몰아 적들을 30여 리 정도 추격한 끝에 영릉가성을 점령하였다. - 과보 0 그\n(가), (나) 사이의 시기에 있었던 사실로 옳지 않은 것은?\n자유시 참변 이후 3부가 조직되었다.\n일본군의 보복으로 간도 참변이 발생하였다.\n독립군 연합 부대가 청산리에서 큰 승리를 거두었다.\n일제가 독립군을 탄압하고자 미쓰야 협정을 체결하였다.\n스탈린에 의해 많은 한인이 중앙아시아로 강제 이주되었다.""}, {""problem_id"": ""cj_v41_0362"", ""full_text"": ""오늘 화약을 체결했으니 전주성에서 물러가시오. 알겠소. 폐정 개혁과 농민군의 신변 보장을 해 주시오. (가) 어제 군국기무처에서 과거제를 폐지했다고 하네. 앞으로 인재 등용에 큰 변화가 있겠군.\n(가) 시기에 있었던 사실로 옳은 것은?\n교정청이 설치되었다.\n독립신문이 창간되었다.\n한성 전기 회사가 설립되었다.\n시모노세키 조약이 체결되었다.\n건양이라는 연호가 제정되었다.""}]",source-candidate:84c0ba7e4b89b6c56dc3,THESAURUS:TERM:10496122:sha256-1022516a18f91e61,THESAURUS,독립신문,name,exact,UNKNOWN,,"{""term_name"": ""독립신문"", ""hanja"": ""獨立新聞"", ""era"": ""일제시기"", ""thesaurus_category"": ""문화·예술>언론·출판"", ""description"": ""1919년에 블라디보스토크(Vladivostok)에서 장기영(張基永)과 김학현(金學鉉) 등이 반일운동과 민족정신을 고취시키기 위하여 창간한 신문."", ""term_year"": ""1919-?"", ""term_remark"": ""1919""}","[{""left_source_candidate_id"": ""source-candidate:0ac3b3c7cf00d450ffcb"", ""right_source_candidate_id"": ""source-candidate:84c0ba7e4b89b6c56dc3"", ""signals"": [""normalized_name_match"", ""hanja_match""], ""conflicts"": [], ""merge_eligible"": true}, {""left_source_candidate_id"": ""source-candidate:2715c10fff758e7edf79"", ""right_source_candidate_id"": ""source-candidate:84c0ba7e4b89b6c56dc3"", ""signals"": [""normalized_name_match"", ""hanja_match""], ""conflicts"": [], ""merge_eligible"": true}, {""left_source_candidate_id"": ""source-candidate:2da2c926211922ab1b54"", ""right_source_candidate_id"": ""source-candidate:84c0ba7e4b89b6c56dc3"", ""signals"": [""normalized_name_match"", ""hanja_match""], ""conflicts"": [], ""merge_eligible"": true}, {""left_source_candidate_id"": ""source-candidate:67d3d58994dbeb654cb9"", ""right_source_candidate_id"": ""source-candidate:84c0ba7e4b89b6c56dc3"", ""signals"": [""normalized_name_match"", ""hanja_match""], ""conflicts"": [], ""merge_eligible"": true}]",EVIDENCE_ONLY,REJECTED,용어와 설명 일치함,1919년 블라디보스토크의 장기영·김학현 등의 신문을 설명한다. 상하이에서 발행된 봉오동 전투 보도 출전 신문과 다른 실체이다.,,PENDING,,,
84,gold-case:63f1377d47114631273c,term-review-task:fec1858601ee2ea894a6,resolution-case:5c7ef2102ca18ab7ccdb,독립신문,문헌,"[{""problem_id"": ""cj_v41_0265"", ""full_text"": ""(가) 대왕대비께서 전교하기를, “이번에 이렇게 만동묘를 철폐하고 다른 곳으로 옮기 모시는 것에 대해서 선현의 혼령이 알게 되더라도 올바른 예법이라고 여기고 유감이 없을 것이다.”라고 하였다. (나) 최익현이 상소를 올려 대원군의 잘못을 탄핵하기를, “만약 그 지위가 아닌데도 국정에 괸여하는 지는 단지 그 지위와 녹을 중요하게 여기기 때문이다.”라고 하였다. 왕은 너그러운 비답을 내려 특별히 그를 호조 참판에 발탁하고 총애하였다.\n(가), (나) 사이의 시기에 있었던 사실로 옳은 것은?\n신식 군대인 별기군이 창설되었다.\n서재필 등이 독립신문을 발행하였다.\n종로와 전국 각지에 척화비가 세워졌다.\n김옥균 등 개화 세력이 정변을 일으켰다.\n조청 상민 수륙 무역 장정을 체결하였다.""}, {""problem_id"": ""cj_v41_0280"", ""full_text"": ""(가) 북간도에 주둔한 이군 7백 명은 북로 사령부 소재지인 봉오동을 향해 행군하다가 적군 3백 명을 발견하였다. 아군을 지휘하는 홍범도, 최진동 두 장군은 즉시 적을 공격하여 120여 명을 살상하고 도주하는 적을 추격하였다. - 독립신문 - (나) 조선 혁명군 총사령 양세봉, 참모장 김학규 등은 병력을 이끌고 중국 의용군과 합세하였다. - 아군은 승세를 몰아 적들을 30여 리 정도 추격한 끝에 영릉가성을 점령하였다. - 과보 0 그\n(가), (나) 사이의 시기에 있었던 사실로 옳지 않은 것은?\n자유시 참변 이후 3부가 조직되었다.\n일본군의 보복으로 간도 참변이 발생하였다.\n독립군 연합 부대가 청산리에서 큰 승리를 거두었다.\n일제가 독립군을 탄압하고자 미쓰야 협정을 체결하였다.\n스탈린에 의해 많은 한인이 중앙아시아로 강제 이주되었다.""}, {""problem_id"": ""cj_v41_0362"", ""full_text"": ""오늘 화약을 체결했으니 전주성에서 물러가시오. 알겠소. 폐정 개혁과 농민군의 신변 보장을 해 주시오. (가) 어제 군국기무처에서 과거제를 폐지했다고 하네. 앞으로 인재 등용에 큰 변화가 있겠군.\n(가) 시기에 있었던 사실로 옳은 것은?\n교정청이 설치되었다.\n독립신문이 창간되었다.\n한성 전기 회사가 설립되었다.\n시모노세키 조약이 체결되었다.\n건양이라는 연호가 제정되었다.""}]",source-candidate:42f38d5c07d9dc2bad07,THESAURUS:TERM:3496:sha256-1022516a18f91e61,THESAURUS,독립신문,name,exact,UNKNOWN,,"{""term_name"": ""독립신문"", ""hanja"": ""獨立新聞"", ""era"": ""현대"", ""thesaurus_category"": ""문화·예술>언론·출판"", ""description"": ""1945년 10월 11일 김승학(金承學)이 발행하여 우익 정론지로서의 역할을 한 신문."", ""term_year"": ""1945-1949"", ""term_remark"": ""1945""}","[{""left_source_candidate_id"": ""source-candidate:0ac3b3c7cf00d450ffcb"", ""right_source_candidate_id"": ""source-candidate:42f38d5c07d9dc2bad07"", ""signals"": [""normalized_name_match"", ""hanja_match"", ""era_overlap""], ""conflicts"": [], ""merge_eligible"": true}, {""left_source_candidate_id"": ""source-candidate:2715c10fff758e7edf79"", ""right_source_candidate_id"": ""source-candidate:42f38d5c07d9dc2bad07"", ""signals"": [""normalized_name_match"", ""hanja_match""], ""conflicts"": [], ""merge_eligible"": true}, {""left_source_candidate_id"": ""source-candidate:2da2c926211922ab1b54"", ""right_source_candidate_id"": ""source-candidate:42f38d5c07d9dc2bad07"", ""signals"": [""normalized_name_match"", ""hanja_match""], ""conflicts"": [], ""merge_eligible"": true}, {""left_source_candidate_id"": ""source-candidate:42f38d5c07d9dc2bad07"", ""right_source_candidate_id"": ""source-candidate:67d3d58994dbeb654cb9"", ""signals"": [""normalized_name_match"", ""hanja_match""], ""conflicts"": [], ""merge_eligible"": true}]",EVIDENCE_ONLY,REJECTED,용어와 설명 일치함,"1945년 김승학 발행의 우익 정론지를 설명하는 별도 현대 신문으로, 문제 문맥의 어느 독립신문과도 일치하지 않는다.",,PENDING,,,
84,gold-case:63f1377d47114631273c,term-review-task:fec1858601ee2ea894a6,resolution-case:5c7ef2102ca18ab7ccdb,독립신문,문헌,"[{""problem_id"": ""cj_v41_0265"", ""full_text"": ""(가) 대왕대비께서 전교하기를, “이번에 이렇게 만동묘를 철폐하고 다른 곳으로 옮기 모시는 것에 대해서 선현의 혼령이 알게 되더라도 올바른 예법이라고 여기고 유감이 없을 것이다.”라고 하였다. (나) 최익현이 상소를 올려 대원군의 잘못을 탄핵하기를, “만약 그 지위가 아닌데도 국정에 괸여하는 지는 단지 그 지위와 녹을 중요하게 여기기 때문이다.”라고 하였다. 왕은 너그러운 비답을 내려 특별히 그를 호조 참판에 발탁하고 총애하였다.\n(가), (나) 사이의 시기에 있었던 사실로 옳은 것은?\n신식 군대인 별기군이 창설되었다.\n서재필 등이 독립신문을 발행하였다.\n종로와 전국 각지에 척화비가 세워졌다.\n김옥균 등 개화 세력이 정변을 일으켰다.\n조청 상민 수륙 무역 장정을 체결하였다.""}, {""problem_id"": ""cj_v41_0280"", ""full_text"": ""(가) 북간도에 주둔한 이군 7백 명은 북로 사령부 소재지인 봉오동을 향해 행군하다가 적군 3백 명을 발견하였다. 아군을 지휘하는 홍범도, 최진동 두 장군은 즉시 적을 공격하여 120여 명을 살상하고 도주하는 적을 추격하였다. - 독립신문 - (나) 조선 혁명군 총사령 양세봉, 참모장 김학규 등은 병력을 이끌고 중국 의용군과 합세하였다. - 아군은 승세를 몰아 적들을 30여 리 정도 추격한 끝에 영릉가성을 점령하였다. - 과보 0 그\n(가), (나) 사이의 시기에 있었던 사실로 옳지 않은 것은?\n자유시 참변 이후 3부가 조직되었다.\n일본군의 보복으로 간도 참변이 발생하였다.\n독립군 연합 부대가 청산리에서 큰 승리를 거두었다.\n일제가 독립군을 탄압하고자 미쓰야 협정을 체결하였다.\n스탈린에 의해 많은 한인이 중앙아시아로 강제 이주되었다.""}, {""problem_id"": ""cj_v41_0362"", ""full_text"": ""오늘 화약을 체결했으니 전주성에서 물러가시오. 알겠소. 폐정 개혁과 농민군의 신변 보장을 해 주시오. (가) 어제 군국기무처에서 과거제를 폐지했다고 하네. 앞으로 인재 등용에 큰 변화가 있겠군.\n(가) 시기에 있었던 사실로 옳은 것은?\n교정청이 설치되었다.\n독립신문이 창간되었다.\n한성 전기 회사가 설립되었다.\n시모노세키 조약이 체결되었다.\n건양이라는 연호가 제정되었다.""}]",source-candidate:8ac3b66d7ceb6110b5f0,THESAURUS:TERM:11302:sha256-1022516a18f91e61,THESAURUS,독립신문사,name,bidirectional_containment,UNKNOWN,,"{""term_name"": ""독립신문사"", ""hanja"": ""獨立新聞社"", ""era"": ""개항기"", ""thesaurus_category"": ""문화·예술>언론·출판"", ""description"": ""1896년 서재필(徐載弼)이 서울에 설립한 신문사."", ""term_year"": ""1896""}",[],EVIDENCE_ONLY,REJECTED,REL_154의 독립신문(1896)과 연관있는 신문사,"1896년 서재필이 설립한 ‘독립신문사’라는 별도 기관이다. 신문 자체가 아니라 신문사이며, 원천 설명에도 문제 대상 신문을 발행했다는 구체적 관계가 명시되지 않았다.",,PENDING,,,
84,gold-case:63f1377d47114631273c,term-review-task:fec1858601ee2ea894a6,resolution-case:5c7ef2102ca18ab7ccdb,독립신문,문헌,"[{""problem_id"": ""cj_v41_0265"", ""full_text"": ""(가) 대왕대비께서 전교하기를, “이번에 이렇게 만동묘를 철폐하고 다른 곳으로 옮기 모시는 것에 대해서 선현의 혼령이 알게 되더라도 올바른 예법이라고 여기고 유감이 없을 것이다.”라고 하였다. (나) 최익현이 상소를 올려 대원군의 잘못을 탄핵하기를, “만약 그 지위가 아닌데도 국정에 괸여하는 지는 단지 그 지위와 녹을 중요하게 여기기 때문이다.”라고 하였다. 왕은 너그러운 비답을 내려 특별히 그를 호조 참판에 발탁하고 총애하였다.\n(가), (나) 사이의 시기에 있었던 사실로 옳은 것은?\n신식 군대인 별기군이 창설되었다.\n서재필 등이 독립신문을 발행하였다.\n종로와 전국 각지에 척화비가 세워졌다.\n김옥균 등 개화 세력이 정변을 일으켰다.\n조청 상민 수륙 무역 장정을 체결하였다.""}, {""problem_id"": ""cj_v41_0280"", ""full_text"": ""(가) 북간도에 주둔한 이군 7백 명은 북로 사령부 소재지인 봉오동을 향해 행군하다가 적군 3백 명을 발견하였다. 아군을 지휘하는 홍범도, 최진동 두 장군은 즉시 적을 공격하여 120여 명을 살상하고 도주하는 적을 추격하였다. - 독립신문 - (나) 조선 혁명군 총사령 양세봉, 참모장 김학규 등은 병력을 이끌고 중국 의용군과 합세하였다. - 아군은 승세를 몰아 적들을 30여 리 정도 추격한 끝에 영릉가성을 점령하였다. - 과보 0 그\n(가), (나) 사이의 시기에 있었던 사실로 옳지 않은 것은?\n자유시 참변 이후 3부가 조직되었다.\n일본군의 보복으로 간도 참변이 발생하였다.\n독립군 연합 부대가 청산리에서 큰 승리를 거두었다.\n일제가 독립군을 탄압하고자 미쓰야 협정을 체결하였다.\n스탈린에 의해 많은 한인이 중앙아시아로 강제 이주되었다.""}, {""problem_id"": ""cj_v41_0362"", ""full_text"": ""오늘 화약을 체결했으니 전주성에서 물러가시오. 알겠소. 폐정 개혁과 농민군의 신변 보장을 해 주시오. (가) 어제 군국기무처에서 과거제를 폐지했다고 하네. 앞으로 인재 등용에 큰 변화가 있겠군.\n(가) 시기에 있었던 사실로 옳은 것은?\n교정청이 설치되었다.\n독립신문이 창간되었다.\n한성 전기 회사가 설립되었다.\n시모노세키 조약이 체결되었다.\n건양이라는 연호가 제정되었다.""}]",source-candidate:1cab73c53276edb93a35,AKS:ARTICLE:E0014974:sha256-704d8ea620c542f5,AKS,대한독립신문,name,bidirectional_containment,COMPATIBLE,Work,"{""headword"": ""대한독립신문"", ""origin"": ""大韓獨立新聞"", ""headword_origin"": ""대한독립신문(大韓獨立新聞)"", ""primary_type"": ""문헌/연속간행물"", ""era"": ""근대/일제강점기"", ""definition"": ""1919년에, 간도 용정촌에서 구춘성 등이 해외 독립지사들의 활동 상황을 전하기 위하여 창간한 교민 신문.""}",[],EVIDENCE_ONLY,REJECTED,용어와 설명 일치함,"1919년 간도 용정촌에서 구춘성 등이 창간한 ‘대한독립신문’으로, 명칭 확장·별도 제호이자 창간지와 주체가 다른 신문이다.",,PENDING,,,
85,gold-case:17d224d63f4503f2bd63,term-review-task:a171de20e79bcad48231,resolution-case:de4b116078ceda1a5a40,동모산,지명,"[{""problem_id"": ""cj_v41_0151"", ""full_text"": ""창사 특집 다큐엔터리 (가) ,남북국 시대를 열다 동모산에 도읍하고 나라를 세우다 당의 등주를 공격하고 요서에서 격돌하다 일본에 국서를 보내어 고려 국왕이라 칭하다 꼬20년 10월 06일~○○일 방 10시\n(가) 국가에 대한 설명으로 옳은 것은?\n9서당 10정의 군사 조직을 갖추었다.\n정당성의 대내상이 국정을 총괄하였다.\n지방관을 감찰하기 위해 외사정을 파견하였다.\n위화부 등 13부를 두어 행정 업무를 분담하였다.\n마진이라는 국호와 무태라는 연호를 사용하였다.""}, {""problem_id"": ""cj_v41_0431"", ""full_text"": ""(가) 왕은 당과 신라 군사들이 이미 백강과 탄현을 지났다는 소식을 듣고 장군 계백에게 결사대 5천 명을 거느리고 황산으로 가서 신라 군사와 싸우게 하였다. 계백은 4번 싸워서 모두 이겼으나 군사가 적고 힘이 모자라서 마침내 패하였다. (나) 사찬 시득이 수군을 거느리고 소부리주 기벌포에서 설인귀와 싸웠는데 연이어 패배하였다. 그러나 이후 크고 작은 22번의 싸움에서 승리하여 4천여 명을 죽였다\n(가), (나) 사이의 시기에 있었던 사실로 옳은 것은?\n김흠돌이 반란을 꾀하다 처형되었다.\n의자왕이 신라를 공격하여 대야성을 함락시켰다.\n을지문덕이 살수에서 수의 군대를 크게 물리쳤다.\n대조영이 고구려 유민을 이끌고 동모산에서 건국하였다.\n검모잠이 안승을 왕으로 추대하고 부흥 운동을 전개하였다.""}, {""problem_id"": ""cj_v41_0675"", ""full_text"": ""36.. 궁궐 안 왕이 분노에 찬 표정으로 대문예에게 일하고 있다. 왕:혹수 말갈이 몰래 당에 조공하였으니, 이는 당과 공모하여 앞뒤로 우리를 치려는 것이다. 군대를 이끌고 기서 호수 말갈을 정벌하라. 대문에: 팅에 조공하였다 하여 그들~을 바로 공격한다면 이는 당에 맞서는 것이다. 하루아침에 당과 원수를 지면 빰을 자초할 수 있다.\n다음 시나리오에 등장하는 왕의 업적으로 옳은 것은?\n장문휴를 보내 등주를 공격하였다.\n9서당 10정의 군사 조직을 갖추었다.\n사비로 천도하고 국호를 남부여로 고쳤다.\n지방관을 감찰하고자 외사정을 파견하였다.\n고구려 유민을 모아 동모산에서 나라를 세웠다.""}]",source-candidate:c05b45594ad7fe04b69d,AKS:ARTICLE:E0016097:sha256-704d8ea620c542f5,AKS,동모산성,name,bidirectional_containment,COMPATIBLE,Heritage,"{""headword"": ""돈화 성산자산성"", ""aliases"": [""동모산성""], ""origin"": ""敦化 城山子山城"", ""headword_origin"": ""돈화 성산자산성(敦化 城山子山城)"", ""primary_type"": ""유적"", ""era"": ""고대/남북국/발해"", ""definition"": ""중국 길림성 연변조선족자치주 돈화시(敦化市) 현유향 성산자촌에 있는 남북국시대 발해의 성곽. 산성.""}","[{""left_source_candidate_id"": ""source-candidate:02ff9d315d886a28124a"", ""right_source_candidate_id"": ""source-candidate:c05b45594ad7fe04b69d"", ""signals"": [""normalized_name_match"", ""era_overlap""], ""conflicts"": [""entity_type_conflict""], ""merge_eligible"": false}, {""left_source_candidate_id"": ""source-candidate:c05b45594ad7fe04b69d"", ""right_source_candidate_id"": ""source-candidate:dc23f2dc81853c54cdb7"", ""signals"": [], ""conflicts"": [""entity_type_conflict""], ""merge_eligible"": false}]",EVIDENCE_ONLY,REJECTED,용어와 설명 일치함,"주 대상은 돈화 성산자산성이라는 발해 산성 유적이며, 동모산성은 별칭으로만 제시된다. 문제 target은 대조영의 건국지인 지명 동모산 자체이고, 이 원천은 동모산과 해당 산성의 관계를 별칭 이상의 방식으로 설명하지 않아 identity 또는 관계 근거로 채택할 수 없다.",,PENDING,,,
85,gold-case:17d224d63f4503f2bd63,term-review-task:a171de20e79bcad48231,resolution-case:de4b116078ceda1a5a40,동모산,지명,"[{""problem_id"": ""cj_v41_0151"", ""full_text"": ""창사 특집 다큐엔터리 (가) ,남북국 시대를 열다 동모산에 도읍하고 나라를 세우다 당의 등주를 공격하고 요서에서 격돌하다 일본에 국서를 보내어 고려 국왕이라 칭하다 꼬20년 10월 06일~○○일 방 10시\n(가) 국가에 대한 설명으로 옳은 것은?\n9서당 10정의 군사 조직을 갖추었다.\n정당성의 대내상이 국정을 총괄하였다.\n지방관을 감찰하기 위해 외사정을 파견하였다.\n위화부 등 13부를 두어 행정 업무를 분담하였다.\n마진이라는 국호와 무태라는 연호를 사용하였다.""}, {""problem_id"": ""cj_v41_0431"", ""full_text"": ""(가) 왕은 당과 신라 군사들이 이미 백강과 탄현을 지났다는 소식을 듣고 장군 계백에게 결사대 5천 명을 거느리고 황산으로 가서 신라 군사와 싸우게 하였다. 계백은 4번 싸워서 모두 이겼으나 군사가 적고 힘이 모자라서 마침내 패하였다. (나) 사찬 시득이 수군을 거느리고 소부리주 기벌포에서 설인귀와 싸웠는데 연이어 패배하였다. 그러나 이후 크고 작은 22번의 싸움에서 승리하여 4천여 명을 죽였다\n(가), (나) 사이의 시기에 있었던 사실로 옳은 것은?\n김흠돌이 반란을 꾀하다 처형되었다.\n의자왕이 신라를 공격하여 대야성을 함락시켰다.\n을지문덕이 살수에서 수의 군대를 크게 물리쳤다.\n대조영이 고구려 유민을 이끌고 동모산에서 건국하였다.\n검모잠이 안승을 왕으로 추대하고 부흥 운동을 전개하였다.""}, {""problem_id"": ""cj_v41_0675"", ""full_text"": ""36.. 궁궐 안 왕이 분노에 찬 표정으로 대문예에게 일하고 있다. 왕:혹수 말갈이 몰래 당에 조공하였으니, 이는 당과 공모하여 앞뒤로 우리를 치려는 것이다. 군대를 이끌고 기서 호수 말갈을 정벌하라. 대문에: 팅에 조공하였다 하여 그들~을 바로 공격한다면 이는 당에 맞서는 것이다. 하루아침에 당과 원수를 지면 빰을 자초할 수 있다.\n다음 시나리오에 등장하는 왕의 업적으로 옳은 것은?\n장문휴를 보내 등주를 공격하였다.\n9서당 10정의 군사 조직을 갖추었다.\n사비로 천도하고 국호를 남부여로 고쳤다.\n지방관을 감찰하고자 외사정을 파견하였다.\n고구려 유민을 모아 동모산에서 나라를 세웠다.""}]",source-candidate:fb51173e3d751aceab6d,THESAURUS:TERM:17876:sha256-1022516a18f91e61,THESAURUS,성산자산성,description,description_containment,UNKNOWN,,"{""term_name"": ""성산자산성"", ""hanja"": ""城山子山城"", ""era"": ""남북국시대"", ""thesaurus_category"": ""국방·군사>군사방어시설"", ""description"": ""발해의 건국지인 동모산(東牟山)으로 추정되는 산성. 중국 길림성 돈화시 현유향 성산자촌 성산자산에 있음."", ""term_year"": ""?-?""}",[],REJECTED,EVIDENCE_ONLY,용어와 설명 일치함,"주 대상은 군사방어시설인 성산자산성이므로 동모산 지명 자체는 아니다. 다만 설명에서 이 산성을 ‘발해의 건국지인 동모산(東牟山)으로 추정’한다고 명시하여, 문제 target인 동모산과 성산자산성의 구체적인 추정 관계를 제공한다.",,PENDING,,,
87,gold-case:9d200eed7fd30d2cb3c2,term-review-task:92705bdc15d00c125889,resolution-case:a261b6246eb3aab0a25a,동복 현감,제도,"[{""problem_id"": ""cj_v41_1405"", ""full_text"": ""이치(梨峙)는 금산에서 전주로 넘어가는 길목에 위치한 요충지이다. 이곳에서 전라 절제사 권율과 동복 현감 황진이 이끄는 관군은 치열한 전투 끝에 적의 진격을 저지하였다. 그 결과 전라도의 곡창 지대와 조선 수군의 배후를 지키는 데 기여하여 전쟁 초기 적군의 전략에 타격을 입혔다. 오전 11:10 충청도 이치 전투, 전라도를 지켜내다 금산 이치 전주 전라도\n밑줄 그은 ‘전쟁’ 중에 있었던 사실로 옳은 것은?\n정문부가 북관대첩을 이끌었다.\n정봉수가 용골산성에서 항쟁하였다.\n최윤덕이 이만주 부대를 정벌하였다.\n강홍립이 사르후 전투에 참전하였다.\n김준룡이 광교산 전투에서 항전하였다.""}]",source-candidate:1f39f53d8cd09fa1d08f,THESAURUS:TERM:24562:sha256-1022516a18f91e61,THESAURUS,동복현,name,bidirectional_containment,UNKNOWN,Place,"{""term_name"": ""동복현"", ""hanja"": ""同福縣"", ""era"": ""남북국시대-조선시대"", ""thesaurus_category"": ""지명"", ""description"": ""신라 경덕왕-조선시대 현 단위 행정구역. 1405년 화순군에 병합되기도 함."", ""term_year"": ""757-1405, 1416-1655, 1666-1895""}","[{""left_source_candidate_id"": ""source-candidate:1f39f53d8cd09fa1d08f"", ""right_source_candidate_id"": ""source-candidate:294bdca7d97ef6273cb2"", ""signals"": [], ""conflicts"": [""entity_type_conflict""], ""merge_eligible"": false}, {""left_source_candidate_id"": ""source-candidate:1f39f53d8cd09fa1d08f"", ""right_source_candidate_id"": ""source-candidate:4cdda2e7c62dc8bb34e5"", ""signals"": [], ""conflicts"": [""entity_type_conflict""], ""merge_eligible"": false}, {""left_source_candidate_id"": ""source-candidate:1f39f53d8cd09fa1d08f"", ""right_source_candidate_id"": ""source-candidate:5596eb648c0ce84d9b02"", ""signals"": [], ""conflicts"": [""entity_type_conflict""], ""merge_eligible"": false}, {""left_source_candidate_id"": ""source-candidate:1f39f53d8cd09fa1d08f"", ""right_source_candidate_id"": ""source-candidate:8d3602f8a3410a331638"", ""signals"": [], ""conflicts"": [""entity_type_conflict""], ""merge_eligible"": false}, {""left_source_candidate_id"": ""source-candidate:1f39f53d8cd09fa1d08f"", ""right_source_candidate_id"": ""source-candidate:cd3b2242ce2796a82fc0"", ""signals"": [], ""conflicts"": [""entity_type_conflict""], ""merge_eligible"": false}]",EVIDENCE_ONLY,REJECTED,연관 지역에 대한 설명이 있지만 해당용어에 대한 설명은 없음,"동복현이라는 행정구역 자체를 설명하는 지명 원천이다. 문제 target은 이치 전투 당시 황진이 맡은 ‘동복 현감’ 관직·직임이며, 원천은 현감 또는 황진과의 관계를 설명하지 않는다.",,PENDING,,,
87,gold-case:9d200eed7fd30d2cb3c2,term-review-task:92705bdc15d00c125889,resolution-case:a261b6246eb3aab0a25a,동복 현감,제도,"[{""problem_id"": ""cj_v41_1405"", ""full_text"": ""이치(梨峙)는 금산에서 전주로 넘어가는 길목에 위치한 요충지이다. 이곳에서 전라 절제사 권율과 동복 현감 황진이 이끄는 관군은 치열한 전투 끝에 적의 진격을 저지하였다. 그 결과 전라도의 곡창 지대와 조선 수군의 배후를 지키는 데 기여하여 전쟁 초기 적군의 전략에 타격을 입혔다. 오전 11:10 충청도 이치 전투, 전라도를 지켜내다 금산 이치 전주 전라도\n밑줄 그은 ‘전쟁’ 중에 있었던 사실로 옳은 것은?\n정문부가 북관대첩을 이끌었다.\n정봉수가 용골산성에서 항쟁하였다.\n최윤덕이 이만주 부대를 정벌하였다.\n강홍립이 사르후 전투에 참전하였다.\n김준룡이 광교산 전투에서 항전하였다.""}]",source-candidate:5596eb648c0ce84d9b02,AKS:ARTICLE:E0063257:sha256-704d8ea620c542f5,AKS,현감,name,name_ngram,COMPATIBLE,Concept,"{""headword"": ""현감"", ""origin"": ""縣監"", ""headword_origin"": ""현감(縣監)"", ""primary_type"": ""제도/관직"", ""era"": ""조선/조선 전기 | 조선/조선 후기"", ""definition"": ""조선시대 최하위의 지방행정구역 단위였던 현(縣)의 종6품직 관직.""}","[{""left_source_candidate_id"": ""source-candidate:1f39f53d8cd09fa1d08f"", ""right_source_candidate_id"": ""source-candidate:5596eb648c0ce84d9b02"", ""signals"": [], ""conflicts"": [""entity_type_conflict""], ""merge_eligible"": false}, {""left_source_candidate_id"": ""source-candidate:294bdca7d97ef6273cb2"", ""right_source_candidate_id"": ""source-candidate:5596eb648c0ce84d9b02"", ""signals"": [""era_overlap""], ""conflicts"": [""entity_type_conflict""], ""merge_eligible"": false}, {""left_source_candidate_id"": ""source-candidate:2ccb9d8d89017016a5b5"", ""right_source_candidate_id"": ""source-candidate:5596eb648c0ce84d9b02"", ""signals"": [], ""conflicts"": [""entity_type_conflict""], ""merge_eligible"": false}, {""left_source_candidate_id"": ""source-candidate:3306217d4e5ed3c3cc40"", ""right_source_candidate_id"": ""source-candidate:5596eb648c0ce84d9b02"", ""signals"": [], ""conflicts"": [""entity_type_conflict""], ""merge_eligible"": false}, {""left_source_candidate_id"": ""source-candidate:4cdda2e7c62dc8bb34e5"", ""right_source_candidate_id"": ""source-candidate:5596eb648c0ce84d9b02"", ""signals"": [""era_overlap""], ""conflicts"": [""entity_type_conflict""], ""merge_eligible"": false}, {""left_source_candidate_id"": ""source-candidate:5596eb648c0ce84d9b02"", ""right_source_candidate_id"": ""source-candidate:8d3602f8a3410a331638"", ""signals"": [], ""conflicts"": [""entity_type_conflict""], ""merge_eligible"": false}, {""left_source_candidate_id"": ""source-candidate:5596eb648c0ce84d9b02"", ""right_source_candidate_id"": ""source-candidate:cd3b2242ce2796a82fc0"", ""signals"": [""era_overlap""], ""conflicts"": [""entity_type_conflict""], ""merge_eligible"": false}, {""left_source_candidate_id"": ""source-candidate:5596eb648c0ce84d9b02"", ""right_source_candidate_id"": ""source-candidate:dec3a22d1e2f0ff8c9f2"", ""signals"": [""era_overlap""], ""conflicts"": [""entity_type_conflict""], ""merge_eligible"": false}]",EVIDENCE_ONLY,REJECTED,연관 지역에 대한 설명이 있지만 해당용어에 대한 설명은 없음,조선시대 일반 관직인 현감의 정의이다. 지역이 특정된 동복 현감이라는 문제 target 자체나 황진의 재임을 설명하지 않으므로 상위 일반 관직을 동일 실체로 병합할 수 없다.,,PENDING,,,
87,gold-case:9d200eed7fd30d2cb3c2,term-review-task:92705bdc15d00c125889,resolution-case:a261b6246eb3aab0a25a,동복 현감,제도,"[{""problem_id"": ""cj_v41_1405"", ""full_text"": ""이치(梨峙)는 금산에서 전주로 넘어가는 길목에 위치한 요충지이다. 이곳에서 전라 절제사 권율과 동복 현감 황진이 이끄는 관군은 치열한 전투 끝에 적의 진격을 저지하였다. 그 결과 전라도의 곡창 지대와 조선 수군의 배후를 지키는 데 기여하여 전쟁 초기 적군의 전략에 타격을 입혔다. 오전 11:10 충청도 이치 전투, 전라도를 지켜내다 금산 이치 전주 전라도\n밑줄 그은 ‘전쟁’ 중에 있었던 사실로 옳은 것은?\n정문부가 북관대첩을 이끌었다.\n정봉수가 용골산성에서 항쟁하였다.\n최윤덕이 이만주 부대를 정벌하였다.\n강홍립이 사르후 전투에 참전하였다.\n김준룡이 광교산 전투에서 항전하였다.""}]",source-candidate:2ccb9d8d89017016a5b5,AKS:ARTICLE:E0016511:sha256-704d8ea620c542f5,AKS,동복,name,name_ngram,CONFLICT,Place,"{""headword"": ""동복"", ""aliases"": [""두부지(豆夫只)"", ""복순(福順)"", ""옹성(瓮城)""], ""origin"": ""同福"", ""headword_origin"": ""동복(同福)"", ""primary_type"": ""지명/고지명"", ""era"": ""고대/남북국/통일신라"", ""definition"": ""전라남도 화순 지역의 옛 지명.""}","[{""left_source_candidate_id"": ""source-candidate:294bdca7d97ef6273cb2"", ""right_source_candidate_id"": ""source-candidate:2ccb9d8d89017016a5b5"", ""signals"": [], ""conflicts"": [""entity_type_conflict""], ""merge_eligible"": false}, {""left_source_candidate_id"": ""source-candidate:2ccb9d8d89017016a5b5"", ""right_source_candidate_id"": ""source-candidate:4cdda2e7c62dc8bb34e5"", ""signals"": [], ""conflicts"": [""entity_type_conflict""], ""merge_eligible"": false}, {""left_source_candidate_id"": ""source-candidate:2ccb9d8d89017016a5b5"", ""right_source_candidate_id"": ""source-candidate:5596eb648c0ce84d9b02"", ""signals"": [], ""conflicts"": [""entity_type_conflict""], ""merge_eligible"": false}, {""left_source_candidate_id"": ""source-candidate:2ccb9d8d89017016a5b5"", ""right_source_candidate_id"": ""source-candidate:8d3602f8a3410a331638"", ""signals"": [""normalized_name_match""], ""conflicts"": [""entity_type_conflict""], ""merge_eligible"": false}, {""left_source_candidate_id"": ""source-candidate:2ccb9d8d89017016a5b5"", ""right_source_candidate_id"": ""source-candidate:cd3b2242ce2796a82fc0"", ""signals"": [], ""conflicts"": [""entity_type_conflict""], ""merge_eligible"": false}]",EVIDENCE_ONLY,REJECTED,연관 지역에 대한 설명이 있지만 해당용어에 대한 설명은 없음,통일신라 이래 화순 지역의 옛 지명 동복을 설명하는 원천이다. 문제의 조선 임진왜란기 동복 현감 관직과의 구체적 관계가 없다.,,PENDING,,,
87,gold-case:9d200eed7fd30d2cb3c2,term-review-task:92705bdc15d00c125889,resolution-case:a261b6246eb3aab0a25a,동복 현감,제도,"[{""problem_id"": ""cj_v41_1405"", ""full_text"": ""이치(梨峙)는 금산에서 전주로 넘어가는 길목에 위치한 요충지이다. 이곳에서 전라 절제사 권율과 동복 현감 황진이 이끄는 관군은 치열한 전투 끝에 적의 진격을 저지하였다. 그 결과 전라도의 곡창 지대와 조선 수군의 배후를 지키는 데 기여하여 전쟁 초기 적군의 전략에 타격을 입혔다. 오전 11:10 충청도 이치 전투, 전라도를 지켜내다 금산 이치 전주 전라도\n밑줄 그은 ‘전쟁’ 중에 있었던 사실로 옳은 것은?\n정문부가 북관대첩을 이끌었다.\n정봉수가 용골산성에서 항쟁하였다.\n최윤덕이 이만주 부대를 정벌하였다.\n강홍립이 사르후 전투에 참전하였다.\n김준룡이 광교산 전투에서 항전하였다.""}]",source-candidate:294bdca7d97ef6273cb2,AKS:ARTICLE:E0016514:sha256-704d8ea620c542f5,AKS,동복지,name,name_ngram,CONFLICT,Work,"{""headword"": ""동복지"", ""origin"": ""同福誌"", ""headword_origin"": ""동복지(同福誌)"", ""primary_type"": ""문헌/고서"", ""era"": ""조선/조선 후기"", ""definition"": ""송긍면 등이 전라도 동복(현 화순군 동복면)의 연혁·인문지리·행정 등을 수록하여 1855년에 편찬한 {사찬 읍지}.""}","[{""left_source_candidate_id"": ""source-candidate:1f39f53d8cd09fa1d08f"", ""right_source_candidate_id"": ""source-candidate:294bdca7d97ef6273cb2"", ""signals"": [], ""conflicts"": [""entity_type_conflict""], ""merge_eligible"": false}, {""left_source_candidate_id"": ""source-candidate:294bdca7d97ef6273cb2"", ""right_source_candidate_id"": ""source-candidate:2ccb9d8d89017016a5b5"", ""signals"": [], ""conflicts"": [""entity_type_conflict""], ""merge_eligible"": false}, {""left_source_candidate_id"": ""source-candidate:294bdca7d97ef6273cb2"", ""right_source_candidate_id"": ""source-candidate:3306217d4e5ed3c3cc40"", ""signals"": [], ""conflicts"": [""entity_type_conflict""], ""merge_eligible"": false}, {""left_source_candidate_id"": ""source-candidate:294bdca7d97ef6273cb2"", ""right_source_candidate_id"": ""source-candidate:4cdda2e7c62dc8bb34e5"", ""signals"": [], ""conflicts"": [""entity_type_conflict""], ""merge_eligible"": false}, {""left_source_candidate_id"": ""source-candidate:294bdca7d97ef6273cb2"", ""right_source_candidate_id"": ""source-candidate:5596eb648c0ce84d9b02"", ""signals"": [""era_overlap""], ""conflicts"": [""entity_type_conflict""], ""merge_eligible"": false}, {""left_source_candidate_id"": ""source-candidate:294bdca7d97ef6273cb2"", ""right_source_candidate_id"": ""source-candidate:8d3602f8a3410a331638"", ""signals"": [], ""conflicts"": [""entity_type_conflict""], ""merge_eligible"": false}, {""left_source_candidate_id"": ""source-candidate:294bdca7d97ef6273cb2"", ""right_source_candidate_id"": ""source-candidate:cd3b2242ce2796a82fc0"", ""signals"": [""era_overlap""], ""conflicts"": [""entity_type_conflict""], ""merge_eligible"": false}, {""left_source_candidate_id"": ""source-candidate:294bdca7d97ef6273cb2"", ""right_source_candidate_id"": ""source-candidate:dec3a22d1e2f0ff8c9f2"", ""signals"": [], ""conflicts"": [""entity_type_conflict""], ""merge_eligible"": false}]",EVIDENCE_ONLY,REJECTED,연관 지역에 대한 설명이 있지만 해당용어에 대한 설명은 없음,1855년 편찬된 읍지 《동복지》라는 별도 문헌이다. 동복현의 연혁을 다루더라도 문제의 동복 현감 관직이나 황진과의 명시적 관계는 제시되지 않는다.,,PENDING,,,
88,gold-case:17be139fe4324b66e462,term-review-task:d0cc75a6c16f5d681027,resolution-case:daf72d280451635f8554,정년도목,제도,"[{""problem_id"": ""cj_v41_0630"", ""full_text"": ""백관이 최우의 집에 나아가 정년도목을 올리니, 최우가 정사에 앉아 받았다. 6품 이하는 당하에서 두 번 절하고 땅에 엎드려 감히 고개를 들지 못하였다. 이때부터 최우는 정방을 자기 집에 두고 백관의 인사 행정을 처리하였다. - 고려사절요 -\n다음 상황 이후에 전개된 사실로 옳은 것은?\n삼별초가 용장성에서 항전하였다.\n정중부 등이 김보당의 반란을 진압하였다.\n빈민 구제를 위한 흑창을 처음 설치하였다.\n공주 명학소에서 망이·망소이가 봉기하였다.\n최충헌이 교정별감이 되어 국정을 총괄하였다.""}, {""problem_id"": ""cj_v41_1206"", ""full_text"": ""(가) 왕이 먼저 나라 안의 신하들을 권유하여 개경으로 환도하게 하였다. 여러 신하들이 말하기를 “임금의 명령인데, 감히 따르지 않을 수 있겠는가?”라고 하였으므로, 임유무가 화가 나서 어떻게 해야 할지를 알지 못하였다. (나) 조위총이 군사를 일으키자, 이의방이 이의민을 정동 대장군 지병마사로 임명하였다. 이의민이 군사를 거느리고 전투에 나섰다가 날아오는 화살에 눈을 맞았으나, 철령으로 진군하여 사방에서 북을 치고 고함을 지르면서 급습하여 크게 격파 하였다. (다) 백관이 최우의 집에 나아가 정년도목(政年都目)을 올렸다. 최우가 청사에 앉아 그것을 받았다. 6품 이하는 당하(堂下)에서 두 번 절하고 땅에 엎드려 감히 고개를 들고 보지 못하였다. 이때부터 최우는 정방을 그의 집에 두고 백관의 인사 행정을 처리하였다.\n(가)~(다)를 일어난 순서대로 옳게 나열한 것은?\n(가) - (나) - (다)\n(가) - (다) - (나)\n(나) - (가) - (다)\n(나) - (다) - (가)\n(다) - (나) - (가)""}]",source-candidate:76c5c52092f22773f0f6,THESAURUS:TERM:35670264:sha256-1022516a18f91e61,THESAURUS,녹도목,name,name_ngram,UNKNOWN,,"{""term_name"": ""녹도목"", ""hanja"": ""祿都目"", ""era"": ""조선시대"", ""thesaurus_category"": ""정치·행정·법제>인사"", ""description"": ""조선시대 체아직(遞兒職)에 대하여 해마다 네 차례 행하는 도목."", ""term_year"": ""?-?""}",[],EVIDENCE_ONLY,REJECTED,연관용어 설명은 있지만 해당 용어에 대한 정확한 설명은 없음,"조선시대 체아직의 정기 인사 절차인 녹도목(祿都目)으로, 고려 최우 집의 정방 설치 맥락에서 백관이 올린 정년도목(政年都目)과 시대·명칭·대상이 다르며 관계도 제시되지 않는다.",,PENDING,,,
88,gold-case:17be139fe4324b66e462,term-review-task:d0cc75a6c16f5d681027,resolution-case:daf72d280451635f8554,정년도목,제도,"[{""problem_id"": ""cj_v41_0630"", ""full_text"": ""백관이 최우의 집에 나아가 정년도목을 올리니, 최우가 정사에 앉아 받았다. 6품 이하는 당하에서 두 번 절하고 땅에 엎드려 감히 고개를 들지 못하였다. 이때부터 최우는 정방을 자기 집에 두고 백관의 인사 행정을 처리하였다. - 고려사절요 -\n다음 상황 이후에 전개된 사실로 옳은 것은?\n삼별초가 용장성에서 항전하였다.\n정중부 등이 김보당의 반란을 진압하였다.\n빈민 구제를 위한 흑창을 처음 설치하였다.\n공주 명학소에서 망이·망소이가 봉기하였다.\n최충헌이 교정별감이 되어 국정을 총괄하였다.""}, {""problem_id"": ""cj_v41_1206"", ""full_text"": ""(가) 왕이 먼저 나라 안의 신하들을 권유하여 개경으로 환도하게 하였다. 여러 신하들이 말하기를 “임금의 명령인데, 감히 따르지 않을 수 있겠는가?”라고 하였으므로, 임유무가 화가 나서 어떻게 해야 할지를 알지 못하였다. (나) 조위총이 군사를 일으키자, 이의방이 이의민을 정동 대장군 지병마사로 임명하였다. 이의민이 군사를 거느리고 전투에 나섰다가 날아오는 화살에 눈을 맞았으나, 철령으로 진군하여 사방에서 북을 치고 고함을 지르면서 급습하여 크게 격파 하였다. (다) 백관이 최우의 집에 나아가 정년도목(政年都目)을 올렸다. 최우가 청사에 앉아 그것을 받았다. 6품 이하는 당하(堂下)에서 두 번 절하고 땅에 엎드려 감히 고개를 들고 보지 못하였다. 이때부터 최우는 정방을 그의 집에 두고 백관의 인사 행정을 처리하였다.\n(가)~(다)를 일어난 순서대로 옳게 나열한 것은?\n(가) - (나) - (다)\n(가) - (다) - (나)\n(나) - (가) - (다)\n(나) - (다) - (가)\n(다) - (나) - (가)""}]",source-candidate:3fc18047ad56235276ab,THESAURUS:TERM:9096:sha256-1022516a18f91e61,THESAURUS,도목채,name,name_ngram,UNKNOWN,,"{""term_name"": ""도목채"", ""hanja"": ""都目債"", ""era"": ""조선시대"", ""thesaurus_category"": ""정치·행정·법제>인사"", ""description"": ""조선시대 국가에서 벼슬아치들의 성적을 정리한 도목을 작성하는 데 드는 비용으로 지급하는 물품이나 돈."", ""term_year"": ""?-?""}",[],EVIDENCE_ONLY,REJECTED,연관용어 설명은 있지만 해당 용어에 대한 정확한 설명은 없음,도목 작성 비용을 뜻하는 조선시대 도목채(都目債)이다. 문제의 고려시대 정년도목 자체나 최우의 인사 행정과의 구체적 관계를 설명하지 않는다.,,PENDING,,,
88,gold-case:17be139fe4324b66e462,term-review-task:d0cc75a6c16f5d681027,resolution-case:daf72d280451635f8554,정년도목,제도,"[{""problem_id"": ""cj_v41_0630"", ""full_text"": ""백관이 최우의 집에 나아가 정년도목을 올리니, 최우가 정사에 앉아 받았다. 6품 이하는 당하에서 두 번 절하고 땅에 엎드려 감히 고개를 들지 못하였다. 이때부터 최우는 정방을 자기 집에 두고 백관의 인사 행정을 처리하였다. - 고려사절요 -\n다음 상황 이후에 전개된 사실로 옳은 것은?\n삼별초가 용장성에서 항전하였다.\n정중부 등이 김보당의 반란을 진압하였다.\n빈민 구제를 위한 흑창을 처음 설치하였다.\n공주 명학소에서 망이·망소이가 봉기하였다.\n최충헌이 교정별감이 되어 국정을 총괄하였다.""}, {""problem_id"": ""cj_v41_1206"", ""full_text"": ""(가) 왕이 먼저 나라 안의 신하들을 권유하여 개경으로 환도하게 하였다. 여러 신하들이 말하기를 “임금의 명령인데, 감히 따르지 않을 수 있겠는가?”라고 하였으므로, 임유무가 화가 나서 어떻게 해야 할지를 알지 못하였다. (나) 조위총이 군사를 일으키자, 이의방이 이의민을 정동 대장군 지병마사로 임명하였다. 이의민이 군사를 거느리고 전투에 나섰다가 날아오는 화살에 눈을 맞았으나, 철령으로 진군하여 사방에서 북을 치고 고함을 지르면서 급습하여 크게 격파 하였다. (다) 백관이 최우의 집에 나아가 정년도목(政年都目)을 올렸다. 최우가 청사에 앉아 그것을 받았다. 6품 이하는 당하(堂下)에서 두 번 절하고 땅에 엎드려 감히 고개를 들고 보지 못하였다. 이때부터 최우는 정방을 그의 집에 두고 백관의 인사 행정을 처리하였다.\n(가)~(다)를 일어난 순서대로 옳게 나열한 것은?\n(가) - (나) - (다)\n(가) - (다) - (나)\n(나) - (가) - (다)\n(나) - (다) - (가)\n(다) - (나) - (가)""}]",source-candidate:15bc02c54a1f2abfda24,THESAURUS:TERM:6304125:sha256-1022516a18f91e61,THESAURUS,도목정사놀이,name,name_ngram,UNKNOWN,,"{""term_name"": ""도목정사놀이"", ""hanja"": ""都目政事놀이"", ""era"": ""조선시대"", ""thesaurus_category"": ""사회·생활>취미·오락"", ""description"": ""조선시대에 도목정사의 실태를 소재로 한 일종의 사회풍자극."", ""term_year"": ""?-?""}",[],EVIDENCE_ONLY,REJECTED,연관용어 설명은 있지만 해당 용어에 대한 정확한 설명은 없음,"조선시대 도목정사를 소재로 한 사회풍자극 도목정사놀이로, 고려 무신집권기 최우에게 올린 정년도목과는 유형·시대가 다르고 관련 관계도 없다.",,PENDING,,,
88,gold-case:17be139fe4324b66e462,term-review-task:d0cc75a6c16f5d681027,resolution-case:daf72d280451635f8554,정년도목,제도,"[{""problem_id"": ""cj_v41_0630"", ""full_text"": ""백관이 최우의 집에 나아가 정년도목을 올리니, 최우가 정사에 앉아 받았다. 6품 이하는 당하에서 두 번 절하고 땅에 엎드려 감히 고개를 들지 못하였다. 이때부터 최우는 정방을 자기 집에 두고 백관의 인사 행정을 처리하였다. - 고려사절요 -\n다음 상황 이후에 전개된 사실로 옳은 것은?\n삼별초가 용장성에서 항전하였다.\n정중부 등이 김보당의 반란을 진압하였다.\n빈민 구제를 위한 흑창을 처음 설치하였다.\n공주 명학소에서 망이·망소이가 봉기하였다.\n최충헌이 교정별감이 되어 국정을 총괄하였다.""}, {""problem_id"": ""cj_v41_1206"", ""full_text"": ""(가) 왕이 먼저 나라 안의 신하들을 권유하여 개경으로 환도하게 하였다. 여러 신하들이 말하기를 “임금의 명령인데, 감히 따르지 않을 수 있겠는가?”라고 하였으므로, 임유무가 화가 나서 어떻게 해야 할지를 알지 못하였다. (나) 조위총이 군사를 일으키자, 이의방이 이의민을 정동 대장군 지병마사로 임명하였다. 이의민이 군사를 거느리고 전투에 나섰다가 날아오는 화살에 눈을 맞았으나, 철령으로 진군하여 사방에서 북을 치고 고함을 지르면서 급습하여 크게 격파 하였다. (다) 백관이 최우의 집에 나아가 정년도목(政年都目)을 올렸다. 최우가 청사에 앉아 그것을 받았다. 6품 이하는 당하(堂下)에서 두 번 절하고 땅에 엎드려 감히 고개를 들고 보지 못하였다. 이때부터 최우는 정방을 그의 집에 두고 백관의 인사 행정을 처리하였다.\n(가)~(다)를 일어난 순서대로 옳게 나열한 것은?\n(가) - (나) - (다)\n(가) - (다) - (나)\n(나) - (가) - (다)\n(나) - (다) - (가)\n(다) - (나) - (가)""}]",source-candidate:9d234da546aae3f84c31,AKS:ARTICLE:E0015631:sha256-704d8ea620c542f5,AKS,도목정사,name,name_ngram,COMPATIBLE,Concept,"{""headword"": ""도목정사"", ""origin"": ""都目政事"", ""headword_origin"": ""도목정사(都目政事)"", ""primary_type"": ""제도/법령·제도"", ""era"": ""고려/고려 전기 | 조선"", ""definition"": ""고려·조선 시대 매년 두 번 혹은 네 번 이조·병조에서 행하는 인사행정.""}","[{""left_source_candidate_id"": ""source-candidate:9d234da546aae3f84c31"", ""right_source_candidate_id"": ""source-candidate:aa75c0435ce8265c4feb"", ""signals"": [""normalized_name_match"", ""hanja_match""], ""conflicts"": [], ""merge_eligible"": true}, {""left_source_candidate_id"": ""source-candidate:9d234da546aae3f84c31"", ""right_source_candidate_id"": ""source-candidate:c09712d5ede16f168db9"", ""signals"": [], ""conflicts"": [""entity_type_conflict""], ""merge_eligible"": false}, {""left_source_candidate_id"": ""source-candidate:9d234da546aae3f84c31"", ""right_source_candidate_id"": ""source-candidate:ec7fd7b6d32bb1c0781f"", ""signals"": [], ""conflicts"": [""entity_type_conflict""], ""merge_eligible"": false}, {""left_source_candidate_id"": ""source-candidate:9d234da546aae3f84c31"", ""right_source_candidate_id"": ""source-candidate:fe24b6086acad3a8bc73"", ""signals"": [], ""conflicts"": [""entity_type_conflict""], ""merge_eligible"": false}]",EVIDENCE_ONLY,REJECTED,연관용어 설명은 있지만 해당 용어에 대한 정확한 설명은 없음,"도목정사(都目政事)는 고려·조선의 정기 인사행정 일반을 설명한다. 문제의 표기는 정년도목(政年都目)이며, 백관이 최우에게 올린 특정 도목 기록·절차와 도목정사가 동의어 또는 동일 실체라는 근거가 이 원천에 없다.",,PENDING,,,
88,gold-case:17be139fe4324b66e462,term-review-task:d0cc75a6c16f5d681027,resolution-case:daf72d280451635f8554,정년도목,제도,"[{""problem_id"": ""cj_v41_0630"", ""full_text"": ""백관이 최우의 집에 나아가 정년도목을 올리니, 최우가 정사에 앉아 받았다. 6품 이하는 당하에서 두 번 절하고 땅에 엎드려 감히 고개를 들지 못하였다. 이때부터 최우는 정방을 자기 집에 두고 백관의 인사 행정을 처리하였다. - 고려사절요 -\n다음 상황 이후에 전개된 사실로 옳은 것은?\n삼별초가 용장성에서 항전하였다.\n정중부 등이 김보당의 반란을 진압하였다.\n빈민 구제를 위한 흑창을 처음 설치하였다.\n공주 명학소에서 망이·망소이가 봉기하였다.\n최충헌이 교정별감이 되어 국정을 총괄하였다.""}, {""problem_id"": ""cj_v41_1206"", ""full_text"": ""(가) 왕이 먼저 나라 안의 신하들을 권유하여 개경으로 환도하게 하였다. 여러 신하들이 말하기를 “임금의 명령인데, 감히 따르지 않을 수 있겠는가?”라고 하였으므로, 임유무가 화가 나서 어떻게 해야 할지를 알지 못하였다. (나) 조위총이 군사를 일으키자, 이의방이 이의민을 정동 대장군 지병마사로 임명하였다. 이의민이 군사를 거느리고 전투에 나섰다가 날아오는 화살에 눈을 맞았으나, 철령으로 진군하여 사방에서 북을 치고 고함을 지르면서 급습하여 크게 격파 하였다. (다) 백관이 최우의 집에 나아가 정년도목(政年都目)을 올렸다. 최우가 청사에 앉아 그것을 받았다. 6품 이하는 당하(堂下)에서 두 번 절하고 땅에 엎드려 감히 고개를 들고 보지 못하였다. 이때부터 최우는 정방을 그의 집에 두고 백관의 인사 행정을 처리하였다.\n(가)~(다)를 일어난 순서대로 옳게 나열한 것은?\n(가) - (나) - (다)\n(가) - (다) - (나)\n(나) - (가) - (다)\n(나) - (다) - (가)\n(다) - (나) - (가)""}]",source-candidate:aa75c0435ce8265c4feb,THESAURUS:TERM:9104:sha256-1022516a18f91e61,THESAURUS,도목정사,name,name_ngram,UNKNOWN,,"{""term_name"": ""도목정사"", ""hanja"": ""都目政事"", ""era"": ""고려시대-조선시대"", ""thesaurus_category"": ""정치·행정·법제>인사"", ""description"": ""고려-조선시대 음력 6월과 12월 두 차례 중앙과 지방의 관리의 치적을 종합 조사하여 그 성적에 따라 인사관리하는 방식의 하나."", ""term_year"": ""?-?""}","[{""left_source_candidate_id"": ""source-candidate:9d234da546aae3f84c31"", ""right_source_candidate_id"": ""source-candidate:aa75c0435ce8265c4feb"", ""signals"": [""normalized_name_match"", ""hanja_match""], ""conflicts"": [], ""merge_eligible"": true}]",EVIDENCE_ONLY,REJECTED,연관용어 설명은 있지만 해당 용어에 대한 정확한 설명은 없음,"고려·조선의 인사관리 방식인 도목정사(都目政事) 일반에 관한 원천이다. 정년도목(政年都目)과의 명시적 동일성 또는 직접 관계를 제시하지 않아, 최우 정방 설치 맥락의 target 자체로 볼 수 없다.",,PENDING,,,
88,gold-case:17be139fe4324b66e462,term-review-task:d0cc75a6c16f5d681027,resolution-case:daf72d280451635f8554,정년도목,제도,"[{""problem_id"": ""cj_v41_0630"", ""full_text"": ""백관이 최우의 집에 나아가 정년도목을 올리니, 최우가 정사에 앉아 받았다. 6품 이하는 당하에서 두 번 절하고 땅에 엎드려 감히 고개를 들지 못하였다. 이때부터 최우는 정방을 자기 집에 두고 백관의 인사 행정을 처리하였다. - 고려사절요 -\n다음 상황 이후에 전개된 사실로 옳은 것은?\n삼별초가 용장성에서 항전하였다.\n정중부 등이 김보당의 반란을 진압하였다.\n빈민 구제를 위한 흑창을 처음 설치하였다.\n공주 명학소에서 망이·망소이가 봉기하였다.\n최충헌이 교정별감이 되어 국정을 총괄하였다.""}, {""problem_id"": ""cj_v41_1206"", ""full_text"": ""(가) 왕이 먼저 나라 안의 신하들을 권유하여 개경으로 환도하게 하였다. 여러 신하들이 말하기를 “임금의 명령인데, 감히 따르지 않을 수 있겠는가?”라고 하였으므로, 임유무가 화가 나서 어떻게 해야 할지를 알지 못하였다. (나) 조위총이 군사를 일으키자, 이의방이 이의민을 정동 대장군 지병마사로 임명하였다. 이의민이 군사를 거느리고 전투에 나섰다가 날아오는 화살에 눈을 맞았으나, 철령으로 진군하여 사방에서 북을 치고 고함을 지르면서 급습하여 크게 격파 하였다. (다) 백관이 최우의 집에 나아가 정년도목(政年都目)을 올렸다. 최우가 청사에 앉아 그것을 받았다. 6품 이하는 당하(堂下)에서 두 번 절하고 땅에 엎드려 감히 고개를 들고 보지 못하였다. 이때부터 최우는 정방을 그의 집에 두고 백관의 인사 행정을 처리하였다.\n(가)~(다)를 일어난 순서대로 옳게 나열한 것은?\n(가) - (나) - (다)\n(가) - (다) - (나)\n(나) - (가) - (다)\n(나) - (다) - (가)\n(다) - (나) - (가)""}]",source-candidate:cf27f487c0f3eb70a253,AKS:ARTICLE:E0013562:sha256-704d8ea620c542f5,AKS,단도목,name,name_ngram,COMPATIBLE,Concept,"{""headword"": ""단도목"", ""origin"": ""單都目"", ""headword_origin"": ""단도목(單都目)"", ""primary_type"": ""제도/법령·제도"", ""era"": ""조선/조선 전기"", ""definition"": ""조선 초기 일년에 한 번씩 정기적으로 시행한 관리들의 인사 제도.""}","[{""left_source_candidate_id"": ""source-candidate:c09712d5ede16f168db9"", ""right_source_candidate_id"": ""source-candidate:cf27f487c0f3eb70a253"", ""signals"": [], ""conflicts"": [""entity_type_conflict""], ""merge_eligible"": false}, {""left_source_candidate_id"": ""source-candidate:cf27f487c0f3eb70a253"", ""right_source_candidate_id"": ""source-candidate:ec7fd7b6d32bb1c0781f"", ""signals"": [], ""conflicts"": [""entity_type_conflict""], ""merge_eligible"": false}, {""left_source_candidate_id"": ""source-candidate:cf27f487c0f3eb70a253"", ""right_source_candidate_id"": ""source-candidate:fe24b6086acad3a8bc73"", ""signals"": [], ""conflicts"": [""entity_type_conflict""], ""merge_eligible"": false}]",EVIDENCE_ONLY,REJECTED,연관용어 설명은 있지만 해당 용어에 대한 정확한 설명은 없음,조선 초기의 연 1회 관리 인사제도 단도목(單都目)이다. 고려 최우 시기의 정년도목과 명칭·한자·시대가 다르며 직접 관계도 없다.,,PENDING,,,
88,gold-case:17be139fe4324b66e462,term-review-task:d0cc75a6c16f5d681027,resolution-case:daf72d280451635f8554,정년도목,제도,"[{""problem_id"": ""cj_v41_0630"", ""full_text"": ""백관이 최우의 집에 나아가 정년도목을 올리니, 최우가 정사에 앉아 받았다. 6품 이하는 당하에서 두 번 절하고 땅에 엎드려 감히 고개를 들지 못하였다. 이때부터 최우는 정방을 자기 집에 두고 백관의 인사 행정을 처리하였다. - 고려사절요 -\n다음 상황 이후에 전개된 사실로 옳은 것은?\n삼별초가 용장성에서 항전하였다.\n정중부 등이 김보당의 반란을 진압하였다.\n빈민 구제를 위한 흑창을 처음 설치하였다.\n공주 명학소에서 망이·망소이가 봉기하였다.\n최충헌이 교정별감이 되어 국정을 총괄하였다.""}, {""problem_id"": ""cj_v41_1206"", ""full_text"": ""(가) 왕이 먼저 나라 안의 신하들을 권유하여 개경으로 환도하게 하였다. 여러 신하들이 말하기를 “임금의 명령인데, 감히 따르지 않을 수 있겠는가?”라고 하였으므로, 임유무가 화가 나서 어떻게 해야 할지를 알지 못하였다. (나) 조위총이 군사를 일으키자, 이의방이 이의민을 정동 대장군 지병마사로 임명하였다. 이의민이 군사를 거느리고 전투에 나섰다가 날아오는 화살에 눈을 맞았으나, 철령으로 진군하여 사방에서 북을 치고 고함을 지르면서 급습하여 크게 격파 하였다. (다) 백관이 최우의 집에 나아가 정년도목(政年都目)을 올렸다. 최우가 청사에 앉아 그것을 받았다. 6품 이하는 당하(堂下)에서 두 번 절하고 땅에 엎드려 감히 고개를 들고 보지 못하였다. 이때부터 최우는 정방을 그의 집에 두고 백관의 인사 행정을 처리하였다.\n(가)~(다)를 일어난 순서대로 옳게 나열한 것은?\n(가) - (나) - (다)\n(가) - (다) - (나)\n(나) - (가) - (다)\n(나) - (다) - (가)\n(다) - (나) - (가)""}]",source-candidate:37afbccef3a753ebdd64,AKS:ARTICLE:E0015630:sha256-704d8ea620c542f5,AKS,도목장,name,name_ngram,COMPATIBLE,Concept,"{""headword"": ""도목장"", ""origin"": ""都目狀"", ""headword_origin"": ""도목장(都目狀)"", ""primary_type"": ""제도/법령·제도"", ""era"": ""조선/조선 전기 | 조선/조선 후기"", ""definition"": ""조선시대 지방에 거주하는 공노비의 총괄장부.""}","[{""left_source_candidate_id"": ""source-candidate:37afbccef3a753ebdd64"", ""right_source_candidate_id"": ""source-candidate:c09712d5ede16f168db9"", ""signals"": [], ""conflicts"": [""entity_type_conflict""], ""merge_eligible"": false}, {""left_source_candidate_id"": ""source-candidate:37afbccef3a753ebdd64"", ""right_source_candidate_id"": ""source-candidate:ec7fd7b6d32bb1c0781f"", ""signals"": [], ""conflicts"": [""entity_type_conflict""], ""merge_eligible"": false}, {""left_source_candidate_id"": ""source-candidate:37afbccef3a753ebdd64"", ""right_source_candidate_id"": ""source-candidate:fe24b6086acad3a8bc73"", ""signals"": [], ""conflicts"": [""entity_type_conflict""], ""merge_eligible"": false}]",EVIDENCE_ONLY,REJECTED,연관용어 설명은 있지만 해당 용어에 대한 정확한 설명은 없음,"조선시대 지방 공노비 총괄장부인 도목장(都目狀)으로, 고려시대 백관의 정년도목(政年都目)과 장부 대상·시대·명칭이 다르다.",,PENDING,,,
89,gold-case:eff451be3582e9c00910,term-review-task:1cf341e17e841dd46e7b,resolution-case:11bb0a4d8f83db7077d2,비잔틴 제국,국가,"[{""problem_id"": ""cj_v41_0385"", ""full_text"": ""다큐멘터리 공모 신청서 작품명: 저서, 위대한 역사 기록이 되다 8세기 인도와 중앙아시아의 실상을 전해 주는 중요한 기록을 남긴 신라 승려가 있다. 글로벌 시대를 맞아 (가)의 기록이 우리에게 남긴 의미를 재조명한다. 현지 답사를 통해 이슬람 세계와 비잔틴 제국에 대한 기록까지 고증하고자 한다.\n(가) 인물에 대한 설명으로 옳은 것은?\n향가 모음집인 삼대목을 편찬하였다.\n화랑도의 규범인 세속 5계를 제시하였다.\n무애가를 지어 불교 대중화에 기여하였다.\n구법 순례기인 왕오천축국전을 저술하였다.\n화엄일승법계도를 지어 화엄 사상을 정리하였다.""}]",source-candidate:18ad0cf77ee8369dd0a8,AKS:ARTICLE:E0034270:sha256-704d8ea620c542f5,AKS,비잔틴 제국,body,body_mention,COMPATIBLE,Place,"{""headword"": ""아르메니아"", ""aliases"": [""아르메니아공화국"", ""Republic of Armenia""], ""origin"": ""Armenia"", ""headword_origin"": ""아르메니아(Armenia)"", ""primary_type"": ""지명/국가"", ""era"": ""현대"", ""definition"": ""아시아 서부 및 러시아 남부에 있는 공화국."", ""snippet"": ""때에는 성그레고리의 영향으로 기독교를 국교로 정하였다. 그 뒤 1080년부터 1375년까지 비잔틴제국과 페르시아 간의 완충국으로 독립을 유지하였을 뿐, 셀주크터키·오토만터키·러시아의 지배를""}",[],REJECTED,EVIDENCE_ONLY,"일치하는 설명 없음, 언급은 되어있지만 시험에 나올것같지 않은 용어설명만 뽑힘","주 대상은 아르메니아이며, 본문은 아르메니아가 1080~1375년 비잔틴 제국과 페르시아 사이의 완충국으로 독립을 유지했다고 명시한다. 비잔틴 제국 자체의 표제어는 아니나 양국의 구체적 역사 관계를 제공한다.",,PENDING,,,
89,gold-case:eff451be3582e9c00910,term-review-task:1cf341e17e841dd46e7b,resolution-case:11bb0a4d8f83db7077d2,비잔틴 제국,국가,"[{""problem_id"": ""cj_v41_0385"", ""full_text"": ""다큐멘터리 공모 신청서 작품명: 저서, 위대한 역사 기록이 되다 8세기 인도와 중앙아시아의 실상을 전해 주는 중요한 기록을 남긴 신라 승려가 있다. 글로벌 시대를 맞아 (가)의 기록이 우리에게 남긴 의미를 재조명한다. 현지 답사를 통해 이슬람 세계와 비잔틴 제국에 대한 기록까지 고증하고자 한다.\n(가) 인물에 대한 설명으로 옳은 것은?\n향가 모음집인 삼대목을 편찬하였다.\n화랑도의 규범인 세속 5계를 제시하였다.\n무애가를 지어 불교 대중화에 기여하였다.\n구법 순례기인 왕오천축국전을 저술하였다.\n화엄일승법계도를 지어 화엄 사상을 정리하였다.""}]",source-candidate:2eb5b5d1a6442af2659b,AKS:ARTICLE:E0035133:sha256-704d8ea620c542f5,AKS,비잔틴 제국,body,body_mention,COMPATIBLE,Place,"{""headword"": ""알바니아"", ""aliases"": [""알바니아공화국"", ""Republic of Albania""], ""origin"": ""Albania"", ""headword_origin"": ""알바니아(Albania)"", ""primary_type"": ""지명/국가"", ""era"": ""현대"", ""definition"": ""유럽 동남부 발칸반도 서북부에 있는 공화국."", ""snippet"": ""칸반도 서부에 거주하였으나, 독립국가를 형성하지 못하고 14세기 후반까지 주변 강대국인 로마·비잔틴·슬라브제국 등의 지배를 받았다. 그 뒤 19세기 말까지 터키의 통치하에 있었다. 1912년 발칸전""}",[],REJECTED,EVIDENCE_ONLY,"일치하는 설명 없음, 언급은 되어있지만 시험에 나올것같지 않은 용어설명만 뽑힘","주 대상은 알바니아이지만, 본문은 알바니아 지역이 로마·비잔틴·슬라브 제국 등의 지배를 받았다고 명시한다. 비잔틴 제국과 알바니아의 지배 관계에 관한 구체적 근거이다.",,PENDING,,,
89,gold-case:eff451be3582e9c00910,term-review-task:1cf341e17e841dd46e7b,resolution-case:11bb0a4d8f83db7077d2,비잔틴 제국,국가,"[{""problem_id"": ""cj_v41_0385"", ""full_text"": ""다큐멘터리 공모 신청서 작품명: 저서, 위대한 역사 기록이 되다 8세기 인도와 중앙아시아의 실상을 전해 주는 중요한 기록을 남긴 신라 승려가 있다. 글로벌 시대를 맞아 (가)의 기록이 우리에게 남긴 의미를 재조명한다. 현지 답사를 통해 이슬람 세계와 비잔틴 제국에 대한 기록까지 고증하고자 한다.\n(가) 인물에 대한 설명으로 옳은 것은?\n향가 모음집인 삼대목을 편찬하였다.\n화랑도의 규범인 세속 5계를 제시하였다.\n무애가를 지어 불교 대중화에 기여하였다.\n구법 순례기인 왕오천축국전을 저술하였다.\n화엄일승법계도를 지어 화엄 사상을 정리하였다.""}]",source-candidate:b6e0e89f31569d49a337,AKS:ARTICLE:E0058672:sha256-704d8ea620c542f5,AKS,비잔틴 제국,body,body_mention,COMPATIBLE,Place,"{""headword"": ""크로아티아"", ""aliases"": [""크로아티아공화국"", ""Republic of Croatia""], ""origin"": ""Croatia"", ""headword_origin"": ""크로아티아(Croatia)"", ""primary_type"": ""지명/국가"", ""era"": ""현대"", ""definition"": ""유럽 동남부 발칸반도에 있는 공화국."", ""snippet"": ""공국과 남부지역의 달마티아 공국이 통일하여 최초의 크로아티아 왕국을 수립하였다. 12세기 초 비잔틴 제국으로부터의 위협에서 벗어나기 위해 1102년부터 헝가리 왕국과 연합하였다. 1918년""}",[],REJECTED,EVIDENCE_ONLY,"일치하는 설명 없음, 언급은 되어있지만 시험에 나올것같지 않은 용어설명만 뽑힘","주 대상은 크로아티아이나, 본문은 12세기 초 크로아티아가 비잔틴 제국의 위협에서 벗어나기 위해 헝가리 왕국과 연합했다고 명시한다. 비잔틴 제국과의 구체적 정치·군사 관계를 설명한다.",,PENDING,,,
89,gold-case:eff451be3582e9c00910,term-review-task:1cf341e17e841dd46e7b,resolution-case:11bb0a4d8f83db7077d2,비잔틴 제국,국가,"[{""problem_id"": ""cj_v41_0385"", ""full_text"": ""다큐멘터리 공모 신청서 작품명: 저서, 위대한 역사 기록이 되다 8세기 인도와 중앙아시아의 실상을 전해 주는 중요한 기록을 남긴 신라 승려가 있다. 글로벌 시대를 맞아 (가)의 기록이 우리에게 남긴 의미를 재조명한다. 현지 답사를 통해 이슬람 세계와 비잔틴 제국에 대한 기록까지 고증하고자 한다.\n(가) 인물에 대한 설명으로 옳은 것은?\n향가 모음집인 삼대목을 편찬하였다.\n화랑도의 규범인 세속 5계를 제시하였다.\n무애가를 지어 불교 대중화에 기여하였다.\n구법 순례기인 왕오천축국전을 저술하였다.\n화엄일승법계도를 지어 화엄 사상을 정리하였다.""}]",source-candidate:9d66af7601a8a648ebae,AKS:ARTICLE:E0067579:sha256-704d8ea620c542f5,AKS,비잔틴 제국,body,body_mention,COMPATIBLE,Place,"{""headword"": ""세르비아"", ""aliases"": [""세르비아공화국"", ""Republic of Serbia""], ""origin"": ""Serbia"", ""headword_origin"": ""세르비아(Serbia)"", ""primary_type"": ""지명/국가"", ""era"": ""현대"", ""definition"": ""유럽 남동부 발칸반도에 위치한 공화국."", ""snippet"": ""쳐들어와 이 지역을 지배하기 이전까지 세르비아 중세 왕국은 코소보를 중심으로 왕국을 수립하고, 비잔틴 제국과 견주며 발전하였다. 특히 14세기 초 두샨두샨(Stefan Uroš Dušan)왕 시기 중세""}",[],REJECTED,EVIDENCE_ONLY,"일치하는 설명 없음, 언급은 되어있지만 시험에 나올것같지 않은 용어설명만 뽑힘","주 대상은 세르비아이나, 본문은 세르비아 중세 왕국이 비잔틴 제국과 견주며 발전했다고 명시한다. 비잔틴 제국과 세르비아의 경쟁 관계라는 구체적 역사 근거이다.",,PENDING,,,
96,gold-case:3eed3be816877e81737c,term-review-task:04b303fbd93ccbef2726,resolution-case:1eb8ff6b9408d510343f,철령위,기관,"[{""problem_id"": ""cj_v41_0348"", ""full_text"": ""(가) 다루가치가 왕을 비난하면서 말하기를, “선지(宣旨)라 칭하고, 짐(朕)이라 칭하고, 사(赦)라 칭하니 어찌 이렇게 참람 합니까?”라고 하였다. ------ 이에 선지를 왕지(王旨)로, 짐을 (나) 왕이 시해딩하자 태후가 종실에서 [후사를] 골라 세우고자 하니, 시중 이인임이 백관을 거느리고 우왕을 세웠다. - 고려사 -\n(가), (나) 사이의 시기에 있었던 사실로 옳은 것은?\n화통도감을 설치하여 화포를 제작하였다.\n유인우, 이자춘 등이 쌍성총관부를 수복하였다.\n정중부 등이 정변을 일으켜 권력을 장악하였다.\n최우가 강화도로 도읍을 옮겨 장기 항전을 준비하였다.\n명의 철령위 설치에 반발하여 요동 정벌을 추진하였다.""}, {""problem_id"": ""cj_v41_0633"", ""full_text"": ""(가) 용진현 출신 조휘와 정주 출신 탁청이 화주 이북 지방을 몽골에 넘겨주었다. 몽골은 화주에 쌍성총관부를 설치하고 조휘를 총관으로, 탁청을 천호(千戶)로 임명하였다. (나) 등~묵면 병마사 유인우가 쌍성을 함락시기자 총관 조소생, 천호 탁도경이 도망치니 화주, 등주, 정주 등이 수복되었다.\n(가), (나) 사이의 시기에 있었던 사실로 옳은 것은?\n최윤덕이 4군을 개척하였다.\n일본 원정을 위해 정동행성이 설치되었다.\n몽골 사신 저고여가 귀국길에 피살되었다.\n철령위 설치 문제로 요동 정벌이 추진되었다.\n서희가 외교 담판으로 강동 6주를 획득하였다.""}, {""problem_id"": ""cj_v41_0682"", ""full_text"": ""김윤-후가 충주산성 방호별감이 되었는데 군대가 쳐들어 와 충주성을 70여 일간 포위하였다. 군량이 거의 바닥나자 김윤후가 군사들에게 “만약 힘내 싸운다면 귀천을 가리지 않고 모두 관작을 내리겠다.” 라고 하였다. 마침내 관노비의 문서를 불태우고 노획한 소와 말을 나누어 주었다. 사람들이 모두 죽음을 무릅쓰고 싸우니 적의 기세가 꺾여 남쪽으로 침략하는 것을 막을 수 있었다. (0\n(가)에 대한 고려의 대응으로 옳은 것은?\n윤관을 보내 동북 9성을 축조하였다.\n박위로 하여금 쓰시마섬을 정발하게 하였다.\n서희가 외교 담판을 통해 강동6주를 획득하였다.\n최우가 강화도로 수도를 옮겨 장기 항전에 대비하였다.\n최영이 철령위 설치에 반발하여 요동 정벌을 추진하였다.""}]",source-candidate:f6ee67ac89fddd1e8a7c,ITKC:EVENT:ITKC_PH_1294A_0588:sha256-b824cb8eb9575bbc,ITKC_EVENT,명나라의 철령위 설치,name,bidirectional_containment,UNKNOWN,Event,"{""event_name"": ""명나라의 철령위 설치"", ""subject_category"": ""기관,\r\n\r\n명"", ""period"": ""고려"", ""event_date"": ""1388년(우왕 14) 3월""}","[{""left_source_candidate_id"": ""source-candidate:427e5e104bc2d8f8316b"", ""right_source_candidate_id"": ""source-candidate:f6ee67ac89fddd1e8a7c"", ""signals"": [], ""conflicts"": [""entity_type_conflict""], ""merge_eligible"": false}, {""left_source_candidate_id"": ""source-candidate:ae8abb5f9998d0898aa8"", ""right_source_candidate_id"": ""source-candidate:f6ee67ac89fddd1e8a7c"", ""signals"": [""era_overlap""], ""conflicts"": [""entity_type_conflict""], ""merge_eligible"": false}]",REJECTED,EVIDENCE_ONLY,용어와 설명 일치함,주 대상은 기관인 철령위 자체가 아니라 1388년 3월의 ‘명나라의 철령위 설치’ 사건이다. 다만 사건명이 철령위의 설치라는 명시적 관계를 직접 제시하므로 target의 설치 및 요동 정벌 배경을 뒷받침하는 관계 근거로 보존할 수 있다.,,PENDING,,,
99,gold-case:a5cf72f6874ec80f0794,term-review-task:e601e0321daf96da9ec0,resolution-case:4a58fe397855ec0c8810,오례의,제도,"[{""problem_id"": ""cj_v41_0635"", ""full_text"": ""세종 대왕께서는 집현전 유신 (儒臣)들에게 명하여 오례의를 상세히 청하게 하셨다. 예종 대왕과 유리 주상 전하께서 선왕의 뜻을 이어 이 방대한 책을 완성하게 하셨다. ----- 예(-헴를 기습한 것은 3,300가지나 되지만, 그 요점은 길례 흉례-군례-빈례 가리다섯 가지일 뿌이다.\n'전하'의 재위 기간에 있었던 사실로 옳은 것은?\n국가의 기본 법전인 경국대전이 완성되었다.\n성삼문 등이 상왕의 복위를 꾀하다가 처형되었다.\n육의전을 제외한 시전 상인의 금난전권이 폐지되었다.\n반정 공신의 위훈 삭제를 주장한 조광조가 사사되었다.\n이조 전랑 임명을 둘러싸고 김효원과 심의겸이 대립하였다.""}]",source-candidate:105e8c1f5e808caa51cf,THESAURUS:TERM:6306052:sha256-1022516a18f91e61,THESAURUS,국조속오례의보,description,bidirectional_containment,UNKNOWN,Work,"{""term_name"": ""국조속오례의보"", ""hanja"": ""國朝續五禮儀補"", ""era"": ""조선후기"", ""thesaurus_category"": ""서명"", ""description"": ""1751년(영조 27) 편찬한 ≪국조속오례의(國朝續五禮儀)≫를 보충한 책. 2권 1책. 목판본."", ""term_year"": ""1751""}",[],EVIDENCE_ONLY,REJECTED,"The exam context identifies the 1474 work, and both sources directly describe that same work.","『국조속오례의보』는 1751년 『국조속오례의』를 보충한 별도 책이다. 설명이 문제 target인 1474년 『국조오례의』를 직접 언급하거나 그와의 구체적 관계를 설명하지 않아, 확장 표제어의 문자열 일치만으로는 증거가 되지 않는다.",,PENDING,,,
99,gold-case:a5cf72f6874ec80f0794,term-review-task:e601e0321daf96da9ec0,resolution-case:4a58fe397855ec0c8810,오례의,제도,"[{""problem_id"": ""cj_v41_0635"", ""full_text"": ""세종 대왕께서는 집현전 유신 (儒臣)들에게 명하여 오례의를 상세히 청하게 하셨다. 예종 대왕과 유리 주상 전하께서 선왕의 뜻을 이어 이 방대한 책을 완성하게 하셨다. ----- 예(-헴를 기습한 것은 3,300가지나 되지만, 그 요점은 길례 흉례-군례-빈례 가리다섯 가지일 뿌이다.\n'전하'의 재위 기간에 있었던 사실로 옳은 것은?\n국가의 기본 법전인 경국대전이 완성되었다.\n성삼문 등이 상왕의 복위를 꾀하다가 처형되었다.\n육의전을 제외한 시전 상인의 금난전권이 폐지되었다.\n반정 공신의 위훈 삭제를 주장한 조광조가 사사되었다.\n이조 전랑 임명을 둘러싸고 김효원과 심의겸이 대립하였다.""}]",source-candidate:7f9f8cc8ed5a60b5177b,AKS:ARTICLE:E0006504:sha256-704d8ea620c542f5,AKS,국조속오례의보,name,bidirectional_containment,CONFLICT,Work,"{""headword"": ""국조속오례의보"", ""origin"": ""國朝續五禮儀補"", ""headword_origin"": ""국조속오례의보(國朝續五禮儀補)"", ""primary_type"": ""문헌/고서"", ""era"": ""조선/조선 후기"", ""definition"": ""조선 후기의 문신, 신만 등이 『국조속오례의』를 수정·보완하여 1751년에 2권 1책으로 편찬한 예서.""}",[],EVIDENCE_ONLY,REJECTED,"The exam context identifies the 1474 work, and both sources directly describe that same work.",『국조속오례의보』는 1751년 『국조속오례의』를 수정·보완한 별도 문헌이다. 설명상 직접 관계 대상은 『국조속오례의』이며 문제 target인 『국조오례의』와의 명시적 관계 근거가 없다.,,PENDING,,,
