scope,event_id,event_name,subject_category,period,event_date,person_count,related_event,detail_url
event_subject,ITKC_PH_1294A_0435,강동성전투,전쟁,고려,"1218년(고종 5) 12월
~ 1219년(고종 6) 1월",2,고려거란전쟁,https://db.itkc.or.kr/people/viewEvnt?gubun=evntcate&cate1=Z&cate2=&dataId=ITKC_PH_1294A_0435
event_period,ITKC_PH_1294A_0435,강동성전투,전쟁,고려,"1218년(고종 5) 12월
~ 1219년(고종 6) 1월",2,고려거란전쟁,https://db.itkc.or.kr/people/viewEvnt?gubun=evntera&cate1=Z&cate2=&dataId=ITKC_PH_1294A_0435
event_period,ITKC_PH_1294A_0435,강동성전투,전쟁,고려,"1218년(고종 5) 12월
~ 1219년(고종 6) 1월",2,고려거란전쟁,https://db.itkc.or.kr/people/viewEvnt?gubun=evntera&cate1=Z&cate2=&dataId=ITKC_PH_1294A_0435
event_period,ITKC_PH_1294A_0436,거란의 항복,전쟁,고려,1219년(고종 6) 1월,2,고려거란전쟁,https://db.itkc.or.kr/people/viewEvnt?gubun=evntera&cate1=Z&cate2=&dataId=ITKC_PH_1294A_0436
event_period,ITKC_PH_1294A_0437,최충헌의 사망,정치인,고려,1219년(고종 6) 9월,4,최씨무인정권,https://db.itkc.or.kr/people/viewEvnt?gubun=evntera&cate1=Z&cate2=&dataId=ITKC_PH_1294A_0437
event_period,ITKC_PH_1294A_0438,의주적의 난,민란,고려,"1219년(고종 6) 10월
~ 1221년(고종 8) 3월",1,,https://db.itkc.or.kr/people/viewEvnt?gubun=evntera&cate1=Z&cate2=&dataId=ITKC_PH_1294A_0438
event_period,ITKC_PH_1294A_0439,이극인의 난,반란,고려,1224년(고종 11) 7월,3,최씨무인정권,https://db.itkc.or.kr/people/viewEvnt?gubun=evntera&cate1=Z&cate2=&dataId=ITKC_PH_1294A_0439
event_period,ITKC_PH_1294A_0440,금나라의 의주 침공,전쟁,고려,1226년(고종 13) 1월,0,,https://db.itkc.or.kr/people/viewEvnt?gubun=evntera&cate1=Z&cate2=&dataId=ITKC_PH_1294A_0440
event_period,ITKC_PH_1294A_0441,조영수의 난,"반란,

정치인",고려,1226년(고종 13) 5월,1,,https://db.itkc.or.kr/people/viewEvnt?gubun=evntera&cate1=Z&cate2=&dataId=ITKC_PH_1294A_0441
event_period,ITKC_PH_1294A_0442,강종의 교동 안치,"정치일반,

국왕",고려,1227년(고종 14) 3월,2,최씨무인정권,https://db.itkc.or.kr/people/viewEvnt?gubun=evntera&cate1=Z&cate2=&dataId=ITKC_PH_1294A_0442
event_period,ITKC_PH_1294A_0443,최향의 반란,반란,고려,1230년(고종 17) 7월,2,최씨무인정권,https://db.itkc.or.kr/people/viewEvnt?gubun=evntera&cate1=Z&cate2=&dataId=ITKC_PH_1294A_0443
event_period,ITKC_PH_1294A_0444,박서의 귀주성전투,전쟁,고려,"1231년(고종 18) 9월
~ 1231년(고종 18) 12월",1,고려의 대몽항쟁,https://db.itkc.or.kr/people/viewEvnt?gubun=evntera&cate1=Z&cate2=&dataId=ITKC_PH_1294A_0444
event_period,ITKC_PH_1294A_0335,고려 건국과 고려 태조,국왕,고려,918년(태조 1) 6월,10,,https://db.itkc.or.kr/people/viewEvnt?gubun=evntera&cate1=Z&cate2=&dataId=ITKC_PH_1294A_0335
event_period,ITKC_PH_1294A_0336,혜종의 태자 책봉,세자,고려,921년(태조 4) 12월,3,,https://db.itkc.or.kr/people/viewEvnt?gubun=evntera&cate1=Z&cate2=&dataId=ITKC_PH_1294A_0336
event_period,ITKC_PH_1294A_0337,왕순식의 귀순,인물기타,고려,922년(태조 5) 7월,1,삼한통일전쟁,https://db.itkc.or.kr/people/viewEvnt?gubun=evntera&cate1=Z&cate2=&dataId=ITKC_PH_1294A_0337
event_period,ITKC_PH_1294A_0338,발해의 멸망,전쟁,고려,925년(태조 8) 12월,1,,https://db.itkc.or.kr/people/viewEvnt?gubun=evntera&cate1=Z&cate2=&dataId=ITKC_PH_1294A_0338
event_period,ITKC_PH_1294A_0339,공산전투〔公山戰鬪〕,전쟁,고려,927년(태조 10) 9월,5,삼한통일전쟁,https://db.itkc.or.kr/people/viewEvnt?gubun=evntera&cate1=Z&cate2=&dataId=ITKC_PH_1294A_0339
event_period,ITKC_PH_1294A_0340,고창전투,전쟁,고려,"929년(태조 12) 12월
~ 930년(태조 13) 1월",5,삼한통일전쟁,https://db.itkc.or.kr/people/viewEvnt?gubun=evntera&cate1=Z&cate2=&dataId=ITKC_PH_1294A_0340
event_period,ITKC_PH_1294A_0341,최응의 졸기,정치인,고려,932년(태조 15) 11월,5,,https://db.itkc.or.kr/people/viewEvnt?gubun=evntera&cate1=Z&cate2=&dataId=ITKC_PH_1294A_0341
event_period,ITKC_PH_1294A_0342,운주성 전투,전쟁,고려,934년(태조 17) 9월,3,삼한통일전쟁,https://db.itkc.or.kr/people/viewEvnt?gubun=evntera&cate1=Z&cate2=&dataId=ITKC_PH_1294A_0342
event_period,ITKC_PH_1294A_0343,신검의 견훤 유폐,"반란,

국왕",고려,935년(태조 18) 3월,5,삼한통일전쟁,https://db.itkc.or.kr/people/viewEvnt?gubun=evntera&cate1=Z&cate2=&dataId=ITKC_PH_1294A_0343
event_period,ITKC_PH_1294A_0344,견훤의 투항,국왕,고려,935년(태조 18) 6월,3,삼한통일전쟁,https://db.itkc.or.kr/people/viewEvnt?gubun=evntera&cate1=Z&cate2=&dataId=ITKC_PH_1294A_0344
event_period,ITKC_PH_1294A_0345,신라의 투항,국왕,고려,935년(태조 18) 12월,4,삼한통일전쟁,https://db.itkc.or.kr/people/viewEvnt?gubun=evntera&cate1=Z&cate2=&dataId=ITKC_PH_1294A_0345
event_period,ITKC_PH_1294A_0346,일리천전투,전쟁,고려,936년(태조 19) 9월,5,삼한통일전쟁,https://db.itkc.or.kr/people/viewEvnt?gubun=evntera&cate1=Z&cate2=&dataId=ITKC_PH_1294A_0346
event_period,ITKC_PH_1294A_0347,훈요십조 전수,국왕,고려,943년(태조 26) 4월,2,,https://db.itkc.or.kr/people/viewEvnt?gubun=evntera&cate1=Z&cate2=&dataId=ITKC_PH_1294A_0347
event_period,ITKC_PH_1294A_0348,태조 왕건의 사망,국왕,고려,943년(태조 26) 5월,3,,https://db.itkc.or.kr/people/viewEvnt?gubun=evntera&cate1=Z&cate2=&dataId=ITKC_PH_1294A_0348
event_period,ITKC_PH_1294A_0349,왕규의 난,반란,고려,"945년(혜종 2)
~ 945년(혜종 2) 9월",6,,https://db.itkc.or.kr/people/viewEvnt?gubun=evntera&cate1=Z&cate2=&dataId=ITKC_PH_1294A_0349
event_period,ITKC_PH_1294A_0350,광군사 설치,"기관,

방비",고려,947년(정종 2),1,고려거란전쟁,https://db.itkc.or.kr/people/viewEvnt?gubun=evntera&cate1=Z&cate2=&dataId=ITKC_PH_1294A_0350
event_period,ITKC_PH_1294A_0351,과거제 시행〔科擧制 施行〕,과거,고려,958년(광종 9) 5월,2,,https://db.itkc.or.kr/people/viewEvnt?gubun=evntera&cate1=Z&cate2=&dataId=ITKC_PH_1294A_0351
event_period,ITKC_PH_1294A_0352,박수경의 졸기,정치인,고려,964년(광종 15) 8월,3,,https://db.itkc.or.kr/people/viewEvnt?gubun=evntera&cate1=Z&cate2=&dataId=ITKC_PH_1294A_0352
event_period,ITKC_PH_1294A_0353,서필의 졸기,정치인,고려,965년(광종 16) 7월,1,,https://db.itkc.or.kr/people/viewEvnt?gubun=evntera&cate1=Z&cate2=&dataId=ITKC_PH_1294A_0353
event_period,ITKC_PH_1294A_0354,시무28조 봉헌,정치일반,고려,982년(성종 원년) 6월,10,,https://db.itkc.or.kr/people/viewEvnt?gubun=evntera&cate1=Z&cate2=&dataId=ITKC_PH_1294A_0354
event_period,ITKC_PH_1294A_0355,최지몽의 졸기,정치인,고려,987년(성종 6) 3월,8,,https://db.itkc.or.kr/people/viewEvnt?gubun=evntera&cate1=Z&cate2=&dataId=ITKC_PH_1294A_0355
event_period,ITKC_PH_1294A_0356,최승로의 졸기,정치인,고려,989년(성종 8) 5월,3,,https://db.itkc.or.kr/people/viewEvnt?gubun=evntera&cate1=Z&cate2=&dataId=ITKC_PH_1294A_0356
event_period,ITKC_PH_1294A_0446,자주성전투,전쟁,고려,"1231년(고종 18) 11월
~ 1232년(고종 19) 3월",3,고려의 대몽항쟁,https://db.itkc.or.kr/people/viewEvnt?gubun=evntera&cate1=Z&cate2=&dataId=ITKC_PH_1294A_0446
event_period,ITKC_PH_1294A_0359,천추태후의 대량군 축출,"국왕,

비빈",고려,1003년(목종 6),4,,https://db.itkc.or.kr/people/viewEvnt?gubun=evntera&cate1=Z&cate2=&dataId=ITKC_PH_1294A_0359
event_period,ITKC_PH_1294A_0360,김치양의 난,반란,고려,1009년(목종 12) 1월,7,,https://db.itkc.or.kr/people/viewEvnt?gubun=evntera&cate1=Z&cate2=&dataId=ITKC_PH_1294A_0360
event_period,ITKC_PH_1294A_0361,강조의 정변,정변,고려,1009년(목종 12) 2월,6,,https://db.itkc.or.kr/people/viewEvnt?gubun=evntera&cate1=Z&cate2=&dataId=ITKC_PH_1294A_0361
event_period,ITKC_PH_1294A_0362,거란의 2차 침입과 강조의 실각,전쟁,고려,1010년(현종 원년) 11월,3,고려거란전쟁,https://db.itkc.or.kr/people/viewEvnt?gubun=evntera&cate1=Z&cate2=&dataId=ITKC_PH_1294A_0362
event_period,ITKC_PH_1294A_0363,거란의 개경 침공,전쟁,고려,"1011년(현종 2) 1월
~ 1011년(현종 2) 2월",6,고려거란전쟁,https://db.itkc.or.kr/people/viewEvnt?gubun=evntera&cate1=Z&cate2=&dataId=ITKC_PH_1294A_0363
event_period,ITKC_PH_1294A_0364,김훈·최질의 난,반란,고려,"1014년(현종 5) 11월
~ 1015년(현종 6) 3월",3,,https://db.itkc.or.kr/people/viewEvnt?gubun=evntera&cate1=Z&cate2=&dataId=ITKC_PH_1294A_0364
event_period,ITKC_PH_1294A_0371,덕종의 부묘와 종묘제 논의,"국왕,

능묘",고려,1036년(정종 2) 12월,11,,https://db.itkc.or.kr/people/viewEvnt?gubun=evntera&cate1=Z&cate2=&dataId=ITKC_PH_1294A_0371
event_period,ITKC_PH_1294A_0372,흥왕사 창건,"종교,

건축",고려,1056년(문종 10) 2월,2,,https://db.itkc.or.kr/people/viewEvnt?gubun=evntera&cate1=Z&cate2=&dataId=ITKC_PH_1294A_0372
event_period,ITKC_PH_1294A_0373,무문사 파견,민심,고려,1056년(문종 10) 9월,1,,https://db.itkc.or.kr/people/viewEvnt?gubun=evntera&cate1=Z&cate2=&dataId=ITKC_PH_1294A_0373
event_period,ITKC_PH_1294A_0374,최충의 졸기,"정치인,

교육",고려,1068년(문종 22) 9월,3,,https://db.itkc.or.kr/people/viewEvnt?gubun=evntera&cate1=Z&cate2=&dataId=ITKC_PH_1294A_0374
event_period,ITKC_PH_1294A_0445,충주전투,전쟁,고려,1232년(고종 19) 1월,1,고려의 대몽항쟁,https://db.itkc.or.kr/people/viewEvnt?gubun=evntera&cate1=Z&cate2=&dataId=ITKC_PH_1294A_0445
event_period,ITKC_PH_1294A_0448,최산의 동경반란,반란,고려,"1233년(고종 20) 5월
~ 1233년(고종 20) 6월",0,,https://db.itkc.or.kr/people/viewEvnt?gubun=evntera&cate1=Z&cate2=&dataId=ITKC_PH_1294A_0448
event_period,ITKC_PH_1294A_0449,"홍복원, 필현보의 난",반란,고려,1233년(고종 20) 12월,5,,https://db.itkc.or.kr/people/viewEvnt?gubun=evntera&cate1=Z&cate2=&dataId=ITKC_PH_1294A_0449
event_period,ITKC_PH_1294A_0424,동경민란,"민란,

종교",고려,"1190년(명종 20) 1월
~ 1233년(고종 20)",3,,https://db.itkc.or.kr/people/viewEvnt?gubun=evntera&cate1=Z&cate2=&dataId=ITKC_PH_1294A_0424
event_period,ITKC_PH_1294A_0450,죽주전투,전쟁,고려,1236년(고종 23) 9월,1,고려의 대몽항쟁,https://db.itkc.or.kr/people/viewEvnt?gubun=evntera&cate1=Z&cate2=&dataId=ITKC_PH_1294A_0450
event_period,ITKC_PH_1294A_0451,이연년 형제의 난,반란,고려,1237년(고종 24),1,,https://db.itkc.or.kr/people/viewEvnt?gubun=evntera&cate1=Z&cate2=&dataId=ITKC_PH_1294A_0451
event_period,ITKC_PH_1294A_0452,만종과 최항의 횡포,처결,고려,1240년(고종 27) 12월,2,최씨무인정권,https://db.itkc.or.kr/people/viewEvnt?gubun=evntera&cate1=Z&cate2=&dataId=ITKC_PH_1294A_0452
event_period,ITKC_PH_1294A_0453,몽고에 독로화 파견,몽고,고려,1241년(고종 28) 4월,2,고려의 대몽항쟁,https://db.itkc.or.kr/people/viewEvnt?gubun=evntera&cate1=Z&cate2=&dataId=ITKC_PH_1294A_0453
event_period,ITKC_PH_1294A_0454,최항의 환속,정치인,고려,1247년(고종 34) 6월,3,최씨무인정권,https://db.itkc.or.kr/people/viewEvnt?gubun=evntera&cate1=Z&cate2=&dataId=ITKC_PH_1294A_0454
event_period,ITKC_PH_1294A_0455,최우의 김미 제거,유배,고려,1249년(고종 36) 윤2월,3,최씨무인정권,https://db.itkc.or.kr/people/viewEvnt?gubun=evntera&cate1=Z&cate2=&dataId=ITKC_PH_1294A_0455
event_period,ITKC_PH_1294A_0456,최우의 사망,정치인,고려,1249년(고종 36) 11월,4,최씨무인정권,https://db.itkc.or.kr/people/viewEvnt?gubun=evntera&cate1=Z&cate2=&dataId=ITKC_PH_1294A_0456
event_period,ITKC_PH_1294A_0457,최항의 계모 살해,처결,고려,1251년(고종 38) 3월,3,최씨무인정권,https://db.itkc.or.kr/people/viewEvnt?gubun=evntera&cate1=Z&cate2=&dataId=ITKC_PH_1294A_0457
event_period,ITKC_PH_1294A_0458,몽고의 출륙요구,몽고,고려,1252년(고종 39) 7월,5,고려의 대몽항쟁,https://db.itkc.or.kr/people/viewEvnt?gubun=evntera&cate1=Z&cate2=&dataId=ITKC_PH_1294A_0458
event_period,ITKC_PH_1294A_0459,김윤후의 충주전투,전쟁,고려,"1253년(고종 40) 10월
~ 1253년(고종 40) 12월",2,고려의 대몽항쟁,https://db.itkc.or.kr/people/viewEvnt?gubun=evntera&cate1=Z&cate2=&dataId=ITKC_PH_1294A_0459
event_period,ITKC_PH_1294A_0539,원나라 태자의 연경궁 연회,원,고려,1253년(공민왕 2) 8월,2,원간섭기,https://db.itkc.or.kr/people/viewEvnt?gubun=evntera&cate1=Z&cate2=&dataId=ITKC_PH_1294A_0539
event_period,ITKC_PH_1294A_0460,반역자 이현의 처벌,처결,고려,1254년(고종 40) 1월,0,고려의 대몽항쟁,https://db.itkc.or.kr/people/viewEvnt?gubun=evntera&cate1=Z&cate2=&dataId=ITKC_PH_1294A_0460
event_period,ITKC_PH_1294A_0461,안열의 난,반란,고려,1257년(고종 44) 4월,1,,https://db.itkc.or.kr/people/viewEvnt?gubun=evntera&cate1=Z&cate2=&dataId=ITKC_PH_1294A_0461
event_period,ITKC_PH_1294A_0462,최항의 사망과 최의의 권력승계,정치인,고려,1257년(고종 44) 윤4월,4,최씨무인정권,https://db.itkc.or.kr/people/viewEvnt?gubun=evntera&cate1=Z&cate2=&dataId=ITKC_PH_1294A_0462
event_period,ITKC_PH_1294A_0463,송길유 숙청,처결,고려,1258년(고종 45) 1월,5,최씨무인정권,https://db.itkc.or.kr/people/viewEvnt?gubun=evntera&cate1=Z&cate2=&dataId=ITKC_PH_1294A_0463
event_period,ITKC_PH_1294A_0464,김준의 반란과 최의의 사망,"정치인,

정변",고려,1258년(고종 45) 3월,5,무신정변,https://db.itkc.or.kr/people/viewEvnt?gubun=evntera&cate1=Z&cate2=&dataId=ITKC_PH_1294A_0464
event_period,ITKC_PH_1294A_0465,홍복원의 처벌,몽고,고려,1258년(고종 45) 7월,3,,https://db.itkc.or.kr/people/viewEvnt?gubun=evntera&cate1=Z&cate2=&dataId=ITKC_PH_1294A_0465
event_period,ITKC_PH_1294A_0467,고종의 사망,국왕,고려,1259년(고종 46) 6월,4,,https://db.itkc.or.kr/people/viewEvnt?gubun=evntera&cate1=Z&cate2=&dataId=ITKC_PH_1294A_0467
event_period,ITKC_PH_1294A_0466,태자의 항복 사행,세자,고려,"1259년(고종 46) 4월
~ 1260년(원종 1) 3월",1,원간섭기,https://db.itkc.or.kr/people/viewEvnt?gubun=evntera&cate1=Z&cate2=&dataId=ITKC_PH_1294A_0466
event_period,ITKC_PH_1294A_0468,원종의 개경 입성,국왕,고려,1260년(원종 1) 3월,2,원간섭기,https://db.itkc.or.kr/people/viewEvnt?gubun=evntera&cate1=Z&cate2=&dataId=ITKC_PH_1294A_0468
event_period,ITKC_PH_1294A_0469,몽고의 대일본사행 안내,몽고,고려,"1267년(원종 8) 1월
~ 1267년(원종 8) 8월",2,원간섭기,https://db.itkc.or.kr/people/viewEvnt?gubun=evntera&cate1=Z&cate2=&dataId=ITKC_PH_1294A_0469
event_period,ITKC_PH_1294A_0470,몽고의 고려군 사열,정벌,고려,1268년(원종 9) 6월,2,여몽연합군의 일본정벌,https://db.itkc.or.kr/people/viewEvnt?gubun=evntera&cate1=Z&cate2=&dataId=ITKC_PH_1294A_0470
event_period,ITKC_PH_1294A_0471,김준 숙청,처결,고려,1268년(원종 9) 12월,3,무신정변,https://db.itkc.or.kr/people/viewEvnt?gubun=evntera&cate1=Z&cate2=&dataId=ITKC_PH_1294A_0471
event_period,ITKC_PH_1294A_0472,유경의 흑산도 유배,유배,고려,1269년(원종 10) 4월,6,,https://db.itkc.or.kr/people/viewEvnt?gubun=evntera&cate1=Z&cate2=&dataId=ITKC_PH_1294A_0472
event_period,ITKC_PH_1294A_0473,안경공 추대사건,정변,고려,1269년(원종 10) 6월,7,,https://db.itkc.or.kr/people/viewEvnt?gubun=evntera&cate1=Z&cate2=&dataId=ITKC_PH_1294A_0473
event_period,ITKC_PH_1294A_0474,최탄의 몽고 투항,몽고,고려,1269년(원종 10) 10월,3,,https://db.itkc.or.kr/people/viewEvnt?gubun=evntera&cate1=Z&cate2=&dataId=ITKC_PH_1294A_0474
event_period,ITKC_PH_1294A_0447,강화 천도,"전쟁,

천도",고려,"1232년(고종 19) 6월
~ 1270년(원종 11) 5월",3,고려의 대몽항쟁,https://db.itkc.or.kr/people/viewEvnt?gubun=evntera&cate1=Z&cate2=&dataId=ITKC_PH_1294A_0447
event_period,ITKC_PH_1294A_0475,원종의 친조,국왕,고려,1270년(원종 11) 2월,6,원간섭기,https://db.itkc.or.kr/people/viewEvnt?gubun=evntera&cate1=Z&cate2=&dataId=ITKC_PH_1294A_0475
event_period,ITKC_PH_1294A_0476,무신정권의 종식,국왕,고려,1270년(원종 11) 5월,10,,https://db.itkc.or.kr/people/viewEvnt?gubun=evntera&cate1=Z&cate2=&dataId=ITKC_PH_1294A_0476
event_period,ITKC_PH_1294A_0478,숭겸의 난,민란,고려,1271년(원종 12) 1월,0,고려의 대몽항쟁,https://db.itkc.or.kr/people/viewEvnt?gubun=evntera&cate1=Z&cate2=&dataId=ITKC_PH_1294A_0478
event_period,ITKC_PH_1294A_0477,삼별초의 반란,반란,고려,"1270년(원종 11) 6월
~ 1273년(원종 14) 4월",3,고려의 대몽항쟁,https://db.itkc.or.kr/people/viewEvnt?gubun=evntera&cate1=Z&cate2=&dataId=ITKC_PH_1294A_0477
event_period,ITKC_PH_1294A_0479,김방경의 삼별초 토벌,정벌,고려,1273년(원종 14) 4월,5,여몽연합군의 일본정벌,https://db.itkc.or.kr/people/viewEvnt?gubun=evntera&cate1=Z&cate2=&dataId=ITKC_PH_1294A_0479
event_period,ITKC_PH_1294A_0480,여몽연합군의 1차일본원정,정벌,고려,1274년(충렬왕 즉위) 10월,8,여몽연합군의 일본정벌,https://db.itkc.or.kr/people/viewEvnt?gubun=evntera&cate1=Z&cate2=&dataId=ITKC_PH_1294A_0480
event_period,ITKC_PH_1294A_0481,몽고 공주와의 혼인,"국왕,

비빈",고려,1274년(충렬왕 즉위) 10월,12,원간섭기,https://db.itkc.or.kr/people/viewEvnt?gubun=evntera&cate1=Z&cate2=&dataId=ITKC_PH_1294A_0481
event_period,ITKC_PH_1294A_0482,정화궁주의 몽고공주 저주사건,비빈,고려,1276년(충렬왕 2) 12월,5,원간섭기,https://db.itkc.or.kr/people/viewEvnt?gubun=evntera&cate1=Z&cate2=&dataId=ITKC_PH_1294A_0482
event_period,ITKC_PH_1294A_0483,경창궁주 폐위사건,비빈,고려,1277년(충렬왕 3) 7월,8,원간섭기,https://db.itkc.or.kr/people/viewEvnt?gubun=evntera&cate1=Z&cate2=&dataId=ITKC_PH_1294A_0483
event_period,ITKC_PH_1294A_0484,김방경 무고사건,고변/탄핵,고려,1277년(충렬왕 3) 12월,7,,https://db.itkc.or.kr/people/viewEvnt?gubun=evntera&cate1=Z&cate2=&dataId=ITKC_PH_1294A_0484
event_period,ITKC_PH_1294A_0485,고려인 송환 요구,원,고려,1278년(충렬왕 4) 7월,3,원간섭기,https://db.itkc.or.kr/people/viewEvnt?gubun=evntera&cate1=Z&cate2=&dataId=ITKC_PH_1294A_0485
event_period,ITKC_PH_1294A_0486,신문색 설치,기관,고려,1278년(충렬왕 4) 10월,3,,https://db.itkc.or.kr/people/viewEvnt?gubun=evntera&cate1=Z&cate2=&dataId=ITKC_PH_1294A_0486
event_period,ITKC_PH_1294A_0487,계점사 파견,민심,고려,1279년(충렬왕 5) 9월,4,,https://db.itkc.or.kr/people/viewEvnt?gubun=evntera&cate1=Z&cate2=&dataId=ITKC_PH_1294A_0487
event_period,ITKC_PH_1294A_0488,여몽연합군의 2차일본원정,정벌,고려,1281년(충렬왕 6) 6월,4,여몽연합군의 일본정벌,https://db.itkc.or.kr/people/viewEvnt?gubun=evntera&cate1=Z&cate2=&dataId=ITKC_PH_1294A_0488
event_period,ITKC_PH_1294A_0489,충렬왕 수종공신 선정,공신/훈신,고려,1281년(충렬왕 7) 12월,6,원간섭기,https://db.itkc.or.kr/people/viewEvnt?gubun=evntera&cate1=Z&cate2=&dataId=ITKC_PH_1294A_0489
event_period,ITKC_PH_1294A_0490,인물추고도감의 설치와 운영,"기관,

노비",고려,1282년(충렬왕 8) 9월,4,,https://db.itkc.or.kr/people/viewEvnt?gubun=evntera&cate1=Z&cate2=&dataId=ITKC_PH_1294A_0490
event_period,ITKC_PH_1294A_0491,강윤명의 난,민란,고려,1286년(충렬왕 12) 2월,1,,https://db.itkc.or.kr/people/viewEvnt?gubun=evntera&cate1=Z&cate2=&dataId=ITKC_PH_1294A_0491
event_period,ITKC_PH_1294A_0492,주열의 졸기,정치인,고려,1287년(충렬왕 13) 11월,3,,https://db.itkc.or.kr/people/viewEvnt?gubun=evntera&cate1=Z&cate2=&dataId=ITKC_PH_1294A_0492
event_period,ITKC_PH_1294A_0493,요동대기근,몽고,고려,1289년(충렬왕 15) 3월,2,원간섭기,https://db.itkc.or.kr/people/viewEvnt?gubun=evntera&cate1=Z&cate2=&dataId=ITKC_PH_1294A_0493
event_period,ITKC_PH_1294A_0494,유경의 졸기,정치인,고려,1289년(충렬왕 15) 11월,4,,https://db.itkc.or.kr/people/viewEvnt?gubun=evntera&cate1=Z&cate2=&dataId=ITKC_PH_1294A_0494
event_period,ITKC_PH_1294A_0495,정가신의 원나라 한림학사 제수,인물기타,고려,1290년(충렬왕 16) 11월,4,원간섭기,https://db.itkc.or.kr/people/viewEvnt?gubun=evntera&cate1=Z&cate2=&dataId=ITKC_PH_1294A_0495
event_period,ITKC_PH_1294A_0496,합단의 개경 침입,전쟁,고려,"1291년(충렬왕 17) 1월
~ 1291년(충렬왕 17) 4월",2,원간섭기,https://db.itkc.or.kr/people/viewEvnt?gubun=evntera&cate1=Z&cate2=&dataId=ITKC_PH_1294A_0496
event_period,ITKC_PH_1294A_0497,홍군상의 일본인 호송,"원,

일본",고려,1292년(충렬왕 18) 9월,2,원간섭기,https://db.itkc.or.kr/people/viewEvnt?gubun=evntera&cate1=Z&cate2=&dataId=ITKC_PH_1294A_0497
event_period,ITKC_PH_1294A_0498,탐라 반환,원,고려,1294년(충렬왕 20) 5월,5,원간섭기,https://db.itkc.or.kr/people/viewEvnt?gubun=evntera&cate1=Z&cate2=&dataId=ITKC_PH_1294A_0498
event_period,ITKC_PH_1294A_0499,한희유의 유배,유배,고려,1295년(충렬왕 21) 8월,5,,https://db.itkc.or.kr/people/viewEvnt?gubun=evntera&cate1=Z&cate2=&dataId=ITKC_PH_1294A_0499
event_period,ITKC_PH_1294A_0500,무비의 공주 저주 사건,비빈,고려,1297년(충렬왕 23) 7월,2,원간섭기,https://db.itkc.or.kr/people/viewEvnt?gubun=evntera&cate1=Z&cate2=&dataId=ITKC_PH_1294A_0500
event_period,ITKC_PH_1294A_0501,수창궁 중건,건축,고려,1297년(충렬왕 23) 윤12월,3,,https://db.itkc.or.kr/people/viewEvnt?gubun=evntera&cate1=Z&cate2=&dataId=ITKC_PH_1294A_0501
event_period,ITKC_PH_1294A_0502,충선왕 즉위,국왕,고려,1298년(충렬왕 24) 1월,3,,https://db.itkc.or.kr/people/viewEvnt?gubun=evntera&cate1=Z&cate2=&dataId=ITKC_PH_1294A_0502
event_period,ITKC_PH_1294A_0503,이승휴 초빙,인물기타,고려,1298년(충렬왕 24) 1월,4,,https://db.itkc.or.kr/people/viewEvnt?gubun=evntera&cate1=Z&cate2=&dataId=ITKC_PH_1294A_0503
event_period,ITKC_PH_1294A_0504,조비무고사건,비빈,고려,"1298년(충렬왕 24) 4월
~ 1298년(충렬왕 24) 6월",8,,https://db.itkc.or.kr/people/viewEvnt?gubun=evntera&cate1=Z&cate2=&dataId=ITKC_PH_1294A_0504
event_period,ITKC_PH_1294A_0505,충선왕의 관제개혁,제도개혁,고려,1298년(충렬왕 24) 5월,14,,https://db.itkc.or.kr/people/viewEvnt?gubun=evntera&cate1=Z&cate2=&dataId=ITKC_PH_1294A_0505
event_period,ITKC_PH_1294A_0506,사림원 설치,기관,고려,1298년(충렬왕 24) 5월,4,,https://db.itkc.or.kr/people/viewEvnt?gubun=evntera&cate1=Z&cate2=&dataId=ITKC_PH_1294A_0506
event_period,ITKC_PH_1294A_0507,충렬왕의 복위,국왕,고려,1298년(충렬왕 24) 8월,3,원간섭기,https://db.itkc.or.kr/people/viewEvnt?gubun=evntera&cate1=Z&cate2=&dataId=ITKC_PH_1294A_0507
event_period,ITKC_PH_1294A_0508,한희유 무고사건,고변/탄핵,고려,1299년(충렬왕 25) 1월,5,,https://db.itkc.or.kr/people/viewEvnt?gubun=evntera&cate1=Z&cate2=&dataId=ITKC_PH_1294A_0508
event_period,ITKC_PH_1294A_0509,오기의 원나라 압송,처결,고려,"1303년(충렬왕 29) 7월
~ 1303년(충렬왕 29) 10월",17,원간섭기,https://db.itkc.or.kr/people/viewEvnt?gubun=evntera&cate1=Z&cate2=&dataId=ITKC_PH_1294A_0509
event_period,ITKC_PH_1294A_0510,섬학전 설치,교육,고려,1304년(충렬왕 30) 5월,3,,https://db.itkc.or.kr/people/viewEvnt?gubun=evntera&cate1=Z&cate2=&dataId=ITKC_PH_1294A_0510
event_subject,ITKC_PH_1294A_0435,강동성전투,전쟁,고려,"1218년(고종 5) 12월
~ 1219년(고종 6) 1월",2,고려거란전쟁,https://db.itkc.or.kr/people/viewEvnt?gubun=evntcate&cate1=Z&cate2=&dataId=ITKC_PH_1294A_0435
event_period,ITKC_PH_1294A_0511,대성전 준공,건축,고려,1304년(충렬왕 30) 6월,2,,https://db.itkc.or.kr/people/viewEvnt?gubun=evntera&cate1=Z&cate2=&dataId=ITKC_PH_1294A_0511
event_subject,ITKC_PH_1294A_0436,거란의 항복,전쟁,고려,1219년(고종 6) 1월,2,고려거란전쟁,https://db.itkc.or.kr/people/viewEvnt?gubun=evntcate&cate1=Z&cate2=&dataId=ITKC_PH_1294A_0436
event_period,ITKC_PH_1294A_0512,안향의 졸기,정치인,고려,1306년(충렬왕 32) 9월,3,,https://db.itkc.or.kr/people/viewEvnt?gubun=evntera&cate1=Z&cate2=&dataId=ITKC_PH_1294A_0512
event_subject,ITKC_PH_1294A_0437,최충헌의 사망,정치인,고려,1219년(고종 6) 9월,4,최씨무인정권,https://db.itkc.or.kr/people/viewEvnt?gubun=evntcate&cate1=Z&cate2=&dataId=ITKC_PH_1294A_0437
event_period,ITKC_PH_1294A_0513,이사온과 김심의 유배,유배,고려,1313년(충선왕 5) 1월,5,,https://db.itkc.or.kr/people/viewEvnt?gubun=evntera&cate1=Z&cate2=&dataId=ITKC_PH_1294A_0513
event_subject,ITKC_PH_1294A_0438,의주적의 난,민란,고려,"1219년(고종 6) 10월
~ 1221년(고종 8) 3월",1,,https://db.itkc.or.kr/people/viewEvnt?gubun=evntcate&cate1=Z&cate2=&dataId=ITKC_PH_1294A_0438
event_period,ITKC_PH_1294A_0514,충숙왕의 즉위,국왕,고려,1313년(충선왕 5) 3월,6,원간섭기,https://db.itkc.or.kr/people/viewEvnt?gubun=evntera&cate1=Z&cate2=&dataId=ITKC_PH_1294A_0514
event_subject,ITKC_PH_1294A_0439,이극인의 난,반란,고려,1224년(고종 11) 7월,3,최씨무인정권,https://db.itkc.or.kr/people/viewEvnt?gubun=evntcate&cate1=Z&cate2=&dataId=ITKC_PH_1294A_0439
event_period,ITKC_PH_1294A_0515,충선왕의 만권당 설치,"국왕,

기관",고려,1314년(충숙왕 원년) 3월,5,원간섭기,https://db.itkc.or.kr/people/viewEvnt?gubun=evntera&cate1=Z&cate2=&dataId=ITKC_PH_1294A_0515
event_subject,ITKC_PH_1294A_0440,금나라의 의주 침공,전쟁,고려,1226년(고종 13) 1월,0,,https://db.itkc.or.kr/people/viewEvnt?gubun=evntcate&cate1=Z&cate2=&dataId=ITKC_PH_1294A_0440
event_subject,ITKC_PH_1294A_0441,조영수의 난,"반란,

정치인",고려,1226년(고종 13) 5월,1,,https://db.itkc.or.kr/people/viewEvnt?gubun=evntcate&cate1=Z&cate2=&dataId=ITKC_PH_1294A_0441
event_period,ITKC_PH_1294A_0516,문민질고사 파견,민심,고려,1318년(충숙왕 5) 5월,5,,https://db.itkc.or.kr/people/viewEvnt?gubun=evntera&cate1=Z&cate2=&dataId=ITKC_PH_1294A_0516
event_subject,ITKC_PH_1294A_0442,강종의 교동 안치,"정치일반,

국왕",고려,1227년(고종 14) 3월,2,최씨무인정권,https://db.itkc.or.kr/people/viewEvnt?gubun=evntcate&cate1=Z&cate2=&dataId=ITKC_PH_1294A_0442
event_period,ITKC_PH_1294A_0517,최안도의 유배,유배,고려,1319년(충숙왕 6) 12월,9,,https://db.itkc.or.kr/people/viewEvnt?gubun=evntera&cate1=Z&cate2=&dataId=ITKC_PH_1294A_0517
event_period,ITKC_PH_1294A_0518,정방 복설,기관,고려,1320년(충숙왕 7) 12월,3,,https://db.itkc.or.kr/people/viewEvnt?gubun=evntera&cate1=Z&cate2=&dataId=ITKC_PH_1294A_0518
event_subject,ITKC_PH_1294A_0443,최향의 반란,반란,고려,1230년(고종 17) 7월,2,최씨무인정권,https://db.itkc.or.kr/people/viewEvnt?gubun=evntcate&cate1=Z&cate2=&dataId=ITKC_PH_1294A_0443
event_period,ITKC_PH_1294A_0520,충선왕의 토번 유배,"유배,

국왕",고려,"1320년(충숙왕 7) 12월
~ 1321년(충숙왕 8) 11월",7,원간섭기,https://db.itkc.or.kr/people/viewEvnt?gubun=evntera&cate1=Z&cate2=&dataId=ITKC_PH_1294A_0520
event_subject,ITKC_PH_1294A_0444,박서의 귀주성전투,전쟁,고려,"1231년(고종 18) 9월
~ 1231년(고종 18) 12월",1,고려의 대몽항쟁,https://db.itkc.or.kr/people/viewEvnt?gubun=evntcate&cate1=Z&cate2=&dataId=ITKC_PH_1294A_0444
event_period,ITKC_PH_1294A_0519,충숙왕의 원나라 입조,국왕,고려,1321년(충숙왕 8) 4월,12,원간섭기,https://db.itkc.or.kr/people/viewEvnt?gubun=evntera&cate1=Z&cate2=&dataId=ITKC_PH_1294A_0519
event_subject,ITKC_PH_1294A_0335,고려 건국과 고려 태조,국왕,고려,918년(태조 1) 6월,10,,https://db.itkc.or.kr/people/viewEvnt?gubun=evntcate&cate1=Z&cate2=&dataId=ITKC_PH_1294A_0335
event_period,ITKC_PH_1294A_0521,권한공의 심왕옹립운동,반란,고려,1322년(충숙왕 9) 8월,10,,https://db.itkc.or.kr/people/viewEvnt?gubun=evntera&cate1=Z&cate2=&dataId=ITKC_PH_1294A_0521
event_subject,ITKC_PH_1294A_0336,혜종의 태자 책봉,세자,고려,921년(태조 4) 12월,3,,https://db.itkc.or.kr/people/viewEvnt?gubun=evntcate&cate1=Z&cate2=&dataId=ITKC_PH_1294A_0336
event_period,ITKC_PH_1294A_0522,유청신의 입성책동,"기관,

원",고려,1323년(충숙왕 10) 1월,2,,https://db.itkc.or.kr/people/viewEvnt?gubun=evntera&cate1=Z&cate2=&dataId=ITKC_PH_1294A_0522
event_subject,ITKC_PH_1294A_0337,왕순식의 귀순,인물기타,고려,922년(태조 5) 7월,1,삼한통일전쟁,https://db.itkc.or.kr/people/viewEvnt?gubun=evntcate&cate1=Z&cate2=&dataId=ITKC_PH_1294A_0337
event_period,ITKC_PH_1294A_0523,민지의 상왕소환상소,"원,

국왕",고려,1323년(충숙왕 10) 1월,3,원간섭기,https://db.itkc.or.kr/people/viewEvnt?gubun=evntera&cate1=Z&cate2=&dataId=ITKC_PH_1294A_0523
event_subject,ITKC_PH_1294A_0338,발해의 멸망,전쟁,고려,925년(태조 8) 12월,1,,https://db.itkc.or.kr/people/viewEvnt?gubun=evntcate&cate1=Z&cate2=&dataId=ITKC_PH_1294A_0338
event_period,ITKC_PH_1294A_0524,심왕 선위 논의,"원,

국왕",고려,1327년(충숙왕 14) 5월,4,,https://db.itkc.or.kr/people/viewEvnt?gubun=evntera&cate1=Z&cate2=&dataId=ITKC_PH_1294A_0524
event_subject,ITKC_PH_1294A_0339,공산전투〔公山戰鬪〕,전쟁,고려,927년(태조 10) 9월,5,삼한통일전쟁,https://db.itkc.or.kr/people/viewEvnt?gubun=evntcate&cate1=Z&cate2=&dataId=ITKC_PH_1294A_0339
event_period,ITKC_PH_1294A_0525,충숙왕 복위,국왕,고려,1332년(충숙왕 후1) 2월,7,,https://db.itkc.or.kr/people/viewEvnt?gubun=evntera&cate1=Z&cate2=&dataId=ITKC_PH_1294A_0525
event_subject,ITKC_PH_1294A_0340,고창전투,전쟁,고려,"929년(태조 12) 12월
~ 930년(태조 13) 1월",5,삼한통일전쟁,https://db.itkc.or.kr/people/viewEvnt?gubun=evntcate&cate1=Z&cate2=&dataId=ITKC_PH_1294A_0340
event_period,ITKC_PH_1294A_0526,충혜왕 측근세력의 숙청,유배,고려,"1332년(충숙왕 후1) 2월
~ 1332년(충숙왕 후1) 3월",12,원간섭기,https://db.itkc.or.kr/people/viewEvnt?gubun=evntera&cate1=Z&cate2=&dataId=ITKC_PH_1294A_0526
event_subject,ITKC_PH_1294A_0341,최응의 졸기,정치인,고려,932년(태조 15) 11월,5,,https://db.itkc.or.kr/people/viewEvnt?gubun=evntcate&cate1=Z&cate2=&dataId=ITKC_PH_1294A_0341
event_period,ITKC_PH_1294A_0527,조적의 난,반란,고려,1339년(충숙왕 후8) 8월,10,,https://db.itkc.or.kr/people/viewEvnt?gubun=evntera&cate1=Z&cate2=&dataId=ITKC_PH_1294A_0527
event_subject,ITKC_PH_1294A_0342,운주성 전투,전쟁,고려,934년(태조 17) 9월,3,삼한통일전쟁,https://db.itkc.or.kr/people/viewEvnt?gubun=evntcate&cate1=Z&cate2=&dataId=ITKC_PH_1294A_0342
event_period,ITKC_PH_1294A_0528,이조년의 은퇴,인물기타,고려,1341년(충혜왕 후2) 12월,2,,https://db.itkc.or.kr/people/viewEvnt?gubun=evntera&cate1=Z&cate2=&dataId=ITKC_PH_1294A_0528
event_subject,ITKC_PH_1294A_0343,신검의 견훤 유폐,"반란,

국왕",고려,935년(태조 18) 3월,5,삼한통일전쟁,https://db.itkc.or.kr/people/viewEvnt?gubun=evntcate&cate1=Z&cate2=&dataId=ITKC_PH_1294A_0343
event_period,ITKC_PH_1294A_0529,조적의 난 평정 공신 선정,공신/훈신,고려,1342년(충혜왕 후3) 6월,17,,https://db.itkc.or.kr/people/viewEvnt?gubun=evntera&cate1=Z&cate2=&dataId=ITKC_PH_1294A_0529
event_subject,ITKC_PH_1294A_0344,견훤의 투항,국왕,고려,935년(태조 18) 6월,3,삼한통일전쟁,https://db.itkc.or.kr/people/viewEvnt?gubun=evntcate&cate1=Z&cate2=&dataId=ITKC_PH_1294A_0344
event_period,ITKC_PH_1294A_0530,직세 폐지,조세,고려,1343년(충혜왕 후4) 3월,3,,https://db.itkc.or.kr/people/viewEvnt?gubun=evntera&cate1=Z&cate2=&dataId=ITKC_PH_1294A_0530
event_subject,ITKC_PH_1294A_0345,신라의 투항,국왕,고려,935년(태조 18) 12월,4,삼한통일전쟁,https://db.itkc.or.kr/people/viewEvnt?gubun=evntcate&cate1=Z&cate2=&dataId=ITKC_PH_1294A_0345
event_period,ITKC_PH_1294A_0531,충혜왕의 유배,"유배,

국왕",고려,"1343년(충혜왕 후4) 11월
~ 1343년(충혜왕 후4) 12월",8,원간섭기,https://db.itkc.or.kr/people/viewEvnt?gubun=evntera&cate1=Z&cate2=&dataId=ITKC_PH_1294A_0531
event_subject,ITKC_PH_1294A_0346,일리천전투,전쟁,고려,936년(태조 19) 9월,5,삼한통일전쟁,https://db.itkc.or.kr/people/viewEvnt?gubun=evntcate&cate1=Z&cate2=&dataId=ITKC_PH_1294A_0346
event_period,ITKC_PH_1294A_0532,충목왕 즉위,국왕,고려,"1344년(충혜왕 후5) 2월
~ 1344년(충혜왕 후5) 윤2월",8,,https://db.itkc.or.kr/people/viewEvnt?gubun=evntera&cate1=Z&cate2=&dataId=ITKC_PH_1294A_0532
event_subject,ITKC_PH_1294A_0347,훈요십조 전수,국왕,고려,943년(태조 26) 4월,2,,https://db.itkc.or.kr/people/viewEvnt?gubun=evntcate&cate1=Z&cate2=&dataId=ITKC_PH_1294A_0347
event_period,ITKC_PH_1294A_0533,편년강목 찬술명령,출판,고려,1346년(충목왕 2) 10월,6,,https://db.itkc.or.kr/people/viewEvnt?gubun=evntera&cate1=Z&cate2=&dataId=ITKC_PH_1294A_0533
event_subject,ITKC_PH_1294A_0348,태조 왕건의 사망,국왕,고려,943년(태조 26) 5월,3,,https://db.itkc.or.kr/people/viewEvnt?gubun=evntcate&cate1=Z&cate2=&dataId=ITKC_PH_1294A_0348
event_period,ITKC_PH_1294A_0534,기삼만의 옥사,옥사,고려,"1347년(충목왕 3) 3월
~ 1347년(충목왕 3) 4월",4,원간섭기,https://db.itkc.or.kr/people/viewEvnt?gubun=evntera&cate1=Z&cate2=&dataId=ITKC_PH_1294A_0534
event_subject,ITKC_PH_1294A_0349,왕규의 난,반란,고려,"945년(혜종 2)
~ 945년(혜종 2) 9월",6,,https://db.itkc.or.kr/people/viewEvnt?gubun=evntcate&cate1=Z&cate2=&dataId=ITKC_PH_1294A_0349
event_period,ITKC_PH_1294A_0535,김륜의 강윤충 탄핵,고변/탄핵,고려,1348년(충목왕 4) 1월,7,,https://db.itkc.or.kr/people/viewEvnt?gubun=evntera&cate1=Z&cate2=&dataId=ITKC_PH_1294A_0535
event_subject,ITKC_PH_1294A_0350,광군사 설치,"기관,

방비",고려,947년(정종 2),1,고려거란전쟁,https://db.itkc.or.kr/people/viewEvnt?gubun=evntcate&cate1=Z&cate2=&dataId=ITKC_PH_1294A_0350
event_period,ITKC_PH_1294A_0536,충목왕의 사망,국왕,고려,1348년(충목왕 4) 12월,2,,https://db.itkc.or.kr/people/viewEvnt?gubun=evntera&cate1=Z&cate2=&dataId=ITKC_PH_1294A_0536
event_subject,ITKC_PH_1294A_0351,과거제 시행〔科擧制 施行〕,과거,고려,958년(광종 9) 5월,2,,https://db.itkc.or.kr/people/viewEvnt?gubun=evntcate&cate1=Z&cate2=&dataId=ITKC_PH_1294A_0351
event_period,ITKC_PH_1294A_0537,충정왕의 독살,국왕,고려,1352년(공민왕 1) 3월,3,,https://db.itkc.or.kr/people/viewEvnt?gubun=evntera&cate1=Z&cate2=&dataId=ITKC_PH_1294A_0537
event_subject,ITKC_PH_1294A_0352,박수경의 졸기,정치인,고려,964년(광종 15) 8월,3,,https://db.itkc.or.kr/people/viewEvnt?gubun=evntcate&cate1=Z&cate2=&dataId=ITKC_PH_1294A_0352
event_period,ITKC_PH_1294A_0538,조일신의 난,반란,고려,"1352년(공민왕 1) 9월
~ 1352년(공민왕 1) 10월",7,,https://db.itkc.or.kr/people/viewEvnt?gubun=evntera&cate1=Z&cate2=&dataId=ITKC_PH_1294A_0538
event_subject,ITKC_PH_1294A_0353,서필의 졸기,정치인,고려,965년(광종 16) 7월,1,,https://db.itkc.or.kr/people/viewEvnt?gubun=evntcate&cate1=Z&cate2=&dataId=ITKC_PH_1294A_0353
event_period,ITKC_PH_1294A_0540,첨설직 설치,기관,고려,1354년(공민왕 3) 6월,6,,https://db.itkc.or.kr/people/viewEvnt?gubun=evntera&cate1=Z&cate2=&dataId=ITKC_PH_1294A_0540
event_subject,ITKC_PH_1294A_0354,시무28조 봉헌,정치일반,고려,982년(성종 원년) 6월,10,,https://db.itkc.or.kr/people/viewEvnt?gubun=evntcate&cate1=Z&cate2=&dataId=ITKC_PH_1294A_0354
event_period,ITKC_PH_1294A_0541,장사성토벌군 파병,"정벌,

원",고려,1354년(공민왕 3) 7월,3,원간섭기,https://db.itkc.or.kr/people/viewEvnt?gubun=evntera&cate1=Z&cate2=&dataId=ITKC_PH_1294A_0541
event_subject,ITKC_PH_1294A_0355,최지몽의 졸기,정치인,고려,987년(성종 6) 3월,8,,https://db.itkc.or.kr/people/viewEvnt?gubun=evntcate&cate1=Z&cate2=&dataId=ITKC_PH_1294A_0355
event_period,ITKC_PH_1305A_0306,원나라 과거에 급제한 고려인,과거,고려,"1320년(충숙왕 7)
~ 1354년(공민왕 3)",5,원간섭기,https://db.itkc.or.kr/people/viewEvnt?gubun=evntera&cate1=Z&cate2=&dataId=ITKC_PH_1305A_0306
event_subject,ITKC_PH_1294A_0356,최승로의 졸기,정치인,고려,989년(성종 8) 5월,3,,https://db.itkc.or.kr/people/viewEvnt?gubun=evntcate&cate1=Z&cate2=&dataId=ITKC_PH_1294A_0356
event_subject,ITKC_PH_1294A_0446,자주성전투,전쟁,고려,"1231년(고종 18) 11월
~ 1232년(고종 19) 3월",3,고려의 대몽항쟁,https://db.itkc.or.kr/people/viewEvnt?gubun=evntcate&cate1=Z&cate2=&dataId=ITKC_PH_1294A_0446
event_period,ITKC_PH_1294A_0542,이자춘의 공민왕 입견,정치인,고려,1355년(공민왕 4) 12월,5,,https://db.itkc.or.kr/people/viewEvnt?gubun=evntera&cate1=Z&cate2=&dataId=ITKC_PH_1294A_0542
event_subject,ITKC_PH_1294A_0359,천추태후의 대량군 축출,"국왕,

비빈",고려,1003년(목종 6),4,,https://db.itkc.or.kr/people/viewEvnt?gubun=evntcate&cate1=Z&cate2=&dataId=ITKC_PH_1294A_0359
event_period,ITKC_PH_1294A_0543,기철일파 제거〔奇轍 除去〕,정치일반,고려,1356년(공민왕 5) 5월,14,공민왕의 반원개혁,https://db.itkc.or.kr/people/viewEvnt?gubun=evntera&cate1=Z&cate2=&dataId=ITKC_PH_1294A_0543
event_subject,ITKC_PH_1294A_0360,김치양의 난,반란,고려,1009년(목종 12) 1월,7,,https://db.itkc.or.kr/people/viewEvnt?gubun=evntcate&cate1=Z&cate2=&dataId=ITKC_PH_1294A_0360
event_period,ITKC_PH_1294A_0544,쌍성총관부 출병,정벌,고려,1356년(공민왕 5) 5월,5,공민왕의 반원개혁,https://db.itkc.or.kr/people/viewEvnt?gubun=evntera&cate1=Z&cate2=&dataId=ITKC_PH_1294A_0544
event_subject,ITKC_PH_1294A_0361,강조의 정변,정변,고려,1009년(목종 12) 2월,6,,https://db.itkc.or.kr/people/viewEvnt?gubun=evntcate&cate1=Z&cate2=&dataId=ITKC_PH_1294A_0361
event_period,ITKC_PH_1294A_0545,임중보의 난,반란,고려,1356년(공민왕 5) 6월,2,,https://db.itkc.or.kr/people/viewEvnt?gubun=evntera&cate1=Z&cate2=&dataId=ITKC_PH_1294A_0545
event_subject,ITKC_PH_1294A_0362,거란의 2차 침입과 강조의 실각,전쟁,고려,1010년(현종 원년) 11월,3,고려거란전쟁,https://db.itkc.or.kr/people/viewEvnt?gubun=evntcate&cate1=Z&cate2=&dataId=ITKC_PH_1294A_0362
event_period,ITKC_PH_1294A_0546,염철별감 파견,조세,고려,1357년(공민왕 6) 9월,6,,https://db.itkc.or.kr/people/viewEvnt?gubun=evntera&cate1=Z&cate2=&dataId=ITKC_PH_1294A_0546
event_subject,ITKC_PH_1294A_0363,거란의 개경 침공,전쟁,고려,"1011년(현종 2) 1월
~ 1011년(현종 2) 2월",6,고려거란전쟁,https://db.itkc.or.kr/people/viewEvnt?gubun=evntcate&cate1=Z&cate2=&dataId=ITKC_PH_1294A_0363
event_period,ITKC_PH_1294A_0547,홍건적의 1차 침입,전쟁,고려,"1359년(공민왕 8) 2월
~ 1360년(공민왕 9) 2월",7,고려말 홍건적 침공,https://db.itkc.or.kr/people/viewEvnt?gubun=evntera&cate1=Z&cate2=&dataId=ITKC_PH_1294A_0547
event_subject,ITKC_PH_1294A_0364,김훈·최질의 난,반란,고려,"1014년(현종 5) 11월
~ 1015년(현종 6) 3월",3,,https://db.itkc.or.kr/people/viewEvnt?gubun=evntcate&cate1=Z&cate2=&dataId=ITKC_PH_1294A_0364
event_period,ITKC_PH_1294A_0549,공민왕의 안동 파천,전쟁,고려,1361년(공민왕 10) 11월,6,고려말 홍건적 침공,https://db.itkc.or.kr/people/viewEvnt?gubun=evntera&cate1=Z&cate2=&dataId=ITKC_PH_1294A_0549
event_subject,ITKC_PH_1294A_0371,덕종의 부묘와 종묘제 논의,"국왕,

능묘",고려,1036년(정종 2) 12월,11,,https://db.itkc.or.kr/people/viewEvnt?gubun=evntcate&cate1=Z&cate2=&dataId=ITKC_PH_1294A_0371
event_period,ITKC_PH_1294A_0548,홍건적의 2차 침입,전쟁,고려,"1361년(공민왕 10) 10월
~ 1362년(공민왕 11) 1월",2,고려말 홍건적 침공,https://db.itkc.or.kr/people/viewEvnt?gubun=evntera&cate1=Z&cate2=&dataId=ITKC_PH_1294A_0548
event_subject,ITKC_PH_1294A_0372,흥왕사 창건,"종교,

건축",고려,1056년(문종 10) 2월,2,,https://db.itkc.or.kr/people/viewEvnt?gubun=evntcate&cate1=Z&cate2=&dataId=ITKC_PH_1294A_0372
event_period,ITKC_PH_1294A_0550,개경 수복,전쟁,고려,1362년(공민왕 11) 1월,8,고려말 홍건적 침공,https://db.itkc.or.kr/people/viewEvnt?gubun=evntera&cate1=Z&cate2=&dataId=ITKC_PH_1294A_0550
event_subject,ITKC_PH_1294A_0373,무문사 파견,민심,고려,1056년(문종 10) 9월,1,,https://db.itkc.or.kr/people/viewEvnt?gubun=evntcate&cate1=Z&cate2=&dataId=ITKC_PH_1294A_0373
event_subject,ITKC_PH_1294A_0374,최충의 졸기,"정치인,

교육",고려,1068년(문종 22) 9월,3,,https://db.itkc.or.kr/people/viewEvnt?gubun=evntcate&cate1=Z&cate2=&dataId=ITKC_PH_1294A_0374
event_period,ITKC_PH_1294A_0551,정세운 피살사건,정변,고려,1362년(공민왕 11) 1월,4,,https://db.itkc.or.kr/people/viewEvnt?gubun=evntera&cate1=Z&cate2=&dataId=ITKC_PH_1294A_0551
event_subject,ITKC_PH_1294A_0445,충주전투,전쟁,고려,1232년(고종 19) 1월,1,고려의 대몽항쟁,https://db.itkc.or.kr/people/viewEvnt?gubun=evntcate&cate1=Z&cate2=&dataId=ITKC_PH_1294A_0445
event_period,ITKC_PH_1294A_0552,안우·이방실·김득배 피살사건,정변,고려,1362년(공민왕 11) 2월,7,,https://db.itkc.or.kr/people/viewEvnt?gubun=evntera&cate1=Z&cate2=&dataId=ITKC_PH_1294A_0552
event_subject,ITKC_PH_1294A_0448,최산의 동경반란,반란,고려,"1233년(고종 20) 5월
~ 1233년(고종 20) 6월",0,,https://db.itkc.or.kr/people/viewEvnt?gubun=evntcate&cate1=Z&cate2=&dataId=ITKC_PH_1294A_0448
event_period,ITKC_PH_1294A_0553,나하추와의 전투,전쟁,고려,1362년(공민왕 11) 7월,2,,https://db.itkc.or.kr/people/viewEvnt?gubun=evntera&cate1=Z&cate2=&dataId=ITKC_PH_1294A_0553
event_subject,ITKC_PH_1294A_0449,"홍복원, 필현보의 난",반란,고려,1233년(고종 20) 12월,5,,https://db.itkc.or.kr/people/viewEvnt?gubun=evntcate&cate1=Z&cate2=&dataId=ITKC_PH_1294A_0449
event_subject,ITKC_PH_1294A_0424,동경민란,"민란,

종교",고려,"1190년(명종 20) 1월
~ 1233년(고종 20)",3,,https://db.itkc.or.kr/people/viewEvnt?gubun=evntcate&cate1=Z&cate2=&dataId=ITKC_PH_1294A_0424
event_period,ITKC_PH_1294A_0554,흥왕사의 변,정변,고려,1363년(공민왕 12) 윤3월,7,,https://db.itkc.or.kr/people/viewEvnt?gubun=evntera&cate1=Z&cate2=&dataId=ITKC_PH_1294A_0554
event_period,ITKC_PH_1294A_0555,공민왕 폐위사건,정변,고려,1363년(공민왕 12) 5월,10,,https://db.itkc.or.kr/people/viewEvnt?gubun=evntera&cate1=Z&cate2=&dataId=ITKC_PH_1294A_0555
event_subject,ITKC_PH_1300A_0062,임사홍의 현석규 배척〔任士洪欲擠玄碩圭〕,정치일반,조선,1477년(성종 8) 7월,10,,https://db.itkc.or.kr/people/viewEvnt?gubun=evntcate&cate1=Z&cate2=&dataId=ITKC_PH_1300A_0062
event_subject,ITKC_PH_1294A_0450,죽주전투,전쟁,고려,1236년(고종 23) 9월,1,고려의 대몽항쟁,https://db.itkc.or.kr/people/viewEvnt?gubun=evntcate&cate1=Z&cate2=&dataId=ITKC_PH_1294A_0450
event_period,ITKC_PH_1294A_0556,덕흥군의 고려침입,정변,고려,1363년(공민왕 12) 12월,5,,https://db.itkc.or.kr/people/viewEvnt?gubun=evntera&cate1=Z&cate2=&dataId=ITKC_PH_1294A_0556
event_subject,ITKC_PH_1300A_0152,진주성 함락과 명군 철병〔晉州城陷明兵撤還〕,왜(변)란,조선,"1593년(선조 26) 6월 20일
~ 1593년(선조 26) 6월 26일",28,임진왜란,https://db.itkc.or.kr/people/viewEvnt?gubun=evntcate&cate1=Z&cate2=&dataId=ITKC_PH_1300A_0152
event_period,ITKC_PH_1294A_0557,삼선·삼개의 난,반란,고려,1364년(공민왕 13) 1월,5,,https://db.itkc.or.kr/people/viewEvnt?gubun=evntera&cate1=Z&cate2=&dataId=ITKC_PH_1294A_0557
event_period,ITKC_PH_1294A_0558,이작도 해전,왜(변)란,고려,1364년(공민왕 13) 3월,1,고려말 왜구 침공,https://db.itkc.or.kr/people/viewEvnt?gubun=evntera&cate1=Z&cate2=&dataId=ITKC_PH_1294A_0558
event_subject,ITKC_PH_1294A_0451,이연년 형제의 난,반란,고려,1237년(고종 24),1,,https://db.itkc.or.kr/people/viewEvnt?gubun=evntcate&cate1=Z&cate2=&dataId=ITKC_PH_1294A_0451
event_period,ITKC_PH_1294A_0559,신돈의 집권,정변,고려,1365년(공민왕 14) 5월,5,,https://db.itkc.or.kr/people/viewEvnt?gubun=evntera&cate1=Z&cate2=&dataId=ITKC_PH_1294A_0559
event_subject,ITKC_PH_1300A_0233,청나라의 징병〔淸人徵兵〕,"청,

호란",조선,"1637년(인조 15)
~ 1673년(현종 14)",8,병자호란,https://db.itkc.or.kr/people/viewEvnt?gubun=evntcate&cate1=Z&cate2=&dataId=ITKC_PH_1300A_0233
event_period,ITKC_PH_1294A_0560,전민추정도감 설치,"제도개혁,

기관",고려,1366년(공민왕 15) 5월,3,,https://db.itkc.or.kr/people/viewEvnt?gubun=evntera&cate1=Z&cate2=&dataId=ITKC_PH_1294A_0560
event_period,ITKC_PH_1294A_0561,우왕의 출생 시비,국왕,고려,1366년(공민왕 15) 9월,4,,https://db.itkc.or.kr/people/viewEvnt?gubun=evntera&cate1=Z&cate2=&dataId=ITKC_PH_1294A_0561
event_subject,ITKC_PH_1294A_0452,만종과 최항의 횡포,처결,고려,1240년(고종 27) 12월,2,최씨무인정권,https://db.itkc.or.kr/people/viewEvnt?gubun=evntcate&cate1=Z&cate2=&dataId=ITKC_PH_1294A_0452
event_period,ITKC_PH_1294A_0562,국학 재건,교육,고려,1367년(공민왕 16) 5월,6,,https://db.itkc.or.kr/people/viewEvnt?gubun=evntera&cate1=Z&cate2=&dataId=ITKC_PH_1294A_0562
event_subject,ITKC_PH_1294A_0453,몽고에 독로화 파견,몽고,고려,1241년(고종 28) 4월,2,고려의 대몽항쟁,https://db.itkc.or.kr/people/viewEvnt?gubun=evntcate&cate1=Z&cate2=&dataId=ITKC_PH_1294A_0453
event_period,ITKC_PH_1294A_0357,거란의 1차 침입과 서희의 외교,"전쟁,

거란",고려,993년(성종 12) 윤10월,2,고려거란전쟁,https://db.itkc.or.kr/people/viewEvnt?gubun=evntera&cate1=Z&cate2=&dataId=ITKC_PH_1294A_0357
event_subject,ITKC_PH_1294A_0454,최항의 환속,정치인,고려,1247년(고종 34) 6월,3,최씨무인정권,https://db.itkc.or.kr/people/viewEvnt?gubun=evntcate&cate1=Z&cate2=&dataId=ITKC_PH_1294A_0454
event_period,ITKC_PH_1294A_0563,이제현의 졸기,정치인,고려,1367년(공민왕 16) 7월,4,,https://db.itkc.or.kr/people/viewEvnt?gubun=evntera&cate1=Z&cate2=&dataId=ITKC_PH_1294A_0563
event_subject,ITKC_PH_1294A_0455,최우의 김미 제거,유배,고려,1249년(고종 36) 윤2월,3,최씨무인정권,https://db.itkc.or.kr/people/viewEvnt?gubun=evntcate&cate1=Z&cate2=&dataId=ITKC_PH_1294A_0455
event_period,ITKC_PH_1294A_0564,오인택의 신돈 제거 모의,정치일반,고려,1367년(공민왕 16) 10월,6,,https://db.itkc.or.kr/people/viewEvnt?gubun=evntera&cate1=Z&cate2=&dataId=ITKC_PH_1294A_0564
event_subject,ITKC_PH_1294A_0456,최우의 사망,정치인,고려,1249년(고종 36) 11월,4,최씨무인정권,https://db.itkc.or.kr/people/viewEvnt?gubun=evntcate&cate1=Z&cate2=&dataId=ITKC_PH_1294A_0456
event_period,ITKC_PH_1294A_0565,유숙과 김달상의 피살,정치일반,고려,1368년(공민왕 17) 9월,4,,https://db.itkc.or.kr/people/viewEvnt?gubun=evntera&cate1=Z&cate2=&dataId=ITKC_PH_1294A_0565
event_subject,ITKC_PH_1294A_0457,최항의 계모 살해,처결,고려,1251년(고종 38) 3월,3,최씨무인정권,https://db.itkc.or.kr/people/viewEvnt?gubun=evntcate&cate1=Z&cate2=&dataId=ITKC_PH_1294A_0457
event_period,ITKC_PH_1294A_0566,김정의 신돈 제거 모의,정치일반,고려,1368년(공민왕 17) 10월,7,,https://db.itkc.or.kr/people/viewEvnt?gubun=evntera&cate1=Z&cate2=&dataId=ITKC_PH_1294A_0566
event_subject,ITKC_PH_1294A_0458,몽고의 출륙요구,몽고,고려,1252년(고종 39) 7월,5,고려의 대몽항쟁,https://db.itkc.or.kr/people/viewEvnt?gubun=evntcate&cate1=Z&cate2=&dataId=ITKC_PH_1294A_0458
event_period,ITKC_PH_1294A_0567,충주 천도 논의,천도,고려,1369년(공민왕 18) 8월,3,,https://db.itkc.or.kr/people/viewEvnt?gubun=evntera&cate1=Z&cate2=&dataId=ITKC_PH_1294A_0567
event_subject,ITKC_PH_1294A_0459,김윤후의 충주전투,전쟁,고려,"1253년(고종 40) 10월
~ 1253년(고종 40) 12월",2,고려의 대몽항쟁,https://db.itkc.or.kr/people/viewEvnt?gubun=evntcate&cate1=Z&cate2=&dataId=ITKC_PH_1294A_0459
event_period,ITKC_PH_1294A_0568,동녕부 정벌,정벌,고려,1370년(공민왕 19) 1월,2,공민왕의 반원개혁,https://db.itkc.or.kr/people/viewEvnt?gubun=evntera&cate1=Z&cate2=&dataId=ITKC_PH_1294A_0568
event_period,ITKC_PH_1294A_0569,이성계의 요성 공격,정벌,고려,1370년(공민왕 19) 11월,1,공민왕의 반원개혁,https://db.itkc.or.kr/people/viewEvnt?gubun=evntera&cate1=Z&cate2=&dataId=ITKC_PH_1294A_0569
event_subject,ITKC_PH_1294A_0539,원나라 태자의 연경궁 연회,원,고려,1253년(공민왕 2) 8월,2,원간섭기,https://db.itkc.or.kr/people/viewEvnt?gubun=evntcate&cate1=Z&cate2=&dataId=ITKC_PH_1294A_0539
event_period,ITKC_PH_1294A_0570,신돈의 역모사건,정변,고려,1371년(공민왕 20) 7월,5,,https://db.itkc.or.kr/people/viewEvnt?gubun=evntera&cate1=Z&cate2=&dataId=ITKC_PH_1294A_0570
event_subject,ITKC_PH_1294A_0460,반역자 이현의 처벌,처결,고려,1254년(고종 40) 1월,0,고려의 대몽항쟁,https://db.itkc.or.kr/people/viewEvnt?gubun=evntcate&cate1=Z&cate2=&dataId=ITKC_PH_1294A_0460
event_period,ITKC_PH_1294A_0571,자제위 설치,기관,고려,1372년(공민왕 21) 10월,10,,https://db.itkc.or.kr/people/viewEvnt?gubun=evntera&cate1=Z&cate2=&dataId=ITKC_PH_1294A_0571
event_subject,ITKC_PH_1294A_0461,안열의 난,반란,고려,1257년(고종 44) 4월,1,,https://db.itkc.or.kr/people/viewEvnt?gubun=evntcate&cate1=Z&cate2=&dataId=ITKC_PH_1294A_0461
event_period,ITKC_PH_1294A_0572,왜인추포만호 설치,"기관,

방비",고려,1374년(공민왕 23) 1월,2,,https://db.itkc.or.kr/people/viewEvnt?gubun=evntera&cate1=Z&cate2=&dataId=ITKC_PH_1294A_0572
event_subject,ITKC_PH_1294A_0462,최항의 사망과 최의의 권력승계,정치인,고려,1257년(고종 44) 윤4월,4,최씨무인정권,https://db.itkc.or.kr/people/viewEvnt?gubun=evntcate&cate1=Z&cate2=&dataId=ITKC_PH_1294A_0462
event_period,ITKC_PH_1294A_0358,서희의 졸기,정치인,고려,998년(목종 원년) 7월,2,고려거란전쟁,https://db.itkc.or.kr/people/viewEvnt?gubun=evntera&cate1=Z&cate2=&dataId=ITKC_PH_1294A_0358
event_subject,ITKC_PH_1294A_0463,송길유 숙청,처결,고려,1258년(고종 45) 1월,5,최씨무인정권,https://db.itkc.or.kr/people/viewEvnt?gubun=evntcate&cate1=Z&cate2=&dataId=ITKC_PH_1294A_0463
event_period,ITKC_PH_1294A_0573,공민왕 시해사건,"정변,

국왕",고려,1374년(공민왕 23) 9월,10,,https://db.itkc.or.kr/people/viewEvnt?gubun=evntera&cate1=Z&cate2=&dataId=ITKC_PH_1294A_0573
event_subject,ITKC_PH_1294A_0464,김준의 반란과 최의의 사망,"정치인,

정변",고려,1258년(고종 45) 3월,5,무신정변,https://db.itkc.or.kr/people/viewEvnt?gubun=evntcate&cate1=Z&cate2=&dataId=ITKC_PH_1294A_0464
event_period,ITKC_PH_1294A_0574,우왕의 즉위,국왕,고려,1374년(공민왕 23) 9월,6,,https://db.itkc.or.kr/people/viewEvnt?gubun=evntera&cate1=Z&cate2=&dataId=ITKC_PH_1294A_0574
event_subject,ITKC_PH_1294A_0465,홍복원의 처벌,몽고,고려,1258년(고종 45) 7월,3,,https://db.itkc.or.kr/people/viewEvnt?gubun=evntcate&cate1=Z&cate2=&dataId=ITKC_PH_1294A_0465
event_period,ITKC_PH_1294A_0575,김자수의 항명,처결,고려,1375년(우왕 1) 11월,8,고려말 왜구 침공,https://db.itkc.or.kr/people/viewEvnt?gubun=evntera&cate1=Z&cate2=&dataId=ITKC_PH_1294A_0575
event_subject,ITKC_PH_1294A_0467,고종의 사망,국왕,고려,1259년(고종 46) 6월,4,,https://db.itkc.or.kr/people/viewEvnt?gubun=evntcate&cate1=Z&cate2=&dataId=ITKC_PH_1294A_0467
event_period,ITKC_PH_1294A_0576,홍산대첩,전쟁,고려,1376년(우왕 2) 7월,1,고려말 왜구 침공,https://db.itkc.or.kr/people/viewEvnt?gubun=evntera&cate1=Z&cate2=&dataId=ITKC_PH_1294A_0576
event_subject,ITKC_PH_1294A_0466,태자의 항복 사행,세자,고려,"1259년(고종 46) 4월
~ 1260년(원종 1) 3월",1,원간섭기,https://db.itkc.or.kr/people/viewEvnt?gubun=evntcate&cate1=Z&cate2=&dataId=ITKC_PH_1294A_0466
event_period,ITKC_PH_1294A_0577,지윤의 참수,처결,고려,1377년(우왕 3) 3월,13,,https://db.itkc.or.kr/people/viewEvnt?gubun=evntera&cate1=Z&cate2=&dataId=ITKC_PH_1294A_0577
event_subject,ITKC_PH_1294A_0468,원종의 개경 입성,국왕,고려,1260년(원종 1) 3월,2,원간섭기,https://db.itkc.or.kr/people/viewEvnt?gubun=evntcate&cate1=Z&cate2=&dataId=ITKC_PH_1294A_0468
event_period,ITKC_PH_1294A_0578,이성계의 해주전투,전쟁,고려,1377년(우왕 3) 9월,4,고려말 왜구 침공,https://db.itkc.or.kr/people/viewEvnt?gubun=evntera&cate1=Z&cate2=&dataId=ITKC_PH_1294A_0578
event_subject,ITKC_PH_1294A_0469,몽고의 대일본사행 안내,몽고,고려,"1267년(원종 8) 1월
~ 1267년(원종 8) 8월",2,원간섭기,https://db.itkc.or.kr/people/viewEvnt?gubun=evntcate&cate1=Z&cate2=&dataId=ITKC_PH_1294A_0469
event_period,ITKC_PH_1294A_0579,최영의 해풍전투,전쟁,고려,1378년(우왕 4) 4월,4,고려말 왜구 침공,https://db.itkc.or.kr/people/viewEvnt?gubun=evntera&cate1=Z&cate2=&dataId=ITKC_PH_1294A_0579
event_subject,ITKC_PH_1294A_0470,몽고의 고려군 사열,정벌,고려,1268년(원종 9) 6월,2,여몽연합군의 일본정벌,https://db.itkc.or.kr/people/viewEvnt?gubun=evntcate&cate1=Z&cate2=&dataId=ITKC_PH_1294A_0470
event_period,ITKC_PH_1294A_0580,양백연의 처형,처결,고려,1379년(우왕 5) 7월,9,,https://db.itkc.or.kr/people/viewEvnt?gubun=evntera&cate1=Z&cate2=&dataId=ITKC_PH_1294A_0580
event_subject,ITKC_PH_1294A_0471,김준 숙청,처결,고려,1268년(원종 9) 12월,3,무신정변,https://db.itkc.or.kr/people/viewEvnt?gubun=evntcate&cate1=Z&cate2=&dataId=ITKC_PH_1294A_0471
event_period,ITKC_PH_1294A_0581,진포대첩,전쟁,고려,1380년(우왕 6) 8월,1,고려말 왜구 침공,https://db.itkc.or.kr/people/viewEvnt?gubun=evntera&cate1=Z&cate2=&dataId=ITKC_PH_1294A_0581
event_subject,ITKC_PH_1294A_0472,유경의 흑산도 유배,유배,고려,1269년(원종 10) 4월,6,,https://db.itkc.or.kr/people/viewEvnt?gubun=evntcate&cate1=Z&cate2=&dataId=ITKC_PH_1294A_0472
event_subject,ITKC_PH_1294A_0473,안경공 추대사건,정변,고려,1269년(원종 10) 6월,7,,https://db.itkc.or.kr/people/viewEvnt?gubun=evntcate&cate1=Z&cate2=&dataId=ITKC_PH_1294A_0473
event_period,ITKC_PH_1294A_0582,황산대첩,전쟁,고려,1380년(우왕 6) 9월,4,고려말 왜구 침공,https://db.itkc.or.kr/people/viewEvnt?gubun=evntera&cate1=Z&cate2=&dataId=ITKC_PH_1294A_0582
event_period,ITKC_PH_1294A_0583,우왕의 한양천도,천도,고려,1382년(우왕 8) 8월,6,,https://db.itkc.or.kr/people/viewEvnt?gubun=evntera&cate1=Z&cate2=&dataId=ITKC_PH_1294A_0583
event_subject,ITKC_PH_1294A_0474,최탄의 몽고 투항,몽고,고려,1269년(원종 10) 10월,3,,https://db.itkc.or.kr/people/viewEvnt?gubun=evntcate&cate1=Z&cate2=&dataId=ITKC_PH_1294A_0474
event_subject,ITKC_PH_1294A_0447,강화 천도,"전쟁,

천도",고려,"1232년(고종 19) 6월
~ 1270년(원종 11) 5월",3,고려의 대몽항쟁,https://db.itkc.or.kr/people/viewEvnt?gubun=evntcate&cate1=Z&cate2=&dataId=ITKC_PH_1294A_0447
event_period,ITKC_PH_1294A_0584,관음포전투,전쟁,고려,1383년(우왕 9) 5월,2,고려말 왜구 침공,https://db.itkc.or.kr/people/viewEvnt?gubun=evntera&cate1=Z&cate2=&dataId=ITKC_PH_1294A_0584
event_subject,ITKC_PH_1294A_0475,원종의 친조,국왕,고려,1270년(원종 11) 2월,6,원간섭기,https://db.itkc.or.kr/people/viewEvnt?gubun=evntcate&cate1=Z&cate2=&dataId=ITKC_PH_1294A_0475
event_period,ITKC_PH_1294A_0585,염흥방의 조반무고사건,고변/탄핵,고려,1388년(우왕 14) 1월,6,,https://db.itkc.or.kr/people/viewEvnt?gubun=evntera&cate1=Z&cate2=&dataId=ITKC_PH_1294A_0585
event_subject,ITKC_PH_1294A_0476,무신정권의 종식,국왕,고려,1270년(원종 11) 5월,10,,https://db.itkc.or.kr/people/viewEvnt?gubun=evntcate&cate1=Z&cate2=&dataId=ITKC_PH_1294A_0476
event_period,ITKC_PH_1294A_0586,이인임의 실각,정변,고려,1388년(우왕 14) 1월,15,,https://db.itkc.or.kr/people/viewEvnt?gubun=evntera&cate1=Z&cate2=&dataId=ITKC_PH_1294A_0586
event_period,ITKC_PH_1294A_0587,이인임의 유배,유배,고려,1388년(우왕 14) 1월,11,,https://db.itkc.or.kr/people/viewEvnt?gubun=evntera&cate1=Z&cate2=&dataId=ITKC_PH_1294A_0587
event_subject,ITKC_PH_1294A_0478,숭겸의 난,민란,고려,1271년(원종 12) 1월,0,고려의 대몽항쟁,https://db.itkc.or.kr/people/viewEvnt?gubun=evntcate&cate1=Z&cate2=&dataId=ITKC_PH_1294A_0478
event_period,ITKC_PH_1294A_0588,명나라의 철령위 설치,"기관,

명",고려,1388년(우왕 14) 3월,4,,https://db.itkc.or.kr/people/viewEvnt?gubun=evntera&cate1=Z&cate2=&dataId=ITKC_PH_1294A_0588
event_subject,ITKC_PH_1294A_0477,삼별초의 반란,반란,고려,"1270년(원종 11) 6월
~ 1273년(원종 14) 4월",3,고려의 대몽항쟁,https://db.itkc.or.kr/people/viewEvnt?gubun=evntcate&cate1=Z&cate2=&dataId=ITKC_PH_1294A_0477
event_period,ITKC_PH_1294A_0589,요동정벌계획,정벌,고려,1388년(우왕 14) 4월,17,,https://db.itkc.or.kr/people/viewEvnt?gubun=evntera&cate1=Z&cate2=&dataId=ITKC_PH_1294A_0589
event_subject,ITKC_PH_1294A_0479,김방경의 삼별초 토벌,정벌,고려,1273년(원종 14) 4월,5,여몽연합군의 일본정벌,https://db.itkc.or.kr/people/viewEvnt?gubun=evntcate&cate1=Z&cate2=&dataId=ITKC_PH_1294A_0479
event_period,ITKC_PH_1294A_0590,위화도회군,정변,고려,"1388년(우왕 14) 5월
~ 1388년(우왕 14) 6월",10,,https://db.itkc.or.kr/people/viewEvnt?gubun=evntera&cate1=Z&cate2=&dataId=ITKC_PH_1294A_0590
event_subject,ITKC_PH_1294A_0480,여몽연합군의 1차일본원정,정벌,고려,1274년(충렬왕 즉위) 10월,8,여몽연합군의 일본정벌,https://db.itkc.or.kr/people/viewEvnt?gubun=evntcate&cate1=Z&cate2=&dataId=ITKC_PH_1294A_0480
event_period,ITKC_PH_1294A_0591,창왕의 즉위,국왕,고려,1388년(우왕 14) 6월,7,,https://db.itkc.or.kr/people/viewEvnt?gubun=evntera&cate1=Z&cate2=&dataId=ITKC_PH_1294A_0591
event_subject,ITKC_PH_1294A_0481,몽고 공주와의 혼인,"국왕,

비빈",고려,1274년(충렬왕 즉위) 10월,12,원간섭기,https://db.itkc.or.kr/people/viewEvnt?gubun=evntcate&cate1=Z&cate2=&dataId=ITKC_PH_1294A_0481
event_subject,ITKC_PH_1294A_0482,정화궁주의 몽고공주 저주사건,비빈,고려,1276년(충렬왕 2) 12월,5,원간섭기,https://db.itkc.or.kr/people/viewEvnt?gubun=evntcate&cate1=Z&cate2=&dataId=ITKC_PH_1294A_0482
event_period,ITKC_PH_1294A_0592,박위의 대마도정벌,정벌,고려,1389년(공양왕 1) 2월,4,대마도 정벌,https://db.itkc.or.kr/people/viewEvnt?gubun=evntera&cate1=Z&cate2=&dataId=ITKC_PH_1294A_0592
event_subject,ITKC_PH_1294A_0483,경창궁주 폐위사건,비빈,고려,1277년(충렬왕 3) 7월,8,원간섭기,https://db.itkc.or.kr/people/viewEvnt?gubun=evntcate&cate1=Z&cate2=&dataId=ITKC_PH_1294A_0483
event_period,ITKC_PH_1294A_0593,전제개혁 논의,"조세,

제도개혁",고려,1389년(공양왕 1) 4월,11,,https://db.itkc.or.kr/people/viewEvnt?gubun=evntera&cate1=Z&cate2=&dataId=ITKC_PH_1294A_0593
event_subject,ITKC_PH_1294A_0484,김방경 무고사건,고변/탄핵,고려,1277년(충렬왕 3) 12월,7,,https://db.itkc.or.kr/people/viewEvnt?gubun=evntcate&cate1=Z&cate2=&dataId=ITKC_PH_1294A_0484
event_period,ITKC_PH_1294A_0594,김저의 우왕 복위 모의,국왕,고려,1389년(공양왕 1) 11월,8,,https://db.itkc.or.kr/people/viewEvnt?gubun=evntera&cate1=Z&cate2=&dataId=ITKC_PH_1294A_0594
event_subject,ITKC_PH_1294A_0485,고려인 송환 요구,원,고려,1278년(충렬왕 4) 7월,3,원간섭기,https://db.itkc.or.kr/people/viewEvnt?gubun=evntcate&cate1=Z&cate2=&dataId=ITKC_PH_1294A_0485
event_period,ITKC_PH_1294A_0595,공양왕의 즉위,국왕,고려,1389년(공양왕 1) 11월,20,,https://db.itkc.or.kr/people/viewEvnt?gubun=evntera&cate1=Z&cate2=&dataId=ITKC_PH_1294A_0595
event_subject,ITKC_PH_1294A_0486,신문색 설치,기관,고려,1278년(충렬왕 4) 10월,3,,https://db.itkc.or.kr/people/viewEvnt?gubun=evntcate&cate1=Z&cate2=&dataId=ITKC_PH_1294A_0486
event_period,ITKC_PH_1294A_0596,회군공신 선정,공신/훈신,고려,1390년(공양왕 2) 4월,8,,https://db.itkc.or.kr/people/viewEvnt?gubun=evntera&cate1=Z&cate2=&dataId=ITKC_PH_1294A_0596
event_subject,ITKC_PH_1294A_0487,계점사 파견,민심,고려,1279년(충렬왕 5) 9월,4,,https://db.itkc.or.kr/people/viewEvnt?gubun=evntcate&cate1=Z&cate2=&dataId=ITKC_PH_1294A_0487
event_period,ITKC_PH_1294A_0597,윤이·이초의 옥사,"옥사,

명",고려,1390년(공양왕 2) 5월,20,,https://db.itkc.or.kr/people/viewEvnt?gubun=evntera&cate1=Z&cate2=&dataId=ITKC_PH_1294A_0597
event_subject,ITKC_PH_1294A_0488,여몽연합군의 2차일본원정,정벌,고려,1281년(충렬왕 6) 6월,4,여몽연합군의 일본정벌,https://db.itkc.or.kr/people/viewEvnt?gubun=evntcate&cate1=Z&cate2=&dataId=ITKC_PH_1294A_0488
event_period,ITKC_PH_1294A_0598,이성계 낙마 사건,정변,고려,"1392년(공양왕 4) 3월
~ 1392년(공양왕 4) 4월",15,,https://db.itkc.or.kr/people/viewEvnt?gubun=evntera&cate1=Z&cate2=&dataId=ITKC_PH_1294A_0598
event_subject,ITKC_PH_1294A_0489,충렬왕 수종공신 선정,공신/훈신,고려,1281년(충렬왕 7) 12월,6,원간섭기,https://db.itkc.or.kr/people/viewEvnt?gubun=evntcate&cate1=Z&cate2=&dataId=ITKC_PH_1294A_0489
event_subject,ITKC_PH_1294A_0490,인물추고도감의 설치와 운영,"기관,

노비",고려,1282년(충렬왕 8) 9월,4,,https://db.itkc.or.kr/people/viewEvnt?gubun=evntcate&cate1=Z&cate2=&dataId=ITKC_PH_1294A_0490
event_period,ITKC_PH_1294A_0599,공양왕의 폐위와 고려의 멸망,국왕,고려,1392년(공양왕 4) 7월,6,,https://db.itkc.or.kr/people/viewEvnt?gubun=evntera&cate1=Z&cate2=&dataId=ITKC_PH_1294A_0599
event_subject,ITKC_PH_1294A_0491,강윤명의 난,민란,고려,1286년(충렬왕 12) 2월,1,,https://db.itkc.or.kr/people/viewEvnt?gubun=evntcate&cate1=Z&cate2=&dataId=ITKC_PH_1294A_0491
event_period,ITKC_PH_1305A_0320,정몽주 피살사건〔鄭夢周 被殺事件〕,정변,고려,1392년(공양왕 4),12,,https://db.itkc.or.kr/people/viewEvnt?gubun=evntera&cate1=Z&cate2=&dataId=ITKC_PH_1305A_0320
event_subject,ITKC_PH_1294A_0492,주열의 졸기,정치인,고려,1287년(충렬왕 13) 11월,3,,https://db.itkc.or.kr/people/viewEvnt?gubun=evntcate&cate1=Z&cate2=&dataId=ITKC_PH_1294A_0492
event_period,ITKC_PH_1294A_0365,거란의 3차 침입,전쟁,고려,"1018년(현종 9) 12월
~ 1019년(현종 10) 2월",3,고려거란전쟁,https://db.itkc.or.kr/people/viewEvnt?gubun=evntera&cate1=Z&cate2=&dataId=ITKC_PH_1294A_0365
event_subject,ITKC_PH_1294A_0493,요동대기근,몽고,고려,1289년(충렬왕 15) 3월,2,원간섭기,https://db.itkc.or.kr/people/viewEvnt?gubun=evntcate&cate1=Z&cate2=&dataId=ITKC_PH_1294A_0493
event_period,ITKC_PH_1294A_0366,귀주대첩〔龜州大捷〕,전쟁,고려,1019년(현종 10) 2월,1,고려거란전쟁,https://db.itkc.or.kr/people/viewEvnt?gubun=evntera&cate1=Z&cate2=&dataId=ITKC_PH_1294A_0366
event_period,ITKC_PH_1294A_0367,대거란항쟁 공신선정,"전쟁,

공신/훈신",고려,1019년(현종 10) 12월,2,고려거란전쟁,https://db.itkc.or.kr/people/viewEvnt?gubun=evntera&cate1=Z&cate2=&dataId=ITKC_PH_1294A_0367
event_subject,ITKC_PH_1294A_0494,유경의 졸기,정치인,고려,1289년(충렬왕 15) 11월,4,,https://db.itkc.or.kr/people/viewEvnt?gubun=evntcate&cate1=Z&cate2=&dataId=ITKC_PH_1294A_0494
event_period,ITKC_PH_1294A_0368,거란에 끌려간 신하들,전쟁,고려,1020년(현종 11) 2월,0,고려거란전쟁,https://db.itkc.or.kr/people/viewEvnt?gubun=evntera&cate1=Z&cate2=&dataId=ITKC_PH_1294A_0368
event_subject,ITKC_PH_1294A_0495,정가신의 원나라 한림학사 제수,인물기타,고려,1290년(충렬왕 16) 11월,4,원간섭기,https://db.itkc.or.kr/people/viewEvnt?gubun=evntcate&cate1=Z&cate2=&dataId=ITKC_PH_1294A_0495
event_period,ITKC_PH_1294A_0369,개경의 나성 축조,"방비,

건축",고려,1029년(현종 20) 8월,1,,https://db.itkc.or.kr/people/viewEvnt?gubun=evntera&cate1=Z&cate2=&dataId=ITKC_PH_1294A_0369
event_subject,ITKC_PH_1294A_0496,합단의 개경 침입,전쟁,고려,"1291년(충렬왕 17) 1월
~ 1291년(충렬왕 17) 4월",2,원간섭기,https://db.itkc.or.kr/people/viewEvnt?gubun=evntcate&cate1=Z&cate2=&dataId=ITKC_PH_1294A_0496
event_period,ITKC_PH_1294A_0370,거란의 조공요구와 고려의 회답,거란,고려,"1035년(정종 원년) 5월
~ 1035년(정종 원년) 6월",0,,https://db.itkc.or.kr/people/viewEvnt?gubun=evntera&cate1=Z&cate2=&dataId=ITKC_PH_1294A_0370
event_subject,ITKC_PH_1294A_0497,홍군상의 일본인 호송,"원,

일본",고려,1292년(충렬왕 18) 9월,2,원간섭기,https://db.itkc.or.kr/people/viewEvnt?gubun=evntcate&cate1=Z&cate2=&dataId=ITKC_PH_1294A_0497
event_period,ITKC_PH_1294A_0375,거신의 반란,반란,고려,1072년(문종 26) 7월,2,,https://db.itkc.or.kr/people/viewEvnt?gubun=evntera&cate1=Z&cate2=&dataId=ITKC_PH_1294A_0375
event_period,ITKC_PH_1294A_0376,상공인 자손의 입사제한,제도개혁,고려,1073년(문종 27) 1월,0,,https://db.itkc.or.kr/people/viewEvnt?gubun=evntera&cate1=Z&cate2=&dataId=ITKC_PH_1294A_0376
event_subject,ITKC_PH_1294A_0498,탐라 반환,원,고려,1294년(충렬왕 20) 5월,5,원간섭기,https://db.itkc.or.kr/people/viewEvnt?gubun=evntcate&cate1=Z&cate2=&dataId=ITKC_PH_1294A_0498
event_period,ITKC_PH_1294A_0377,동번 여진의 반란,반란,고려,1080년(문종 34) 12월,4,,https://db.itkc.or.kr/people/viewEvnt?gubun=evntera&cate1=Z&cate2=&dataId=ITKC_PH_1294A_0377
event_subject,ITKC_PH_1294A_0499,한희유의 유배,유배,고려,1295년(충렬왕 21) 8월,5,,https://db.itkc.or.kr/people/viewEvnt?gubun=evntcate&cate1=Z&cate2=&dataId=ITKC_PH_1294A_0499
event_period,ITKC_PH_1294A_0378,이자의의 난,반란,고려,1095년(헌종 원년) 7월,6,,https://db.itkc.or.kr/people/viewEvnt?gubun=evntera&cate1=Z&cate2=&dataId=ITKC_PH_1294A_0378
event_subject,ITKC_PH_1294A_0500,무비의 공주 저주 사건,비빈,고려,1297년(충렬왕 23) 7월,2,원간섭기,https://db.itkc.or.kr/people/viewEvnt?gubun=evntcate&cate1=Z&cate2=&dataId=ITKC_PH_1294A_0500
event_period,ITKC_PH_1294A_0379,정주성전투,전쟁,고려,"1104년(숙종 9) 1월
~ 1104년(숙종 9) 2월",2,고려여진전쟁,https://db.itkc.or.kr/people/viewEvnt?gubun=evntera&cate1=Z&cate2=&dataId=ITKC_PH_1294A_0379
event_period,ITKC_PH_1294A_0380,해동비록 편찬,출판,고려,1106년(예종 원년) 3월,1,,https://db.itkc.or.kr/people/viewEvnt?gubun=evntera&cate1=Z&cate2=&dataId=ITKC_PH_1294A_0380
event_subject,ITKC_PH_1294A_0501,수창궁 중건,건축,고려,1297년(충렬왕 23) 윤12월,3,,https://db.itkc.or.kr/people/viewEvnt?gubun=evntcate&cate1=Z&cate2=&dataId=ITKC_PH_1294A_0501
event_period,ITKC_PH_1294A_0381,서경 궁궐 축조,건축,고려,1107년(예종 2) 9월,4,,https://db.itkc.or.kr/people/viewEvnt?gubun=evntera&cate1=Z&cate2=&dataId=ITKC_PH_1294A_0381
event_subject,ITKC_PH_1294A_0502,충선왕 즉위,국왕,고려,1298년(충렬왕 24) 1월,3,,https://db.itkc.or.kr/people/viewEvnt?gubun=evntcate&cate1=Z&cate2=&dataId=ITKC_PH_1294A_0502
event_period,ITKC_PH_1294A_0382,윤관의 여진정벌,정벌,고려,1107년(예종 2) 12월,7,고려여진전쟁,https://db.itkc.or.kr/people/viewEvnt?gubun=evntera&cate1=Z&cate2=&dataId=ITKC_PH_1294A_0382
event_subject,ITKC_PH_1294A_0503,이승휴 초빙,인물기타,고려,1298년(충렬왕 24) 1월,4,,https://db.itkc.or.kr/people/viewEvnt?gubun=evntcate&cate1=Z&cate2=&dataId=ITKC_PH_1294A_0503
event_period,ITKC_PH_1294A_0383,김인석의 반란,반란,고려,1112년(예종 7) 8월,0,,https://db.itkc.or.kr/people/viewEvnt?gubun=evntera&cate1=Z&cate2=&dataId=ITKC_PH_1294A_0383
event_subject,ITKC_PH_1294A_0504,조비무고사건,비빈,고려,"1298년(충렬왕 24) 4월
~ 1298년(충렬왕 24) 6월",8,,https://db.itkc.or.kr/people/viewEvnt?gubun=evntcate&cate1=Z&cate2=&dataId=ITKC_PH_1294A_0504
event_period,ITKC_PH_1294A_0384,고려인의 송나라 태학 입학,교육,고려,1115년(예종 10) 7월,1,,https://db.itkc.or.kr/people/viewEvnt?gubun=evntera&cate1=Z&cate2=&dataId=ITKC_PH_1294A_0384
event_subject,ITKC_PH_1294A_0505,충선왕의 관제개혁,제도개혁,고려,1298년(충렬왕 24) 5월,14,,https://db.itkc.or.kr/people/viewEvnt?gubun=evntcate&cate1=Z&cate2=&dataId=ITKC_PH_1294A_0505
event_period,ITKC_PH_1294A_0385,이자겸의 집권,정변,고려,1122년(예종 17) 12월,7,,https://db.itkc.or.kr/people/viewEvnt?gubun=evntera&cate1=Z&cate2=&dataId=ITKC_PH_1294A_0385
event_subject,ITKC_PH_1294A_0506,사림원 설치,기관,고려,1298년(충렬왕 24) 5월,4,,https://db.itkc.or.kr/people/viewEvnt?gubun=evntcate&cate1=Z&cate2=&dataId=ITKC_PH_1294A_0506
event_period,ITKC_PH_1294A_0386,이자겸의 난,반란,고려,"1126년(인종 4) 2월
~ 1126년(인종 4) 5월",8,,https://db.itkc.or.kr/people/viewEvnt?gubun=evntera&cate1=Z&cate2=&dataId=ITKC_PH_1294A_0386
event_subject,ITKC_PH_1294A_0507,충렬왕의 복위,국왕,고려,1298년(충렬왕 24) 8월,3,원간섭기,https://db.itkc.or.kr/people/viewEvnt?gubun=evntcate&cate1=Z&cate2=&dataId=ITKC_PH_1294A_0507
event_period,ITKC_PH_1294A_0387,척준경의 유배,유배,고려,1127년(인종 5) 3월,4,,https://db.itkc.or.kr/people/viewEvnt?gubun=evntera&cate1=Z&cate2=&dataId=ITKC_PH_1294A_0387
event_subject,ITKC_PH_1294A_0508,한희유 무고사건,고변/탄핵,고려,1299년(충렬왕 25) 1월,5,,https://db.itkc.or.kr/people/viewEvnt?gubun=evntcate&cate1=Z&cate2=&dataId=ITKC_PH_1294A_0508
event_period,ITKC_PH_1294A_0388,인종의 서경행차,국왕,고려,1128년(인종 6) 8월,6,,https://db.itkc.or.kr/people/viewEvnt?gubun=evntera&cate1=Z&cate2=&dataId=ITKC_PH_1294A_0388
event_subject,ITKC_PH_1294A_0509,오기의 원나라 압송,처결,고려,"1303년(충렬왕 29) 7월
~ 1303년(충렬왕 29) 10월",17,원간섭기,https://db.itkc.or.kr/people/viewEvnt?gubun=evntcate&cate1=Z&cate2=&dataId=ITKC_PH_1294A_0509
event_period,ITKC_PH_1294A_0389,묘청의 난,반란,고려,1135년(인종 13) 1월,6,,https://db.itkc.or.kr/people/viewEvnt?gubun=evntera&cate1=Z&cate2=&dataId=ITKC_PH_1294A_0389
event_subject,ITKC_PH_1294A_0510,섬학전 설치,교육,고려,1304년(충렬왕 30) 5월,3,,https://db.itkc.or.kr/people/viewEvnt?gubun=evntcate&cate1=Z&cate2=&dataId=ITKC_PH_1294A_0510
event_period,ITKC_PH_1294A_0390,정함의 서대 사건,정치일반,고려,1151년(의종 5) 윤4월,2,,https://db.itkc.or.kr/people/viewEvnt?gubun=evntera&cate1=Z&cate2=&dataId=ITKC_PH_1294A_0390
event_subject,ITKC_PH_1294A_0511,대성전 준공,건축,고려,1304년(충렬왕 30) 6월,2,,https://db.itkc.or.kr/people/viewEvnt?gubun=evntcate&cate1=Z&cate2=&dataId=ITKC_PH_1294A_0511
event_period,ITKC_PH_1294A_0391,충허각의 연회,정치일반,고려,1156년(의종 10) 10월,5,,https://db.itkc.or.kr/people/viewEvnt?gubun=evntera&cate1=Z&cate2=&dataId=ITKC_PH_1294A_0391
event_subject,ITKC_PH_1294A_0512,안향의 졸기,정치인,고려,1306년(충렬왕 32) 9월,3,,https://db.itkc.or.kr/people/viewEvnt?gubun=evntcate&cate1=Z&cate2=&dataId=ITKC_PH_1294A_0512
event_period,ITKC_PH_1294A_0435,강동성전투,전쟁,고려,"1218년(고종 5) 12월
~ 1219년(고종 6) 1월",2,고려거란전쟁,https://db.itkc.or.kr/people/viewEvnt?gubun=evntera&cate1=Z&cate2=&dataId=ITKC_PH_1294A_0435
event_period,ITKC_PH_1294A_0436,거란의 항복,전쟁,고려,1219년(고종 6) 1월,2,고려거란전쟁,https://db.itkc.or.kr/people/viewEvnt?gubun=evntera&cate1=Z&cate2=&dataId=ITKC_PH_1294A_0436
event_subject,ITKC_PH_1294A_0435,강동성전투,전쟁,고려,"1218년(고종 5) 12월
~ 1219년(고종 6) 1월",2,고려거란전쟁,https://db.itkc.or.kr/people/viewEvnt?gubun=evntcate&cate1=Z&cate2=&dataId=ITKC_PH_1294A_0435
event_period,ITKC_PH_1294A_0437,최충헌의 사망,정치인,고려,1219년(고종 6) 9월,4,최씨무인정권,https://db.itkc.or.kr/people/viewEvnt?gubun=evntera&cate1=Z&cate2=&dataId=ITKC_PH_1294A_0437
event_subject,ITKC_PH_1294A_0436,거란의 항복,전쟁,고려,1219년(고종 6) 1월,2,고려거란전쟁,https://db.itkc.or.kr/people/viewEvnt?gubun=evntcate&cate1=Z&cate2=&dataId=ITKC_PH_1294A_0436
event_period,ITKC_PH_1294A_0438,의주적의 난,민란,고려,"1219년(고종 6) 10월
~ 1221년(고종 8) 3월",1,,https://db.itkc.or.kr/people/viewEvnt?gubun=evntera&cate1=Z&cate2=&dataId=ITKC_PH_1294A_0438
event_subject,ITKC_PH_1294A_0437,최충헌의 사망,정치인,고려,1219년(고종 6) 9월,4,최씨무인정권,https://db.itkc.or.kr/people/viewEvnt?gubun=evntcate&cate1=Z&cate2=&dataId=ITKC_PH_1294A_0437
event_period,ITKC_PH_1294A_0439,이극인의 난,반란,고려,1224년(고종 11) 7월,3,최씨무인정권,https://db.itkc.or.kr/people/viewEvnt?gubun=evntera&cate1=Z&cate2=&dataId=ITKC_PH_1294A_0439
event_subject,ITKC_PH_1294A_0438,의주적의 난,민란,고려,"1219년(고종 6) 10월
~ 1221년(고종 8) 3월",1,,https://db.itkc.or.kr/people/viewEvnt?gubun=evntcate&cate1=Z&cate2=&dataId=ITKC_PH_1294A_0438
event_period,ITKC_PH_1294A_0440,금나라의 의주 침공,전쟁,고려,1226년(고종 13) 1월,0,,https://db.itkc.or.kr/people/viewEvnt?gubun=evntera&cate1=Z&cate2=&dataId=ITKC_PH_1294A_0440
event_subject,ITKC_PH_1294A_0439,이극인의 난,반란,고려,1224년(고종 11) 7월,3,최씨무인정권,https://db.itkc.or.kr/people/viewEvnt?gubun=evntcate&cate1=Z&cate2=&dataId=ITKC_PH_1294A_0439
event_period,ITKC_PH_1294A_0441,조영수의 난,"반란,

정치인",고려,1226년(고종 13) 5월,1,,https://db.itkc.or.kr/people/viewEvnt?gubun=evntera&cate1=Z&cate2=&dataId=ITKC_PH_1294A_0441
event_subject,ITKC_PH_1294A_0440,금나라의 의주 침공,전쟁,고려,1226년(고종 13) 1월,0,,https://db.itkc.or.kr/people/viewEvnt?gubun=evntcate&cate1=Z&cate2=&dataId=ITKC_PH_1294A_0440
event_period,ITKC_PH_1294A_0442,강종의 교동 안치,"정치일반,

국왕",고려,1227년(고종 14) 3월,2,최씨무인정권,https://db.itkc.or.kr/people/viewEvnt?gubun=evntera&cate1=Z&cate2=&dataId=ITKC_PH_1294A_0442
event_subject,ITKC_PH_1294A_0441,조영수의 난,"반란,

정치인",고려,1226년(고종 13) 5월,1,,https://db.itkc.or.kr/people/viewEvnt?gubun=evntcate&cate1=Z&cate2=&dataId=ITKC_PH_1294A_0441
event_period,ITKC_PH_1294A_0443,최향의 반란,반란,고려,1230년(고종 17) 7월,2,최씨무인정권,https://db.itkc.or.kr/people/viewEvnt?gubun=evntera&cate1=Z&cate2=&dataId=ITKC_PH_1294A_0443
event_subject,ITKC_PH_1294A_0442,강종의 교동 안치,"정치일반,

국왕",고려,1227년(고종 14) 3월,2,최씨무인정권,https://db.itkc.or.kr/people/viewEvnt?gubun=evntcate&cate1=Z&cate2=&dataId=ITKC_PH_1294A_0442
event_period,ITKC_PH_1294A_0444,박서의 귀주성전투,전쟁,고려,"1231년(고종 18) 9월
~ 1231년(고종 18) 12월",1,고려의 대몽항쟁,https://db.itkc.or.kr/people/viewEvnt?gubun=evntera&cate1=Z&cate2=&dataId=ITKC_PH_1294A_0444
event_subject,ITKC_PH_1294A_0443,최향의 반란,반란,고려,1230년(고종 17) 7월,2,최씨무인정권,https://db.itkc.or.kr/people/viewEvnt?gubun=evntcate&cate1=Z&cate2=&dataId=ITKC_PH_1294A_0443
event_period,ITKC_PH_1294A_0335,고려 건국과 고려 태조,국왕,고려,918년(태조 1) 6월,10,,https://db.itkc.or.kr/people/viewEvnt?gubun=evntera&cate1=Z&cate2=&dataId=ITKC_PH_1294A_0335
event_subject,ITKC_PH_1294A_0444,박서의 귀주성전투,전쟁,고려,"1231년(고종 18) 9월
~ 1231년(고종 18) 12월",1,고려의 대몽항쟁,https://db.itkc.or.kr/people/viewEvnt?gubun=evntcate&cate1=Z&cate2=&dataId=ITKC_PH_1294A_0444
event_period,ITKC_PH_1294A_0336,혜종의 태자 책봉,세자,고려,921년(태조 4) 12월,3,,https://db.itkc.or.kr/people/viewEvnt?gubun=evntera&cate1=Z&cate2=&dataId=ITKC_PH_1294A_0336
event_subject,ITKC_PH_1294A_0335,고려 건국과 고려 태조,국왕,고려,918년(태조 1) 6월,10,,https://db.itkc.or.kr/people/viewEvnt?gubun=evntcate&cate1=Z&cate2=&dataId=ITKC_PH_1294A_0335
event_period,ITKC_PH_1294A_0337,왕순식의 귀순,인물기타,고려,922년(태조 5) 7월,1,삼한통일전쟁,https://db.itkc.or.kr/people/viewEvnt?gubun=evntera&cate1=Z&cate2=&dataId=ITKC_PH_1294A_0337
event_subject,ITKC_PH_1294A_0336,혜종의 태자 책봉,세자,고려,921년(태조 4) 12월,3,,https://db.itkc.or.kr/people/viewEvnt?gubun=evntcate&cate1=Z&cate2=&dataId=ITKC_PH_1294A_0336
event_period,ITKC_PH_1294A_0338,발해의 멸망,전쟁,고려,925년(태조 8) 12월,1,,https://db.itkc.or.kr/people/viewEvnt?gubun=evntera&cate1=Z&cate2=&dataId=ITKC_PH_1294A_0338
event_subject,ITKC_PH_1294A_0337,왕순식의 귀순,인물기타,고려,922년(태조 5) 7월,1,삼한통일전쟁,https://db.itkc.or.kr/people/viewEvnt?gubun=evntcate&cate1=Z&cate2=&dataId=ITKC_PH_1294A_0337
event_period,ITKC_PH_1294A_0339,공산전투〔公山戰鬪〕,전쟁,고려,927년(태조 10) 9월,5,삼한통일전쟁,https://db.itkc.or.kr/people/viewEvnt?gubun=evntera&cate1=Z&cate2=&dataId=ITKC_PH_1294A_0339
event_subject,ITKC_PH_1294A_0338,발해의 멸망,전쟁,고려,925년(태조 8) 12월,1,,https://db.itkc.or.kr/people/viewEvnt?gubun=evntcate&cate1=Z&cate2=&dataId=ITKC_PH_1294A_0338
event_period,ITKC_PH_1294A_0340,고창전투,전쟁,고려,"929년(태조 12) 12월
~ 930년(태조 13) 1월",5,삼한통일전쟁,https://db.itkc.or.kr/people/viewEvnt?gubun=evntera&cate1=Z&cate2=&dataId=ITKC_PH_1294A_0340
event_subject,ITKC_PH_1294A_0339,공산전투〔公山戰鬪〕,전쟁,고려,927년(태조 10) 9월,5,삼한통일전쟁,https://db.itkc.or.kr/people/viewEvnt?gubun=evntcate&cate1=Z&cate2=&dataId=ITKC_PH_1294A_0339
event_period,ITKC_PH_1294A_0341,최응의 졸기,정치인,고려,932년(태조 15) 11월,5,,https://db.itkc.or.kr/people/viewEvnt?gubun=evntera&cate1=Z&cate2=&dataId=ITKC_PH_1294A_0341
event_subject,ITKC_PH_1294A_0340,고창전투,전쟁,고려,"929년(태조 12) 12월
~ 930년(태조 13) 1월",5,삼한통일전쟁,https://db.itkc.or.kr/people/viewEvnt?gubun=evntcate&cate1=Z&cate2=&dataId=ITKC_PH_1294A_0340
event_period,ITKC_PH_1294A_0342,운주성 전투,전쟁,고려,934년(태조 17) 9월,3,삼한통일전쟁,https://db.itkc.or.kr/people/viewEvnt?gubun=evntera&cate1=Z&cate2=&dataId=ITKC_PH_1294A_0342
event_subject,ITKC_PH_1294A_0341,최응의 졸기,정치인,고려,932년(태조 15) 11월,5,,https://db.itkc.or.kr/people/viewEvnt?gubun=evntcate&cate1=Z&cate2=&dataId=ITKC_PH_1294A_0341
event_period,ITKC_PH_1294A_0343,신검의 견훤 유폐,"반란,

국왕",고려,935년(태조 18) 3월,5,삼한통일전쟁,https://db.itkc.or.kr/people/viewEvnt?gubun=evntera&cate1=Z&cate2=&dataId=ITKC_PH_1294A_0343
event_subject,ITKC_PH_1294A_0342,운주성 전투,전쟁,고려,934년(태조 17) 9월,3,삼한통일전쟁,https://db.itkc.or.kr/people/viewEvnt?gubun=evntcate&cate1=Z&cate2=&dataId=ITKC_PH_1294A_0342
event_period,ITKC_PH_1294A_0344,견훤의 투항,국왕,고려,935년(태조 18) 6월,3,삼한통일전쟁,https://db.itkc.or.kr/people/viewEvnt?gubun=evntera&cate1=Z&cate2=&dataId=ITKC_PH_1294A_0344
event_subject,ITKC_PH_1294A_0343,신검의 견훤 유폐,"반란,

국왕",고려,935년(태조 18) 3월,5,삼한통일전쟁,https://db.itkc.or.kr/people/viewEvnt?gubun=evntcate&cate1=Z&cate2=&dataId=ITKC_PH_1294A_0343
event_period,ITKC_PH_1294A_0345,신라의 투항,국왕,고려,935년(태조 18) 12월,4,삼한통일전쟁,https://db.itkc.or.kr/people/viewEvnt?gubun=evntera&cate1=Z&cate2=&dataId=ITKC_PH_1294A_0345
event_subject,ITKC_PH_1294A_0344,견훤의 투항,국왕,고려,935년(태조 18) 6월,3,삼한통일전쟁,https://db.itkc.or.kr/people/viewEvnt?gubun=evntcate&cate1=Z&cate2=&dataId=ITKC_PH_1294A_0344
event_period,ITKC_PH_1294A_0346,일리천전투,전쟁,고려,936년(태조 19) 9월,5,삼한통일전쟁,https://db.itkc.or.kr/people/viewEvnt?gubun=evntera&cate1=Z&cate2=&dataId=ITKC_PH_1294A_0346
event_subject,ITKC_PH_1294A_0345,신라의 투항,국왕,고려,935년(태조 18) 12월,4,삼한통일전쟁,https://db.itkc.or.kr/people/viewEvnt?gubun=evntcate&cate1=Z&cate2=&dataId=ITKC_PH_1294A_0345
event_period,ITKC_PH_1294A_0347,훈요십조 전수,국왕,고려,943년(태조 26) 4월,2,,https://db.itkc.or.kr/people/viewEvnt?gubun=evntera&cate1=Z&cate2=&dataId=ITKC_PH_1294A_0347
event_subject,ITKC_PH_1294A_0346,일리천전투,전쟁,고려,936년(태조 19) 9월,5,삼한통일전쟁,https://db.itkc.or.kr/people/viewEvnt?gubun=evntcate&cate1=Z&cate2=&dataId=ITKC_PH_1294A_0346
event_period,ITKC_PH_1294A_0348,태조 왕건의 사망,국왕,고려,943년(태조 26) 5월,3,,https://db.itkc.or.kr/people/viewEvnt?gubun=evntera&cate1=Z&cate2=&dataId=ITKC_PH_1294A_0348
event_period,ITKC_PH_1294A_0349,왕규의 난,반란,고려,"945년(혜종 2)
~ 945년(혜종 2) 9월",6,,https://db.itkc.or.kr/people/viewEvnt?gubun=evntera&cate1=Z&cate2=&dataId=ITKC_PH_1294A_0349
event_subject,ITKC_PH_1294A_0347,훈요십조 전수,국왕,고려,943년(태조 26) 4월,2,,https://db.itkc.or.kr/people/viewEvnt?gubun=evntcate&cate1=Z&cate2=&dataId=ITKC_PH_1294A_0347
event_period,ITKC_PH_1294A_0350,광군사 설치,"기관,

방비",고려,947년(정종 2),1,고려거란전쟁,https://db.itkc.or.kr/people/viewEvnt?gubun=evntera&cate1=Z&cate2=&dataId=ITKC_PH_1294A_0350
event_subject,ITKC_PH_1294A_0348,태조 왕건의 사망,국왕,고려,943년(태조 26) 5월,3,,https://db.itkc.or.kr/people/viewEvnt?gubun=evntcate&cate1=Z&cate2=&dataId=ITKC_PH_1294A_0348
event_period,ITKC_PH_1294A_0351,과거제 시행〔科擧制 施行〕,과거,고려,958년(광종 9) 5월,2,,https://db.itkc.or.kr/people/viewEvnt?gubun=evntera&cate1=Z&cate2=&dataId=ITKC_PH_1294A_0351
event_subject,ITKC_PH_1294A_0349,왕규의 난,반란,고려,"945년(혜종 2)
~ 945년(혜종 2) 9월",6,,https://db.itkc.or.kr/people/viewEvnt?gubun=evntcate&cate1=Z&cate2=&dataId=ITKC_PH_1294A_0349
event_period,ITKC_PH_1294A_0352,박수경의 졸기,정치인,고려,964년(광종 15) 8월,3,,https://db.itkc.or.kr/people/viewEvnt?gubun=evntera&cate1=Z&cate2=&dataId=ITKC_PH_1294A_0352
event_subject,ITKC_PH_1294A_0350,광군사 설치,"기관,

방비",고려,947년(정종 2),1,고려거란전쟁,https://db.itkc.or.kr/people/viewEvnt?gubun=evntcate&cate1=Z&cate2=&dataId=ITKC_PH_1294A_0350
event_period,ITKC_PH_1294A_0353,서필의 졸기,정치인,고려,965년(광종 16) 7월,1,,https://db.itkc.or.kr/people/viewEvnt?gubun=evntera&cate1=Z&cate2=&dataId=ITKC_PH_1294A_0353
event_subject,ITKC_PH_1294A_0351,과거제 시행〔科擧制 施行〕,과거,고려,958년(광종 9) 5월,2,,https://db.itkc.or.kr/people/viewEvnt?gubun=evntcate&cate1=Z&cate2=&dataId=ITKC_PH_1294A_0351
event_period,ITKC_PH_1294A_0354,시무28조 봉헌,정치일반,고려,982년(성종 원년) 6월,10,,https://db.itkc.or.kr/people/viewEvnt?gubun=evntera&cate1=Z&cate2=&dataId=ITKC_PH_1294A_0354
event_subject,ITKC_PH_1294A_0352,박수경의 졸기,정치인,고려,964년(광종 15) 8월,3,,https://db.itkc.or.kr/people/viewEvnt?gubun=evntcate&cate1=Z&cate2=&dataId=ITKC_PH_1294A_0352
event_period,ITKC_PH_1294A_0355,최지몽의 졸기,정치인,고려,987년(성종 6) 3월,8,,https://db.itkc.or.kr/people/viewEvnt?gubun=evntera&cate1=Z&cate2=&dataId=ITKC_PH_1294A_0355
event_subject,ITKC_PH_1294A_0353,서필의 졸기,정치인,고려,965년(광종 16) 7월,1,,https://db.itkc.or.kr/people/viewEvnt?gubun=evntcate&cate1=Z&cate2=&dataId=ITKC_PH_1294A_0353
event_subject,ITKC_PH_1294A_0354,시무28조 봉헌,정치일반,고려,982년(성종 원년) 6월,10,,https://db.itkc.or.kr/people/viewEvnt?gubun=evntcate&cate1=Z&cate2=&dataId=ITKC_PH_1294A_0354
event_period,ITKC_PH_1294A_0356,최승로의 졸기,정치인,고려,989년(성종 8) 5월,3,,https://db.itkc.or.kr/people/viewEvnt?gubun=evntera&cate1=Z&cate2=&dataId=ITKC_PH_1294A_0356
event_subject,ITKC_PH_1294A_0355,최지몽의 졸기,정치인,고려,987년(성종 6) 3월,8,,https://db.itkc.or.kr/people/viewEvnt?gubun=evntcate&cate1=Z&cate2=&dataId=ITKC_PH_1294A_0355
event_period,ITKC_PH_1294A_0446,자주성전투,전쟁,고려,"1231년(고종 18) 11월
~ 1232년(고종 19) 3월",3,고려의 대몽항쟁,https://db.itkc.or.kr/people/viewEvnt?gubun=evntera&cate1=Z&cate2=&dataId=ITKC_PH_1294A_0446
event_subject,ITKC_PH_1294A_0356,최승로의 졸기,정치인,고려,989년(성종 8) 5월,3,,https://db.itkc.or.kr/people/viewEvnt?gubun=evntcate&cate1=Z&cate2=&dataId=ITKC_PH_1294A_0356
event_period,ITKC_PH_1294A_0359,천추태후의 대량군 축출,"국왕,

비빈",고려,1003년(목종 6),4,,https://db.itkc.or.kr/people/viewEvnt?gubun=evntera&cate1=Z&cate2=&dataId=ITKC_PH_1294A_0359
event_subject,ITKC_PH_1294A_0446,자주성전투,전쟁,고려,"1231년(고종 18) 11월
~ 1232년(고종 19) 3월",3,고려의 대몽항쟁,https://db.itkc.or.kr/people/viewEvnt?gubun=evntcate&cate1=Z&cate2=&dataId=ITKC_PH_1294A_0446
event_period,ITKC_PH_1294A_0360,김치양의 난,반란,고려,1009년(목종 12) 1월,7,,https://db.itkc.or.kr/people/viewEvnt?gubun=evntera&cate1=Z&cate2=&dataId=ITKC_PH_1294A_0360
event_subject,ITKC_PH_1294A_0359,천추태후의 대량군 축출,"국왕,

비빈",고려,1003년(목종 6),4,,https://db.itkc.or.kr/people/viewEvnt?gubun=evntcate&cate1=Z&cate2=&dataId=ITKC_PH_1294A_0359
event_period,ITKC_PH_1294A_0361,강조의 정변,정변,고려,1009년(목종 12) 2월,6,,https://db.itkc.or.kr/people/viewEvnt?gubun=evntera&cate1=Z&cate2=&dataId=ITKC_PH_1294A_0361
event_subject,ITKC_PH_1294A_0360,김치양의 난,반란,고려,1009년(목종 12) 1월,7,,https://db.itkc.or.kr/people/viewEvnt?gubun=evntcate&cate1=Z&cate2=&dataId=ITKC_PH_1294A_0360
event_period,ITKC_PH_1294A_0362,거란의 2차 침입과 강조의 실각,전쟁,고려,1010년(현종 원년) 11월,3,고려거란전쟁,https://db.itkc.or.kr/people/viewEvnt?gubun=evntera&cate1=Z&cate2=&dataId=ITKC_PH_1294A_0362
event_subject,ITKC_PH_1294A_0361,강조의 정변,정변,고려,1009년(목종 12) 2월,6,,https://db.itkc.or.kr/people/viewEvnt?gubun=evntcate&cate1=Z&cate2=&dataId=ITKC_PH_1294A_0361
event_subject,ITKC_PH_1294A_0362,거란의 2차 침입과 강조의 실각,전쟁,고려,1010년(현종 원년) 11월,3,고려거란전쟁,https://db.itkc.or.kr/people/viewEvnt?gubun=evntcate&cate1=Z&cate2=&dataId=ITKC_PH_1294A_0362
event_period,ITKC_PH_1294A_0363,거란의 개경 침공,전쟁,고려,"1011년(현종 2) 1월
~ 1011년(현종 2) 2월",6,고려거란전쟁,https://db.itkc.or.kr/people/viewEvnt?gubun=evntera&cate1=Z&cate2=&dataId=ITKC_PH_1294A_0363
event_period,ITKC_PH_1294A_0364,김훈·최질의 난,반란,고려,"1014년(현종 5) 11월
~ 1015년(현종 6) 3월",3,,https://db.itkc.or.kr/people/viewEvnt?gubun=evntera&cate1=Z&cate2=&dataId=ITKC_PH_1294A_0364
event_subject,ITKC_PH_1294A_0363,거란의 개경 침공,전쟁,고려,"1011년(현종 2) 1월
~ 1011년(현종 2) 2월",6,고려거란전쟁,https://db.itkc.or.kr/people/viewEvnt?gubun=evntcate&cate1=Z&cate2=&dataId=ITKC_PH_1294A_0363
event_period,ITKC_PH_1294A_0371,덕종의 부묘와 종묘제 논의,"국왕,

능묘",고려,1036년(정종 2) 12월,11,,https://db.itkc.or.kr/people/viewEvnt?gubun=evntera&cate1=Z&cate2=&dataId=ITKC_PH_1294A_0371
event_subject,ITKC_PH_1294A_0364,김훈·최질의 난,반란,고려,"1014년(현종 5) 11월
~ 1015년(현종 6) 3월",3,,https://db.itkc.or.kr/people/viewEvnt?gubun=evntcate&cate1=Z&cate2=&dataId=ITKC_PH_1294A_0364
event_subject,ITKC_PH_1294A_0371,덕종의 부묘와 종묘제 논의,"국왕,

능묘",고려,1036년(정종 2) 12월,11,,https://db.itkc.or.kr/people/viewEvnt?gubun=evntcate&cate1=Z&cate2=&dataId=ITKC_PH_1294A_0371
event_period,ITKC_PH_1294A_0372,흥왕사 창건,"종교,

건축",고려,1056년(문종 10) 2월,2,,https://db.itkc.or.kr/people/viewEvnt?gubun=evntera&cate1=Z&cate2=&dataId=ITKC_PH_1294A_0372
event_subject,ITKC_PH_1294A_0372,흥왕사 창건,"종교,

건축",고려,1056년(문종 10) 2월,2,,https://db.itkc.or.kr/people/viewEvnt?gubun=evntcate&cate1=Z&cate2=&dataId=ITKC_PH_1294A_0372
event_period,ITKC_PH_1294A_0373,무문사 파견,민심,고려,1056년(문종 10) 9월,1,,https://db.itkc.or.kr/people/viewEvnt?gubun=evntera&cate1=Z&cate2=&dataId=ITKC_PH_1294A_0373
event_subject,ITKC_PH_1294A_0373,무문사 파견,민심,고려,1056년(문종 10) 9월,1,,https://db.itkc.or.kr/people/viewEvnt?gubun=evntcate&cate1=Z&cate2=&dataId=ITKC_PH_1294A_0373
event_period,ITKC_PH_1294A_0374,최충의 졸기,"정치인,

교육",고려,1068년(문종 22) 9월,3,,https://db.itkc.or.kr/people/viewEvnt?gubun=evntera&cate1=Z&cate2=&dataId=ITKC_PH_1294A_0374
event_subject,ITKC_PH_1294A_0374,최충의 졸기,"정치인,

교육",고려,1068년(문종 22) 9월,3,,https://db.itkc.or.kr/people/viewEvnt?gubun=evntcate&cate1=Z&cate2=&dataId=ITKC_PH_1294A_0374
event_period,ITKC_PH_1294A_0445,충주전투,전쟁,고려,1232년(고종 19) 1월,1,고려의 대몽항쟁,https://db.itkc.or.kr/people/viewEvnt?gubun=evntera&cate1=Z&cate2=&dataId=ITKC_PH_1294A_0445
event_subject,ITKC_PH_1294A_0445,충주전투,전쟁,고려,1232년(고종 19) 1월,1,고려의 대몽항쟁,https://db.itkc.or.kr/people/viewEvnt?gubun=evntcate&cate1=Z&cate2=&dataId=ITKC_PH_1294A_0445
event_period,ITKC_PH_1294A_0448,최산의 동경반란,반란,고려,"1233년(고종 20) 5월
~ 1233년(고종 20) 6월",0,,https://db.itkc.or.kr/people/viewEvnt?gubun=evntera&cate1=Z&cate2=&dataId=ITKC_PH_1294A_0448
event_subject,ITKC_PH_1294A_0448,최산의 동경반란,반란,고려,"1233년(고종 20) 5월
~ 1233년(고종 20) 6월",0,,https://db.itkc.or.kr/people/viewEvnt?gubun=evntcate&cate1=Z&cate2=&dataId=ITKC_PH_1294A_0448
event_period,ITKC_PH_1294A_0449,"홍복원, 필현보의 난",반란,고려,1233년(고종 20) 12월,5,,https://db.itkc.or.kr/people/viewEvnt?gubun=evntera&cate1=Z&cate2=&dataId=ITKC_PH_1294A_0449
event_subject,ITKC_PH_1294A_0449,"홍복원, 필현보의 난",반란,고려,1233년(고종 20) 12월,5,,https://db.itkc.or.kr/people/viewEvnt?gubun=evntcate&cate1=Z&cate2=&dataId=ITKC_PH_1294A_0449
event_period,ITKC_PH_1294A_0424,동경민란,"민란,

종교",고려,"1190년(명종 20) 1월
~ 1233년(고종 20)",3,,https://db.itkc.or.kr/people/viewEvnt?gubun=evntera&cate1=Z&cate2=&dataId=ITKC_PH_1294A_0424
event_subject,ITKC_PH_1294A_0424,동경민란,"민란,

종교",고려,"1190년(명종 20) 1월
~ 1233년(고종 20)",3,,https://db.itkc.or.kr/people/viewEvnt?gubun=evntcate&cate1=Z&cate2=&dataId=ITKC_PH_1294A_0424
event_period,ITKC_PH_1294A_0450,죽주전투,전쟁,고려,1236년(고종 23) 9월,1,고려의 대몽항쟁,https://db.itkc.or.kr/people/viewEvnt?gubun=evntera&cate1=Z&cate2=&dataId=ITKC_PH_1294A_0450
event_subject,ITKC_PH_1300A_0062,임사홍의 현석규 배척〔任士洪欲擠玄碩圭〕,정치일반,조선,1477년(성종 8) 7월,10,,https://db.itkc.or.kr/people/viewEvnt?gubun=evntcate&cate1=Z&cate2=&dataId=ITKC_PH_1300A_0062
event_period,ITKC_PH_1294A_0451,이연년 형제의 난,반란,고려,1237년(고종 24),1,,https://db.itkc.or.kr/people/viewEvnt?gubun=evntera&cate1=Z&cate2=&dataId=ITKC_PH_1294A_0451
event_subject,ITKC_PH_1294A_0450,죽주전투,전쟁,고려,1236년(고종 23) 9월,1,고려의 대몽항쟁,https://db.itkc.or.kr/people/viewEvnt?gubun=evntcate&cate1=Z&cate2=&dataId=ITKC_PH_1294A_0450
event_period,ITKC_PH_1294A_0452,만종과 최항의 횡포,처결,고려,1240년(고종 27) 12월,2,최씨무인정권,https://db.itkc.or.kr/people/viewEvnt?gubun=evntera&cate1=Z&cate2=&dataId=ITKC_PH_1294A_0452
event_subject,ITKC_PH_1300A_0152,진주성 함락과 명군 철병〔晉州城陷明兵撤還〕,왜(변)란,조선,"1593년(선조 26) 6월 20일
~ 1593년(선조 26) 6월 26일",28,임진왜란,https://db.itkc.or.kr/people/viewEvnt?gubun=evntcate&cate1=Z&cate2=&dataId=ITKC_PH_1300A_0152
event_period,ITKC_PH_1294A_0453,몽고에 독로화 파견,몽고,고려,1241년(고종 28) 4월,2,고려의 대몽항쟁,https://db.itkc.or.kr/people/viewEvnt?gubun=evntera&cate1=Z&cate2=&dataId=ITKC_PH_1294A_0453
event_period,ITKC_PH_1294A_0454,최항의 환속,정치인,고려,1247년(고종 34) 6월,3,최씨무인정권,https://db.itkc.or.kr/people/viewEvnt?gubun=evntera&cate1=Z&cate2=&dataId=ITKC_PH_1294A_0454
event_subject,ITKC_PH_1294A_0451,이연년 형제의 난,반란,고려,1237년(고종 24),1,,https://db.itkc.or.kr/people/viewEvnt?gubun=evntcate&cate1=Z&cate2=&dataId=ITKC_PH_1294A_0451
event_period,ITKC_PH_1294A_0455,최우의 김미 제거,유배,고려,1249년(고종 36) 윤2월,3,최씨무인정권,https://db.itkc.or.kr/people/viewEvnt?gubun=evntera&cate1=Z&cate2=&dataId=ITKC_PH_1294A_0455
event_subject,ITKC_PH_1300A_0233,청나라의 징병〔淸人徵兵〕,"청,

호란",조선,"1637년(인조 15)
~ 1673년(현종 14)",8,병자호란,https://db.itkc.or.kr/people/viewEvnt?gubun=evntcate&cate1=Z&cate2=&dataId=ITKC_PH_1300A_0233
event_period,ITKC_PH_1294A_0456,최우의 사망,정치인,고려,1249년(고종 36) 11월,4,최씨무인정권,https://db.itkc.or.kr/people/viewEvnt?gubun=evntera&cate1=Z&cate2=&dataId=ITKC_PH_1294A_0456
event_subject,ITKC_PH_1294A_0452,만종과 최항의 횡포,처결,고려,1240년(고종 27) 12월,2,최씨무인정권,https://db.itkc.or.kr/people/viewEvnt?gubun=evntcate&cate1=Z&cate2=&dataId=ITKC_PH_1294A_0452
event_period,ITKC_PH_1294A_0457,최항의 계모 살해,처결,고려,1251년(고종 38) 3월,3,최씨무인정권,https://db.itkc.or.kr/people/viewEvnt?gubun=evntera&cate1=Z&cate2=&dataId=ITKC_PH_1294A_0457
event_subject,ITKC_PH_1294A_0453,몽고에 독로화 파견,몽고,고려,1241년(고종 28) 4월,2,고려의 대몽항쟁,https://db.itkc.or.kr/people/viewEvnt?gubun=evntcate&cate1=Z&cate2=&dataId=ITKC_PH_1294A_0453
event_period,ITKC_PH_1294A_0458,몽고의 출륙요구,몽고,고려,1252년(고종 39) 7월,5,고려의 대몽항쟁,https://db.itkc.or.kr/people/viewEvnt?gubun=evntera&cate1=Z&cate2=&dataId=ITKC_PH_1294A_0458
event_subject,ITKC_PH_1294A_0454,최항의 환속,정치인,고려,1247년(고종 34) 6월,3,최씨무인정권,https://db.itkc.or.kr/people/viewEvnt?gubun=evntcate&cate1=Z&cate2=&dataId=ITKC_PH_1294A_0454
event_period,ITKC_PH_1294A_0459,김윤후의 충주전투,전쟁,고려,"1253년(고종 40) 10월
~ 1253년(고종 40) 12월",2,고려의 대몽항쟁,https://db.itkc.or.kr/people/viewEvnt?gubun=evntera&cate1=Z&cate2=&dataId=ITKC_PH_1294A_0459
event_subject,ITKC_PH_1294A_0455,최우의 김미 제거,유배,고려,1249년(고종 36) 윤2월,3,최씨무인정권,https://db.itkc.or.kr/people/viewEvnt?gubun=evntcate&cate1=Z&cate2=&dataId=ITKC_PH_1294A_0455
event_period,ITKC_PH_1294A_0539,원나라 태자의 연경궁 연회,원,고려,1253년(공민왕 2) 8월,2,원간섭기,https://db.itkc.or.kr/people/viewEvnt?gubun=evntera&cate1=Z&cate2=&dataId=ITKC_PH_1294A_0539
event_subject,ITKC_PH_1294A_0456,최우의 사망,정치인,고려,1249년(고종 36) 11월,4,최씨무인정권,https://db.itkc.or.kr/people/viewEvnt?gubun=evntcate&cate1=Z&cate2=&dataId=ITKC_PH_1294A_0456
event_period,ITKC_PH_1294A_0460,반역자 이현의 처벌,처결,고려,1254년(고종 40) 1월,0,고려의 대몽항쟁,https://db.itkc.or.kr/people/viewEvnt?gubun=evntera&cate1=Z&cate2=&dataId=ITKC_PH_1294A_0460
event_subject,ITKC_PH_1294A_0457,최항의 계모 살해,처결,고려,1251년(고종 38) 3월,3,최씨무인정권,https://db.itkc.or.kr/people/viewEvnt?gubun=evntcate&cate1=Z&cate2=&dataId=ITKC_PH_1294A_0457
event_period,ITKC_PH_1294A_0461,안열의 난,반란,고려,1257년(고종 44) 4월,1,,https://db.itkc.or.kr/people/viewEvnt?gubun=evntera&cate1=Z&cate2=&dataId=ITKC_PH_1294A_0461
event_period,ITKC_PH_1294A_0462,최항의 사망과 최의의 권력승계,정치인,고려,1257년(고종 44) 윤4월,4,최씨무인정권,https://db.itkc.or.kr/people/viewEvnt?gubun=evntera&cate1=Z&cate2=&dataId=ITKC_PH_1294A_0462
event_subject,ITKC_PH_1294A_0458,몽고의 출륙요구,몽고,고려,1252년(고종 39) 7월,5,고려의 대몽항쟁,https://db.itkc.or.kr/people/viewEvnt?gubun=evntcate&cate1=Z&cate2=&dataId=ITKC_PH_1294A_0458
event_period,ITKC_PH_1294A_0463,송길유 숙청,처결,고려,1258년(고종 45) 1월,5,최씨무인정권,https://db.itkc.or.kr/people/viewEvnt?gubun=evntera&cate1=Z&cate2=&dataId=ITKC_PH_1294A_0463
event_subject,ITKC_PH_1294A_0459,김윤후의 충주전투,전쟁,고려,"1253년(고종 40) 10월
~ 1253년(고종 40) 12월",2,고려의 대몽항쟁,https://db.itkc.or.kr/people/viewEvnt?gubun=evntcate&cate1=Z&cate2=&dataId=ITKC_PH_1294A_0459
event_period,ITKC_PH_1294A_0464,김준의 반란과 최의의 사망,"정치인,

정변",고려,1258년(고종 45) 3월,5,무신정변,https://db.itkc.or.kr/people/viewEvnt?gubun=evntera&cate1=Z&cate2=&dataId=ITKC_PH_1294A_0464
event_subject,ITKC_PH_1294A_0539,원나라 태자의 연경궁 연회,원,고려,1253년(공민왕 2) 8월,2,원간섭기,https://db.itkc.or.kr/people/viewEvnt?gubun=evntcate&cate1=Z&cate2=&dataId=ITKC_PH_1294A_0539
event_period,ITKC_PH_1294A_0465,홍복원의 처벌,몽고,고려,1258년(고종 45) 7월,3,,https://db.itkc.or.kr/people/viewEvnt?gubun=evntera&cate1=Z&cate2=&dataId=ITKC_PH_1294A_0465
event_subject,ITKC_PH_1294A_0460,반역자 이현의 처벌,처결,고려,1254년(고종 40) 1월,0,고려의 대몽항쟁,https://db.itkc.or.kr/people/viewEvnt?gubun=evntcate&cate1=Z&cate2=&dataId=ITKC_PH_1294A_0460
event_period,ITKC_PH_1294A_0467,고종의 사망,국왕,고려,1259년(고종 46) 6월,4,,https://db.itkc.or.kr/people/viewEvnt?gubun=evntera&cate1=Z&cate2=&dataId=ITKC_PH_1294A_0467
event_subject,ITKC_PH_1294A_0461,안열의 난,반란,고려,1257년(고종 44) 4월,1,,https://db.itkc.or.kr/people/viewEvnt?gubun=evntcate&cate1=Z&cate2=&dataId=ITKC_PH_1294A_0461
event_period,ITKC_PH_1294A_0466,태자의 항복 사행,세자,고려,"1259년(고종 46) 4월
~ 1260년(원종 1) 3월",1,원간섭기,https://db.itkc.or.kr/people/viewEvnt?gubun=evntera&cate1=Z&cate2=&dataId=ITKC_PH_1294A_0466
event_subject,ITKC_PH_1294A_0462,최항의 사망과 최의의 권력승계,정치인,고려,1257년(고종 44) 윤4월,4,최씨무인정권,https://db.itkc.or.kr/people/viewEvnt?gubun=evntcate&cate1=Z&cate2=&dataId=ITKC_PH_1294A_0462
event_period,ITKC_PH_1294A_0468,원종의 개경 입성,국왕,고려,1260년(원종 1) 3월,2,원간섭기,https://db.itkc.or.kr/people/viewEvnt?gubun=evntera&cate1=Z&cate2=&dataId=ITKC_PH_1294A_0468
event_subject,ITKC_PH_1294A_0463,송길유 숙청,처결,고려,1258년(고종 45) 1월,5,최씨무인정권,https://db.itkc.or.kr/people/viewEvnt?gubun=evntcate&cate1=Z&cate2=&dataId=ITKC_PH_1294A_0463
event_period,ITKC_PH_1294A_0469,몽고의 대일본사행 안내,몽고,고려,"1267년(원종 8) 1월
~ 1267년(원종 8) 8월",2,원간섭기,https://db.itkc.or.kr/people/viewEvnt?gubun=evntera&cate1=Z&cate2=&dataId=ITKC_PH_1294A_0469
event_subject,ITKC_PH_1294A_0464,김준의 반란과 최의의 사망,"정치인,

정변",고려,1258년(고종 45) 3월,5,무신정변,https://db.itkc.or.kr/people/viewEvnt?gubun=evntcate&cate1=Z&cate2=&dataId=ITKC_PH_1294A_0464
event_period,ITKC_PH_1294A_0470,몽고의 고려군 사열,정벌,고려,1268년(원종 9) 6월,2,여몽연합군의 일본정벌,https://db.itkc.or.kr/people/viewEvnt?gubun=evntera&cate1=Z&cate2=&dataId=ITKC_PH_1294A_0470
event_subject,ITKC_PH_1294A_0465,홍복원의 처벌,몽고,고려,1258년(고종 45) 7월,3,,https://db.itkc.or.kr/people/viewEvnt?gubun=evntcate&cate1=Z&cate2=&dataId=ITKC_PH_1294A_0465
event_period,ITKC_PH_1294A_0471,김준 숙청,처결,고려,1268년(원종 9) 12월,3,무신정변,https://db.itkc.or.kr/people/viewEvnt?gubun=evntera&cate1=Z&cate2=&dataId=ITKC_PH_1294A_0471
event_subject,ITKC_PH_1294A_0467,고종의 사망,국왕,고려,1259년(고종 46) 6월,4,,https://db.itkc.or.kr/people/viewEvnt?gubun=evntcate&cate1=Z&cate2=&dataId=ITKC_PH_1294A_0467
event_period,ITKC_PH_1294A_0472,유경의 흑산도 유배,유배,고려,1269년(원종 10) 4월,6,,https://db.itkc.or.kr/people/viewEvnt?gubun=evntera&cate1=Z&cate2=&dataId=ITKC_PH_1294A_0472
event_subject,ITKC_PH_1294A_0466,태자의 항복 사행,세자,고려,"1259년(고종 46) 4월
~ 1260년(원종 1) 3월",1,원간섭기,https://db.itkc.or.kr/people/viewEvnt?gubun=evntcate&cate1=Z&cate2=&dataId=ITKC_PH_1294A_0466
event_period,ITKC_PH_1294A_0473,안경공 추대사건,정변,고려,1269년(원종 10) 6월,7,,https://db.itkc.or.kr/people/viewEvnt?gubun=evntera&cate1=Z&cate2=&dataId=ITKC_PH_1294A_0473
event_subject,ITKC_PH_1294A_0468,원종의 개경 입성,국왕,고려,1260년(원종 1) 3월,2,원간섭기,https://db.itkc.or.kr/people/viewEvnt?gubun=evntcate&cate1=Z&cate2=&dataId=ITKC_PH_1294A_0468
event_period,ITKC_PH_1294A_0474,최탄의 몽고 투항,몽고,고려,1269년(원종 10) 10월,3,,https://db.itkc.or.kr/people/viewEvnt?gubun=evntera&cate1=Z&cate2=&dataId=ITKC_PH_1294A_0474
event_subject,ITKC_PH_1294A_0469,몽고의 대일본사행 안내,몽고,고려,"1267년(원종 8) 1월
~ 1267년(원종 8) 8월",2,원간섭기,https://db.itkc.or.kr/people/viewEvnt?gubun=evntcate&cate1=Z&cate2=&dataId=ITKC_PH_1294A_0469
event_period,ITKC_PH_1294A_0447,강화 천도,"전쟁,

천도",고려,"1232년(고종 19) 6월
~ 1270년(원종 11) 5월",3,고려의 대몽항쟁,https://db.itkc.or.kr/people/viewEvnt?gubun=evntera&cate1=Z&cate2=&dataId=ITKC_PH_1294A_0447
event_subject,ITKC_PH_1294A_0470,몽고의 고려군 사열,정벌,고려,1268년(원종 9) 6월,2,여몽연합군의 일본정벌,https://db.itkc.or.kr/people/viewEvnt?gubun=evntcate&cate1=Z&cate2=&dataId=ITKC_PH_1294A_0470
event_period,ITKC_PH_1294A_0475,원종의 친조,국왕,고려,1270년(원종 11) 2월,6,원간섭기,https://db.itkc.or.kr/people/viewEvnt?gubun=evntera&cate1=Z&cate2=&dataId=ITKC_PH_1294A_0475
event_subject,ITKC_PH_1294A_0471,김준 숙청,처결,고려,1268년(원종 9) 12월,3,무신정변,https://db.itkc.or.kr/people/viewEvnt?gubun=evntcate&cate1=Z&cate2=&dataId=ITKC_PH_1294A_0471
event_period,ITKC_PH_1294A_0476,무신정권의 종식,국왕,고려,1270년(원종 11) 5월,10,,https://db.itkc.or.kr/people/viewEvnt?gubun=evntera&cate1=Z&cate2=&dataId=ITKC_PH_1294A_0476
event_subject,ITKC_PH_1294A_0472,유경의 흑산도 유배,유배,고려,1269년(원종 10) 4월,6,,https://db.itkc.or.kr/people/viewEvnt?gubun=evntcate&cate1=Z&cate2=&dataId=ITKC_PH_1294A_0472
event_period,ITKC_PH_1294A_0478,숭겸의 난,민란,고려,1271년(원종 12) 1월,0,고려의 대몽항쟁,https://db.itkc.or.kr/people/viewEvnt?gubun=evntera&cate1=Z&cate2=&dataId=ITKC_PH_1294A_0478
event_subject,ITKC_PH_1294A_0473,안경공 추대사건,정변,고려,1269년(원종 10) 6월,7,,https://db.itkc.or.kr/people/viewEvnt?gubun=evntcate&cate1=Z&cate2=&dataId=ITKC_PH_1294A_0473
event_period,ITKC_PH_1294A_0477,삼별초의 반란,반란,고려,"1270년(원종 11) 6월
~ 1273년(원종 14) 4월",3,고려의 대몽항쟁,https://db.itkc.or.kr/people/viewEvnt?gubun=evntera&cate1=Z&cate2=&dataId=ITKC_PH_1294A_0477
event_subject,ITKC_PH_1294A_0474,최탄의 몽고 투항,몽고,고려,1269년(원종 10) 10월,3,,https://db.itkc.or.kr/people/viewEvnt?gubun=evntcate&cate1=Z&cate2=&dataId=ITKC_PH_1294A_0474
event_period,ITKC_PH_1294A_0479,김방경의 삼별초 토벌,정벌,고려,1273년(원종 14) 4월,5,여몽연합군의 일본정벌,https://db.itkc.or.kr/people/viewEvnt?gubun=evntera&cate1=Z&cate2=&dataId=ITKC_PH_1294A_0479
event_subject,ITKC_PH_1294A_0447,강화 천도,"전쟁,

천도",고려,"1232년(고종 19) 6월
~ 1270년(원종 11) 5월",3,고려의 대몽항쟁,https://db.itkc.or.kr/people/viewEvnt?gubun=evntcate&cate1=Z&cate2=&dataId=ITKC_PH_1294A_0447
event_period,ITKC_PH_1294A_0480,여몽연합군의 1차일본원정,정벌,고려,1274년(충렬왕 즉위) 10월,8,여몽연합군의 일본정벌,https://db.itkc.or.kr/people/viewEvnt?gubun=evntera&cate1=Z&cate2=&dataId=ITKC_PH_1294A_0480
event_subject,ITKC_PH_1294A_0475,원종의 친조,국왕,고려,1270년(원종 11) 2월,6,원간섭기,https://db.itkc.or.kr/people/viewEvnt?gubun=evntcate&cate1=Z&cate2=&dataId=ITKC_PH_1294A_0475
event_period,ITKC_PH_1294A_0481,몽고 공주와의 혼인,"국왕,

비빈",고려,1274년(충렬왕 즉위) 10월,12,원간섭기,https://db.itkc.or.kr/people/viewEvnt?gubun=evntera&cate1=Z&cate2=&dataId=ITKC_PH_1294A_0481
event_subject,ITKC_PH_1294A_0476,무신정권의 종식,국왕,고려,1270년(원종 11) 5월,10,,https://db.itkc.or.kr/people/viewEvnt?gubun=evntcate&cate1=Z&cate2=&dataId=ITKC_PH_1294A_0476
event_period,ITKC_PH_1294A_0482,정화궁주의 몽고공주 저주사건,비빈,고려,1276년(충렬왕 2) 12월,5,원간섭기,https://db.itkc.or.kr/people/viewEvnt?gubun=evntera&cate1=Z&cate2=&dataId=ITKC_PH_1294A_0482
event_subject,ITKC_PH_1294A_0478,숭겸의 난,민란,고려,1271년(원종 12) 1월,0,고려의 대몽항쟁,https://db.itkc.or.kr/people/viewEvnt?gubun=evntcate&cate1=Z&cate2=&dataId=ITKC_PH_1294A_0478
event_subject,ITKC_PH_1294A_0477,삼별초의 반란,반란,고려,"1270년(원종 11) 6월
~ 1273년(원종 14) 4월",3,고려의 대몽항쟁,https://db.itkc.or.kr/people/viewEvnt?gubun=evntcate&cate1=Z&cate2=&dataId=ITKC_PH_1294A_0477
event_period,ITKC_PH_1294A_0483,경창궁주 폐위사건,비빈,고려,1277년(충렬왕 3) 7월,8,원간섭기,https://db.itkc.or.kr/people/viewEvnt?gubun=evntera&cate1=Z&cate2=&dataId=ITKC_PH_1294A_0483
event_subject,ITKC_PH_1294A_0479,김방경의 삼별초 토벌,정벌,고려,1273년(원종 14) 4월,5,여몽연합군의 일본정벌,https://db.itkc.or.kr/people/viewEvnt?gubun=evntcate&cate1=Z&cate2=&dataId=ITKC_PH_1294A_0479
event_period,ITKC_PH_1294A_0484,김방경 무고사건,고변/탄핵,고려,1277년(충렬왕 3) 12월,7,,https://db.itkc.or.kr/people/viewEvnt?gubun=evntera&cate1=Z&cate2=&dataId=ITKC_PH_1294A_0484
event_subject,ITKC_PH_1294A_0480,여몽연합군의 1차일본원정,정벌,고려,1274년(충렬왕 즉위) 10월,8,여몽연합군의 일본정벌,https://db.itkc.or.kr/people/viewEvnt?gubun=evntcate&cate1=Z&cate2=&dataId=ITKC_PH_1294A_0480
event_period,ITKC_PH_1294A_0485,고려인 송환 요구,원,고려,1278년(충렬왕 4) 7월,3,원간섭기,https://db.itkc.or.kr/people/viewEvnt?gubun=evntera&cate1=Z&cate2=&dataId=ITKC_PH_1294A_0485
event_subject,ITKC_PH_1294A_0481,몽고 공주와의 혼인,"국왕,

비빈",고려,1274년(충렬왕 즉위) 10월,12,원간섭기,https://db.itkc.or.kr/people/viewEvnt?gubun=evntcate&cate1=Z&cate2=&dataId=ITKC_PH_1294A_0481
event_period,ITKC_PH_1294A_0486,신문색 설치,기관,고려,1278년(충렬왕 4) 10월,3,,https://db.itkc.or.kr/people/viewEvnt?gubun=evntera&cate1=Z&cate2=&dataId=ITKC_PH_1294A_0486
event_period,ITKC_PH_1294A_0487,계점사 파견,민심,고려,1279년(충렬왕 5) 9월,4,,https://db.itkc.or.kr/people/viewEvnt?gubun=evntera&cate1=Z&cate2=&dataId=ITKC_PH_1294A_0487
event_subject,ITKC_PH_1294A_0482,정화궁주의 몽고공주 저주사건,비빈,고려,1276년(충렬왕 2) 12월,5,원간섭기,https://db.itkc.or.kr/people/viewEvnt?gubun=evntcate&cate1=Z&cate2=&dataId=ITKC_PH_1294A_0482
event_subject,ITKC_PH_1294A_0483,경창궁주 폐위사건,비빈,고려,1277년(충렬왕 3) 7월,8,원간섭기,https://db.itkc.or.kr/people/viewEvnt?gubun=evntcate&cate1=Z&cate2=&dataId=ITKC_PH_1294A_0483
event_period,ITKC_PH_1294A_0488,여몽연합군의 2차일본원정,정벌,고려,1281년(충렬왕 6) 6월,4,여몽연합군의 일본정벌,https://db.itkc.or.kr/people/viewEvnt?gubun=evntera&cate1=Z&cate2=&dataId=ITKC_PH_1294A_0488
event_period,ITKC_PH_1294A_0489,충렬왕 수종공신 선정,공신/훈신,고려,1281년(충렬왕 7) 12월,6,원간섭기,https://db.itkc.or.kr/people/viewEvnt?gubun=evntera&cate1=Z&cate2=&dataId=ITKC_PH_1294A_0489
event_subject,ITKC_PH_1294A_0484,김방경 무고사건,고변/탄핵,고려,1277년(충렬왕 3) 12월,7,,https://db.itkc.or.kr/people/viewEvnt?gubun=evntcate&cate1=Z&cate2=&dataId=ITKC_PH_1294A_0484
event_period,ITKC_PH_1294A_0490,인물추고도감의 설치와 운영,"기관,

노비",고려,1282년(충렬왕 8) 9월,4,,https://db.itkc.or.kr/people/viewEvnt?gubun=evntera&cate1=Z&cate2=&dataId=ITKC_PH_1294A_0490
event_subject,ITKC_PH_1294A_0485,고려인 송환 요구,원,고려,1278년(충렬왕 4) 7월,3,원간섭기,https://db.itkc.or.kr/people/viewEvnt?gubun=evntcate&cate1=Z&cate2=&dataId=ITKC_PH_1294A_0485
event_period,ITKC_PH_1294A_0491,강윤명의 난,민란,고려,1286년(충렬왕 12) 2월,1,,https://db.itkc.or.kr/people/viewEvnt?gubun=evntera&cate1=Z&cate2=&dataId=ITKC_PH_1294A_0491
event_subject,ITKC_PH_1294A_0486,신문색 설치,기관,고려,1278년(충렬왕 4) 10월,3,,https://db.itkc.or.kr/people/viewEvnt?gubun=evntcate&cate1=Z&cate2=&dataId=ITKC_PH_1294A_0486
event_period,ITKC_PH_1294A_0492,주열의 졸기,정치인,고려,1287년(충렬왕 13) 11월,3,,https://db.itkc.or.kr/people/viewEvnt?gubun=evntera&cate1=Z&cate2=&dataId=ITKC_PH_1294A_0492
event_subject,ITKC_PH_1294A_0487,계점사 파견,민심,고려,1279년(충렬왕 5) 9월,4,,https://db.itkc.or.kr/people/viewEvnt?gubun=evntcate&cate1=Z&cate2=&dataId=ITKC_PH_1294A_0487
event_period,ITKC_PH_1294A_0493,요동대기근,몽고,고려,1289년(충렬왕 15) 3월,2,원간섭기,https://db.itkc.or.kr/people/viewEvnt?gubun=evntera&cate1=Z&cate2=&dataId=ITKC_PH_1294A_0493
event_subject,ITKC_PH_1294A_0488,여몽연합군의 2차일본원정,정벌,고려,1281년(충렬왕 6) 6월,4,여몽연합군의 일본정벌,https://db.itkc.or.kr/people/viewEvnt?gubun=evntcate&cate1=Z&cate2=&dataId=ITKC_PH_1294A_0488
event_period,ITKC_PH_1294A_0494,유경의 졸기,정치인,고려,1289년(충렬왕 15) 11월,4,,https://db.itkc.or.kr/people/viewEvnt?gubun=evntera&cate1=Z&cate2=&dataId=ITKC_PH_1294A_0494
event_subject,ITKC_PH_1294A_0489,충렬왕 수종공신 선정,공신/훈신,고려,1281년(충렬왕 7) 12월,6,원간섭기,https://db.itkc.or.kr/people/viewEvnt?gubun=evntcate&cate1=Z&cate2=&dataId=ITKC_PH_1294A_0489
event_period,ITKC_PH_1294A_0495,정가신의 원나라 한림학사 제수,인물기타,고려,1290년(충렬왕 16) 11월,4,원간섭기,https://db.itkc.or.kr/people/viewEvnt?gubun=evntera&cate1=Z&cate2=&dataId=ITKC_PH_1294A_0495
event_subject,ITKC_PH_1294A_0490,인물추고도감의 설치와 운영,"기관,

노비",고려,1282년(충렬왕 8) 9월,4,,https://db.itkc.or.kr/people/viewEvnt?gubun=evntcate&cate1=Z&cate2=&dataId=ITKC_PH_1294A_0490
event_period,ITKC_PH_1294A_0496,합단의 개경 침입,전쟁,고려,"1291년(충렬왕 17) 1월
~ 1291년(충렬왕 17) 4월",2,원간섭기,https://db.itkc.or.kr/people/viewEvnt?gubun=evntera&cate1=Z&cate2=&dataId=ITKC_PH_1294A_0496
event_subject,ITKC_PH_1294A_0491,강윤명의 난,민란,고려,1286년(충렬왕 12) 2월,1,,https://db.itkc.or.kr/people/viewEvnt?gubun=evntcate&cate1=Z&cate2=&dataId=ITKC_PH_1294A_0491
event_period,ITKC_PH_1294A_0497,홍군상의 일본인 호송,"원,

일본",고려,1292년(충렬왕 18) 9월,2,원간섭기,https://db.itkc.or.kr/people/viewEvnt?gubun=evntera&cate1=Z&cate2=&dataId=ITKC_PH_1294A_0497
event_subject,ITKC_PH_1294A_0492,주열의 졸기,정치인,고려,1287년(충렬왕 13) 11월,3,,https://db.itkc.or.kr/people/viewEvnt?gubun=evntcate&cate1=Z&cate2=&dataId=ITKC_PH_1294A_0492
event_period,ITKC_PH_1294A_0498,탐라 반환,원,고려,1294년(충렬왕 20) 5월,5,원간섭기,https://db.itkc.or.kr/people/viewEvnt?gubun=evntera&cate1=Z&cate2=&dataId=ITKC_PH_1294A_0498
event_subject,ITKC_PH_1294A_0493,요동대기근,몽고,고려,1289년(충렬왕 15) 3월,2,원간섭기,https://db.itkc.or.kr/people/viewEvnt?gubun=evntcate&cate1=Z&cate2=&dataId=ITKC_PH_1294A_0493
event_period,ITKC_PH_1294A_0499,한희유의 유배,유배,고려,1295년(충렬왕 21) 8월,5,,https://db.itkc.or.kr/people/viewEvnt?gubun=evntera&cate1=Z&cate2=&dataId=ITKC_PH_1294A_0499
event_subject,ITKC_PH_1294A_0494,유경의 졸기,정치인,고려,1289년(충렬왕 15) 11월,4,,https://db.itkc.or.kr/people/viewEvnt?gubun=evntcate&cate1=Z&cate2=&dataId=ITKC_PH_1294A_0494
event_period,ITKC_PH_1294A_0500,무비의 공주 저주 사건,비빈,고려,1297년(충렬왕 23) 7월,2,원간섭기,https://db.itkc.or.kr/people/viewEvnt?gubun=evntera&cate1=Z&cate2=&dataId=ITKC_PH_1294A_0500
event_subject,ITKC_PH_1294A_0495,정가신의 원나라 한림학사 제수,인물기타,고려,1290년(충렬왕 16) 11월,4,원간섭기,https://db.itkc.or.kr/people/viewEvnt?gubun=evntcate&cate1=Z&cate2=&dataId=ITKC_PH_1294A_0495
event_subject,ITKC_PH_1294A_0496,합단의 개경 침입,전쟁,고려,"1291년(충렬왕 17) 1월
~ 1291년(충렬왕 17) 4월",2,원간섭기,https://db.itkc.or.kr/people/viewEvnt?gubun=evntcate&cate1=Z&cate2=&dataId=ITKC_PH_1294A_0496
event_period,ITKC_PH_1294A_0501,수창궁 중건,건축,고려,1297년(충렬왕 23) 윤12월,3,,https://db.itkc.or.kr/people/viewEvnt?gubun=evntera&cate1=Z&cate2=&dataId=ITKC_PH_1294A_0501
event_subject,ITKC_PH_1294A_0497,홍군상의 일본인 호송,"원,

일본",고려,1292년(충렬왕 18) 9월,2,원간섭기,https://db.itkc.or.kr/people/viewEvnt?gubun=evntcate&cate1=Z&cate2=&dataId=ITKC_PH_1294A_0497
event_period,ITKC_PH_1294A_0502,충선왕 즉위,국왕,고려,1298년(충렬왕 24) 1월,3,,https://db.itkc.or.kr/people/viewEvnt?gubun=evntera&cate1=Z&cate2=&dataId=ITKC_PH_1294A_0502
event_period,ITKC_PH_1294A_0503,이승휴 초빙,인물기타,고려,1298년(충렬왕 24) 1월,4,,https://db.itkc.or.kr/people/viewEvnt?gubun=evntera&cate1=Z&cate2=&dataId=ITKC_PH_1294A_0503
event_subject,ITKC_PH_1294A_0498,탐라 반환,원,고려,1294년(충렬왕 20) 5월,5,원간섭기,https://db.itkc.or.kr/people/viewEvnt?gubun=evntcate&cate1=Z&cate2=&dataId=ITKC_PH_1294A_0498
event_period,ITKC_PH_1294A_0504,조비무고사건,비빈,고려,"1298년(충렬왕 24) 4월
~ 1298년(충렬왕 24) 6월",8,,https://db.itkc.or.kr/people/viewEvnt?gubun=evntera&cate1=Z&cate2=&dataId=ITKC_PH_1294A_0504
event_subject,ITKC_PH_1294A_0499,한희유의 유배,유배,고려,1295년(충렬왕 21) 8월,5,,https://db.itkc.or.kr/people/viewEvnt?gubun=evntcate&cate1=Z&cate2=&dataId=ITKC_PH_1294A_0499
event_period,ITKC_PH_1294A_0505,충선왕의 관제개혁,제도개혁,고려,1298년(충렬왕 24) 5월,14,,https://db.itkc.or.kr/people/viewEvnt?gubun=evntera&cate1=Z&cate2=&dataId=ITKC_PH_1294A_0505
event_subject,ITKC_PH_1294A_0500,무비의 공주 저주 사건,비빈,고려,1297년(충렬왕 23) 7월,2,원간섭기,https://db.itkc.or.kr/people/viewEvnt?gubun=evntcate&cate1=Z&cate2=&dataId=ITKC_PH_1294A_0500
event_period,ITKC_PH_1294A_0506,사림원 설치,기관,고려,1298년(충렬왕 24) 5월,4,,https://db.itkc.or.kr/people/viewEvnt?gubun=evntera&cate1=Z&cate2=&dataId=ITKC_PH_1294A_0506
event_subject,ITKC_PH_1294A_0501,수창궁 중건,건축,고려,1297년(충렬왕 23) 윤12월,3,,https://db.itkc.or.kr/people/viewEvnt?gubun=evntcate&cate1=Z&cate2=&dataId=ITKC_PH_1294A_0501
event_period,ITKC_PH_1294A_0507,충렬왕의 복위,국왕,고려,1298년(충렬왕 24) 8월,3,원간섭기,https://db.itkc.or.kr/people/viewEvnt?gubun=evntera&cate1=Z&cate2=&dataId=ITKC_PH_1294A_0507
event_subject,ITKC_PH_1294A_0502,충선왕 즉위,국왕,고려,1298년(충렬왕 24) 1월,3,,https://db.itkc.or.kr/people/viewEvnt?gubun=evntcate&cate1=Z&cate2=&dataId=ITKC_PH_1294A_0502
event_period,ITKC_PH_1294A_0508,한희유 무고사건,고변/탄핵,고려,1299년(충렬왕 25) 1월,5,,https://db.itkc.or.kr/people/viewEvnt?gubun=evntera&cate1=Z&cate2=&dataId=ITKC_PH_1294A_0508
event_subject,ITKC_PH_1294A_0503,이승휴 초빙,인물기타,고려,1298년(충렬왕 24) 1월,4,,https://db.itkc.or.kr/people/viewEvnt?gubun=evntcate&cate1=Z&cate2=&dataId=ITKC_PH_1294A_0503
event_period,ITKC_PH_1294A_0509,오기의 원나라 압송,처결,고려,"1303년(충렬왕 29) 7월
~ 1303년(충렬왕 29) 10월",17,원간섭기,https://db.itkc.or.kr/people/viewEvnt?gubun=evntera&cate1=Z&cate2=&dataId=ITKC_PH_1294A_0509
event_subject,ITKC_PH_1294A_0504,조비무고사건,비빈,고려,"1298년(충렬왕 24) 4월
~ 1298년(충렬왕 24) 6월",8,,https://db.itkc.or.kr/people/viewEvnt?gubun=evntcate&cate1=Z&cate2=&dataId=ITKC_PH_1294A_0504
event_period,ITKC_PH_1294A_0510,섬학전 설치,교육,고려,1304년(충렬왕 30) 5월,3,,https://db.itkc.or.kr/people/viewEvnt?gubun=evntera&cate1=Z&cate2=&dataId=ITKC_PH_1294A_0510
event_subject,ITKC_PH_1294A_0505,충선왕의 관제개혁,제도개혁,고려,1298년(충렬왕 24) 5월,14,,https://db.itkc.or.kr/people/viewEvnt?gubun=evntcate&cate1=Z&cate2=&dataId=ITKC_PH_1294A_0505
event_period,ITKC_PH_1294A_0511,대성전 준공,건축,고려,1304년(충렬왕 30) 6월,2,,https://db.itkc.or.kr/people/viewEvnt?gubun=evntera&cate1=Z&cate2=&dataId=ITKC_PH_1294A_0511
event_subject,ITKC_PH_1294A_0506,사림원 설치,기관,고려,1298년(충렬왕 24) 5월,4,,https://db.itkc.or.kr/people/viewEvnt?gubun=evntcate&cate1=Z&cate2=&dataId=ITKC_PH_1294A_0506
event_period,ITKC_PH_1294A_0512,안향의 졸기,정치인,고려,1306년(충렬왕 32) 9월,3,,https://db.itkc.or.kr/people/viewEvnt?gubun=evntera&cate1=Z&cate2=&dataId=ITKC_PH_1294A_0512
event_subject,ITKC_PH_1294A_0507,충렬왕의 복위,국왕,고려,1298년(충렬왕 24) 8월,3,원간섭기,https://db.itkc.or.kr/people/viewEvnt?gubun=evntcate&cate1=Z&cate2=&dataId=ITKC_PH_1294A_0507
event_period,ITKC_PH_1294A_0513,이사온과 김심의 유배,유배,고려,1313년(충선왕 5) 1월,5,,https://db.itkc.or.kr/people/viewEvnt?gubun=evntera&cate1=Z&cate2=&dataId=ITKC_PH_1294A_0513
event_subject,ITKC_PH_1294A_0508,한희유 무고사건,고변/탄핵,고려,1299년(충렬왕 25) 1월,5,,https://db.itkc.or.kr/people/viewEvnt?gubun=evntcate&cate1=Z&cate2=&dataId=ITKC_PH_1294A_0508
event_period,ITKC_PH_1294A_0514,충숙왕의 즉위,국왕,고려,1313년(충선왕 5) 3월,6,원간섭기,https://db.itkc.or.kr/people/viewEvnt?gubun=evntera&cate1=Z&cate2=&dataId=ITKC_PH_1294A_0514
event_subject,ITKC_PH_1294A_0509,오기의 원나라 압송,처결,고려,"1303년(충렬왕 29) 7월
~ 1303년(충렬왕 29) 10월",17,원간섭기,https://db.itkc.or.kr/people/viewEvnt?gubun=evntcate&cate1=Z&cate2=&dataId=ITKC_PH_1294A_0509
event_period,ITKC_PH_1294A_0515,충선왕의 만권당 설치,"국왕,

기관",고려,1314년(충숙왕 원년) 3월,5,원간섭기,https://db.itkc.or.kr/people/viewEvnt?gubun=evntera&cate1=Z&cate2=&dataId=ITKC_PH_1294A_0515
event_subject,ITKC_PH_1294A_0510,섬학전 설치,교육,고려,1304년(충렬왕 30) 5월,3,,https://db.itkc.or.kr/people/viewEvnt?gubun=evntcate&cate1=Z&cate2=&dataId=ITKC_PH_1294A_0510
event_period,ITKC_PH_1294A_0516,문민질고사 파견,민심,고려,1318년(충숙왕 5) 5월,5,,https://db.itkc.or.kr/people/viewEvnt?gubun=evntera&cate1=Z&cate2=&dataId=ITKC_PH_1294A_0516
event_subject,ITKC_PH_1294A_0511,대성전 준공,건축,고려,1304년(충렬왕 30) 6월,2,,https://db.itkc.or.kr/people/viewEvnt?gubun=evntcate&cate1=Z&cate2=&dataId=ITKC_PH_1294A_0511
event_period,ITKC_PH_1294A_0517,최안도의 유배,유배,고려,1319년(충숙왕 6) 12월,9,,https://db.itkc.or.kr/people/viewEvnt?gubun=evntera&cate1=Z&cate2=&dataId=ITKC_PH_1294A_0517
event_subject,ITKC_PH_1294A_0512,안향의 졸기,정치인,고려,1306년(충렬왕 32) 9월,3,,https://db.itkc.or.kr/people/viewEvnt?gubun=evntcate&cate1=Z&cate2=&dataId=ITKC_PH_1294A_0512
event_period,ITKC_PH_1294A_0518,정방 복설,기관,고려,1320년(충숙왕 7) 12월,3,,https://db.itkc.or.kr/people/viewEvnt?gubun=evntera&cate1=Z&cate2=&dataId=ITKC_PH_1294A_0518
event_subject,ITKC_PH_1294A_0513,이사온과 김심의 유배,유배,고려,1313년(충선왕 5) 1월,5,,https://db.itkc.or.kr/people/viewEvnt?gubun=evntcate&cate1=Z&cate2=&dataId=ITKC_PH_1294A_0513
event_period,ITKC_PH_1294A_0520,충선왕의 토번 유배,"유배,

국왕",고려,"1320년(충숙왕 7) 12월
~ 1321년(충숙왕 8) 11월",7,원간섭기,https://db.itkc.or.kr/people/viewEvnt?gubun=evntera&cate1=Z&cate2=&dataId=ITKC_PH_1294A_0520
event_subject,ITKC_PH_1294A_0514,충숙왕의 즉위,국왕,고려,1313년(충선왕 5) 3월,6,원간섭기,https://db.itkc.or.kr/people/viewEvnt?gubun=evntcate&cate1=Z&cate2=&dataId=ITKC_PH_1294A_0514
event_period,ITKC_PH_1294A_0519,충숙왕의 원나라 입조,국왕,고려,1321년(충숙왕 8) 4월,12,원간섭기,https://db.itkc.or.kr/people/viewEvnt?gubun=evntera&cate1=Z&cate2=&dataId=ITKC_PH_1294A_0519
event_subject,ITKC_PH_1294A_0515,충선왕의 만권당 설치,"국왕,

기관",고려,1314년(충숙왕 원년) 3월,5,원간섭기,https://db.itkc.or.kr/people/viewEvnt?gubun=evntcate&cate1=Z&cate2=&dataId=ITKC_PH_1294A_0515
event_period,ITKC_PH_1294A_0521,권한공의 심왕옹립운동,반란,고려,1322년(충숙왕 9) 8월,10,,https://db.itkc.or.kr/people/viewEvnt?gubun=evntera&cate1=Z&cate2=&dataId=ITKC_PH_1294A_0521
event_subject,ITKC_PH_1294A_0516,문민질고사 파견,민심,고려,1318년(충숙왕 5) 5월,5,,https://db.itkc.or.kr/people/viewEvnt?gubun=evntcate&cate1=Z&cate2=&dataId=ITKC_PH_1294A_0516
event_period,ITKC_PH_1294A_0522,유청신의 입성책동,"기관,

원",고려,1323년(충숙왕 10) 1월,2,,https://db.itkc.or.kr/people/viewEvnt?gubun=evntera&cate1=Z&cate2=&dataId=ITKC_PH_1294A_0522
event_subject,ITKC_PH_1294A_0517,최안도의 유배,유배,고려,1319년(충숙왕 6) 12월,9,,https://db.itkc.or.kr/people/viewEvnt?gubun=evntcate&cate1=Z&cate2=&dataId=ITKC_PH_1294A_0517
event_period,ITKC_PH_1294A_0523,민지의 상왕소환상소,"원,

국왕",고려,1323년(충숙왕 10) 1월,3,원간섭기,https://db.itkc.or.kr/people/viewEvnt?gubun=evntera&cate1=Z&cate2=&dataId=ITKC_PH_1294A_0523
event_subject,ITKC_PH_1294A_0518,정방 복설,기관,고려,1320년(충숙왕 7) 12월,3,,https://db.itkc.or.kr/people/viewEvnt?gubun=evntcate&cate1=Z&cate2=&dataId=ITKC_PH_1294A_0518
event_subject,ITKC_PH_1294A_0520,충선왕의 토번 유배,"유배,

국왕",고려,"1320년(충숙왕 7) 12월
~ 1321년(충숙왕 8) 11월",7,원간섭기,https://db.itkc.or.kr/people/viewEvnt?gubun=evntcate&cate1=Z&cate2=&dataId=ITKC_PH_1294A_0520
event_period,ITKC_PH_1294A_0524,심왕 선위 논의,"원,

국왕",고려,1327년(충숙왕 14) 5월,4,,https://db.itkc.or.kr/people/viewEvnt?gubun=evntera&cate1=Z&cate2=&dataId=ITKC_PH_1294A_0524
event_period,ITKC_PH_1294A_0525,충숙왕 복위,국왕,고려,1332년(충숙왕 후1) 2월,7,,https://db.itkc.or.kr/people/viewEvnt?gubun=evntera&cate1=Z&cate2=&dataId=ITKC_PH_1294A_0525
event_subject,ITKC_PH_1294A_0519,충숙왕의 원나라 입조,국왕,고려,1321년(충숙왕 8) 4월,12,원간섭기,https://db.itkc.or.kr/people/viewEvnt?gubun=evntcate&cate1=Z&cate2=&dataId=ITKC_PH_1294A_0519
event_period,ITKC_PH_1294A_0526,충혜왕 측근세력의 숙청,유배,고려,"1332년(충숙왕 후1) 2월
~ 1332년(충숙왕 후1) 3월",12,원간섭기,https://db.itkc.or.kr/people/viewEvnt?gubun=evntera&cate1=Z&cate2=&dataId=ITKC_PH_1294A_0526
event_subject,ITKC_PH_1294A_0521,권한공의 심왕옹립운동,반란,고려,1322년(충숙왕 9) 8월,10,,https://db.itkc.or.kr/people/viewEvnt?gubun=evntcate&cate1=Z&cate2=&dataId=ITKC_PH_1294A_0521
event_period,ITKC_PH_1294A_0527,조적의 난,반란,고려,1339년(충숙왕 후8) 8월,10,,https://db.itkc.or.kr/people/viewEvnt?gubun=evntera&cate1=Z&cate2=&dataId=ITKC_PH_1294A_0527
event_subject,ITKC_PH_1294A_0522,유청신의 입성책동,"기관,

원",고려,1323년(충숙왕 10) 1월,2,,https://db.itkc.or.kr/people/viewEvnt?gubun=evntcate&cate1=Z&cate2=&dataId=ITKC_PH_1294A_0522
event_period,ITKC_PH_1294A_0528,이조년의 은퇴,인물기타,고려,1341년(충혜왕 후2) 12월,2,,https://db.itkc.or.kr/people/viewEvnt?gubun=evntera&cate1=Z&cate2=&dataId=ITKC_PH_1294A_0528
event_subject,ITKC_PH_1294A_0523,민지의 상왕소환상소,"원,

국왕",고려,1323년(충숙왕 10) 1월,3,원간섭기,https://db.itkc.or.kr/people/viewEvnt?gubun=evntcate&cate1=Z&cate2=&dataId=ITKC_PH_1294A_0523
event_period,ITKC_PH_1294A_0529,조적의 난 평정 공신 선정,공신/훈신,고려,1342년(충혜왕 후3) 6월,17,,https://db.itkc.or.kr/people/viewEvnt?gubun=evntera&cate1=Z&cate2=&dataId=ITKC_PH_1294A_0529
event_subject,ITKC_PH_1294A_0524,심왕 선위 논의,"원,

국왕",고려,1327년(충숙왕 14) 5월,4,,https://db.itkc.or.kr/people/viewEvnt?gubun=evntcate&cate1=Z&cate2=&dataId=ITKC_PH_1294A_0524
event_period,ITKC_PH_1294A_0530,직세 폐지,조세,고려,1343년(충혜왕 후4) 3월,3,,https://db.itkc.or.kr/people/viewEvnt?gubun=evntera&cate1=Z&cate2=&dataId=ITKC_PH_1294A_0530
event_subject,ITKC_PH_1294A_0525,충숙왕 복위,국왕,고려,1332년(충숙왕 후1) 2월,7,,https://db.itkc.or.kr/people/viewEvnt?gubun=evntcate&cate1=Z&cate2=&dataId=ITKC_PH_1294A_0525
event_period,ITKC_PH_1294A_0531,충혜왕의 유배,"유배,

국왕",고려,"1343년(충혜왕 후4) 11월
~ 1343년(충혜왕 후4) 12월",8,원간섭기,https://db.itkc.or.kr/people/viewEvnt?gubun=evntera&cate1=Z&cate2=&dataId=ITKC_PH_1294A_0531
event_subject,ITKC_PH_1294A_0526,충혜왕 측근세력의 숙청,유배,고려,"1332년(충숙왕 후1) 2월
~ 1332년(충숙왕 후1) 3월",12,원간섭기,https://db.itkc.or.kr/people/viewEvnt?gubun=evntcate&cate1=Z&cate2=&dataId=ITKC_PH_1294A_0526
event_period,ITKC_PH_1294A_0532,충목왕 즉위,국왕,고려,"1344년(충혜왕 후5) 2월
~ 1344년(충혜왕 후5) 윤2월",8,,https://db.itkc.or.kr/people/viewEvnt?gubun=evntera&cate1=Z&cate2=&dataId=ITKC_PH_1294A_0532
event_subject,ITKC_PH_1294A_0527,조적의 난,반란,고려,1339년(충숙왕 후8) 8월,10,,https://db.itkc.or.kr/people/viewEvnt?gubun=evntcate&cate1=Z&cate2=&dataId=ITKC_PH_1294A_0527
event_period,ITKC_PH_1294A_0533,편년강목 찬술명령,출판,고려,1346년(충목왕 2) 10월,6,,https://db.itkc.or.kr/people/viewEvnt?gubun=evntera&cate1=Z&cate2=&dataId=ITKC_PH_1294A_0533
event_subject,ITKC_PH_1294A_0528,이조년의 은퇴,인물기타,고려,1341년(충혜왕 후2) 12월,2,,https://db.itkc.or.kr/people/viewEvnt?gubun=evntcate&cate1=Z&cate2=&dataId=ITKC_PH_1294A_0528
event_period,ITKC_PH_1294A_0534,기삼만의 옥사,옥사,고려,"1347년(충목왕 3) 3월
~ 1347년(충목왕 3) 4월",4,원간섭기,https://db.itkc.or.kr/people/viewEvnt?gubun=evntera&cate1=Z&cate2=&dataId=ITKC_PH_1294A_0534
event_subject,ITKC_PH_1294A_0529,조적의 난 평정 공신 선정,공신/훈신,고려,1342년(충혜왕 후3) 6월,17,,https://db.itkc.or.kr/people/viewEvnt?gubun=evntcate&cate1=Z&cate2=&dataId=ITKC_PH_1294A_0529
event_period,ITKC_PH_1294A_0535,김륜의 강윤충 탄핵,고변/탄핵,고려,1348년(충목왕 4) 1월,7,,https://db.itkc.or.kr/people/viewEvnt?gubun=evntera&cate1=Z&cate2=&dataId=ITKC_PH_1294A_0535
event_subject,ITKC_PH_1294A_0530,직세 폐지,조세,고려,1343년(충혜왕 후4) 3월,3,,https://db.itkc.or.kr/people/viewEvnt?gubun=evntcate&cate1=Z&cate2=&dataId=ITKC_PH_1294A_0530
event_period,ITKC_PH_1294A_0536,충목왕의 사망,국왕,고려,1348년(충목왕 4) 12월,2,,https://db.itkc.or.kr/people/viewEvnt?gubun=evntera&cate1=Z&cate2=&dataId=ITKC_PH_1294A_0536
event_subject,ITKC_PH_1294A_0531,충혜왕의 유배,"유배,

국왕",고려,"1343년(충혜왕 후4) 11월
~ 1343년(충혜왕 후4) 12월",8,원간섭기,https://db.itkc.or.kr/people/viewEvnt?gubun=evntcate&cate1=Z&cate2=&dataId=ITKC_PH_1294A_0531
event_period,ITKC_PH_1294A_0537,충정왕의 독살,국왕,고려,1352년(공민왕 1) 3월,3,,https://db.itkc.or.kr/people/viewEvnt?gubun=evntera&cate1=Z&cate2=&dataId=ITKC_PH_1294A_0537
event_subject,ITKC_PH_1294A_0532,충목왕 즉위,국왕,고려,"1344년(충혜왕 후5) 2월
~ 1344년(충혜왕 후5) 윤2월",8,,https://db.itkc.or.kr/people/viewEvnt?gubun=evntcate&cate1=Z&cate2=&dataId=ITKC_PH_1294A_0532
event_period,ITKC_PH_1294A_0538,조일신의 난,반란,고려,"1352년(공민왕 1) 9월
~ 1352년(공민왕 1) 10월",7,,https://db.itkc.or.kr/people/viewEvnt?gubun=evntera&cate1=Z&cate2=&dataId=ITKC_PH_1294A_0538
event_subject,ITKC_PH_1300A_0006,개국 정도〔開國定都〕,"정치일반,

천도",조선,태조,26,,https://db.itkc.or.kr/people/viewEvnt?gubun=evntcate&cate1=Z&cate2=&dataId=ITKC_PH_1300A_0006
event_period,ITKC_PH_1294A_0540,첨설직 설치,기관,고려,1354년(공민왕 3) 6월,6,,https://db.itkc.or.kr/people/viewEvnt?gubun=evntera&cate1=Z&cate2=&dataId=ITKC_PH_1294A_0540
event_subject,ITKC_PH_1300A_0010,함흥주필〔咸興駐蹕〕,정치일반,조선,태조,7,,https://db.itkc.or.kr/people/viewEvnt?gubun=evntcate&cate1=Z&cate2=&dataId=ITKC_PH_1300A_0010
event_subject,ITKC_PH_1300A_0025,집현전 설치와 사가독서〔設集賢殿賜暇讀書〕,"기관,

사가독서",조선,세종,7,,https://db.itkc.or.kr/people/viewEvnt?gubun=evntcate&cate1=Z&cate2=&dataId=ITKC_PH_1300A_0025
event_period,ITKC_PH_1294A_0541,장사성토벌군 파병,"정벌,

원",고려,1354년(공민왕 3) 7월,3,원간섭기,https://db.itkc.or.kr/people/viewEvnt?gubun=evntera&cate1=Z&cate2=&dataId=ITKC_PH_1294A_0541
event_subject,ITKC_PH_1300A_0031,차원부의 설원〔車原頫雪冤〕,인물기타,조선,세종,8,,https://db.itkc.or.kr/people/viewEvnt?gubun=evntcate&cate1=Z&cate2=&dataId=ITKC_PH_1300A_0031
event_period,ITKC_PH_1305A_0306,원나라 과거에 급제한 고려인,과거,고려,"1320년(충숙왕 7)
~ 1354년(공민왕 3)",5,원간섭기,https://db.itkc.or.kr/people/viewEvnt?gubun=evntera&cate1=Z&cate2=&dataId=ITKC_PH_1305A_0306
event_period,ITKC_PH_1294A_0542,이자춘의 공민왕 입견,정치인,고려,1355년(공민왕 4) 12월,5,,https://db.itkc.or.kr/people/viewEvnt?gubun=evntera&cate1=Z&cate2=&dataId=ITKC_PH_1294A_0542
event_subject,ITKC_PH_1300A_0063,임사홍 퇴출〔斥任士洪〕,정치일반,조선,성종,5,,https://db.itkc.or.kr/people/viewEvnt?gubun=evntcate&cate1=Z&cate2=&dataId=ITKC_PH_1300A_0063
event_period,ITKC_PH_1294A_0543,기철일파 제거〔奇轍 除去〕,정치일반,고려,1356년(공민왕 5) 5월,14,공민왕의 반원개혁,https://db.itkc.or.kr/people/viewEvnt?gubun=evntera&cate1=Z&cate2=&dataId=ITKC_PH_1294A_0543
event_subject,ITKC_PH_1300A_0088,기묘사화의 근원〔己卯禍源〕,사화,조선,중종,30,기묘사화,https://db.itkc.or.kr/people/viewEvnt?gubun=evntcate&cate1=Z&cate2=&dataId=ITKC_PH_1300A_0088
event_period,ITKC_PH_1294A_0544,쌍성총관부 출병,정벌,고려,1356년(공민왕 5) 5월,5,공민왕의 반원개혁,https://db.itkc.or.kr/people/viewEvnt?gubun=evntera&cate1=Z&cate2=&dataId=ITKC_PH_1294A_0544
event_subject,ITKC_PH_1300A_0098,대소윤의 정쟁〔大小尹爭權〕,정치일반,조선,중종,10,을사사화,https://db.itkc.or.kr/people/viewEvnt?gubun=evntcate&cate1=Z&cate2=&dataId=ITKC_PH_1300A_0098
event_period,ITKC_PH_1294A_0545,임중보의 난,반란,고려,1356년(공민왕 5) 6월,2,,https://db.itkc.or.kr/people/viewEvnt?gubun=evntera&cate1=Z&cate2=&dataId=ITKC_PH_1294A_0545
event_subject,ITKC_PH_1300A_0108,대비의 수렴청정〔大妃垂簾〕,정치일반,조선,명종,10,,https://db.itkc.or.kr/people/viewEvnt?gubun=evntcate&cate1=Z&cate2=&dataId=ITKC_PH_1300A_0108
event_period,ITKC_PH_1294A_0546,염철별감 파견,조세,고려,1357년(공민왕 6) 9월,6,,https://db.itkc.or.kr/people/viewEvnt?gubun=evntera&cate1=Z&cate2=&dataId=ITKC_PH_1294A_0546
event_subject,ITKC_PH_1300A_0174,동서남북 붕당의 형성〔東西南北論分〕,붕당,조선,선조,27,,https://db.itkc.or.kr/people/viewEvnt?gubun=evntcate&cate1=Z&cate2=&dataId=ITKC_PH_1300A_0174
event_period,ITKC_PH_1294A_0547,홍건적의 1차 침입,전쟁,고려,"1359년(공민왕 8) 2월
~ 1360년(공민왕 9) 2월",7,고려말 홍건적 침공,https://db.itkc.or.kr/people/viewEvnt?gubun=evntera&cate1=Z&cate2=&dataId=ITKC_PH_1294A_0547
event_subject,ITKC_PH_1294A_0533,편년강목 찬술명령,출판,고려,1346년(충목왕 2) 10월,6,,https://db.itkc.or.kr/people/viewEvnt?gubun=evntcate&cate1=Z&cate2=&dataId=ITKC_PH_1294A_0533
event_period,ITKC_PH_1294A_0549,공민왕의 안동 파천,전쟁,고려,1361년(공민왕 10) 11월,6,고려말 홍건적 침공,https://db.itkc.or.kr/people/viewEvnt?gubun=evntera&cate1=Z&cate2=&dataId=ITKC_PH_1294A_0549
event_subject,ITKC_PH_1300A_0001,태조〔太祖〕,국왕,조선,태조,28,,https://db.itkc.or.kr/people/viewEvnt?gubun=evntcate&cate1=Z&cate2=&dataId=ITKC_PH_1300A_0001
event_period,ITKC_PH_1294A_0548,홍건적의 2차 침입,전쟁,고려,"1361년(공민왕 10) 10월
~ 1362년(공민왕 11) 1월",2,고려말 홍건적 침공,https://db.itkc.or.kr/people/viewEvnt?gubun=evntera&cate1=Z&cate2=&dataId=ITKC_PH_1294A_0548
event_subject,ITKC_PH_1300A_0002,선계〔璿系〕,"종실,

국왕",조선,태조,16,,https://db.itkc.or.kr/people/viewEvnt?gubun=evntcate&cate1=Z&cate2=&dataId=ITKC_PH_1300A_0002
event_period,ITKC_PH_1294A_0550,개경 수복,전쟁,고려,1362년(공민왕 11) 1월,8,고려말 홍건적 침공,https://db.itkc.or.kr/people/viewEvnt?gubun=evntera&cate1=Z&cate2=&dataId=ITKC_PH_1294A_0550
event_subject,ITKC_PH_1300A_0003,잠룡 때 일〔潛龍時事〕,국왕,조선,태조,17,,https://db.itkc.or.kr/people/viewEvnt?gubun=evntcate&cate1=Z&cate2=&dataId=ITKC_PH_1300A_0003
event_subject,ITKC_PH_1300A_0004,고려말의 문란한 정사〔高麗政亂 王業肇基〕,정치일반,조선,태조,30,,https://db.itkc.or.kr/people/viewEvnt?gubun=evntcate&cate1=Z&cate2=&dataId=ITKC_PH_1300A_0004
event_period,ITKC_PH_1294A_0551,정세운 피살사건,정변,고려,1362년(공민왕 11) 1월,4,,https://db.itkc.or.kr/people/viewEvnt?gubun=evntera&cate1=Z&cate2=&dataId=ITKC_PH_1294A_0551
event_subject,ITKC_PH_1300A_0005,절개를 지킨 고려의 신하〔高麗守節諸臣附〕,절신,조선,태조,27,,https://db.itkc.or.kr/people/viewEvnt?gubun=evntcate&cate1=Z&cate2=&dataId=ITKC_PH_1300A_0005
event_period,ITKC_PH_1294A_0552,안우·이방실·김득배 피살사건,정변,고려,1362년(공민왕 11) 2월,7,,https://db.itkc.or.kr/people/viewEvnt?gubun=evntera&cate1=Z&cate2=&dataId=ITKC_PH_1294A_0552
event_period,ITKC_PH_1294A_0553,나하추와의 전투,전쟁,고려,1362년(공민왕 11) 7월,2,,https://db.itkc.or.kr/people/viewEvnt?gubun=evntera&cate1=Z&cate2=&dataId=ITKC_PH_1294A_0553
event_subject,ITKC_PH_1300A_0011,정릉의 폐복〔貞陵廢復〕,정치일반,조선,태조,28,,https://db.itkc.or.kr/people/viewEvnt?gubun=evntcate&cate1=Z&cate2=&dataId=ITKC_PH_1300A_0011
event_period,ITKC_PH_1294A_0554,흥왕사의 변,정변,고려,1363년(공민왕 12) 윤3월,7,,https://db.itkc.or.kr/people/viewEvnt?gubun=evntera&cate1=Z&cate2=&dataId=ITKC_PH_1294A_0554
event_subject,ITKC_PH_1300A_0012,태조조의 상신〔太祖朝相臣〕,상신,조선,태조,5,,https://db.itkc.or.kr/people/viewEvnt?gubun=evntcate&cate1=Z&cate2=&dataId=ITKC_PH_1300A_0012
event_period,ITKC_PH_1294A_0555,공민왕 폐위사건,정변,고려,1363년(공민왕 12) 5월,10,,https://db.itkc.or.kr/people/viewEvnt?gubun=evntera&cate1=Z&cate2=&dataId=ITKC_PH_1294A_0555
event_subject,ITKC_PH_1300A_0013,태조조의 문형〔太祖朝文衡〕,문형,조선,태조,1,,https://db.itkc.or.kr/people/viewEvnt?gubun=evntcate&cate1=Z&cate2=&dataId=ITKC_PH_1300A_0013
event_period,ITKC_PH_1294A_0556,덕흥군의 고려침입,정변,고려,1363년(공민왕 12) 12월,5,,https://db.itkc.or.kr/people/viewEvnt?gubun=evntera&cate1=Z&cate2=&dataId=ITKC_PH_1294A_0556
event_subject,ITKC_PH_1300A_0014,태조조의 명신〔太祖朝名臣〕,명신,조선,태조,16,,https://db.itkc.or.kr/people/viewEvnt?gubun=evntcate&cate1=Z&cate2=&dataId=ITKC_PH_1300A_0014
event_period,ITKC_PH_1294A_0557,삼선·삼개의 난,반란,고려,1364년(공민왕 13) 1월,5,,https://db.itkc.or.kr/people/viewEvnt?gubun=evntera&cate1=Z&cate2=&dataId=ITKC_PH_1294A_0557
event_subject,ITKC_PH_1300A_0015,정종〔定宗〕,국왕,조선,정종,16,,https://db.itkc.or.kr/people/viewEvnt?gubun=evntcate&cate1=Z&cate2=&dataId=ITKC_PH_1300A_0015
event_period,ITKC_PH_1294A_0558,이작도 해전,왜(변)란,고려,1364년(공민왕 13) 3월,1,고려말 왜구 침공,https://db.itkc.or.kr/people/viewEvnt?gubun=evntera&cate1=Z&cate2=&dataId=ITKC_PH_1294A_0558
event_subject,ITKC_PH_1300A_0017,정종조의 상신〔定宗朝相臣〕,상신,조선,정종,5,,https://db.itkc.or.kr/people/viewEvnt?gubun=evntcate&cate1=Z&cate2=&dataId=ITKC_PH_1300A_0017
event_period,ITKC_PH_1294A_0559,신돈의 집권,정변,고려,1365년(공민왕 14) 5월,5,,https://db.itkc.or.kr/people/viewEvnt?gubun=evntera&cate1=Z&cate2=&dataId=ITKC_PH_1294A_0559
event_subject,ITKC_PH_1300A_0018,태종〔太宗〕,국왕,조선,태종,30,,https://db.itkc.or.kr/people/viewEvnt?gubun=evntcate&cate1=Z&cate2=&dataId=ITKC_PH_1300A_0018
event_subject,ITKC_PH_1300A_0021,태종조의 상신〔太宗朝相臣〕,상신,조선,태종,9,,https://db.itkc.or.kr/people/viewEvnt?gubun=evntcate&cate1=Z&cate2=&dataId=ITKC_PH_1300A_0021
event_period,ITKC_PH_1294A_0560,전민추정도감 설치,"제도개혁,

기관",고려,1366년(공민왕 15) 5월,3,,https://db.itkc.or.kr/people/viewEvnt?gubun=evntera&cate1=Z&cate2=&dataId=ITKC_PH_1294A_0560
event_period,ITKC_PH_1294A_0561,우왕의 출생 시비,국왕,고려,1366년(공민왕 15) 9월,4,,https://db.itkc.or.kr/people/viewEvnt?gubun=evntera&cate1=Z&cate2=&dataId=ITKC_PH_1294A_0561
event_subject,ITKC_PH_1300A_0022,태종조의 문형〔太宗朝文衡〕,문형,조선,태종,1,,https://db.itkc.or.kr/people/viewEvnt?gubun=evntcate&cate1=Z&cate2=&dataId=ITKC_PH_1300A_0022
event_period,ITKC_PH_1294A_0562,국학 재건,교육,고려,1367년(공민왕 16) 5월,6,,https://db.itkc.or.kr/people/viewEvnt?gubun=evntera&cate1=Z&cate2=&dataId=ITKC_PH_1294A_0562
event_subject,ITKC_PH_1300A_0023,태종조의 명신〔太宗朝名臣〕,명신,조선,태종,8,,https://db.itkc.or.kr/people/viewEvnt?gubun=evntcate&cate1=Z&cate2=&dataId=ITKC_PH_1300A_0023
event_period,ITKC_PH_1294A_0357,거란의 1차 침입과 서희의 외교,"전쟁,

거란",고려,993년(성종 12) 윤10월,2,고려거란전쟁,https://db.itkc.or.kr/people/viewEvnt?gubun=evntera&cate1=Z&cate2=&dataId=ITKC_PH_1294A_0357
event_subject,ITKC_PH_1300A_0024,세종〔世宗〕,국왕,조선,세종,30,,https://db.itkc.or.kr/people/viewEvnt?gubun=evntcate&cate1=Z&cate2=&dataId=ITKC_PH_1300A_0024
event_subject,ITKC_PH_1300A_0026,세종대 찬술과 제작〔纂述制作〕,출판,조선,세종,23,,https://db.itkc.or.kr/people/viewEvnt?gubun=evntcate&cate1=Z&cate2=&dataId=ITKC_PH_1300A_0026
event_period,ITKC_PH_1294A_0563,이제현의 졸기,정치인,고려,1367년(공민왕 16) 7월,4,,https://db.itkc.or.kr/people/viewEvnt?gubun=evntera&cate1=Z&cate2=&dataId=ITKC_PH_1294A_0563
event_subject,ITKC_PH_1300A_0032,세종조의 상신〔世宗朝相臣〕,상신,조선,세종,14,,https://db.itkc.or.kr/people/viewEvnt?gubun=evntcate&cate1=Z&cate2=&dataId=ITKC_PH_1300A_0032
event_period,ITKC_PH_1294A_0564,오인택의 신돈 제거 모의,정치일반,고려,1367년(공민왕 16) 10월,6,,https://db.itkc.or.kr/people/viewEvnt?gubun=evntera&cate1=Z&cate2=&dataId=ITKC_PH_1294A_0564
event_subject,ITKC_PH_1300A_0033,세종조의 문형〔世宗朝文衡〕,문형,조선,세종,4,,https://db.itkc.or.kr/people/viewEvnt?gubun=evntcate&cate1=Z&cate2=&dataId=ITKC_PH_1300A_0033
event_period,ITKC_PH_1294A_0565,유숙과 김달상의 피살,정치일반,고려,1368년(공민왕 17) 9월,4,,https://db.itkc.or.kr/people/viewEvnt?gubun=evntera&cate1=Z&cate2=&dataId=ITKC_PH_1294A_0565
event_subject,ITKC_PH_1300A_0034,세종조의 유종〔世宗朝儒宗〕,유종,조선,세종,5,,https://db.itkc.or.kr/people/viewEvnt?gubun=evntcate&cate1=Z&cate2=&dataId=ITKC_PH_1300A_0034
event_period,ITKC_PH_1294A_0566,김정의 신돈 제거 모의,정치일반,고려,1368년(공민왕 17) 10월,7,,https://db.itkc.or.kr/people/viewEvnt?gubun=evntera&cate1=Z&cate2=&dataId=ITKC_PH_1294A_0566
event_subject,ITKC_PH_1300A_0035,세종조의 명신〔世宗朝名臣〕,명신,조선,세종,19,,https://db.itkc.or.kr/people/viewEvnt?gubun=evntcate&cate1=Z&cate2=&dataId=ITKC_PH_1300A_0035
event_period,ITKC_PH_1294A_0567,충주 천도 논의,천도,고려,1369년(공민왕 18) 8월,3,,https://db.itkc.or.kr/people/viewEvnt?gubun=evntera&cate1=Z&cate2=&dataId=ITKC_PH_1294A_0567
event_subject,ITKC_PH_1300A_0036,문종〔文宗〕,국왕,조선,문종,25,,https://db.itkc.or.kr/people/viewEvnt?gubun=evntcate&cate1=Z&cate2=&dataId=ITKC_PH_1300A_0036
event_period,ITKC_PH_1294A_0568,동녕부 정벌,정벌,고려,1370년(공민왕 19) 1월,2,공민왕의 반원개혁,https://db.itkc.or.kr/people/viewEvnt?gubun=evntera&cate1=Z&cate2=&dataId=ITKC_PH_1294A_0568
event_subject,ITKC_PH_1300A_0037,문종조의 상신〔文宗朝相臣〕,상신,조선,문종,1,,https://db.itkc.or.kr/people/viewEvnt?gubun=evntcate&cate1=Z&cate2=&dataId=ITKC_PH_1300A_0037
event_period,ITKC_PH_1294A_0569,이성계의 요성 공격,정벌,고려,1370년(공민왕 19) 11월,1,공민왕의 반원개혁,https://db.itkc.or.kr/people/viewEvnt?gubun=evntera&cate1=Z&cate2=&dataId=ITKC_PH_1294A_0569
event_subject,ITKC_PH_1300A_0038,문종조의 명신〔文宗朝名臣〕,명신,조선,문종,2,,https://db.itkc.or.kr/people/viewEvnt?gubun=evntcate&cate1=Z&cate2=&dataId=ITKC_PH_1300A_0038
event_period,ITKC_PH_1294A_0570,신돈의 역모사건,정변,고려,1371년(공민왕 20) 7월,5,,https://db.itkc.or.kr/people/viewEvnt?gubun=evntera&cate1=Z&cate2=&dataId=ITKC_PH_1294A_0570
event_period,ITKC_PH_1294A_0571,자제위 설치,기관,고려,1372년(공민왕 21) 10월,10,,https://db.itkc.or.kr/people/viewEvnt?gubun=evntera&cate1=Z&cate2=&dataId=ITKC_PH_1294A_0571
event_subject,ITKC_PH_1300A_0040,단종〔端宗〕,국왕,조선,단종,25,,https://db.itkc.or.kr/people/viewEvnt?gubun=evntcate&cate1=Z&cate2=&dataId=ITKC_PH_1300A_0040
event_period,ITKC_PH_1294A_0572,왜인추포만호 설치,"기관,

방비",고려,1374년(공민왕 23) 1월,2,,https://db.itkc.or.kr/people/viewEvnt?gubun=evntera&cate1=Z&cate2=&dataId=ITKC_PH_1294A_0572
event_subject,ITKC_PH_1300A_0047,단종조의 상신〔端宗朝相臣〕,상신,조선,단종,4,,https://db.itkc.or.kr/people/viewEvnt?gubun=evntcate&cate1=Z&cate2=&dataId=ITKC_PH_1300A_0047
event_subject,ITKC_PH_1300A_0048,정난에 죽은 신하들〔殉難諸臣〕,정변,조선,단종,29,계유정난,https://db.itkc.or.kr/people/viewEvnt?gubun=evntcate&cate1=Z&cate2=&dataId=ITKC_PH_1300A_0048
event_period,ITKC_PH_1294A_0358,서희의 졸기,정치인,고려,998년(목종 원년) 7월,2,고려거란전쟁,https://db.itkc.or.kr/people/viewEvnt?gubun=evntera&cate1=Z&cate2=&dataId=ITKC_PH_1294A_0358
event_subject,ITKC_PH_1300A_0049,세조〔世祖〕,국왕,조선,세조,27,,https://db.itkc.or.kr/people/viewEvnt?gubun=evntcate&cate1=Z&cate2=&dataId=ITKC_PH_1300A_0049
event_period,ITKC_PH_1294A_0573,공민왕 시해사건,"정변,

국왕",고려,1374년(공민왕 23) 9월,10,,https://db.itkc.or.kr/people/viewEvnt?gubun=evntera&cate1=Z&cate2=&dataId=ITKC_PH_1294A_0573
event_subject,ITKC_PH_1300A_0050,세조대의 찬술〔世祖纂述〕,출판,조선,세조,8,,https://db.itkc.or.kr/people/viewEvnt?gubun=evntcate&cate1=Z&cate2=&dataId=ITKC_PH_1300A_0050
event_period,ITKC_PH_1294A_0574,우왕의 즉위,국왕,고려,1374년(공민왕 23) 9월,6,,https://db.itkc.or.kr/people/viewEvnt?gubun=evntera&cate1=Z&cate2=&dataId=ITKC_PH_1294A_0574
event_subject,ITKC_PH_1300A_0053,세조조의 상신〔世祖朝相臣〕,상신,조선,세조,18,,https://db.itkc.or.kr/people/viewEvnt?gubun=evntcate&cate1=Z&cate2=&dataId=ITKC_PH_1300A_0053
event_period,ITKC_PH_1294A_0575,김자수의 항명,처결,고려,1375년(우왕 1) 11월,8,고려말 왜구 침공,https://db.itkc.or.kr/people/viewEvnt?gubun=evntera&cate1=Z&cate2=&dataId=ITKC_PH_1294A_0575
event_subject,ITKC_PH_1300A_0054,세조조의 명신〔世祖朝名臣〕,명신,조선,세조,19,,https://db.itkc.or.kr/people/viewEvnt?gubun=evntcate&cate1=Z&cate2=&dataId=ITKC_PH_1300A_0054
event_period,ITKC_PH_1294A_0576,홍산대첩,전쟁,고려,1376년(우왕 2) 7월,1,고려말 왜구 침공,https://db.itkc.or.kr/people/viewEvnt?gubun=evntera&cate1=Z&cate2=&dataId=ITKC_PH_1294A_0576
event_subject,ITKC_PH_1300A_0055,덕종고사〔德宗故事〕,국왕,조선,세조,18,,https://db.itkc.or.kr/people/viewEvnt?gubun=evntcate&cate1=Z&cate2=&dataId=ITKC_PH_1300A_0055
event_period,ITKC_PH_1294A_0577,지윤의 참수,처결,고려,1377년(우왕 3) 3월,13,,https://db.itkc.or.kr/people/viewEvnt?gubun=evntera&cate1=Z&cate2=&dataId=ITKC_PH_1294A_0577
event_subject,ITKC_PH_1300A_0056,예종〔睿宗〕,국왕,조선,예종,10,,https://db.itkc.or.kr/people/viewEvnt?gubun=evntcate&cate1=Z&cate2=&dataId=ITKC_PH_1300A_0056
event_period,ITKC_PH_1294A_0578,이성계의 해주전투,전쟁,고려,1377년(우왕 3) 9월,4,고려말 왜구 침공,https://db.itkc.or.kr/people/viewEvnt?gubun=evntera&cate1=Z&cate2=&dataId=ITKC_PH_1294A_0578
event_subject,ITKC_PH_1300A_0058,예종조의 상신〔睿宗朝相臣〕,상신,조선,예종,3,,https://db.itkc.or.kr/people/viewEvnt?gubun=evntcate&cate1=Z&cate2=&dataId=ITKC_PH_1300A_0058
event_period,ITKC_PH_1294A_0579,최영의 해풍전투,전쟁,고려,1378년(우왕 4) 4월,4,고려말 왜구 침공,https://db.itkc.or.kr/people/viewEvnt?gubun=evntera&cate1=Z&cate2=&dataId=ITKC_PH_1294A_0579
event_subject,ITKC_PH_1300A_0059,예종조의 문형〔睿宗朝文衡〕,문형,조선,예종,1,,https://db.itkc.or.kr/people/viewEvnt?gubun=evntcate&cate1=Z&cate2=&dataId=ITKC_PH_1300A_0059
event_period,ITKC_PH_1294A_0580,양백연의 처형,처결,고려,1379년(우왕 5) 7월,9,,https://db.itkc.or.kr/people/viewEvnt?gubun=evntera&cate1=Z&cate2=&dataId=ITKC_PH_1294A_0580
event_subject,ITKC_PH_1300A_0060,성종〔成宗〕,국왕,조선,성종,32,,https://db.itkc.or.kr/people/viewEvnt?gubun=evntcate&cate1=Z&cate2=&dataId=ITKC_PH_1300A_0060
event_period,ITKC_PH_1294A_0581,진포대첩,전쟁,고려,1380년(우왕 6) 8월,1,고려말 왜구 침공,https://db.itkc.or.kr/people/viewEvnt?gubun=evntera&cate1=Z&cate2=&dataId=ITKC_PH_1294A_0581
event_subject,ITKC_PH_1300A_0067,성종조의 상신〔成宗朝相臣〕,상신,조선,성종,10,,https://db.itkc.or.kr/people/viewEvnt?gubun=evntcate&cate1=Z&cate2=&dataId=ITKC_PH_1300A_0067
event_period,ITKC_PH_1294A_0582,황산대첩,전쟁,고려,1380년(우왕 6) 9월,4,고려말 왜구 침공,https://db.itkc.or.kr/people/viewEvnt?gubun=evntera&cate1=Z&cate2=&dataId=ITKC_PH_1294A_0582
event_subject,ITKC_PH_1300A_0068,성종조의 명신〔成宗朝名臣〕,명신,조선,성종,22,,https://db.itkc.or.kr/people/viewEvnt?gubun=evntcate&cate1=Z&cate2=&dataId=ITKC_PH_1300A_0068
event_period,ITKC_PH_1294A_0583,우왕의 한양천도,천도,고려,1382년(우왕 8) 8월,6,,https://db.itkc.or.kr/people/viewEvnt?gubun=evntera&cate1=Z&cate2=&dataId=ITKC_PH_1294A_0583
event_subject,ITKC_PH_1300A_0069,연산군〔燕山君〕,국왕,조선,연산군,23,,https://db.itkc.or.kr/people/viewEvnt?gubun=evntcate&cate1=Z&cate2=&dataId=ITKC_PH_1300A_0069
event_period,ITKC_PH_1294A_0584,관음포전투,전쟁,고려,1383년(우왕 9) 5월,2,고려말 왜구 침공,https://db.itkc.or.kr/people/viewEvnt?gubun=evntera&cate1=Z&cate2=&dataId=ITKC_PH_1294A_0584
event_period,ITKC_PH_1294A_0585,염흥방의 조반무고사건,고변/탄핵,고려,1388년(우왕 14) 1월,6,,https://db.itkc.or.kr/people/viewEvnt?gubun=evntera&cate1=Z&cate2=&dataId=ITKC_PH_1294A_0585
event_subject,ITKC_PH_1300A_0074,연산조의 상신〔燕山朝相臣〕,상신,조선,연산군,11,,https://db.itkc.or.kr/people/viewEvnt?gubun=evntcate&cate1=Z&cate2=&dataId=ITKC_PH_1300A_0074
event_period,ITKC_PH_1294A_0586,이인임의 실각,정변,고려,1388년(우왕 14) 1월,15,,https://db.itkc.or.kr/people/viewEvnt?gubun=evntera&cate1=Z&cate2=&dataId=ITKC_PH_1294A_0586
event_subject,ITKC_PH_1300A_0075,연산조의 문형〔燕山朝文衡〕,문형,조선,연산군,3,,https://db.itkc.or.kr/people/viewEvnt?gubun=evntcate&cate1=Z&cate2=&dataId=ITKC_PH_1300A_0075
event_period,ITKC_PH_1294A_0587,이인임의 유배,유배,고려,1388년(우왕 14) 1월,11,,https://db.itkc.or.kr/people/viewEvnt?gubun=evntera&cate1=Z&cate2=&dataId=ITKC_PH_1294A_0587
event_subject,ITKC_PH_1300A_0078,연산조의 절신〔燕山節臣〕,절신,조선,연산군,4,,https://db.itkc.or.kr/people/viewEvnt?gubun=evntcate&cate1=Z&cate2=&dataId=ITKC_PH_1300A_0078
event_period,ITKC_PH_1294A_0588,명나라의 철령위 설치,"기관,

명",고려,1388년(우왕 14) 3월,4,,https://db.itkc.or.kr/people/viewEvnt?gubun=evntera&cate1=Z&cate2=&dataId=ITKC_PH_1294A_0588
event_subject,ITKC_PH_1300A_0079,중종〔中宗〕,국왕,조선,중종,30,,https://db.itkc.or.kr/people/viewEvnt?gubun=evntcate&cate1=Z&cate2=&dataId=ITKC_PH_1300A_0079
event_period,ITKC_PH_1294A_0589,요동정벌계획,정벌,고려,1388년(우왕 14) 4월,17,,https://db.itkc.or.kr/people/viewEvnt?gubun=evntera&cate1=Z&cate2=&dataId=ITKC_PH_1294A_0589
event_subject,ITKC_PH_1300A_0099,중종조의 상신〔中宗朝相臣〕,상신,조선,중종,23,,https://db.itkc.or.kr/people/viewEvnt?gubun=evntcate&cate1=Z&cate2=&dataId=ITKC_PH_1300A_0099
event_period,ITKC_PH_1294A_0590,위화도회군,정변,고려,"1388년(우왕 14) 5월
~ 1388년(우왕 14) 6월",10,,https://db.itkc.or.kr/people/viewEvnt?gubun=evntera&cate1=Z&cate2=&dataId=ITKC_PH_1294A_0590
event_subject,ITKC_PH_1300A_0100,중종조의 문형〔中宗朝文衡〕,문형,조선,중종,7,,https://db.itkc.or.kr/people/viewEvnt?gubun=evntcate&cate1=Z&cate2=&dataId=ITKC_PH_1300A_0100
event_period,ITKC_PH_1294A_0591,창왕의 즉위,국왕,고려,1388년(우왕 14) 6월,7,,https://db.itkc.or.kr/people/viewEvnt?gubun=evntera&cate1=Z&cate2=&dataId=ITKC_PH_1294A_0591
event_subject,ITKC_PH_1300A_0101,중종조의 명신〔中宗朝名臣〕,명신,조선,중종,15,,https://db.itkc.or.kr/people/viewEvnt?gubun=evntcate&cate1=Z&cate2=&dataId=ITKC_PH_1300A_0101
event_subject,ITKC_PH_1300A_0102,중종조의 유일〔中宗朝遺逸〕,유일,조선,중종,2,,https://db.itkc.or.kr/people/viewEvnt?gubun=evntcate&cate1=Z&cate2=&dataId=ITKC_PH_1300A_0102
event_period,ITKC_PH_1294A_0592,박위의 대마도정벌,정벌,고려,1389년(공양왕 1) 2월,4,대마도 정벌,https://db.itkc.or.kr/people/viewEvnt?gubun=evntera&cate1=Z&cate2=&dataId=ITKC_PH_1294A_0592
event_subject,ITKC_PH_1300A_0103,인종〔仁宗〕,국왕,조선,인종,26,,https://db.itkc.or.kr/people/viewEvnt?gubun=evntcate&cate1=Z&cate2=&dataId=ITKC_PH_1300A_0103
event_period,ITKC_PH_1294A_0593,전제개혁 논의,"조세,

제도개혁",고려,1389년(공양왕 1) 4월,11,,https://db.itkc.or.kr/people/viewEvnt?gubun=evntera&cate1=Z&cate2=&dataId=ITKC_PH_1294A_0593
event_period,ITKC_PH_1294A_0594,김저의 우왕 복위 모의,국왕,고려,1389년(공양왕 1) 11월,8,,https://db.itkc.or.kr/people/viewEvnt?gubun=evntera&cate1=Z&cate2=&dataId=ITKC_PH_1294A_0594
event_subject,ITKC_PH_1300A_0104,인종조의 상신〔仁宗朝相臣〕,상신,조선,인종,2,,https://db.itkc.or.kr/people/viewEvnt?gubun=evntcate&cate1=Z&cate2=&dataId=ITKC_PH_1300A_0104
event_period,ITKC_PH_1294A_0595,공양왕의 즉위,국왕,고려,1389년(공양왕 1) 11월,20,,https://db.itkc.or.kr/people/viewEvnt?gubun=evntera&cate1=Z&cate2=&dataId=ITKC_PH_1294A_0595
event_subject,ITKC_PH_1300A_0105,인종조의 문형〔仁宗朝文衡〕,문형,조선,인종,1,,https://db.itkc.or.kr/people/viewEvnt?gubun=evntcate&cate1=Z&cate2=&dataId=ITKC_PH_1300A_0105
event_period,ITKC_PH_1294A_0596,회군공신 선정,공신/훈신,고려,1390년(공양왕 2) 4월,8,,https://db.itkc.or.kr/people/viewEvnt?gubun=evntera&cate1=Z&cate2=&dataId=ITKC_PH_1294A_0596
event_subject,ITKC_PH_1300A_0106,인종조의 명신〔仁宗朝名臣〕,명신,조선,인종,6,,https://db.itkc.or.kr/people/viewEvnt?gubun=evntcate&cate1=Z&cate2=&dataId=ITKC_PH_1300A_0106
event_period,ITKC_PH_1294A_0597,윤이·이초의 옥사,"옥사,

명",고려,1390년(공양왕 2) 5월,20,,https://db.itkc.or.kr/people/viewEvnt?gubun=evntera&cate1=Z&cate2=&dataId=ITKC_PH_1294A_0597
event_subject,ITKC_PH_1300A_0107,명종〔明宗〕,국왕,조선,명종,25,,https://db.itkc.or.kr/people/viewEvnt?gubun=evntcate&cate1=Z&cate2=&dataId=ITKC_PH_1300A_0107
event_period,ITKC_PH_1294A_0598,이성계 낙마 사건,정변,고려,"1392년(공양왕 4) 3월
~ 1392년(공양왕 4) 4월",15,,https://db.itkc.or.kr/people/viewEvnt?gubun=evntera&cate1=Z&cate2=&dataId=ITKC_PH_1294A_0598
event_subject,ITKC_PH_1300A_0114,순회세자〔順懷世子〕,세자,조선,명종,10,,https://db.itkc.or.kr/people/viewEvnt?gubun=evntcate&cate1=Z&cate2=&dataId=ITKC_PH_1300A_0114
event_subject,ITKC_PH_1300A_0117,윤원형에게 붙은 사람들〔黨附尹元衡諸人〕,정치일반,조선,명종,31,,https://db.itkc.or.kr/people/viewEvnt?gubun=evntcate&cate1=Z&cate2=&dataId=ITKC_PH_1300A_0117
event_subject,ITKC_PH_1300A_0119,명종조의 상신〔明宗朝相臣〕,상신,조선,명종,12,,https://db.itkc.or.kr/people/viewEvnt?gubun=evntcate&cate1=Z&cate2=&dataId=ITKC_PH_1300A_0119
event_period,ITKC_PH_1294A_0599,공양왕의 폐위와 고려의 멸망,국왕,고려,1392년(공양왕 4) 7월,6,,https://db.itkc.or.kr/people/viewEvnt?gubun=evntera&cate1=Z&cate2=&dataId=ITKC_PH_1294A_0599
event_period,ITKC_PH_1305A_0320,정몽주 피살사건〔鄭夢周 被殺事件〕,정변,고려,1392년(공양왕 4),12,,https://db.itkc.or.kr/people/viewEvnt?gubun=evntera&cate1=Z&cate2=&dataId=ITKC_PH_1305A_0320
event_subject,ITKC_PH_1300A_0120,명종조의 문형〔明宗朝文衡〕,문형,조선,명종,4,,https://db.itkc.or.kr/people/viewEvnt?gubun=evntcate&cate1=Z&cate2=&dataId=ITKC_PH_1300A_0120
event_period,ITKC_PH_1294A_0365,거란의 3차 침입,전쟁,고려,"1018년(현종 9) 12월
~ 1019년(현종 10) 2월",3,고려거란전쟁,https://db.itkc.or.kr/people/viewEvnt?gubun=evntera&cate1=Z&cate2=&dataId=ITKC_PH_1294A_0365
event_period,ITKC_PH_1294A_0366,귀주대첩〔龜州大捷〕,전쟁,고려,1019년(현종 10) 2월,1,고려거란전쟁,https://db.itkc.or.kr/people/viewEvnt?gubun=evntera&cate1=Z&cate2=&dataId=ITKC_PH_1294A_0366
event_subject,ITKC_PH_1300A_0121,명종조의 명신〔明宗朝名臣〕,명신,조선,명종,16,,https://db.itkc.or.kr/people/viewEvnt?gubun=evntcate&cate1=Z&cate2=&dataId=ITKC_PH_1300A_0121
event_period,ITKC_PH_1294A_0367,대거란항쟁 공신선정,"전쟁,

공신/훈신",고려,1019년(현종 10) 12월,2,고려거란전쟁,https://db.itkc.or.kr/people/viewEvnt?gubun=evntera&cate1=Z&cate2=&dataId=ITKC_PH_1294A_0367
event_subject,ITKC_PH_1300A_0122,명종조의 유일〔明宗朝遺逸〕,유일,조선,명종,13,,https://db.itkc.or.kr/people/viewEvnt?gubun=evntcate&cate1=Z&cate2=&dataId=ITKC_PH_1300A_0122
event_subject,ITKC_PH_1300A_0123,선조〔宣祖〕,국왕,조선,선조,29,,https://db.itkc.or.kr/people/viewEvnt?gubun=evntcate&cate1=Z&cate2=&dataId=ITKC_PH_1300A_0123
event_period,ITKC_PH_1294A_0368,거란에 끌려간 신하들,전쟁,고려,1020년(현종 11) 2월,0,고려거란전쟁,https://db.itkc.or.kr/people/viewEvnt?gubun=evntera&cate1=Z&cate2=&dataId=ITKC_PH_1294A_0368
event_subject,ITKC_PH_1300A_0125,선조의 덕행〔宣祖睿德〕,국왕,조선,선조,15,,https://db.itkc.or.kr/people/viewEvnt?gubun=evntcate&cate1=Z&cate2=&dataId=ITKC_PH_1300A_0125
event_period,ITKC_PH_1294A_0369,개경의 나성 축조,"방비,

건축",고려,1029년(현종 20) 8월,1,,https://db.itkc.or.kr/people/viewEvnt?gubun=evntera&cate1=Z&cate2=&dataId=ITKC_PH_1294A_0369
event_subject,ITKC_PH_1300A_0134,기축당적〔己丑黨籍〕,옥사,조선,선조,27,기축옥사,https://db.itkc.or.kr/people/viewEvnt?gubun=evntcate&cate1=Z&cate2=&dataId=ITKC_PH_1300A_0134
event_period,ITKC_PH_1294A_0370,거란의 조공요구와 고려의 회답,거란,고려,"1035년(정종 원년) 5월
~ 1035년(정종 원년) 6월",0,,https://db.itkc.or.kr/people/viewEvnt?gubun=evntera&cate1=Z&cate2=&dataId=ITKC_PH_1294A_0370
event_subject,ITKC_PH_1300A_0145,곽재우〔郭再祐〕,"인물기타,

왜(변)란",조선,선조,15,임진왜란,https://db.itkc.or.kr/people/viewEvnt?gubun=evntcate&cate1=Z&cate2=&dataId=ITKC_PH_1300A_0145
event_period,ITKC_PH_1294A_0375,거신의 반란,반란,고려,1072년(문종 26) 7월,2,,https://db.itkc.or.kr/people/viewEvnt?gubun=evntera&cate1=Z&cate2=&dataId=ITKC_PH_1294A_0375
event_period,ITKC_PH_1294A_0376,상공인 자손의 입사제한,제도개혁,고려,1073년(문종 27) 1월,0,,https://db.itkc.or.kr/people/viewEvnt?gubun=evntera&cate1=Z&cate2=&dataId=ITKC_PH_1294A_0376
event_subject,ITKC_PH_1300A_0146,"고경명, 유팽로〔高敬命, 柳彭老〕","인물기타,

왜(변)란",조선,선조,25,임진왜란,https://db.itkc.or.kr/people/viewEvnt?gubun=evntcate&cate1=Z&cate2=&dataId=ITKC_PH_1300A_0146
event_period,ITKC_PH_1294A_0377,동번 여진의 반란,반란,고려,1080년(문종 34) 12월,4,,https://db.itkc.or.kr/people/viewEvnt?gubun=evntera&cate1=Z&cate2=&dataId=ITKC_PH_1294A_0377
event_subject,ITKC_PH_1300A_0147,"정인홍, 손인갑, 김준민〔鄭仁弘, 孫仁甲, 金俊民〕","인물기타,

왜(변)란",조선,선조,16,임진왜란,https://db.itkc.or.kr/people/viewEvnt?gubun=evntcate&cate1=Z&cate2=&dataId=ITKC_PH_1300A_0147
event_period,ITKC_PH_1294A_0378,이자의의 난,반란,고려,1095년(헌종 원년) 7월,6,,https://db.itkc.or.kr/people/viewEvnt?gubun=evntera&cate1=Z&cate2=&dataId=ITKC_PH_1294A_0378
event_subject,ITKC_PH_1300A_0148,김면〔金沔〕,"인물기타,

왜(변)란",조선,선조,9,임진왜란,https://db.itkc.or.kr/people/viewEvnt?gubun=evntcate&cate1=Z&cate2=&dataId=ITKC_PH_1300A_0148
event_period,ITKC_PH_1294A_0379,정주성전투,전쟁,고려,"1104년(숙종 9) 1월
~ 1104년(숙종 9) 2월",2,고려여진전쟁,https://db.itkc.or.kr/people/viewEvnt?gubun=evntera&cate1=Z&cate2=&dataId=ITKC_PH_1294A_0379
event_subject,ITKC_PH_1300A_0149,"김천일, 양산숙〔金千鎰, 梁山璹〕","인물기타,

왜(변)란",조선,선조,17,임진왜란,https://db.itkc.or.kr/people/viewEvnt?gubun=evntcate&cate1=Z&cate2=&dataId=ITKC_PH_1300A_0149
event_subject,ITKC_PH_1300A_0150,"조헌, 영규, 변응정〔趙憲, 僧靈圭, 邊應井〕","인물기타,

왜(변)란",조선,선조,28,임진왜란,https://db.itkc.or.kr/people/viewEvnt?gubun=evntcate&cate1=Z&cate2=&dataId=ITKC_PH_1300A_0150
event_period,ITKC_PH_1294A_0380,해동비록 편찬,출판,고려,1106년(예종 원년) 3월,1,,https://db.itkc.or.kr/people/viewEvnt?gubun=evntera&cate1=Z&cate2=&dataId=ITKC_PH_1294A_0380
event_period,ITKC_PH_1294A_0381,서경 궁궐 축조,건축,고려,1107년(예종 2) 9월,4,,https://db.itkc.or.kr/people/viewEvnt?gubun=evntera&cate1=Z&cate2=&dataId=ITKC_PH_1294A_0381
event_subject,ITKC_PH_1300A_0151,"홍언수, 홍계남〔洪彦秀, 洪季男〕","인물기타,

왜(변)란",조선,선조,2,임진왜란,https://db.itkc.or.kr/people/viewEvnt?gubun=evntcate&cate1=Z&cate2=&dataId=ITKC_PH_1300A_0151
event_subject,ITKC_PH_1300A_0153,영남의병〔嶺南義兵〕,"인물기타,

왜(변)란",조선,선조,21,임진왜란,https://db.itkc.or.kr/people/viewEvnt?gubun=evntcate&cate1=Z&cate2=&dataId=ITKC_PH_1300A_0153
event_period,ITKC_PH_1294A_0382,윤관의 여진정벌,정벌,고려,1107년(예종 2) 12월,7,고려여진전쟁,https://db.itkc.or.kr/people/viewEvnt?gubun=evntera&cate1=Z&cate2=&dataId=ITKC_PH_1294A_0382
event_subject,ITKC_PH_1300A_0154,호남의병〔湖南義兵〕,"인물기타,

왜(변)란",조선,선조,8,임진왜란,https://db.itkc.or.kr/people/viewEvnt?gubun=evntcate&cate1=Z&cate2=&dataId=ITKC_PH_1300A_0154
event_period,ITKC_PH_1294A_0383,김인석의 반란,반란,고려,1112년(예종 7) 8월,0,,https://db.itkc.or.kr/people/viewEvnt?gubun=evntera&cate1=Z&cate2=&dataId=ITKC_PH_1294A_0383
event_subject,ITKC_PH_1300A_0155,호서의병〔湖西義兵〕,"인물기타,

왜(변)란",조선,선조,9,임진왜란,https://db.itkc.or.kr/people/viewEvnt?gubun=evntcate&cate1=Z&cate2=&dataId=ITKC_PH_1300A_0155
event_period,ITKC_PH_1294A_0384,고려인의 송나라 태학 입학,교육,고려,1115년(예종 10) 7월,1,,https://db.itkc.or.kr/people/viewEvnt?gubun=evntera&cate1=Z&cate2=&dataId=ITKC_PH_1294A_0384
event_subject,ITKC_PH_1300A_0156,경기의병〔京畿義兵〕,"인물기타,

왜(변)란",조선,선조,12,임진왜란,https://db.itkc.or.kr/people/viewEvnt?gubun=evntcate&cate1=Z&cate2=&dataId=ITKC_PH_1300A_0156
event_period,ITKC_PH_1294A_0385,이자겸의 집권,정변,고려,1122년(예종 17) 12월,7,,https://db.itkc.or.kr/people/viewEvnt?gubun=evntera&cate1=Z&cate2=&dataId=ITKC_PH_1294A_0385
event_subject,ITKC_PH_1300A_0157,해서의병〔海西義兵〕,"인물기타,

왜(변)란",조선,선조,10,임진왜란,https://db.itkc.or.kr/people/viewEvnt?gubun=evntcate&cate1=Z&cate2=&dataId=ITKC_PH_1300A_0157
event_period,ITKC_PH_1294A_0386,이자겸의 난,반란,고려,"1126년(인종 4) 2월
~ 1126년(인종 4) 5월",8,,https://db.itkc.or.kr/people/viewEvnt?gubun=evntera&cate1=Z&cate2=&dataId=ITKC_PH_1294A_0386
event_subject,ITKC_PH_1300A_0158,관서의병〔關西義兵〕,"인물기타,

왜(변)란",조선,선조,6,임진왜란,https://db.itkc.or.kr/people/viewEvnt?gubun=evntcate&cate1=Z&cate2=&dataId=ITKC_PH_1300A_0158
event_period,ITKC_PH_1294A_0387,척준경의 유배,유배,고려,1127년(인종 5) 3월,4,,https://db.itkc.or.kr/people/viewEvnt?gubun=evntera&cate1=Z&cate2=&dataId=ITKC_PH_1294A_0387
event_subject,ITKC_PH_1300A_0159,승려 의병장〔壬辰僧將〕,"인물기타,

왜(변)란",조선,선조,3,임진왜란,https://db.itkc.or.kr/people/viewEvnt?gubun=evntcate&cate1=Z&cate2=&dataId=ITKC_PH_1300A_0159
event_period,ITKC_PH_1294A_0388,인종의 서경행차,국왕,고려,1128년(인종 6) 8월,6,,https://db.itkc.or.kr/people/viewEvnt?gubun=evntera&cate1=Z&cate2=&dataId=ITKC_PH_1294A_0388
event_subject,ITKC_PH_1300A_0160,임진년의 장수들〔壬辰諸將〕,"인물기타,

왜(변)란",조선,선조,16,임진왜란,https://db.itkc.or.kr/people/viewEvnt?gubun=evntcate&cate1=Z&cate2=&dataId=ITKC_PH_1300A_0160
event_period,ITKC_PH_1294A_0389,묘청의 난,반란,고려,1135년(인종 13) 1월,6,,https://db.itkc.or.kr/people/viewEvnt?gubun=evntera&cate1=Z&cate2=&dataId=ITKC_PH_1294A_0389
event_subject,ITKC_PH_1300A_0163,김덕령〔金德齡〕,"인물기타,

왜(변)란",조선,선조,18,임진왜란,https://db.itkc.or.kr/people/viewEvnt?gubun=evntcate&cate1=Z&cate2=&dataId=ITKC_PH_1300A_0163
event_period,ITKC_PH_1294A_0390,정함의 서대 사건,정치일반,고려,1151년(의종 5) 윤4월,2,,https://db.itkc.or.kr/people/viewEvnt?gubun=evntera&cate1=Z&cate2=&dataId=ITKC_PH_1294A_0390
event_subject,ITKC_PH_1300A_0167,의병 총론〔摠論義兵〕,왜(변)란,조선,선조,9,임진왜란,https://db.itkc.or.kr/people/viewEvnt?gubun=evntcate&cate1=Z&cate2=&dataId=ITKC_PH_1300A_0167
event_period,ITKC_PH_1294A_0391,충허각의 연회,정치일반,고려,1156년(의종 10) 10월,5,,https://db.itkc.or.kr/people/viewEvnt?gubun=evntera&cate1=Z&cate2=&dataId=ITKC_PH_1294A_0391
event_subject,ITKC_PH_1300A_0168,여러 장수의 총론〔摠論諸將〕,왜(변)란,조선,선조,8,임진왜란,https://db.itkc.or.kr/people/viewEvnt?gubun=evntcate&cate1=Z&cate2=&dataId=ITKC_PH_1300A_0168
event_period,ITKC_PH_1294A_0392,대령후 왕경의 유배,유배,고려,1157년(의종 11) 2월,4,,https://db.itkc.or.kr/people/viewEvnt?gubun=evntera&cate1=Z&cate2=&dataId=ITKC_PH_1294A_0392
event_subject,ITKC_PH_1300A_0169,호성·선무·청난 공신〔錄扈聖宣武淸亂功〕,"왜(변)란,

공신/훈신",조선,선조,24,임진왜란,https://db.itkc.or.kr/people/viewEvnt?gubun=evntcate&cate1=Z&cate2=&dataId=ITKC_PH_1300A_0169
event_period,ITKC_PH_1294A_0393,수덕궁 건립,건축,고려,1157년(의종 11) 4월,3,,https://db.itkc.or.kr/people/viewEvnt?gubun=evntera&cate1=Z&cate2=&dataId=ITKC_PH_1294A_0393
event_subject,ITKC_PH_1300A_0178,선조조의 상신〔宣祖朝相臣〕,상신,조선,선조,34,,https://db.itkc.or.kr/people/viewEvnt?gubun=evntcate&cate1=Z&cate2=&dataId=ITKC_PH_1300A_0178
event_period,ITKC_PH_1294A_0394,정함의 탄핵과 복직,고변/탄핵,고려,"1158년(의종 12) 6월
~ 1158년(의종 12) 9월",4,,https://db.itkc.or.kr/people/viewEvnt?gubun=evntera&cate1=Z&cate2=&dataId=ITKC_PH_1294A_0394
event_subject,ITKC_PH_1300A_0179,선조조의 문형〔宣祖朝文衡〕,문형,조선,선조,16,,https://db.itkc.or.kr/people/viewEvnt?gubun=evntcate&cate1=Z&cate2=&dataId=ITKC_PH_1300A_0179
event_period,ITKC_PH_1294A_0395,중흥궐 건립,건축,고려,"1158년(의종 12) 8월
~ 1158년(의종 12) 9월",1,,https://db.itkc.or.kr/people/viewEvnt?gubun=evntera&cate1=Z&cate2=&dataId=ITKC_PH_1294A_0395
event_subject,ITKC_PH_1300A_0180,선조조의 유현〔宣祖朝儒賢〕,유현,조선,선조,12,,https://db.itkc.or.kr/people/viewEvnt?gubun=evntcate&cate1=Z&cate2=&dataId=ITKC_PH_1300A_0180
event_period,ITKC_PH_1294A_0396,문극겸의 환관 탄핵,고변/탄핵,고려,1163년(의종 17) 8월,3,,https://db.itkc.or.kr/people/viewEvnt?gubun=evntera&cate1=Z&cate2=&dataId=ITKC_PH_1294A_0396
event_subject,ITKC_PH_1300A_0181,선조조의 명신〔宣祖朝名臣〕,명신,조선,선조,28,,https://db.itkc.or.kr/people/viewEvnt?gubun=evntcate&cate1=Z&cate2=&dataId=ITKC_PH_1300A_0181
event_period,ITKC_PH_1294A_0397,의종의 관란사 행차,"국왕,

정치일반",고려,1165년(의종 19) 4월,1,,https://db.itkc.or.kr/people/viewEvnt?gubun=evntera&cate1=Z&cate2=&dataId=ITKC_PH_1294A_0397
event_subject,ITKC_PH_1300A_0182,광해군〔光海君〕,국왕,조선,광해군,4,,https://db.itkc.or.kr/people/viewEvnt?gubun=evntcate&cate1=Z&cate2=&dataId=ITKC_PH_1300A_0182
event_period,ITKC_PH_1294A_0398,김돈중의 화살 사건,"국왕,

정치일반",고려,1167년(의종 21) 1월,2,,https://db.itkc.or.kr/people/viewEvnt?gubun=evntera&cate1=Z&cate2=&dataId=ITKC_PH_1294A_0398
event_subject,ITKC_PH_1300A_0184,무신년의 당적〔戊申黨籍〕,"붕당,

정치일반",조선,광해군,28,,https://db.itkc.or.kr/people/viewEvnt?gubun=evntcate&cate1=Z&cate2=&dataId=ITKC_PH_1300A_0184
event_period,ITKC_PH_1294A_0399,의종의 현화사 행차,국왕,고려,"1167년(의종 21) 5월
~ 1167년(의종 21) 6월",2,,https://db.itkc.or.kr/people/viewEvnt?gubun=evntera&cate1=Z&cate2=&dataId=ITKC_PH_1294A_0399
event_subject,ITKC_PH_1300A_0201,광해군의 난정〔光海亂政〕,"정치일반,

국왕",조선,광해군,21,,https://db.itkc.or.kr/people/viewEvnt?gubun=evntcate&cate1=Z&cate2=&dataId=ITKC_PH_1300A_0201
event_period,ITKC_PH_1294A_0400,무신정변〔武臣政變〕,정변,고려,1170년(의종 24) 8월,5,무신정변,https://db.itkc.or.kr/people/viewEvnt?gubun=evntera&cate1=Z&cate2=&dataId=ITKC_PH_1294A_0400
event_subject,ITKC_PH_1300A_0202,과거의 폐단〔科場行私之弊〕,과거,조선,광해군,22,,https://db.itkc.or.kr/people/viewEvnt?gubun=evntcate&cate1=Z&cate2=&dataId=ITKC_PH_1300A_0202
event_period,ITKC_PH_1294A_0401,의종의 폐위와 명종의 즉위,"정변,

국왕",고려,1170년(의종 24) 9월,6,무신정변,https://db.itkc.or.kr/people/viewEvnt?gubun=evntera&cate1=Z&cate2=&dataId=ITKC_PH_1294A_0401
event_subject,ITKC_PH_1300A_0203,광해조의 상신〔光海朝相臣〕,상신,조선,광해군,6,,https://db.itkc.or.kr/people/viewEvnt?gubun=evntcate&cate1=Z&cate2=&dataId=ITKC_PH_1300A_0203
event_period,ITKC_PH_1294A_0402,무신정변 주역들의 공신책봉,"정변,

공신/훈신",고려,1170년(의종 24) 10월,4,무신정변,https://db.itkc.or.kr/people/viewEvnt?gubun=evntera&cate1=Z&cate2=&dataId=ITKC_PH_1294A_0402
event_subject,ITKC_PH_1300A_0204,광해조의 문형〔光海朝文衡〕,문형,조선,광해군,2,,https://db.itkc.or.kr/people/viewEvnt?gubun=evntcate&cate1=Z&cate2=&dataId=ITKC_PH_1300A_0204
event_period,ITKC_PH_1294A_0403,이의방의 이고 제거,정치일반,고려,1171년(명종 원년) 1월,2,무신정변,https://db.itkc.or.kr/people/viewEvnt?gubun=evntera&cate1=Z&cate2=&dataId=ITKC_PH_1294A_0403
event_subject,ITKC_PH_1300A_0205,광해조의 난신〔光海朝亂臣〕,난신,조선,광해군,2,,https://db.itkc.or.kr/people/viewEvnt?gubun=evntcate&cate1=Z&cate2=&dataId=ITKC_PH_1300A_0205
event_period,ITKC_PH_1294A_0404,김보당의 난,반란,고려,"1173년(명종 3) 8월
~ 1173년(명종 3) 9월",7,,https://db.itkc.or.kr/people/viewEvnt?gubun=evntera&cate1=Z&cate2=&dataId=ITKC_PH_1294A_0404
event_subject,ITKC_PH_1300A_0206,원종〔元宗〕,국왕,조선,원종,9,,https://db.itkc.or.kr/people/viewEvnt?gubun=evntcate&cate1=Z&cate2=&dataId=ITKC_PH_1300A_0206
event_subject,ITKC_PH_1300A_0207,인빈〔仁嬪〕,비빈,조선,원종,9,,https://db.itkc.or.kr/people/viewEvnt?gubun=evntcate&cate1=Z&cate2=&dataId=ITKC_PH_1300A_0207
event_period,ITKC_PH_1294A_0405,이의민의 의종 살해,"정치일반,

국왕",고려,1173년(명종 3) 10월,3,무신정변,https://db.itkc.or.kr/people/viewEvnt?gubun=evntera&cate1=Z&cate2=&dataId=ITKC_PH_1294A_0405
event_subject,ITKC_PH_1300A_0209,인조〔仁祖〕,국왕,조선,인조,23,,https://db.itkc.or.kr/people/viewEvnt?gubun=evntcate&cate1=Z&cate2=&dataId=ITKC_PH_1300A_0209
event_period,ITKC_PH_1294A_0406,개경 승도의 난,"반란,

종교",고려,1174년(명종 4) 1월,4,,https://db.itkc.or.kr/people/viewEvnt?gubun=evntera&cate1=Z&cate2=&dataId=ITKC_PH_1294A_0406
event_subject,ITKC_PH_1300A_0231,여러 장수의 사적〔諸將事蹟〕,호란,조선,인조,19,병자호란,https://db.itkc.or.kr/people/viewEvnt?gubun=evntcate&cate1=Z&cate2=&dataId=ITKC_PH_1300A_0231
event_period,ITKC_PH_1294A_0408,정중부의 이의방 제거,정치일반,고려,1174년(명종 4) 12월,5,무신정변,https://db.itkc.or.kr/people/viewEvnt?gubun=evntera&cate1=Z&cate2=&dataId=ITKC_PH_1294A_0408
event_subject,ITKC_PH_1300A_0234,독보〔獨步〕,"정치인,

호란",조선,인조,25,병자호란,https://db.itkc.or.kr/people/viewEvnt?gubun=evntcate&cate1=Z&cate2=&dataId=ITKC_PH_1300A_0234
event_period,ITKC_PH_1294A_0407,조위총의 난,반란,고려,"1174년(명종 4) 9월
~ 1176년(명종 6) 6월",7,,https://db.itkc.or.kr/people/viewEvnt?gubun=evntera&cate1=Z&cate2=&dataId=ITKC_PH_1294A_0407
event_subject,ITKC_PH_1300A_0244,인조조의 상신〔仁祖朝相臣〕,상신,조선,인조,23,,https://db.itkc.or.kr/people/viewEvnt?gubun=evntcate&cate1=Z&cate2=&dataId=ITKC_PH_1300A_0244
event_period,ITKC_PH_1294A_0409,망이·망소이의 난,민란,고려,"1176년(명종 6) 1월
~ 1177년(명종 7) 7월",2,,https://db.itkc.or.kr/people/viewEvnt?gubun=evntera&cate1=Z&cate2=&dataId=ITKC_PH_1294A_0409
event_subject,ITKC_PH_1300A_0245,인조조의 문형〔仁祖朝文衡〕,문형,조선,인조,12,,https://db.itkc.or.kr/people/viewEvnt?gubun=evntcate&cate1=Z&cate2=&dataId=ITKC_PH_1300A_0245
event_period,ITKC_PH_1294A_0410,경대승의 정중부 제거,정치일반,고려,1179년(명종 9) 9월,5,무신정변,https://db.itkc.or.kr/people/viewEvnt?gubun=evntera&cate1=Z&cate2=&dataId=ITKC_PH_1294A_0410
event_subject,ITKC_PH_1300A_0246,인조조의 유현〔仁祖朝儒賢〕,유현,조선,인조,14,,https://db.itkc.or.kr/people/viewEvnt?gubun=evntcate&cate1=Z&cate2=&dataId=ITKC_PH_1300A_0246
event_period,ITKC_PH_1294A_0411,죽동의 난,"민란,

노비",고려,"1182년(명종 12) 3월
~ 1182년(명종 12) 5월",0,,https://db.itkc.or.kr/people/viewEvnt?gubun=evntera&cate1=Z&cate2=&dataId=ITKC_PH_1294A_0411
event_period,ITKC_PH_1294A_0412,경대승의 사망,정치일반,고려,1183년(명종 13) 7월,4,무신정변,https://db.itkc.or.kr/people/viewEvnt?gubun=evntera&cate1=Z&cate2=&dataId=ITKC_PH_1294A_0412
event_subject,ITKC_PH_1300A_0247,인조조의 훈신〔仁祖朝勳臣〕,공신/훈신,조선,인조,17,,https://db.itkc.or.kr/people/viewEvnt?gubun=evntcate&cate1=Z&cate2=&dataId=ITKC_PH_1300A_0247
event_period,ITKC_PH_1294A_0413,소상팔경도 제작,출판,고려,1185년(명종 15) 3월,3,,https://db.itkc.or.kr/people/viewEvnt?gubun=evntera&cate1=Z&cate2=&dataId=ITKC_PH_1294A_0413
event_subject,ITKC_PH_1300A_0248,인조조의 명신〔仁祖朝名臣〕,명신,조선,인조,30,,https://db.itkc.or.kr/people/viewEvnt?gubun=evntcate&cate1=Z&cate2=&dataId=ITKC_PH_1300A_0248
event_subject,ITKC_PH_1300A_0249,효종〔孝宗〕,국왕,조선,효종,19,,https://db.itkc.or.kr/people/viewEvnt?gubun=evntcate&cate1=Z&cate2=&dataId=ITKC_PH_1300A_0249
event_period,ITKC_PH_1294A_0414,무관의 문관 겸직,제도개혁,고려,1186년(명종 16) 12월,2,무신정변,https://db.itkc.or.kr/people/viewEvnt?gubun=evntera&cate1=Z&cate2=&dataId=ITKC_PH_1294A_0414
event_subject,ITKC_PH_1300A_0250,효종의 예덕〔孝宗睿德〕,국왕,조선,효종,26,,https://db.itkc.or.kr/people/viewEvnt?gubun=evntcate&cate1=Z&cate2=&dataId=ITKC_PH_1300A_0250
event_period,ITKC_PH_1294A_0415,조원정의 난,반란,고려,1187년(명종 17) 7월,4,,https://db.itkc.or.kr/people/viewEvnt?gubun=evntera&cate1=Z&cate2=&dataId=ITKC_PH_1294A_0415
event_period,ITKC_PH_1294A_0416,김사미의 난,민란,고려,"1193년(명종 23) 7월
~ 1194년(명종 24) 7월",1,,https://db.itkc.or.kr/people/viewEvnt?gubun=evntera&cate1=Z&cate2=&dataId=ITKC_PH_1294A_0416
event_subject,ITKC_PH_1300A_0256,영릉〔寧陵〕,능묘,조선,효종,2,,https://db.itkc.or.kr/people/viewEvnt?gubun=evntcate&cate1=Z&cate2=&dataId=ITKC_PH_1300A_0256
event_subject,ITKC_PH_1300A_0257,효종조의 상신〔孝宗朝相臣〕,상신,조선,효종,14,,https://db.itkc.or.kr/people/viewEvnt?gubun=evntcate&cate1=Z&cate2=&dataId=ITKC_PH_1300A_0257
event_period,ITKC_PH_1294A_0417,최충헌의 이의민 제거,정치일반,고려,1196년(명종 26) 4월,4,최씨무인정권,https://db.itkc.or.kr/people/viewEvnt?gubun=evntera&cate1=Z&cate2=&dataId=ITKC_PH_1294A_0417
event_period,ITKC_PH_1294A_0418,최충헌의 집권,정변,고려,1196년(명종 26) 4월,2,최씨무인정권,https://db.itkc.or.kr/people/viewEvnt?gubun=evntera&cate1=Z&cate2=&dataId=ITKC_PH_1294A_0418
event_subject,ITKC_PH_1300A_0258,현종〔顯宗〕,국왕,조선,현종,9,,https://db.itkc.or.kr/people/viewEvnt?gubun=evntcate&cate1=Z&cate2=&dataId=ITKC_PH_1300A_0258
event_period,ITKC_PH_1294A_0419,명종의 폐위,"정변,

국왕",고려,1197년(명종 27) 9월,7,최씨무인정권,https://db.itkc.or.kr/people/viewEvnt?gubun=evntera&cate1=Z&cate2=&dataId=ITKC_PH_1294A_0419
event_subject,ITKC_PH_1300A_0259,현종의 예덕〔顯廟睿德〕,국왕,조선,현종,3,,https://db.itkc.or.kr/people/viewEvnt?gubun=evntcate&cate1=Z&cate2=&dataId=ITKC_PH_1300A_0259
event_period,ITKC_PH_1294A_0420,만적의 난,"민란,

노비",고려,1198년(신종 원년) 5월,1,,https://db.itkc.or.kr/people/viewEvnt?gubun=evntera&cate1=Z&cate2=&dataId=ITKC_PH_1294A_0420
event_subject,ITKC_PH_1300A_0268,현종조의 상신〔顯宗朝相臣〕,상신,조선,현종,4,,https://db.itkc.or.kr/people/viewEvnt?gubun=evntcate&cate1=Z&cate2=&dataId=ITKC_PH_1300A_0268
event_period,ITKC_PH_1294A_0421,김준거의 난,반란,고려,1199년(신종 2) 8월,1,,https://db.itkc.or.kr/people/viewEvnt?gubun=evntera&cate1=Z&cate2=&dataId=ITKC_PH_1294A_0421
event_subject,ITKC_PH_1300A_0270,송시열의 예론〔宋時烈朞三年服制辨〕,"예송,

붕당",조선,숙종,11,갑인예송,https://db.itkc.or.kr/people/viewEvnt?gubun=evntcate&cate1=Z&cate2=&dataId=ITKC_PH_1300A_0270
event_period,ITKC_PH_1294A_0423,도방의 복설,기관,고려,1200년(신종 3),4,최씨무인정권,https://db.itkc.or.kr/people/viewEvnt?gubun=evntera&cate1=Z&cate2=&dataId=ITKC_PH_1294A_0423
event_subject,ITKC_PH_1294A_0534,기삼만의 옥사,옥사,고려,"1347년(충목왕 3) 3월
~ 1347년(충목왕 3) 4월",4,원간섭기,https://db.itkc.or.kr/people/viewEvnt?gubun=evntcate&cate1=Z&cate2=&dataId=ITKC_PH_1294A_0534
event_period,ITKC_PH_1294A_0422,진주 노비 반란,"민란,

노비",고려,"1200년(신종 3) 4월
~ 1201년(신종 4) 3월",1,,https://db.itkc.or.kr/people/viewEvnt?gubun=evntera&cate1=Z&cate2=&dataId=ITKC_PH_1294A_0422
event_subject,ITKC_PH_1294A_0535,김륜의 강윤충 탄핵,고변/탄핵,고려,1348년(충목왕 4) 1월,7,,https://db.itkc.or.kr/people/viewEvnt?gubun=evntcate&cate1=Z&cate2=&dataId=ITKC_PH_1294A_0535
event_period,ITKC_PH_1294A_0425,박진재 숙청,유배,고려,1207년(희종 3) 5월,1,최씨무인정권,https://db.itkc.or.kr/people/viewEvnt?gubun=evntera&cate1=Z&cate2=&dataId=ITKC_PH_1294A_0425
event_subject,ITKC_PH_1294A_0536,충목왕의 사망,국왕,고려,1348년(충목왕 4) 12월,2,,https://db.itkc.or.kr/people/viewEvnt?gubun=evntcate&cate1=Z&cate2=&dataId=ITKC_PH_1294A_0536
event_period,ITKC_PH_1294A_0426,교정도감 설치,기관,고려,1209년(희종 5) 4월,1,최씨무인정권,https://db.itkc.or.kr/people/viewEvnt?gubun=evntera&cate1=Z&cate2=&dataId=ITKC_PH_1294A_0426
event_subject,ITKC_PH_1294A_0537,충정왕의 독살,국왕,고려,1352년(공민왕 1) 3월,3,,https://db.itkc.or.kr/people/viewEvnt?gubun=evntcate&cate1=Z&cate2=&dataId=ITKC_PH_1294A_0537
event_period,ITKC_PH_1294A_0427,희종의 폐위와 강종 옹립,"정변,

국왕",고려,1211년(희종 7) 12월,6,최씨무인정권,https://db.itkc.or.kr/people/viewEvnt?gubun=evntera&cate1=Z&cate2=&dataId=ITKC_PH_1294A_0427
event_subject,ITKC_PH_1294A_0538,조일신의 난,반란,고려,"1352년(공민왕 1) 9월
~ 1352년(공민왕 1) 10월",7,,https://db.itkc.or.kr/people/viewEvnt?gubun=evntcate&cate1=Z&cate2=&dataId=ITKC_PH_1294A_0538
event_period,ITKC_PH_1294A_0428,정진 무고 사건,유배,고려,1215년(고종 2) 11월,7,,https://db.itkc.or.kr/people/viewEvnt?gubun=evntera&cate1=Z&cate2=&dataId=ITKC_PH_1294A_0428
event_subject,ITKC_PH_1294A_0540,첨설직 설치,기관,고려,1354년(공민왕 3) 6월,6,,https://db.itkc.or.kr/people/viewEvnt?gubun=evntcate&cate1=Z&cate2=&dataId=ITKC_PH_1294A_0540
event_period,ITKC_PH_1294A_0429,거란의 영주 침입,전쟁,고려,1216년(고종 3) 8월,4,고려거란전쟁,https://db.itkc.or.kr/people/viewEvnt?gubun=evntera&cate1=Z&cate2=&dataId=ITKC_PH_1294A_0429
event_subject,ITKC_PH_1294A_0541,장사성토벌군 파병,"정벌,

원",고려,1354년(공민왕 3) 7월,3,원간섭기,https://db.itkc.or.kr/people/viewEvnt?gubun=evntcate&cate1=Z&cate2=&dataId=ITKC_PH_1294A_0541
event_period,ITKC_PH_1294A_0430,승려들의 최충헌 모살 사건,정치일반,고려,1217년(고종 4) 1월,2,최씨무인정권,https://db.itkc.or.kr/people/viewEvnt?gubun=evntera&cate1=Z&cate2=&dataId=ITKC_PH_1294A_0430
event_subject,ITKC_PH_1305A_0306,원나라 과거에 급제한 고려인,과거,고려,"1320년(충숙왕 7)
~ 1354년(공민왕 3)",5,원간섭기,https://db.itkc.or.kr/people/viewEvnt?gubun=evntcate&cate1=Z&cate2=&dataId=ITKC_PH_1305A_0306
event_period,ITKC_PH_1294A_0431,진위민란,민란,고려,1217년(고종 4) 1월,1,,https://db.itkc.or.kr/people/viewEvnt?gubun=evntera&cate1=Z&cate2=&dataId=ITKC_PH_1294A_0431
event_subject,ITKC_PH_1294A_0542,이자춘의 공민왕 입견,정치인,고려,1355년(공민왕 4) 12월,5,,https://db.itkc.or.kr/people/viewEvnt?gubun=evntcate&cate1=Z&cate2=&dataId=ITKC_PH_1294A_0542
event_period,ITKC_PH_1294A_0432,안주전투 패전,전쟁,고려,1217년(고종 4) 3월,2,고려거란전쟁,https://db.itkc.or.kr/people/viewEvnt?gubun=evntera&cate1=Z&cate2=&dataId=ITKC_PH_1294A_0432
event_subject,ITKC_PH_1294A_0543,기철일파 제거〔奇轍 除去〕,정치일반,고려,1356년(공민왕 5) 5월,14,공민왕의 반원개혁,https://db.itkc.or.kr/people/viewEvnt?gubun=evntcate&cate1=Z&cate2=&dataId=ITKC_PH_1294A_0543
event_period,ITKC_PH_1294A_0433,오군의 재편성,방비,고려,1217년(고종 4) 4월,2,고려거란전쟁,https://db.itkc.or.kr/people/viewEvnt?gubun=evntera&cate1=Z&cate2=&dataId=ITKC_PH_1294A_0433
event_subject,ITKC_PH_1294A_0544,쌍성총관부 출병,정벌,고려,1356년(공민왕 5) 5월,5,공민왕의 반원개혁,https://db.itkc.or.kr/people/viewEvnt?gubun=evntcate&cate1=Z&cate2=&dataId=ITKC_PH_1294A_0544
event_period,ITKC_PH_1294A_0434,최광수의 난,반란,고려,1217년(고종 4) 6월,3,,https://db.itkc.or.kr/people/viewEvnt?gubun=evntera&cate1=Z&cate2=&dataId=ITKC_PH_1294A_0434
event_subject,ITKC_PH_1294A_0545,임중보의 난,반란,고려,1356년(공민왕 5) 6월,2,,https://db.itkc.or.kr/people/viewEvnt?gubun=evntcate&cate1=Z&cate2=&dataId=ITKC_PH_1294A_0545
event_subject,ITKC_PH_1294A_0546,염철별감 파견,조세,고려,1357년(공민왕 6) 9월,6,,https://db.itkc.or.kr/people/viewEvnt?gubun=evntcate&cate1=Z&cate2=&dataId=ITKC_PH_1294A_0546
event_subject,ITKC_PH_1294A_0547,홍건적의 1차 침입,전쟁,고려,"1359년(공민왕 8) 2월
~ 1360년(공민왕 9) 2월",7,고려말 홍건적 침공,https://db.itkc.or.kr/people/viewEvnt?gubun=evntcate&cate1=Z&cate2=&dataId=ITKC_PH_1294A_0547
event_subject,ITKC_PH_1294A_0549,공민왕의 안동 파천,전쟁,고려,1361년(공민왕 10) 11월,6,고려말 홍건적 침공,https://db.itkc.or.kr/people/viewEvnt?gubun=evntcate&cate1=Z&cate2=&dataId=ITKC_PH_1294A_0549
event_period,ITKC_PH_1300A_0062,임사홍의 현석규 배척〔任士洪欲擠玄碩圭〕,정치일반,조선,1477년(성종 8) 7월,10,,https://db.itkc.or.kr/people/viewEvnt?gubun=evntera&cate1=Z&cate2=&dataId=ITKC_PH_1300A_0062
event_period,ITKC_PH_1300A_0152,진주성 함락과 명군 철병〔晉州城陷明兵撤還〕,왜(변)란,조선,"1593년(선조 26) 6월 20일
~ 1593년(선조 26) 6월 26일",28,임진왜란,https://db.itkc.or.kr/people/viewEvnt?gubun=evntera&cate1=Z&cate2=&dataId=ITKC_PH_1300A_0152
event_subject,ITKC_PH_1294A_0548,홍건적의 2차 침입,전쟁,고려,"1361년(공민왕 10) 10월
~ 1362년(공민왕 11) 1월",2,고려말 홍건적 침공,https://db.itkc.or.kr/people/viewEvnt?gubun=evntcate&cate1=Z&cate2=&dataId=ITKC_PH_1294A_0548
event_period,ITKC_PH_1300A_0233,청나라의 징병〔淸人徵兵〕,"청,

호란",조선,"1637년(인조 15)
~ 1673년(현종 14)",8,병자호란,https://db.itkc.or.kr/people/viewEvnt?gubun=evntera&cate1=Z&cate2=&dataId=ITKC_PH_1300A_0233
event_subject,ITKC_PH_1294A_0550,개경 수복,전쟁,고려,1362년(공민왕 11) 1월,8,고려말 홍건적 침공,https://db.itkc.or.kr/people/viewEvnt?gubun=evntcate&cate1=Z&cate2=&dataId=ITKC_PH_1294A_0550
event_period,ITKC_PH_1300A_0006,개국 정도〔開國定都〕,"정치일반,

천도",조선,태조,26,,https://db.itkc.or.kr/people/viewEvnt?gubun=evntera&cate1=Z&cate2=&dataId=ITKC_PH_1300A_0006
event_subject,ITKC_PH_1294A_0551,정세운 피살사건,정변,고려,1362년(공민왕 11) 1월,4,,https://db.itkc.or.kr/people/viewEvnt?gubun=evntcate&cate1=Z&cate2=&dataId=ITKC_PH_1294A_0551
event_subject,ITKC_PH_1294A_0552,안우·이방실·김득배 피살사건,정변,고려,1362년(공민왕 11) 2월,7,,https://db.itkc.or.kr/people/viewEvnt?gubun=evntcate&cate1=Z&cate2=&dataId=ITKC_PH_1294A_0552
event_period,ITKC_PH_1300A_0010,함흥주필〔咸興駐蹕〕,정치일반,조선,태조,7,,https://db.itkc.or.kr/people/viewEvnt?gubun=evntera&cate1=Z&cate2=&dataId=ITKC_PH_1300A_0010
event_period,ITKC_PH_1300A_0025,집현전 설치와 사가독서〔設集賢殿賜暇讀書〕,"기관,

사가독서",조선,세종,7,,https://db.itkc.or.kr/people/viewEvnt?gubun=evntera&cate1=Z&cate2=&dataId=ITKC_PH_1300A_0025
event_subject,ITKC_PH_1294A_0553,나하추와의 전투,전쟁,고려,1362년(공민왕 11) 7월,2,,https://db.itkc.or.kr/people/viewEvnt?gubun=evntcate&cate1=Z&cate2=&dataId=ITKC_PH_1294A_0553
event_period,ITKC_PH_1300A_0031,차원부의 설원〔車原頫雪冤〕,인물기타,조선,세종,8,,https://db.itkc.or.kr/people/viewEvnt?gubun=evntera&cate1=Z&cate2=&dataId=ITKC_PH_1300A_0031
event_subject,ITKC_PH_1294A_0554,흥왕사의 변,정변,고려,1363년(공민왕 12) 윤3월,7,,https://db.itkc.or.kr/people/viewEvnt?gubun=evntcate&cate1=Z&cate2=&dataId=ITKC_PH_1294A_0554
event_period,ITKC_PH_1300A_0063,임사홍 퇴출〔斥任士洪〕,정치일반,조선,성종,5,,https://db.itkc.or.kr/people/viewEvnt?gubun=evntera&cate1=Z&cate2=&dataId=ITKC_PH_1300A_0063
event_subject,ITKC_PH_1294A_0555,공민왕 폐위사건,정변,고려,1363년(공민왕 12) 5월,10,,https://db.itkc.or.kr/people/viewEvnt?gubun=evntcate&cate1=Z&cate2=&dataId=ITKC_PH_1294A_0555
event_period,ITKC_PH_1300A_0088,기묘사화의 근원〔己卯禍源〕,사화,조선,중종,30,기묘사화,https://db.itkc.or.kr/people/viewEvnt?gubun=evntera&cate1=Z&cate2=&dataId=ITKC_PH_1300A_0088
event_subject,ITKC_PH_1294A_0556,덕흥군의 고려침입,정변,고려,1363년(공민왕 12) 12월,5,,https://db.itkc.or.kr/people/viewEvnt?gubun=evntcate&cate1=Z&cate2=&dataId=ITKC_PH_1294A_0556
event_period,ITKC_PH_1300A_0098,대소윤의 정쟁〔大小尹爭權〕,정치일반,조선,중종,10,을사사화,https://db.itkc.or.kr/people/viewEvnt?gubun=evntera&cate1=Z&cate2=&dataId=ITKC_PH_1300A_0098
event_subject,ITKC_PH_1294A_0557,삼선·삼개의 난,반란,고려,1364년(공민왕 13) 1월,5,,https://db.itkc.or.kr/people/viewEvnt?gubun=evntcate&cate1=Z&cate2=&dataId=ITKC_PH_1294A_0557
event_subject,ITKC_PH_1294A_0558,이작도 해전,왜(변)란,고려,1364년(공민왕 13) 3월,1,고려말 왜구 침공,https://db.itkc.or.kr/people/viewEvnt?gubun=evntcate&cate1=Z&cate2=&dataId=ITKC_PH_1294A_0558
event_period,ITKC_PH_1300A_0108,대비의 수렴청정〔大妃垂簾〕,정치일반,조선,명종,10,,https://db.itkc.or.kr/people/viewEvnt?gubun=evntera&cate1=Z&cate2=&dataId=ITKC_PH_1300A_0108
event_subject,ITKC_PH_1294A_0559,신돈의 집권,정변,고려,1365년(공민왕 14) 5월,5,,https://db.itkc.or.kr/people/viewEvnt?gubun=evntcate&cate1=Z&cate2=&dataId=ITKC_PH_1294A_0559
event_period,ITKC_PH_1300A_0174,동서남북 붕당의 형성〔東西南北論分〕,붕당,조선,선조,27,,https://db.itkc.or.kr/people/viewEvnt?gubun=evntera&cate1=Z&cate2=&dataId=ITKC_PH_1300A_0174
event_subject,ITKC_PH_1294A_0560,전민추정도감 설치,"제도개혁,

기관",고려,1366년(공민왕 15) 5월,3,,https://db.itkc.or.kr/people/viewEvnt?gubun=evntcate&cate1=Z&cate2=&dataId=ITKC_PH_1294A_0560
event_period,ITKC_PH_1300A_0001,태조〔太祖〕,국왕,조선,태조,28,,https://db.itkc.or.kr/people/viewEvnt?gubun=evntera&cate1=Z&cate2=&dataId=ITKC_PH_1300A_0001
event_subject,ITKC_PH_1294A_0561,우왕의 출생 시비,국왕,고려,1366년(공민왕 15) 9월,4,,https://db.itkc.or.kr/people/viewEvnt?gubun=evntcate&cate1=Z&cate2=&dataId=ITKC_PH_1294A_0561
event_period,ITKC_PH_1300A_0002,선계〔璿系〕,"종실,

국왕",조선,태조,16,,https://db.itkc.or.kr/people/viewEvnt?gubun=evntera&cate1=Z&cate2=&dataId=ITKC_PH_1300A_0002
event_period,ITKC_PH_1300A_0003,잠룡 때 일〔潛龍時事〕,국왕,조선,태조,17,,https://db.itkc.or.kr/people/viewEvnt?gubun=evntera&cate1=Z&cate2=&dataId=ITKC_PH_1300A_0003
event_subject,ITKC_PH_1294A_0562,국학 재건,교육,고려,1367년(공민왕 16) 5월,6,,https://db.itkc.or.kr/people/viewEvnt?gubun=evntcate&cate1=Z&cate2=&dataId=ITKC_PH_1294A_0562
event_period,ITKC_PH_1300A_0004,고려말의 문란한 정사〔高麗政亂 王業肇基〕,정치일반,조선,태조,30,,https://db.itkc.or.kr/people/viewEvnt?gubun=evntera&cate1=Z&cate2=&dataId=ITKC_PH_1300A_0004
event_subject,ITKC_PH_1294A_0357,거란의 1차 침입과 서희의 외교,"전쟁,

거란",고려,993년(성종 12) 윤10월,2,고려거란전쟁,https://db.itkc.or.kr/people/viewEvnt?gubun=evntcate&cate1=Z&cate2=&dataId=ITKC_PH_1294A_0357
event_subject,ITKC_PH_1294A_0563,이제현의 졸기,정치인,고려,1367년(공민왕 16) 7월,4,,https://db.itkc.or.kr/people/viewEvnt?gubun=evntcate&cate1=Z&cate2=&dataId=ITKC_PH_1294A_0563
event_period,ITKC_PH_1300A_0005,절개를 지킨 고려의 신하〔高麗守節諸臣附〕,절신,조선,태조,27,,https://db.itkc.or.kr/people/viewEvnt?gubun=evntera&cate1=Z&cate2=&dataId=ITKC_PH_1300A_0005
event_subject,ITKC_PH_1294A_0564,오인택의 신돈 제거 모의,정치일반,고려,1367년(공민왕 16) 10월,6,,https://db.itkc.or.kr/people/viewEvnt?gubun=evntcate&cate1=Z&cate2=&dataId=ITKC_PH_1294A_0564
event_period,ITKC_PH_1300A_0011,정릉의 폐복〔貞陵廢復〕,정치일반,조선,태조,28,,https://db.itkc.or.kr/people/viewEvnt?gubun=evntera&cate1=Z&cate2=&dataId=ITKC_PH_1300A_0011
event_subject,ITKC_PH_1294A_0565,유숙과 김달상의 피살,정치일반,고려,1368년(공민왕 17) 9월,4,,https://db.itkc.or.kr/people/viewEvnt?gubun=evntcate&cate1=Z&cate2=&dataId=ITKC_PH_1294A_0565
event_period,ITKC_PH_1300A_0012,태조조의 상신〔太祖朝相臣〕,상신,조선,태조,5,,https://db.itkc.or.kr/people/viewEvnt?gubun=evntera&cate1=Z&cate2=&dataId=ITKC_PH_1300A_0012
event_subject,ITKC_PH_1294A_0566,김정의 신돈 제거 모의,정치일반,고려,1368년(공민왕 17) 10월,7,,https://db.itkc.or.kr/people/viewEvnt?gubun=evntcate&cate1=Z&cate2=&dataId=ITKC_PH_1294A_0566
event_period,ITKC_PH_1300A_0013,태조조의 문형〔太祖朝文衡〕,문형,조선,태조,1,,https://db.itkc.or.kr/people/viewEvnt?gubun=evntera&cate1=Z&cate2=&dataId=ITKC_PH_1300A_0013
event_subject,ITKC_PH_1294A_0567,충주 천도 논의,천도,고려,1369년(공민왕 18) 8월,3,,https://db.itkc.or.kr/people/viewEvnt?gubun=evntcate&cate1=Z&cate2=&dataId=ITKC_PH_1294A_0567
event_period,ITKC_PH_1300A_0014,태조조의 명신〔太祖朝名臣〕,명신,조선,태조,16,,https://db.itkc.or.kr/people/viewEvnt?gubun=evntera&cate1=Z&cate2=&dataId=ITKC_PH_1300A_0014
event_subject,ITKC_PH_1294A_0568,동녕부 정벌,정벌,고려,1370년(공민왕 19) 1월,2,공민왕의 반원개혁,https://db.itkc.or.kr/people/viewEvnt?gubun=evntcate&cate1=Z&cate2=&dataId=ITKC_PH_1294A_0568
event_period,ITKC_PH_1300A_0015,정종〔定宗〕,국왕,조선,정종,16,,https://db.itkc.or.kr/people/viewEvnt?gubun=evntera&cate1=Z&cate2=&dataId=ITKC_PH_1300A_0015
event_subject,ITKC_PH_1294A_0569,이성계의 요성 공격,정벌,고려,1370년(공민왕 19) 11월,1,공민왕의 반원개혁,https://db.itkc.or.kr/people/viewEvnt?gubun=evntcate&cate1=Z&cate2=&dataId=ITKC_PH_1294A_0569
event_period,ITKC_PH_1300A_0017,정종조의 상신〔定宗朝相臣〕,상신,조선,정종,5,,https://db.itkc.or.kr/people/viewEvnt?gubun=evntera&cate1=Z&cate2=&dataId=ITKC_PH_1300A_0017
event_subject,ITKC_PH_1294A_0570,신돈의 역모사건,정변,고려,1371년(공민왕 20) 7월,5,,https://db.itkc.or.kr/people/viewEvnt?gubun=evntcate&cate1=Z&cate2=&dataId=ITKC_PH_1294A_0570
event_period,ITKC_PH_1300A_0018,태종〔太宗〕,국왕,조선,태종,30,,https://db.itkc.or.kr/people/viewEvnt?gubun=evntera&cate1=Z&cate2=&dataId=ITKC_PH_1300A_0018
event_subject,ITKC_PH_1294A_0571,자제위 설치,기관,고려,1372년(공민왕 21) 10월,10,,https://db.itkc.or.kr/people/viewEvnt?gubun=evntcate&cate1=Z&cate2=&dataId=ITKC_PH_1294A_0571
event_period,ITKC_PH_1300A_0021,태종조의 상신〔太宗朝相臣〕,상신,조선,태종,9,,https://db.itkc.or.kr/people/viewEvnt?gubun=evntera&cate1=Z&cate2=&dataId=ITKC_PH_1300A_0021
event_subject,ITKC_PH_1294A_0572,왜인추포만호 설치,"기관,

방비",고려,1374년(공민왕 23) 1월,2,,https://db.itkc.or.kr/people/viewEvnt?gubun=evntcate&cate1=Z&cate2=&dataId=ITKC_PH_1294A_0572
event_period,ITKC_PH_1300A_0022,태종조의 문형〔太宗朝文衡〕,문형,조선,태종,1,,https://db.itkc.or.kr/people/viewEvnt?gubun=evntera&cate1=Z&cate2=&dataId=ITKC_PH_1300A_0022
event_subject,ITKC_PH_1294A_0358,서희의 졸기,정치인,고려,998년(목종 원년) 7월,2,고려거란전쟁,https://db.itkc.or.kr/people/viewEvnt?gubun=evntcate&cate1=Z&cate2=&dataId=ITKC_PH_1294A_0358
event_period,ITKC_PH_1300A_0023,태종조의 명신〔太宗朝名臣〕,명신,조선,태종,8,,https://db.itkc.or.kr/people/viewEvnt?gubun=evntera&cate1=Z&cate2=&dataId=ITKC_PH_1300A_0023
event_subject,ITKC_PH_1294A_0573,공민왕 시해사건,"정변,

국왕",고려,1374년(공민왕 23) 9월,10,,https://db.itkc.or.kr/people/viewEvnt?gubun=evntcate&cate1=Z&cate2=&dataId=ITKC_PH_1294A_0573
event_period,ITKC_PH_1300A_0024,세종〔世宗〕,국왕,조선,세종,30,,https://db.itkc.or.kr/people/viewEvnt?gubun=evntera&cate1=Z&cate2=&dataId=ITKC_PH_1300A_0024
event_subject,ITKC_PH_1294A_0574,우왕의 즉위,국왕,고려,1374년(공민왕 23) 9월,6,,https://db.itkc.or.kr/people/viewEvnt?gubun=evntcate&cate1=Z&cate2=&dataId=ITKC_PH_1294A_0574
event_period,ITKC_PH_1300A_0026,세종대 찬술과 제작〔纂述制作〕,출판,조선,세종,23,,https://db.itkc.or.kr/people/viewEvnt?gubun=evntera&cate1=Z&cate2=&dataId=ITKC_PH_1300A_0026
event_subject,ITKC_PH_1294A_0575,김자수의 항명,처결,고려,1375년(우왕 1) 11월,8,고려말 왜구 침공,https://db.itkc.or.kr/people/viewEvnt?gubun=evntcate&cate1=Z&cate2=&dataId=ITKC_PH_1294A_0575
event_period,ITKC_PH_1300A_0032,세종조의 상신〔世宗朝相臣〕,상신,조선,세종,14,,https://db.itkc.or.kr/people/viewEvnt?gubun=evntera&cate1=Z&cate2=&dataId=ITKC_PH_1300A_0032
event_subject,ITKC_PH_1294A_0576,홍산대첩,전쟁,고려,1376년(우왕 2) 7월,1,고려말 왜구 침공,https://db.itkc.or.kr/people/viewEvnt?gubun=evntcate&cate1=Z&cate2=&dataId=ITKC_PH_1294A_0576
event_period,ITKC_PH_1300A_0033,세종조의 문형〔世宗朝文衡〕,문형,조선,세종,4,,https://db.itkc.or.kr/people/viewEvnt?gubun=evntera&cate1=Z&cate2=&dataId=ITKC_PH_1300A_0033
event_subject,ITKC_PH_1294A_0577,지윤의 참수,처결,고려,1377년(우왕 3) 3월,13,,https://db.itkc.or.kr/people/viewEvnt?gubun=evntcate&cate1=Z&cate2=&dataId=ITKC_PH_1294A_0577
event_period,ITKC_PH_1300A_0034,세종조의 유종〔世宗朝儒宗〕,유종,조선,세종,5,,https://db.itkc.or.kr/people/viewEvnt?gubun=evntera&cate1=Z&cate2=&dataId=ITKC_PH_1300A_0034
event_period,ITKC_PH_1300A_0035,세종조의 명신〔世宗朝名臣〕,명신,조선,세종,19,,https://db.itkc.or.kr/people/viewEvnt?gubun=evntera&cate1=Z&cate2=&dataId=ITKC_PH_1300A_0035
event_subject,ITKC_PH_1294A_0578,이성계의 해주전투,전쟁,고려,1377년(우왕 3) 9월,4,고려말 왜구 침공,https://db.itkc.or.kr/people/viewEvnt?gubun=evntcate&cate1=Z&cate2=&dataId=ITKC_PH_1294A_0578
event_subject,ITKC_PH_1294A_0579,최영의 해풍전투,전쟁,고려,1378년(우왕 4) 4월,4,고려말 왜구 침공,https://db.itkc.or.kr/people/viewEvnt?gubun=evntcate&cate1=Z&cate2=&dataId=ITKC_PH_1294A_0579
event_period,ITKC_PH_1300A_0036,문종〔文宗〕,국왕,조선,문종,25,,https://db.itkc.or.kr/people/viewEvnt?gubun=evntera&cate1=Z&cate2=&dataId=ITKC_PH_1300A_0036
event_subject,ITKC_PH_1294A_0580,양백연의 처형,처결,고려,1379년(우왕 5) 7월,9,,https://db.itkc.or.kr/people/viewEvnt?gubun=evntcate&cate1=Z&cate2=&dataId=ITKC_PH_1294A_0580
event_period,ITKC_PH_1300A_0037,문종조의 상신〔文宗朝相臣〕,상신,조선,문종,1,,https://db.itkc.or.kr/people/viewEvnt?gubun=evntera&cate1=Z&cate2=&dataId=ITKC_PH_1300A_0037
event_subject,ITKC_PH_1294A_0581,진포대첩,전쟁,고려,1380년(우왕 6) 8월,1,고려말 왜구 침공,https://db.itkc.or.kr/people/viewEvnt?gubun=evntcate&cate1=Z&cate2=&dataId=ITKC_PH_1294A_0581
event_period,ITKC_PH_1300A_0038,문종조의 명신〔文宗朝名臣〕,명신,조선,문종,2,,https://db.itkc.or.kr/people/viewEvnt?gubun=evntera&cate1=Z&cate2=&dataId=ITKC_PH_1300A_0038
event_subject,ITKC_PH_1294A_0582,황산대첩,전쟁,고려,1380년(우왕 6) 9월,4,고려말 왜구 침공,https://db.itkc.or.kr/people/viewEvnt?gubun=evntcate&cate1=Z&cate2=&dataId=ITKC_PH_1294A_0582
event_period,ITKC_PH_1300A_0040,단종〔端宗〕,국왕,조선,단종,25,,https://db.itkc.or.kr/people/viewEvnt?gubun=evntera&cate1=Z&cate2=&dataId=ITKC_PH_1300A_0040
event_subject,ITKC_PH_1294A_0583,우왕의 한양천도,천도,고려,1382년(우왕 8) 8월,6,,https://db.itkc.or.kr/people/viewEvnt?gubun=evntcate&cate1=Z&cate2=&dataId=ITKC_PH_1294A_0583
event_period,ITKC_PH_1300A_0047,단종조의 상신〔端宗朝相臣〕,상신,조선,단종,4,,https://db.itkc.or.kr/people/viewEvnt?gubun=evntera&cate1=Z&cate2=&dataId=ITKC_PH_1300A_0047
event_subject,ITKC_PH_1294A_0584,관음포전투,전쟁,고려,1383년(우왕 9) 5월,2,고려말 왜구 침공,https://db.itkc.or.kr/people/viewEvnt?gubun=evntcate&cate1=Z&cate2=&dataId=ITKC_PH_1294A_0584
event_period,ITKC_PH_1300A_0048,정난에 죽은 신하들〔殉難諸臣〕,정변,조선,단종,29,계유정난,https://db.itkc.or.kr/people/viewEvnt?gubun=evntera&cate1=Z&cate2=&dataId=ITKC_PH_1300A_0048
event_subject,ITKC_PH_1294A_0585,염흥방의 조반무고사건,고변/탄핵,고려,1388년(우왕 14) 1월,6,,https://db.itkc.or.kr/people/viewEvnt?gubun=evntcate&cate1=Z&cate2=&dataId=ITKC_PH_1294A_0585
event_period,ITKC_PH_1300A_0049,세조〔世祖〕,국왕,조선,세조,27,,https://db.itkc.or.kr/people/viewEvnt?gubun=evntera&cate1=Z&cate2=&dataId=ITKC_PH_1300A_0049
event_subject,ITKC_PH_1294A_0586,이인임의 실각,정변,고려,1388년(우왕 14) 1월,15,,https://db.itkc.or.kr/people/viewEvnt?gubun=evntcate&cate1=Z&cate2=&dataId=ITKC_PH_1294A_0586
event_period,ITKC_PH_1300A_0050,세조대의 찬술〔世祖纂述〕,출판,조선,세조,8,,https://db.itkc.or.kr/people/viewEvnt?gubun=evntera&cate1=Z&cate2=&dataId=ITKC_PH_1300A_0050
event_subject,ITKC_PH_1294A_0587,이인임의 유배,유배,고려,1388년(우왕 14) 1월,11,,https://db.itkc.or.kr/people/viewEvnt?gubun=evntcate&cate1=Z&cate2=&dataId=ITKC_PH_1294A_0587
event_period,ITKC_PH_1300A_0053,세조조의 상신〔世祖朝相臣〕,상신,조선,세조,18,,https://db.itkc.or.kr/people/viewEvnt?gubun=evntera&cate1=Z&cate2=&dataId=ITKC_PH_1300A_0053
event_subject,ITKC_PH_1294A_0588,명나라의 철령위 설치,"기관,

명",고려,1388년(우왕 14) 3월,4,,https://db.itkc.or.kr/people/viewEvnt?gubun=evntcate&cate1=Z&cate2=&dataId=ITKC_PH_1294A_0588
event_period,ITKC_PH_1300A_0054,세조조의 명신〔世祖朝名臣〕,명신,조선,세조,19,,https://db.itkc.or.kr/people/viewEvnt?gubun=evntera&cate1=Z&cate2=&dataId=ITKC_PH_1300A_0054
event_subject,ITKC_PH_1294A_0589,요동정벌계획,정벌,고려,1388년(우왕 14) 4월,17,,https://db.itkc.or.kr/people/viewEvnt?gubun=evntcate&cate1=Z&cate2=&dataId=ITKC_PH_1294A_0589
event_period,ITKC_PH_1300A_0055,덕종고사〔德宗故事〕,국왕,조선,세조,18,,https://db.itkc.or.kr/people/viewEvnt?gubun=evntera&cate1=Z&cate2=&dataId=ITKC_PH_1300A_0055
event_subject,ITKC_PH_1294A_0590,위화도회군,정변,고려,"1388년(우왕 14) 5월
~ 1388년(우왕 14) 6월",10,,https://db.itkc.or.kr/people/viewEvnt?gubun=evntcate&cate1=Z&cate2=&dataId=ITKC_PH_1294A_0590
event_period,ITKC_PH_1300A_0056,예종〔睿宗〕,국왕,조선,예종,10,,https://db.itkc.or.kr/people/viewEvnt?gubun=evntera&cate1=Z&cate2=&dataId=ITKC_PH_1300A_0056
event_subject,ITKC_PH_1294A_0591,창왕의 즉위,국왕,고려,1388년(우왕 14) 6월,7,,https://db.itkc.or.kr/people/viewEvnt?gubun=evntcate&cate1=Z&cate2=&dataId=ITKC_PH_1294A_0591
event_period,ITKC_PH_1300A_0058,예종조의 상신〔睿宗朝相臣〕,상신,조선,예종,3,,https://db.itkc.or.kr/people/viewEvnt?gubun=evntera&cate1=Z&cate2=&dataId=ITKC_PH_1300A_0058
event_subject,ITKC_PH_1294A_0592,박위의 대마도정벌,정벌,고려,1389년(공양왕 1) 2월,4,대마도 정벌,https://db.itkc.or.kr/people/viewEvnt?gubun=evntcate&cate1=Z&cate2=&dataId=ITKC_PH_1294A_0592
event_period,ITKC_PH_1300A_0059,예종조의 문형〔睿宗朝文衡〕,문형,조선,예종,1,,https://db.itkc.or.kr/people/viewEvnt?gubun=evntera&cate1=Z&cate2=&dataId=ITKC_PH_1300A_0059
event_subject,ITKC_PH_1294A_0593,전제개혁 논의,"조세,

제도개혁",고려,1389년(공양왕 1) 4월,11,,https://db.itkc.or.kr/people/viewEvnt?gubun=evntcate&cate1=Z&cate2=&dataId=ITKC_PH_1294A_0593
event_period,ITKC_PH_1300A_0060,성종〔成宗〕,국왕,조선,성종,32,,https://db.itkc.or.kr/people/viewEvnt?gubun=evntera&cate1=Z&cate2=&dataId=ITKC_PH_1300A_0060
event_subject,ITKC_PH_1294A_0594,김저의 우왕 복위 모의,국왕,고려,1389년(공양왕 1) 11월,8,,https://db.itkc.or.kr/people/viewEvnt?gubun=evntcate&cate1=Z&cate2=&dataId=ITKC_PH_1294A_0594
event_period,ITKC_PH_1300A_0067,성종조의 상신〔成宗朝相臣〕,상신,조선,성종,10,,https://db.itkc.or.kr/people/viewEvnt?gubun=evntera&cate1=Z&cate2=&dataId=ITKC_PH_1300A_0067
event_subject,ITKC_PH_1294A_0595,공양왕의 즉위,국왕,고려,1389년(공양왕 1) 11월,20,,https://db.itkc.or.kr/people/viewEvnt?gubun=evntcate&cate1=Z&cate2=&dataId=ITKC_PH_1294A_0595
event_period,ITKC_PH_1300A_0068,성종조의 명신〔成宗朝名臣〕,명신,조선,성종,22,,https://db.itkc.or.kr/people/viewEvnt?gubun=evntera&cate1=Z&cate2=&dataId=ITKC_PH_1300A_0068
event_subject,ITKC_PH_1294A_0596,회군공신 선정,공신/훈신,고려,1390년(공양왕 2) 4월,8,,https://db.itkc.or.kr/people/viewEvnt?gubun=evntcate&cate1=Z&cate2=&dataId=ITKC_PH_1294A_0596
event_subject,ITKC_PH_1294A_0597,윤이·이초의 옥사,"옥사,

명",고려,1390년(공양왕 2) 5월,20,,https://db.itkc.or.kr/people/viewEvnt?gubun=evntcate&cate1=Z&cate2=&dataId=ITKC_PH_1294A_0597
event_period,ITKC_PH_1300A_0069,연산군〔燕山君〕,국왕,조선,연산군,23,,https://db.itkc.or.kr/people/viewEvnt?gubun=evntera&cate1=Z&cate2=&dataId=ITKC_PH_1300A_0069
event_subject,ITKC_PH_1294A_0598,이성계 낙마 사건,정변,고려,"1392년(공양왕 4) 3월
~ 1392년(공양왕 4) 4월",15,,https://db.itkc.or.kr/people/viewEvnt?gubun=evntcate&cate1=Z&cate2=&dataId=ITKC_PH_1294A_0598
event_subject,ITKC_PH_1294A_0599,공양왕의 폐위와 고려의 멸망,국왕,고려,1392년(공양왕 4) 7월,6,,https://db.itkc.or.kr/people/viewEvnt?gubun=evntcate&cate1=Z&cate2=&dataId=ITKC_PH_1294A_0599
event_period,ITKC_PH_1300A_0074,연산조의 상신〔燕山朝相臣〕,상신,조선,연산군,11,,https://db.itkc.or.kr/people/viewEvnt?gubun=evntera&cate1=Z&cate2=&dataId=ITKC_PH_1300A_0074
event_subject,ITKC_PH_1305A_0320,정몽주 피살사건〔鄭夢周 被殺事件〕,정변,고려,1392년(공양왕 4),12,,https://db.itkc.or.kr/people/viewEvnt?gubun=evntcate&cate1=Z&cate2=&dataId=ITKC_PH_1305A_0320
event_period,ITKC_PH_1300A_0075,연산조의 문형〔燕山朝文衡〕,문형,조선,연산군,3,,https://db.itkc.or.kr/people/viewEvnt?gubun=evntera&cate1=Z&cate2=&dataId=ITKC_PH_1300A_0075
event_subject,ITKC_PH_1305A_0331,패관문학 작가의 계보〔稗官文學 作家 系譜〕,인물기타,조선,,15,,https://db.itkc.or.kr/people/viewEvnt?gubun=evntcate&cate1=Z&cate2=&dataId=ITKC_PH_1305A_0331
event_period,ITKC_PH_1300A_0078,연산조의 절신〔燕山節臣〕,절신,조선,연산군,4,,https://db.itkc.or.kr/people/viewEvnt?gubun=evntera&cate1=Z&cate2=&dataId=ITKC_PH_1300A_0078
event_subject,ITKC_PH_1300A_0007,왕씨들의 유배〔流配諸王氏〕,"정치일반,

유배",조선,1394년(태조 3) 2월 26일,5,,https://db.itkc.or.kr/people/viewEvnt?gubun=evntcate&cate1=Z&cate2=&dataId=ITKC_PH_1300A_0007
event_period,ITKC_PH_1300A_0079,중종〔中宗〕,국왕,조선,중종,30,,https://db.itkc.or.kr/people/viewEvnt?gubun=evntera&cate1=Z&cate2=&dataId=ITKC_PH_1300A_0079
event_subject,ITKC_PH_1300A_0008,태종정사〔太宗定社〕,정변,조선,1398년(태조 7) 8월 26일,24,왕자의 난,https://db.itkc.or.kr/people/viewEvnt?gubun=evntcate&cate1=Z&cate2=&dataId=ITKC_PH_1300A_0008
event_period,ITKC_PH_1300A_0099,중종조의 상신〔中宗朝相臣〕,상신,조선,중종,23,,https://db.itkc.or.kr/people/viewEvnt?gubun=evntera&cate1=Z&cate2=&dataId=ITKC_PH_1300A_0099
event_subject,ITKC_PH_1300A_0009,방간의 난〔芳幹之亂〕,정변,조선,1400년(정종 2) 1월 28일,12,왕자의 난,https://db.itkc.or.kr/people/viewEvnt?gubun=evntcate&cate1=Z&cate2=&dataId=ITKC_PH_1300A_0009
event_period,ITKC_PH_1300A_0100,중종조의 문형〔中宗朝文衡〕,문형,조선,중종,7,,https://db.itkc.or.kr/people/viewEvnt?gubun=evntera&cate1=Z&cate2=&dataId=ITKC_PH_1300A_0100
event_period,ITKC_PH_1300A_0101,중종조의 명신〔中宗朝名臣〕,명신,조선,중종,15,,https://db.itkc.or.kr/people/viewEvnt?gubun=evntera&cate1=Z&cate2=&dataId=ITKC_PH_1300A_0101
event_subject,ITKC_PH_1300A_0016,조준의 옥사〔趙浚下獄〕,정치일반,조선,1400년(정종 2) 8월 1일,12,,https://db.itkc.or.kr/people/viewEvnt?gubun=evntcate&cate1=Z&cate2=&dataId=ITKC_PH_1300A_0016
event_period,ITKC_PH_1300A_0102,중종조의 유일〔中宗朝遺逸〕,유일,조선,중종,2,,https://db.itkc.or.kr/people/viewEvnt?gubun=evntera&cate1=Z&cate2=&dataId=ITKC_PH_1300A_0102
event_subject,ITKC_PH_1300A_0019,민무구의 옥사〔閔無咎獄〕,옥사,조선,"1407년(태종 7)
~ 1416년(태종 16)",12,,https://db.itkc.or.kr/people/viewEvnt?gubun=evntcate&cate1=Z&cate2=&dataId=ITKC_PH_1300A_0019
event_subject,ITKC_PH_1300A_0027,강상인의 옥사〔姜尙仁之獄〕,옥사,조선,"1418년(세종 즉위) 8월 25일
~ 1418년(세종 즉위) 11월 26일",19,,https://db.itkc.or.kr/people/viewEvnt?gubun=evntcate&cate1=Z&cate2=&dataId=ITKC_PH_1300A_0027
event_period,ITKC_PH_1300A_0103,인종〔仁宗〕,국왕,조선,인종,26,,https://db.itkc.or.kr/people/viewEvnt?gubun=evntera&cate1=Z&cate2=&dataId=ITKC_PH_1300A_0103
event_subject,ITKC_PH_1300A_0020,양녕대군의 폐위〔讓寧之廢〕,세자,조선,1418년(태종 18) 6월 3일,18,,https://db.itkc.or.kr/people/viewEvnt?gubun=evntcate&cate1=Z&cate2=&dataId=ITKC_PH_1300A_0020
event_period,ITKC_PH_1300A_0104,인종조의 상신〔仁宗朝相臣〕,상신,조선,인종,2,,https://db.itkc.or.kr/people/viewEvnt?gubun=evntera&cate1=Z&cate2=&dataId=ITKC_PH_1300A_0104
event_subject,ITKC_PH_1300A_0028,왜를 정벌한 병역〔征倭之役〕,정벌,조선,"1419년(세종 1) 5월 14일
~ 1419년(세종 1) 7월 3일",9,,https://db.itkc.or.kr/people/viewEvnt?gubun=evntcate&cate1=Z&cate2=&dataId=ITKC_PH_1300A_0028
event_period,ITKC_PH_1300A_0105,인종조의 문형〔仁宗朝文衡〕,문형,조선,인종,1,,https://db.itkc.or.kr/people/viewEvnt?gubun=evntera&cate1=Z&cate2=&dataId=ITKC_PH_1300A_0105
event_period,ITKC_PH_1300A_0106,인종조의 명신〔仁宗朝名臣〕,명신,조선,인종,6,,https://db.itkc.or.kr/people/viewEvnt?gubun=evntera&cate1=Z&cate2=&dataId=ITKC_PH_1300A_0106
event_subject,ITKC_PH_1300A_0029,야인 토벌〔討野人〕,정벌,조선,"1433년(세종 15)
~ 1437년(세종 19)",20,여진정벌,https://db.itkc.or.kr/people/viewEvnt?gubun=evntcate&cate1=Z&cate2=&dataId=ITKC_PH_1300A_0029
event_subject,ITKC_PH_1300A_0030,육진개척〔開拓六鎭〕,"정벌,

방비",조선,"1434년(세종 16)
~ 1449년(세종 31)",16,,https://db.itkc.or.kr/people/viewEvnt?gubun=evntcate&cate1=Z&cate2=&dataId=ITKC_PH_1300A_0030
event_period,ITKC_PH_1300A_0107,명종〔明宗〕,국왕,조선,명종,25,,https://db.itkc.or.kr/people/viewEvnt?gubun=evntera&cate1=Z&cate2=&dataId=ITKC_PH_1300A_0107
event_period,ITKC_PH_1300A_0114,순회세자〔順懷世子〕,세자,조선,명종,10,,https://db.itkc.or.kr/people/viewEvnt?gubun=evntera&cate1=Z&cate2=&dataId=ITKC_PH_1300A_0114
event_subject,ITKC_PH_1294A_0600,고려사절요 편수관명단,출판,조선,1452년(문종 2) 3월,24,,https://db.itkc.or.kr/people/viewEvnt?gubun=evntcate&cate1=Z&cate2=&dataId=ITKC_PH_1294A_0600
event_period,ITKC_PH_1300A_0117,윤원형에게 붙은 사람들〔黨附尹元衡諸人〕,정치일반,조선,명종,31,,https://db.itkc.or.kr/people/viewEvnt?gubun=evntera&cate1=Z&cate2=&dataId=ITKC_PH_1300A_0117
event_subject,ITKC_PH_1300A_0041,세조의 정난〔世祖靖難〕,정변,조선,1453년(단종 1) 10월 10일,23,계유정난,https://db.itkc.or.kr/people/viewEvnt?gubun=evntcate&cate1=Z&cate2=&dataId=ITKC_PH_1300A_0041
event_period,ITKC_PH_1300A_0119,명종조의 상신〔明宗朝相臣〕,상신,조선,명종,12,,https://db.itkc.or.kr/people/viewEvnt?gubun=evntera&cate1=Z&cate2=&dataId=ITKC_PH_1300A_0119
event_subject,ITKC_PH_1300A_0042,이징옥의 난〔李澄玉之亂〕,반란,조선,1453년(단종 1) 10월,9,,https://db.itkc.or.kr/people/viewEvnt?gubun=evntcate&cate1=Z&cate2=&dataId=ITKC_PH_1300A_0042
event_period,ITKC_PH_1300A_0120,명종조의 문형〔明宗朝文衡〕,문형,조선,명종,4,,https://db.itkc.or.kr/people/viewEvnt?gubun=evntera&cate1=Z&cate2=&dataId=ITKC_PH_1300A_0120
event_subject,ITKC_PH_1300A_0043,단종비의 책봉〔端宗冊妃〕,비빈,조선,1454년(단종 2) 1월 22일,9,,https://db.itkc.or.kr/people/viewEvnt?gubun=evntcate&cate1=Z&cate2=&dataId=ITKC_PH_1300A_0043
event_subject,ITKC_PH_1300A_0044,육신의 상왕복위모의〔六臣謀復上王〕,옥사,조선,"1456년(세조 2) 6월 2일
~ 1456년(세조 2) 6월 9일",27,단종복위운동,https://db.itkc.or.kr/people/viewEvnt?gubun=evntcate&cate1=Z&cate2=&dataId=ITKC_PH_1300A_0044
event_period,ITKC_PH_1300A_0121,명종조의 명신〔明宗朝名臣〕,명신,조선,명종,16,,https://db.itkc.or.kr/people/viewEvnt?gubun=evntera&cate1=Z&cate2=&dataId=ITKC_PH_1300A_0121
event_subject,ITKC_PH_1300A_0045,금성대군 옥사와 단종 승하〔錦城之獄 端宗上昇〕,옥사,조선,"1457년(세조 3) 6월 27일
~ 1457년(세조 3) 10월 21일",13,단종복위운동,https://db.itkc.or.kr/people/viewEvnt?gubun=evntcate&cate1=Z&cate2=&dataId=ITKC_PH_1300A_0045
event_period,ITKC_PH_1300A_0122,명종조의 유일〔明宗朝遺逸〕,유일,조선,명종,13,,https://db.itkc.or.kr/people/viewEvnt?gubun=evntera&cate1=Z&cate2=&dataId=ITKC_PH_1300A_0122
event_subject,ITKC_PH_1300A_0051,이시애의 난〔李施愛之亂〕,반란,조선,"1467년(세조 13) 5월
~ 1467년(세조 13) 8월",19,,https://db.itkc.or.kr/people/viewEvnt?gubun=evntcate&cate1=Z&cate2=&dataId=ITKC_PH_1300A_0051
event_period,ITKC_PH_1300A_0123,선조〔宣祖〕,국왕,조선,선조,29,,https://db.itkc.or.kr/people/viewEvnt?gubun=evntera&cate1=Z&cate2=&dataId=ITKC_PH_1300A_0123
event_subject,ITKC_PH_1300A_0052,건주위 야인 정벌〔征建州衛野人〕,정벌,조선,1467년(세조 13),13,여진정벌,https://db.itkc.or.kr/people/viewEvnt?gubun=evntcate&cate1=Z&cate2=&dataId=ITKC_PH_1300A_0052
event_period,ITKC_PH_1300A_0125,선조의 덕행〔宣祖睿德〕,국왕,조선,선조,15,,https://db.itkc.or.kr/people/viewEvnt?gubun=evntera&cate1=Z&cate2=&dataId=ITKC_PH_1300A_0125
event_subject,ITKC_PH_1300A_0057,남이의 옥〔南怡之獄〕,옥사,조선,"1468년(예종 즉위) 10월 24일
~ 1468년(예종 즉위) 10월 30일",9,,https://db.itkc.or.kr/people/viewEvnt?gubun=evntcate&cate1=Z&cate2=&dataId=ITKC_PH_1300A_0057
event_period,ITKC_PH_1300A_0134,기축당적〔己丑黨籍〕,옥사,조선,선조,27,기축옥사,https://db.itkc.or.kr/people/viewEvnt?gubun=evntera&cate1=Z&cate2=&dataId=ITKC_PH_1300A_0134
event_subject,ITKC_PH_1300A_0061,귀성군의 안치〔龜城君 安置〕,유배,조선,1470년(성종 1) 1월 14일,7,,https://db.itkc.or.kr/people/viewEvnt?gubun=evntcate&cate1=Z&cate2=&dataId=ITKC_PH_1300A_0061
event_period,ITKC_PH_1300A_0145,곽재우〔郭再祐〕,"인물기타,

왜(변)란",조선,선조,15,임진왜란,https://db.itkc.or.kr/people/viewEvnt?gubun=evntera&cate1=Z&cate2=&dataId=ITKC_PH_1300A_0145
event_subject,ITKC_PH_1300A_0065,윤필상의 건주위 협공〔尹弼商夾攻建州〕,정벌,조선,1479년(성종 10),6,여진정벌,https://db.itkc.or.kr/people/viewEvnt?gubun=evntcate&cate1=Z&cate2=&dataId=ITKC_PH_1300A_0065
event_period,ITKC_PH_1300A_0146,"고경명, 유팽로〔高敬命, 柳彭老〕","인물기타,

왜(변)란",조선,선조,25,임진왜란,https://db.itkc.or.kr/people/viewEvnt?gubun=evntera&cate1=Z&cate2=&dataId=ITKC_PH_1300A_0146
event_subject,ITKC_PH_1300A_0064,폐비 윤씨 사사〔尹氏廢死〕,비빈,조선,1482년(성종 13) 8월 16일,14,,https://db.itkc.or.kr/people/viewEvnt?gubun=evntcate&cate1=Z&cate2=&dataId=ITKC_PH_1300A_0064
event_period,ITKC_PH_1300A_0147,"정인홍, 손인갑, 김준민〔鄭仁弘, 孫仁甲, 金俊民〕","인물기타,

왜(변)란",조선,선조,16,임진왜란,https://db.itkc.or.kr/people/viewEvnt?gubun=evntera&cate1=Z&cate2=&dataId=ITKC_PH_1300A_0147
event_subject,ITKC_PH_1300A_0066,허종의 야인정벌〔許琮征野人〕,정벌,조선,1491년(성종 22),5,여진정벌,https://db.itkc.or.kr/people/viewEvnt?gubun=evntcate&cate1=Z&cate2=&dataId=ITKC_PH_1300A_0066
event_period,ITKC_PH_1300A_0148,김면〔金沔〕,"인물기타,

왜(변)란",조선,선조,9,임진왜란,https://db.itkc.or.kr/people/viewEvnt?gubun=evntera&cate1=Z&cate2=&dataId=ITKC_PH_1300A_0148
event_subject,ITKC_PH_1300A_0071,무오사화〔戊午史禍〕,사화,조선,1498년(연산군 4),28,무오사화,https://db.itkc.or.kr/people/viewEvnt?gubun=evntcate&cate1=Z&cate2=&dataId=ITKC_PH_1300A_0071
event_period,ITKC_PH_1300A_0149,"김천일, 양산숙〔金千鎰, 梁山璹〕","인물기타,

왜(변)란",조선,선조,17,임진왜란,https://db.itkc.or.kr/people/viewEvnt?gubun=evntera&cate1=Z&cate2=&dataId=ITKC_PH_1300A_0149
event_subject,ITKC_PH_1300A_0076,무오당적〔戊午黨籍〕,사화,조선,1498년(연산군 4),30,무오사화,https://db.itkc.or.kr/people/viewEvnt?gubun=evntcate&cate1=Z&cate2=&dataId=ITKC_PH_1300A_0076
event_period,ITKC_PH_1300A_0150,"조헌, 영규, 변응정〔趙憲, 僧靈圭, 邊應井〕","인물기타,

왜(변)란",조선,선조,28,임진왜란,https://db.itkc.or.kr/people/viewEvnt?gubun=evntera&cate1=Z&cate2=&dataId=ITKC_PH_1300A_0150
event_period,ITKC_PH_1300A_0151,"홍언수, 홍계남〔洪彦秀, 洪季男〕","인물기타,

왜(변)란",조선,선조,2,임진왜란,https://db.itkc.or.kr/people/viewEvnt?gubun=evntera&cate1=Z&cate2=&dataId=ITKC_PH_1300A_0151
event_subject,ITKC_PH_1300A_0070,폐비윤씨의 복위〔廢妃尹氏復位〕,비빈,조선,1504년(연산군 10),10,갑자사화,https://db.itkc.or.kr/people/viewEvnt?gubun=evntcate&cate1=Z&cate2=&dataId=ITKC_PH_1300A_0070
event_period,ITKC_PH_1300A_0153,영남의병〔嶺南義兵〕,"인물기타,

왜(변)란",조선,선조,21,임진왜란,https://db.itkc.or.kr/people/viewEvnt?gubun=evntera&cate1=Z&cate2=&dataId=ITKC_PH_1300A_0153
event_period,ITKC_PH_1300A_0154,호남의병〔湖南義兵〕,"인물기타,

왜(변)란",조선,선조,8,임진왜란,https://db.itkc.or.kr/people/viewEvnt?gubun=evntera&cate1=Z&cate2=&dataId=ITKC_PH_1300A_0154
event_subject,ITKC_PH_1300A_0072,갑자사화〔甲子士禍〕,사화,조선,1504년(연산군 10),28,갑자사화,https://db.itkc.or.kr/people/viewEvnt?gubun=evntcate&cate1=Z&cate2=&dataId=ITKC_PH_1300A_0072
event_period,ITKC_PH_1300A_0155,호서의병〔湖西義兵〕,"인물기타,

왜(변)란",조선,선조,9,임진왜란,https://db.itkc.or.kr/people/viewEvnt?gubun=evntera&cate1=Z&cate2=&dataId=ITKC_PH_1300A_0155
event_subject,ITKC_PH_1300A_0077,갑자화적〔甲子禍籍〕,사화,조선,1504년(연산군 10),26,갑자사화,https://db.itkc.or.kr/people/viewEvnt?gubun=evntcate&cate1=Z&cate2=&dataId=ITKC_PH_1300A_0077
event_period,ITKC_PH_1300A_0156,경기의병〔京畿義兵〕,"인물기타,

왜(변)란",조선,선조,12,임진왜란,https://db.itkc.or.kr/people/viewEvnt?gubun=evntera&cate1=Z&cate2=&dataId=ITKC_PH_1300A_0156
event_subject,ITKC_PH_1300A_0073,병인년 정국과 중종 추대〔丙寅靖國推戴中宗〕,"정변,

국왕",조선,1506년(중종 1) 9월 2일,27,중종반정,https://db.itkc.or.kr/people/viewEvnt?gubun=evntcate&cate1=Z&cate2=&dataId=ITKC_PH_1300A_0073
event_period,ITKC_PH_1300A_0157,해서의병〔海西義兵〕,"인물기타,

왜(변)란",조선,선조,10,임진왜란,https://db.itkc.or.kr/people/viewEvnt?gubun=evntera&cate1=Z&cate2=&dataId=ITKC_PH_1300A_0157
event_subject,ITKC_PH_1300A_0080,고명 주청〔奏請誥命〕,명,조선,"1506년(중종 1)
~ 1507년(중종 3)",3,중종반정,https://db.itkc.or.kr/people/viewEvnt?gubun=evntcate&cate1=Z&cate2=&dataId=ITKC_PH_1300A_0080
event_period,ITKC_PH_1300A_0158,관서의병〔關西義兵〕,"인물기타,

왜(변)란",조선,선조,6,임진왜란,https://db.itkc.or.kr/people/viewEvnt?gubun=evntera&cate1=Z&cate2=&dataId=ITKC_PH_1300A_0158
event_subject,ITKC_PH_1300A_0082,"김공저, 조광보의 옥〔金公著趙光輔之獄〕",옥사,조선,1507년(중종 2) 1월,20,,https://db.itkc.or.kr/people/viewEvnt?gubun=evntcate&cate1=Z&cate2=&dataId=ITKC_PH_1300A_0082
event_period,ITKC_PH_1300A_0159,승려 의병장〔壬辰僧將〕,"인물기타,

왜(변)란",조선,선조,3,임진왜란,https://db.itkc.or.kr/people/viewEvnt?gubun=evntera&cate1=Z&cate2=&dataId=ITKC_PH_1300A_0159
event_subject,ITKC_PH_1300A_0083,이과의 옥〔李顆之獄〕,옥사,조선,"1507년(중종 2) 8월 26일
~ 1507년(중종 2) 9월",7,,https://db.itkc.or.kr/people/viewEvnt?gubun=evntcate&cate1=Z&cate2=&dataId=ITKC_PH_1300A_0083
event_period,ITKC_PH_1300A_0160,임진년의 장수들〔壬辰諸將〕,"인물기타,

왜(변)란",조선,선조,16,임진왜란,https://db.itkc.or.kr/people/viewEvnt?gubun=evntera&cate1=Z&cate2=&dataId=ITKC_PH_1300A_0160
event_subject,ITKC_PH_1300A_0085,삼포왜변〔三浦倭變〕,왜(변)란,조선,1510년(중종 5) 4월,7,,https://db.itkc.or.kr/people/viewEvnt?gubun=evntcate&cate1=Z&cate2=&dataId=ITKC_PH_1300A_0085
event_period,ITKC_PH_1300A_0163,김덕령〔金德齡〕,"인물기타,

왜(변)란",조선,선조,18,임진왜란,https://db.itkc.or.kr/people/viewEvnt?gubun=evntera&cate1=Z&cate2=&dataId=ITKC_PH_1300A_0163
event_subject,ITKC_PH_1300A_0084,유자광의 유배와 죽음〔柳子光竄死〕,"정치인,

유배",조선,"1507년(중종 2)
~ 1512년(중종 7)",6,,https://db.itkc.or.kr/people/viewEvnt?gubun=evntcate&cate1=Z&cate2=&dataId=ITKC_PH_1300A_0084
event_period,ITKC_PH_1300A_0167,의병 총론〔摠論義兵〕,왜(변)란,조선,선조,9,임진왜란,https://db.itkc.or.kr/people/viewEvnt?gubun=evntera&cate1=Z&cate2=&dataId=ITKC_PH_1300A_0167
event_subject,ITKC_PH_1300A_0039,소릉의 폐위와 복위〔昭陵廢復〕,비빈,조선,"1457년(세조 3)
~ 1513년(중종 8)",30,,https://db.itkc.or.kr/people/viewEvnt?gubun=evntcate&cate1=Z&cate2=&dataId=ITKC_PH_1300A_0039
event_period,ITKC_PH_1300A_0168,여러 장수의 총론〔摠論諸將〕,왜(변)란,조선,선조,8,임진왜란,https://db.itkc.or.kr/people/viewEvnt?gubun=evntera&cate1=Z&cate2=&dataId=ITKC_PH_1300A_0168
event_subject,ITKC_PH_1300A_0086,"박영문, 신윤무의 옥〔朴永文辛允武之獄〕",옥사,조선,1513년(중종 8),17,,https://db.itkc.or.kr/people/viewEvnt?gubun=evntcate&cate1=Z&cate2=&dataId=ITKC_PH_1300A_0086
event_period,ITKC_PH_1300A_0169,호성·선무·청난 공신〔錄扈聖宣武淸亂功〕,"왜(변)란,

공신/훈신",조선,선조,24,임진왜란,https://db.itkc.or.kr/people/viewEvnt?gubun=evntera&cate1=Z&cate2=&dataId=ITKC_PH_1300A_0169
event_subject,ITKC_PH_1300A_0087,유담년의 무옥〔柳聃年誣獄〕,옥사,조선,1516년(중종 11),2,,https://db.itkc.or.kr/people/viewEvnt?gubun=evntcate&cate1=Z&cate2=&dataId=ITKC_PH_1300A_0087
event_period,ITKC_PH_1300A_0178,선조조의 상신〔宣祖朝相臣〕,상신,조선,선조,34,,https://db.itkc.or.kr/people/viewEvnt?gubun=evntera&cate1=Z&cate2=&dataId=ITKC_PH_1300A_0178
event_subject,ITKC_PH_1300A_0089,기묘사화〔己卯士禍〕,사화,조선,1519년(중종 14),30,기묘사화,https://db.itkc.or.kr/people/viewEvnt?gubun=evntcate&cate1=Z&cate2=&dataId=ITKC_PH_1300A_0089
event_period,ITKC_PH_1300A_0179,선조조의 문형〔宣祖朝文衡〕,문형,조선,선조,16,,https://db.itkc.or.kr/people/viewEvnt?gubun=evntera&cate1=Z&cate2=&dataId=ITKC_PH_1300A_0179
event_subject,ITKC_PH_1300A_0090,현량과의 파방과 복과〔賢良科罷復〕,과거,조선,1519년(중종 14),30,기묘사화,https://db.itkc.or.kr/people/viewEvnt?gubun=evntcate&cate1=Z&cate2=&dataId=ITKC_PH_1300A_0090
event_period,ITKC_PH_1300A_0180,선조조의 유현〔宣祖朝儒賢〕,유현,조선,선조,12,,https://db.itkc.or.kr/people/viewEvnt?gubun=evntera&cate1=Z&cate2=&dataId=ITKC_PH_1300A_0180
event_subject,ITKC_PH_1300A_0092,기묘당적〔己卯黨籍〕,사화,조선,1519년(중종 14),32,기묘사화,https://db.itkc.or.kr/people/viewEvnt?gubun=evntcate&cate1=Z&cate2=&dataId=ITKC_PH_1300A_0092
event_period,ITKC_PH_1300A_0181,선조조의 명신〔宣祖朝名臣〕,명신,조선,선조,28,,https://db.itkc.or.kr/people/viewEvnt?gubun=evntera&cate1=Z&cate2=&dataId=ITKC_PH_1300A_0181
event_subject,ITKC_PH_1305A_0313,기묘사화 이후 조정관원,사화,조선,1519년(중종 14),30,기묘사화,https://db.itkc.or.kr/people/viewEvnt?gubun=evntcate&cate1=Z&cate2=&dataId=ITKC_PH_1305A_0313
event_period,ITKC_PH_1300A_0182,광해군〔光海君〕,국왕,조선,광해군,4,,https://db.itkc.or.kr/people/viewEvnt?gubun=evntera&cate1=Z&cate2=&dataId=ITKC_PH_1300A_0182
event_subject,ITKC_PH_1294A_0365,거란의 3차 침입,전쟁,고려,"1018년(현종 9) 12월
~ 1019년(현종 10) 2월",3,고려거란전쟁,https://db.itkc.or.kr/people/viewEvnt?gubun=evntcate&cate1=Z&cate2=&dataId=ITKC_PH_1294A_0365
event_period,ITKC_PH_1300A_0184,무신년의 당적〔戊申黨籍〕,"붕당,

정치일반",조선,광해군,28,,https://db.itkc.or.kr/people/viewEvnt?gubun=evntera&cate1=Z&cate2=&dataId=ITKC_PH_1300A_0184
event_subject,ITKC_PH_1305A_0314,기묘사화 피화인 찬축인원〔坐黨人員 竄逐類〕,사화,조선,1519년(중종 14),21,기묘사화,https://db.itkc.or.kr/people/viewEvnt?gubun=evntcate&cate1=Z&cate2=&dataId=ITKC_PH_1305A_0314
event_period,ITKC_PH_1300A_0201,광해군의 난정〔光海亂政〕,"정치일반,

국왕",조선,광해군,21,,https://db.itkc.or.kr/people/viewEvnt?gubun=evntera&cate1=Z&cate2=&dataId=ITKC_PH_1300A_0201
event_subject,ITKC_PH_1305A_0315,기묘사화 피화인 삭탈인원〔坐黨人員 削奪類〕,사화,조선,1519년(중종 14),18,기묘사화,https://db.itkc.or.kr/people/viewEvnt?gubun=evntcate&cate1=Z&cate2=&dataId=ITKC_PH_1305A_0315
event_period,ITKC_PH_1300A_0202,과거의 폐단〔科場行私之弊〕,과거,조선,광해군,22,,https://db.itkc.or.kr/people/viewEvnt?gubun=evntera&cate1=Z&cate2=&dataId=ITKC_PH_1300A_0202
event_subject,ITKC_PH_1305A_0316,기묘사화 피화인 파직인원〔坐黨人員 罷職類〕,사화,조선,1519년(중종 14),24,기묘사화,https://db.itkc.or.kr/people/viewEvnt?gubun=evntcate&cate1=Z&cate2=&dataId=ITKC_PH_1305A_0316
event_subject,ITKC_PH_1305A_0317,기묘사화 피화인 피척인원〔坐黨人員 被斥類〕,사화,조선,1519년(중종 14),27,기묘사화,https://db.itkc.or.kr/people/viewEvnt?gubun=evntcate&cate1=Z&cate2=&dataId=ITKC_PH_1305A_0317
event_period,ITKC_PH_1300A_0203,광해조의 상신〔光海朝相臣〕,상신,조선,광해군,6,,https://db.itkc.or.kr/people/viewEvnt?gubun=evntera&cate1=Z&cate2=&dataId=ITKC_PH_1300A_0203
event_period,ITKC_PH_1300A_0204,광해조의 문형〔光海朝文衡〕,문형,조선,광해군,2,,https://db.itkc.or.kr/people/viewEvnt?gubun=evntera&cate1=Z&cate2=&dataId=ITKC_PH_1300A_0204
event_subject,ITKC_PH_1305A_0318,기묘사화 피화인 피죄인원〔坐黨人員 被罪類〕,사화,조선,1519년(중종 14),16,기묘사화,https://db.itkc.or.kr/people/viewEvnt?gubun=evntcate&cate1=Z&cate2=&dataId=ITKC_PH_1305A_0318
event_period,ITKC_PH_1300A_0205,광해조의 난신〔光海朝亂臣〕,난신,조선,광해군,2,,https://db.itkc.or.kr/people/viewEvnt?gubun=evntera&cate1=Z&cate2=&dataId=ITKC_PH_1300A_0205
event_subject,ITKC_PH_1300A_0091,신사년 안처겸의 옥〔辛巳安處謙獄〕,옥사,조선,1521년(중종 16),28,,https://db.itkc.or.kr/people/viewEvnt?gubun=evntcate&cate1=Z&cate2=&dataId=ITKC_PH_1300A_0091
event_period,ITKC_PH_1300A_0206,원종〔元宗〕,국왕,조선,원종,9,,https://db.itkc.or.kr/people/viewEvnt?gubun=evntera&cate1=Z&cate2=&dataId=ITKC_PH_1300A_0206
event_subject,ITKC_PH_1300A_0096,"박경빈, 복성군의 옥〔朴敬嬪福城君之獄〕",옥사,조선,1527년(중종 22) 3월,28,,https://db.itkc.or.kr/people/viewEvnt?gubun=evntcate&cate1=Z&cate2=&dataId=ITKC_PH_1300A_0096
event_period,ITKC_PH_1300A_0207,인빈〔仁嬪〕,비빈,조선,원종,9,,https://db.itkc.or.kr/people/viewEvnt?gubun=evntera&cate1=Z&cate2=&dataId=ITKC_PH_1300A_0207
event_subject,ITKC_PH_1300A_0094,세 간신의 집권〔三奸用事〕,"정치인,

정치일반",조선,"1527년(중종 22)
~ 1531년(중종 26)",10,,https://db.itkc.or.kr/people/viewEvnt?gubun=evntcate&cate1=Z&cate2=&dataId=ITKC_PH_1300A_0094
event_period,ITKC_PH_1300A_0209,인조〔仁祖〕,국왕,조선,인조,23,,https://db.itkc.or.kr/people/viewEvnt?gubun=evntera&cate1=Z&cate2=&dataId=ITKC_PH_1300A_0209
event_subject,ITKC_PH_1300A_0095,김안로의 재집권〔金安老復入〕,"정치인,

정치일반",조선,"1530년(중종 25)
~ 1531년(중종 26)",29,정유삼흉,https://db.itkc.or.kr/people/viewEvnt?gubun=evntcate&cate1=Z&cate2=&dataId=ITKC_PH_1300A_0095
event_period,ITKC_PH_1300A_0231,여러 장수의 사적〔諸將事蹟〕,호란,조선,인조,19,병자호란,https://db.itkc.or.kr/people/viewEvnt?gubun=evntera&cate1=Z&cate2=&dataId=ITKC_PH_1300A_0231
event_subject,ITKC_PH_1300A_0093,기묘인 석방〔己卯人疏釋〕,사화,조선,"1533년(중종 28)
~ 1537년(중종 32)",18,기묘사화,https://db.itkc.or.kr/people/viewEvnt?gubun=evntcate&cate1=Z&cate2=&dataId=ITKC_PH_1300A_0093
event_period,ITKC_PH_1300A_0234,독보〔獨步〕,"정치인,

호란",조선,인조,25,병자호란,https://db.itkc.or.kr/people/viewEvnt?gubun=evntera&cate1=Z&cate2=&dataId=ITKC_PH_1300A_0234
event_subject,ITKC_PH_1294A_0366,귀주대첩〔龜州大捷〕,전쟁,고려,1019년(현종 10) 2월,1,고려거란전쟁,https://db.itkc.or.kr/people/viewEvnt?gubun=evntcate&cate1=Z&cate2=&dataId=ITKC_PH_1294A_0366
event_period,ITKC_PH_1300A_0244,인조조의 상신〔仁祖朝相臣〕,상신,조선,인조,23,,https://db.itkc.or.kr/people/viewEvnt?gubun=evntera&cate1=Z&cate2=&dataId=ITKC_PH_1300A_0244
event_subject,ITKC_PH_1300A_0097,세 흉신의 패사〔三凶用事丁酉敗死〕,"정치인,

정치일반",조선,1537년(중종 32),29,정유삼흉,https://db.itkc.or.kr/people/viewEvnt?gubun=evntcate&cate1=Z&cate2=&dataId=ITKC_PH_1300A_0097
event_period,ITKC_PH_1300A_0245,인조조의 문형〔仁祖朝文衡〕,문형,조선,인조,12,,https://db.itkc.or.kr/people/viewEvnt?gubun=evntera&cate1=Z&cate2=&dataId=ITKC_PH_1300A_0245
event_subject,ITKC_PH_1305A_0324,김안로의 퇴출,"정치인,

정치일반",조선,1537년(중종 32),5,정유삼흉,https://db.itkc.or.kr/people/viewEvnt?gubun=evntcate&cate1=Z&cate2=&dataId=ITKC_PH_1305A_0324
event_subject,ITKC_PH_1300A_0110,을사사화〔乙巳士禍〕,사화,조선,1545년(명종 즉위),28,을사사화,https://db.itkc.or.kr/people/viewEvnt?gubun=evntcate&cate1=Z&cate2=&dataId=ITKC_PH_1300A_0110
event_period,ITKC_PH_1300A_0246,인조조의 유현〔仁祖朝儒賢〕,유현,조선,인조,14,,https://db.itkc.or.kr/people/viewEvnt?gubun=evntera&cate1=Z&cate2=&dataId=ITKC_PH_1300A_0246
event_subject,ITKC_PH_1300A_0111,을사당적〔乙巳黨籍〕,사화,조선,1545년(명종 즉위),29,을사사화,https://db.itkc.or.kr/people/viewEvnt?gubun=evntcate&cate1=Z&cate2=&dataId=ITKC_PH_1300A_0111
event_period,ITKC_PH_1300A_0247,인조조의 훈신〔仁祖朝勳臣〕,공신/훈신,조선,인조,17,,https://db.itkc.or.kr/people/viewEvnt?gubun=evntera&cate1=Z&cate2=&dataId=ITKC_PH_1300A_0247
event_subject,ITKC_PH_1300A_0109,윤원로의 귀양〔竄尹元老〕,"정치인,

유배",조선,1547년(명종 2),22,,https://db.itkc.or.kr/people/viewEvnt?gubun=evntcate&cate1=Z&cate2=&dataId=ITKC_PH_1300A_0109
event_period,ITKC_PH_1300A_0248,인조조의 명신〔仁祖朝名臣〕,명신,조선,인조,30,,https://db.itkc.or.kr/people/viewEvnt?gubun=evntera&cate1=Z&cate2=&dataId=ITKC_PH_1300A_0248
event_subject,ITKC_PH_1305A_0321,양재역 벽서사건〔良才驛 壁書事件〕,사화,조선,1547년(명종 2) 9월,30,,https://db.itkc.or.kr/people/viewEvnt?gubun=evntcate&cate1=Z&cate2=&dataId=ITKC_PH_1305A_0321
event_period,ITKC_PH_1300A_0249,효종〔孝宗〕,국왕,조선,효종,19,,https://db.itkc.or.kr/people/viewEvnt?gubun=evntera&cate1=Z&cate2=&dataId=ITKC_PH_1300A_0249
event_subject,ITKC_PH_1305A_0332,이홍윤 무고사건,옥사,조선,1549년(명종 4),6,,https://db.itkc.or.kr/people/viewEvnt?gubun=evntcate&cate1=Z&cate2=&dataId=ITKC_PH_1305A_0332
event_period,ITKC_PH_1300A_0250,효종의 예덕〔孝宗睿德〕,국왕,조선,효종,26,,https://db.itkc.or.kr/people/viewEvnt?gubun=evntera&cate1=Z&cate2=&dataId=ITKC_PH_1300A_0250
event_subject,ITKC_PH_1300A_0112,을묘왜변〔乙卯倭變〕,왜(변)란,조선,1555년(명종 10),13,,https://db.itkc.or.kr/people/viewEvnt?gubun=evntcate&cate1=Z&cate2=&dataId=ITKC_PH_1300A_0112
event_period,ITKC_PH_1300A_0256,영릉〔寧陵〕,능묘,조선,효종,2,,https://db.itkc.or.kr/people/viewEvnt?gubun=evntera&cate1=Z&cate2=&dataId=ITKC_PH_1300A_0256
event_period,ITKC_PH_1300A_0257,효종조의 상신〔孝宗朝相臣〕,상신,조선,효종,14,,https://db.itkc.or.kr/people/viewEvnt?gubun=evntera&cate1=Z&cate2=&dataId=ITKC_PH_1300A_0257
event_subject,ITKC_PH_1300A_0113,임꺽정 포획〔捕强盜林巨正〕,민란,조선,"1559년(명종 14)
~ 1562년(명종 17)",2,,https://db.itkc.or.kr/people/viewEvnt?gubun=evntcate&cate1=Z&cate2=&dataId=ITKC_PH_1300A_0113
event_period,ITKC_PH_1300A_0258,현종〔顯宗〕,국왕,조선,현종,9,,https://db.itkc.or.kr/people/viewEvnt?gubun=evntera&cate1=Z&cate2=&dataId=ITKC_PH_1300A_0258
event_subject,ITKC_PH_1300A_0118,이량의 귀양〔李樑竄逐〕,정치일반,조선,"1563년(명종 18)
~ 1564년(명종 19)",31,,https://db.itkc.or.kr/people/viewEvnt?gubun=evntcate&cate1=Z&cate2=&dataId=ITKC_PH_1300A_0118
event_period,ITKC_PH_1300A_0259,현종의 예덕〔顯廟睿德〕,국왕,조선,현종,3,,https://db.itkc.or.kr/people/viewEvnt?gubun=evntera&cate1=Z&cate2=&dataId=ITKC_PH_1300A_0259
event_subject,ITKC_PH_1294A_0367,대거란항쟁 공신선정,"전쟁,

공신/훈신",고려,1019년(현종 10) 12월,2,고려거란전쟁,https://db.itkc.or.kr/people/viewEvnt?gubun=evntcate&cate1=Z&cate2=&dataId=ITKC_PH_1294A_0367
event_subject,ITKC_PH_1300A_0115,요승 보우의 귀양〔妖僧普雨之竄〕,종교,조선,1565년(명종 20),12,,https://db.itkc.or.kr/people/viewEvnt?gubun=evntcate&cate1=Z&cate2=&dataId=ITKC_PH_1300A_0115
event_period,ITKC_PH_1300A_0268,현종조의 상신〔顯宗朝相臣〕,상신,조선,현종,4,,https://db.itkc.or.kr/people/viewEvnt?gubun=evntera&cate1=Z&cate2=&dataId=ITKC_PH_1300A_0268
event_period,ITKC_PH_1300A_0270,송시열의 예론〔宋時烈朞三年服制辨〕,"예송,

붕당",조선,숙종,11,갑인예송,https://db.itkc.or.kr/people/viewEvnt?gubun=evntera&cate1=Z&cate2=&dataId=ITKC_PH_1300A_0270
event_subject,ITKC_PH_1300A_0116,윤원형의 죽음〔尹元衡之黜死〕,정치일반,조선,"1565년(명종 20) 8월
~ 1565년(명종 20) 11월",16,,https://db.itkc.or.kr/people/viewEvnt?gubun=evntcate&cate1=Z&cate2=&dataId=ITKC_PH_1300A_0116
event_period,ITKC_PH_1305A_0331,패관문학 작가의 계보〔稗官文學 作家 系譜〕,인물기타,조선,,15,,https://db.itkc.or.kr/people/viewEvnt?gubun=evntera&cate1=Z&cate2=&dataId=ITKC_PH_1305A_0331
event_subject,ITKC_PH_1300A_0124,선조의 왕위계승〔宣祖入承大統〕,국왕,조선,1567년(선조 즉위) 7월,23,,https://db.itkc.or.kr/people/viewEvnt?gubun=evntcate&cate1=Z&cate2=&dataId=ITKC_PH_1300A_0124
event_period,ITKC_PH_1300A_0007,왕씨들의 유배〔流配諸王氏〕,"정치일반,

유배",조선,1394년(태조 3) 2월 26일,5,,https://db.itkc.or.kr/people/viewEvnt?gubun=evntera&cate1=Z&cate2=&dataId=ITKC_PH_1300A_0007
event_subject,ITKC_PH_1300A_0128,남곤 추죄〔追罪南袞〕,정치인,조선,1568년(선조 1),15,기묘사화,https://db.itkc.or.kr/people/viewEvnt?gubun=evntcate&cate1=Z&cate2=&dataId=ITKC_PH_1300A_0128
event_period,ITKC_PH_1300A_0008,태종정사〔太宗定社〕,정변,조선,1398년(태조 7) 8월 26일,24,왕자의 난,https://db.itkc.or.kr/people/viewEvnt?gubun=evntera&cate1=Z&cate2=&dataId=ITKC_PH_1300A_0008
event_subject,ITKC_PH_1300A_0126,덕흥군의 추존〔德興追尊〕,국왕,조선,1569년(선조 2) 11월,22,,https://db.itkc.or.kr/people/viewEvnt?gubun=evntcate&cate1=Z&cate2=&dataId=ITKC_PH_1300A_0126
event_period,ITKC_PH_1300A_0009,방간의 난〔芳幹之亂〕,정변,조선,1400년(정종 2) 1월 28일,12,왕자의 난,https://db.itkc.or.kr/people/viewEvnt?gubun=evntera&cate1=Z&cate2=&dataId=ITKC_PH_1300A_0009
event_subject,ITKC_PH_1305A_0322,종묘배향공신(태조~중종),"묘정배향,

국왕",조선,"1410년(태종 10)
~ 1569년(선조 2)",29,,https://db.itkc.or.kr/people/viewEvnt?gubun=evntcate&cate1=Z&cate2=&dataId=ITKC_PH_1305A_0322
event_period,ITKC_PH_1300A_0016,조준의 옥사〔趙浚下獄〕,정치일반,조선,1400년(정종 2) 8월 1일,12,,https://db.itkc.or.kr/people/viewEvnt?gubun=evntera&cate1=Z&cate2=&dataId=ITKC_PH_1300A_0016
event_subject,ITKC_PH_1305A_0326,백인걸의 사직,정치인,조선,1571년(선조 4) 7월,17,,https://db.itkc.or.kr/people/viewEvnt?gubun=evntcate&cate1=Z&cate2=&dataId=ITKC_PH_1305A_0326
event_period,ITKC_PH_1300A_0019,민무구의 옥사〔閔無咎獄〕,옥사,조선,"1407년(태종 7)
~ 1416년(태종 16)",12,,https://db.itkc.or.kr/people/viewEvnt?gubun=evntera&cate1=Z&cate2=&dataId=ITKC_PH_1300A_0019
event_subject,ITKC_PH_1300A_0129,이준경의 유차〔李浚慶遺箚〕,정치인,조선,1572년(선조 5) 7월,21,,https://db.itkc.or.kr/people/viewEvnt?gubun=evntcate&cate1=Z&cate2=&dataId=ITKC_PH_1300A_0129
event_period,ITKC_PH_1300A_0027,강상인의 옥사〔姜尙仁之獄〕,옥사,조선,"1418년(세종 즉위) 8월 25일
~ 1418년(세종 즉위) 11월 26일",19,,https://db.itkc.or.kr/people/viewEvnt?gubun=evntera&cate1=Z&cate2=&dataId=ITKC_PH_1300A_0027
event_subject,ITKC_PH_1305A_0327,조식의 사망,정치인,조선,1572년(선조 5) 1월,13,,https://db.itkc.or.kr/people/viewEvnt?gubun=evntcate&cate1=Z&cate2=&dataId=ITKC_PH_1305A_0327
event_period,ITKC_PH_1300A_0020,양녕대군의 폐위〔讓寧之廢〕,세자,조선,1418년(태종 18) 6월 3일,18,,https://db.itkc.or.kr/people/viewEvnt?gubun=evntera&cate1=Z&cate2=&dataId=ITKC_PH_1300A_0020
event_subject,ITKC_PH_1300A_0130,향약 시행의 정지〔停行鄕約〕,풍속,조선,"1572년(선조 5) 10월
~ 1574년(선조 7) 1월",3,,https://db.itkc.or.kr/people/viewEvnt?gubun=evntcate&cate1=Z&cate2=&dataId=ITKC_PH_1300A_0130
event_period,ITKC_PH_1300A_0028,왜를 정벌한 병역〔征倭之役〕,정벌,조선,"1419년(세종 1) 5월 14일
~ 1419년(세종 1) 7월 3일",9,,https://db.itkc.or.kr/people/viewEvnt?gubun=evntera&cate1=Z&cate2=&dataId=ITKC_PH_1300A_0028
event_subject,ITKC_PH_1294A_0368,거란에 끌려간 신하들,전쟁,고려,1020년(현종 11) 2월,0,고려거란전쟁,https://db.itkc.or.kr/people/viewEvnt?gubun=evntcate&cate1=Z&cate2=&dataId=ITKC_PH_1294A_0368
event_period,ITKC_PH_1300A_0029,야인 토벌〔討野人〕,정벌,조선,"1433년(세종 15)
~ 1437년(세종 19)",20,여진정벌,https://db.itkc.or.kr/people/viewEvnt?gubun=evntera&cate1=Z&cate2=&dataId=ITKC_PH_1300A_0029
event_subject,ITKC_PH_1300A_0127,을사사화의 위훈 삭제〔伸乙巳寃削乙巳僞勳〕,사화,조선,"1567년(선조 즉위) 10월
~ 1577년(선조 10) 11월",30,을사사화,https://db.itkc.or.kr/people/viewEvnt?gubun=evntcate&cate1=Z&cate2=&dataId=ITKC_PH_1300A_0127
event_period,ITKC_PH_1300A_0030,육진개척〔開拓六鎭〕,"정벌,

방비",조선,"1434년(세종 16)
~ 1449년(세종 31)",16,,https://db.itkc.or.kr/people/viewEvnt?gubun=evntera&cate1=Z&cate2=&dataId=ITKC_PH_1300A_0030
event_period,ITKC_PH_1294A_0600,고려사절요 편수관명단,출판,조선,1452년(문종 2) 3월,24,,https://db.itkc.or.kr/people/viewEvnt?gubun=evntera&cate1=Z&cate2=&dataId=ITKC_PH_1294A_0600
event_subject,ITKC_PH_1300A_0131,동서분당〔東西黨論之分〕,붕당,조선,"1573년(선조 6) 8월
~ 1581년(선조 14) 9월",30,,https://db.itkc.or.kr/people/viewEvnt?gubun=evntcate&cate1=Z&cate2=&dataId=ITKC_PH_1300A_0131
event_period,ITKC_PH_1300A_0041,세조의 정난〔世祖靖難〕,정변,조선,1453년(단종 1) 10월 10일,23,계유정난,https://db.itkc.or.kr/people/viewEvnt?gubun=evntera&cate1=Z&cate2=&dataId=ITKC_PH_1300A_0041
event_subject,ITKC_PH_1305A_0323,계미삼찬〔癸未三竄〕,붕당,조선,1583년(선조 16),26,,https://db.itkc.or.kr/people/viewEvnt?gubun=evntcate&cate1=Z&cate2=&dataId=ITKC_PH_1305A_0323
event_period,ITKC_PH_1300A_0042,이징옥의 난〔李澄玉之亂〕,반란,조선,1453년(단종 1) 10월,9,,https://db.itkc.or.kr/people/viewEvnt?gubun=evntera&cate1=Z&cate2=&dataId=ITKC_PH_1300A_0042
event_period,ITKC_PH_1300A_0043,단종비의 책봉〔端宗冊妃〕,비빈,조선,1454년(단종 2) 1월 22일,9,,https://db.itkc.or.kr/people/viewEvnt?gubun=evntera&cate1=Z&cate2=&dataId=ITKC_PH_1300A_0043
event_subject,ITKC_PH_1300A_0132,이이의 사망〔李珥卒逝〕,정치인,조선,"1583년(선조 16) 1월
~ 1584년(선조 17) 1월 16일",30,,https://db.itkc.or.kr/people/viewEvnt?gubun=evntcate&cate1=Z&cate2=&dataId=ITKC_PH_1300A_0132
event_period,ITKC_PH_1300A_0044,육신의 상왕복위모의〔六臣謀復上王〕,옥사,조선,"1456년(세조 2) 6월 2일
~ 1456년(세조 2) 6월 9일",27,단종복위운동,https://db.itkc.or.kr/people/viewEvnt?gubun=evntera&cate1=Z&cate2=&dataId=ITKC_PH_1300A_0044
event_subject,ITKC_PH_1300A_0133,정여립의 옥〔己丑鄭汝立之獄〕,옥사,조선,1589년(선조 22),26,기축옥사,https://db.itkc.or.kr/people/viewEvnt?gubun=evntcate&cate1=Z&cate2=&dataId=ITKC_PH_1300A_0133
event_period,ITKC_PH_1300A_0045,금성대군 옥사와 단종 승하〔錦城之獄 端宗上昇〕,옥사,조선,"1457년(세조 3) 6월 27일
~ 1457년(세조 3) 10월 21일",13,단종복위운동,https://db.itkc.or.kr/people/viewEvnt?gubun=evntera&cate1=Z&cate2=&dataId=ITKC_PH_1300A_0045
event_subject,ITKC_PH_1300A_0171,종계변무〔宗系辨誣〕,명,조선,"1394년(태조 3)
~ 1589년(선조 22)",27,,https://db.itkc.or.kr/people/viewEvnt?gubun=evntcate&cate1=Z&cate2=&dataId=ITKC_PH_1300A_0171
event_subject,ITKC_PH_1305A_0319,정개청 옥사〔鄭介淸 獄事〕,옥사,조선,1590년(선조 23),18,기축옥사,https://db.itkc.or.kr/people/viewEvnt?gubun=evntcate&cate1=Z&cate2=&dataId=ITKC_PH_1305A_0319
event_period,ITKC_PH_1300A_0051,이시애의 난〔李施愛之亂〕,반란,조선,"1467년(세조 13) 5월
~ 1467년(세조 13) 8월",19,,https://db.itkc.or.kr/people/viewEvnt?gubun=evntera&cate1=Z&cate2=&dataId=ITKC_PH_1300A_0051
event_subject,ITKC_PH_1300A_0135,신묘년시사〔辛卯時事〕,"정치일반,

세자",조선,1591년(선조 24),27,,https://db.itkc.or.kr/people/viewEvnt?gubun=evntcate&cate1=Z&cate2=&dataId=ITKC_PH_1300A_0135
event_period,ITKC_PH_1300A_0052,건주위 야인 정벌〔征建州衛野人〕,정벌,조선,1467년(세조 13),13,여진정벌,https://db.itkc.or.kr/people/viewEvnt?gubun=evntera&cate1=Z&cate2=&dataId=ITKC_PH_1300A_0052
event_subject,ITKC_PH_1300A_0137,이순신의 승전〔李舜臣扼遏海路〕,왜(변)란,조선,"1592년(선조 25) 4월
~ 1592년(선조 25) 7월",9,임진왜란,https://db.itkc.or.kr/people/viewEvnt?gubun=evntcate&cate1=Z&cate2=&dataId=ITKC_PH_1300A_0137
event_period,ITKC_PH_1300A_0057,남이의 옥〔南怡之獄〕,옥사,조선,"1468년(예종 즉위) 10월 24일
~ 1468년(예종 즉위) 10월 30일",9,,https://db.itkc.or.kr/people/viewEvnt?gubun=evntera&cate1=Z&cate2=&dataId=ITKC_PH_1300A_0057
event_subject,ITKC_PH_1300A_0138,용인전투 패전〔三道勤王兵龍仁敗績〕,왜(변)란,조선,1592년(선조 25) 6월,14,임진왜란,https://db.itkc.or.kr/people/viewEvnt?gubun=evntcate&cate1=Z&cate2=&dataId=ITKC_PH_1300A_0138
event_period,ITKC_PH_1300A_0061,귀성군의 안치〔龜城君 安置〕,유배,조선,1470년(성종 1) 1월 14일,7,,https://db.itkc.or.kr/people/viewEvnt?gubun=evntera&cate1=Z&cate2=&dataId=ITKC_PH_1300A_0061
event_subject,ITKC_PH_1294A_0369,개경의 나성 축조,"방비,

건축",고려,1029년(현종 20) 8월,1,,https://db.itkc.or.kr/people/viewEvnt?gubun=evntcate&cate1=Z&cate2=&dataId=ITKC_PH_1294A_0369
event_period,ITKC_PH_1300A_0065,윤필상의 건주위 협공〔尹弼商夾攻建州〕,정벌,조선,1479년(성종 10),6,여진정벌,https://db.itkc.or.kr/people/viewEvnt?gubun=evntera&cate1=Z&cate2=&dataId=ITKC_PH_1300A_0065
event_subject,ITKC_PH_1300A_0139,정문부의 관북 수복〔北道之陷鄭文孚收復〕,왜(변)란,조선,1592년(선조 25),19,임진왜란,https://db.itkc.or.kr/people/viewEvnt?gubun=evntcate&cate1=Z&cate2=&dataId=ITKC_PH_1300A_0139
event_period,ITKC_PH_1300A_0064,폐비 윤씨 사사〔尹氏廢死〕,비빈,조선,1482년(성종 13) 8월 16일,14,,https://db.itkc.or.kr/people/viewEvnt?gubun=evntera&cate1=Z&cate2=&dataId=ITKC_PH_1300A_0064
event_subject,ITKC_PH_1300A_0140,진주대첩〔晉州之捷〕,왜(변)란,조선,"1592년(선조 25) 10월 5일
~ 1592년(선조 25) 10월 11일",15,임진왜란,https://db.itkc.or.kr/people/viewEvnt?gubun=evntcate&cate1=Z&cate2=&dataId=ITKC_PH_1300A_0140
event_period,ITKC_PH_1300A_0066,허종의 야인정벌〔許琮征野人〕,정벌,조선,1491년(성종 22),5,여진정벌,https://db.itkc.or.kr/people/viewEvnt?gubun=evntera&cate1=Z&cate2=&dataId=ITKC_PH_1300A_0066
event_subject,ITKC_PH_1300A_0141,연안대첩〔延安之捷〕,왜(변)란,조선,"1592년(선조 25) 8월 28일
~ 1592년(선조 25) 9월 2일",6,임진왜란,https://db.itkc.or.kr/people/viewEvnt?gubun=evntcate&cate1=Z&cate2=&dataId=ITKC_PH_1300A_0141
event_period,ITKC_PH_1300A_0071,무오사화〔戊午史禍〕,사화,조선,1498년(연산군 4),28,무오사화,https://db.itkc.or.kr/people/viewEvnt?gubun=evntera&cate1=Z&cate2=&dataId=ITKC_PH_1300A_0071
event_subject,ITKC_PH_1300A_0144,선·정릉의 변고〔二陵之變〕,"왜(변)란,

능묘",조선,1592년(선조 25) 9월,24,임진왜란,https://db.itkc.or.kr/people/viewEvnt?gubun=evntcate&cate1=Z&cate2=&dataId=ITKC_PH_1300A_0144
event_period,ITKC_PH_1300A_0076,무오당적〔戊午黨籍〕,사화,조선,1498년(연산군 4),30,무오사화,https://db.itkc.or.kr/people/viewEvnt?gubun=evntera&cate1=Z&cate2=&dataId=ITKC_PH_1300A_0076
event_subject,ITKC_PH_1300A_0136,어가의 파천〔壬辰倭亂 大駕西狩〕,"왜(변)란,

국왕",조선,"1592년(선조 25) 4월
~ 1593년(선조 26) 10월",29,임진왜란,https://db.itkc.or.kr/people/viewEvnt?gubun=evntcate&cate1=Z&cate2=&dataId=ITKC_PH_1300A_0136
event_period,ITKC_PH_1300A_0070,폐비윤씨의 복위〔廢妃尹氏復位〕,비빈,조선,1504년(연산군 10),10,갑자사화,https://db.itkc.or.kr/people/viewEvnt?gubun=evntera&cate1=Z&cate2=&dataId=ITKC_PH_1300A_0070
event_subject,ITKC_PH_1300A_0142,명군 참전과 한양수복〔求救明朝收復京城〕,"왜(변)란,

명",조선,"1592년(선조 25) 5월 19일
~ 1593년(선조 26) 10월",27,임진왜란,https://db.itkc.or.kr/people/viewEvnt?gubun=evntcate&cate1=Z&cate2=&dataId=ITKC_PH_1300A_0142
event_period,ITKC_PH_1300A_0072,갑자사화〔甲子士禍〕,사화,조선,1504년(연산군 10),28,갑자사화,https://db.itkc.or.kr/people/viewEvnt?gubun=evntera&cate1=Z&cate2=&dataId=ITKC_PH_1300A_0072
event_subject,ITKC_PH_1300A_0161,세자의 분조〔世子分朝撫軍〕,"왜(변)란,

세자",조선,"1592년(선조 25)
~ 1593년(선조 26)",12,임진왜란,https://db.itkc.or.kr/people/viewEvnt?gubun=evntcate&cate1=Z&cate2=&dataId=ITKC_PH_1300A_0161
event_period,ITKC_PH_1300A_0077,갑자화적〔甲子禍籍〕,사화,조선,1504년(연산군 10),26,갑자사화,https://db.itkc.or.kr/people/viewEvnt?gubun=evntera&cate1=Z&cate2=&dataId=ITKC_PH_1300A_0077
event_subject,ITKC_PH_1300A_0143,행주대첩〔權慄幸州之捷〕,왜(변)란,조선,1593년(선조 26) 2월,17,임진왜란,https://db.itkc.or.kr/people/viewEvnt?gubun=evntcate&cate1=Z&cate2=&dataId=ITKC_PH_1300A_0143
event_subject,ITKC_PH_1300A_0162,왜군의 철병〔丙申倭兵撤還〕,왜(변)란,조선,1596년(선조 29),22,임진왜란,https://db.itkc.or.kr/people/viewEvnt?gubun=evntcate&cate1=Z&cate2=&dataId=ITKC_PH_1300A_0162
event_period,ITKC_PH_1300A_0073,병인년 정국과 중종 추대〔丙寅靖國推戴中宗〕,"정변,

국왕",조선,1506년(중종 1) 9월 2일,27,중종반정,https://db.itkc.or.kr/people/viewEvnt?gubun=evntera&cate1=Z&cate2=&dataId=ITKC_PH_1300A_0073
event_subject,ITKC_PH_1294A_0370,거란의 조공요구와 고려의 회답,거란,고려,"1035년(정종 원년) 5월
~ 1035년(정종 원년) 6월",0,,https://db.itkc.or.kr/people/viewEvnt?gubun=evntcate&cate1=Z&cate2=&dataId=ITKC_PH_1294A_0370
event_period,ITKC_PH_1300A_0080,고명 주청〔奏請誥命〕,명,조선,"1506년(중종 1)
~ 1507년(중종 3)",3,중종반정,https://db.itkc.or.kr/people/viewEvnt?gubun=evntera&cate1=Z&cate2=&dataId=ITKC_PH_1300A_0080
event_subject,ITKC_PH_1300A_0165,명량대첩〔李舜臣珍島之捷〕,왜(변)란,조선,1597년(선조 30) 9월,6,임진왜란,https://db.itkc.or.kr/people/viewEvnt?gubun=evntcate&cate1=Z&cate2=&dataId=ITKC_PH_1300A_0165
event_period,ITKC_PH_1300A_0082,"김공저, 조광보의 옥〔金公著趙光輔之獄〕",옥사,조선,1507년(중종 2) 1월,20,,https://db.itkc.or.kr/people/viewEvnt?gubun=evntera&cate1=Z&cate2=&dataId=ITKC_PH_1300A_0082
event_subject,ITKC_PH_1300A_0164,정유재란의 발발〔丁酉倭寇再出〕,왜(변)란,조선,"1597년(선조 30)
~ 1598년(선조 31)",16,임진왜란,https://db.itkc.or.kr/people/viewEvnt?gubun=evntcate&cate1=Z&cate2=&dataId=ITKC_PH_1300A_0164
event_period,ITKC_PH_1300A_0083,이과의 옥〔李顆之獄〕,옥사,조선,"1507년(중종 2) 8월 26일
~ 1507년(중종 2) 9월",7,,https://db.itkc.or.kr/people/viewEvnt?gubun=evntera&cate1=Z&cate2=&dataId=ITKC_PH_1300A_0083
event_subject,ITKC_PH_1300A_0166,히데요시의 독살〔秀吉藥斃〕,"인물기타,

왜(변)란",조선,1598년(선조 31) 9월,1,임진왜란,https://db.itkc.or.kr/people/viewEvnt?gubun=evntcate&cate1=Z&cate2=&dataId=ITKC_PH_1300A_0166
event_period,ITKC_PH_1300A_0085,삼포왜변〔三浦倭變〕,왜(변)란,조선,1510년(중종 5) 4월,7,,https://db.itkc.or.kr/people/viewEvnt?gubun=evntera&cate1=Z&cate2=&dataId=ITKC_PH_1300A_0085
event_subject,ITKC_PH_1300A_0172,소북세력의 퇴출〔貶削金南之黨〕,붕당,조선,1599년(선조 32),14,,https://db.itkc.or.kr/people/viewEvnt?gubun=evntcate&cate1=Z&cate2=&dataId=ITKC_PH_1300A_0172
event_period,ITKC_PH_1300A_0084,유자광의 유배와 죽음〔柳子光竄死〕,"정치인,

유배",조선,"1507년(중종 2)
~ 1512년(중종 7)",6,,https://db.itkc.or.kr/people/viewEvnt?gubun=evntera&cate1=Z&cate2=&dataId=ITKC_PH_1300A_0084
event_subject,ITKC_PH_1300A_0173,정인홍의 집권〔削成渾官爵 鄭仁弘用事〕,붕당,조선,"1601년(선조 34)
~ 1602년(선조 35)",30,,https://db.itkc.or.kr/people/viewEvnt?gubun=evntcate&cate1=Z&cate2=&dataId=ITKC_PH_1300A_0173
event_period,ITKC_PH_1300A_0039,소릉의 폐위와 복위〔昭陵廢復〕,비빈,조선,"1457년(세조 3)
~ 1513년(중종 8)",30,,https://db.itkc.or.kr/people/viewEvnt?gubun=evntera&cate1=Z&cate2=&dataId=ITKC_PH_1300A_0039
event_subject,ITKC_PH_1300A_0176,하원군 집의 일〔河原君家事〕,종실,조선,1602년(선조 35),10,,https://db.itkc.or.kr/people/viewEvnt?gubun=evntcate&cate1=Z&cate2=&dataId=ITKC_PH_1300A_0176
event_period,ITKC_PH_1300A_0086,"박영문, 신윤무의 옥〔朴永文辛允武之獄〕",옥사,조선,1513년(중종 8),17,,https://db.itkc.or.kr/people/viewEvnt?gubun=evntera&cate1=Z&cate2=&dataId=ITKC_PH_1300A_0086
event_subject,ITKC_PH_1300A_0170,병오년 통화〔丙午復與倭通和〕,일본,조선,1606년(선조 39),17,임진왜란,https://db.itkc.or.kr/people/viewEvnt?gubun=evntcate&cate1=Z&cate2=&dataId=ITKC_PH_1300A_0170
event_period,ITKC_PH_1300A_0087,유담년의 무옥〔柳聃年誣獄〕,옥사,조선,1516년(중종 11),2,,https://db.itkc.or.kr/people/viewEvnt?gubun=evntera&cate1=Z&cate2=&dataId=ITKC_PH_1300A_0087
event_subject,ITKC_PH_1300A_0177,광해군의 즉위〔光海嗣位〕,국왕,조선,1608년(광해군 즉위),27,,https://db.itkc.or.kr/people/viewEvnt?gubun=evntcate&cate1=Z&cate2=&dataId=ITKC_PH_1300A_0177
event_period,ITKC_PH_1300A_0089,기묘사화〔己卯士禍〕,사화,조선,1519년(중종 14),30,기묘사화,https://db.itkc.or.kr/people/viewEvnt?gubun=evntera&cate1=Z&cate2=&dataId=ITKC_PH_1300A_0089
event_subject,ITKC_PH_1300A_0183,유영경의 사사〔首殺柳永慶〕,"붕당,

정치일반",조선,1608년(광해군 즉위),22,,https://db.itkc.or.kr/people/viewEvnt?gubun=evntcate&cate1=Z&cate2=&dataId=ITKC_PH_1300A_0183
event_period,ITKC_PH_1300A_0090,현량과의 파방과 복과〔賢良科罷復〕,과거,조선,1519년(중종 14),30,기묘사화,https://db.itkc.or.kr/people/viewEvnt?gubun=evntera&cate1=Z&cate2=&dataId=ITKC_PH_1300A_0090
event_subject,ITKC_PH_1300A_0185,광해군의 왕위 승습 주청〔奏請明朝〕,"명,

국왕",조선,1608년(광해군 즉위),22,,https://db.itkc.or.kr/people/viewEvnt?gubun=evntcate&cate1=Z&cate2=&dataId=ITKC_PH_1300A_0185
event_period,ITKC_PH_1300A_0092,기묘당적〔己卯黨籍〕,사화,조선,1519년(중종 14),32,기묘사화,https://db.itkc.or.kr/people/viewEvnt?gubun=evntera&cate1=Z&cate2=&dataId=ITKC_PH_1300A_0092
event_subject,ITKC_PH_1300A_0186,임해군의 옥사〔臨海君之獄〕,"옥사,

종실",조선,1608년(광해군 즉위),24,,https://db.itkc.or.kr/people/viewEvnt?gubun=evntcate&cate1=Z&cate2=&dataId=ITKC_PH_1300A_0186
event_subject,ITKC_PH_1305A_0310,광해군 왕위 계승 전말,국왕,조선,1608년(광해군 즉위) 2월,27,,https://db.itkc.or.kr/people/viewEvnt?gubun=evntcate&cate1=Z&cate2=&dataId=ITKC_PH_1305A_0310
event_period,ITKC_PH_1305A_0313,기묘사화 이후 조정관원,사화,조선,1519년(중종 14),30,기묘사화,https://db.itkc.or.kr/people/viewEvnt?gubun=evntera&cate1=Z&cate2=&dataId=ITKC_PH_1305A_0313
event_subject,ITKC_PH_1300A_0175,유영경의 집권〔柳永慶用事〕,붕당,조선,"1602년(선조 35)
~ 1608년(광해군 즉위)",5,,https://db.itkc.or.kr/people/viewEvnt?gubun=evntcate&cate1=Z&cate2=&dataId=ITKC_PH_1300A_0175
event_period,ITKC_PH_1305A_0314,기묘사화 피화인 찬축인원〔坐黨人員 竄逐類〕,사화,조선,1519년(중종 14),21,기묘사화,https://db.itkc.or.kr/people/viewEvnt?gubun=evntera&cate1=Z&cate2=&dataId=ITKC_PH_1305A_0314
event_subject,ITKC_PH_1300A_0188,정인홍의 유적 삭제〔鄭仁弘削儒籍〕,정치일반,조선,1611년(광해군 3),17,,https://db.itkc.or.kr/people/viewEvnt?gubun=evntcate&cate1=Z&cate2=&dataId=ITKC_PH_1300A_0188
event_period,ITKC_PH_1305A_0315,기묘사화 피화인 삭탈인원〔坐黨人員 削奪類〕,사화,조선,1519년(중종 14),18,기묘사화,https://db.itkc.or.kr/people/viewEvnt?gubun=evntera&cate1=Z&cate2=&dataId=ITKC_PH_1305A_0315
event_subject,ITKC_PH_1300A_0189,김직재의 옥〔金直哉之獄〕,"옥사,

붕당",조선,1612년(광해군 4),26,,https://db.itkc.or.kr/people/viewEvnt?gubun=evntcate&cate1=Z&cate2=&dataId=ITKC_PH_1300A_0189
event_period,ITKC_PH_1305A_0316,기묘사화 피화인 파직인원〔坐黨人員 罷職類〕,사화,조선,1519년(중종 14),24,기묘사화,https://db.itkc.or.kr/people/viewEvnt?gubun=evntera&cate1=Z&cate2=&dataId=ITKC_PH_1305A_0316
event_subject,ITKC_PH_1300A_0200,교하천도론〔議遷都交河〕,천도,조선,1612년(광해군 4),7,,https://db.itkc.or.kr/people/viewEvnt?gubun=evntcate&cate1=Z&cate2=&dataId=ITKC_PH_1300A_0200
event_period,ITKC_PH_1305A_0317,기묘사화 피화인 피척인원〔坐黨人員 被斥類〕,사화,조선,1519년(중종 14),27,기묘사화,https://db.itkc.or.kr/people/viewEvnt?gubun=evntera&cate1=Z&cate2=&dataId=ITKC_PH_1305A_0317
event_subject,ITKC_PH_1300A_0190,박응서의 옥〔朴應犀之獄〕,"옥사,

붕당",조선,1613년(광해군 5),15,계축옥사,https://db.itkc.or.kr/people/viewEvnt?gubun=evntcate&cate1=Z&cate2=&dataId=ITKC_PH_1300A_0190
event_period,ITKC_PH_1305A_0318,기묘사화 피화인 피죄인원〔坐黨人員 被罪類〕,사화,조선,1519년(중종 14),16,기묘사화,https://db.itkc.or.kr/people/viewEvnt?gubun=evntera&cate1=Z&cate2=&dataId=ITKC_PH_1305A_0318
event_subject,ITKC_PH_1305A_0311,계축옥사 심문록〔癸丑獄事 審問錄〕,옥사,조선,1613년(광해군 5),19,계축옥사,https://db.itkc.or.kr/people/viewEvnt?gubun=evntcate&cate1=Z&cate2=&dataId=ITKC_PH_1305A_0311
event_period,ITKC_PH_1300A_0091,신사년 안처겸의 옥〔辛巳安處謙獄〕,옥사,조선,1521년(중종 16),28,,https://db.itkc.or.kr/people/viewEvnt?gubun=evntera&cate1=Z&cate2=&dataId=ITKC_PH_1300A_0091
event_subject,ITKC_PH_1300A_0193,이창록의 옥〔李昌祿星州之獄〕,옥사,조선,1615년(광해군 7),3,,https://db.itkc.or.kr/people/viewEvnt?gubun=evntcate&cate1=Z&cate2=&dataId=ITKC_PH_1300A_0193
event_period,ITKC_PH_1300A_0096,"박경빈, 복성군의 옥〔朴敬嬪福城君之獄〕",옥사,조선,1527년(중종 22) 3월,28,,https://db.itkc.or.kr/people/viewEvnt?gubun=evntera&cate1=Z&cate2=&dataId=ITKC_PH_1300A_0096
event_subject,ITKC_PH_1300A_0194,신경희의 옥〔申景禧之獄綾昌君〕,옥사,조선,1615년(광해군 7),17,,https://db.itkc.or.kr/people/viewEvnt?gubun=evntcate&cate1=Z&cate2=&dataId=ITKC_PH_1300A_0194
event_period,ITKC_PH_1300A_0094,세 간신의 집권〔三奸用事〕,"정치인,

정치일반",조선,"1527년(중종 22)
~ 1531년(중종 26)",10,,https://db.itkc.or.kr/people/viewEvnt?gubun=evntera&cate1=Z&cate2=&dataId=ITKC_PH_1300A_0094
event_subject,ITKC_PH_1300A_0195,최기의 옥〔崔沂海州之獄〕,옥사,조선,1616년(광해군 8),25,,https://db.itkc.or.kr/people/viewEvnt?gubun=evntcate&cate1=Z&cate2=&dataId=ITKC_PH_1300A_0195
event_period,ITKC_PH_1300A_0095,김안로의 재집권〔金安老復入〕,"정치인,

정치일반",조선,"1530년(중종 25)
~ 1531년(중종 26)",29,정유삼흉,https://db.itkc.or.kr/people/viewEvnt?gubun=evntera&cate1=Z&cate2=&dataId=ITKC_PH_1300A_0095
event_subject,ITKC_PH_1300A_0187,공빈추숭〔恭嬪追崇〕,비빈,조선,"1610년(광해군 2) 2월
~ 1617년(광해군 9) 9월",14,,https://db.itkc.or.kr/people/viewEvnt?gubun=evntcate&cate1=Z&cate2=&dataId=ITKC_PH_1300A_0187
event_period,ITKC_PH_1300A_0093,기묘인 석방〔己卯人疏釋〕,사화,조선,"1533년(중종 28)
~ 1537년(중종 32)",18,기묘사화,https://db.itkc.or.kr/people/viewEvnt?gubun=evntera&cate1=Z&cate2=&dataId=ITKC_PH_1300A_0093
event_subject,ITKC_PH_1300A_0196,윤선도의 이이첨 탄핵 상소〔尹善道疏論李爾瞻〕,고변/탄핵,조선,1617년(광해군 9) 1월,17,,https://db.itkc.or.kr/people/viewEvnt?gubun=evntcate&cate1=Z&cate2=&dataId=ITKC_PH_1300A_0196
event_period,ITKC_PH_1300A_0097,세 흉신의 패사〔三凶用事丁酉敗死〕,"정치인,

정치일반",조선,1537년(중종 32),29,정유삼흉,https://db.itkc.or.kr/people/viewEvnt?gubun=evntera&cate1=Z&cate2=&dataId=ITKC_PH_1300A_0097
event_subject,ITKC_PH_1300A_0191,인목대비의 서궁 유폐〔廢母妃處西宮〕,비빈,조선,1618년(광해군 10),23,계축옥사,https://db.itkc.or.kr/people/viewEvnt?gubun=evntcate&cate1=Z&cate2=&dataId=ITKC_PH_1300A_0191
event_period,ITKC_PH_1305A_0324,김안로의 퇴출,"정치인,

정치일반",조선,1537년(중종 32),5,정유삼흉,https://db.itkc.or.kr/people/viewEvnt?gubun=evntera&cate1=Z&cate2=&dataId=ITKC_PH_1305A_0324
event_subject,ITKC_PH_1300A_0192,대비 폐출 절목〔廢削節目〕,비빈,조선,1618년(광해군 10),24,계축옥사,https://db.itkc.or.kr/people/viewEvnt?gubun=evntcate&cate1=Z&cate2=&dataId=ITKC_PH_1300A_0192
event_period,ITKC_PH_1300A_0110,을사사화〔乙巳士禍〕,사화,조선,1545년(명종 즉위),28,을사사화,https://db.itkc.or.kr/people/viewEvnt?gubun=evntera&cate1=Z&cate2=&dataId=ITKC_PH_1300A_0110
event_subject,ITKC_PH_1300A_0197,허균의 복주〔許筠伏誅〕,정치일반,조선,1618년(광해군 10) 8월,20,,https://db.itkc.or.kr/people/viewEvnt?gubun=evntcate&cate1=Z&cate2=&dataId=ITKC_PH_1300A_0197
event_period,ITKC_PH_1300A_0111,을사당적〔乙巳黨籍〕,사화,조선,1545년(명종 즉위),29,을사사화,https://db.itkc.or.kr/people/viewEvnt?gubun=evntera&cate1=Z&cate2=&dataId=ITKC_PH_1300A_0111
event_subject,ITKC_PH_1300A_0198,심하전투〔深河之役〕,전쟁,조선,1619년(광해군 11),14,,https://db.itkc.or.kr/people/viewEvnt?gubun=evntcate&cate1=Z&cate2=&dataId=ITKC_PH_1300A_0198
event_period,ITKC_PH_1300A_0109,윤원로의 귀양〔竄尹元老〕,"정치인,

유배",조선,1547년(명종 2),22,,https://db.itkc.or.kr/people/viewEvnt?gubun=evntera&cate1=Z&cate2=&dataId=ITKC_PH_1300A_0109
event_subject,ITKC_PH_1305A_0312,강홍립의 파병,전쟁,조선,1619년(광해군 11),10,,https://db.itkc.or.kr/people/viewEvnt?gubun=evntcate&cate1=Z&cate2=&dataId=ITKC_PH_1305A_0312
event_period,ITKC_PH_1305A_0321,양재역 벽서사건〔良才驛 壁書事件〕,사화,조선,1547년(명종 2) 9월,30,,https://db.itkc.or.kr/people/viewEvnt?gubun=evntera&cate1=Z&cate2=&dataId=ITKC_PH_1305A_0321
event_subject,ITKC_PH_1300A_0199,이이첨 탄핵〔論劾李爾瞻等〕,"정치인,

고변/탄핵",조선,1621년(광해군 13),13,,https://db.itkc.or.kr/people/viewEvnt?gubun=evntcate&cate1=Z&cate2=&dataId=ITKC_PH_1300A_0199
event_period,ITKC_PH_1305A_0332,이홍윤 무고사건,옥사,조선,1549년(명종 4),6,,https://db.itkc.or.kr/people/viewEvnt?gubun=evntera&cate1=Z&cate2=&dataId=ITKC_PH_1305A_0332
event_subject,ITKC_PH_1300A_0210,계해정사〔癸亥靖社〕,정변,조선,1623년(인조 1),30,인조반정,https://db.itkc.or.kr/people/viewEvnt?gubun=evntcate&cate1=Z&cate2=&dataId=ITKC_PH_1300A_0210
event_period,ITKC_PH_1300A_0112,을묘왜변〔乙卯倭變〕,왜(변)란,조선,1555년(명종 10),13,,https://db.itkc.or.kr/people/viewEvnt?gubun=evntera&cate1=Z&cate2=&dataId=ITKC_PH_1300A_0112
event_subject,ITKC_PH_1300A_0211,광해군 안치〔安置光海君〕,국왕,조선,1623년(인조 1),26,인조반정,https://db.itkc.or.kr/people/viewEvnt?gubun=evntcate&cate1=Z&cate2=&dataId=ITKC_PH_1300A_0211
event_period,ITKC_PH_1300A_0113,임꺽정 포획〔捕强盜林巨正〕,민란,조선,"1559년(명종 14)
~ 1562년(명종 17)",2,,https://db.itkc.or.kr/people/viewEvnt?gubun=evntera&cate1=Z&cate2=&dataId=ITKC_PH_1300A_0113
event_subject,ITKC_PH_1300A_0212,계해년 죄적〔癸亥罪籍〕,정변,조선,1623년(인조 1),17,인조반정,https://db.itkc.or.kr/people/viewEvnt?gubun=evntcate&cate1=Z&cate2=&dataId=ITKC_PH_1300A_0212
event_period,ITKC_PH_1300A_0118,이량의 귀양〔李樑竄逐〕,정치일반,조선,"1563년(명종 18)
~ 1564년(명종 19)",31,,https://db.itkc.or.kr/people/viewEvnt?gubun=evntera&cate1=Z&cate2=&dataId=ITKC_PH_1300A_0118
event_subject,ITKC_PH_1300A_0213,인조의 왕위 승습 주청〔奏請中朝〕,명,조선,1623년(인조 1),13,인조반정,https://db.itkc.or.kr/people/viewEvnt?gubun=evntcate&cate1=Z&cate2=&dataId=ITKC_PH_1300A_0213
event_period,ITKC_PH_1300A_0115,요승 보우의 귀양〔妖僧普雨之竄〕,종교,조선,1565년(명종 20),12,,https://db.itkc.or.kr/people/viewEvnt?gubun=evntera&cate1=Z&cate2=&dataId=ITKC_PH_1300A_0115
event_subject,ITKC_PH_1300A_0214,유몽인의 옥〔柳夢寅之獄〕,"옥사,

처결",조선,1623년(인조 1),8,,https://db.itkc.or.kr/people/viewEvnt?gubun=evntcate&cate1=Z&cate2=&dataId=ITKC_PH_1300A_0214
event_period,ITKC_PH_1300A_0116,윤원형의 죽음〔尹元衡之黜死〕,정치일반,조선,"1565년(명종 20) 8월
~ 1565년(명종 20) 11월",16,,https://db.itkc.or.kr/people/viewEvnt?gubun=evntera&cate1=Z&cate2=&dataId=ITKC_PH_1300A_0116
event_subject,ITKC_PH_1300A_0215,박동량의 일〔朴東亮事〕,정치일반,조선,1623년(인조 1),14,,https://db.itkc.or.kr/people/viewEvnt?gubun=evntcate&cate1=Z&cate2=&dataId=ITKC_PH_1300A_0215
event_period,ITKC_PH_1300A_0124,선조의 왕위계승〔宣祖入承大統〕,국왕,조선,1567년(선조 즉위) 7월,23,,https://db.itkc.or.kr/people/viewEvnt?gubun=evntera&cate1=Z&cate2=&dataId=ITKC_PH_1300A_0124
event_subject,ITKC_PH_1305A_0307,계해정사 공신록〔癸亥靖社 功臣錄〕,공신/훈신) 정쟁(정변,조선,1623년(인조 1),27,인조반정,https://db.itkc.or.kr/people/viewEvnt?gubun=evntcate&cate1=Z&cate2=&dataId=ITKC_PH_1305A_0307
event_period,ITKC_PH_1300A_0128,남곤 추죄〔追罪南袞〕,정치인,조선,1568년(선조 1),15,기묘사화,https://db.itkc.or.kr/people/viewEvnt?gubun=evntera&cate1=Z&cate2=&dataId=ITKC_PH_1300A_0128
event_period,ITKC_PH_1300A_0126,덕흥군의 추존〔德興追尊〕,국왕,조선,1569년(선조 2) 11월,22,,https://db.itkc.or.kr/people/viewEvnt?gubun=evntera&cate1=Z&cate2=&dataId=ITKC_PH_1300A_0126
event_subject,ITKC_PH_1305A_0308,계해정사 이후 조정대신,정변,조선,1623년(인조 1),28,인조반정,https://db.itkc.or.kr/people/viewEvnt?gubun=evntcate&cate1=Z&cate2=&dataId=ITKC_PH_1305A_0308
event_subject,ITKC_PH_1305A_0309,계해정사 이후 처벌된 관원,정변,조선,1623년(인조 1),12,인조반정,https://db.itkc.or.kr/people/viewEvnt?gubun=evntcate&cate1=Z&cate2=&dataId=ITKC_PH_1305A_0309
event_period,ITKC_PH_1305A_0322,종묘배향공신(태조~중종),"묘정배향,

국왕",조선,"1410년(태종 10)
~ 1569년(선조 2)",29,,https://db.itkc.or.kr/people/viewEvnt?gubun=evntera&cate1=Z&cate2=&dataId=ITKC_PH_1305A_0322
event_subject,ITKC_PH_1300A_0216,이괄의 난〔李适之變〕,반란,조선,"1624년(인조 2) 1월
~ 1624년(인조 2) 2월",15,이괄의 난,https://db.itkc.or.kr/people/viewEvnt?gubun=evntcate&cate1=Z&cate2=&dataId=ITKC_PH_1300A_0216
event_period,ITKC_PH_1305A_0326,백인걸의 사직,정치인,조선,1571년(선조 4) 7월,17,,https://db.itkc.or.kr/people/viewEvnt?gubun=evntera&cate1=Z&cate2=&dataId=ITKC_PH_1305A_0326
event_subject,ITKC_PH_1300A_0217,박홍구의 옥〔朴弘耈之獄〕,옥사,조선,1624년(인조 2),18,이괄의 난,https://db.itkc.or.kr/people/viewEvnt?gubun=evntcate&cate1=Z&cate2=&dataId=ITKC_PH_1300A_0217
event_period,ITKC_PH_1300A_0129,이준경의 유차〔李浚慶遺箚〕,정치인,조선,1572년(선조 5) 7월,21,,https://db.itkc.or.kr/people/viewEvnt?gubun=evntera&cate1=Z&cate2=&dataId=ITKC_PH_1300A_0129
event_period,ITKC_PH_1305A_0327,조식의 사망,정치인,조선,1572년(선조 5) 1월,13,,https://db.itkc.or.kr/people/viewEvnt?gubun=evntera&cate1=Z&cate2=&dataId=ITKC_PH_1305A_0327
event_subject,ITKC_PH_1300A_0218,목성선의 상소〔睦性善疏〕,고변/탄핵,조선,1625년(인조 3),19,,https://db.itkc.or.kr/people/viewEvnt?gubun=evntcate&cate1=Z&cate2=&dataId=ITKC_PH_1300A_0218
event_period,ITKC_PH_1300A_0130,향약 시행의 정지〔停行鄕約〕,풍속,조선,"1572년(선조 5) 10월
~ 1574년(선조 7) 1월",3,,https://db.itkc.or.kr/people/viewEvnt?gubun=evntera&cate1=Z&cate2=&dataId=ITKC_PH_1300A_0130
event_subject,ITKC_PH_1300A_0219,이인거의 옥〔李仁居獄〕,"반란,

옥사",조선,1627년(인조 5),7,,https://db.itkc.or.kr/people/viewEvnt?gubun=evntcate&cate1=Z&cate2=&dataId=ITKC_PH_1300A_0219
event_period,ITKC_PH_1300A_0127,을사사화의 위훈 삭제〔伸乙巳寃削乙巳僞勳〕,사화,조선,"1567년(선조 즉위) 10월
~ 1577년(선조 10) 11월",30,을사사화,https://db.itkc.or.kr/people/viewEvnt?gubun=evntera&cate1=Z&cate2=&dataId=ITKC_PH_1300A_0127
event_subject,ITKC_PH_1300A_0226,정묘호란〔丁卯虜亂〕,호란,조선,1627년(인조 5),21,,https://db.itkc.or.kr/people/viewEvnt?gubun=evntcate&cate1=Z&cate2=&dataId=ITKC_PH_1300A_0226
event_period,ITKC_PH_1300A_0131,동서분당〔東西黨論之分〕,붕당,조선,"1573년(선조 6) 8월
~ 1581년(선조 14) 9월",30,,https://db.itkc.or.kr/people/viewEvnt?gubun=evntera&cate1=Z&cate2=&dataId=ITKC_PH_1300A_0131
event_subject,ITKC_PH_1300A_0220,유효립의 옥〔柳孝立獄〕,옥사,조선,1628년(인조 6),12,,https://db.itkc.or.kr/people/viewEvnt?gubun=evntcate&cate1=Z&cate2=&dataId=ITKC_PH_1300A_0220
event_period,ITKC_PH_1305A_0323,계미삼찬〔癸未三竄〕,붕당,조선,1583년(선조 16),26,,https://db.itkc.or.kr/people/viewEvnt?gubun=evntera&cate1=Z&cate2=&dataId=ITKC_PH_1305A_0323
event_subject,ITKC_PH_1300A_0221,인성군의 죽음〔仁城君珙之死〕,"정치일반,

종실",조선,1628년(인조 6),22,,https://db.itkc.or.kr/people/viewEvnt?gubun=evntcate&cate1=Z&cate2=&dataId=ITKC_PH_1300A_0221
event_period,ITKC_PH_1300A_0132,이이의 사망〔李珥卒逝〕,정치인,조선,"1583년(선조 16) 1월
~ 1584년(선조 17) 1월 16일",30,,https://db.itkc.or.kr/people/viewEvnt?gubun=evntera&cate1=Z&cate2=&dataId=ITKC_PH_1300A_0132
event_subject,ITKC_PH_1300A_0238,노서와 소서의 분열〔老少西之目始分〕,붕당,조선,"1625년(인조 3)
~ 1629년(인조 7)",29,,https://db.itkc.or.kr/people/viewEvnt?gubun=evntcate&cate1=Z&cate2=&dataId=ITKC_PH_1300A_0238
event_period,ITKC_PH_1300A_0133,정여립의 옥〔己丑鄭汝立之獄〕,옥사,조선,1589년(선조 22),26,기축옥사,https://db.itkc.or.kr/people/viewEvnt?gubun=evntera&cate1=Z&cate2=&dataId=ITKC_PH_1300A_0133
event_subject,ITKC_PH_1300A_0222,송광유의 무옥〔宋光裕誣告之獄〕,옥사,조선,"1628년(인조 6)
~ 1629년(인조 7)",6,,https://db.itkc.or.kr/people/viewEvnt?gubun=evntcate&cate1=Z&cate2=&dataId=ITKC_PH_1300A_0222
event_period,ITKC_PH_1300A_0171,종계변무〔宗系辨誣〕,명,조선,"1394년(태조 3)
~ 1589년(선조 22)",27,,https://db.itkc.or.kr/people/viewEvnt?gubun=evntera&cate1=Z&cate2=&dataId=ITKC_PH_1300A_0171
event_subject,ITKC_PH_1300A_0223,기사년의 여러 옥사〔己巳諸獄〕,옥사,조선,1629년(인조 7),2,,https://db.itkc.or.kr/people/viewEvnt?gubun=evntcate&cate1=Z&cate2=&dataId=ITKC_PH_1300A_0223
event_period,ITKC_PH_1305A_0319,정개청 옥사〔鄭介淸 獄事〕,옥사,조선,1590년(선조 23),18,기축옥사,https://db.itkc.or.kr/people/viewEvnt?gubun=evntera&cate1=Z&cate2=&dataId=ITKC_PH_1305A_0319
event_subject,ITKC_PH_1300A_0225,목릉 천장〔穆陵遷奉〕,능묘,조선,1630년(인조 8),6,,https://db.itkc.or.kr/people/viewEvnt?gubun=evntcate&cate1=Z&cate2=&dataId=ITKC_PH_1300A_0225
event_subject,ITKC_PH_1300A_0239,이명준의 상소〔李命俊論嬪御〕,고변/탄핵,조선,1630년(인조 8) 7월,6,,https://db.itkc.or.kr/people/viewEvnt?gubun=evntcate&cate1=Z&cate2=&dataId=ITKC_PH_1300A_0239
event_subject,ITKC_PH_1294A_0375,거신의 반란,반란,고려,1072년(문종 26) 7월,2,,https://db.itkc.or.kr/people/viewEvnt?gubun=evntcate&cate1=Z&cate2=&dataId=ITKC_PH_1294A_0375
event_period,ITKC_PH_1300A_0135,신묘년시사〔辛卯時事〕,"정치일반,

세자",조선,1591년(선조 24),27,,https://db.itkc.or.kr/people/viewEvnt?gubun=evntera&cate1=Z&cate2=&dataId=ITKC_PH_1300A_0135
event_period,ITKC_PH_1300A_0137,이순신의 승전〔李舜臣扼遏海路〕,왜(변)란,조선,"1592년(선조 25) 4월
~ 1592년(선조 25) 7월",9,임진왜란,https://db.itkc.or.kr/people/viewEvnt?gubun=evntera&cate1=Z&cate2=&dataId=ITKC_PH_1300A_0137
event_subject,ITKC_PH_1300A_0224,신미년옥사〔辛未獄〕,옥사,조선,1631년(인조 9),8,,https://db.itkc.or.kr/people/viewEvnt?gubun=evntcate&cate1=Z&cate2=&dataId=ITKC_PH_1300A_0224
event_period,ITKC_PH_1300A_0138,용인전투 패전〔三道勤王兵龍仁敗績〕,왜(변)란,조선,1592년(선조 25) 6월,14,임진왜란,https://db.itkc.or.kr/people/viewEvnt?gubun=evntera&cate1=Z&cate2=&dataId=ITKC_PH_1300A_0138
event_subject,ITKC_PH_1300A_0208,원종 추숭〔元宗仁獻王后追崇〕,국왕,조선,"1632년(인조 10) 5월
~ 1635년(인조 13) 3월",31,,https://db.itkc.or.kr/people/viewEvnt?gubun=evntcate&cate1=Z&cate2=&dataId=ITKC_PH_1300A_0208
event_period,ITKC_PH_1300A_0139,정문부의 관북 수복〔北道之陷鄭文孚收復〕,왜(변)란,조선,1592년(선조 25),19,임진왜란,https://db.itkc.or.kr/people/viewEvnt?gubun=evntera&cate1=Z&cate2=&dataId=ITKC_PH_1300A_0139
event_subject,ITKC_PH_1300A_0228,강화도 함락〔江都敗沒〕,호란,조선,1636년(인조 14),27,병자호란,https://db.itkc.or.kr/people/viewEvnt?gubun=evntcate&cate1=Z&cate2=&dataId=ITKC_PH_1300A_0228
event_period,ITKC_PH_1300A_0140,진주대첩〔晉州之捷〕,왜(변)란,조선,"1592년(선조 25) 10월 5일
~ 1592년(선조 25) 10월 11일",15,임진왜란,https://db.itkc.or.kr/people/viewEvnt?gubun=evntera&cate1=Z&cate2=&dataId=ITKC_PH_1300A_0140
event_subject,ITKC_PH_1300A_0229,강화도 순절인들〔江都殉節人〕,"절신,

호란",조선,1636년(인조 14),29,병자호란,https://db.itkc.or.kr/people/viewEvnt?gubun=evntcate&cate1=Z&cate2=&dataId=ITKC_PH_1300A_0229
event_period,ITKC_PH_1300A_0141,연안대첩〔延安之捷〕,왜(변)란,조선,"1592년(선조 25) 8월 28일
~ 1592년(선조 25) 9월 2일",6,임진왜란,https://db.itkc.or.kr/people/viewEvnt?gubun=evntera&cate1=Z&cate2=&dataId=ITKC_PH_1300A_0141
event_subject,ITKC_PH_1300A_0230,순절한 부인들〔殉節夫人〕,"인물기타,

호란",조선,1636년(인조 14),15,병자호란,https://db.itkc.or.kr/people/viewEvnt?gubun=evntcate&cate1=Z&cate2=&dataId=ITKC_PH_1300A_0230
event_period,ITKC_PH_1300A_0144,선·정릉의 변고〔二陵之變〕,"왜(변)란,

능묘",조선,1592년(선조 25) 9월,24,임진왜란,https://db.itkc.or.kr/people/viewEvnt?gubun=evntera&cate1=Z&cate2=&dataId=ITKC_PH_1300A_0144
event_subject,ITKC_PH_1300A_0227,병자호란〔丙子虜亂丁丑南漢出城〕,호란,조선,"1636년(인조 14)
~ 1637년(인조 15)",24,병자호란,https://db.itkc.or.kr/people/viewEvnt?gubun=evntcate&cate1=Z&cate2=&dataId=ITKC_PH_1300A_0227
event_period,ITKC_PH_1300A_0136,어가의 파천〔壬辰倭亂 大駕西狩〕,"왜(변)란,

국왕",조선,"1592년(선조 25) 4월
~ 1593년(선조 26) 10월",29,임진왜란,https://db.itkc.or.kr/people/viewEvnt?gubun=evntera&cate1=Z&cate2=&dataId=ITKC_PH_1300A_0136
event_subject,ITKC_PH_1305A_0328,병자호란 때 남한산성에 오지 못한 신하들,호란,조선,"1636년(인조 14)
~ 1637년(인조 15)",23,,https://db.itkc.or.kr/people/viewEvnt?gubun=evntcate&cate1=Z&cate2=&dataId=ITKC_PH_1305A_0328
event_period,ITKC_PH_1300A_0142,명군 참전과 한양수복〔求救明朝收復京城〕,"왜(변)란,

명",조선,"1592년(선조 25) 5월 19일
~ 1593년(선조 26) 10월",27,임진왜란,https://db.itkc.or.kr/people/viewEvnt?gubun=evntera&cate1=Z&cate2=&dataId=ITKC_PH_1300A_0142
event_subject,ITKC_PH_1300A_0232,전란의 수습〔亂後時事〕,"정치일반,

호란",조선,1637년(인조 15),29,병자호란,https://db.itkc.or.kr/people/viewEvnt?gubun=evntcate&cate1=Z&cate2=&dataId=ITKC_PH_1300A_0232
event_period,ITKC_PH_1300A_0161,세자의 분조〔世子分朝撫軍〕,"왜(변)란,

세자",조선,"1592년(선조 25)
~ 1593년(선조 26)",12,임진왜란,https://db.itkc.or.kr/people/viewEvnt?gubun=evntera&cate1=Z&cate2=&dataId=ITKC_PH_1300A_0161
event_subject,ITKC_PH_1300A_0235,심양옥 피감인들〔瀋獄諸囚〕,"정치인,

호란",조선,1637년(인조 15),20,병자호란,https://db.itkc.or.kr/people/viewEvnt?gubun=evntcate&cate1=Z&cate2=&dataId=ITKC_PH_1300A_0235
event_period,ITKC_PH_1300A_0143,행주대첩〔權慄幸州之捷〕,왜(변)란,조선,1593년(선조 26) 2월,17,임진왜란,https://db.itkc.or.kr/people/viewEvnt?gubun=evntera&cate1=Z&cate2=&dataId=ITKC_PH_1300A_0143
event_subject,ITKC_PH_1300A_0236,삼학사〔三學士〕,"정치인,

호란",조선,1637년(인조 15),26,병자호란,https://db.itkc.or.kr/people/viewEvnt?gubun=evntcate&cate1=Z&cate2=&dataId=ITKC_PH_1300A_0236
event_period,ITKC_PH_1300A_0162,왜군의 철병〔丙申倭兵撤還〕,왜(변)란,조선,1596년(선조 29),22,임진왜란,https://db.itkc.or.kr/people/viewEvnt?gubun=evntera&cate1=Z&cate2=&dataId=ITKC_PH_1300A_0162
event_subject,ITKC_PH_1294A_0376,상공인 자손의 입사제한,제도개혁,고려,1073년(문종 27) 1월,0,,https://db.itkc.or.kr/people/viewEvnt?gubun=evntcate&cate1=Z&cate2=&dataId=ITKC_PH_1294A_0376
event_subject,ITKC_PH_1300A_0240,정명공주〔貞明公主〕,"종실,

비빈",조선,1639년(인조 17),7,,https://db.itkc.or.kr/people/viewEvnt?gubun=evntcate&cate1=Z&cate2=&dataId=ITKC_PH_1300A_0240
event_period,ITKC_PH_1300A_0165,명량대첩〔李舜臣珍島之捷〕,왜(변)란,조선,1597년(선조 30) 9월,6,임진왜란,https://db.itkc.or.kr/people/viewEvnt?gubun=evntera&cate1=Z&cate2=&dataId=ITKC_PH_1300A_0165
event_subject,ITKC_PH_1300A_0237,명나라의 멸망〔大明亡〕,명,조선,1644년(인조 22),7,,https://db.itkc.or.kr/people/viewEvnt?gubun=evntcate&cate1=Z&cate2=&dataId=ITKC_PH_1300A_0237
event_period,ITKC_PH_1300A_0164,정유재란의 발발〔丁酉倭寇再出〕,왜(변)란,조선,"1597년(선조 30)
~ 1598년(선조 31)",16,임진왜란,https://db.itkc.or.kr/people/viewEvnt?gubun=evntera&cate1=Z&cate2=&dataId=ITKC_PH_1300A_0164
event_period,ITKC_PH_1300A_0166,히데요시의 독살〔秀吉藥斃〕,"인물기타,

왜(변)란",조선,1598년(선조 31) 9월,1,임진왜란,https://db.itkc.or.kr/people/viewEvnt?gubun=evntera&cate1=Z&cate2=&dataId=ITKC_PH_1300A_0166
event_subject,ITKC_PH_1300A_0241,심기원의 옥〔沈器遠之獄〕,옥사,조선,1644년(인조 22) 3월,16,,https://db.itkc.or.kr/people/viewEvnt?gubun=evntcate&cate1=Z&cate2=&dataId=ITKC_PH_1300A_0241
event_period,ITKC_PH_1300A_0172,소북세력의 퇴출〔貶削金南之黨〕,붕당,조선,1599년(선조 32),14,,https://db.itkc.or.kr/people/viewEvnt?gubun=evntera&cate1=Z&cate2=&dataId=ITKC_PH_1300A_0172
event_subject,ITKC_PH_1300A_0242,세자를 다시 정함〔定儲嗣〕,세자,조선,"1645년(인조 23) 4월
~ 1645년(인조 23) 윤6월",19,,https://db.itkc.or.kr/people/viewEvnt?gubun=evntcate&cate1=Z&cate2=&dataId=ITKC_PH_1300A_0242
event_period,ITKC_PH_1300A_0173,정인홍의 집권〔削成渾官爵 鄭仁弘用事〕,붕당,조선,"1601년(선조 34)
~ 1602년(선조 35)",30,,https://db.itkc.or.kr/people/viewEvnt?gubun=evntera&cate1=Z&cate2=&dataId=ITKC_PH_1300A_0173
event_subject,ITKC_PH_1300A_0243,강빈의 옥〔姜嬪之獄〕,"옥사,

비빈",조선,1646년(인조 24),30,,https://db.itkc.or.kr/people/viewEvnt?gubun=evntcate&cate1=Z&cate2=&dataId=ITKC_PH_1300A_0243
event_period,ITKC_PH_1300A_0176,하원군 집의 일〔河原君家事〕,종실,조선,1602년(선조 35),10,,https://db.itkc.or.kr/people/viewEvnt?gubun=evntera&cate1=Z&cate2=&dataId=ITKC_PH_1300A_0176
event_subject,ITKC_PH_1300A_0251,청나라 사신의 감찰〔淸使査問〕,청,조선,"1650년(효종 1)
~ 1651년(효종 2)",26,,https://db.itkc.or.kr/people/viewEvnt?gubun=evntcate&cate1=Z&cate2=&dataId=ITKC_PH_1300A_0251
event_period,ITKC_PH_1300A_0170,병오년 통화〔丙午復與倭通和〕,일본,조선,1606년(선조 39),17,임진왜란,https://db.itkc.or.kr/people/viewEvnt?gubun=evntera&cate1=Z&cate2=&dataId=ITKC_PH_1300A_0170
event_subject,ITKC_PH_1300A_0252,김자점의 옥〔金自點獄〕,옥사,조선,1651년(효종 2),29,,https://db.itkc.or.kr/people/viewEvnt?gubun=evntcate&cate1=Z&cate2=&dataId=ITKC_PH_1300A_0252
event_period,ITKC_PH_1300A_0177,광해군의 즉위〔光海嗣位〕,국왕,조선,1608년(광해군 즉위),27,,https://db.itkc.or.kr/people/viewEvnt?gubun=evntera&cate1=Z&cate2=&dataId=ITKC_PH_1300A_0177
event_subject,ITKC_PH_1300A_0254,"민점, 김징의 한림 추천〔閔點金澄翰林薦〕","정치일반,

붕당",조선,1653년(효종 4),15,,https://db.itkc.or.kr/people/viewEvnt?gubun=evntcate&cate1=Z&cate2=&dataId=ITKC_PH_1300A_0254
event_period,ITKC_PH_1300A_0183,유영경의 사사〔首殺柳永慶〕,"붕당,

정치일반",조선,1608년(광해군 즉위),22,,https://db.itkc.or.kr/people/viewEvnt?gubun=evntera&cate1=Z&cate2=&dataId=ITKC_PH_1300A_0183
event_subject,ITKC_PH_1300A_0255,김홍욱의 장살〔金弘郁杖死〕,옥사,조선,1654년(효종 5),11,,https://db.itkc.or.kr/people/viewEvnt?gubun=evntcate&cate1=Z&cate2=&dataId=ITKC_PH_1300A_0255
event_period,ITKC_PH_1300A_0185,광해군의 왕위 승습 주청〔奏請明朝〕,"명,

국왕",조선,1608년(광해군 즉위),22,,https://db.itkc.or.kr/people/viewEvnt?gubun=evntera&cate1=Z&cate2=&dataId=ITKC_PH_1300A_0185
event_subject,ITKC_PH_1300A_0253,서변의 옥〔徐忭獄〕,"옥사,

고변/탄핵",조선,1656년(효종 7),8,,https://db.itkc.or.kr/people/viewEvnt?gubun=evntcate&cate1=Z&cate2=&dataId=ITKC_PH_1300A_0253
event_period,ITKC_PH_1300A_0186,임해군의 옥사〔臨海君之獄〕,"옥사,

종실",조선,1608년(광해군 즉위),24,,https://db.itkc.or.kr/people/viewEvnt?gubun=evntera&cate1=Z&cate2=&dataId=ITKC_PH_1300A_0186
event_subject,ITKC_PH_1294A_0377,동번 여진의 반란,반란,고려,1080년(문종 34) 12월,4,,https://db.itkc.or.kr/people/viewEvnt?gubun=evntcate&cate1=Z&cate2=&dataId=ITKC_PH_1294A_0377
event_period,ITKC_PH_1305A_0310,광해군 왕위 계승 전말,국왕,조선,1608년(광해군 즉위) 2월,27,,https://db.itkc.or.kr/people/viewEvnt?gubun=evntera&cate1=Z&cate2=&dataId=ITKC_PH_1305A_0310
event_subject,ITKC_PH_1300A_0260,기해예송〔己亥慈懿大妃服制〕,"예송,

붕당",조선,"1659년(현종 즉위)
~ 1660년(현종 1)",17,기해예송,https://db.itkc.or.kr/people/viewEvnt?gubun=evntcate&cate1=Z&cate2=&dataId=ITKC_PH_1300A_0260
event_period,ITKC_PH_1300A_0175,유영경의 집권〔柳永慶用事〕,붕당,조선,"1602년(선조 35)
~ 1608년(광해군 즉위)",5,,https://db.itkc.or.kr/people/viewEvnt?gubun=evntera&cate1=Z&cate2=&dataId=ITKC_PH_1300A_0175
event_subject,ITKC_PH_1300A_0261,의례 상복도〔儀禮爲長子之喪服圖〕,예송,조선,1660년(현종 1),27,기해예송,https://db.itkc.or.kr/people/viewEvnt?gubun=evntcate&cate1=Z&cate2=&dataId=ITKC_PH_1300A_0261
event_period,ITKC_PH_1300A_0188,정인홍의 유적 삭제〔鄭仁弘削儒籍〕,정치일반,조선,1611년(광해군 3),17,,https://db.itkc.or.kr/people/viewEvnt?gubun=evntera&cate1=Z&cate2=&dataId=ITKC_PH_1300A_0188
event_subject,ITKC_PH_1300A_0264,대부복상문제〔閔愼代父服斬〕,예송,조선,1673년(현종 14),15,,https://db.itkc.or.kr/people/viewEvnt?gubun=evntcate&cate1=Z&cate2=&dataId=ITKC_PH_1300A_0264
event_subject,ITKC_PH_1300A_0269,갑인년 남인의 집권〔甲寅乙卯時事〕,"예송,

붕당",조선,1674년(숙종 즉위),30,갑인예송,https://db.itkc.or.kr/people/viewEvnt?gubun=evntcate&cate1=Z&cate2=&dataId=ITKC_PH_1300A_0269
event_period,ITKC_PH_1300A_0189,김직재의 옥〔金直哉之獄〕,"옥사,

붕당",조선,1612년(광해군 4),26,,https://db.itkc.or.kr/people/viewEvnt?gubun=evntera&cate1=Z&cate2=&dataId=ITKC_PH_1300A_0189
event_period,ITKC_PH_1300A_0200,교하천도론〔議遷都交河〕,천도,조선,1612년(광해군 4),7,,https://db.itkc.or.kr/people/viewEvnt?gubun=evntera&cate1=Z&cate2=&dataId=ITKC_PH_1300A_0200
event_subject,ITKC_PH_1300A_0263,영릉 천장〔寧陵遷奉時事〕,능묘,조선,"1673년(현종 14) 5월
~ 1674년(현종 15) 4월",25,,https://db.itkc.or.kr/people/viewEvnt?gubun=evntcate&cate1=Z&cate2=&dataId=ITKC_PH_1300A_0263
event_period,ITKC_PH_1300A_0190,박응서의 옥〔朴應犀之獄〕,"옥사,

붕당",조선,1613년(광해군 5),15,계축옥사,https://db.itkc.or.kr/people/viewEvnt?gubun=evntera&cate1=Z&cate2=&dataId=ITKC_PH_1300A_0190
event_subject,ITKC_PH_1300A_0265,인선왕후 상장례〔仁宣大妃喪葬時事〕,"예송,

비빈",조선,1674년(현종 15) 2월,13,갑인예송,https://db.itkc.or.kr/people/viewEvnt?gubun=evntcate&cate1=Z&cate2=&dataId=ITKC_PH_1300A_0265
event_period,ITKC_PH_1305A_0311,계축옥사 심문록〔癸丑獄事 審問錄〕,옥사,조선,1613년(광해군 5),19,계축옥사,https://db.itkc.or.kr/people/viewEvnt?gubun=evntera&cate1=Z&cate2=&dataId=ITKC_PH_1305A_0311
event_subject,ITKC_PH_1300A_0266,갑인예송〔甲寅慈懿大妃服制〕,"예송,

붕당",조선,1674년(현종 15),29,갑인예송,https://db.itkc.or.kr/people/viewEvnt?gubun=evntcate&cate1=Z&cate2=&dataId=ITKC_PH_1300A_0266
event_period,ITKC_PH_1300A_0193,이창록의 옥〔李昌祿星州之獄〕,옥사,조선,1615년(광해군 7),3,,https://db.itkc.or.kr/people/viewEvnt?gubun=evntera&cate1=Z&cate2=&dataId=ITKC_PH_1300A_0193
event_period,ITKC_PH_1300A_0194,신경희의 옥〔申景禧之獄綾昌君〕,옥사,조선,1615년(광해군 7),17,,https://db.itkc.or.kr/people/viewEvnt?gubun=evntera&cate1=Z&cate2=&dataId=ITKC_PH_1300A_0194
event_subject,ITKC_PH_1300A_0267,오삼계의 난〔冬至使狀啓吳三桂朱太子之難〕,청,조선,1674년(현종 15),16,,https://db.itkc.or.kr/people/viewEvnt?gubun=evntcate&cate1=Z&cate2=&dataId=ITKC_PH_1300A_0267
event_period,ITKC_PH_1300A_0195,최기의 옥〔崔沂海州之獄〕,옥사,조선,1616년(광해군 8),25,,https://db.itkc.or.kr/people/viewEvnt?gubun=evntera&cate1=Z&cate2=&dataId=ITKC_PH_1300A_0195
event_subject,ITKC_PH_1300A_0271,삼복의 추문〔福昌福平紅袖之獄〕,옥사,조선,1675년(숙종 1),25,,https://db.itkc.or.kr/people/viewEvnt?gubun=evntcate&cate1=Z&cate2=&dataId=ITKC_PH_1300A_0271
event_period,ITKC_PH_1300A_0187,공빈추숭〔恭嬪追崇〕,비빈,조선,"1610년(광해군 2) 2월
~ 1617년(광해군 9) 9월",14,,https://db.itkc.or.kr/people/viewEvnt?gubun=evntera&cate1=Z&cate2=&dataId=ITKC_PH_1300A_0187
event_subject,ITKC_PH_1294A_0378,이자의의 난,반란,고려,1095년(헌종 원년) 7월,6,,https://db.itkc.or.kr/people/viewEvnt?gubun=evntcate&cate1=Z&cate2=&dataId=ITKC_PH_1294A_0378
event_period,ITKC_PH_1300A_0196,윤선도의 이이첨 탄핵 상소〔尹善道疏論李爾瞻〕,고변/탄핵,조선,1617년(광해군 9) 1월,17,,https://db.itkc.or.kr/people/viewEvnt?gubun=evntera&cate1=Z&cate2=&dataId=ITKC_PH_1300A_0196
event_subject,ITKC_PH_1300A_0273,청남과 탁남의 분기〔淸南濁南之分黨〕,붕당,조선,1675년(숙종 1),29,,https://db.itkc.or.kr/people/viewEvnt?gubun=evntcate&cate1=Z&cate2=&dataId=ITKC_PH_1300A_0273
event_period,ITKC_PH_1300A_0191,인목대비의 서궁 유폐〔廢母妃處西宮〕,비빈,조선,1618년(광해군 10),23,계축옥사,https://db.itkc.or.kr/people/viewEvnt?gubun=evntera&cate1=Z&cate2=&dataId=ITKC_PH_1300A_0191
event_subject,ITKC_PH_1300A_0272,현종묘정배향 논란〔顯宗廟庭配享陞黜議〕,"묘정배향,

국왕",조선,1676년(숙종 2),29,,https://db.itkc.or.kr/people/viewEvnt?gubun=evntcate&cate1=Z&cate2=&dataId=ITKC_PH_1300A_0272
event_period,ITKC_PH_1300A_0192,대비 폐출 절목〔廢削節目〕,비빈,조선,1618년(광해군 10),24,계축옥사,https://db.itkc.or.kr/people/viewEvnt?gubun=evntera&cate1=Z&cate2=&dataId=ITKC_PH_1300A_0192
event_subject,ITKC_PH_1300A_0275,인조반정 변무 주청〔奏請卞仁祖之誣〕,청,조선,1676년(숙종 2),28,,https://db.itkc.or.kr/people/viewEvnt?gubun=evntcate&cate1=Z&cate2=&dataId=ITKC_PH_1300A_0275
event_period,ITKC_PH_1300A_0197,허균의 복주〔許筠伏誅〕,정치일반,조선,1618년(광해군 10) 8월,20,,https://db.itkc.or.kr/people/viewEvnt?gubun=evntera&cate1=Z&cate2=&dataId=ITKC_PH_1300A_0197
event_subject,ITKC_PH_1300A_0276,승려 처경의 옥〔僧人處瓊之獄〕,옥사,조선,1676년(숙종 2),2,,https://db.itkc.or.kr/people/viewEvnt?gubun=evntcate&cate1=Z&cate2=&dataId=ITKC_PH_1300A_0276
event_period,ITKC_PH_1300A_0198,심하전투〔深河之役〕,전쟁,조선,1619년(광해군 11),14,,https://db.itkc.or.kr/people/viewEvnt?gubun=evntera&cate1=Z&cate2=&dataId=ITKC_PH_1300A_0198
event_subject,ITKC_PH_1300A_0277,최관 집안의 일〔崔寬家事〕,인물기타,조선,1677년(숙종 3),11,,https://db.itkc.or.kr/people/viewEvnt?gubun=evntcate&cate1=Z&cate2=&dataId=ITKC_PH_1300A_0277
event_period,ITKC_PH_1305A_0312,강홍립의 파병,전쟁,조선,1619년(광해군 11),10,,https://db.itkc.or.kr/people/viewEvnt?gubun=evntera&cate1=Z&cate2=&dataId=ITKC_PH_1305A_0312
event_subject,ITKC_PH_1300A_0274,허목의 허적 공격〔許穆攻許積〕,붕당,조선,"1678년(숙종 4)
~ 1679년(숙종 5)",26,,https://db.itkc.or.kr/people/viewEvnt?gubun=evntcate&cate1=Z&cate2=&dataId=ITKC_PH_1300A_0274
event_period,ITKC_PH_1300A_0199,이이첨 탄핵〔論劾李爾瞻等〕,"정치인,

고변/탄핵",조선,1621년(광해군 13),13,,https://db.itkc.or.kr/people/viewEvnt?gubun=evntera&cate1=Z&cate2=&dataId=ITKC_PH_1300A_0199
event_subject,ITKC_PH_1300A_0278,경신대출척〔庚申大黜陟許堅之獄〕,"정치일반,

붕당",조선,1680년(숙종 6),29,경신환국,https://db.itkc.or.kr/people/viewEvnt?gubun=evntcate&cate1=Z&cate2=&dataId=ITKC_PH_1300A_0278
event_period,ITKC_PH_1300A_0210,계해정사〔癸亥靖社〕,정변,조선,1623년(인조 1),30,인조반정,https://db.itkc.or.kr/people/viewEvnt?gubun=evntera&cate1=Z&cate2=&dataId=ITKC_PH_1300A_0210
event_subject,ITKC_PH_1300A_0279,윤휴 사사〔尹鑴賜死〕,정치일반,조선,1680년(숙종 6),21,경신환국,https://db.itkc.or.kr/people/viewEvnt?gubun=evntcate&cate1=Z&cate2=&dataId=ITKC_PH_1300A_0279
event_period,ITKC_PH_1300A_0211,광해군 안치〔安置光海君〕,국왕,조선,1623년(인조 1),26,인조반정,https://db.itkc.or.kr/people/viewEvnt?gubun=evntera&cate1=Z&cate2=&dataId=ITKC_PH_1300A_0211
event_subject,ITKC_PH_1300A_0281,정원로의 옥〔李元成上變鄭元老之獄〕,옥사,조선,1680년(숙종 6),25,경신환국,https://db.itkc.or.kr/people/viewEvnt?gubun=evntcate&cate1=Z&cate2=&dataId=ITKC_PH_1300A_0281
event_period,ITKC_PH_1300A_0212,계해년 죄적〔癸亥罪籍〕,정변,조선,1623년(인조 1),17,인조반정,https://db.itkc.or.kr/people/viewEvnt?gubun=evntera&cate1=Z&cate2=&dataId=ITKC_PH_1300A_0212
event_subject,ITKC_PH_1300A_0282,보사공신 선정〔保社功臣勘勳〕,공신/훈신,조선,1680년(숙종 6),24,경신환국,https://db.itkc.or.kr/people/viewEvnt?gubun=evntcate&cate1=Z&cate2=&dataId=ITKC_PH_1300A_0282
event_period,ITKC_PH_1300A_0213,인조의 왕위 승습 주청〔奏請中朝〕,명,조선,1623년(인조 1),13,인조반정,https://db.itkc.or.kr/people/viewEvnt?gubun=evntera&cate1=Z&cate2=&dataId=ITKC_PH_1300A_0213
event_subject,ITKC_PH_1294A_0379,정주성전투,전쟁,고려,"1104년(숙종 9) 1월
~ 1104년(숙종 9) 2월",2,고려여진전쟁,https://db.itkc.or.kr/people/viewEvnt?gubun=evntcate&cate1=Z&cate2=&dataId=ITKC_PH_1294A_0379
event_period,ITKC_PH_1300A_0214,유몽인의 옥〔柳夢寅之獄〕,"옥사,

처결",조선,1623년(인조 1),8,,https://db.itkc.or.kr/people/viewEvnt?gubun=evntera&cate1=Z&cate2=&dataId=ITKC_PH_1300A_0214
event_subject,ITKC_PH_1300A_0284,오시수 사사〔吳始壽賜死〕,처결,조선,1680년(숙종 6),21,,https://db.itkc.or.kr/people/viewEvnt?gubun=evntcate&cate1=Z&cate2=&dataId=ITKC_PH_1300A_0284
event_period,ITKC_PH_1300A_0215,박동량의 일〔朴東亮事〕,정치일반,조선,1623년(인조 1),14,,https://db.itkc.or.kr/people/viewEvnt?gubun=evntera&cate1=Z&cate2=&dataId=ITKC_PH_1300A_0215
event_subject,ITKC_PH_1300A_0283,이단하 탄핵〔劾李端夏〕,고변/탄핵,조선,1681년(숙종 7),6,,https://db.itkc.or.kr/people/viewEvnt?gubun=evntcate&cate1=Z&cate2=&dataId=ITKC_PH_1300A_0283
event_period,ITKC_PH_1305A_0307,계해정사 공신록〔癸亥靖社 功臣錄〕,공신/훈신) 정쟁(정변,조선,1623년(인조 1),27,인조반정,https://db.itkc.or.kr/people/viewEvnt?gubun=evntera&cate1=Z&cate2=&dataId=ITKC_PH_1305A_0307
event_subject,ITKC_PH_1300A_0280,현종실록 개수〔改顯宗實錄〕,출판,조선,"1680년(숙종 6)
~ 1683년(숙종 9)",14,,https://db.itkc.or.kr/people/viewEvnt?gubun=evntcate&cate1=Z&cate2=&dataId=ITKC_PH_1300A_0280
event_subject,ITKC_PH_1300A_0285,노론과 소론의 분기〔壬戌三告變之獄 老少論議之始分〕,붕당,조선,"1681년(숙종 7)
~ 1683년(숙종 9)",16,노론소론 분기,https://db.itkc.or.kr/people/viewEvnt?gubun=evntcate&cate1=Z&cate2=&dataId=ITKC_PH_1300A_0285
event_period,ITKC_PH_1305A_0308,계해정사 이후 조정대신,정변,조선,1623년(인조 1),28,인조반정,https://db.itkc.or.kr/people/viewEvnt?gubun=evntera&cate1=Z&cate2=&dataId=ITKC_PH_1305A_0308
event_period,ITKC_PH_1305A_0309,계해정사 이후 처벌된 관원,정변,조선,1623년(인조 1),12,인조반정,https://db.itkc.or.kr/people/viewEvnt?gubun=evntera&cate1=Z&cate2=&dataId=ITKC_PH_1305A_0309
event_subject,ITKC_PH_1300A_0286,효종인조의 불천위 논의〔孝宗仁祖世室 太祖追諡議〕,국왕,조선,1683년(숙종 9),29,,https://db.itkc.or.kr/people/viewEvnt?gubun=evntcate&cate1=Z&cate2=&dataId=ITKC_PH_1300A_0286
event_subject,ITKC_PH_1300A_0287,윤증에 대한 산림초치〔尹拯承召至果川退歸〕,"정치일반,

정치인",조선,1683년(숙종 9),19,노론소론 분기,https://db.itkc.or.kr/people/viewEvnt?gubun=evntcate&cate1=Z&cate2=&dataId=ITKC_PH_1300A_0287
event_period,ITKC_PH_1300A_0216,이괄의 난〔李适之變〕,반란,조선,"1624년(인조 2) 1월
~ 1624년(인조 2) 2월",15,이괄의 난,https://db.itkc.or.kr/people/viewEvnt?gubun=evntera&cate1=Z&cate2=&dataId=ITKC_PH_1300A_0216
event_subject,ITKC_PH_1300A_0288,무산부 창설〔刱設茂山府〕,기관,조선,1684년(숙종 10),4,,https://db.itkc.or.kr/people/viewEvnt?gubun=evntcate&cate1=Z&cate2=&dataId=ITKC_PH_1300A_0288
event_period,ITKC_PH_1300A_0217,박홍구의 옥〔朴弘耈之獄〕,옥사,조선,1624년(인조 2),18,이괄의 난,https://db.itkc.or.kr/people/viewEvnt?gubun=evntera&cate1=Z&cate2=&dataId=ITKC_PH_1300A_0217
event_subject,ITKC_PH_1300A_0295,난민의 처리〔究治亂民〕,"민란,

노비",조선,1684년(숙종 10),3,,https://db.itkc.or.kr/people/viewEvnt?gubun=evntcate&cate1=Z&cate2=&dataId=ITKC_PH_1300A_0295
event_period,ITKC_PH_1300A_0218,목성선의 상소〔睦性善疏〕,고변/탄핵,조선,1625년(인조 3),19,,https://db.itkc.or.kr/people/viewEvnt?gubun=evntera&cate1=Z&cate2=&dataId=ITKC_PH_1300A_0218
event_subject,ITKC_PH_1300A_0289,장희빈의 원자 출산〔張禧嬪誕元子〕,"세자,

비빈",조선,"1686년(숙종 12)
~ 1688년(숙종 14)",25,,https://db.itkc.or.kr/people/viewEvnt?gubun=evntcate&cate1=Z&cate2=&dataId=ITKC_PH_1300A_0289
event_period,ITKC_PH_1300A_0219,이인거의 옥〔李仁居獄〕,"반란,

옥사",조선,1627년(인조 5),7,,https://db.itkc.or.kr/people/viewEvnt?gubun=evntera&cate1=Z&cate2=&dataId=ITKC_PH_1300A_0219
event_subject,ITKC_PH_1300A_0290,원자의 책봉〔元子定號〕,세자,조선,1689년(숙종 15),28,,https://db.itkc.or.kr/people/viewEvnt?gubun=evntcate&cate1=Z&cate2=&dataId=ITKC_PH_1300A_0290
event_period,ITKC_PH_1300A_0226,정묘호란〔丁卯虜亂〕,호란,조선,1627년(인조 5),21,,https://db.itkc.or.kr/people/viewEvnt?gubun=evntera&cate1=Z&cate2=&dataId=ITKC_PH_1300A_0226
event_subject,ITKC_PH_1294A_0380,해동비록 편찬,출판,고려,1106년(예종 원년) 3월,1,,https://db.itkc.or.kr/people/viewEvnt?gubun=evntcate&cate1=Z&cate2=&dataId=ITKC_PH_1294A_0380
event_period,ITKC_PH_1300A_0220,유효립의 옥〔柳孝立獄〕,옥사,조선,1628년(인조 6),12,,https://db.itkc.or.kr/people/viewEvnt?gubun=evntera&cate1=Z&cate2=&dataId=ITKC_PH_1300A_0220
event_subject,ITKC_PH_1300A_0298,오도일의 일화〔吳道一任淸風時事〕,"정치일반,

묘정배향",조선,1689년(숙종 15),11,,https://db.itkc.or.kr/people/viewEvnt?gubun=evntcate&cate1=Z&cate2=&dataId=ITKC_PH_1300A_0298
event_period,ITKC_PH_1300A_0221,인성군의 죽음〔仁城君珙之死〕,"정치일반,

종실",조선,1628년(인조 6),22,,https://db.itkc.or.kr/people/viewEvnt?gubun=evntera&cate1=Z&cate2=&dataId=ITKC_PH_1300A_0221
event_subject,ITKC_PH_1300A_0292,이상의 옥〔李翔瘦死〕,옥사,조선,"1688년(숙종 14)
~ 1690년(숙종 16)",23,,https://db.itkc.or.kr/people/viewEvnt?gubun=evntcate&cate1=Z&cate2=&dataId=ITKC_PH_1300A_0292
event_period,ITKC_PH_1300A_0238,노서와 소서의 분열〔老少西之目始分〕,붕당,조선,"1625년(인조 3)
~ 1629년(인조 7)",29,,https://db.itkc.or.kr/people/viewEvnt?gubun=evntera&cate1=Z&cate2=&dataId=ITKC_PH_1300A_0238
event_subject,ITKC_PH_1300A_0293,노이익의 상소〔盧以益之疏〕,고변/탄핵,조선,1690년(숙종 16),7,,https://db.itkc.or.kr/people/viewEvnt?gubun=evntcate&cate1=Z&cate2=&dataId=ITKC_PH_1300A_0293
event_period,ITKC_PH_1300A_0222,송광유의 무옥〔宋光裕誣告之獄〕,옥사,조선,"1628년(인조 6)
~ 1629년(인조 7)",6,,https://db.itkc.or.kr/people/viewEvnt?gubun=evntera&cate1=Z&cate2=&dataId=ITKC_PH_1300A_0222
event_subject,ITKC_PH_1300A_0294,언문 편지와 환약의 옥〔諺簡丸藥之獄〕,"옥사,

세자",조선,1690년(숙종 16),3,,https://db.itkc.or.kr/people/viewEvnt?gubun=evntcate&cate1=Z&cate2=&dataId=ITKC_PH_1300A_0294
event_period,ITKC_PH_1300A_0223,기사년의 여러 옥사〔己巳諸獄〕,옥사,조선,1629년(인조 7),2,,https://db.itkc.or.kr/people/viewEvnt?gubun=evntera&cate1=Z&cate2=&dataId=ITKC_PH_1300A_0223
event_subject,ITKC_PH_1300A_0291,정시한의 상소〔丁時翰疏〕,고변/탄핵,조선,1691년(숙종 17),9,,https://db.itkc.or.kr/people/viewEvnt?gubun=evntcate&cate1=Z&cate2=&dataId=ITKC_PH_1300A_0291
event_period,ITKC_PH_1300A_0225,목릉 천장〔穆陵遷奉〕,능묘,조선,1630년(인조 8),6,,https://db.itkc.or.kr/people/viewEvnt?gubun=evntera&cate1=Z&cate2=&dataId=ITKC_PH_1300A_0225
event_subject,ITKC_PH_1300A_0296,장희재의 옥〔張希載諺書之獄〕,옥사,조선,1694년(숙종 20),5,,https://db.itkc.or.kr/people/viewEvnt?gubun=evntcate&cate1=Z&cate2=&dataId=ITKC_PH_1300A_0296
event_period,ITKC_PH_1300A_0239,이명준의 상소〔李命俊論嬪御〕,고변/탄핵,조선,1630년(인조 8) 7월,6,,https://db.itkc.or.kr/people/viewEvnt?gubun=evntera&cate1=Z&cate2=&dataId=ITKC_PH_1300A_0239
event_subject,ITKC_PH_1300A_0297,목내선〔睦來善〕,"정치일반,

붕당",조선,"1694년(숙종 20)
~ 1697년(숙종 23)",26,,https://db.itkc.or.kr/people/viewEvnt?gubun=evntcate&cate1=Z&cate2=&dataId=ITKC_PH_1300A_0297
event_period,ITKC_PH_1300A_0224,신미년옥사〔辛未獄〕,옥사,조선,1631년(인조 9),8,,https://db.itkc.or.kr/people/viewEvnt?gubun=evntera&cate1=Z&cate2=&dataId=ITKC_PH_1300A_0224
event_subject,ITKC_PH_1300A_0046,단종복위와 봉릉〔復位封陵〕,국왕,조선,"1698년(숙종 24)
~ 1699년(숙종 25)",27,,https://db.itkc.or.kr/people/viewEvnt?gubun=evntcate&cate1=Z&cate2=&dataId=ITKC_PH_1300A_0046
event_period,ITKC_PH_1300A_0208,원종 추숭〔元宗仁獻王后追崇〕,국왕,조선,"1632년(인조 10) 5월
~ 1635년(인조 13) 3월",31,,https://db.itkc.or.kr/people/viewEvnt?gubun=evntera&cate1=Z&cate2=&dataId=ITKC_PH_1300A_0208
event_subject,ITKC_PH_1300A_0299,경인환국〔庚寅換局〕,"정치일반,

붕당",조선,1710년(숙종 36),12,,https://db.itkc.or.kr/people/viewEvnt?gubun=evntcate&cate1=Z&cate2=&dataId=ITKC_PH_1300A_0299
event_period,ITKC_PH_1300A_0228,강화도 함락〔江都敗沒〕,호란,조선,1636년(인조 14),27,병자호란,https://db.itkc.or.kr/people/viewEvnt?gubun=evntera&cate1=Z&cate2=&dataId=ITKC_PH_1300A_0228
event_subject,ITKC_PH_1300A_0262,남구만의 인물평〔藥泉論白軒晦谷西溪書〕,정치인,조선,1711년(숙종 37),10,,https://db.itkc.or.kr/people/viewEvnt?gubun=evntcate&cate1=Z&cate2=&dataId=ITKC_PH_1300A_0262
event_period,ITKC_PH_1300A_0229,강화도 순절인들〔江都殉節人〕,"절신,

호란",조선,1636년(인조 14),29,병자호란,https://db.itkc.or.kr/people/viewEvnt?gubun=evntera&cate1=Z&cate2=&dataId=ITKC_PH_1300A_0229
event_subject,ITKC_PH_1294A_0381,서경 궁궐 축조,건축,고려,1107년(예종 2) 9월,4,,https://db.itkc.or.kr/people/viewEvnt?gubun=evntcate&cate1=Z&cate2=&dataId=ITKC_PH_1294A_0381
event_period,ITKC_PH_1300A_0230,순절한 부인들〔殉節夫人〕,"인물기타,

호란",조선,1636년(인조 14),15,병자호란,https://db.itkc.or.kr/people/viewEvnt?gubun=evntera&cate1=Z&cate2=&dataId=ITKC_PH_1300A_0230
event_subject,ITKC_PH_1300A_0300,정유년 세자의 대리청정〔丁酉理代〕,세자,조선,1715년(숙종 41),20,,https://db.itkc.or.kr/people/viewEvnt?gubun=evntcate&cate1=Z&cate2=&dataId=ITKC_PH_1300A_0300
event_subject,ITKC_PH_1300A_0081,왕비 신씨의 폐위와 복위〔王妃愼氏遜位復位本末〕,비빈,조선,"1506년(중종 1)
~ 1739년(영조 15)",29,중종반정,https://db.itkc.or.kr/people/viewEvnt?gubun=evntcate&cate1=Z&cate2=&dataId=ITKC_PH_1300A_0081
event_period,ITKC_PH_1300A_0227,병자호란〔丙子虜亂丁丑南漢出城〕,호란,조선,"1636년(인조 14)
~ 1637년(인조 15)",24,병자호란,https://db.itkc.or.kr/people/viewEvnt?gubun=evntera&cate1=Z&cate2=&dataId=ITKC_PH_1300A_0227
event_subject,ITKC_PH_1305A_0303,사가독서 인물〔賜暇讀書 人物〕,사가독서,조선,"1426년(세종 8)
~ 1773년(영조 49)",22,,https://db.itkc.or.kr/people/viewEvnt?gubun=evntcate&cate1=Z&cate2=&dataId=ITKC_PH_1305A_0303
event_period,ITKC_PH_1305A_0328,병자호란 때 남한산성에 오지 못한 신하들,호란,조선,"1636년(인조 14)
~ 1637년(인조 15)",23,,https://db.itkc.or.kr/people/viewEvnt?gubun=evntera&cate1=Z&cate2=&dataId=ITKC_PH_1305A_0328
event_subject,ITKC_PH_1305A_0301,과거에 거듭 장원한 인물,과거,조선,"1392년(태조 1)
~ 1894년(고종 31)",20,,https://db.itkc.or.kr/people/viewEvnt?gubun=evntcate&cate1=Z&cate2=&dataId=ITKC_PH_1305A_0301
event_period,ITKC_PH_1300A_0232,전란의 수습〔亂後時事〕,"정치일반,

호란",조선,1637년(인조 15),29,병자호란,https://db.itkc.or.kr/people/viewEvnt?gubun=evntera&cate1=Z&cate2=&dataId=ITKC_PH_1300A_0232
event_subject,ITKC_PH_1305A_0302,장원 급제한 의정부 대신,과거,조선,"1392년(태조 1)
~ 1894년(고종 31)",13,,https://db.itkc.or.kr/people/viewEvnt?gubun=evntcate&cate1=Z&cate2=&dataId=ITKC_PH_1305A_0302
event_period,ITKC_PH_1300A_0235,심양옥 피감인들〔瀋獄諸囚〕,"정치인,

호란",조선,1637년(인조 15),20,병자호란,https://db.itkc.or.kr/people/viewEvnt?gubun=evntera&cate1=Z&cate2=&dataId=ITKC_PH_1300A_0235
event_subject,ITKC_PH_1305A_0329,오형제가 과거급제한 사례,과거,조선,"1392년(태조 1)
~ 1894년(고종 31)",26,,https://db.itkc.or.kr/people/viewEvnt?gubun=evntcate&cate1=Z&cate2=&dataId=ITKC_PH_1305A_0329
event_period,ITKC_PH_1300A_0236,삼학사〔三學士〕,"정치인,

호란",조선,1637년(인조 15),26,병자호란,https://db.itkc.or.kr/people/viewEvnt?gubun=evntera&cate1=Z&cate2=&dataId=ITKC_PH_1300A_0236
event_subject,ITKC_PH_1305A_0305,기로소에 들어간 의정부대신,인물기타,조선,"1428년(세종 10)
~ 1910년(순종 3)",20,,https://db.itkc.or.kr/people/viewEvnt?gubun=evntcate&cate1=Z&cate2=&dataId=ITKC_PH_1305A_0305
event_period,ITKC_PH_1300A_0240,정명공주〔貞明公主〕,"종실,

비빈",조선,1639년(인조 17),7,,https://db.itkc.or.kr/people/viewEvnt?gubun=evntera&cate1=Z&cate2=&dataId=ITKC_PH_1300A_0240
event_subject,ITKC_PH_1305A_0304,대제학을 지낸 인물,문형,조선,"1392년(태조 1)
~ 1910년(순종 3)",30,,https://db.itkc.or.kr/people/viewEvnt?gubun=evntcate&cate1=Z&cate2=&dataId=ITKC_PH_1305A_0304
event_period,ITKC_PH_1300A_0237,명나라의 멸망〔大明亡〕,명,조선,1644년(인조 22),7,,https://db.itkc.or.kr/people/viewEvnt?gubun=evntera&cate1=Z&cate2=&dataId=ITKC_PH_1300A_0237
event_subject,ITKC_PH_1294A_0382,윤관의 여진정벌,정벌,고려,1107년(예종 2) 12월,7,고려여진전쟁,https://db.itkc.or.kr/people/viewEvnt?gubun=evntcate&cate1=Z&cate2=&dataId=ITKC_PH_1294A_0382
event_period,ITKC_PH_1300A_0241,심기원의 옥〔沈器遠之獄〕,옥사,조선,1644년(인조 22) 3월,16,,https://db.itkc.or.kr/people/viewEvnt?gubun=evntera&cate1=Z&cate2=&dataId=ITKC_PH_1300A_0241
event_subject,ITKC_PH_1294A_0383,김인석의 반란,반란,고려,1112년(예종 7) 8월,0,,https://db.itkc.or.kr/people/viewEvnt?gubun=evntcate&cate1=Z&cate2=&dataId=ITKC_PH_1294A_0383
event_period,ITKC_PH_1300A_0242,세자를 다시 정함〔定儲嗣〕,세자,조선,"1645년(인조 23) 4월
~ 1645년(인조 23) 윤6월",19,,https://db.itkc.or.kr/people/viewEvnt?gubun=evntera&cate1=Z&cate2=&dataId=ITKC_PH_1300A_0242
event_subject,ITKC_PH_1294A_0384,고려인의 송나라 태학 입학,교육,고려,1115년(예종 10) 7월,1,,https://db.itkc.or.kr/people/viewEvnt?gubun=evntcate&cate1=Z&cate2=&dataId=ITKC_PH_1294A_0384
event_period,ITKC_PH_1300A_0243,강빈의 옥〔姜嬪之獄〕,"옥사,

비빈",조선,1646년(인조 24),30,,https://db.itkc.or.kr/people/viewEvnt?gubun=evntera&cate1=Z&cate2=&dataId=ITKC_PH_1300A_0243
event_subject,ITKC_PH_1294A_0385,이자겸의 집권,정변,고려,1122년(예종 17) 12월,7,,https://db.itkc.or.kr/people/viewEvnt?gubun=evntcate&cate1=Z&cate2=&dataId=ITKC_PH_1294A_0385
event_period,ITKC_PH_1300A_0251,청나라 사신의 감찰〔淸使査問〕,청,조선,"1650년(효종 1)
~ 1651년(효종 2)",26,,https://db.itkc.or.kr/people/viewEvnt?gubun=evntera&cate1=Z&cate2=&dataId=ITKC_PH_1300A_0251
event_subject,ITKC_PH_1294A_0386,이자겸의 난,반란,고려,"1126년(인종 4) 2월
~ 1126년(인종 4) 5월",8,,https://db.itkc.or.kr/people/viewEvnt?gubun=evntcate&cate1=Z&cate2=&dataId=ITKC_PH_1294A_0386
event_period,ITKC_PH_1300A_0252,김자점의 옥〔金自點獄〕,옥사,조선,1651년(효종 2),29,,https://db.itkc.or.kr/people/viewEvnt?gubun=evntera&cate1=Z&cate2=&dataId=ITKC_PH_1300A_0252
event_subject,ITKC_PH_1294A_0387,척준경의 유배,유배,고려,1127년(인종 5) 3월,4,,https://db.itkc.or.kr/people/viewEvnt?gubun=evntcate&cate1=Z&cate2=&dataId=ITKC_PH_1294A_0387
event_period,ITKC_PH_1300A_0254,"민점, 김징의 한림 추천〔閔點金澄翰林薦〕","정치일반,

붕당",조선,1653년(효종 4),15,,https://db.itkc.or.kr/people/viewEvnt?gubun=evntera&cate1=Z&cate2=&dataId=ITKC_PH_1300A_0254
event_period,ITKC_PH_1300A_0255,김홍욱의 장살〔金弘郁杖死〕,옥사,조선,1654년(효종 5),11,,https://db.itkc.or.kr/people/viewEvnt?gubun=evntera&cate1=Z&cate2=&dataId=ITKC_PH_1300A_0255
event_subject,ITKC_PH_1294A_0388,인종의 서경행차,국왕,고려,1128년(인종 6) 8월,6,,https://db.itkc.or.kr/people/viewEvnt?gubun=evntcate&cate1=Z&cate2=&dataId=ITKC_PH_1294A_0388
event_period,ITKC_PH_1300A_0253,서변의 옥〔徐忭獄〕,"옥사,

고변/탄핵",조선,1656년(효종 7),8,,https://db.itkc.or.kr/people/viewEvnt?gubun=evntera&cate1=Z&cate2=&dataId=ITKC_PH_1300A_0253
event_subject,ITKC_PH_1294A_0389,묘청의 난,반란,고려,1135년(인종 13) 1월,6,,https://db.itkc.or.kr/people/viewEvnt?gubun=evntcate&cate1=Z&cate2=&dataId=ITKC_PH_1294A_0389
event_period,ITKC_PH_1300A_0260,기해예송〔己亥慈懿大妃服制〕,"예송,

붕당",조선,"1659년(현종 즉위)
~ 1660년(현종 1)",17,기해예송,https://db.itkc.or.kr/people/viewEvnt?gubun=evntera&cate1=Z&cate2=&dataId=ITKC_PH_1300A_0260
event_subject,ITKC_PH_1294A_0390,정함의 서대 사건,정치일반,고려,1151년(의종 5) 윤4월,2,,https://db.itkc.or.kr/people/viewEvnt?gubun=evntcate&cate1=Z&cate2=&dataId=ITKC_PH_1294A_0390
event_period,ITKC_PH_1300A_0261,의례 상복도〔儀禮爲長子之喪服圖〕,예송,조선,1660년(현종 1),27,기해예송,https://db.itkc.or.kr/people/viewEvnt?gubun=evntera&cate1=Z&cate2=&dataId=ITKC_PH_1300A_0261
event_subject,ITKC_PH_1294A_0391,충허각의 연회,정치일반,고려,1156년(의종 10) 10월,5,,https://db.itkc.or.kr/people/viewEvnt?gubun=evntcate&cate1=Z&cate2=&dataId=ITKC_PH_1294A_0391
event_period,ITKC_PH_1300A_0264,대부복상문제〔閔愼代父服斬〕,예송,조선,1673년(현종 14),15,,https://db.itkc.or.kr/people/viewEvnt?gubun=evntera&cate1=Z&cate2=&dataId=ITKC_PH_1300A_0264
event_subject,ITKC_PH_1294A_0392,대령후 왕경의 유배,유배,고려,1157년(의종 11) 2월,4,,https://db.itkc.or.kr/people/viewEvnt?gubun=evntcate&cate1=Z&cate2=&dataId=ITKC_PH_1294A_0392
event_period,ITKC_PH_1300A_0269,갑인년 남인의 집권〔甲寅乙卯時事〕,"예송,

붕당",조선,1674년(숙종 즉위),30,갑인예송,https://db.itkc.or.kr/people/viewEvnt?gubun=evntera&cate1=Z&cate2=&dataId=ITKC_PH_1300A_0269
event_subject,ITKC_PH_1294A_0393,수덕궁 건립,건축,고려,1157년(의종 11) 4월,3,,https://db.itkc.or.kr/people/viewEvnt?gubun=evntcate&cate1=Z&cate2=&dataId=ITKC_PH_1294A_0393
event_period,ITKC_PH_1300A_0263,영릉 천장〔寧陵遷奉時事〕,능묘,조선,"1673년(현종 14) 5월
~ 1674년(현종 15) 4월",25,,https://db.itkc.or.kr/people/viewEvnt?gubun=evntera&cate1=Z&cate2=&dataId=ITKC_PH_1300A_0263
event_subject,ITKC_PH_1305A_0325,사림의 계보〔師友名行錄〕,사화,조선,,30,,https://db.itkc.or.kr/people/viewEvnt?gubun=evntcate&cate1=Z&cate2=&dataId=ITKC_PH_1305A_0325
event_period,ITKC_PH_1300A_0265,인선왕후 상장례〔仁宣大妃喪葬時事〕,"예송,

비빈",조선,1674년(현종 15) 2월,13,갑인예송,https://db.itkc.or.kr/people/viewEvnt?gubun=evntera&cate1=Z&cate2=&dataId=ITKC_PH_1300A_0265
event_subject,ITKC_PH_1305A_0330,선조대의 소북인,붕당,조선,,28,,https://db.itkc.or.kr/people/viewEvnt?gubun=evntcate&cate1=Z&cate2=&dataId=ITKC_PH_1305A_0330
event_subject,ITKC_PH_1305A_0333,심수경의 동갑계,인물기타,조선,,6,,https://db.itkc.or.kr/people/viewEvnt?gubun=evntcate&cate1=Z&cate2=&dataId=ITKC_PH_1305A_0333
event_period,ITKC_PH_1300A_0266,갑인예송〔甲寅慈懿大妃服制〕,"예송,

붕당",조선,1674년(현종 15),29,갑인예송,https://db.itkc.or.kr/people/viewEvnt?gubun=evntera&cate1=Z&cate2=&dataId=ITKC_PH_1300A_0266
event_period,ITKC_PH_1300A_0267,오삼계의 난〔冬至使狀啓吳三桂朱太子之難〕,청,조선,1674년(현종 15),16,,https://db.itkc.or.kr/people/viewEvnt?gubun=evntera&cate1=Z&cate2=&dataId=ITKC_PH_1300A_0267
event_subject,ITKC_PH_1294A_0394,정함의 탄핵과 복직,고변/탄핵,고려,"1158년(의종 12) 6월
~ 1158년(의종 12) 9월",4,,https://db.itkc.or.kr/people/viewEvnt?gubun=evntcate&cate1=Z&cate2=&dataId=ITKC_PH_1294A_0394
event_period,ITKC_PH_1300A_0271,삼복의 추문〔福昌福平紅袖之獄〕,옥사,조선,1675년(숙종 1),25,,https://db.itkc.or.kr/people/viewEvnt?gubun=evntera&cate1=Z&cate2=&dataId=ITKC_PH_1300A_0271
event_subject,ITKC_PH_1305A_0334,심수경의 과거 동기,과거,조선,,28,,https://db.itkc.or.kr/people/viewEvnt?gubun=evntcate&cate1=Z&cate2=&dataId=ITKC_PH_1305A_0334
event_period,ITKC_PH_1300A_0273,청남과 탁남의 분기〔淸南濁南之分黨〕,붕당,조선,1675년(숙종 1),29,,https://db.itkc.or.kr/people/viewEvnt?gubun=evntera&cate1=Z&cate2=&dataId=ITKC_PH_1300A_0273
event_subject,ITKC_PH_1294A_0395,중흥궐 건립,건축,고려,"1158년(의종 12) 8월
~ 1158년(의종 12) 9월",1,,https://db.itkc.or.kr/people/viewEvnt?gubun=evntcate&cate1=Z&cate2=&dataId=ITKC_PH_1294A_0395
event_period,ITKC_PH_1300A_0272,현종묘정배향 논란〔顯宗廟庭配享陞黜議〕,"묘정배향,

국왕",조선,1676년(숙종 2),29,,https://db.itkc.or.kr/people/viewEvnt?gubun=evntera&cate1=Z&cate2=&dataId=ITKC_PH_1300A_0272
event_subject,ITKC_PH_1294A_0396,문극겸의 환관 탄핵,고변/탄핵,고려,1163년(의종 17) 8월,3,,https://db.itkc.or.kr/people/viewEvnt?gubun=evntcate&cate1=Z&cate2=&dataId=ITKC_PH_1294A_0396
event_period,ITKC_PH_1300A_0275,인조반정 변무 주청〔奏請卞仁祖之誣〕,청,조선,1676년(숙종 2),28,,https://db.itkc.or.kr/people/viewEvnt?gubun=evntera&cate1=Z&cate2=&dataId=ITKC_PH_1300A_0275
event_subject,ITKC_PH_1294A_0397,의종의 관란사 행차,"국왕,

정치일반",고려,1165년(의종 19) 4월,1,,https://db.itkc.or.kr/people/viewEvnt?gubun=evntcate&cate1=Z&cate2=&dataId=ITKC_PH_1294A_0397
event_period,ITKC_PH_1300A_0276,승려 처경의 옥〔僧人處瓊之獄〕,옥사,조선,1676년(숙종 2),2,,https://db.itkc.or.kr/people/viewEvnt?gubun=evntera&cate1=Z&cate2=&dataId=ITKC_PH_1300A_0276
event_subject,ITKC_PH_1294A_0398,김돈중의 화살 사건,"국왕,

정치일반",고려,1167년(의종 21) 1월,2,,https://db.itkc.or.kr/people/viewEvnt?gubun=evntcate&cate1=Z&cate2=&dataId=ITKC_PH_1294A_0398
event_period,ITKC_PH_1300A_0277,최관 집안의 일〔崔寬家事〕,인물기타,조선,1677년(숙종 3),11,,https://db.itkc.or.kr/people/viewEvnt?gubun=evntera&cate1=Z&cate2=&dataId=ITKC_PH_1300A_0277
event_subject,ITKC_PH_1294A_0399,의종의 현화사 행차,국왕,고려,"1167년(의종 21) 5월
~ 1167년(의종 21) 6월",2,,https://db.itkc.or.kr/people/viewEvnt?gubun=evntcate&cate1=Z&cate2=&dataId=ITKC_PH_1294A_0399
event_period,ITKC_PH_1300A_0274,허목의 허적 공격〔許穆攻許積〕,붕당,조선,"1678년(숙종 4)
~ 1679년(숙종 5)",26,,https://db.itkc.or.kr/people/viewEvnt?gubun=evntera&cate1=Z&cate2=&dataId=ITKC_PH_1300A_0274
event_subject,ITKC_PH_1294A_0400,무신정변〔武臣政變〕,정변,고려,1170년(의종 24) 8월,5,무신정변,https://db.itkc.or.kr/people/viewEvnt?gubun=evntcate&cate1=Z&cate2=&dataId=ITKC_PH_1294A_0400
event_period,ITKC_PH_1300A_0278,경신대출척〔庚申大黜陟許堅之獄〕,"정치일반,

붕당",조선,1680년(숙종 6),29,경신환국,https://db.itkc.or.kr/people/viewEvnt?gubun=evntera&cate1=Z&cate2=&dataId=ITKC_PH_1300A_0278
event_subject,ITKC_PH_1294A_0401,의종의 폐위와 명종의 즉위,"정변,

국왕",고려,1170년(의종 24) 9월,6,무신정변,https://db.itkc.or.kr/people/viewEvnt?gubun=evntcate&cate1=Z&cate2=&dataId=ITKC_PH_1294A_0401
event_period,ITKC_PH_1300A_0279,윤휴 사사〔尹鑴賜死〕,정치일반,조선,1680년(숙종 6),21,경신환국,https://db.itkc.or.kr/people/viewEvnt?gubun=evntera&cate1=Z&cate2=&dataId=ITKC_PH_1300A_0279
event_subject,ITKC_PH_1294A_0402,무신정변 주역들의 공신책봉,"정변,

공신/훈신",고려,1170년(의종 24) 10월,4,무신정변,https://db.itkc.or.kr/people/viewEvnt?gubun=evntcate&cate1=Z&cate2=&dataId=ITKC_PH_1294A_0402
event_period,ITKC_PH_1300A_0281,정원로의 옥〔李元成上變鄭元老之獄〕,옥사,조선,1680년(숙종 6),25,경신환국,https://db.itkc.or.kr/people/viewEvnt?gubun=evntera&cate1=Z&cate2=&dataId=ITKC_PH_1300A_0281
event_subject,ITKC_PH_1294A_0403,이의방의 이고 제거,정치일반,고려,1171년(명종 원년) 1월,2,무신정변,https://db.itkc.or.kr/people/viewEvnt?gubun=evntcate&cate1=Z&cate2=&dataId=ITKC_PH_1294A_0403
event_subject,ITKC_PH_1294A_0404,김보당의 난,반란,고려,"1173년(명종 3) 8월
~ 1173년(명종 3) 9월",7,,https://db.itkc.or.kr/people/viewEvnt?gubun=evntcate&cate1=Z&cate2=&dataId=ITKC_PH_1294A_0404
event_period,ITKC_PH_1300A_0282,보사공신 선정〔保社功臣勘勳〕,공신/훈신,조선,1680년(숙종 6),24,경신환국,https://db.itkc.or.kr/people/viewEvnt?gubun=evntera&cate1=Z&cate2=&dataId=ITKC_PH_1300A_0282
event_subject,ITKC_PH_1294A_0405,이의민의 의종 살해,"정치일반,

국왕",고려,1173년(명종 3) 10월,3,무신정변,https://db.itkc.or.kr/people/viewEvnt?gubun=evntcate&cate1=Z&cate2=&dataId=ITKC_PH_1294A_0405
event_period,ITKC_PH_1300A_0284,오시수 사사〔吳始壽賜死〕,처결,조선,1680년(숙종 6),21,,https://db.itkc.or.kr/people/viewEvnt?gubun=evntera&cate1=Z&cate2=&dataId=ITKC_PH_1300A_0284
event_subject,ITKC_PH_1294A_0406,개경 승도의 난,"반란,

종교",고려,1174년(명종 4) 1월,4,,https://db.itkc.or.kr/people/viewEvnt?gubun=evntcate&cate1=Z&cate2=&dataId=ITKC_PH_1294A_0406
event_period,ITKC_PH_1300A_0283,이단하 탄핵〔劾李端夏〕,고변/탄핵,조선,1681년(숙종 7),6,,https://db.itkc.or.kr/people/viewEvnt?gubun=evntera&cate1=Z&cate2=&dataId=ITKC_PH_1300A_0283
event_subject,ITKC_PH_1294A_0408,정중부의 이의방 제거,정치일반,고려,1174년(명종 4) 12월,5,무신정변,https://db.itkc.or.kr/people/viewEvnt?gubun=evntcate&cate1=Z&cate2=&dataId=ITKC_PH_1294A_0408
event_period,ITKC_PH_1300A_0280,현종실록 개수〔改顯宗實錄〕,출판,조선,"1680년(숙종 6)
~ 1683년(숙종 9)",14,,https://db.itkc.or.kr/people/viewEvnt?gubun=evntera&cate1=Z&cate2=&dataId=ITKC_PH_1300A_0280
event_subject,ITKC_PH_1294A_0407,조위총의 난,반란,고려,"1174년(명종 4) 9월
~ 1176년(명종 6) 6월",7,,https://db.itkc.or.kr/people/viewEvnt?gubun=evntcate&cate1=Z&cate2=&dataId=ITKC_PH_1294A_0407
event_period,ITKC_PH_1300A_0285,노론과 소론의 분기〔壬戌三告變之獄 老少論議之始分〕,붕당,조선,"1681년(숙종 7)
~ 1683년(숙종 9)",16,노론소론 분기,https://db.itkc.or.kr/people/viewEvnt?gubun=evntera&cate1=Z&cate2=&dataId=ITKC_PH_1300A_0285
event_subject,ITKC_PH_1294A_0409,망이·망소이의 난,민란,고려,"1176년(명종 6) 1월
~ 1177년(명종 7) 7월",2,,https://db.itkc.or.kr/people/viewEvnt?gubun=evntcate&cate1=Z&cate2=&dataId=ITKC_PH_1294A_0409
event_period,ITKC_PH_1300A_0286,효종인조의 불천위 논의〔孝宗仁祖世室 太祖追諡議〕,국왕,조선,1683년(숙종 9),29,,https://db.itkc.or.kr/people/viewEvnt?gubun=evntera&cate1=Z&cate2=&dataId=ITKC_PH_1300A_0286
event_subject,ITKC_PH_1294A_0410,경대승의 정중부 제거,정치일반,고려,1179년(명종 9) 9월,5,무신정변,https://db.itkc.or.kr/people/viewEvnt?gubun=evntcate&cate1=Z&cate2=&dataId=ITKC_PH_1294A_0410
event_period,ITKC_PH_1300A_0287,윤증에 대한 산림초치〔尹拯承召至果川退歸〕,"정치일반,

정치인",조선,1683년(숙종 9),19,노론소론 분기,https://db.itkc.or.kr/people/viewEvnt?gubun=evntera&cate1=Z&cate2=&dataId=ITKC_PH_1300A_0287
event_subject,ITKC_PH_1294A_0411,죽동의 난,"민란,

노비",고려,"1182년(명종 12) 3월
~ 1182년(명종 12) 5월",0,,https://db.itkc.or.kr/people/viewEvnt?gubun=evntcate&cate1=Z&cate2=&dataId=ITKC_PH_1294A_0411
event_period,ITKC_PH_1300A_0288,무산부 창설〔刱設茂山府〕,기관,조선,1684년(숙종 10),4,,https://db.itkc.or.kr/people/viewEvnt?gubun=evntera&cate1=Z&cate2=&dataId=ITKC_PH_1300A_0288
event_subject,ITKC_PH_1294A_0412,경대승의 사망,정치일반,고려,1183년(명종 13) 7월,4,무신정변,https://db.itkc.or.kr/people/viewEvnt?gubun=evntcate&cate1=Z&cate2=&dataId=ITKC_PH_1294A_0412
event_period,ITKC_PH_1300A_0295,난민의 처리〔究治亂民〕,"민란,

노비",조선,1684년(숙종 10),3,,https://db.itkc.or.kr/people/viewEvnt?gubun=evntera&cate1=Z&cate2=&dataId=ITKC_PH_1300A_0295
event_subject,ITKC_PH_1294A_0413,소상팔경도 제작,출판,고려,1185년(명종 15) 3월,3,,https://db.itkc.or.kr/people/viewEvnt?gubun=evntcate&cate1=Z&cate2=&dataId=ITKC_PH_1294A_0413
event_period,ITKC_PH_1300A_0289,장희빈의 원자 출산〔張禧嬪誕元子〕,"세자,

비빈",조선,"1686년(숙종 12)
~ 1688년(숙종 14)",25,,https://db.itkc.or.kr/people/viewEvnt?gubun=evntera&cate1=Z&cate2=&dataId=ITKC_PH_1300A_0289
event_subject,ITKC_PH_1294A_0414,무관의 문관 겸직,제도개혁,고려,1186년(명종 16) 12월,2,무신정변,https://db.itkc.or.kr/people/viewEvnt?gubun=evntcate&cate1=Z&cate2=&dataId=ITKC_PH_1294A_0414
event_period,ITKC_PH_1300A_0290,원자의 책봉〔元子定號〕,세자,조선,1689년(숙종 15),28,,https://db.itkc.or.kr/people/viewEvnt?gubun=evntera&cate1=Z&cate2=&dataId=ITKC_PH_1300A_0290
event_subject,ITKC_PH_1294A_0415,조원정의 난,반란,고려,1187년(명종 17) 7월,4,,https://db.itkc.or.kr/people/viewEvnt?gubun=evntcate&cate1=Z&cate2=&dataId=ITKC_PH_1294A_0415
event_subject,ITKC_PH_1294A_0416,김사미의 난,민란,고려,"1193년(명종 23) 7월
~ 1194년(명종 24) 7월",1,,https://db.itkc.or.kr/people/viewEvnt?gubun=evntcate&cate1=Z&cate2=&dataId=ITKC_PH_1294A_0416
event_period,ITKC_PH_1300A_0298,오도일의 일화〔吳道一任淸風時事〕,"정치일반,

묘정배향",조선,1689년(숙종 15),11,,https://db.itkc.or.kr/people/viewEvnt?gubun=evntera&cate1=Z&cate2=&dataId=ITKC_PH_1300A_0298
event_subject,ITKC_PH_1294A_0417,최충헌의 이의민 제거,정치일반,고려,1196년(명종 26) 4월,4,최씨무인정권,https://db.itkc.or.kr/people/viewEvnt?gubun=evntcate&cate1=Z&cate2=&dataId=ITKC_PH_1294A_0417
event_period,ITKC_PH_1300A_0292,이상의 옥〔李翔瘦死〕,옥사,조선,"1688년(숙종 14)
~ 1690년(숙종 16)",23,,https://db.itkc.or.kr/people/viewEvnt?gubun=evntera&cate1=Z&cate2=&dataId=ITKC_PH_1300A_0292
event_subject,ITKC_PH_1294A_0418,최충헌의 집권,정변,고려,1196년(명종 26) 4월,2,최씨무인정권,https://db.itkc.or.kr/people/viewEvnt?gubun=evntcate&cate1=Z&cate2=&dataId=ITKC_PH_1294A_0418
event_period,ITKC_PH_1300A_0293,노이익의 상소〔盧以益之疏〕,고변/탄핵,조선,1690년(숙종 16),7,,https://db.itkc.or.kr/people/viewEvnt?gubun=evntera&cate1=Z&cate2=&dataId=ITKC_PH_1300A_0293
event_subject,ITKC_PH_1294A_0419,명종의 폐위,"정변,

국왕",고려,1197년(명종 27) 9월,7,최씨무인정권,https://db.itkc.or.kr/people/viewEvnt?gubun=evntcate&cate1=Z&cate2=&dataId=ITKC_PH_1294A_0419
event_period,ITKC_PH_1300A_0294,언문 편지와 환약의 옥〔諺簡丸藥之獄〕,"옥사,

세자",조선,1690년(숙종 16),3,,https://db.itkc.or.kr/people/viewEvnt?gubun=evntera&cate1=Z&cate2=&dataId=ITKC_PH_1300A_0294
event_subject,ITKC_PH_1294A_0420,만적의 난,"민란,

노비",고려,1198년(신종 원년) 5월,1,,https://db.itkc.or.kr/people/viewEvnt?gubun=evntcate&cate1=Z&cate2=&dataId=ITKC_PH_1294A_0420
event_period,ITKC_PH_1300A_0291,정시한의 상소〔丁時翰疏〕,고변/탄핵,조선,1691년(숙종 17),9,,https://db.itkc.or.kr/people/viewEvnt?gubun=evntera&cate1=Z&cate2=&dataId=ITKC_PH_1300A_0291
event_subject,ITKC_PH_1294A_0421,김준거의 난,반란,고려,1199년(신종 2) 8월,1,,https://db.itkc.or.kr/people/viewEvnt?gubun=evntcate&cate1=Z&cate2=&dataId=ITKC_PH_1294A_0421
event_period,ITKC_PH_1300A_0296,장희재의 옥〔張希載諺書之獄〕,옥사,조선,1694년(숙종 20),5,,https://db.itkc.or.kr/people/viewEvnt?gubun=evntera&cate1=Z&cate2=&dataId=ITKC_PH_1300A_0296
event_subject,ITKC_PH_1294A_0423,도방의 복설,기관,고려,1200년(신종 3),4,최씨무인정권,https://db.itkc.or.kr/people/viewEvnt?gubun=evntcate&cate1=Z&cate2=&dataId=ITKC_PH_1294A_0423
event_period,ITKC_PH_1300A_0297,목내선〔睦來善〕,"정치일반,

붕당",조선,"1694년(숙종 20)
~ 1697년(숙종 23)",26,,https://db.itkc.or.kr/people/viewEvnt?gubun=evntera&cate1=Z&cate2=&dataId=ITKC_PH_1300A_0297
event_subject,ITKC_PH_1294A_0422,진주 노비 반란,"민란,

노비",고려,"1200년(신종 3) 4월
~ 1201년(신종 4) 3월",1,,https://db.itkc.or.kr/people/viewEvnt?gubun=evntcate&cate1=Z&cate2=&dataId=ITKC_PH_1294A_0422
event_period,ITKC_PH_1300A_0046,단종복위와 봉릉〔復位封陵〕,국왕,조선,"1698년(숙종 24)
~ 1699년(숙종 25)",27,,https://db.itkc.or.kr/people/viewEvnt?gubun=evntera&cate1=Z&cate2=&dataId=ITKC_PH_1300A_0046
event_subject,ITKC_PH_1294A_0425,박진재 숙청,유배,고려,1207년(희종 3) 5월,1,최씨무인정권,https://db.itkc.or.kr/people/viewEvnt?gubun=evntcate&cate1=Z&cate2=&dataId=ITKC_PH_1294A_0425
event_period,ITKC_PH_1300A_0299,경인환국〔庚寅換局〕,"정치일반,

붕당",조선,1710년(숙종 36),12,,https://db.itkc.or.kr/people/viewEvnt?gubun=evntera&cate1=Z&cate2=&dataId=ITKC_PH_1300A_0299
event_subject,ITKC_PH_1294A_0426,교정도감 설치,기관,고려,1209년(희종 5) 4월,1,최씨무인정권,https://db.itkc.or.kr/people/viewEvnt?gubun=evntcate&cate1=Z&cate2=&dataId=ITKC_PH_1294A_0426
event_period,ITKC_PH_1300A_0262,남구만의 인물평〔藥泉論白軒晦谷西溪書〕,정치인,조선,1711년(숙종 37),10,,https://db.itkc.or.kr/people/viewEvnt?gubun=evntera&cate1=Z&cate2=&dataId=ITKC_PH_1300A_0262
event_subject,ITKC_PH_1294A_0427,희종의 폐위와 강종 옹립,"정변,

국왕",고려,1211년(희종 7) 12월,6,최씨무인정권,https://db.itkc.or.kr/people/viewEvnt?gubun=evntcate&cate1=Z&cate2=&dataId=ITKC_PH_1294A_0427
event_period,ITKC_PH_1300A_0300,정유년 세자의 대리청정〔丁酉理代〕,세자,조선,1715년(숙종 41),20,,https://db.itkc.or.kr/people/viewEvnt?gubun=evntera&cate1=Z&cate2=&dataId=ITKC_PH_1300A_0300
event_subject,ITKC_PH_1294A_0428,정진 무고 사건,유배,고려,1215년(고종 2) 11월,7,,https://db.itkc.or.kr/people/viewEvnt?gubun=evntcate&cate1=Z&cate2=&dataId=ITKC_PH_1294A_0428
event_period,ITKC_PH_1300A_0081,왕비 신씨의 폐위와 복위〔王妃愼氏遜位復位本末〕,비빈,조선,"1506년(중종 1)
~ 1739년(영조 15)",29,중종반정,https://db.itkc.or.kr/people/viewEvnt?gubun=evntera&cate1=Z&cate2=&dataId=ITKC_PH_1300A_0081
event_subject,ITKC_PH_1294A_0429,거란의 영주 침입,전쟁,고려,1216년(고종 3) 8월,4,고려거란전쟁,https://db.itkc.or.kr/people/viewEvnt?gubun=evntcate&cate1=Z&cate2=&dataId=ITKC_PH_1294A_0429
event_period,ITKC_PH_1305A_0303,사가독서 인물〔賜暇讀書 人物〕,사가독서,조선,"1426년(세종 8)
~ 1773년(영조 49)",22,,https://db.itkc.or.kr/people/viewEvnt?gubun=evntera&cate1=Z&cate2=&dataId=ITKC_PH_1305A_0303
event_subject,ITKC_PH_1294A_0430,승려들의 최충헌 모살 사건,정치일반,고려,1217년(고종 4) 1월,2,최씨무인정권,https://db.itkc.or.kr/people/viewEvnt?gubun=evntcate&cate1=Z&cate2=&dataId=ITKC_PH_1294A_0430
event_period,ITKC_PH_1305A_0301,과거에 거듭 장원한 인물,과거,조선,"1392년(태조 1)
~ 1894년(고종 31)",20,,https://db.itkc.or.kr/people/viewEvnt?gubun=evntera&cate1=Z&cate2=&dataId=ITKC_PH_1305A_0301
event_subject,ITKC_PH_1294A_0431,진위민란,민란,고려,1217년(고종 4) 1월,1,,https://db.itkc.or.kr/people/viewEvnt?gubun=evntcate&cate1=Z&cate2=&dataId=ITKC_PH_1294A_0431
event_period,ITKC_PH_1305A_0302,장원 급제한 의정부 대신,과거,조선,"1392년(태조 1)
~ 1894년(고종 31)",13,,https://db.itkc.or.kr/people/viewEvnt?gubun=evntera&cate1=Z&cate2=&dataId=ITKC_PH_1305A_0302
event_subject,ITKC_PH_1294A_0432,안주전투 패전,전쟁,고려,1217년(고종 4) 3월,2,고려거란전쟁,https://db.itkc.or.kr/people/viewEvnt?gubun=evntcate&cate1=Z&cate2=&dataId=ITKC_PH_1294A_0432
event_subject,ITKC_PH_1294A_0433,오군의 재편성,방비,고려,1217년(고종 4) 4월,2,고려거란전쟁,https://db.itkc.or.kr/people/viewEvnt?gubun=evntcate&cate1=Z&cate2=&dataId=ITKC_PH_1294A_0433
event_period,ITKC_PH_1305A_0329,오형제가 과거급제한 사례,과거,조선,"1392년(태조 1)
~ 1894년(고종 31)",26,,https://db.itkc.or.kr/people/viewEvnt?gubun=evntera&cate1=Z&cate2=&dataId=ITKC_PH_1305A_0329
event_period,ITKC_PH_1305A_0305,기로소에 들어간 의정부대신,인물기타,조선,"1428년(세종 10)
~ 1910년(순종 3)",20,,https://db.itkc.or.kr/people/viewEvnt?gubun=evntera&cate1=Z&cate2=&dataId=ITKC_PH_1305A_0305
event_subject,ITKC_PH_1294A_0434,최광수의 난,반란,고려,1217년(고종 4) 6월,3,,https://db.itkc.or.kr/people/viewEvnt?gubun=evntcate&cate1=Z&cate2=&dataId=ITKC_PH_1294A_0434
event_period,ITKC_PH_1305A_0304,대제학을 지낸 인물,문형,조선,"1392년(태조 1)
~ 1910년(순종 3)",30,,https://db.itkc.or.kr/people/viewEvnt?gubun=evntera&cate1=Z&cate2=&dataId=ITKC_PH_1305A_0304
event_period,ITKC_PH_1305A_0325,사림의 계보〔師友名行錄〕,사화,조선,,30,,https://db.itkc.or.kr/people/viewEvnt?gubun=evntera&cate1=Z&cate2=&dataId=ITKC_PH_1305A_0325
event_period,ITKC_PH_1305A_0330,선조대의 소북인,붕당,조선,,28,,https://db.itkc.or.kr/people/viewEvnt?gubun=evntera&cate1=Z&cate2=&dataId=ITKC_PH_1305A_0330
event_period,ITKC_PH_1305A_0333,심수경의 동갑계,인물기타,조선,,6,,https://db.itkc.or.kr/people/viewEvnt?gubun=evntera&cate1=Z&cate2=&dataId=ITKC_PH_1305A_0333
event_period,ITKC_PH_1305A_0334,심수경의 과거 동기,과거,조선,,28,,https://db.itkc.or.kr/people/viewEvnt?gubun=evntera&cate1=Z&cate2=&dataId=ITKC_PH_1305A_0334
