순번,시대코드,시대,분야코드,분야,자료ID,제목,목차경로,국문,원문,해설,참고자료,상세URL,Markdown파일
1117,hm_age_80,현대,hm_ty_040,문화,hm_163_0010,광복 직후 사회상을 반영한 노래,현대 > 문화 > 광복과 분단의 문화 > 광복 직후 사회상을 반영한 노래,"귀국선(1949)

(이재호 작사, 손로원 작곡, 이인권 노래)

돌아오네 돌아오네 고국 산천 찾아서

얼마나 그렸던가 무궁화 꽃을

얼마나 외쳤던가 태극깃발을

갈매기야 웃어라 파도야 춤춰라

귀국선 뱃머리에 희망은 크다

돌아오네 돌아오네 부모 형제 찾아서

몇번을 울었던가 타국살이에

몇번을 불렀던가 고향 노래를

칠성별아 빛나라 달빛도 흘러라

귀국선 고동 소리 건설은 크다

돌아오네 돌아오네 백의동포 찾아서

얼마나 싸웠던가 우리 해방을

얼마나 찾았던가 우리 독립을

흰구름아 날아라 바람은 불어라

귀국선 파도 위에 새 날은 크다

신라의 달밤(1949)

(유호·조명암 작사, 박시춘 작곡, 현인 노래)

아 신라의 밤이여

불국사의 종소리 들리어 온다

지나가는 나그네야 걸음을 멈추어라

고요한 달빛 어린 금오산 기슭에서

노래를 불러 보자 신라의 밤 노래를

아 신라의 밤이여

화랑도의 추억이 새롭구나

푸른 강물 흐르건만 종소리는 끝이 없네

화려한 천년 사직 간 곳을 더듬으며

노래를 불러 보자 신라의 밤 노래를

아 신라의 밤이여

아름다운 궁녀들 그리웁구나

대궐 뒤에 숲 속에서 사랑을 맺었던가

님들의 치맛소리 귓 속에 들으면서

노래를 불러 보자 신라의 밤 노래를

인민항쟁가(1946)

(임화 작사, 김순남 작곡)

원수와 더불어 싸워서 죽은

우리의 죽음을 슬퍼 말아라

깃발을 덮어다오 우리 깃발을

그 밑에 전사를 맹세한 깃발

더운 피 흘리며 말하던 동무

쟁쟁히 가슴 속 울려온다

동무야 잘 가거라 원한의 길을

복수의 끓는 피 용솟음친다

반동 테러에 쓰러진 동무

원수를 찾아 떨리는 총칼

조국의 자유를 팔려는 원수

무찔러 나가자 인민유격대

굳세어라 금순아(1953)

(강사랑 작사, 박시춘 작곡, 현인 노래)

눈보라가 휘날리는 바람 찬 흥남부두에

목을 놓아 불러 봤다 찾아를 봤다

금순아 어디로 가고 길을 잃고 헤매었더냐

피눈물을 흘리면서 1·4 이후 나 홀로 왔다

일가친척 없는 몸이 지금은 무엇을 하나

아 이 내 몸은 국제시장 장사치이다

금순아 보고 싶구나 고향꿈도 그리워진다

영도다리 난간 위에 초생달만 외로이 떴다

철의 장막 모진 설움 받고서 살아를 간들

천지간에 너와 난데 변함 있으랴

금순아 굳세어다오 북진통일 그날이 오면

손을 잡고 울어보자 얼싸안고 춤도 추어보자

〈귀국선〉(1949), 〈신라의 달밤〉(1949), 〈인민항쟁가〉(1946), 〈굳세어라 금순아〉(1953)

귀국선(1949)

(이재호 작사, 손로원 작곡, 이인권 노래)

돌아오네 돌아오네 고국 산천 찾아서

얼마나 그렸던가 무궁화 꽃을

얼마나 외쳤던가 태극깃발을

갈매기야 웃어라 파도야 춤춰라

귀국선 뱃머리에 희망은 크다

돌아오네 돌아오네 부모 형제 찾아서

몇번을 울었던가 타국살이에

몇번을 불렀던가 고향 노래를

칠성별아 빛나라 달빛도 흘러라

귀국선 고동 소리 건설은 크다

돌아오네 돌아오네 백의동포 찾아서

얼마나 싸웠던가 우리 해방을

얼마나 찾았던가 우리 독립을

흰구름아 날아라 바람은 불어라

귀국선 파도 위에 새 날은 크다

신라의 달밤(1949)

(유호·조명암 작사, 박시춘 작곡, 현인 노래)

아 신라의 밤이여

불국사의 종소리 들리어 온다

지나가는 나그네야 걸음을 멈추어라

고요한 달빛 어린 금오산 기슭에서

노래를 불러 보자 신라의 밤 노래를

아 신라의 밤이여

화랑도의 추억이 새롭구나

푸른 강물 흐르건만 종소리는 끝이 없네

화려한 천년 사직 간 곳을 더듬으며

노래를 불러 보자 신라의 밤 노래를

아 신라의 밤이여

아름다운 궁녀들 그리웁구나

대궐 뒤에 숲 속에서 사랑을 맺었던가

님들의 치맛소리 귓 속에 들으면서

노래를 불러 보자 신라의 밤 노래를

인민항쟁가(1946)

(임화 작사, 김순남 작곡)

원쑤와 더부러 싸와서죽은

우리의 죽엄을 슬퍼말아라

기빨을 덮어다오 우리기빨을

그밑에 전사를 맹서한 기빨

더운피 흘리며 말하던 동무

쟁쟁히 가슴속 울려온다

동무여 잘가거라 원한의길을

복쑤의 끓는피 용솟음친다

반동 테로에 쓸어진 동무

원쑤를 찾아서 떨리는 총칼

조국의 자유를 팔려는 원쑤

뭇질러 나가라 인민유격대

굳세어라 금순아(1953)

(강사랑 작사, 박시춘 작곡, 현인 노래)

눈보라가 휘날리는 바람 찬 흥남부두에

목을 놓아 불러 봤다 찾아를 봤다

금순아 어디로 가고 길을 잃고 헤매었더냐

피눈물을 흘리면서 1·4 이후 나 홀로 왔다

일가친척 없는 몸이 지금은 무엇을 하나

아 이 내 몸은 국제시장 장사치이다

금순아 보고 싶구나 고향꿈도 그리워진다

영도다리 난간 위에 초생달만 외로이 떴다

철의 장막 모진 설움 받고서 살아를 간들

천지간에 너와 난데 변함 있으랴

금순아 굳세어다오 북진통일 그날이 오면

손을 잡고 울어보자 얼싸안고 춤도 추어보자

〈귀국선〉(1949), 〈신라의 달밤〉(1949), 〈인민항쟁가〉(1946), 〈굳세어라 금순아〉(1953)

이 사료는 해방 직후 38선 이남에서 발표되어 사람들에게 널리 애창된 노래들의 가사에 해당한다.

일제 강점기 한국은 신민요, 트로트, 만요, 재즈송 등 다양한 장르의 음악이 유행하였고, 특히 신민요 음반이 많이 제작되었다. 전시 동원 체제기인 1941년 일제가 적성국의 음악이라는 이유로 서양 음악을 금지하였다가, 일제가 패망하고 광복이 되면서 38선 이남에서는 다시금 다양한 장르의 노래들이 발표되었다. 1947년 8월 첫 국산 음반이 제작되었고, 특히 신민요에 비해 이전까지 상대적으로 외래 장르로 취급되었던 트로트가 이때부터 큰 인기를 끌었다. 그 중 대표적인 곡으로 1949년 음반으로 발표된 〈귀국선〉이 있다. 해외의 동포들이 광복을 맞아 기쁜 마음으로 조국에 돌아오는 내용의 가사를 담고 있다.

또한 근대 이후 신라는 과거 한민족의 상징으로 인식되었고, 1949년 4월 〈신라의 달밤〉이 음반으로 발표되었다. 이국적인 곡조에 향토적인 가사를 얹은 곡으로, 도쿄음악학교 성악과 출신 현인(玄仁)이 노래를 불렀다. 본래 이 곡의 제목은 ‘인도의 달밤’이었는데, 이 곡의 가사를 쓴 조명암(趙鳴岩)이 1948년 월북하자 작곡자인 박시춘(朴是春)이 작사가 유호(兪湖)에게 가사의 수정을 의뢰했고, 대대적인 개작을 거쳐 이 곡은 이후 금지곡 지정을 면하고 크게 유행할 수 있었다. 현인의 회고에 따르면, 1948년 서울 명동에 있는 극장 ‘시공관’의 무대에서 초연된 이 곡은 그날 앵콜이 수차례 터져나와 같은 노래를 11번 불러야 했으며, 이후 라디오와 지방순회 공연을 통해 이 곡은 광복 이후 최고의 인기곡이 되었다.

한편 1942년 도쿄 제국고등음악학교 작곡과를 졸업한 김순남(金順男)은 광복 이후 1945년 9월 조선음악가동맹 작곡부장에 취임하였다. 이윽고 그는 조선문학가동맹 중앙위원을 맡은 박아지(朴芽枝) 작사의 〈농민가〉, 조선문학가동맹의 임화(林和) 작사의 〈해방의 노래〉 등 그가 작곡한 노래들을 발표하여, 광복 이후 좌익 계열의 대표적인 음악가로 자리잡았다. 1946년 10월 대구 지역에서 발생한 민중봉기 및 노동자 총파업을 경찰이 진압하는 과정에서 많은 인명피해가 발생하자, 이 대구 10.1사건을 상기하여 그는 1946년 임화 작사의 〈인민항쟁가〉를 작곡하였고, 이 곡은 이후 남북한의 좌익 세력들이 즐겨 부르는 노래가 되었다. 임화는 1947년 11월 남조선노동당(이하 남로당) 당수 박헌영이 월북할 때 함께 월북했고, 김순남 또한 〈인민항쟁가〉의 작곡자라는 이유로 1948년 체포령이 떨어지자 월북하였다. 이들은 6.25전쟁 이후 북한에서 남로당계 인사들과 함께 숙청되었다.

1950년 6.25전쟁이 발발하자, 트로트의 형식을 띤 곡조에 전쟁의 참상과 분단의 아픔을 가사로 담은 노래들이 인기를 모았다. 1953년 음반으로 발표된 현인의 〈굳세어라 금순아〉는 흥남 부두에서 1.4후퇴로 월남한 뒤 부산의 국제시장과 영도다리 등지에서 고향을 그리는 월남민의 이야기를 그렸다. 이 곡의 가사 가운데 ‘북진통일 그날이 오면’은 1960년경 ‘남북통일’로 개사되어 새로 녹음되었다.

이 글의 내용은 집필자의 개인적 견해이며, 국사편찬위원회의 공식적 견해와 다를 수 있습니다.

참고문헌

논문

서희원, 「한국 근대유행가에 표상된 ‘신라’ 담론」, 『한국문학연구』 33, 2007.
이영미, 「세계화-지구화시대의 한국 대중가요를 위한 점검」, 『정신문화연구』 25(3), 2002.
장유정, 「한국 대중가요의 전개 양상 고찰 : 1945~1960년까지의 작품을 중심으로」, 『한국문학논총』 51, 2009.

저서

노동은, 『김순남』, 낭만음악사, 1992.
신현준·이용우·최지선, 『한국 팝의 고고학 1960 : 한국 팝의 탄생과 혁명』, 한길아트, 2005.
이동순 편저, 『조명암 시전집』, 선, 2003.
장유정, 『오빠는 풍각쟁이야 : 대중 가요로 본 근대의 풍경』, 황금가지, 2006.
정경은, 『한국 현대 민중가요사』, 서정시학, 2010.

[https://www.history.go.kr/contents/contentsPage.do?groupId=000000000571&menuId=000000000574&pageId=000000000213]
저작권 정책

[https://www.history.go.kr/contents/contentsPage.do?groupId=000000000931&menuId=000000000992&pageId=000000000541]
데이터 개방

[https://www.history.go.kr/contents/contentsPage.do?groupId=000000000571&menuId=000000000572&pageId=000000000211]
개인정보처리방침

13809 경기도 과천시 교육원로 86 국사편찬위원회

COPYRIGHT © NATIONAL INSTITUTE OF KOREAN HISTORY ALL RIGHT RESERVED.

오류신고

본 사이트 자료 중 잘못된 정보를 발견하였거나 사용 중 불편한 사항이 있을 경우 알려주십시오. 이용자의 참여가 사이트 가치 향상에 큰 도움이 됩니다.

사이트 하단의 ‘오류신고’ 메뉴를 이용하시면 신고 내용의 적용여부를 확인하실 수 있습니다.

개인정보는 삭제하오니 유념하시기 바랍니다.

자료명

사료로 본 한국사

자료위치

https://contents.history.go.kr/id/hm_163_0010

제목

오류유형

오류내용

이름

자동입력 방지문자

소개

한국사를 이해하는 데 토대가 되는 주요 사료를 각 시대와 분야별로 선별하여, 원문과 번역문, 해설과 참고 자료를 함께 서비스하고 있습니다.
이를 통해 어려운 역사 자료에 좀 더 쉽게 접근할 수 있도록 하였습니다.

일러두기

1.한 편의 사료는 국문, 원문, 해설, 참고자료의 4가지 요소로 구성하였습니다.

2.사료의 종류는 [삼국사기], [삼국유사], 『고려사』, 『조선왕조실록』 등의 1차 사료(史料)를 비롯해 개인 문집, 금석문, 신문, 판결문, 선언문 등에 이르기까지 매우 다양합니다.

3.국문은 원문에 수록된 사료를 우리말로 번역하여 수록하였습니다. 사료의 상당수는 한문이며, 영어, 일본어 등도 포함되어 있습니다. 또한 근·현대 사료 또한 한자를 많이 사용하여 일반인이 접근하기가 어려우므로 이를 이용자가 쉽게 이해할 수 있도록 현대 한국어에 맞게 번역하였습니다.

4.해설 중에서 추가 설명이 필요한 역사 용어의 경우 글자를 별색으로 표기하였습니다. 보라색은 해당 글자에 마우스를 갖다 대면 간략한 설명이 제공되며, 파란색은 클릭하면 ‘교과서 용어 해설’ 및 ‘한국사 연대기’ 등의 관련 자료로 연계되도록 하였습니다.

5.참고 자료에서는 사료와 관련된 연구 논문과 저서 목록을 수록하였고, 해당 사료의 원문과 번역문을 직접 확인할 수 있도록 관련 사이트도 연계하였습니다.

DB 구축 참여자(2012~2013)

시기 구분
기획
집필
교열
윤문
자료 총괄
구축 년도

삼국 이전
삼국 시대
전미희
류주희
이규리
문동석
이정빈
이현태
장종진
장청화
이계형
2012

박남수
홍기승
문동석
이현태
장종진
김경복
장청화
2013

통일 신라와 발해
전미희
류주희
이규리
김창겸
김덕원
전경숙
장청화
이계형
2012

박남수
홍기승
문동석
이현태
장종진
김경복
장청화
2013

고려 시대
전미희
류주희
이규리
한정수
손민호
황영수
전경숙
장청화
이계형
2012

류주희
홍기승
한정수
김가람
김경복
장청화
2013

조선 시대
전미희
류주희
이규리
이경찬
박귀미
이기명
이화영
이근호
장청화
이계형
2012

이규리
홍기승
이근호
김가람
김경복
장청화
2013

근대
전미희
류주희
이규리
은정태
홍문기
최보영
장청화
이계형
2012

염복규
은정태
홍동현
김경복
장청화
2013

현대
전미희
류주희
이규리
박미경
이관형
김진흠
장청화
이계형
2012

김점숙
이정은
홍동현
김경복
장청화
2013

DB 구축 참여자(2023~)

시기 구분
기획
집필
교열
감수
구축연도

근대
신재호

이주호

곽금선, 김명섭, 김상연, 김상훈, 김영진, 김진혁, 김호걸, 노성룡, 박주영, 송영화, 이양희, 이지은,

임동현, 최용준, 한보람, 한승훈, 한애라, 한준호, 홍수연

이명학
정일영
2023

현대

곽경상, 김상규, 김상연, 김재웅, 김진혁, 서홍석, 신재준, 예대열, 이길중, 이지완, 정무용

김태윤
김아람

근대
신재호

이주호

곽금선, 박주영, 박한민, 이양희, 이지은, 임동현,

주동빈, 최용준, 한보람, 한승훈, 한애라, 한준호

이명학
양진아
2024

현대

김상연, 김청강, 예대열, 이길중, 이지완

김아람

삼국
신재호

홍선이

권순홍, 김기민, 김지현, 나유정, 이종록

이준성
이정빈
2025

DB 고도화 참여자(2022~)

시기 구분
기획
해설 집필
해설 교열
감수
구축연도

근대
신재호

이홍구

곽금선, 김기성, 김명섭, 김명재, 김명환, 김상훈, 김소영, 김영진, 김헌주, 남기현, 류동연, 박순섭,

박주영, 박한민, 성주현, 송영화, 심철기, 양진아, 이성우, 이양희, 이지은, 임인재, 최보민, 최보영,

최우석, 한보람, 한승훈, 한준호

박은숙

정일영

한승훈
김도형
2022

현대

김대현, 김동주, 문민기, 박경렬, 이재석, 이지완

박광명

임광순
김아람

김태우

조선 전기
신재호

이주호

신동훈, 양정현, 윤승희, 이경동, 이상민, 이지훈

서민주
나영훈
2024

조선 후기

도주경, 문광균, 오승관, 윤민경, 임성수, 채홍병

이행묵
박범

삼국 이전
신재호

홍선이

권순홍, 김기민, 김세진, 김지현, 나유정, 이종록

이준성
이정빈
2025

고려

김도연, 김보광, 김수연, 김종혁, 김지영, 김진곤,
김효섭, 박수찬, 안주영, 오경석, 오치훈, 이민기,
이바른, 이상민, 이창섭, 정동훈, 최은규, 현수진

이현경

황향주
한정수

최종석

메인 화면

1.교양 우리 역사 메뉴 내의 콘텐츠로 이동할 수 있습니다.

2.시대별 분야에 따른 사료 목록을 확인할 수 있습니다.

3.사료로 본 한국사 내 자료를 검색할 수 있습니다.

분류별 목록 화면

1.시대에 따른 분야별 목록을 확인할 수 있습니다.

2.개별 사료 클릭시 상세화면으로 이동합니다.

상세 화면 – 한면으로 보기

1.시대별/분야별 목차를 확인할 수 있고, 다른 사료로 바로 이동할 수 있습니다. 숨기기/열기 버튼을 이용해 닫거나 열어볼 수 있습니다.

2.각 사료에 대한 국문, 원문, 해설, 참고자료 정보를 4개의 탭으로 열람할 수 있습니다.

3.두 가지 정보를 비교해 볼 수 있는 ‘나란히 보기’ 화면으로 이동합니다. 드롭박스를 통해 열람하고자 하는 정보를 선택할 수 있습니다.

4.폰트 조정, 인쇄, 목록, 오류신고, 이전/다음 사료로 이동 등의 툴바 기능을 이용할 수 있습니다.

목록화면

1.시대에 따른 분야별 사료 목록이 배열됩니다.

2.메인 화면 및 시대별 목록을 열람할 수 있습니다.

3.상세 사료 목록을 펼침/닫힘 버튼을 통해 이용할 수 있습니다.",,,,https://contents.history.go.kr/front/hm/view.do?levelId=hm_163_0010,사료로 본 한국사\items\hm_age_80_현대\hm_ty_040_문화\hm_163_0010_광복 직후 사회상을 반영한 노래.md
1118,hm_age_80,현대,hm_ty_040,문화,hm_163_0020,광복 직후 좌익 계열의 문학론-임화,현대 > 문화 > 광복과 분단의 문화 > 광복 직후 좌익 계열의 문학론-임화,"문학의 인민적 기초

제국주의 일본의 패전으로 말미암아 실현된 조선의 정치적 해방의 결과 자동적으로 문학도 일본의 지배를 버서 낫다. 그것은 조선의 정치적 해방이 일본이 『프츠탐』 선언을 수락한 자동적 결과인 것과 전혀 흡사한 것이다.

요컨대 퍽 유감된 일이지만 문학의 해방은 정치의 해방과 가치 우리 자신의 투쟁에 의하야, 다시 말하면 우리 문학 자신의 힘으로 오늘날의 상태에 이른 것은 아니다.

여기에 우리가 연합국과 그 군대에 대하야 감사와 경의를 표하는 이유가 잇다. 그러나 일본이 대륙과 태평양에서 패전한 결과로 나타난 우연한 사실이냐 하면 결코 그런 것은 아니다.

장년간 망명생활의 고초와 싸와온 지조놉흔 혁명가의 형언할 수 없는 노력과 세계의 어느 나라에도 비길 수 없이 잔인하고 참혹한 백색테로 밋에서도 굴하지 안코 인민의 선두에서 싸화온 영웅적 지도자들의 노력이 정치적 해방을 초래한 중요한 요소인 것이다.

우리 문학이 정치투쟁의 영역과 비길만한 지조와 용기를 표시하지 못햇다는 것은 대단히 북그러운 일이다. 그러나 만일 전쟁을 이유로 저 야만스런 일본제국주의가 극히 몽매한 문예정책을 강제하고 잇슬 때 그 저류를 흐르는 한줄기의 생명이 없엇드라면 오늘날 우리가 이 자리에 서서 우리 문학의 재건을 이얘기할 기회는 아즉은 오지 아니햇을 거도 모르는 것이다.

그것은 일본제국주의의 전쟁정책과 그것이 문학적 용병인 국민문학이 성행할 때 그것은 머언 옛날일 가트나 八月 십사일날까지 천하를 풍미햇음니다. 우리는 겨우 불철저한 비타협을 유지하라는 노력한대 불과햇음니다.

그러나 제국주의의 문학적 용병들이 신문학 유사래 반세기간의 전재산을 통트러 일본에 팔아넘길랴고 들 때 중요한 작가들이 자기의 영역을 의연의 직힐 수 잇엇다는 것은 허술히 평가할 수 업는 일이라고 생각슴니다.

이 점은 그들이 표시한 미약한 정치적 태도보다 더 활신 더 중요시될 필요가 잇다고 나는 생각습니다. 그럿타고 우리가 작가의 정치적 태도을 과소하게 평가할랴는 것은 결 코 아닙니다. 의연히 작가의 정치적 태도라는 것은 중요하기 짝이 업는 것이나 그들의 문학적 예술적 성격과 행정이라는 것은 대단히 중요한 것입니다.

우리는 지난 반동기 중에 정치와도 문학과도 다 결별햇든 적지 안흔 작가로 기억할 필요조차 잇슴니다.

그러면 전쟁의 반동기를 통하야 우리의 중요한 작가들이 직히고 내려오든 예술적 특징은 대체 엇던 것이었는가?

이것의 검토는 우리 문학의 보다 더 구체적이고 완전한 해방과 재건을 위하야 극히 중요한 일이 안일 수가 없음니다.

우리 문학의 재건을 위하야 밝혀야 할 근본문제의 중요한 열쇠의 몃개가 이 가운데 들어 잇는 까닭이다.

『중앙신문』 1945년 12월 8~14일, 「문학의 인민적 기초」

文學의 人民的 基礎

帝國主義 日本의 敗戰으로 말미암아 實現된 朝鮮의 政治的 解放의 結果 自働的으로 文學도 日本의 支配를 버서 낫다. 그것은 朝鮮의 政治的 解放이 日本이 『프츠탐』 宣言을 受諾한 自働的 結果인 것과 全혀 흡似한 것이다.

要컨대 퍽 遺憾된 일이지만 文學의 解放은 政治의 解放과 가치 우리 自身의 鬪爭에 依하야, 다시 말하면 우리 文學 自身의 힘으로 오늘날의 狀態에 이른 것은 아니다.

여기에 우리가 聯合國과 그 軍隊에 對하야 感謝와 敬意를 표하는 理由가 잇다. 그러나 日本이 大陸과 太平洋에서 敗戰한 結果로 나타난 偶然한 事實이냐 하면 決코 그런 것은 아니다.

長年間 亡命生活의 苦초와 싸와온 志操놉흔 革命家의 形言할 수 없는 努力과 世界의 어느 나라에도 비길 수 없이 殘忍하고 慘酷한 白色테로 밋에서도 屈하지 안코 人民의 先頭에서 싸화온 英雄的 指導者들의 努力이 政治的 解放을 招來한 重要한 要素인 것이다.

우리 文學이 政治鬪爭의 領域과 비길만한 志操와 勇氣를 表示하지 못햇다는 것은 大端히 북그러운 일이다. 그러나 萬一 戰爭을 理由로 저 野蠻스런 日本帝國主義가 極히 蒙昧한 文藝政策을 强制하고 잇슬 때 그 底流를 흐르는 한줄기의 生命이 없엇드라면 오늘날 우리가 이 자리에 서서 우리 文學의 再建을 이얘기할 機會는 아즉은 오지 아니햇을 거도 모르는 것이다.

그것은 日本帝國主義의 戰爭政策과 그것이 文學的 용兵인 國民文學이 盛行할 때 그것은 머언 옛날일 가트나 八月 十四日날까지 天下를 風靡햇음니다. 우리는 겨우 不徹底한 非妥協을 維持하라는 努力한대 不過햇음니다.

그러나 帝國主義의 文學的 용兵들이 新文學 有史來 半世紀間의 全財産을 통트러 日本에 팔아넘길랴고 들 때 重要한 作家들이 自己의 領域을 依然의 직힐 수 잇엇다는 것은 허술히 評價할 수 업는 일이라고 생각슴니다.

이 點은 그들이 表示한 微弱한 政治的 態度보다 더 활신 더 重要視될 必要가 잇다고 나는 생각습니다. 그럿타고 우리가 작가의 政治的 態度을 過小하게 評價할랴는 것은 決 코 아닙니다. 依然히 作家의 政治的 態度라는 것은 重要하기 짝이 업는 것이나 그들의 文學的 藝術的 性格과 行程이라는 것은 大端히 重要한 것입니다.

우리는 지난 反動期 中에 政治와도 文學과도 다 訣別햇든 적지 안흔 作家로 記憶할 必要조차 잇슴니다.

그러면 戰爭의 反動期를 通하야 우리의 重要한 작가들이 직히고 내려오든 藝術的 特徵은 大體 엇던 것이었는가?

이것의 檢討는 우리 文學의 보다 더 具體的이고 完全한 解放과 再建을 爲하야 極히 重要한 일이 안일 수가 없음니다.

우리 文學의 再建을 爲하야 밝혀야 할 根本問題의 重要한 열쇠의 몃개가 이 가운데 들어 잇는 까닭이다.

『중앙신문』 1945년 12월 8~14일, 「문학의 인민적 기초」

이 사료는 문학가이자 평론가인 임화(林和, 1908~1953)가 1945년 12월 8~14일까지 『중앙신문』에 「문학의 인민적 기초」라는 제목으로 연재한 기고문 가운데, 12월 8일에 게재된 글이다. 서울 태생인 임화는 일제 식민지 시기 조선프롤레타리아예술동맹(KAPF)에서 활동한 바가 있으며, 광복 이후에는 조선문학가동맹 결성에 주도적으로 참여하는 등 좌익 계열의 문학을 대표하였다. 1953년 북한에서 ‘남로당 숙청 사건’에 연루되어 처형되었다.

이 글에서 임화는 먼저 일본 제국주의의 패배로 조선이 정치적으로 해방되었기 때문에, 자연스럽게 문학 역시 일제의 지배에서 벗어났다고 지적하였다. 그러나 문학의 해방은 결코 문학계의 자체적 역량에 의해 쟁취한 것이 아니라고 단언하였다. 오히려 조선의 정치적 해방이 연합국의 승전이라는 대외적 요건과 함께 우리의 “지조 높은 혁명가와 영웅적 지도자들의” 저항에서 비롯되었다면, 조선의 문학은 ‘정치투쟁’과 비견할 수 없으며 그저 비타협적 태도만 간신히 유지하였다고 비판하였다. 나아가 친일적 행태를 보인 문학가들에 대해서는 일제의 전쟁 정책에 부응한 “문학적 용병(傭兵)”이라고 강력히 규탄하기까지 했다. 그러면서도 이와 반대로 일제와 타협하지 않았거나 혹은 문학·정치와 결별했던 작가들이 지켜온 ‘가치’는 반드시 기억되어야 하며, 그것이 문학의 완전한 해방과 재건에 있어서 중요한 열쇠가 될 것으로 보았다.

이와 같은 임화의 견해는 광복 직후 좌익 계열의 문학론과 조응하였다. 이 시기 좌익 정치세력은 당대를 ‘부르주아 민주주의 혁명’ 단계로 인식하고 친일파·민족반역자를 제외한 광범위한 계급의 연합, 즉 민족통일전선을 추구하였다. 그리고 이러한 경향은 좌익 계열의 문학에도 고스란히 반영되었다. 광복 이후 좌익 문예가들은 민족통일전선에 기반하여, 대중을 바탕으로 생성될 새로운 민족문화를 지향하였다. 예를 들어, 임화와 김남천(金南天, 1911~1953) 등 좌익 문인들이 중심이 되어 결성된 조선문학건설본부는 좌익 이외의 인사들에게도 적극적으로 문호를 개방하는 등의 포용적 태도를 보였다. 그러면서 좌익 계열의 문학가들은 정치 혁명과 함께 문학혁명이 동반되어야 하고, 인민적 신문학의 건설을 위해 문학통일전선이 긴요하다고 강조하였다.

광복 직후 임화의 문학적 지향은 크게 두 갈래로 살펴볼 수 있다. 첫째로는 ‘순수문학’의 지형에서 벗어나 문학을 정치적 지도와 위계적으로 연결하려 했다는 점이다. 즉, 그는 당대 현실에 조응·필요한 문학의 정치성과 사상성을 강조해 나갔다. 임화는 1945년 11월 「현하의 정세와 문화운동의 당면임무」라는 글을 통해 이러한 인식을 구체화하였다. 특히, “우리는 문화에 대하여 정치가 우위에 섰다는 것을 –문화 종사자에 대한 정치가의 우위가 아니라- 다음의 사실을 통하여 솔직히 표명해야 한다. 삼천만 인민의 절대다수의 행복과 불행이 앞으로 수립될 정부의 성격과 지대한 관계를 가진 현재 문화가 정치의 권외에 선다는 것이 대체 허용될 일인가?”라는 지적은 중요하다. 여기에서 알 수 있듯이 임화는 문화에 대해 정치가 우위에 선다는 점을 분명히 하고, 새롭게 구성될 정치에 부응하는 문화 창조와 문학 활동을 중요시했다. 간단히 말하자면, 문학을 통해서도 정치에 참여할 수 있다는 논리인 셈이다. 그러나 한편으로는 문학이 위로부터의 정치에 조응하면서도 나름의 독자성을 유지해야 한다고도 강조하였다. 문학이 현실 정치에 대한 비판을 통해 변화를 추동하기 때문이다. 이런 점에서 임화는 정치우위와 문학의 독자성 결합을 모색했다고 볼 수 있다.

다음으로 임화는 광범위한 계급연합에 기초하여 민족문학과 민족문화를 건설하고자 했다. 그의 이러한 인식을 잘 보여주는 글이 본 사료인 「문학의 인민적 기초」이다. 여기에서 임화는 반제국주의 전선에 기반한 민족통일전선의 핵심적 요소로서 인민을 일반화하고 있다. 물론 계급 간 차이는 어느 정도 인정하고 있으나, ‘민족해방론’에 근거하여 민족 대다수의 행복을 형상화하는 것을 목표로 두었다. 이런 점에서 임화는 민족문학의 이념을 통해 민주주의 국가 건설에 일조하며 인민의 이념을 중심에 두는 문학을 지향했다. 하지만 좌익에 대한 미군정의 탄압이 거세지고, 통일민족국가 건설의 전망이 어두워짐에 따라 임화의 문학론은 초기의 ‘유연성’을 잃어가고 더욱 정치화·급진화되었다.

이 글의 내용은 집필자의 개인적 견해이며, 국사편찬위원회의 공식적 견해와 다를 수 있습니다.

참고문헌

논문

이양숙, 「해방기 비평의 몇 가지 논점-임화를 중심으로」, 『한국현대문학연구』 49, 2016.
장용경, 「해방 전후 임화(林和)의 정치우위론(政治優位論)과 문학의 독자성」, 『역사문제연구』 14, 2010.
최성윤, 「해방기 좌익 문학단체의 성격과 ‘민족문학론’의 전개」, 『국어문학』 58, 2015.

저서

임화문학연구회 편, 『임화 문학연구』, 소명출판, 2009.

관련사이트

[https://nl.go.kr/newspaper/detail.do?content_id=CNTS-00065280704]
『중앙신문』 1945년 12월 08일, 국립중앙도서관 대한민국 신문 아카이브

[https://nl.go.kr/newspaper/detail.do?content_id=CNTS-00065278773]
『중앙신문』 1945년 12월 10일, 국립중앙도서관 대한민국 신문 아카이브

[https://nl.go.kr/newspaper/detail.do?content_id=CNTS-00065280842]
『중앙신문』 1945년 12월 11일, 국립중앙도서관 대한민국 신문 아카이브

[https://nl.go.kr/newspaper/detail.do?content_id=CNTS-00065281521]
『중앙신문』 1945년 12월 12일, 국립중앙도서관 대한민국 신문 아카이브

[https://nl.go.kr/newspaper/detail.do?content_id=CNTS-00065281654]
『중앙신문』 1945년 12월 14일, 국립중앙도서관 대한민국 신문 아카이브",,,,https://contents.history.go.kr/front/hm/view.do?levelId=hm_163_0020,사료로 본 한국사\items\hm_age_80_현대\hm_ty_040_문화\hm_163_0020_광복 직후 좌익 계열의 문학론-임화.md
1119,hm_age_80,현대,hm_ty_040,문화,hm_163_0030,광복 직후 우익 계열의 문학론-김동리,현대 > 문화 > 광복과 분단의 문화 > 광복 직후 우익 계열의 문학론-김동리,"소위 문학을 한다는 사람들에게 문학하는 것이 무엇이냐고 물으면 자기대로의 대답을 할 수 있는 사람이 극히 드물다.

……(중략)……

높고 참된 의미에 있어서의 ‘문학하는 것’이란 무엇인가.

그것은 어떤 구경적(究竟的, 삶의 궁극적 의의, 절대적 진리의 깨달음을 탐구하고 추구하면서 살아가는 자세)인 삶의 형식이 아니어서는 아니 된다고 나는 생각한다.

그러면 어떤 구경적인 삶의 형식이란 무엇인가.

이 이야기는 먼저 모든 문화적 생산 혹은 창조는 삶의 긍정을 전제하고 출발한다는 데서부터 시작해야 할 것이다. 왜 그러냐 하면 우리가 완전히 삶을 부정하는 데서는 문학뿐 아니라 일체의 문화는 생산될 수 없기 때문이다.

……(중략)……

사는 것에는 여러 가지 단계가 있다. 첫째, 금수(禽獸)나 가축류가 사는 것과 같은 넓은 의미의 모든 생명현상을 통틀어 사는 것이라 할 수 있다.

그 다음은 ‘직업적 삶’이다. 오늘날의 인류라는 동물이 영위하고 있는 가장 일반적인 삶의 형태다.

……(중략)……

그러나 여기서는 삶의 연속성은 없다. 또 그 다음은 어떻게 되느냐 하는 것이다. 비교적 안일하게, 비교적 편리하게, 비교적 부유하게. 비교적 즐겁게 몇 십년 사는 대로 살다 없어져 버리는 것. 여기서 우리는 그칠 수 있느냐 하는 것이다. 삶의 의욕이 여기서 채워질 수 있는 사람은 여기서 그칠 것이다. 그들의 모든 생산(문화적)도 이 범주에 그칠 것이다. 그러나 여기서 만족할 수 없는 사람들, 여기서 삶의 의욕이 끝나지 않는 사람들, 그 사람들은 다시 다음의 제3 단계의 삶의 방식을 찾는 것이다.

그것이 위에서 말한 ‘구경적 삶(生)’이라 일컫는 것이다. 여기서 인류는 그가 가진 한도 끝도 없는(無限無窮) 의욕적 결실인 신명(神明)을 갖게 되는 것이다. ‘신명을 갖는다’는 말이 거북하면 자아 속에서 천지(天地)의 분신을 발견한다고 해도 좋은 것이다.

이 말을 좀 더 부연하면, 우리는 한 사람씩 한 사람씩 천지에 태어나 한사람씩 한 사람씩 천지 사이에 살아지고 있다는 사실을 통하여, 적어도 우리와 천지 사이엔 떠날래야 떠날 수 없는 유기적 관련이 있다는 것과 이 ‘유기적 관련‘에 관한 한 우리들에게는 공통된 운명이 부여되어 있다는 것을 발견하게 되는 것이라. 우리는 우리들에게 부여된 우리의 공통된 운명을 발견하고 이것의 타개를 지향하지 않으면 안 된다. 우리가 이 사업을 수행하지 않는 한 우리는 영원히 천지의 파편에 그칠 따름이요, 우리가 천지의 분신임을 체험할 수는 없는 것이며, 이 체험을 갖지 않는 한 우리의 삶은 천지에 동화될 수 없기 때문이다. 그리고 우리는 우리에게 부여된 우리의 이 공통된 운명을 발견하고 이것의 타개에 노력하는 것, 이것을 가르쳐 ’구경적 삶‘이라 부르는 것이다. 왜 그러냐 하면 이것만이 우리의 삶을 완수할 수 있는 길이기 때문이다.

……(중략)……

첫째, 내가 말하는 ‘구경적 삶’이란 반드시 종교를 통해서만 수행될 것이 아니라고 생각한다. 그것은 문학을 통해서든, 철학을 통해서든, 혹은 정치를 통해서든 교육을 통해서든 가능해야 할 것이며 실지로 가능했던 것이다. ……(중략)……

둘째, ‘구경적 삶의 형식’만을 ‘문학하는 것’이라고는 하지 않는다는 것이다. 문학작품의 의의와 가치에는 수억, 수만의 등차가 있을 것과 같이 ‘문학하는 것’의 단계와 등차도 수억 수만이 될 수 있다고 생각하는 것이다.

그러므로 나는 위에서도 가장 높고 참된 의미에 있어 ‘문학하는 것’이란 ‘구경적 삶의 형식’이라 한 것이다. 내가 생각 하는 바 ‘문학하는 것’의 최고지향을 말한 데 불과한 것이다. (2월 10일)

『백민』 제4권 2호, 1948년 3월

김동리, 「문학하는 것에 대한 사고-문학의 내용(이상성)적 기초를 위하여」, 『백민』 제4권 2호, 1948년 3월

所謂 文學을 한다는 사람들에게 文學하는 것이 무엇이냐고 물으면 自己대로의 대답을 할 수 있는 사람이 極히 드물다.

……(중략)……

높고 참된 意味에 있어서의 ‘文學하는 것’이란 무엇인가.

그것은 어떤 究竟的인 生의 形式이 아니어서는 아니 된다고 나는 생각한다.

그러면 어떤 究竟的인 生의 形式이란 무엇인가. 이 이야기는 먼저 모든 文化的 生産 혹은 創造는 生의 肯定을 前提하고 出發한다는 데서부터 始作해야 할 것이다. 왜 그러냐 하면 우리가 完全히 生을 否定하는 데서는 文學뿐 아니라 一切의 文化는 生産될 수 없기 때문이다.

……(중략)……

사는 것에는 여러 가지 段階가 있다. 첫째 禽獸나 畜類가 사는 것과 같은 넓은 의미의 모든 生命現象을 통틀어 사는 것이라 할 수 있다. 그 다음은 ‘職業的 삶’이다. 오늘날의 人類라는 動物이 營爲하고 있는 가장 一般的인 삶의 形態다.

……(중략)……

그러나 여기서는 生의 連續性은 없다. 또 그 다음은 어떻게 되느냐 하는 것이다. 比較的 安逸하게, 比較的 便利하게, 比較的 富裕하게 比較的 즐겁게 몇　십 년 사는 대로 살다 없어져 버리는 것 여기서 우리는 끄칠 수 있느냐 하는 것이다. 生의 意慾이 여기서 채워질 수 있는 사람은 여기서 끄칠 것이다. 그들의 모든 生産(文化的)도 이 範疇에 끄칠 것이다. 그러나 여기서 滿足할 수 없는 사람들, 여기서 生의 意慾이 끝나지 않는 사람들, 그 사람들은 다시 다음의 第3 段階의 生의 方式을 찾는 것이다.

그것이 위에서 말한 ‘究竟的 삶(生)’이라 일컫는 것이다. 여기서 人類는 그가 가진 無限無窮에의 意慾的 結實인 神明을 갖게 되는 것이다. ‘神明을 갖는다’는 말이 거북하면 自我 속에서 天地의 分身을 발견한다고 해도 좋은 것이다.

이 말을 좀 더 敷衍하면, 우리는 한 사람씩 한 사람씩 天地 사이에 태어나 한 사람씩 한 사람씩 天地 사이에 살아지고 있다는 事實을 通하여, 적어도 우리와 天地 사이엔 떠날래야 떠날 수 없는 有機的 關聯이 있다는 것과및 이 ‘有機的 관련’에 關한 限 우리들에게는 共通된 運命이 賦與되어 있다는 것을 發見하게 되는 것이라. 우리는 우리들에게 賦與된 우리의 共通된 運命을 發見하고 이것의 打開에 志向하지 않으면 안 된다. 우리가 이 事業을 遂行하지 않는 限 우리는 永遠히 天地의 破片에 끄칠 따름이요, 우리가 天地의 分身임을 體驗할 수는 없는 것이며, 이 體驗을 갖지 않는 限 우리의 生은 天地에 同化될 수 없기 때문이다. 그리고 우리는 우리에게 賦與된 우리의 이　共通된 運命을 發見하고 이것의 打開에 노력하는 것, 이것을 가르처 究竟的 삶이라 부르는 것이다. 왜 그러냐 하면 이것만이 우리의 삶을 完遂할 수 있는 길이기 때문이다.

……(중략)……

첫째 내가 말하는 ‘究竟的 삶’이란 반드시 宗敎를 通해서만 遂行될 것이 아니라고 생각한다. 그것은 文學을 通해서든, 哲學을 通해서든, 혹은 政治를 通해서든 敎育을 通해서든 可能해야 할 것이며 實地로 可能했던 것이다. …(중략)…

둘째, ‘究竟的 生의 形式’만을 ‘文學하는 것’이라고는 하지 않는다는 것이다. 文學作品의 意義와 價値에는 數億 數萬의 等差가 있을 것과 같이 ‘文學하는 것’의 段階와 等差도 數億 數萬이 될 수 있다고 생각하는 것이다.

그러므로 나는 위에서도 가장 높고 참된 意味에 있어 ‘文學하는 것’이란 ‘究竟的 生의 形式’이라 한 것이다. 내가 생각 하는 바 ‘文學하는 것’의 最高志向을 말한 데 不過한 것이다. (2月 10日)

『백민』 제4권 2호, 1948년 3월

김동리, 「문학하는 것에 대한 사고-문학의 내용(이상성)적 기초를 위하여」, 『백민』 제4권 2호, 1948년 3월

이 사료는 1948년 3월 『백민』(白民)에 실린 김동리의 「문학하는 것에 대한 사고-문학의 내용(이상성)적 기초를 위하여-」다. 김동리(金東里, 1913~1995)는 한국의 소설가·시인으로, 해방 이후 문학의 본령을 둘러싼 순수-참여 논쟁에서 순수문학의 입장에 섰다. 해당 글은 당시 김동리가 김병규(金秉逵, 생몰년도 미상)와의 문학 논쟁 과정에서 자신의 문학관을 정리하여 밝힌 원고다. 이를 통해 김동리의 문학관뿐 아니라 해방 전후 순수문학을 추구했던 우익 계열 문단의 입장을 확인할 수 있다.

김동리(金東里, 1913~1995)는 1935년 단편소설 「화랑의 후예」가 『중앙일보』 신춘문예에 당선되면서 본격적인 활동을 시작했다. 그의 대표작으로는 「바위」(1936.5), 「무녀도(巫女圖)」(1936.5), 「황토기(黃土記)」(1939.5), 「실존무(實存舞)」(1955.6.), 「사반의 십자가」(1955.11.∼1957.4.), 「을화(乙火)」(1978.4.) 등이 있다. 일제 총독부의 검열을 겪으며 절필을 선언하기도 했으나, 1945년 해방 이후 다시 왕성하게 활동했다. 해방 공간에서 김동리는 우익계 문학 단체인 ‘한국청년문학가협회’를 결성하고 초대 회장까지 역임했다.

이 글이 쓰인 1948년 3월은 문단 내 좌우익 계열 간의 논쟁이 격렬하게 벌어지던 시기다. 해방 직후 문인들은 식민지 잔재 청산과 새로운 민주주의 국가 건설이라는 시대적 과제에 문학이 필요하다는 데 공감했다. 그러나 각자가 가지고 있는 정치 노선에 따라 ‘어떤 문학을 해야 하느냐’는 문제를 두고 의견을 달리했으며, 이는 곧 문단 내 좌우익 계열 간 문학론 충돌로 불거졌다. 요컨대 좌익 계열은 문학이 모름지기 역사와 현실을 직접적으로 다루어야 한다고 보았던 데 반해, 우익 계열은 문학이 역사와 현실을 초월한 인간의 본성에 대해 다루어야 한다는 주장을 펼쳤다.

김동리는 해당 원고를 통해 김동리는 문학의 소임이 ‘구경적 삶’의 탐구에 있다고 말한다. 여기서 ‘구경적 삶’이란 무한한 자아 추구이자, 우리에게 부여된 공통된 ‘운명’을 발견하고 이것의 타개를 위해 노력하는 것으로, 시대에 구애받지 않고 순수 인간성을 탐구해야 한다는 우익 계열의 문학론을 집약한다. 김동리는 대다수 사람이 일상에 만족하고 머무르지만, 문학은 “직업적 삶”을 넘어서서 삶에서 일상생활의 논리로는 포착할 수 없는 것을 찾아 나서야 한다고 주장했다.

김동리는 좌익 계열 문학론을 두고 문학을 특정 정당에 예속시키고 인간을 유물사관의 획일성에 빠트리는 견해라고 비판했다. 김동리는 문학이 현실 인간사의 대립 구도를 다룰 수 있으나, 그중 한 편을 택하면 안 된다는 입장이었다. 물론 순수문학을 내건 그의 소설도 종교 간 대립구도나 이념 간 대립구도가 주요하게 나오지만, 양극단 사이에서 결정되지 않은 시선이 유지되는 이유가 바로 여기 있다. 이는 곧 그가 문학을 통해 결합과 파국이 공존하는 생의 ‘구경’을 탐구하려 했음을 확인시켜준다.

그러나 김동석(金東錫, 1913~미상) 등의 좌익 계열 문학인은 혼란스러운 시대의 지식인이 새로운 시대 건설에 적극적으로 나서야 함에도 현실 일선에서 뒤로 물러난 문학을 하겠다는 우익 계열 문학인을 거세게 비판했다. 특히 김동리의 문학론이 순수를 가장했을 뿐, 행동이 필요한 시기에 실천하지 않음으로써 사실상 순수하지 않은 길을 택했다고 비판했다. 또한 그가 강조하는 역사를 초월한 인간성이라는 개념 역시 추상적, 자의적이라고 비판했다.

이후 좌우간 문학론 논쟁은 1948년 남과 북에 단독정부가 수립되고 1950년 한국전쟁이 발발하면서 흐지부지되었다. 이는 좌익 계열 문인 다수가 월북함에 따라 남한지역에 좌익 계열 문학론이 입지를 잃었기 때문이다. 곧 한국의 문단은 우익이 주도하게 되었으며, 김동리를 비롯한 우익 계열 문학론이 우세를 점하게 되었다.

이 글의 내용은 집필자의 개인적 견해이며, 국사편찬위원회의 공식적 견해와 다를 수 있습니다.

참고문헌

논문

남원진,「해방기 비평 연구 1 : 우익 문학론의 가능성과 한계」, 『겨레어문학회』29, 2002.
이미나,「해방기 좌·우익 문학 논쟁 연구 - 김동석과 김동리를 중심으로 -」, 『한국현대문예비평학회』 59, 2018.
이우용, 「해방직후 좌·우익의 문학논쟁 연구」, 『논문집』 31(1), 1990.
전계성,「김동리 소설의 대립 구도와 생의 구경-근대와 반근대의 이분법을 넘어-」, 『영남학』 70, 2019.
정년희, 「김동리 문학에 나타난 『구경』의 의미」, 고려대학교, 1996.

편저

김윤식 편, 『해방공간의 민족문학 연구』, 열음사, 1989.
손미영 외, 『한국문학의 흐름과 이해』, 아세아문화사, 2002.

관련사이트

[https://dl.nanet.go.kr/search/searchInnerDetail.do?controlNo=KINX1976017597] 「문학하는 것에 대한 사고-문학의 내용(이상성)적 기초를 위하여」, 『백민』 제4권 2호, 국회도서관",,,,https://contents.history.go.kr/front/hm/view.do?levelId=hm_163_0030,사료로 본 한국사\items\hm_age_80_현대\hm_ty_040_문화\hm_163_0030_광복 직후 우익 계열의 문학론-김동리.md
1120,hm_age_80,현대,hm_ty_040,문화,hm_163_0040,1947년 조선어 학회가 편찬한 조선말 큰사전,현대 > 문화 > 광복과 분단의 문화 > 1947년 조선어 학회가 편찬한 조선말 큰사전,"『조선말큰사전』 머리말

말은 사람의 특징이요, 겨레의 보람이요, 문화의 표상이다. 조선 말은 우리 겨레가 반만년 역사적 생활에서 문화 활동의 말미암던 길이요 연장이요 또 그 결과이다. 그 낱낱의 말은 다 우리의 무수한 조상들이 잇고 이어 보태고 다듬어서 우리에게 물려 준 거룩한 보배이다. 그러므로 우리말은 곧 우리 겨레가 가진 정신적 및 물질적 재산의 총목록이라 할 수 있으니 우리는 이 말을 떠나서는 하루 한때라도 살 수 없는 것이다.

그러나 조선말은 조선 사람에게 너무 가깝고 너무 친한 것이기 때문에 도리어 조선 사람에게서 가장 멀어지고 설어지게 되었다. 우리들이 항상 힘써 배우고 닦고 한 것은 다만 남의 말, 남의 글이요 제 말과 제 글은 아주 무시하고 천대해 왔다. 날마다 뒤적거리는 것은 다만 한문의 자전과 운서뿐이요 제 나라 말의 사전은 아예 필요조차 느끼지 아니하였다. 프랑스 사람이 와서는 프랑스 말로써 조선어 사전을 만들고 미국 영국 사람이 와서는 각각 영어로써 조선어 사전을 만들고 일본 사람이 와서는 일본말로써 조선어 사전을 만들었으나 이것은 다 자기네의 필요를 위하여 만든 것이요 우리의 소용으로 된 것이 아니었다.

제 말의 사전을 가지지 못한 것은 문화 민족의 커다란 수치일 뿐 아니라 민족 자체의 문화 향상을 꾀할 수 없음을 절실히 깨달아 이 수치를 씻고자 우리 문화 향상의 밑천을 장만하고자 우리가 우리 손으로 조선 말 사전의 편찬사업을 처음으로 계획한 것은 융희 4(서기 1910)년부터의 일이었으니 당시 조선 광문회

에서 이 일을 착수하여 수년 동안 자료작성에 힘을 기울였던 것이다. 그러나 사정으로 인하여 아깝게도 열매를 맺지 못하였고 10여년 뒤에 계명구락부에서 다시 시작하였으나 이 또한 중도에 그치고 말았었다.

이 민족적 사업을 기어이 이루지 않고서는 아니 될 것을 깊이 각오한 우리 학회는, 이에 새로운 결의로써 기원 4261(서기 1928)년 한글날에 조선어사전편찬회를 창립하였다. 처음에는 조선어 학회

와 조선어사전편찬회가 두 날개가 되어 하나는 맞춤법 표준말들의 기초공사를 맡고 하나는 낱말을 모아 그 뜻을 밝히는 일을 힘써 오다가 그 뒤에는 형편에 따라 조선어 학회

가 사전편찬회의 사업을 넘겨 맡게 되었으니 이는 조선어 학회

가 특별한 재력과 계획이 있어서가 아니라 다만 까무러져 가는 사전편찬회의 최후를 거저 앉아 볼 수 없는 안타까운 심정과 뜨거운 정성이 있기 때문이었다.

포악한 왜정의 억압과 곤궁한 경제의 쪼들림 가운데서 오직 구원한 민족적 정신을 가슴 속에 깊이 간직하고 원대한 문화적 의욕에 부추긴 바 되어, 한 자루의 모지라진 붓으로 천만 가지 곤란과 싸워온 지 열 다섯 해만에 만족하지 못한 원고를 인쇄에 붙이었더니 애닯도다. 험한 길은 갈수록 태산이라 기어이 우리말과 글을 뿌리째 뽑아 버리려는 포악무도한 왜정은 그 해 곧 기원 4275년(1942)의 시월에 편찬회와 어학회에 관계된 사람 30여명을 검거하매 사전 원고도 사람과 함께 홍원과 함흥으로 굴러다니며 감옥살이를 겪은 지 꼭 세 돌이나 되었었다.

그간에 동지 두 분은 원통히도 옥중의 고혼으로 사라지고, 마지막의 공판을 받은 사람은 열 두 사람이요 끝까지 옥에서 벗어나지 못한 다섯 사람은 그 실낱 같은 목숨이 바람 앞의 등불같이 바드러워 오늘 꺼질까 내일 사라질까 하던 차에 반갑다 조국 해방을 외치는 자유의 종소리가 굳게 닫힌 옥문을 깨뜨리어 까물거리던 쇠잔한 목숨과 함께 흩어졌던 원고가 도로 살아남을 얻었으니 이 어찌 한갓 조선어 학회

동지들만의 기쁨이랴?

서울에 돌아오자 곧 감옥에서 헤어졌던 동지들이 다시 모여 한편으로는 강습회를 차려 한글을 가르치며 한편으로는 꺾이었던 붓자루를 다시 가다듬어 잡고 흐트러진 원고를 그러모아 깁고 보태어 가면서 두 해 만에 이제 겨우 그 첫 권을 박아 5백 한 돌인 한글날을 잡아 천하에 펴내게 된 것이다. 그 내용에 있어서는 다시 기움질을 받아야 할 곳이 많으매 그 질적 완성은 먼 뒷날을 기다릴밖에 없지마는 우선 이만한 것으로 하나는 써 조국 광복 문화부흥에 분주한 우리 사회의 기대에 대답하며 또 하나는 써 문화 민족의 체면을 세우는 첫걸음을 삼고자 한다.

돌아보건대 스무 해 전에 사전 편찬을 시작한 것은 조상의 끼친 문화재를 모아 보존하며 저 일본의 포악한 동화 정책에 소멸됨을 면하게 하여 써 자손 만대에 전하고자 하던 일에 악운이 갈수록 짓궂어 그 극적 기도조차 위태한 지경에 빠지기 몇 번이었던가? 이제 그 아홉 죽음에서 한 삶을 얻고 보니 때는 엄동설한이 지나간 봄철이요 침침 칠야가 밝아진 아침이라 광명이 사방에 가득하고 생명이 천지에 약동한다. 인제는 이 책이 다만 앞 사람의 유산을 찾는 도움이 됨에 그치지 아니하고 나아가서는 민족 문화를 창조하는 활동의 이로운 연장이 되며 또 그 창조된 문화재를 거두어들여 앞으로 자꾸 충실해 가는 보배로운 곳집이 되기를 바라 마지 아니한다.

끝으로 이 사업 진행의 자세한 경과는 따로 밝히기로 하고 여기에서는 다만 이 사업을 찬조하며 후원하여 주신 여러분에게 삼가 감사의 인사를 드리는 바이다.

기원 4280(서기 1947) 년 한글날

조선어 학회

「머리말」, 조선어 학회

, 『조선말큰사전』 제1권, 을유문화사, 1947

머리말

말은 사람의 특징이요, 겨레의 보람이요, 문화의 표상이다. 조선 말은 우리 겨레가 반만년 역사적 생활에서 문화 활동의 말미암던 길이요 연장이요 또 그 결과이다. 그 낱낱의 말은 다 우리의 무수한 조상들이 잇고 이어 보태고 다듬어서 우리에게 물려 준 거룩한 보배이다. 그러므로 우리말은 곧 우리 겨레가 가진 정신적 및 물질적 재산의 총목록이라 할 수 있으니 우리는 이 말을 떠나서는 하루 한때라도 살 수 없는 것이다.

그러나 조선말은 조선 사람에게 너무 가깝고 너무 친한 것이기 때문에 도리어 조선 사람에게서 가장 멀어지고 설어지게 되었다. 우리들이 항상 힘써 배우고 닦고 한 것은 다만 남의 말, 남의 글이요 제 말과 제 글은 아주 무시하고 천대해 왔다. 날마다 뒤적거리는 것은 다만 한문의 자전과 운서뿐이요 제 나라 말의 사전은 아예 필요조차 느끼지 아니하였다. 프랑스 사람이 와서는 프랑스 말로써 조선어 사전을 만들고 미국 영국 사람이 와서는 각각 영어로써 조선어 사전을 만들고 일본 사람이 와서는 일본말로써 조선어 사전을 만들었으나 이것은 다 자기네의 필요를 위하여 만든 것이요 우리의 소용으로 된 것이 아니었다.

제 말의 사전을 가지지 못한 것은 문화 민족의 커다란 수치일 뿐 아니라 민족 자체의 문화 향상을 꾀할 수 없음을 절실히 깨달아 이 수치를 씻고자 우리 문화 향상의 밑천을 장만하고자 우리가 우리 손으로 조선 말 사전의 편찬사업을 처음으로 계획한 것은 융희 4(서기 1910)년부터의 일이었으니 당시 조선 광문회

에서 이 일을 착수하여 수년 동안 자료작성에 힘을 기울였던 것이다. 그러나 사정으로 인하여 아깝게도 열매를 맺지 못하였고 10여년 뒤에 계명구락부에서 다시 시작하였으나 이 또한 중도에 그치고 말았었다.

이 민족적 사업을 기어이 이루지 않고서는 아니 될 것을 깊이 각오한 우리 학회는, 이에 새로운 결의로써 기원 4261(서기 1928)년 한글날에 조선어사전편찬회를 창립하였다. 처음에는 조선어 학회

와 조선어사전편찬회가 두 날개가 되어 하나는 맞춤법 표준말들의 기초공사를 맡고 하나는 낱말을 모아 그 뜻을 밝히는 일을 힘써 오다가 그 뒤에는 형편에 따라 조선어 학회

가 사전편찬회의 사업을 넘겨 맡게 되었으니 이는 조선어 학회

가 특별한 재력과 계획이 있어서가 아니라 다만 까무러져 가는 사전편찬회의 최후를 거저 앉아 볼 수 없는 안타까운 심정과 뜨거운 정성이 있기 때문이었다.

포악한 왜정의 억압과 곤궁한 경제의 쪼들림 가운데서 오직 구원한 민족적 정신을 가슴 속에 깊이 간직하고 원대한 문화적 의욕에 부추긴 바 되어, 한 자루의 모지라진 붓으로 천만 가지 곤란과 싸워온 지 열 다섯 해만에 만족하지 못한 원고를 인쇄에 붙이었더니 애닯도다. 험한 길은 갈수록 태산이라 기어이 우리말과 글을 뿌리째 뽑아 버리려는 포악무도한 왜정은 그 해 곧 기원 4275년(1942)의 시월에 편찬회와 어학회에 관계된 사람 30여명을 검거하매 사전 원고도 사람과 함께 홍원과 함흥으로 굴러다니며 감옥살이를 겪은 지 꼭 세 돌이나 되었었다.

그간에 동지 두 분은 원통히도 옥중의 고혼으로 사라지고, 마지막의 공판을 받은 사람은 열 두 사람이요 끝까지 옥에서 벗어나지 못한 다섯 사람은 그 실낱 같은 목숨이 바람 앞의 등불같이 바드러워 오늘 꺼질까 내일 사라질까 하던 차에 반갑다 조국 해방을 외치는 자유의 종소리가 굳게 닫힌 옥문을 깨뜨리어 까물거리던 쇠잔한 목숨과 함께 흩어졌던 원고가 도로 살아남을 얻었으니 이 어찌 한갓 조선어 학회

동지들만의 기쁨이랴?

서울에 돌아오자 곧 감옥에서 헤어졌던 동지들이 다시 모여 한편으로는 강습회를 차려 한글을 가르치며 한편으로는 꺾이었던 붓자루를 다시 가다듬어 잡고 흐트러진 원고를 그러모아 깁고 보태어 가면서 두 해 만에 이제 겨우 그 첫 권을 박아 5백 한 돌인 한글날을 잡아 천하에 펴내게 된 것이다. 그 내용에 있어서는 다시 기움질을 받아야 할 곳이 많으매 그 질적 완성은 먼 뒷날을 기다릴밖에 없지마는 우선 이만한 것으로 하나는 써 조국 광복 문화부흥에 분주한 우리 사회의 기대에 대답하며 또 하나는 써 문화 민족의 체면을 세우는 첫걸음을 삼고자 한다.

돌아보건대 스무 해 전에 사전 편찬을 시작한 것은 조상의 끼친 문화재를 모아 보존하며 저 일본의 포악한 동화 정책에 소멸됨을 면하게 하여 써 자손 만대에 전하고자 하던 일에 악운이 갈수록 짓궂어 그 극적 기도조차 위태한 지경에 빠지기 몇 번이었던가? 이제 그 아홉 죽음에서 한 삶을 얻고 보니 때는 엄동설한이 지나간 봄철이요 침침 칠야가 밝아진 아침이라 광명이 사방에 가득하고 생명이 천지에 약동한다. 인제는 이 책이 다만 앞 사람의 유산을 찾는 도움이 됨에 그치지 아니하고 나아가서는 민족 문화를 창조하는 활동의 이로운 연장이 되며 또 그 창조된 문화재를 거두어들여 앞으로 자꾸 충실해 가는 보배로운 곳집이 되기를 바라 마지 아니한다.

끝으로 이 사업 진행의 자세한 경과는 따로 밝히기로 하고 여기에서는 다만 이 사업을 찬조하며 후원하여 주신 여러분에게 삼가 감사의 인사를 드리는 바이다.

기원 4280(서기 1947) 년 한글날

조선어 학회

「머리말」, 조선어 학회

, 『조선말큰사전』 제1권, 을유문화사, 1947

이 사료는 1947년 조선어학회

가 발간한 『조선말큰사전』 제1권의 머리말이다. 머리말에는 『조선말큰사전』이 나오기까지 조선어학회

가 밟아왔던 과정을 개괄하고 있다. 1910년 조선광문회의 사전 편찬작업부터 시작해 조선어사전편찬회, 조선어학회

결성, ‘조선어학회

사건’을 거치며 진행되었던 사전편찬운동 과정을 일목요연하게 파악할 수 있다.

언어정책에 있어서 조선총독부 동화정책의 핵심은 일본어 보급이었다. 식민권력의 입장에서 일상적으로 사용되던 조선어는 금지되고, 일본어가 상용화될 필요가 있었다. 그러나 식민지의 고유 언어를 일시에 금지시키는 것은 조선인의 반발을 사 민족의식을 고양시킬 수 있었기 때문에, 조선총독부의 언어정책은 장기적으로 시행되었다. 조선총독부는 우선 조선어 사용 자체를 금지하기보다 일본어교육을 강화하고 공공기관에서는 일본어를 사용하게 하여 일본어 사용을 유도했다. 대신, 조선어는 식민지배의 편의를 돕는 ‘지방어’로 활용되었다. 직접적으로 조선인과 접하는 일본인 관리의 편의를 도모하고, 일본어를 사용할 줄 모르는 조선인들에게 일본어를 보급하기 위해 ‘지방어’로서 조선어가 필요했다.

조선어학회

의 사전편찬운동은 조선총독부의 동화정책에 대항하면서 진행되었다. 조선어학회

는 1921년 주시경의 제자들을 중심으로 조직된 조선어연구회를 전신으로 한다. 1931년 조선어연구회는 회칙개정과 함께 학회의 명칭을 조선어학회

로 변경하였다. 조선어학회

는 조선총독부의 「언문철자법」에 대항하여 민족어 규범을 형성하기 위해 철자법 정리·통일운동을 진행하는 한편, 각지에 흩어져있는 조선어를 모아 체계화하는 사전편찬작업에 나섰다. 1926년 훈민정음 반포 기념식을 치렀고, 1929년 10월에는 각계 인사 108명의 발기로 조선어사전편찬회를 조직하여 사전 편찬의 시작을 알렸다. 1931년부터는 동아일보사가 진행하던 브나로드 운동에 참여해 전국단위 강습회를 전개했다. 이후 조선어학회

는 차례로 ‘한글맞춤법통일안’, ‘표준어사정’, ‘외래어표기’ 등을 펴내며 철자법 및 표준어, 외래어 표기 등을 정리하고, 1936년에는 조선어사전편찬회의 사전편찬 작업을 승계하여 사전편찬운동을 이어갔다. 마침내 1940년 3월 조선총독부로부터 조선어사전 출판 허가를 받았고, 1942년 3월에는 대동출판사의 협조로 원고 일부의 조판과 교정작업에 착수했다.

그러나 1942년 10월 ‘조선어학회

사건’이 발생하며 조선어학회

의 활동은 중단되었다. 조선총독부는 1942년 8월 홍원에서 함흥영생고등여학교 학생이 “오늘 국어를 썼다가 선생님한테 단단히 꾸지람을 들었다”고 쓴 일기를 빌미로 ‘조선어학회

사건’으로 확대하였다. 조선총독부는 ‘치안유지법’ 내란죄를 적용하고 4차에 걸쳐 28명을 구속했다. 모두 조선어학회

사전편찬원이나 조선어학회

를 후원하던 사람들이었다. 12명은 기소유예를 받아 1943년에 석방되었다. 그러나 이극로, 이윤재, 정태진 등 16명은 기소되어 복역하였는데, 이윤재, 한징은 옥사하였고, 이극로, 최현배 등 4명은 해방 이후에야 풀려났다.

한편, 이 과정에서 조선말 큰사전을 편찬하기 위해 만들어진 『조선말큰사전 원고』가 증거품으로 압수되어 사전편찬 작업에 큰 차질을 빚었다. 다행히 『조선말큰사전 원고』는 해방 후 1945년 9월 8일 경성역 조선통운 창고에서 발견되어 『조선말큰사전』의 모체가 되었다. 이후 조선어학회

는 『조선말큰사전 원고』를 바탕으로 1947년 『조선말큰사전』 두 권을 간행하였으며, 3권부터는 학회와 사전 명칭을 각각 한글학회와 『큰사전』으로 바꾸고 1957년까지 총 6권을 간행하였다. 1929년 조선어사전편찬위원회를 결성한 이래 28년 만에 완간된 것이다. 『조선말큰사전 원고』는 역사적 의의를 인정받아 2020년 보물로 지정되었다.

이 글의 내용은 집필자의 개인적 견해이며, 국사편찬위원회의 공식적 견해와 다를 수 있습니다.

참고문헌

논문

임동현, 「1930년대 조선어 학회의 철자법 정리·통일운동과 민족어 규범 형성」, 『역사와 현실』 94, 2014.
정재환, 「8·15 해방 직후 조선어 학회의 활동 – 1945.8.15.~1946.2.」, 『사림』 41, 2012.
이혜령, 「한글운동과 근대어 이데올로기」, 『역사비평』 71, 2005.

저서

한글학회, 『한글학회 100년사』, 한글학회, 2009.

관련사이트

[https://viewer.bookrail.co.kr/viewer.do?page=1&systemCode=&documentId=19131&serviceName=bookrail] 『조선말큰사전』, 한글학회",,,,https://contents.history.go.kr/front/hm/view.do?levelId=hm_163_0040,사료로 본 한국사\items\hm_age_80_현대\hm_ty_040_문화\hm_163_0040_1947년 조선어 학회가 편찬한 조선말 큰사전.md
1121,hm_age_80,현대,hm_ty_040,문화,hm_163_0050,1953년 사상계 창간호의 권두언-인간과 인격,현대 > 문화 > 광복과 분단의 문화 > 1953년 사상계 창간호의 권두언-인간과 인격,"권두언 - 인간과 인격

인간은 인격적인 존재이다. 즉 인간은 복잡하고도 명료한 언어를 사용하며, 개념적 추상적 논리적인 사고능력을 가지고 있고, 그 목적 실현을 위한 의지적이며 적극적인 활동과 반성능력을 소유하였으며, 각종 문화 창조의 능력을 가진 자이다.

인간의 본질에 관하여서는 고래(古來)로 많은 사상가 철학자 종교가들이 그 견해를 달리하고 있다. 아리스토텔레스은 인간을 정치적 사회적 존재라고 생각하여 「인간의 행복은 개인의 생활에서는 완성될 수 없으며, 국가적 단체에 있어서 비로소 완성되어질 것이라」는 견해를 가졌다. 기독교는 「신이 자기의 형상대로 인간을 창조하여 세계와 만물을 지배케 하였다」고 하였고(창세기 1장 27절 이하), 스콜라 철학은 「인간의 본질을 이성에서 구하였고」, 칸트는 「현상으로서의 인간과 본체로서의 인간」을 구별하였으며, 피히테나 괴테는 개개의 인간을 초월한 인간성 자체에서 인간의 본질적 가치를 찾으려 하였으며, 코엔·나토르프·분트·짐멜 등은 순수인간성의 이념을 도덕적 사회적 규범이라고 하였고, 하이데거은 인간의 생존(Dasein)을 다른 존재(Sein)와 구별하여 존재론적 우선을 가진 자라고 생각하여 그 현상학적 분석을 기도하였고, 셸러는 모든 문화현상을 인간의 본질적 구조로부터 이해하며 모든 문제의 출발점 내지 귀착점을 인간에게서 발견하고자 하는 철학적 인간학을 건설하려고 했다.

이 같이 인간의 본질을 규명함에 있어서 철학적 종교적 역사적 또는 문화적으로 각각 그 입장을 달리함에 따라 각양의 인간관 - 염세관 낙천관, 유물론, 유심론, 자연주의, 이상주의, 이원론, 일원론, 결정론, 기계론, 목적론 - 을 볼 수 있는바 그 대부분이 인간성에 내재하는 한 요소를 고립적으로 강조화한 일면적 관찰에 불과한 것이라 볼 수밖에 없다.

이처럼 각각 달리 고립적으로 강조화된 인간관과 세계관의 수립과 이에 가해진 근대 주지주의, 실용주의 교육은 현대의 찬란한 문명을 보여 주는 반면, 오늘에 이르러 인간성을 분화(分化)·파괴하는 결과를 초래하여 인류의 새로운 고민을 가져왔고, 근본적으로 비판을 받아야 할 단계에 이르고 있는 것이다.

실로 인간은 육체적 정신적 통일생명(統一生命)이다. 만약 인간이 순육체적 존재라면 인간역사는 직선적인 순환과정만의 반복일 것이며, 또한 순정신적 존재라면 세계는 다만 직선적인 가치향상의 진보만이 있을 것이다.

그러나 인간은 변증법적인 발전과 통일을 이루고 있다. 이에 인간은 표현적이며 자각적인 존재라는 연유가 있는 것이다. 그러므로 이 같은 인간성을 기초로 한 참된 인간관의 수립은 긴급을 요하는 일로서 이는 곧 고립 강조화된 인간성에 잠재하는 각 요소가 조화 통일을 이루는데 있는 것이니 여기에서 인류는 통일과 조화의 인간관, 세계관을 기초로 한 사상과 교육의 대두를 갈망하게 되는 것이다.

통일교육으로서 세계평화를 이루고자 하는 유네스코 헌장에 「전쟁은 인간의 마음 속에서 시작되는 것이므로 평화는 반드시 인간의 마음 속에서 이루어져야 한다. …… (중략) ……

정의, 자유 및 평화를 지향하는 인간성에 대한 교육은 인간의 존엄을 위하여 불가결한 것이며, 모든 국민이 서로 돕고 서로 관심을 가지려는 정신으로서 다 해야 할 신성한 의무이다」라 하여 인간성 교육의 긴요성을 시사하고 있다. 침략자도, 피침략자도, 통치자도, 피통치자도, 악귀적인 착취와 억압을 감행하는 자도, 이 같은 착취와 억압을 당하는 자도, 정의의 깃발을 들어 만인을 복되게 하는 자도, 극악무도하여 만인을 해치는 자도, 위선과 사기와 모함과 중상과 협잡을 일삼는 자도, 선행과 진실과 화친과 정직과 박애를 일으키는 자도, 모두가 인간인 한, 인간문제는 무엇보다 중대한 문제가 아닐 수 없다. 그러므로 모든 인간의 인간성에 잠재한 각양의 가능성을 어떠한 방법과 방향으로 유도 종합하여 조화와 통일을 가진 원만한 인격적 개인, 사회인, 국가인, 세계인을 만드느냐 하는 것이 문제가 된다.

고래로 교육에 있어서는 항상 인격이 중시되어 왔으며, 교육의 목적을 인격도야에 두려고 하는 경향은 어느 시대에서나 엿볼 수 있다. 인(仁)을 그 중심사상으로 한 공자는 「인의 힘은 곧 인격의 힘이요, 인의 가치는 곧 인격의 가치니, 인을 행한다 함은 인격적 활동자체를 의미하는 것이며, 인을 구한다고 하는 것은 인격가치의 함양을 기하는 것이라」 하였고, 루소는 「원래 인간은 선과 악의 가능성을 잠재적으로 지니고 있으니 여하(如何)히 훈육, 자극, 고무를 가하여 인간을 원만 완전하게 성장 발전시킬 것인가」 하는 것을 교육의 중심과제로 하였으며, 존 듀이도 인간을 행복되고 유능하며 도의적이게 하는 것을 교육이라 하였다.

대개 인간은 인격성 교육에 의해서만 인격적인 향상이 일어나며, 조화와 통일을 자각하게 되며, 이 같은 자각 위에 세워진 인간관 세계관을 토대로 한 인격적 표현만이 곧 세계인류가 갈망하는바 진정한 자유와 평화를 가져올 것이다.

「권두언 : 인간과 인격」, 『사상계』 창간호(1953.4)

卷頭言　- 人間과 人格

人間은 人格的인 存在이다. 卽 人間은 複雜하고도 明瞭한 言語를 사용하며, 槪念的 抽象的 論理的인 思考能力을 가지고 있고, 그 目的 實現을 爲한 意志的이며 積極的인 活動과 反省能力을 所有하였으며, 각종 文化 創造의 能力을 가진 者이다.

人間의 本質에 關하여서는 古來로 많은 思想家 哲學者 宗敎家들이 그 見解를 달리하고 있다. 애리스토틀은 人間을 政治的 社會的 存在라고 생각하여 「人間의 幸福은 個人의 生活에서는 完成될 수 없으며, 國家的 團體에 있어서 비로소 完成되어질 것이라」는 見解를 가졌다. 基督敎는 「神이 自己의 形像대로 人間을 創造하여 世界와 萬物을 支配케 하였다」고 하였고(創世記 一章 二七節 以下), 스코라哲學은 「人間의 本質을 理性에서 구하였고」, 칸트는 「現象으로서의 人間과 本體로서의 人間」을 區別하였으며, 피히테나 괴테는 個個의 人間을 超越한 人間性 自體에서 人間의 本質的 價値를 찾으려 하였으며, 코헨 나톨프 분트 짐멜 等은 純粹人間性의 理念을 道德的 社會的 規範이라고 하였고, 하이덱겔은 人間의 生存(Dasein)을 다른 存在(Sein)와 區別하여 存在論的 優先을 가진 者라고 생각하여 그 現象學的 分析을 企圖하였고, 쉐레르는 모든 文化現象을 人間의 本質的 構造로부터 理解하며 모든 問題의 出發點 乃至 歸着點을 人間에게서 發見하고자 하는 哲學的 人間學을 建設하려고 했다.

이같이 人間의 本質을 糾明함에 있어서 哲學的 宗敎的 歷史的 또는 文化的으로 各各 그 立場을 달리함에 따라 各樣의 人間觀 - 厭世觀 樂天觀, 唯物論, 唯心論, 自然主義, 理想主義, 二元論, 一元論, 決定論, 機械論, 目的論 - 을 볼 수 있는바 그 大部分이 人間性에 內在하는 한 要素를 孤立的으로 强調化한 一面的 觀察에 不過한 것이라 볼 수밖에 없다.

이처럼 各各 달리 孤立的으로 强調化된 人間觀과 世界觀의 樹立과 이에 加해진 近代 主知主義, 實用主義 敎育은 現代의 燦爛한 文明을 보여주는 反面, 오늘에 이르러 人間性을 分化 破壞하는 結果를 招來하여 人類의 새로운 苦悶을 가져왔고, 根本的으로 批判을 받아야 할 段階에 이르고 있는 것이다.

實로 人間은 肉體的 精神的 統一生命이다. 만약 인간이 純肉體的 存在라면 人間歷史는 直線的인 循環過程만의 反復일 것이며, 또한 純精神的 存在라면 世界는 다만 直線的인 價値向上의 進步만이 있을 것이다.

그러나 人間은 辨證法的인 發展과 統一을 이루고 있다. 이에 인간은 表現的이며 自覺的인 存在라는 緣由가 있는 것이다. 그러므로 이 같은 人間性을 基礎로 한 참된 人間觀의 樹立은 緊急을 要하는 일로서 이는 곧 孤立 强調化된 人間性에 潛在하는 各 要素가 調和 統一을 이루는데 있는 것이니 여기에서 人類는 統一과 調和의 人間觀, 世界觀을 基礎로 한 思想과 敎育의 擡頭를 渴望하게 되는 것이다.

統一敎育으로서 世界平和를 이루고자 하는 유네스코 憲章에 「戰爭은 人間의 마음 속에서 始作되는 것이므로 平和는 반드시 人間의 마음 속에서 이루어져야 한다. …… (중략) ……

正義 自由 및 平和를 志向하는 人間性에 대한 敎育은 人間의 尊嚴을 위하여 不可缺한 것이며, 모든 國民이 서로 돕고 서로 關心을 가지려는 情神으로서 다 해야 할 神聖한 義務이다」 라 하여 人間性敎育의 緊要性을 示唆하고 있다. 侵略者도, 被侵略者도, 統治者도, 被統治者도, 惡鬼的인 搾取와 抑壓을 敢行하는 者도, 이 같은 搾取와 抑壓을 當하는 者도, 正義의 깃발을 들어 萬人을 福되게 하는 자도, 極惡無道하여 萬人을 害치는 者도, 僞善과 詐欺와 謀陷과 中傷과 挾雜을 일삼는 者도, 善行과 眞實과 和親과 正直과 博愛를 일으키는 者도, 모두가 人間인 限, 人間問題는 무엇보다 重大한 問題가 아닐 수 없다. 그러므로 모든 人間의 人間性에 潛在한 各樣의 可能性을 어떠한 方法과 方向으로 誘導 綜合하여 調和와 統一을 가진 圓滿한 人格的 個人, 社會人, 國家人, 世界人을 만드느냐 하는 것이 문제가 된다.

古來로 敎育에 있어서는 항상 人格이 重視되어 왔으며, 敎育의 目的을 人格陶冶에 두려고 하는 傾向은 어느 時代에서나 엿볼 수 있다. 仁을 그 中心思想으로 한 孔子는 「仁의 힘은 곧 人格의 힘이요, 仁의 價値는 곧 人格의 價値니, 仁을 行한다 함은 人格的 活動自體를 意味하는 것이며, 仁을 求한다고 하는 것은 人格價値의 涵養을 期하는 것이라」 하였고, 루소는 「元來 人間은 善과 惡의 可能性을 潛在的으로 지니고 있으니 如何히 訓育, 刺戟, 鼓舞를 加하여 人間을 圓滿 完全하게 成長 發展시킬 것인가」 하는 것을 敎育의 中心課題로 하였으며, 존 듀이도 人間을 幸福되고 有能하며 道義的이게 하는 것을 敎育이라 하였다.

大槪 人間은 人格性敎育에 의해서만 人格的인 向上이 일어나며, 調和와 統一을 自覺하게 되며, 이 같은 自覺 위에 세워진 人間觀 世界觀을 土臺로 한 人格的 表現만이 곧 世界人類가 渴望하는바 眞正한 自由와 平和를 가져올 것이다.

「권두언 : 인간과 인격」, 『사상계』 창간호(1953.4)

이 사료는 1953년 4월 발간된 『사상계』 창간호에 실린 권두언이다. 『사상계』는 1950년대와 1960년대 지식인들과 학생들 사이에 널리 읽혔던 대표적인 종합지다.

창간호 권두언은 ‘인간과 인격’이라는 제목 하에 인간의 본질과 교육의 중요성에 대해 논한 글이다. 권두언의 저자는 고금의 사상가들이 제시한 다양한 인간관을 열거하며 그 대부분이 인간성의 한 측면만을 고립적으로 강조했음을 지적한다. 이러한 논리의 연장선에서 권두언의 저자는 “통일과 조화의 인간관” 수립과 이를 기초로 한 교육의 필요성을 강조한다. 권두언에 따르면, “인격도야”를 위한 “인격성 교육”은 인류에게 필요한 “진정한 자유와 평화”를 이룩하는 길이라 할 수 있다.

한국전쟁 중이었던 1951년 3월, 당시 문교부 장관 백낙준(白樂濬, 1896~1985)은 공산주의에 대적할 국가 차원의 새로운 사상과 이념을 생산하고 전파할 목적으로 국민사상지도원(이후 국민사상연구원으로 개칭)을 설립하였다. 국민사상지도원의 기획과장이었던 장준하(張俊河, 1918~1975)는 잡지 『사상』을 발간했다. 국민사상지도원의 기관지였던 『사상』은 ‘한국전쟁으로 혼란스러워진 국민정신을 바로 잡겠다’라는 성격이 명확한 잡지였다. 1952년 12월까지 발간되었던 『사상』의 뒤를 이어 이듬해 4월에는 『사상계』가 발간되었다.

1950년대 『사상계』의 주요 집필진이었던 장준하, 양호민(梁好民, 1919~2010), 신상초(申相楚, 1922~1989)는 1920년 전후에 태어난 학병 세대의 월남 지식인이었다. 그들은 연희대학교 총장 백낙준, 한국신학대학 교수 김재준(金在俊, 1901~1987), 오산중학교 교사 출신의 함석헌(咸錫憲, 1901~1989) 등 1900년 전후에 태어난 서북 출신 기독교계 지도자들을 멘토로 삼았고, 그들과 끈끈한 유대관계를 맺고 있었다. 이처럼 『사상계』의 필진은 주로 발행인 장준하와 지연과 학연, 종교 등으로 맺어진 사이였으며, 월남한 기독교나 천주교 신자들이 주를 이루었다.

냉전과 분단이라는 시대적 상황에서 이승만(李承晩, 1875~1965) 정권의 독재에 직면하여 『사상계』 필진이 내세웠던 두 축은 바로 자유와 민주주의였다. 그들은 당대의 정세를 자유세계 대 전체주의 국가의 대결이라는 진영 논리로 이해하면서도, 점차 파행적으로 치달았던 이승만 정권과 자유당의 독재에 비판적인 태도를 보였다.

4·19혁명으로 이승만 정권이 무너지고 민간 차원의 다양한 통일논의가 등장했다. 『사상계』 필진은 반공 평화통일론을 고수하며, 북한과의 체제 경쟁에서 승리하기 위해 경제적 힘을 키워야 한다는 논리를 펼쳤다. 『사상계』는 장면 정권의 국토개발 정책에 적극적인 지지를 보냈고, 장준하를 비롯한 편집위원들은 국토건설본부라는 반관반민 운동 단체에 참여했다. 그러나 5.16군사정변으로 장면 정권이 몰락하면서 국토건설본부의 활동 역시 정지되었고, 장준하를 비롯한 『사상계』 필진은 다시 언론인으로 복귀했다.

5.16군사정변 직후, 『사상계』는 군사정권이 취한 부정축재자 처리, 농어촌 고리대 정리 등의 일련의 조치를 긍정적으로 평가했다. 그러나 권력 연장의 징후가 짙어지자 『사상계』 필진은 점차 군사정권과 대립하기 시작했다. 1961년 7월호에는 민정이양 문제를 제기한 장준하의 권두언(‘긴급을 요하는 혁명과업의 완수와 민주정치에로의 복귀’)과 5.16은 일부 군인들의 무력에 의한 쿠데타일 뿐 민중의 지지에 기반한 것이 아니라고 본 함석헌의 글(‘5.16을 어떻게 볼까’)이 실렸다. 박정희(朴正熙, 1917~1979) 정권에 대한 『사상계』의 비판은 1964년 한일협정 반대투쟁에서 절정에 달했다. 그해에 이르러 『사상계』는 한일협정 반대투쟁을 다루기 위해 ‘긴급 증간호’를 발행하는 등 대부분의 지면을 한일협정 비판에 집중했다.

이에 박정희 정권은 『사상계』에 대한 세무사찰과 지속적인 판매 방해 및 유통망 교란 등의 수단을 동원하여 『사상계』를 탄압했다. 『사상계』의 주축이었던 장준하는 1966년에 정권의 월남파병을 비판했다는 이유로 구속되었다. 그는 1967년 옥중에서 국회의원으로 당선되면서 정치인으로 변모했고, 『사상계』에서는 점차 손을 뗐다. 이후 『사상계』는 부완혁(夫琓爀, 1919~1984)이 인계하여 이끌어갔으나, 1970년 5월호에 김지하(金芝河, 1941~2022) 시인의 〈오적〉을 게재한 것을 계기로 시인과 함께 발행인과 편집자가 구속되었고, 발행등록이 취소되면서 폐간을 맞이했다.

이 글의 내용은 집필자의 개인적 견해이며, 국사편찬위원회의 공식적 견해와 다를 수 있습니다.

참고문헌

논문

장규식, 「1950~70년대 ‘사상계’ 지식인의 분단인식과 민족주의론의 궤적」, 『한국사연구』 167, 2014.
최규진, 「한국전쟁 뒤 반공이데올로기 지형과 지식인의 자리-1950년대 『사상계』의 사상-」, 『사림』 61, 2017.

저서

김려실 외, 『사상계, 냉전 근대 한국의 지식장』, 역락, 2020.
사상계연구팀, 『냉전과 혁명의 시대 그리고 사상계』, 소명, 2012.
이상록, 『한국의 자유민주주의와 사상계』, 고려대학교민족문화연구원, 2020.
이용성, 『사상계와 비판적 지식인잡지 연구』, 한서대학교출판부, 2012.

관련사이트

[https://www.nl.go.kr/NL/contents/search.do?infoTxt=#viewKey=CNTS-00100232129&viewType=C] 『사상계』 창간호, 국립중앙도서관",,,,https://contents.history.go.kr/front/hm/view.do?levelId=hm_163_0050,사료로 본 한국사\items\hm_age_80_현대\hm_ty_040_문화\hm_163_0050_1953년 사상계 창간호의 권두언-인간과 인격.md
1122,hm_age_80,현대,hm_ty_040,문화,hm_163_0060,1968년 제정된 국민 교육 헌장,현대 > 문화 > 광복과 분단의 문화 > 1968년 제정된 국민 교육 헌장,"〈국민교육헌장〉

우리는 민족중흥의 역사적 사명을 띠고 이 땅에 태어났다. 조상의 빛난 얼을 오늘에 되살려 안으로 자주독립의 자세를 확립하고 밖으로 인류공영에 이바지할 때다. 이에 우리의 나아갈 바를 밝혀 교육의 지표로 삼는다.

성실한 마음과 튼튼한 몸으로 학문과 기술을 배우고 익히며 타고난 저마다의 소질을 계발하고 우리의 처지를 약진의 발판으로 삼아 창조의 힘과 개척의 정신을 기른다. 공익과 질서를 앞세우며 능률과 실질을 숭상하고 경애와 신의에 뿌리박은 상부상조의 전통을 이어받아 명랑하고 따뜻한 협동정신을 북돋운다. 우리의 창의와 협력을 바탕으로 나라가 발전하며 나라의 융성이 나의 발전임을 깨달아 자유와 권리에 따르는 책임과 의무를 다하여 스스로 국가건설에 참여하고 봉사하는 국민정신을 드높인다.

반공민주정신에 투철한 애국애족이 우리의 삶의 길이며 자유세계의 이상을 실현하는 기반이다. 길이 후손에 물려줄 영광된 통일조국의 앞날을 내다보며 신념과 긍지를 지닌 근면한 국민으로서 민족의 슬기를 모아 줄기찬 노력으로 새 역사를 창조하자.

1968년 12월 5일

대통령 박정희

「헌장 본문 : 국민교육헌장」, 『국민 교육 헌장 독본』, 동아출판사, 1968

〈국민교육헌장〉

우리는 민족중흥의 역사적 사명을 띠고 이 땅에 태어났다. 조상의 빛난 얼을 오늘에 되살려 안으로 자주독립의 자세를 확립하고 밖으로 인류공영에 이바지할 때다. 이에 우리의 나아갈 바를 밝혀 교육의 지표로 삼는다.

성실한 마음과 튼튼한 몸으로 학문과 기술을 배우고 익히며 타고난 저마다의 소질을 계발하고 우리의 처지를 약진의 발판으로 삼아 창조의 힘과 개척의 정신을 기른다. 공익과 질서를 앞세우며 능률과 실질을 숭상하고 경애와 신의에 뿌리박은 상부상조의 전통을 이어받아 명랑하고 따뜻한 협동정신을 북돋운다. 우리의 창의와 협력을 바탕으로 나라가 발전하며 나라의 융성이 나의 발전임을 깨달아 자유와 권리에 따르는 책임과 의무를 다하여 스스로 국가건설에 참여하고 봉사하는 국민정신을 드높인다.

반공민주정신에 투철한 애국애족이 우리의 삶의 길이며 자유세계의 이상을 실현하는 기반이다. 길이 후손에 물려줄 영광된 통일조국의 앞날을 내다보며 신념과 긍지를 지닌 근면한 국민으로서 민족의 슬기를 모아 줄기찬 노력으로 새 역사를 창조하자.

1968년 12월 5일

대통령 박정희

「헌장 본문 : 국민교육헌장」, 『국민 교육 헌장 독본』, 동아출판사, 1968

이 자료는 1968년 12월 선포된 국민교육헌장이다. 국민교육헌장을 통해 정부는 국민들의 정신을 개조하여 생산적인 주체를 확립시키고자 했다. 이는 1968년 신년 기자회견에서 박정희(朴正熙, 1917~1979) 대통령이 주창한 ‘제2경제론’ 즉 모든 국민이 경제개발 과정에서 그에 걸맞은 정신자세를 견지해야 한다는 내용과 일맥상통한다.

1968년 1월 박정희 대통령은 문홍주(文鴻柱, 1918~2008) 문교부 장관에게 ‘국민교육의 장기적이고 건전한 방향 정립과 시민 생활의 건전한 윤리 및 가치관 확립’을 위해서 각계각층의 의견을 총망라한 교육 장전의 제정을 지시하였다. 같은 해 6월 박정희는 권오병(權五柄, 1918~1975) 문교부 장관에게 다시 한 번 교육헌장의 제정을 구체적으로 검토하라는 지침을 내렸다. 문교부는 26명의 기초 위원과 48명의 심의 위원을 선정하고, 박준규(朴浚圭, 1925~2014)·이만갑(李萬甲, 1921~2010)·이규호(李奎浩, 1926~2002)·박희범(朴喜範, 1922~1981) 등이 제출한 논문을 토대로 대학교수 20명으로 구성한 초안작성준비위원회를 3차례 개최하였다. 서울대학교 대학원장 이인기(李寅基, 1907~1987)와 건국대학교 교수 유형진(柳炯鎭, 1926~1985)이 작성된 논문들을 종합·정리했고, 박종홍(朴鍾鴻, 1903~1976)과 이인기가 ‘헌장기초위원’을 맡아 7월 23일 초안을 작성하였다.

이렇게 작성된 원안은 여러 차례의 수정 작업을 거치게 된다. 이 과정에서 자유·평화·정의와 같은 현대 윤리의 보편적 덕목들이 삭제되었다. 또한 국가 그 자체에 대한 절대적이고 무조건적인 충성이 강조되었다. 헌장은 1968년 11월 정기국회 본회의에서 만장일치로 통과되어 12월 5일 대통령이 이를 선포하였다. 이후 1973년 3월 30일, 대통령령으로 선포일인 12월 5일을 정부 주관 기념일로 삼고 각종 기념행사를 개최토록 하였다.

박정희는 국민교육헌장의 총체적 기획자이자 실질적 제작자였다. 직접 국민교육헌장 심의 위원들을 발탁하였고 국민교육헌장의 수정과정에 적극 개입하였다. 또한 「국민교육헌장 제정동의안」이 국회의 동의권행사 범주에 포함되지 않음에도 불구하고 국회의원들의 만장일치 의결을 받아내어 국민교육헌장의 정당성을 강화하고 국가적 위상을 부여하였다.

문교부는 「국민교육헌장」을 선포한 뒤 범국가적 차원에서 헌장 정신을　실현하기 위해 노력하였다. 문교부는 「국민교육헌장」을 기본 이념으로 하는 교육과정 재편을 추진하였고, 『국민교육헌장독본』 265만 부를 발간하여 각급 학교와 기관에 배부하였다. 또한 국민학생을 위한 『헌장 그림책』 130만 부를 발간 배포하였다. 1969년부터 문교부는 직접 출판사를 지원해 헌장이념 도서를 발간하게 하거나 각종 단체에 대대적인 도서 개발 및 출판을 장려하였다.

「국민교육헌장」은 각급 학교 교실과 교과서 전면에 게재되었고, 당시 출간된 모든 서적과 영화 음반의 첫 부분에 찍혀 배포하게끔 의무화되기도 했다. 학생뿐만 아니라 대통령 이하 전 공무원도 헌장을 암기하게 했다. 각급 학교는 모든 학생들에게 암기할 것을 강요하였고, 암기하지 못하는 학생에게는 체벌을 가하기도 하였다. 일부 학교에서는 「국민교육헌장」 암송 대회를 열기도 하였다. 국민교육헌장 암송에 이어 박정희 정권은 일제 말기의 전시 총동원 체제기에 성행했던 여러 국가주의 의례도 부활시켰다. 모든 국민은 거리를 걸어가다가도 오후 6시가 되면 반드시 부동자세로 국기에 대한 경례를 해야 했고, 극장에서는 영화를 상영하기 전에 기립해서 애국가를 불러야 했다.

민주화 이후 한국사회에서는 국민교육헌장을 수정 또는 폐지해야한다는 여론이 확산되었다. 국가주의에 우선한 국민교육헌장이 일괄적인 교육을 강조하여 다양성과 개인의 삶을 위축시킨다는 지적이었다. 이에 따라 정부는 국민교육헌장 제정 기념식과 각급 학교 교과서에 헌장의 수록 등을 차례로 중단했다. 1995년 11월에는 교육부가 국민교육헌장의 공식적 기능이 중지됐다고 밝혔고 2003년 정부는 공식적으로 국민교육헌장 선포 기념일을 폐지했다.

이 글의 내용은 집필자의 개인적 견해이며, 국사편찬위원회의 공식적 견해와 다를 수 있습니다.

참고문헌

논문

곽민지, 「국민교육헌장의 정치사적 의의에 대한 비판적 연구 : 1968년부터 1972년까지, 국민교육헌장의 생산과 매개 과정을 중심으로」, 인하대학교 박사학위논문, 2019.
곽민지, 「사회교육을 통한 국민교육헌장의 이념보급(1968-1972)」, 『역사문제연구』 40, 2018.
김석수, 「‘국민교육헌장’의 사상적 배경과 철학자들의 역할 ― 국민윤리교육과 연계하여 ―」, 『역사문제연구』 15, 2005.
김한종, 「학교교육을 통한 국민교육헌장 이념의 보급」, 『역사문제연구』 15, 2005.
박수경, 「국가 중심화의 표상, ‘국민교육헌장’의 은유 분석」, 『한국민족문화』 36, 2010.
신주백, 「국민교육헌장의 역사(1968-1994)」, 『한국민족운동사연구』 45, 2005.
이상록, 「전통의 현대화 담론과 민족주체성의 창조 - 박종홍의 탈식민 주체화 전략과 식민주의적 (무)의식 -」, 『사학연구』 116, 2014.
황병주, 「국민교육헌장과 박정희 체제의 지배담론」, 『역사문제연구』 15, 2005.
홍윤기, 「[왜?] 국민교육헌장, 왜 그리고 어떻게 만들어졌나?」, 『내일을 여는 역사』 18, 2004.

관련사이트

[https://www.nl.go.kr/NL/contents/search.do?infoTxt=#viewKey=55416&viewType=AH1] 『국민교육헌장독본』, 국립중앙도서관",,,,https://contents.history.go.kr/front/hm/view.do?levelId=hm_163_0060,사료로 본 한국사\items\hm_age_80_현대\hm_ty_040_문화\hm_163_0060_1968년 제정된 국민 교육 헌장.md
1123,hm_age_80,현대,hm_ty_040,문화,hm_163_0070,국립서울대학교 창립안,현대 > 문화 > 광복과 분단의 문화 > 국립서울대학교 창립안,"국립서울대학교 설립에 관한 법령

[시행 1946. 8. 22.] [군정법령 제102호, 1946. 8. 22., 제정]

제1조 (목적) 본 영은 조선 국민에게 우수한 고등교육 시설을 제공하고 활용케 하여써 조선 청년으로 하야금 개인으로서의 조선인 자신 급 현대사회의 국민으로서의 조선 인민의 향상을 위하야 그 시설로부터 발생하는 온갖 이익과 기회를 적의 이용케 함으로써 목적함.

제2조 (목적 달성의 방법) 본 영의 목적은 기존 교육 시설을 재편성되는 국립서울대학교에 합동하야 시시로 필요 우는 요망에 응하야 기 외 교육 시설을 점진적으로 흡수하고 기타 필요한 대학, 학부 급 연학 기관을 증설하며 우수한 교수 진용을 정비하고 현 학교 운영상의 결함을 제거하며 행정면에 있어 절약 정책을 수립하고 전 세계 일류 고등 교육 기관의 학술 수준에 필적할 만한 정도로 동 대학교의 수준을 높이기 위하여 필요한 제반 감리제도(경쟁시험 급 기타 방법에 의한)를 창정함으로써 달성함.

…(중략)…

제5조 (국립서울대학교에의 흡수에 의한 기존 학교의 폐지) 좌기 각 전문학교, 교육 기관 급 그 소속 기관은 자에 폐지되어 국립서울대학교에 흡수되고 동 대학교는 자에 법인 단체로서 창설되어 각종 세금 부과 급 징세 납부의 의무에서 면제되며 본 영에 규정된 목적 달성에 충실한 조선 정부의 공기로서 영구히 존재함.

(가) 경성경제전문학교

(나) 경성치과전문학교

(다) 경성법학전문학교

(라) 경성의학전문학교

(마) 경성광산전문학교

(바) 경성사범학교

(사) 경성공업전문학교

(아) 경성대학

(자) 경성여자사범학교

(차) 수원농림전문학교

상기 각 대학전문학교 급 기타 교육 기관의 단체로서의 존재는 자에 종료되고 상기 학교 급 기 소속 기관의 재산, 설비, 문서, 자금 급 인원은 자에 국립서울대학교에 이관됨.

재산, 설비, 문서, 자금 급 인원의 구체적 이관, 배치 급 기타 필요한 변동은 조선 정부 문교부장에 의하야 결정 수립된 정책 급 원칙에 따라 국립서울대학교 이사회에서 동 대학교 총장을 통하야 수행됨.

제6조 (국립서울대학교 내 대학의 설치) 국립서울대학교 내에는 좌기 대학을 설치함.

(가) 농림과대학

(나) 상과대학

(다) 치과대학

(라) 사범대학

(마) 공과대학

(바) 예술대학

(사) 법과대학
(아) 문리과대학

(자) 의과대학(간호 급 간호교육학교를 포함함)

(차) 대학원

제7조 (국립서울대학교 이사회의 기구, 직능, 임무 급 보수) (가) 기구

(1) 국립서울대학교 이사회를 자에 설치함.

본 이사회는 문교부장(직권으로), 국립서울대학교 총장(직권으로) 급 동 대학교를 구성하는 각 대학에 대하야 1대학 1명의 비례로 문교부의 추천으로 군정장관에 의하야 임명된 이사로써 구성됨.

본 이사회에 임명된 각 이사는 그가 본 이사회에 대표할 자격을 갖엇다고 인정되는 그 전문 방면에 있어서 탁월한 조선인임을 요함. 단, 본 대학교의 교직원 급 정부 직원은 여하한 시를 물론하고 본회의 임명 이사로서 본회에 근무할 자격이 무함.

…(중략)…

(2) 전항‘(1)’규정에 불구하고 잠정적인 군정 기간 중 상기한 바와 같은 국립서울대학 이사회는 조직되지 않고(단, 군정장관이 그와 다른 명령을 발할 시는 차한에 부재함) 그대로 군정장관에 의하여 임명되고 군정장관의 임의로 정하는 기간 중 시무하는 임시 이사회를 치함.

차 임시 이사회는 문교부장, 조선인 문교부장, 문교부차장, 조선인 문교부차장, 문교부 고등교육국장 급 문교부 조선인 고등교육국장으로 구성됨.

임시 이사회 이사는 본직에 대한 보수 이외의 보수를 받지 못하고 또 이사회는 본 령에 규정된 이사회와 동일한 권한과 임무를 가짐.

(나) 직능과 임무

국립서울대학교 이사회는 좌기 직능과 임무를 가짐.

(1) 국립서울대학교의 전반적 방침을 수립하는 일.

(2) 국립서울대학교의 각 대학 급 기타 소속 교육, 연구 기관을 포용할 만한 항구적 위치, 건물, 교정, 기숙사 급 기타 시설 등을 경성시 급 그 근교의 적당한 지역에 결정하고 그에 대한 상세한 계획서 급 그를 기초로 한 의견서를 작성하야 문교부장에 제출할 일, 필요한 토지는 법률에 제정된 방법에 의한 보상 절차에 의하야 문교부장이 조선 정부의 명의로 취득함.

(3) 유자격한 조선인을 국립서울대학교 총장으로 천거하야 서면으로 수락한 시 정식으로 그 직에 임명됨. 단, 군정 기간 중에는 조선군정장관이 차를 임명함.

(4) 기타 학교 급 교육 기관(공 사립을 불문) 우는 그 부속 시설의 국립서울대학교에의 통합에 관한 결재를 행하고 필요한 시는 문교부장의 동의를 득하야 동 대학교 내에 대학, 학부 급 기타 교육 연구 기관을 증설하는 일.

(5) 동 대학교 총장, 교수, 회원, 행정 사무원, 직원 급 기타 사용인의 봉급 규정 급 율을 문교부장에게 제의하는 일.

(6) 동 대학교 내에 빈한한 학생을 위한 장학금, 부여금 우는 보조금을 설정하고 학업상 급 체육상을 제정하는 일.

(7) 입학, 출석, 졸업 급 학위, 졸업장 급 증명서 등을 포함한 기타에 관한 규정을 제정하는 일.

(8) 동 대학교 총장 감독하에 운용될 학술 표준 급 학업 규정을 제정하는 일.

(9) 국립서울대학을 구성하는 각 대학 급 기타 교육 연구 기관의 운영 급 본 대학교 직원에 관한 상세한 규칙을 제정하는 일.

(10) 본 대학교 학생이 수학할 학과목 급 과정을 제정하는 일.

…(중략)…

제9조 (자금의 조달) 조선 정부 재정부는 시시로 본 영의 규정 급 목적을 수행하는 데 필요한 자금을 조달함을 요함

부칙

제10조 (시행기일) 본 영은 본 영 공포일에 효력을 발생함

「국립서울대학교설립에 관한 법령」 군정법령 제102호, 1946년 8월 22일

국립서울대학교설립에관한법령

[시행 1946. 8. 22.] [군정법령 제102호, 1946. 8. 22., 제정]

제1조 (목적) 본 영은 조선국민에게 우수한 고등교육 시설을 제공하고 활용케 하여써 조선 청년으로 하야금 개인으로서의 조선인 자신 급 현대사회의 국민으로서의 조선인민의 향상을 위하야 그 시설로부터 발생하는 온갓 이익과 기회를 적의 이용케 함으로써 목적함.

제2조 (목적 달성의 방법) 본 영의 목적은 기존 교육 시설을 재편성되는 국립서울대학교에 합동하야 시시로 필요 우는 요망에 응하야 기 외 교육 시설을 점진적으로 흡수하고 기타 필요한 대학, 학부 급 연학 기관을 증설하며 우수한 교수 진용을 정비하고 현 학교 운영상의 결함을 제거하며 행정면에 있어 절약 정책을 수립하고 전 세계 일류 고등 교육 기관의 학술 수준에 필적할 만한 정도로 동 대학교의 수준을 높이기 위하여 필요한 제반 감리제도(경쟁 시험 급 기타 방법에 의한)를 창정함으로써 달성함.

…(중략)…

제5조 (국립서울대학교에의 흡수에 의한 기존 학교의 폐지) 좌기 각 전문학교, 교육 기관 급 그 소속 기관은 자에 폐지되어 국립서울대학교에 흡수되고 동 대학교는 자에 법인 단체로서 창설되어 각종 세금 부과 급 징세 납부의 의무에서 면제되며 본 영에 규정된 목적 달성에 충실한 조선정부의 공기로서 영구히 존재함.

(가) 경성경제전문학교

(나) 경성치과전문학교

(다) 경성법학전문학교

(라) 경성의학전문학교

(마) 경성광산전문학교

(바) 경성사범학교

(사) 경성공업전문학교

(아) 경성대학

(자) 경성여자사범학교

(차) 수원농림전문학교

상기 각 대학전문학교 급 기타 교육 기관의 단체로서의 존재는 자에 종료되고 상기 학교 급 기 소속 기관의 재산, 설비, 문서, 자금 급 인원은 자에 국립서울대학교에 이관됨.

재산, 설비, 문서, 자금 급 인원의 구체적 이관, 배치 급 기타 필요한 변동은 조선정부 문교부장에 의하야 결정 수립된 정책 급 원칙에 따라 국립서울대학교 이사회에서 동 대학교 총장을 통하야 수행됨.

제6조 (국립서울대학교 내 대학의 설치) 국립서울대학교 내에는 좌기 대학을 설치함.

(가) 농림과대학

(나) 상과대학

(다) 치과대학

(라) 사범대학

(마) 공과대학

(바) 예술대학

(사) 법과대학
(아) 문리과대학

(자) 의과대학(간호 급 간호교육학교를 포함함)

(차) 대학원

제7조 (국립서울대학교 이사회의 기구, 직능, 임무 급 보수) (가) 기구

(1) 국립서울대학교 이사회를 자에 설치함.

본 이사회는 문교부장(직권으로), 국립서울대학교 총장(직권으로) 급 동 대학교를 구성하는 각 대학에 대하야 1대학 1명의 비례로 문교부의 추천으로 군정장관에 의하야 임명된 이사로써 구성됨.

본 이사회에 임명된 각 이사는 그가 본 이사회에 대표할 자격을 갖엇다고 인정되는 그 전문 방면에 있어서 탁월한 조선인임을 요함. 단, 본 대학교의 교직원 급 정부직원은 여하한 시를 물론하고 본회의 임명 이사로서 본회에 근무할 자격이 무함.

…(중략)…

(2) 전항‘(1)’규정에 불구하고 잠정적인 군정기간 중 상기한 바와 같은 국립서울대학 이사회는 조직되지 않고(단, 군정장관이 그와 다른 명령을 발할 시는 차한에 부재함) 그대로 군정장관에 의하여 임명되고 군정장관의 임의로 정하는 기간 중 시무하는 임시 이사회를 치함.

차 임시 이사회는 문교부장, 조선인 문교부장, 문교부차장, 조선인 문교부차장, 문교부 고등교육국장 급 문교부 조선인 고등교육국장으로 구성됨.

임시 이사회 이사는 본직에 대한 보수 이외의 보수를 받지 못하고 또 이사회는 본 령에 규정된 이사회와 동일한 권한과 임무를 가짐.

(나) 직능과 임무

국립서울대학교 이사회는 좌기 직능과 임무를 가짐.

(1) 국립서울대학교의 전반적 방침을 수립하는 일.

(2) 국립서울대학교의 각 대학 급 기타 소속 교육, 연구 기관을 포용할 만한 항구적 위치, 건물, 교정, 기숙사 급 기타 시설 등을 경성시 급 그 근교의 적당한 지역에 결정하고 그에 대한 상세한 계획서 급 그를 기초로 한 의견서를 작성하야 문교부장에 제출할 일, 필요한 토지는 법률에 제정된 방법에 의한 보상 절차에 의하야 문교부장이 조선정부의 명의로 취득함.

(3) 유자격한 조선인을 국립서울대학교 총장으로 천거하야 서면으로 수락한 시 정식으로 그 직에 임명됨. 단, 군정기간 중에는 조선군정장관이 차를 임명함.

(4) 기타 학교 급 교육 기관(공 사립을 불문) 우는 그 부속 시설의 국립서울대학교에의 통합에 관한 결재를 행하고 필요한 시는 문교부장의 동의를 득하야 동 대학교 내에 대학, 학부 급 기타 교육 연구 기관을 증설하는 일.

(5) 동 대학교 총장, 교수, 회원, 행정 사무원, 직원 급 기타 사용인의 봉급 규정 급 율을 문교부장에게 제의하는 일.

(6) 동 대학교 내에 빈한한 학생을 위한 장학금, 부여금 우는 보조금을 설정하고 학업상 급 체육상을 제정하는 일.

(7) 입학, 출석, 졸업 급 학위, 졸업장 급 증명서 등을 포함한 기타에 관한 규정을 제정하는 일.

(8) 동 대학교 총장 감독하에 운용될 학술 표준 급 학업 규정을 제정하는 일.

(9) 국립서울대학를 구성하는 각 대학 급 기타 교육 연구 기관의 운영 급 본 대학교 직원에 관한 상세한 규칙을 제정하는 일.

(10) 본 대학교 학생이 수학할 학과목 급 과정을 제정하는 일.

…(중략)…

제9조 (자금의 조달) 조선정부 재정부는 시시로 본 영의 규정 급 목적을 수행하는데 필요한 자금을 조달함을 요함

부칙

제10조 (시행기일) 본 영은 본 영 공포일에 효력을 발생함

국립서울대학교설립에 관한 법령(군정법령 제102호, 1946. 8. 22)

이 사료는 미군정기인 1946년 8월 22일 군정법령 제102호로 제정·시행된 「국립서울대학교 설립에 관한 법령」이다. “조선국민에게 우수한 고등교육 시설을 제공”하기 위하여 경성대학 및 서울 주변의 각종 관립전문학교를 전부 폐지하고, 이를 새로 설립하는 국립서울대학교로 흡수한다는 것이 주요 내용이다. 또한 이사회의 설치를 규정한 제7조 역시 눈여겨볼 필요가 있다. 이에 따르면 문교부가 추천하고 군정장관이 임명한 이사들로 구성된 이사회를 설치하며, 임시 이사회는 문교부장, 문교부차장, 문교부 고등교육국장 등으로 구성한다고 규정했다. 제7조에서 규정하는 이사회의 직능과 임무는 실로 다양하다. 이사회는 국립서울대학교의 전반적 방침을 수립하고, 총장을 천거하며, 교직원들의 봉급을 규정하고, 학생이 수학할 학과목과 과정을 제정하는 등 대학교 운영에 관한 전반적인 사항을 관장한다.

이 법령으로 경성제국대학을 비롯한 서울의 10여 개의 전문·사범학교가 합쳐져 국립서울대학교가 창설되었다. 하지만 법령에 의한 서울대학교 창립은 이른바 “국대안(국립서울대학교 설립안) 파동”에 휘말리며 격렬한 반대에 직면했다. 법령 공포 후 약 1년간 지속되었던 국대안 파동은 미군정기 교육계에서 가장 뜨거운 감자였다. 서울 지역의 관‧공립학교를 통폐합하여 국립서울대학교라는 하나의 종합대학으로 흡수하고자 했던 미군정의 시도가 그처럼 큰 파장을 불러일으킨 이유를 이해하기 위해서는 미군정의 고등교육제도 재편의 방향과 그것을 둘러싼 맥락을 이해할 필요가 있다.

미군정기에 실시된 고등교육제도 재편의 원칙은 일제강점기의 복선형 교육제도에서 이원적으로 운영되던 고등교육제도를 4년제 대학으로 단일화하는 것이었다. 일제강점기에 고등교육은 제국대학과 전문학교라는 이원적 형태로 나누어졌다. 고등교육기관은 대학, 관‧공립 전문학교, 사립 전문학교 순으로 서열화되었다. 미군정은 일제강점기 복선형 학제를 4년제 대학으로 단일화한다는 원칙을 세웠다. 이러한 원칙에 기초하여 기존의 전문학교는 4년제 대학으로 승격시키고, 미국의 주립 종합대학교를 모델로 한 국립서울대학교를 신설하려 했다. 학회 인사로 구성된 이사회에 대학 운영의 전권을 부여하는 것 역시 당시 미국의 사립대학과 주립대학에 널리 도입된 제도였다.

그러나 미군정의 국립서울대학교 설립 시도는 해방된 새로운 나라에 더 많은 교육기관이 필요한 상황에서 학생 수용 능력 감소와 교수 부족 문제, 대학교에 새로 도입된 학사 행정 절차와 규정의 불합리성, 미국인 총장 임명 문제, 이사회 제도 비판 등이 문제시되며 반대에 부딪혔다. 그 가운데서도 특히 쟁점이 되었던 것이 바로 이사회의 구성 방식과 권한이었다. 문교부 관료로 임시 이사회를 구성한다는 것과 이사회에 대학 운영 전반에 관한 권한을 부여하고 있다는 점이 특히 문제가 되었다. 국대안에 반대하는 이들은 이사회 규정이 관료를 통해 대학을 통제하려는 시도라고 판단했다. 이들은 이사회 제도의 대안으로서 인사 결의권을 포함해 학사 운영 전반에 대한 교수의 참여를 보장하는 ‘교수자치제’를 제시했다.

국대안 반대운동이 격렬해지며 학생 절반 이상이 등록을 거부했고, 상과대학, 법과대학, 문리과대학 학생들은 동맹휴학에 돌입했다. 국대안 반대운동은 다른 대학은 물론 전국 주요 도시의 중학생까지 참여하는 시위로 확대되었다. 당시 동맹휴학에 참여한 학교 수는 57개에 달했고, 시위 가담자는 4만여 명에 이르렀다. 국대안 반대가 극렬하게 전개되며 고등교육의 정상적인 운영이 불가능해지자, 미군정은 이사장 임기를 단축하고 이사회를 민간 한국인으로 구성하는 등 한발 물러서는 모습을 보였다. 그럼에도 학내 구성원의 대학 운영 참여는 여전히 배제되었다.

국대안으로 표면화된 관‧공립 고등교육기관의 통폐합 정책은 이후 대학 사회에 커다란 상흔을 남겼다. 국대안 파동으로 인해 수많은 교수와 학생이 대학을 떠났다. 결국 국립서울대학교는 재적자 8,217명 가운데 5,000명이 등록을 한 가운데 개강을 맞이했다.

이 글의 내용은 집필자의 개인적 견해이며, 국사편찬위원회의 공식적 견해와 다를 수 있습니다.

참고문헌

저서

강명숙, 『대학과 대학생의 시대』, 서해문집, 2018.
김기석, 『일란성 쌍생아의 탄생, 1946: 국립서울대학교와 김일성종합대학의 창설』, 교육과학사, 2001.
김정인, 『대학과 권력: 한국 대학 100년의 역사』, 휴머니스트, 2018.

관련사이트

[https://www.law.go.kr/%EB%B2%95%EB%A0%B9/%EA%B5%AD%EB%A6%BD%EC%84%9C%EC%9A%B8%EB%8C%80%ED%95%99%EA%B5%90%EC%84%A4%EB%A6%BD%EC%97%90%EA%B4%80%ED%95%9C%EB%B2%95%EB%A0%B9/%2800102%2C19460822%29] 국립서울대학교설립에 관한 법령(군정법령 제102호, 1946. 8. 22), 법제처 국가법령정보센터

[https://www.history.go.kr/contents/contentsPage.do?groupId=000000000571&menuId=000000000574&pageId=000000000213]
저작권 정책

[https://www.history.go.kr/contents/contentsPage.do?groupId=000000000931&menuId=000000000992&pageId=000000000541]
데이터 개방

[https://www.history.go.kr/contents/contentsPage.do?groupId=000000000571&menuId=000000000572&pageId=000000000211]
개인정보처리방침

13809 경기도 과천시 교육원로 86 국사편찬위원회

COPYRIGHT © NATIONAL INSTITUTE OF KOREAN HISTORY ALL RIGHT RESERVED.

오류신고

본 사이트 자료 중 잘못된 정보를 발견하였거나 사용 중 불편한 사항이 있을 경우 알려주십시오. 이용자의 참여가 사이트 가치 향상에 큰 도움이 됩니다.

사이트 하단의 ‘오류신고’ 메뉴를 이용하시면 신고 내용의 적용여부를 확인하실 수 있습니다.

개인정보는 삭제하오니 유념하시기 바랍니다.

자료명

사료로 본 한국사

자료위치

https://contents.history.go.kr/id/hm_163_0070

제목

오류유형

오류내용

이름

자동입력 방지문자

소개

한국사를 이해하는 데 토대가 되는 주요 사료를 각 시대와 분야별로 선별하여, 원문과 번역문, 해설과 참고 자료를 함께 서비스하고 있습니다.
이를 통해 어려운 역사 자료에 좀 더 쉽게 접근할 수 있도록 하였습니다.

일러두기

1.한 편의 사료는 국문, 원문, 해설, 참고자료의 4가지 요소로 구성하였습니다.

2.사료의 종류는 [삼국사기], [삼국유사], 『고려사』, 『조선왕조실록』 등의 1차 사료(史料)를 비롯해 개인 문집, 금석문, 신문, 판결문, 선언문 등에 이르기까지 매우 다양합니다.

3.국문은 원문에 수록된 사료를 우리말로 번역하여 수록하였습니다. 사료의 상당수는 한문이며, 영어, 일본어 등도 포함되어 있습니다. 또한 근·현대 사료 또한 한자를 많이 사용하여 일반인이 접근하기가 어려우므로 이를 이용자가 쉽게 이해할 수 있도록 현대 한국어에 맞게 번역하였습니다.

4.해설 중에서 추가 설명이 필요한 역사 용어의 경우 글자를 별색으로 표기하였습니다. 보라색은 해당 글자에 마우스를 갖다 대면 간략한 설명이 제공되며, 파란색은 클릭하면 ‘교과서 용어 해설’ 및 ‘한국사 연대기’ 등의 관련 자료로 연계되도록 하였습니다.

5.참고 자료에서는 사료와 관련된 연구 논문과 저서 목록을 수록하였고, 해당 사료의 원문과 번역문을 직접 확인할 수 있도록 관련 사이트도 연계하였습니다.

DB 구축 참여자(2012~2013)

시기 구분
기획
집필
교열
윤문
자료 총괄
구축 년도

삼국 이전
삼국 시대
전미희
류주희
이규리
문동석
이정빈
이현태
장종진
장청화
이계형
2012

박남수
홍기승
문동석
이현태
장종진
김경복
장청화
2013

통일 신라와 발해
전미희
류주희
이규리
김창겸
김덕원
전경숙
장청화
이계형
2012

박남수
홍기승
문동석
이현태
장종진
김경복
장청화
2013

고려 시대
전미희
류주희
이규리
한정수
손민호
황영수
전경숙
장청화
이계형
2012

류주희
홍기승
한정수
김가람
김경복
장청화
2013

조선 시대
전미희
류주희
이규리
이경찬
박귀미
이기명
이화영
이근호
장청화
이계형
2012

이규리
홍기승
이근호
김가람
김경복
장청화
2013

근대
전미희
류주희
이규리
은정태
홍문기
최보영
장청화
이계형
2012

염복규
은정태
홍동현
김경복
장청화
2013

현대
전미희
류주희
이규리
박미경
이관형
김진흠
장청화
이계형
2012

김점숙
이정은
홍동현
김경복
장청화
2013

DB 구축 참여자(2023~)

시기 구분
기획
집필
교열
감수
구축연도

근대
신재호

이주호

곽금선, 김명섭, 김상연, 김상훈, 김영진, 김진혁, 김호걸, 노성룡, 박주영, 송영화, 이양희, 이지은,

임동현, 최용준, 한보람, 한승훈, 한애라, 한준호, 홍수연

이명학
정일영
2023

현대

곽경상, 김상규, 김상연, 김재웅, 김진혁, 서홍석, 신재준, 예대열, 이길중, 이지완, 정무용

김태윤
김아람

근대
신재호

이주호

곽금선, 박주영, 박한민, 이양희, 이지은, 임동현,

주동빈, 최용준, 한보람, 한승훈, 한애라, 한준호

이명학
양진아
2024

현대

김상연, 김청강, 예대열, 이길중, 이지완

김아람

삼국
신재호

홍선이

권순홍, 김기민, 김지현, 나유정, 이종록

이준성
이정빈
2025

DB 고도화 참여자(2022~)

시기 구분
기획
해설 집필
해설 교열
감수
구축연도

근대
신재호

이홍구

곽금선, 김기성, 김명섭, 김명재, 김명환, 김상훈, 김소영, 김영진, 김헌주, 남기현, 류동연, 박순섭,

박주영, 박한민, 성주현, 송영화, 심철기, 양진아, 이성우, 이양희, 이지은, 임인재, 최보민, 최보영,

최우석, 한보람, 한승훈, 한준호

박은숙

정일영

한승훈
김도형
2022

현대

김대현, 김동주, 문민기, 박경렬, 이재석, 이지완

박광명

임광순
김아람

김태우

조선 전기
신재호

이주호

신동훈, 양정현, 윤승희, 이경동, 이상민, 이지훈

서민주
나영훈
2024

조선 후기

도주경, 문광균, 오승관, 윤민경, 임성수, 채홍병

이행묵
박범

삼국 이전
신재호

홍선이

권순홍, 김기민, 김세진, 김지현, 나유정, 이종록

이준성
이정빈
2025

고려

김도연, 김보광, 김수연, 김종혁, 김지영, 김진곤,
김효섭, 박수찬, 안주영, 오경석, 오치훈, 이민기,
이바른, 이상민, 이창섭, 정동훈, 최은규, 현수진

이현경

황향주
한정수

최종석

메인 화면

1.교양 우리 역사 메뉴 내의 콘텐츠로 이동할 수 있습니다.

2.시대별 분야에 따른 사료 목록을 확인할 수 있습니다.

3.사료로 본 한국사 내 자료를 검색할 수 있습니다.

분류별 목록 화면

1.시대에 따른 분야별 목록을 확인할 수 있습니다.

2.개별 사료 클릭시 상세화면으로 이동합니다.

상세 화면 – 한면으로 보기

1.시대별/분야별 목차를 확인할 수 있고, 다른 사료로 바로 이동할 수 있습니다. 숨기기/열기 버튼을 이용해 닫거나 열어볼 수 있습니다.

2.각 사료에 대한 국문, 원문, 해설, 참고자료 정보를 4개의 탭으로 열람할 수 있습니다.

3.두 가지 정보를 비교해 볼 수 있는 ‘나란히 보기’ 화면으로 이동합니다. 드롭박스를 통해 열람하고자 하는 정보를 선택할 수 있습니다.

4.폰트 조정, 인쇄, 목록, 오류신고, 이전/다음 사료로 이동 등의 툴바 기능을 이용할 수 있습니다.

목록화면

1.시대에 따른 분야별 사료 목록이 배열됩니다.

2.메인 화면 및 시대별 목록을 열람할 수 있습니다.

3.상세 사료 목록을 펼침/닫힘 버튼을 통해 이용할 수 있습니다.",,,,https://contents.history.go.kr/front/hm/view.do?levelId=hm_163_0070,사료로 본 한국사\items\hm_age_80_현대\hm_ty_040_문화\hm_163_0070_국립서울대학교 창립안.md
1124,hm_age_80,현대,hm_ty_040,문화,hm_164_0010,정비석의 소설 자유부인을 둘러싼 논쟁,현대 > 문화 > 현대 사회의 변화 > 정비석의 소설 자유부인을 둘러싼 논쟁,"○『자유부인』 작가에게 드리는 말

황산덕

참다 못하여 붓을 들어 일면식도 없는 귀하에게 몇 마디를 올리겠습니다.

저는 귀하와의 동일한 사업에 종사하고 있는 소위 문화인은 아니기 때문에 귀하가 우리나라 문학계에서 차지하고 있는 지위라든가 또는 귀하의 작품의 문학적 가치라든가에 관하여는 전혀 아는 바가 없습니다. 뿐만 아니라 지금 문제가 되어 있는 귀하의 작품 『자유부인』까지도 저는 아직 읽어본 적이 없습니다. 그처럼 저는 귀하를 인간적으로나 또는 작품을 통하여서나 전혀 아는 바가 없는 것입니다.

그러나 어찌 된 일인지 요사이 대학에 나아가면 이곳저곳에서 귀하를 원망하고 비난하는 저주(咀呪)하는 말소리가 매일같이 들려옵니다. 그래 저도 그 욕설을 방청하는 동안에 자연히 귀하가 쓰신 작품의 스토오리까지 알게 되었습니다. 그만큼 귀하는 지금 대학 관계자들 중에서 어떤 의미로 유명해진 것입니다.

……(중략)……

이러한 대학교수를 상대로 귀하는 도하(都下) 일류신문의 연재소설에서 갖은 재롱을 다 부려가면서 모욕하고 있는 것입니다. 대학교수를 양공주(洋公主) 앞에 굴복시키고 대학교수 부인을 대학생의 희생물로 삼으려고 하고 있습니다.

……(중략)……

귀하가 가슴에 손을 대고 양심껏 반성해 보시면 아실 것입니다마는 오늘날 우리나라의 대학교수는 다행히도 그렇게 부패하지는 않았습니다. 더구나 그 대학교수의 부인들은 봉건적 가정주부의 모습을 가장 많이 유지하고 있는 것입니다. 뜻있는 인사는 이런 것을 잘 알고 있습니다. 우리 민족에 앞으로 새싹이 트게 된다면 그것은 이러한 대학교수와 그 밑에서 배우는 대학생의 손에 달릴 것이라고 모두들 생각하고 있으며 이러한 대학교수가 아직 부패하지 않은 데 대하여 우리 민족은 크게 희망을 가지고 있는 것입니다.

……(중략)……

배짱도 좋고 예술도 좋으나 귀하 개인의 자제의 장래의 교육만이라고 생각하시고 그리고 귀하의 대작 『홍길동전』을 읽는 수십만 중학생의 장차의 진학을 위해서라도 대학교수를 사회적으로 모욕하는 무의미한 소설만은 쓰지 말아 주시길 앙망(仰望)하나이다. (필자는 서울대학교 법대교수)

『대학신문』, 1954년 3월 1일, 「자유부인 작가에서 드리는 말」

탈선적(脫線的) 시비를 박(駁)함

『자유부인』 비난문을 읽고 황산덕(黃山德) 교수에게 드리는 말

정비석

방금 본지에 연재 중인 졸작 『자유부인』에 대하여 귀하가 본인에게 주신 공개 비난문(『대학신문』 3월 1일부 제69호 게재)은 잘 읽었습니다. 본인은 직업이 소설가인 만큼 25년간 작품을 발표해오는 동안에 그 작품 속에 취급된 부류의 인사들한테서 터무니없는 비난을 받아온 일이 지금까지 한두 번이 아니었습니다. 그러나 그러한 지탄의 거의 전부가 문학을 전연 이해하지 못하는 데서 오는 일종의 사적 흥분에 불과하기에 본인은 그런 터무니없는 지탄을 일체 묵살해왔습니다.

……(중략)……

귀하의 비난도 터무니없는 점에 있어서는 다른 무명인사들의 그것과 조금도 다름이 없었다는 말씀입니다. 그러기에 본인의 평소의 신념으로서는 귀하께 대해서는 당연히 침묵을 지켜야 옳을지 모르겠습니다마는 대학교수이신 귀하에게 대한 예우를 생각해서 이번만은 몇 마디의 답변을 드리기로 합니다.

그런데 여기서는 구태여 문학론을 전개할 것 없이 남의 작품을 비난하는 데 있어서의 귀하의 불성실한 태도만을 몇 가지 거론하겠습니다.

첫째, 귀하는 『자유부인』을 “아직 읽어본 일도 없으면서” 뜬소문에 의하여 “「스토리」만 안다”는 정도의 비난을 퍼부으셨다는 점입니다. 이것은 참말 기막힌 말씀입니다. 적어도 남의 작품을 비난(비평이 아님)하자면 그 작품을 한번쯤은 충실히 읽어보고 붓을 드는 것이 작가에게 대한 예의일 뿐만 아니라 귀하의 의무이기도 할 터인데 귀하는 읽어보지도 않고 노발대발하면서 『자유부인』을 중단하라는 호령을 내리셨으니 이 무슨 탈선적 발언입니까.

……(중략)……

가령 귀하는 “대학교수를 양공주에게 굴복”시켰다고 개탄하셨는데, 본인이 지금 쓰고 있는 『자유부인』에 양공주가 등장한 일은 한 번도 없었습니다. 이 무슨 허무맹랑한 허위날조이십니까. 추측컨대 미군부대에 영문 “타이피스트”로 다니는 “박은미”이라는 여성을 가리켜 그렇게 말씀하신 것 같은데 귀하는 설마 미군부대에 다니는 직업여성을 모조리 양공주라고 생각하지는 않으시겠지요?

……(중략)……

좀더 침착히 좀더 냉정히 좀더 성실한 학자적 태도로 작품을 음미해주시기 바랍니다. “가슴에 손을 대고 양심껏 반성해보라”는 귀하의 말씀은 고스란히 그대로 귀하에게 반환하고 이제부터나마 『자유부인』을 애독해주신다면 매우 다행이겠습니다.

『서울신문』, 1954년 3월 11일, 「탈선적 시비를 박함 - 자유부인 비난문을 읽고 황산덕 교수에게 드리는 말」

○「自由夫人」 作家에게 드리는 말

黃山德

참다 못하여 붓을 들어 一面識도 없는 貴下에게 몇 마디를 올리겠읍니다.

저는 貴下와의 同一한 事業에 종事하고 있는 所謂 文化人은 아니기 때문에 貴下가 우리나라 文學계에서 차지하고 있는 地位라든가 또는 貴下의 作品의 文學的 價値라든가에 關하여는 全혀 아는 바가 없읍니다. 뿐만 아니라 지금 問題가 되어 있는 貴下의 作品 『自유夫人』까지도 저는 아직 읽어본 적이 없읍니다. 그처럼 저는 貴下를 人間的으로나 또는 作品을 通하여서나 全혀 아는 바가 없는 것입니다.

그러나 어찌 된 일인지 요사히 大學에 나아가면 이곳저곳에서 貴下를 원망하고 非難하는 咀呪하는 말소리가 每日같이 들려옵니다. 그래 저도 그 욕說을 傍聽하는 동안에 자然히 貴下가 쓰신 作品의 스토오리까지 알게 되었읍니다. 그만큼 貴下는 지금 大學 關係者들 중에서 어떤 意味로 有名해진 것입니다.

……(중략)……

이러한 大學敎授를 상對로 貴下는 都下 一流新문의 연재小說에서 가진 재롱을 다 부려가면서 侮辱하고 있는 것입니다. 大學敎授를 洋公主 앞에 屈服시키고 大學校부 夫人을 大學生의 희생物로 삼으려고 하고 있읍니다.

……(중략)……

貴下가 가슴에 손을 대고 良心껏 反省해 보시면 아실 것입니다마는 오늘날 우리나라의 大學敎授는 多幸히도 그렇게 부패하지는 않었읍니다. 더구나 그 大學敎授의 夫人들은 봉건的 가庭主婦의 모습을 가장 많이 維지하고 있는 것입니다. 뜻있는 人士는 이런 것을 잘 알고 있읍니다. 우리 民族에 앞으로 새싹이 트게 된다면 그것은 이러한 大學敎授와 그 밑에서 배우는 大學生의 손에 달릴 것이라고 모두들 생각하고 있으며 이러한 大學敎授가 아직 부패하지 않은 데 대하여 우리 民族은 크게 希望을 가지고 있는 것입니다.

……(중략)……

뱃장도 좋고 藝術도 좋으나 貴下 個人의 子弟의 將來의 敎育만이라고 생각하시고 그리고 貴下의 大作 『洪吉童傳』을 읽는 數十萬 중學生의 將次의 進學을 위해서라도 大學校수를 社會的으로 모욕하는 무의미한 小說만은 쓰지 말아 주시길 仰망하나이다. (筆者는 서울大學校 法大敎授)

『대학신문』, 1954년 3월 1일, 「자유부인 작가에서 드리는 말」

○ 脫線的 是非를 駁함

『自由夫人』 批難文을 읽고 黃山德 敎授에게 드리는 말

鄭飛石

方今 本誌에 連載 中인 拙作 『自由夫人』에 對하여 貴下가 本人에게 주신 公開 批難文(大學新聞 三月 一日付 第六十九號 揭載)은 잘 읽었읍니다. 本人은 職業이 小說家인 만큼 二十五年 간 作品을 發表해오는 동안에 그 作品 속에 取扱된 部類의 人士들한테서 터무니없는 非難을 받아온 일이 지금까지 한두번이 아니었읍니다. 그러나 그러한 指彈의 거의 全部가 文學을 全然 理解하지 못하는 데서 오는 一種의 私的 興奮에 不過하기에 本人은 그런 터무니없는 指彈을 一切 黙殺해왔읍니다.

……(중략)……

貴下의 非難도 터무니없는 點에 있어서는 다른 無名人士들의 그것과 조금도 다름이 없었다는 말씀입니다. 그러기에 本人의 平素의 信念으로서는 貴下께 대해서는 당연히 침묵을 지켜야 옳을지 모르겠읍니다마는 大學敎授이신 貴下에게 對한 禮遇를 생각해서 이번만은 몇 마디의 答辯을 드리기로 합니다.

그런데 여기서는 구태여 文學論을 展開할 것 없이 남의 作品을 非難하는데 있어서의 貴下의 不誠實한 態度만을 몇 가지 擧論?하겠읍니다.

첫째, 貴下는 『自由夫人』을 『아직 읽어본 일도 없으면서』 뜬소문에 依하여 『「스토오리」만 안다』는 程度의 非難을 퍼부으셨다는 點입니다. 이것은 참말 기막히는 말씀입니다. 적어도 남의 作品을 非難(批評이 아님)하자면 그 作品을 한번쯤은 忠實히 읽어보고 붓을 드는 것이 作家에게 대한 禮儀일 뿐만 아니라 貴下의 義務이기도 할 터인데 貴下는 읽어보지도 않고 怒發大發하면서 『自由夫人』을 中斷하라는 號令을 내리셨으니 이 무슨 脫線的 發言입니까

……(중략)……

가령 貴下는 『大學敎授를 洋公主에게 屈服』시켰다고 憤慨하셨는데, 本人이 지금 쓰고 있는 『自由夫人』에 洋公主가 登場한 일은 한번도 없었읍니다. 이 무슨 虛無孟浪한 虛僞捏造이십니까. 推測컨대 美軍部隊에 英文 『타이피스트』로 다니는 『朴恩美』이라는 女性을 가리켜 그렇게 말씀하신 것 같은데 貴下는 설마 美軍部隊에 다니는 職業女性을 모조리 洋公主라고 생각하지는 않으시겠지요?

……(중략)……

좀더 沈着히 좀더 冷靜히 좀더 誠實한 學者的 態度로 作品을 吟味해주시기 바랍니다. 『가슴에 손을 대고 良心껏 反省해보라』는 貴下의 말씀은 고스란히 그대로 貴下에게 返還하고 이제부터나마 『自由夫人』을 愛讀해주신다면 甚幸이겠읍니다.

『서울신문』, 1954년 3월 11일, 「탈선적 시비를 박함 - 자유부인 비난문을 읽고 황산덕 교수에게 드리는 말」

이 사료는 소설가 정비석(鄭飛石, 1911~1991)이 『서울신문』에 연재한 소설 『자유부인』에 대해 벌어진 논쟁을 다루고 있다. 『자유부인』은 1954년 1월 1일부터 같은 해 8월 6일까지 총 215회에 걸쳐 『서울신문』에 연재되었으며, 연재가 끝날 때까지 독자들의 폭발적인 관심을 받았다. 소설이 연재되는 동안 『서울신문』의 판매 부수는 대폭 증가했으며, 연재가 끝난 이후 발매된 단행본은 14만부가 팔려 대한민국 출판 사상 최초로 판매량 10만 부를 넘긴 베스트셀러가 되었다. 또한 『자유부인』은 세 차례 영화로도 제작되어 흥행 1위를 기록하며 큰 인기를 누리기도 했다.

『자유부인』은 대학교수의 부인이 가정에서 벗어나 자유를 누리다 탈선의 길로 빠진다는 내용을 담고 있다. 이 작품에서 주인공 오선영은 국문학과 교수 장태연의 부인이자 두 아이를 키우는 어머니이다. 그녀는 사교 모임에 참석하여 바깥 세계의 화려한 모습을 접하고, 자유와 부에 대한 욕망을 느낀다. 화려한 바깥 세계에 물들어가던 오선영은 사교춤을 배우기 위해 만난 남편의 제자 신춘호와 ‘춤바람’이 나고, ‘댄스홀’에도 출입한다. 한편 장태연은 미군기지에서 타이피스트(Typist)로 일하던 박은미에게 호감을 갖게 된다. 오선영은 신춘호에게 버림받고, 뒤이어 만난 한태석과의 관계도 틀어지자 갈 곳을 잃고 방황한다. 결국 오선영은 남편에게로 돌아가고, 장태연은 그런 아내를 용서하며 받아준다.

정비석의 『자유부인』은 한국전쟁 이후 한국사회의 혼란스러운 생활세계와 사회상을 반영한 작품이다. 소설 속에는 화려한 서울 시내의 모습·고급 공무원의 생활·상류층 여성들의 생활상과 윤리·도시의 대중문화 등이 담겨 있다. 1950년대 서울은 전후 복구 과정에서 미국으로부터 유입된 서구 문화를 흡수하는 창구 역할을 했다. 또한 전후 도시로의 인구집중 현상은 서울 도시사회의 혼란을 가중시켰다. 이와 같은 혼란상 속에서 기존의 가치관이나 윤리관의 변화가 발생했는데, 이러한 변화를 잘 표현하는 용어가 ‘자유부인’이다. 자유부인은 기존의 기혼 여성들과는 달리 가정과 사회의 경계를 자유롭게 넘나들 수 있는 자유를 가진 상류층 기혼 여성들을 일컫는 말이었다. 그러나 오선영이 다시 남편과 가정의 품으로 돌아간다는 소설의 결말에서 알 수 있듯이, ‘자유부인’의 ‘자유’는 기존의 가부장적 윤리관을 완전히 넘어설 수 없는 것이었다.

이 소설은 대학교수들을 비롯한 엘리트계층의 큰 반발을 불러왔다. 『자유부인』이 연재 중이었던 1954년 3월 1일, 서울대학교 법과대학 황산덕(黃山德, 1917~1989) 교수는 『대학신문』에 「자유부인 작가에게 드리는 말」이라는 제목의 공개 비난문을 실었다. 이 글에서 황산덕 교수는 『자유부인』이 대학교수와 그 부인들을 모독한다고 비판하였다. 또한 『자유부인』과 같은 소설은 청소년들의 교육에도 도움이 되지 않으며, 민족문화의 권위를 모욕한다고 주장했다. 당시 사회 지도층 인사들은 『자유부인』을 “중공군 40만 명보다 더 무서운 해독을 끼치는 소설”, “북괴의 사주로 남한의 부패상을 낱낱이 파헤치는 이적 소설”이라고 혹평했다. 이에 작가 정비석은 3월 11일자 『서울신문』에 「탈선적 시비를 박(駁)함」이라는 제목의 반박문을 발표했다. 그는 황산덕 교수가 자신의 작품을 제대로 읽지도 않고 비난을 가한다며 반박하였다.

이에 황산덕 교수는 3월 14일자 󰡔서울신문󰡕에　「다시 자유부인 작가에게-항의에 대한 답변」을 실어 재반박하였고, 이후 홍순엽(洪淳曄, 1911~1992) 변호사가 3월 21일자 󰡔서울신문󰡕에 「자유부인 작가를 변호함」을, 문학평론가 백철(白鐵, 1908~1985)이 3월 29일 󰡔서울신문󰡕에 「문학과 사회와의 관계」를 발표하면서 이후 이 논쟁은 작가의 윤리와 창작의 자유, 신문소설의 대중성과 예술성 등의 주제로 확대되었다.

이 글의 내용은 집필자의 개인적 견해이며, 국사편찬위원회의 공식적 견해와 다를 수 있습니다.

참고문헌

논문

강상희, 「계몽과 해방의 미시사 – 정비석의 『자유부인』」, 『한국근대문학연구』 24, 2011.
오태영, 「전후 여성의 이동과 (반)사회적 공간의 형성 – 정비석의 『자유부인』과 손소희의 『태양의 계곡』을 중심으로」, 『현대문학의 연구』 72, 2020.
임선애, 「한국사상(문학): 전후 여성지식인, 자유부인의 결혼과 일탈 – 정비석의 〈자유부인(自由夫人)〉을 중심으로」, 『한국사상과 문화』 31, 2005.
한승우, 「정비석의 소설 『자유부인』과 ‘박인수 사건’을 통해 본 신문 매체의 전후여성 담론」, 『인문사회21』 10(1), 2019.

편저

김현주, 「욕망을 금기하는 욕망: 정비석, 『자유부인』 읽기」, 『한국소설 다시 읽기』(한국근대문학관 기획), 홍시, 2019.
이하나, 「전쟁미망인 그리고 자유부인」, 『한국현대 생활문화사 1950년대: 삐라 줍고 댄스홀 가고』(김성보‧김종엽‧이혜령‧허은‧홍석률 기획), 창비, 2016.
정비석 지음, 추선진 엮음, 『自由夫人』, 지식을만드는지식, 2010.

[https://www.history.go.kr/contents/contentsPage.do?groupId=000000000571&menuId=000000000574&pageId=000000000213]
저작권 정책

[https://www.history.go.kr/contents/contentsPage.do?groupId=000000000931&menuId=000000000992&pageId=000000000541]
데이터 개방

[https://www.history.go.kr/contents/contentsPage.do?groupId=000000000571&menuId=000000000572&pageId=000000000211]
개인정보처리방침

13809 경기도 과천시 교육원로 86 국사편찬위원회

COPYRIGHT © NATIONAL INSTITUTE OF KOREAN HISTORY ALL RIGHT RESERVED.

오류신고

본 사이트 자료 중 잘못된 정보를 발견하였거나 사용 중 불편한 사항이 있을 경우 알려주십시오. 이용자의 참여가 사이트 가치 향상에 큰 도움이 됩니다.

사이트 하단의 ‘오류신고’ 메뉴를 이용하시면 신고 내용의 적용여부를 확인하실 수 있습니다.

개인정보는 삭제하오니 유념하시기 바랍니다.

자료명

사료로 본 한국사

자료위치

https://contents.history.go.kr/id/hm_164_0010

제목

오류유형

오류내용

이름

자동입력 방지문자

소개

한국사를 이해하는 데 토대가 되는 주요 사료를 각 시대와 분야별로 선별하여, 원문과 번역문, 해설과 참고 자료를 함께 서비스하고 있습니다.
이를 통해 어려운 역사 자료에 좀 더 쉽게 접근할 수 있도록 하였습니다.

일러두기

1.한 편의 사료는 국문, 원문, 해설, 참고자료의 4가지 요소로 구성하였습니다.

2.사료의 종류는 [삼국사기], [삼국유사], 『고려사』, 『조선왕조실록』 등의 1차 사료(史料)를 비롯해 개인 문집, 금석문, 신문, 판결문, 선언문 등에 이르기까지 매우 다양합니다.

3.국문은 원문에 수록된 사료를 우리말로 번역하여 수록하였습니다. 사료의 상당수는 한문이며, 영어, 일본어 등도 포함되어 있습니다. 또한 근·현대 사료 또한 한자를 많이 사용하여 일반인이 접근하기가 어려우므로 이를 이용자가 쉽게 이해할 수 있도록 현대 한국어에 맞게 번역하였습니다.

4.해설 중에서 추가 설명이 필요한 역사 용어의 경우 글자를 별색으로 표기하였습니다. 보라색은 해당 글자에 마우스를 갖다 대면 간략한 설명이 제공되며, 파란색은 클릭하면 ‘교과서 용어 해설’ 및 ‘한국사 연대기’ 등의 관련 자료로 연계되도록 하였습니다.

5.참고 자료에서는 사료와 관련된 연구 논문과 저서 목록을 수록하였고, 해당 사료의 원문과 번역문을 직접 확인할 수 있도록 관련 사이트도 연계하였습니다.

DB 구축 참여자(2012~2013)

시기 구분
기획
집필
교열
윤문
자료 총괄
구축 년도

삼국 이전
삼국 시대
전미희
류주희
이규리
문동석
이정빈
이현태
장종진
장청화
이계형
2012

박남수
홍기승
문동석
이현태
장종진
김경복
장청화
2013

통일 신라와 발해
전미희
류주희
이규리
김창겸
김덕원
전경숙
장청화
이계형
2012

박남수
홍기승
문동석
이현태
장종진
김경복
장청화
2013

고려 시대
전미희
류주희
이규리
한정수
손민호
황영수
전경숙
장청화
이계형
2012

류주희
홍기승
한정수
김가람
김경복
장청화
2013

조선 시대
전미희
류주희
이규리
이경찬
박귀미
이기명
이화영
이근호
장청화
이계형
2012

이규리
홍기승
이근호
김가람
김경복
장청화
2013

근대
전미희
류주희
이규리
은정태
홍문기
최보영
장청화
이계형
2012

염복규
은정태
홍동현
김경복
장청화
2013

현대
전미희
류주희
이규리
박미경
이관형
김진흠
장청화
이계형
2012

김점숙
이정은
홍동현
김경복
장청화
2013

DB 구축 참여자(2023~)

시기 구분
기획
집필
교열
감수
구축연도

근대
신재호

이주호

곽금선, 김명섭, 김상연, 김상훈, 김영진, 김진혁, 김호걸, 노성룡, 박주영, 송영화, 이양희, 이지은,

임동현, 최용준, 한보람, 한승훈, 한애라, 한준호, 홍수연

이명학
정일영
2023

현대

곽경상, 김상규, 김상연, 김재웅, 김진혁, 서홍석, 신재준, 예대열, 이길중, 이지완, 정무용

김태윤
김아람

근대
신재호

이주호

곽금선, 박주영, 박한민, 이양희, 이지은, 임동현,

주동빈, 최용준, 한보람, 한승훈, 한애라, 한준호

이명학
양진아
2024

현대

김상연, 김청강, 예대열, 이길중, 이지완

김아람

삼국
신재호

홍선이

권순홍, 김기민, 김지현, 나유정, 이종록

이준성
이정빈
2025

DB 고도화 참여자(2022~)

시기 구분
기획
해설 집필
해설 교열
감수
구축연도

근대
신재호

이홍구

곽금선, 김기성, 김명섭, 김명재, 김명환, 김상훈, 김소영, 김영진, 김헌주, 남기현, 류동연, 박순섭,

박주영, 박한민, 성주현, 송영화, 심철기, 양진아, 이성우, 이양희, 이지은, 임인재, 최보민, 최보영,

최우석, 한보람, 한승훈, 한준호

박은숙

정일영

한승훈
김도형
2022

현대

김대현, 김동주, 문민기, 박경렬, 이재석, 이지완

박광명

임광순
김아람

김태우

조선 전기
신재호

이주호

신동훈, 양정현, 윤승희, 이경동, 이상민, 이지훈

서민주
나영훈
2024

조선 후기

도주경, 문광균, 오승관, 윤민경, 임성수, 채홍병

이행묵
박범

삼국 이전
신재호

홍선이

권순홍, 김기민, 김세진, 김지현, 나유정, 이종록

이준성
이정빈
2025

고려

김도연, 김보광, 김수연, 김종혁, 김지영, 김진곤,
김효섭, 박수찬, 안주영, 오경석, 오치훈, 이민기,
이바른, 이상민, 이창섭, 정동훈, 최은규, 현수진

이현경

황향주
한정수

최종석

메인 화면

1.교양 우리 역사 메뉴 내의 콘텐츠로 이동할 수 있습니다.

2.시대별 분야에 따른 사료 목록을 확인할 수 있습니다.

3.사료로 본 한국사 내 자료를 검색할 수 있습니다.

분류별 목록 화면

1.시대에 따른 분야별 목록을 확인할 수 있습니다.

2.개별 사료 클릭시 상세화면으로 이동합니다.

상세 화면 – 한면으로 보기

1.시대별/분야별 목차를 확인할 수 있고, 다른 사료로 바로 이동할 수 있습니다. 숨기기/열기 버튼을 이용해 닫거나 열어볼 수 있습니다.

2.각 사료에 대한 국문, 원문, 해설, 참고자료 정보를 4개의 탭으로 열람할 수 있습니다.

3.두 가지 정보를 비교해 볼 수 있는 ‘나란히 보기’ 화면으로 이동합니다. 드롭박스를 통해 열람하고자 하는 정보를 선택할 수 있습니다.

4.폰트 조정, 인쇄, 목록, 오류신고, 이전/다음 사료로 이동 등의 툴바 기능을 이용할 수 있습니다.

목록화면

1.시대에 따른 분야별 사료 목록이 배열됩니다.

2.메인 화면 및 시대별 목록을 열람할 수 있습니다.

3.상세 사료 목록을 펼침/닫힘 버튼을 통해 이용할 수 있습니다.",,,,https://contents.history.go.kr/front/hm/view.do?levelId=hm_164_0010,사료로 본 한국사\items\hm_age_80_현대\hm_ty_040_문화\hm_164_0010_정비석의 소설 자유부인을 둘러싼 논쟁.md
1125,hm_age_80,현대,hm_ty_040,문화,hm_164_0015,새로운 옷감과 의복 유행,현대 > 문화 > 현대 사회의 변화 > 새로운 옷감과 의복 유행,"…(전략)…

　양장 차림의 양공주 출현

　오십 년대까지도 여자들은 나들이할 때나 살림할 때나 주로 한복을 입었다. 처녀 때는 기장이 짧은 통치마에다 구두를 신었고, 시집가면 긴 치마에 버선과 고무신을 신었다. 집에서 일할 때는 저고리 소매를 걷고 긴 치마꼬리를 앞으로 당겨 가뜬하게 허리띠를 졸라매면 되었다. 허리띠로 남편의 헌 넥타이를 매는 게 유행처럼 번진 적도 있었다.

　외국 군인들이 많이 주둔해 있던 전후라 양공주라 불리는 특수한 직업여성들의 수효도 만만치 않았다. 그들은 직업상 거의 양장을 했기 때문에 양장에 입술만 좀 빨갛게 칠해도 양공주로 보는 경우가 많았다. 그래서 한복은 일단 여염집 여자라는 표시도 되었다. 길에 거지와 소매치기가 벌산을 할 때였다. 소년들이 목판에다 양담배 껌 따위를 들고 팔러 다니다가 기회 봐서 소매치기나 구걸을 하기도 했다. 그들의 좋은 표적이 양공주였다. 양공주라는 감만 잡으면 준비한 오물을 옷에 묻히겠다고 위협해 가며 돈을 갈취하다시피 했다.

　안방까지 파고든 ‘비로도’의 물결

　그때나 이때나 우리는 옷사치를 밝히는 민족인 듯 아직 피해복구가 안되어 여기저기 폐허가 널려 있는 서울에서 오히려 한복사치는 그 어느 때보다도 극성맞았던 것으로 기억된다. 그 처참했던 한국전쟁이 일본 경제에 얼마나 큰 공헌을 했을까는 당시의 한복지만 생각해도 쉽사리 짐작이 된다. 한복 유행을 거의 광적으로 휩쓴 ‘비로도’만 해도 모조리 일제였으니 말이다. ‘비로도’ 치마에 양단 저고리면 최고의 사치요 정장이었다. 양단 역시 일제였다.

　유행 때문에 밀리긴 했지만 한복의 우아함을 살리는 데나 실용성에서나 양단이나 ‘비로도’보다 훨씬 나아 일제 강점기부터 꾸준히 한복감으로 사랑받아온 뉴똥도 역시 일제였다. 국산 옷감은 가내공업으로 생산되는 인조견과 소창, 광목 정도밖에 없을 적이었다. 나는 오십 년대에 혼인했기 때문에 채단으로 역시 남색과 포도주색의 ‘비로도’를 받아 남들로부터 채단 좋은 것 받았다는 부러움을 샀지만 곤색 ‘비로도’는 지금까지도 피륙인 채로 간직하고 있다.

　이 나이까지 살아오면서 숱한 유행의 변천을 목격하기도 하고 따라 하기도 했지만 ‘비로도’ 치마처럼 무분별하고 광적인 유행은 처음 보았고, 또 추악하고 우스꽝스럽기로도 전무후무한 유행이 아니었을까 싶다.

　‘비로도’는 당시의 피륙값으로는 가장 비싼 거였지만 도무지 옷감으로는 실용성이 없는 것이었다. 옷감으로 볼 때 ‘비로도’ 특유의 깊은 색상은 확실히 매혹적이었지만 한번 자리에 앉았다 일어서면 엉덩이가 단박 번들번들해졌다. 접었던 자리도 일단 주름이 지면 잘 펴지지 않았고 다림질을 잘못했다가는 아주 못 입게 되기 십상이었다. 그래 놓으니 벼르고 별러 장만한 단벌 ‘비로도’ 치마로 호사하고 어디 가서 앉을 때마다 신경이 쓰이는 건 당연했다. 장판방에서 엉덩이 까고 앉는 것은 그닥잖았지만(=그리 대단하지 않다) 전차 간에서 자리가 나면 우선 엉덩이부터 까고 앉는 장면은 정말 꼴불견이었다.

　다행히 깨끗한 인조 속치마가 드러나면 좀 나았지만, 치마가 통치마인 경우는 날씬해 보이라고 속치마를 안 입는 경우도 많았다. 내복이 변변치 않을 때였다. 기껏 잘 입어봤댔자 미군 부대에서 흘러나온 헌 군용 내복을 여자나 남자나 훗두루(=휘뚜루, 닥치는대로 대충대충) 입을 때였다. ‘비로도’ 치마를 보호하기 위해 구멍이 나거나 심지어는 누덕누덕 깁기도 한 남자 내복을 거침없이 드러내면서 엉덩이를 깠으니 유행이 뭔지.

…(중략)…

　의생활의 혁명 - ‘나일론’

　오십년대에 잊을 수 없는 사건으로 화학 섬유의 등장 또한 빠뜨릴 수가 없다. 제일 처음 등장한 나일론 섬유의 인기는 가히 선풍적이었다. 순식간에 ‘비로도’를 물리치고 최고급 피륙 노릇을 했다. 올이 거미줄처럼 가볍고 철사처럼 질길 뿐 아니라, 다양하고 화사하고 세련된 색상은 여지껏의 어떤 섬유하고도 비교할 수 없는 매혹적인 것이었다. 게다가 빨면 쉬 마르고 다림질할 필요가 없다는 것은 가히 의생활의 혁명이었다.

　초기에 들어온 나일론 섬유가 거의 살이 비치는 얇은 거여서 우리는 그게 얼마나 습기를 흡수하지 못하고, 통풍성이 형편없는 덥고 끈끈한 옷인 줄 헤아릴 새도 없이, 여름 옷감이라 속단하고 말았다. 너도나도 까다로운 모시옷은 뚝 잘라 행주나 만들고, 꽃구름 같은 나일론으로 치마저고리를 지어서 뽐내고 입고 다녔다.

　참외도 종자를 개량해 맛이 좋으니까 나일론 참외라고 명명할 만큼 나일론의 전성시대였다. 질기다고 마냥 입을 필요도 없었다. 깔깔이, 망사 등 새록새록 섬세하고 우아한 직물이 쏟아져 들어왔다.

　실컷 멋 부리고 싶은 욕구를 충족시켜 준 것 말고 나일론이 우리 의생활에 크게 기여한 건 아마 나일론 양말이었을 것이다. 여자들의 살 스타킹은 외래품이지만 이미 전쟁 중에 널리 퍼졌다. 그러나 남자나 아이들이 일상적으로 신는 양말을 처음 우리 기술로 짜서 선보인 것은 오십 년대 말이었다. 그거야말로 놀랍고도 획기적인 일이었다. 밤이면 흐릿한 전깃불 밑에서 끊어진 전구를 뒤꿈치에 대고 식구들 양말 깁는 일이 큰일이었던 주부들에게 신어도 신어도 해지지 않는 나일론 양말은 꿈의 섬유였다.

　불과 삼사십 년 전 일이건만 전구를 대고 양말 깁던 일은 아득한 옛날얘기 같다. 누가 혹시 풍속화에라도 남겨놓았다면 모를까, 미구에 영영 잊혀지고 말테지. 구질구질한 걸 누가 풍속화에 담았으랴. 구질구질한 것은 지딱지딱 기억에서 지워버리는 게 조금이나마 덜 구질구질하게 사는 방법인 것을.

박완서, 「1950년대 - ‘미제문화’와 ‘비로도’가 판치던 거리」, 『역사비평』 15(1991년 여름)

…(전략)…

　양장 차임의 양공주 출현

　오십년대까지도 여자들은 나들이할 때나 살림할 때나 주로 한복을 입었다. 처녀 때는 기장이 짧은 통치마에다 구두를 신었고, 시집가면 긴 치마에 버선과 고무신을 신었다. 집에서 일할 때는 저고리 소매를 걷고 긴 치마꼬리를 앞으로 당겨 가뜬하게 허리띠를 졸라매면 되었다. 허리띠로 남편의 헌 넥타이를 매는 게 유행처럼 번진 적도 있었다.

외국군인들이 많이 주둔해 있던 전후라 양공주라 불리는 특수한 직업여성들의 수효도 만만치 않았다. 그들은 직업상 거의 양장을 했기 때문에 양장에 입술만 좀 빨갛게 칠해도 양공주로 보는 경우가 많았다. 그래서 한복은 일단 여염집 여자라는 표시도 되었다. 길에 거지와 소매치기가 벌산을 할 때였다. 소년들이 목판에다 양담배껌 따위를 들고 팔러 다니다가 기회 봐서 소매치기나 구걸을 하기도 했다. 그들의 좋은 표적이 양공주였다. 양공주라는 감만 잡으면 준비한 오물을 옷에 묻히겠다고 위협해가며 돈을 갈취하다시피 했다.

　안방까지 파고든 ‘비로도’의 물결

　그때나 이때나 우리는 옷사치를 밝히는 민족인 듯 아직 피해복구가 안되어 여기저기 폐허가 널려 있는 서울에서 오히려 한복사치는 그 어느때보다도 극성맞았던 것으로 기억된다. 그 처참했던 한국전쟁이 일본경제에 얼마나 큰 공헌을 했을까는 당시의 한복지만 생각해도 쉽사리 짐작이 된다. 한복 유행을 거의 광적으로 휩쓴 ‘비로도’만 해도 모조리 일제였으니 말이다. ‘비로도’ 치마에 양단 저고리면 최고의 사치요 정장이었다. 양단 역시 일제였다.

　유행 때문에 밀리긴 했지만 한복의 우아함을 살리는 데나 실용성에서나 양단이나 ‘비로도’보다 훨씬 나아 일제 강점기부터 꾸준히 한복감으로 사랑받아온 뉴똥도 역시 일제였다. 국산 옷감은 가내공업으로 생산되는 인조견과 소창, 광목 정도밖에 없을 적이었다. 나는 오십년대에 혼인했기 때문에 채단으로 역시 남색과 포도주색의 ‘비로도’를 받아 남들로부터 채단 좋은 것 받았다는 부러움을 샀지만 곤색 ‘비로도’는 지금까지도 피륙인 채로 간직하고 있다.

　이 나이까지 살아오면서 숱한 유행의 변천을 목격하기도 하고 따라하기도 했지만 ‘비로도’ 치마처럼 무분별하고 광적인 유행은 처음 보았고, 또 추악하고 우스꽝스럽기로도 전무후무한 유행이 아니었을까 싶다.

‘비로도’는 당시의 피륙값으로는 가장 비싼 거였지만 도무지 옷감으로는 실용성이 없는 것이었다. 옷감으로 볼 때 ‘비로도’ 특유의 깊은 색상은 확실히 매혹적이었지만 한번 자리에 앉았다 일어서면 엉덩이가 단박 번들번들해졌다. 접었던 자리도 일단 주름이 지면 잘 펴지지 않았고 다림질을 잘못했다가나 아주 못입게 되기 십상이었다. 그래 놓으니 벼르고 별러 장만한 단벌 ‘비로도’ 치마로 호사하고 어디 가서 앉을 때마다 신경이 쓰이는 건 당연했다. 장판방에서 엉덩이 까고 앉는 것은 그닥잖았지만 전차간에서 자리가 나면 우선 엉덩이부터 까고 앉는 장면은 정말 꼴불견이었다.

　다행히 깨끗한 인조 속치마가 드러나면 좀 나았지만 치마가 통치마인 경우는 날씬해 보이라고 속치마를 안 입는 경우도 많았다. 내복이 변변치 않을 때였다. 기껏 잘 입어봤댔자 미군부대에서 흘러나온 헌 군용내복을 여자나 남자나 훗두루 입을 때였다. ‘비로도’ 치마를 보호하기 위해 구멍이 나거나 심지어는 누덕누덕 깁기도 한 남자 내복을 거침없이 드러내면서 엉덩이를 깠으니 유행이 뭔지.

…(중략)…

　의생활의 혁명 - ‘나일론’

　오십년대에 잊을 수 없는 사건으로 화학섬유의 등장 또한 빠뜨릴 수가 없다. 제일 처음 등장한 나일론 섬유의 인기는 가히 선풍적이었다. 순식간에 ‘비로도’를 물리치고 최고급 피륙노릇을 했다. 올이 거미줄처럼 가볍고 철사처럼 질길 뿐 아니라, 다양하고 화사하고 세련된 색상은 여지껏의 어떤 섬유하고도 비교할 수 없는 매혹적인 것이었다. 게다가 빨면 쉬 마르고 다림질할 필요가 없다는 것은 가히 의생활의 혁명이었다.

　초기에 들어온 나일론 섬유가 거의 살이 비치는 얇은 거여서 우리는 그게 얼마나 습기를 흡수하지 못하고, 통풍성이 형편없는 더웁고 끈끈한 옷인 줄 헤아릴 새도 없이, 여름 옷감이라 속단하고 말았다. 너도 나도 까다로운 모시옷은 뚝 잘라 행주나 만들고, 꽃구름 같은 나일론으로 치마저고리를 지어서 뽐내고 입고 다녔다.

　참외도 종자를 개량해 맛이 좋으니까 나일론 참외라고 명명할 만큼 나일론의 전성시대였다. 질기다고 마냥 입을 필요도 없었다. 깔깔이, 망사 등 새록새록 섬세하고 우아한 직물이 쏟아져 들어왔다.

　실컷 멋부리고 싶은 욕구를 충족시켜 준 것 말고 나일론이 우리 의생활에 크게 기여한 건 아마 나일론 양말이었을 것이다. 여자들의 살 스타킹은 외래품이지만 이미 전쟁중에 널리 퍼졌다. 그러나 남자나 아이들이 일상적으로 신는 양말을 처음 우리 기술로 짜서 선보인 것은 오십년대 말이었다. 그거야말로 놀랍고도 획기적인 일이었다. 밤이면 흐릿한 전기불 밑에서 끊어진 전구를 뒤꿈치에 대고 식구들 양말 깁는 일이 큰일이었던 주부들에게 신어도 신어도 해지지 않는 나일론 양말은 꿈의 섬유였다.

　불과 삼사십 년전 일이건만 전구를 대고 양말 깁던 일은 아득한 옛날 얘기 같다. 누가 혹시 풍속화에라도 남겨놓았다면 모를까, 미구에 영영 잊혀지고 말테지. 구질구질한 걸 누가 풍속화에 담았으랴. 구질구질한 것은 지딱지딱 기억에서 지워버리는게 조금이나마 덜 구질구질하게 사는 방법인 것을.

…(후략)…

박완서, 「1950년대 - ‘미제문화’와 ‘비로도’가 판치던 거리」, 『역사비평』 15(1991년 여름)

이 사료는 소설가 박완서(朴婉緖)가 『역사비평』에서 기획한 특집 「민중생활 100년사」를 통해 1950년대 생활사를 서술한 내용 중 일부이다. 필자인 박완서는 한국 소설사에서 전시 민중의 일상과 삶의 조건, 내면화된 상처를 증언했던 작가이다. 해방과 한국전쟁을 관통했던 박완서의 경험은 다수의 작품을 통해 구체적으로 묘사가 되며 한국 현대 생활사의 일면을 사실적으로 드러냈다고 할 수 있다.

특히 「1950년대-‘미제문화’와 ‘비로도’가 판치던 거리」에서 박완서는 도심을 가로지르던 전차, 무허가 판자촌, 정돈되지 않은 청계천, 양장 차림의 양공주, 벨벳(비로도)의 유행, 성행했던 미제 시장, 나일론 소재의 등장 등을 회고하며 1950년대의 일상생활을 글로 담아 보여주고자 했다. 전쟁과 분단, 근대화 과정을 실질적으로 겪은 박완서의 작품 세계는 한국의 역사를 일정 부분 체현하고 있는데, 이 사료에서 주목을 요하는 것은 “양장”, “비로도(벨벳)”, “나일론” 등 1950년대에 등장한 새로운 옷감과 그로 인한 의복의 변화라고 할 수 있다.

한국전쟁의 쓰라림을 딛고 재건에 나선 1950년대 후반, 미군 부대의 PX에서 흘러나온 물건들은 한국의 일상에 빠르게 녹아내렸다. 선망의 대상이었던 미제 학용품, 미제 물건으로 채운 매대와 좌판을 누비던 달러 장수 등 한국의 일상에서 미제 물건은 그 시대의 명물 중 하나였다. 미국으로 표상된 서구화는 의복에서도 예외가 아니었다. UN군으로부터 흘러나온 담요 등의 물자에 염색을 한 ‘구호품 패션’부터 낙하산 재질로 만든 블라우스까지 미국으로부터 흘러나온 물자는 한국의 의복 생활에 적지 않은 변화를 몰고 왔다.

일본으로부터 수입된 원단도 한국의 의복을 점차 바꾸어 놓았다. 속바지·속치마·침구용은 물론 여성들의 치마저고리 재료로 인기가 많았던 일제 유똥(뉴텐) 원단은 특유의 광택과 촉감 때문에 ‘물실크’라는 이름으로 드레스 유행을 이끌었다. 원조 물자에 의존했던 1950년대, 궁핍으로 점철되던 한국의 생활상에서도 의복이 패션으로 자리매김하는 양상을 보였던 것이다.

의복이 패션의 개념으로 유행하기 시작한 데에는 정비석의 소설 『자유부인』도 적잖은 영향을 끼쳤다. 1954년 『서울신문』을 통해 연재된 『자유부인』은 부유층의 탈선과 불륜을 소재로 한국 사회에 큰 반향을 불러일으킨 작품이었는데, 흥행을 토대로 1956년 영화화가 되었다. 재미있는 것은 『자유부인』에서 여주인공들이 입었던 일제의 벨벳, 속칭 비로도 소재로 만든 짧은 치마가 최고의 ‘패션’으로 인식되면서 엄청난 유행을 끌게 되었다는 것이다. 정부가 사치 규제를 목적으로 벨벳 옷감 한도를 1인당 1벌로 제한하는 ‘벨벳 옷감 제한령’을 내릴 정도로 벨벳을 사용한 의복은 여성복 시장에서 대단한 인기를 구가했다. 예컨대 당시의 잡지 『여원』은 명동을 중심으로 유행했던 여성복을 소개하는 지면이 따로 있을 정도로 새로운 옷감과 의복에 대한 관심은 지대했다.

스타일 자체보다 각광을 받은 것은는 옷의 자질, 즉 옷감이었다. 특히 대부분 밀수품이었던 벨벳은 “비로도 치마를 입지 않으면 행세를 못 할 지경”의 귀한 대접을 받는 옷감이었다. 벨벳은 한 번 생긴 자국을 원상 복구하려면 몇 차례의 손질이 필요하고 촘촘한 섬유로 인해 먼지 제거가 어려울 정도로 옷감으로서는 다소 불편함을 갖고 있었으나, 특유의 촉감과 광택은 고급 원단으로서 벨벳의 위상을 높였다.

그러던 중 1950년대 중반 이후 등장한 나일론은 새로운 유행을 한국에 몰고 왔다. 초기의 나일론은 부족한 통풍력과 오염에 취약하다는 단점에도 “거미줄보다 가늘고 강철보다 강하다”는 ‘꿈의 섬유’로서 한국의 의복을 장악하기 시작했다. 더욱이 화려한 무늬를 자랑했던 일본의 나일론은 많은 관심을 사로잡는 유행의 주역이었다. 나일론 대량 생산 설비를 갖추지 못했던 한국의 일상에서 나일론은 “몸에 걸치지 않으면 거리에 나설 자격이 없을 정도로 저마다 치장하는” 옷감이 되었다. 이처럼 나일론은 여성용 스타킹과 장갑, 스카프뿐만 아니라 각종 의복과 속옷에 이르기까지 남녀노소 모두 “나일론 바람”에 휩쓸릴 정도로 사회에 광범위하게 퍼졌다. 일반 광목 면직물보다 15배 이상 비쌌음에도 나일론은 가히 “의생활 혁명”이었다.

그러나 1950년대 사회상은 나일론에 호의적이지만은 않았다. 수입품이었던 나일론에 씌워진 것은 ‘사치품’이라는 비판적 평가였으며, 정부의 착용 금지 품목에 오르는가 하면 국산품 애용운동의 주요 배격 대상이 되기도 했다. 이후 나일론 옷감은 ‘유행’의 주요 선도자로서 지위를 잃게 되지만, 나일론이 몰고 온 생산 체계의 필요성은 1960년대 합성섬유 대량 생산 체제의 바탕이 되었다.

이 글의 내용은 집필자의 개인적 견해이며, 국사편찬위원회의 공식적 견해와 다를 수 있습니다.

참고문헌

논문

이정은, 「1950년대 나일론 유행의 정치경제적 조건과 자본의 대응」, 『역사와 담론』 100호, 호서사학회, 2021.
최선영, 「박완서 소설 속 미군 피엑스의 미국 표상과 인간상품화 양상」, 『인문학연구』 58호, 조선대학교 인문학연구원, 2019.

저서

문화관광부, 『우리 옷 이천 년』, 미술문화, 2001.
코오롱20년사편찬회, 『코오롱 20년사(1957-1977)』, 1992.

편저

홍석률 외, 『한국현대 생활문화사: 1950년대』, 창비, 2021.

[https://www.history.go.kr/contents/contentsPage.do?groupId=000000000571&menuId=000000000574&pageId=000000000213]
저작권 정책

[https://www.history.go.kr/contents/contentsPage.do?groupId=000000000931&menuId=000000000992&pageId=000000000541]
데이터 개방

[https://www.history.go.kr/contents/contentsPage.do?groupId=000000000571&menuId=000000000572&pageId=000000000211]
개인정보처리방침

13809 경기도 과천시 교육원로 86 국사편찬위원회

COPYRIGHT © NATIONAL INSTITUTE OF KOREAN HISTORY ALL RIGHT RESERVED.

오류신고

본 사이트 자료 중 잘못된 정보를 발견하였거나 사용 중 불편한 사항이 있을 경우 알려주십시오. 이용자의 참여가 사이트 가치 향상에 큰 도움이 됩니다.

사이트 하단의 ‘오류신고’ 메뉴를 이용하시면 신고 내용의 적용여부를 확인하실 수 있습니다.

개인정보는 삭제하오니 유념하시기 바랍니다.

자료명

사료로 본 한국사

자료위치

https://contents.history.go.kr/id/hm_164_0015

제목

오류유형

오류내용

이름

자동입력 방지문자

소개

한국사를 이해하는 데 토대가 되는 주요 사료를 각 시대와 분야별로 선별하여, 원문과 번역문, 해설과 참고 자료를 함께 서비스하고 있습니다.
이를 통해 어려운 역사 자료에 좀 더 쉽게 접근할 수 있도록 하였습니다.

일러두기

1.한 편의 사료는 국문, 원문, 해설, 참고자료의 4가지 요소로 구성하였습니다.

2.사료의 종류는 [삼국사기], [삼국유사], 『고려사』, 『조선왕조실록』 등의 1차 사료(史料)를 비롯해 개인 문집, 금석문, 신문, 판결문, 선언문 등에 이르기까지 매우 다양합니다.

3.국문은 원문에 수록된 사료를 우리말로 번역하여 수록하였습니다. 사료의 상당수는 한문이며, 영어, 일본어 등도 포함되어 있습니다. 또한 근·현대 사료 또한 한자를 많이 사용하여 일반인이 접근하기가 어려우므로 이를 이용자가 쉽게 이해할 수 있도록 현대 한국어에 맞게 번역하였습니다.

4.해설 중에서 추가 설명이 필요한 역사 용어의 경우 글자를 별색으로 표기하였습니다. 보라색은 해당 글자에 마우스를 갖다 대면 간략한 설명이 제공되며, 파란색은 클릭하면 ‘교과서 용어 해설’ 및 ‘한국사 연대기’ 등의 관련 자료로 연계되도록 하였습니다.

5.참고 자료에서는 사료와 관련된 연구 논문과 저서 목록을 수록하였고, 해당 사료의 원문과 번역문을 직접 확인할 수 있도록 관련 사이트도 연계하였습니다.

DB 구축 참여자(2012~2013)

시기 구분
기획
집필
교열
윤문
자료 총괄
구축 년도

삼국 이전
삼국 시대
전미희
류주희
이규리
문동석
이정빈
이현태
장종진
장청화
이계형
2012

박남수
홍기승
문동석
이현태
장종진
김경복
장청화
2013

통일 신라와 발해
전미희
류주희
이규리
김창겸
김덕원
전경숙
장청화
이계형
2012

박남수
홍기승
문동석
이현태
장종진
김경복
장청화
2013

고려 시대
전미희
류주희
이규리
한정수
손민호
황영수
전경숙
장청화
이계형
2012

류주희
홍기승
한정수
김가람
김경복
장청화
2013

조선 시대
전미희
류주희
이규리
이경찬
박귀미
이기명
이화영
이근호
장청화
이계형
2012

이규리
홍기승
이근호
김가람
김경복
장청화
2013

근대
전미희
류주희
이규리
은정태
홍문기
최보영
장청화
이계형
2012

염복규
은정태
홍동현
김경복
장청화
2013

현대
전미희
류주희
이규리
박미경
이관형
김진흠
장청화
이계형
2012

김점숙
이정은
홍동현
김경복
장청화
2013

DB 구축 참여자(2023~)

시기 구분
기획
집필
교열
감수
구축연도

근대
신재호

이주호

곽금선, 김명섭, 김상연, 김상훈, 김영진, 김진혁, 김호걸, 노성룡, 박주영, 송영화, 이양희, 이지은,

임동현, 최용준, 한보람, 한승훈, 한애라, 한준호, 홍수연

이명학
정일영
2023

현대

곽경상, 김상규, 김상연, 김재웅, 김진혁, 서홍석, 신재준, 예대열, 이길중, 이지완, 정무용

김태윤
김아람

근대
신재호

이주호

곽금선, 박주영, 박한민, 이양희, 이지은, 임동현,

주동빈, 최용준, 한보람, 한승훈, 한애라, 한준호

이명학
양진아
2024

현대

김상연, 김청강, 예대열, 이길중, 이지완

김아람

삼국
신재호

홍선이

권순홍, 김기민, 김지현, 나유정, 이종록

이준성
이정빈
2025

DB 고도화 참여자(2022~)

시기 구분
기획
해설 집필
해설 교열
감수
구축연도

근대
신재호

이홍구

곽금선, 김기성, 김명섭, 김명재, 김명환, 김상훈, 김소영, 김영진, 김헌주, 남기현, 류동연, 박순섭,

박주영, 박한민, 성주현, 송영화, 심철기, 양진아, 이성우, 이양희, 이지은, 임인재, 최보민, 최보영,

최우석, 한보람, 한승훈, 한준호

박은숙

정일영

한승훈
김도형
2022

현대

김대현, 김동주, 문민기, 박경렬, 이재석, 이지완

박광명

임광순
김아람

김태우

조선 전기
신재호

이주호

신동훈, 양정현, 윤승희, 이경동, 이상민, 이지훈

서민주
나영훈
2024

조선 후기

도주경, 문광균, 오승관, 윤민경, 임성수, 채홍병

이행묵
박범

삼국 이전
신재호

홍선이

권순홍, 김기민, 김세진, 김지현, 나유정, 이종록

이준성
이정빈
2025

고려

김도연, 김보광, 김수연, 김종혁, 김지영, 김진곤,
김효섭, 박수찬, 안주영, 오경석, 오치훈, 이민기,
이바른, 이상민, 이창섭, 정동훈, 최은규, 현수진

이현경

황향주
한정수

최종석

메인 화면

1.교양 우리 역사 메뉴 내의 콘텐츠로 이동할 수 있습니다.

2.시대별 분야에 따른 사료 목록을 확인할 수 있습니다.

3.사료로 본 한국사 내 자료를 검색할 수 있습니다.

분류별 목록 화면

1.시대에 따른 분야별 목록을 확인할 수 있습니다.

2.개별 사료 클릭시 상세화면으로 이동합니다.

상세 화면 – 한면으로 보기

1.시대별/분야별 목차를 확인할 수 있고, 다른 사료로 바로 이동할 수 있습니다. 숨기기/열기 버튼을 이용해 닫거나 열어볼 수 있습니다.

2.각 사료에 대한 국문, 원문, 해설, 참고자료 정보를 4개의 탭으로 열람할 수 있습니다.

3.두 가지 정보를 비교해 볼 수 있는 ‘나란히 보기’ 화면으로 이동합니다. 드롭박스를 통해 열람하고자 하는 정보를 선택할 수 있습니다.

4.폰트 조정, 인쇄, 목록, 오류신고, 이전/다음 사료로 이동 등의 툴바 기능을 이용할 수 있습니다.

목록화면

1.시대에 따른 분야별 사료 목록이 배열됩니다.

2.메인 화면 및 시대별 목록을 열람할 수 있습니다.

3.상세 사료 목록을 펼침/닫힘 버튼을 통해 이용할 수 있습니다.",,,,https://contents.history.go.kr/front/hm/view.do?levelId=hm_164_0015,사료로 본 한국사\items\hm_age_80_현대\hm_ty_040_문화\hm_164_0015_새로운 옷감과 의복 유행.md
1126,hm_age_80,현대,hm_ty_040,문화,hm_164_0020,대중 가요의 검열과 금지,현대 > 문화 > 현대 사회의 변화 > 대중 가요의 검열과 금지,"대중가요 정화에 따른 협조

1. 문공 1740~656(75. 7. 1)호에 이첩임

2. 문화공보부의 공연활동 정화대책에 의거 한국예술윤리위원회가 보급금지곡으로 지정한 가요를 별첨 통보하오니 판매는 물론 일체 보급을 금지토록 협조하여 주시기 바랍니다.

첨부: 금지곡 목록 1부 끝

수신처: 일광사, 한양전파사, 장미레코드상회, 도레미상회, 프린스상회, 은향사, 세계사, 신일전파사, 희망사, 아세아레코드 미스백스토리, 삼원전자, 백석당, 수양사, 성음사

금지곡 목록(43곡)

작품명
작사자
작곡자
금지사유

거짓말이야
신중현
신중현
가사내용 불신감 조장, 창법 저촉

댄서의 순정
김영일
김부해
가사내용 퇴폐

무정한 밤배
김령인
홍현결
곡 왜색, 농도 짙고, 가사 저촉

네온의부루수
정두수
박춘석
가사퇴폐

지금은 남남이지만
인성
배상태
가사퇴폐

미스터리 흥분하다
남지연
길옥균
가사, 곡 외국 모방, 가사 내용 저촉.

잘있거라 부산항
손로원
김용만
가사 저속, 곡 지나친 왜색조

마도로스 도돔바
김용만
김용만
전과 동일

항구의 0번지 사랑
김용만
김용만
가사저속퇴폐, 창법저속

아메리칸 마도로스
김진경
고봉산
사저속, 만요조악 왜색조를 혼합한 주체성없는 곡

모두가 꿈이었네
김용일
김용만
전과 동일

녹슬은청춘
김용만
김용만
가사저속, 창법저속

김군 백군
김용만
김용만
가사퇴폐

두남편
김동현
신중현
제목가사내용 등 퇴폐조장

나비같은사랑
신중현
신중현
가사내용 퇴폐저속, 곡 불건전

저기 저 소리
신중현
신중현
곡퇴폐

꽃한송이
이용일
고봉산
가사, 곡 지나친 비탄조

멋장이아가씨
이경석
이경석
곡퇴폐, 자극적 창법

철새
서종일
서종일
창법각 곡 저속

그렇게해요
윤익삼
조조
가사 곡 저속

택시 아가씨
지웅
김학송
가사 허영과 퇴폐조장

내일다시 만나요
백순진
백순진
일본 가사곡 완전 표절

네가 좋아
이태리
김다양
가사, 창법 저속

나를두고가지마
김규상
김다양
가사, 창법 저속

세상에 만약 여자가 없다면
신중현
신중현
가사 저속

내사정도 모르고
윤항기
윤항기
가사, 창법 저속

일요일의 손님들
김관현
임석호
가사무기력, 불건전

함께갑시다
인성
배상태
가사저속, 〃

0시의이별
이철수
배상태
가사저속, 〃

기러기아빠
김희중
박춘석
곡, 창법 지나친 비탄조

꽃은여자
차민호
차민호
가사퇴폐

타버린담배
차민호
차민호
가사저속

인생은주막
박건호
변혁
가사창법저속, 허무감 조장

손목은 왜잡아요
김동현
김학송
가사퇴폐

아빠의 이름은
백영호
백영호
가사비탄저속

어떤 말씀
백순진
백순진
가사 불건전, 반항적

철날때도 됐지
지명길
외국곡
가사 불건전

연인
박정웅
박정웅
불건전

인정사정 볼것없다
권용
백영호
가사폭력, 반항감 조장

믿지 못해
정진성
정진성
가사, 창법저속 퇴폐

아는척 하지마
강정태
김동주
가사퇴폐

영광의 순간
남진
이영환
곡 표절

겨울이야기(TALK SONG)

가사저속, 청소년불량 조장

문공 1740-656수신 수신처참조

제목 대중가요 정화에 따른 협조

1. 문화공보부의 공연활동 정화대책에 의거 한국예술윤리위원회가 보급금지곡으로 지정한 가요를 별첨 통보하오니 방송, 음반제작, 판매는 물론 공연 등을 통한 일체의 보급을 금지하도록 귀관내의 각종 유흥업소와 유선방송업자 및 음반판매업자 등에 이를 통보하여 철저히 이행하도록 하는 한편 각종 공연장에 대한 단속을 엄격히 하여 위반 사태가 없도록 할 것.

첨부: 금지곡 목록 1부. 끝.

문공1740-356, 「대중가요 정화에 따른 협조」, 1975. 7. 1. 『공연자등록철』, 1974

대중가요 정화에 따른 협조

1. 문공 1740~656(75. 7. 1)호에 이첩임

2. 문화공보부의 공연활동 정화대책에 의거 한국예술윤리위원회가 보급금지곡으로 지정한 가요를 별첨 통보하오니 판매는 물론 일체 보급을 금지토록 협조하여 주시기 바랍니다.

첨부: 금지곡 목록 1부 끝

수신처: 일광사, 한양전파사, 장미레코드상회, 도레미상회, 프린스상회, 은향사, 세계사, 신일전파사, 희망사, 아세아레코드 미스백스토리, 삼원전자, 백석당, 수양사, 성음사

금지곡 목록(43곡)

작품명
작사자
작곡자
금지사유

거짓말이야
신중현
신중현
가사내용 불신감 조장, 창법 저촉

댄서의 순정
김영일
김부해
가사내용 퇴폐

무정한 밤배
김령인
홍현결
곡 왜색, 농도 짙고, 가사 저촉

네온의부루수
정두수
박춘석
가사퇴폐

지금은 남남이지만
인성
배상태
가사퇴폐

미스터리 흥분하다
남지연
길옥균
가사, 곡 외국 모방, 가사 내용 저촉.

잘있거라 부산항
손로원
김용만
가사 저속, 곡 지나친 왜색조

마도로스 도돔바
김용만
김용만
전과 동일

항구의 0번지 사랑
김용만
김용만
가사저속퇴폐, 창법저속

아메리칸 마도로스
김진경
고봉산
사저속, 만요조악 왜색조를 혼합한 주체성없는 곡

모두가 꿈이었네
김용일
김용만
전과 동일

녹슬은청춘
김용만
김용만
가사저속, 창법저속

김군 백군
김용만
김용만
가사퇴폐

두남편
김동현
신중현
제목가사내용 등 퇴폐조장

나비같은사랑
신중현
신중현
가사내용 퇴폐저속, 곡 불건전

저기 저 소리
신중현
신중현
곡퇴폐

꽃한송이
이용일
고봉산
가사, 곡 지나친 비탄조

멋장이아가씨
이경석
이경석
곡퇴폐, 자극적 창법

철새
서종일
서종일
창법각 곡 저속

그렇게해요
윤익삼
조조
가사 곡 저속

택시 아가씨
지웅
김학송
가사 허영과 퇴폐조장

내일다시 만나요
백순진
백순진
일본 가사곡 완전 표절

네가 좋아
이태리
김다양
가사, 창법 저속

나를두고가지마
김규상
김다양
가사, 창법 저속

세상에 만약 여자가 없다면
신중현
신중현
가사 저속

내사정도 모르고
윤항기
윤항기
가사, 창법 저속

일요일의 손님들
김관현
임석호
가사무기력, 불건전

함께갑시다
인성
배상태
가사저속, 〃

0시의이별
이철수
배상태
가사저속, 〃

기러기아빠
김희중
박춘석
곡, 창법 지나친 비탄조

꽃은여자
차민호
차민호
가사퇴폐

타버린담배
차민호
차민호
가사저속

인생은주막
박건호
변혁
가사창법저속, 허무감 조장

손목은 왜잡아요
김동현
김학송
가사퇴폐

아빠의 이름은
백영호
백영호
가사비탄저속

어떤 말씀
백순진
백순진
가사 불건전, 반항적

철날때도 됐지
지명길
외국곡
가사 불건전

연인
박정웅
박정웅
불건전

인정사정 볼것없다
권용
백영호
가사폭력, 반항감 조장

믿지 못해
정진성
정진성
가사, 창법저속 퇴폐

아는척 하지마
강정태
김동주
가사퇴폐

영광의 순간
남진
이영환
곡 표절

겨울이야기(TALK SONG)

가사저속, 청소년불량 조장

문공 1740-656수신 수신처참조

제목 대중가요 정화에 따른 협조

1. 문화공보부의 공연활동 정화대책에 의거 한국예술윤리위원회가 보급금지곡으로 지정한 가요를 별첨 통보하오니 방송, 음반제작, 판매는 물론 공연 등을 통한 일체의 보급을 금지하도록 귀관내의 각종 유흥업소와 유선방송업자 및 음반판매업자 등에 이를 통보하여 철저히 이행하도록 하는 한편 각종 공연장에 대한 단속을 엄격히 하여 위반 사태가 없도록 할 것.

첨부: 금지곡 목록 1부. 끝.

문공1740-356, 「대중가요 정화에 따른 협조」, 1975. 7. 1. 『공연자등록철』, 1974

이 자료는 1975년 문화공보부에서 시행한 문서로, ‘공연활동 정화대책’에 따라 한국예술윤리위원회가 금지곡으로 지정한 가요를 각 전파사 등에 통보한 공문이다.

유신정권은 자유분방하거나 자신들의 비위에 거슬리는 가요를 금지시켰다. 이에 따라 1975년 6월 한국예술문화윤리위원회는 새로운 심의 기준을 통해 많은 음악을 금지시켰다. 여기에는 국가 안보와 국민 총화에 악영향을 줄 수 있는 것, 외래 풍조를 무분별하게 도입하거나 모방한 것, 선정적이고 퇴폐적인 것, 패배적이고 자학적인 것 등이 포함되었다. 이미 공개된 음반도 예외가 아니었다. 1차 재심사에서 신중현(申重鉉, 1938~)의 노래 등 43곡, 2차 재심사에서 이장희(李章熙, 1947~)의 「그건 너」 등 45곡이 금지됐다.

12월에는 팝송 규제 조치도 발표됐다. 1차 135곡, 2차 126곡에 대해 방송 및 음반 팔매를 금지시켰다. 밥 딜런(Bob Dylan, 1941~)의 '블로잉 인 더 윈드(Blowing in the wind)' 등 91곡이 저항, 반전 내용을 담았다고 해서 금지됐다. 여기에 대마초 파동도 대중가요에 악영향을 끼쳤다. 이 사건으로 1976년 초까지 100여 명의 연예인이 대마초 연예인으로 불리며 입건되고 그 가운데 수십 명이 구속됐다. 여기에는 신중현, 김추자(金秋子, 1951~), 이장희 등이 포함되었다. 이 사건 이후 한대수(韓大洙, 1948~)와 조영남(趙英男, 1945~)은 미국으로 떠나버리는 등 대중가요계의 활동은 위축되었다.

유신정권이 내세운 대중가요 금지 이유는 다음과 같았다. 송창식(宋昌植, 1947~)의 「왜 불러」는 서울대생 시위에서 이 노래가 나왔다는 이유로, 김추자의 「거짓말이야」는 사회에 불신 풍조를 조장한다는 이유로 금지됐다. 양희은(楊姬銀, 1952~)의 「이루어질 수 없는 사랑｣은 허무주의를 조장한다는 이유로, 김민기(金敏基, 1951~)의 「늙은 군인의 노래」는 군인의 사기를 저하시킨다는 이유로 금지됐다. 대체적으로 저속, 퇴폐, 불온 등을 문제로 삼았던 것이다. 이러한 이유로 다른 여러 대중가요도 금지시켰다.

유신정권은 대신 박정희(朴正熙, 1917~1979)가 지었다는 「새마을 노래」·「나의 조국」과 같은 ‘건전 가요’를 적극 보급하여 국가 정책 홍보의 수단으로 이용했다. 일제 강점기의 가요 정화 운동을 본뜬 건전 가요 운동이 전개되었고, 유신정권은 그 음반이 어떤 것인지와 상관없이 LP나 카세트테이프에 꼭 한 곡씩 이 건전 가요를 집어넣도록 했다. 건전 가요 가운데 애국심을 담은 「뭉치자」라는 노래는 방송 부적합 판정을 받기도 했다.

1987년 8월 문화공보부가 가요금지곡 해금지침을 밝힘에 따라 한국공연윤리위원회는 국내 금지곡 총 382곡 중 월북작가의 작품을 제외한 나머지 294곡에 대한 재심에 착수하여 186곡을 해금시켰다. 1988년 10월에는 납북·월북 음악가 63명의 작품도 규제에서 풀렸다. 마침내 1996년 대중음악인의 창작·표현의 자유를 원천적으로 제한해왔던 사전심의제는 위헌 판결을 받고 역사의 뒤안길로 사라졌다.

이 글의 내용은 집필자의 개인적 견해이며, 국사편찬위원회의 공식적 견해와 다를 수 있습니다.

참고문헌

논문

김은경, 「유신체제의 음악통제양상에 관한 연구: 검열메커니즘과 금지곡을 중심으로」, 『민주주의와 인권』 11-2, 2011.
문옥배, 「해방 이후 정부의 음악통제 연구」, 『음악논단』 22, 2008.
박기선, 「군사정권 시기 금지곡의 선율적 특성에 관한 연구: 왜색가요로 분류된 작품을 중심으로」, 『음악학』 29-1, 2021.
송현민, 「박정희 정권의 금지곡을 둘러싼 ‘감시와 처벌’」, 『문화과학』 73, 2013.
양심석, 「한국 군사정권하의 금지곡에 대한 작사가별 분석」 －1970∼80년대의 대중음악 통제를 중심으로－」, 『대한정치학회보』 20-1, 2012.
옥은실, 「1970년대 금지곡과 공연윤리위원회의 검열」, 『문화과학』 80, 2014.
정주신, 「한국 대중음악 금지사 일 고찰 : 박정희 정권과 전두환 정권 시기를 중심으로」, 『한국과 국제사회』 7, 2020.

저서

문옥배, 『한국 금지곡의 사회사』, 예솔, 2004.
이영미, 『동백아가씨는 어디로 갔을까: 대중문화로 보는 박정희 시대』, 인물과사상사, 2017.

관련사이트

[https://www.archives.go.kr/next/search/showDetailPopup.do?rc_code=1310377&rc_rfile_no=200301015083&rc_ritem_no=000000000013] 「대중가요정화에따른협조」, 국가기록원

[https://www.history.go.kr/contents/contentsPage.do?groupId=000000000571&menuId=000000000574&pageId=000000000213]
저작권 정책

[https://www.history.go.kr/contents/contentsPage.do?groupId=000000000931&menuId=000000000992&pageId=000000000541]
데이터 개방

[https://www.history.go.kr/contents/contentsPage.do?groupId=000000000571&menuId=000000000572&pageId=000000000211]
개인정보처리방침

13809 경기도 과천시 교육원로 86 국사편찬위원회

COPYRIGHT © NATIONAL INSTITUTE OF KOREAN HISTORY ALL RIGHT RESERVED.",,,,https://contents.history.go.kr/front/hm/view.do?levelId=hm_164_0020,사료로 본 한국사\items\hm_age_80_현대\hm_ty_040_문화\hm_164_0020_대중 가요의 검열과 금지.md
1127,hm_age_80,현대,hm_ty_040,문화,hm_164_0030,1960년대 서울 극장가와 상영 영화,현대 > 문화 > 현대 사회의 변화 > 1960년대 서울 극장가와 상영 영화,"법률 제1830호 영화법 개정법률

영화법을 다음과 같이 개정한다.

영화법

제1조 (목적)

이 법은 영화사업의 육성발전을 촉진하고 영화문화의 질적 향상을 도모하여 민족예술의 진흥에 기여함을 목적으로 한다.

……(중략)……

제3조 (영화제작자 등록)

① 국산영화의 제작을 업으로 하고자 하는 자(이하 “영화제작자”라 한다)는 다음 각 호의 사항을 공보부에 등록하여야 한다. 다만, 국가‧지방자치단체‧정부투자기관 또는 교육기관이 연구나 교육 또는 그 단체의 시책의 수행을 위하여 영화를 제작하는 경우에는 그러하지 아니하다.

　1. 상호(商號)

　2. 본적‧주소‧생년월일(법인 또는 단체의 경우에는 그 명칭, 주 사무소의 소재지와 대표자의 본적‧주소‧성명‧생년월일)

　3. 제작할 영화의 종류

……(중략)……

제5조 (결격사유)

다음 각 호의 1에 해당하는 자는 제3조의 규정에 의한 등록을 할 수 없다.

　1. 대한민국의 국적을 가지지 않은 자.

　2. 외국의 법인 또는 단체.

　3. 제1호 및 제2호에 해당하는 자가 그 대표자로 되어 있거나 의결권을 행사할 수 있는 법인 또는 단체.

……(중략)……

제7조 (등록의 취소)

① 공보부장관은 제3조의 규정에 의하여 등록한 영화제작자에게 다음 각 호의 1에 해당하는 사유가 발생하는 경우에는 그 등록을 취소할 수 있다.

　1. 연간 2편 이상의 제작실적을 유지하지 못한 때.

　2. 허위의 방법으로 등록된 사실이 발각된 때.

　3. 제4조의 규정에 의한 기기 및 시설을 유지하지 못한 때.

　4. 타인에게 그 명의를 대여한 때.

　5. 제5조의 규정에 의한 사유가 발생한 때.

　6. 이 법 또는 이 법에 의한 명령에 위반한 때.

② 전항의 규정에 의하여 등록이 취소된 자는 그 취소된 날로부터 1년 이내에는 다시 등록(상호를 포함한다)을 할 수 없다.

……(중략)……

제9조 (영화의 수출입 추천)

① 국산영화를 수출하고자 하거나 공연을 목적으로 외국영화를 수출하고자 하는 자는 공보부장관의 추천을 받아야 한다.

② 전항의 규정에 의한 외국극영화의 수입추천은 다음 각 호의 실적에 따라 영화제작자나 영화수출자에게 한다.

　1. 공보부장관이 정하는 국제영화제의 출품실적과 수상실적.

　2. 공보부장관이 정하는 우수국산영화 수상실적.

　3. 국산영화의 수출작품 제작실적.

　4. 국산영화 및 합작영화의 수출실적.

③ 전항의 실적기준과 제1항의 수입수출의 추천에 관하여 필요한 사항은 대통령령으로 정한다.

……(중략)……

제11조 (신고와 검열)

① 영화를 제작하고자 할 때에는 그 대본을 첨부하여 공보부장관에게 신고하여야 한다.

② 영화(예고편을 포함한다)는 그 상영 전에 공보부장관에게 신고하여야 한다.

③ 전항의 규정에 의한 검열에 합격되지 아니한 영화는 상영할 수 없다.

④ 공보부장관은 제2항의 검열을 함에 있어서 제17조의 규정에 의한 영화위원회에 그 의견을 들어야 한다.

⑤ 제2항의 규정에 의한 검열에 합격되어 영화를 상영할 수 있는 기간은 3년 이내로 한다. 다만, 영화의 필름 상태가 양호하다고 인정한 때에는 그 기간을 연장할 수 있다.

……(중략)……

제13조 (검열기준)

① 공보부장관은 제11조 제2항의 규정에 의하여 영화를 검열하는 경우 다음 각 호의 1에 해당된다고 인정할 때에는 그 합격을 결정하지 아니하거나 당해 부분을 삭제하고 합격을 결정할 수 있다.

　1. 헌법의 기본질서에 위배되거나 국가의 권위를 손상할 우려가 있을 때.

　2. 공서양속(公序良俗)을 해하거나 사회질서를 문란하게 할 우려가 있을 때.

　3. 국제간의 우의를 훼손하게 할 우려가 있을 때.

　4. 국민정신을 해이하게 할 우려가 있을 때.

② 전항의 검열기준에 따르는 세부사항은 대통령령으로 정한다.

……(중략)……

제19조 (영화사업의 조성)

① 정부는 우수한 국산영화의 제작과 영화문화의 발전향상 및 국제교류를 위하여 필요한 조성방안을 강구‧실시하여야 한다.

② 정부는 영화제작자 또는 국산영화의 수출자에 대하여 대통령령이 정하는 바에 의하여 보조할 수 있다.

③ 영화를 상영하는 공연장의 경영자는 대통령령이 정하는 외국영화와의 상영비율에 따라 국산영화를 상영하여야 한다.

④ 외국영화의 수입편수는 당해 연도의 국산영화의 상영편수의 3분의 1을 초과할 수 없다.

……(하략)……

1966년 8월 3일

「영화법(대통령령 제24960호)」, 『관보』 제4414호, 1966년 8월 3일

法律 第1830號 映畫法改正法律

映畫法을 다음과 같이 改正한다.

映畫法

第1條 (目的)

이 法은 映畵事業의 育成發展을 促進하고 映畵文化의 質的向上을 도모하여 民族藝術의 振興에 寄與함을 目的으로 한다.

……(중략)……

第3條 (映畫製作者登錄)

① 國産映畫의 製作을 業으로 하고자 하는 者(이하 “映畵製作者”라 한다)는 다음 各 號의 事項을 公報部에 登錄하여야 한다. 다만, 國家‧地方自治團體‧政府投資機關 또는 敎育機關이 硏究나 敎育 또는 그 團體의 施策의 수행을 위하여 映畫를 製作하는 경우에는 그러하지 아니하다.

　1. 商號.

　2. 本籍‧住所‧生年月日(法人 또는 團體의 경우에는 그 名稱, 主事務所의 所在地와 代表者의 本籍‧住所‧姓名‧生年月日)

　3. 製作할 映畫의 種類

……(중략)……

第5條 (缺格事由)

다음 各號의 1에 해당하는 者는 第3條의 規定에 의한 登錄을 할 수 없다.

　1. 大韓民國의 國籍을 가지지 않은 者.

　2. 外國의 法人 또는 團體.

　3. 第1號 및 第2號에 해당하는 者가 그 代表者로 되어 있거나 議決權을 行使할 수 있는 法人 또는 團體.

……(중략)……

第7條 (登錄의 取消)

① 公報部長官은 第3條의 規定에 의하여 登錄한 映畵製作者에게 다음 各號의 1에 해당하는 事由가 발생하는 경우에는 그 登錄을 取消할 수 있다.

　1. 年間 2篇 이상의 製作實績을 維持하지 못한 때.

　2. 虛僞의 方法으로 登錄된 事實이 發覺된 때.

　3. 第4條의 規定에 의한 機器 및 施設을 維持하지 못한 때.

　4. 他人에게 그 名義를 貸與한 때.

　5. 第5條의 規定에 의한 事由가 발생한 때.

　6. 이 法 또는 이 法에 의한 命令에 違反한 때.

② 前項의 規定에 의하여 登錄이 取消된 者는 그 取消된 날로부터 1年 이내에는 다시 登錄(商號를 包含한다)을 할 수 없다.

……(중략)……

第9條 (映畫의 輸出入推薦)

① 國産映畫를 輸出하고자 하거나 公演을 目的으로 外國映畫를 輸出하고자 하는 者는 公報部長官의 추천을 받아야 한다.

② 前項의 規定에 의한 外國劇映畫의 輸入推薦은 다음 各號의 實績에 따라 映畵製作者나 映畫輸出者에게 한다.

　1. 公報部長官이 정하는 國際映畵祭의 出品實績과 受賞實績.

　2. 公報部長官이 정하는 優秀國産映畫受賞實績.

　3. 國産映畫의 輸出作品製作實績.

　4. 國産映畫 및 合作映畵의 輸出實績.

③ 前項의 實績基準과 第1項의 輸入輸出의 推薦에 관하여 필요한 事項은 大統領令으로 정한다.

……(중략)……

第11條 (申告와 檢閱)

① 映畫를 製作하고자 할 때에는 그 臺本을 첨부하여 公報部長官에게 申告하여야 한다.

② 映畫(豫告篇을 포함한다)는 그 上映 전에 公報部長官에게 申告하여야 한다.

③ 前項의 規定에 의한 檢閱에 合格되지 아니한 映畫는 上映할 수 없다.

④ 公報部長官은 第2項의 檢閱을 함에 있어서 第17條의 規定에 의한 映畫委員會에 그 意見을 들어야 한다.

⑤ 第2項의 規定에 의한 檢閱에 合格되어 映畫를 上映할 수 있는 期間은 3年 이내로 한다. 다만, 映畫의 필림狀態가 良好하다고 인정한 때에는 그 期間을 延長할 수 있다.

……(중략)……

第13條 (檢閱基準)

① 公報部長官은 第11條 第2項의 規定에 의하여 映畫를 檢閱하는 경우 다음 各號의 1에 해당된다고 인정할 때에는 그 合格을 決定하지 아니하거나 당해 部分을 削除하고 合格을 決定할 수 있다.

　1. 憲法의 基本秩序에 違背되거나 國家의 權威를 損傷할 우려가 있을 때.

　2. 公序良俗을 害하거나 社會秩序를 紊亂하게 할 우려가 있을 때.

　3. 國際間의 友誼를 毁損하게 할 우려가 있을 때.

　4. 國民精神을 解弛하게 할 우려가 있을 때

② 前項의 檢閱基準에 따르는 細部事項은 大統領令으로 정한다.

……(중략)……

第19條 (映畫事業의 助成)

① 政府는 優秀한 國産映畫의 製作과 映畫文化의 發展向上 및 國際交流를 위하여 필요한 助成方案을 講究‧實施하여야 한다.

② 政府는 映畫製作者 또는 國産映畫의 輸出者에 대하여 大統領令이 정하는 바에 의하여 補助할 수 있다.

③ 映畫를 上映하는 公演場의 經營者는 大統領令이 정하는 外國映畫와의 上映比率에 따라 國産映畫를 上映하여야 한다.

④ 外國映畫의 輸入篇數는 당해 年度의 國産映畫의 上映篇數의 3分의 1을 초과할 수 없다.

……(하략)……

1966年 8月 3日

「영화법(대통령령 제24960호)」, 『관보』 제4414호, 1966년 8월 3일

이 자료는 1966년 8월 이루어진 「영화법」 개정에 관한 문서이다. 1962년 1월에 처음 제정된 「영화법」은 “영화사업의 육성발전을 촉진하고 영화문화의 질적 향상을 도모하여 민족예술의 진흥에 기여”하는 것을 목적으로 삼았다. 「영화법」은 1970년대까지 총 4차례 개정되었는데, 1966년에는 법령 전문이 개정되면서 그 내용이 크게 바뀌었다.

이 자료에서도 알 수 있듯이 1966년의 「영화법」 개정은 영화산업에 대한 정부의 통제를 강화하기 위한 시도였다. 「영화법」의 개정으로 정부는 영화제작자의 등록 및 등록취소, 국내영화의 수출과 외국영화의 수입, 그리고 영화의 제작과 상영 등을 통제할 수 있는 권한을 확보할 수 있었다. 그 중 외국인이 영화제작자가 될 수 없도록 규정한 제5조와 영화 내용에 대한 검열기준을 명시한 제13조, 그리고 외국영화의 수입 편수를 제한한 제19조가 주목된다. 이러한 조항들이 신설되면서 정부는 영화산업에 더 깊이 개입할 수 있게 되었다.

1950년대 중후반부터 정비되기 시작한 한국의 영화산업은 1960년대 들어 호황을 맞이하였다. 1960년대에는 영화 제작 편수가 꾸준히 증가하여 1970년에는 연간 제작 편수가 231편에 달했다. 또한 질적으로도 발전을 이루어 다양한 장르 영화가 제작되었다. 외국 영화의 수입도 활발히 이루어졌는데, 외국 영화만을 전문적으로 상영하는 ‘외화관’이 있었을 만큼 외국 영화는 관객들 사이에서 인기를 끌었다.

정부는 「영화법」과 「공연법」의 제‧개정을 통해 영화의 제작과 배급, 상영을 통제하고자 했다. 특히 1966년 「영화법」 개정에서 도입된 ‘스크린쿼터제’는 외국 영화의 수입 편수를 해당 년도 국산영화 상영 편수의 1/3 이하로 제한하였다. 그러나 이 시기 스크린쿼터제는 당국의 단속이 심하지 않았기 때문에 잘 지켜지지 않았다. 이에 1973년도 「영화법」 개정에서는 연간 상영일수의 2/3 이상을 초과해 외국 영화를 상영할 수 없도록 규정하여 스크린쿼터제를 강력하게 실시하기 위한 제도적 장치를 마련했다. 이후 영화관들은 스크린쿼터제를 지키기 위해 어쩔 수 없이 국산 영화를 상영하기 시작했다. 그러나 대부분의 수입은 여전히 외화 상영에서 발생했기 때문에 당시 영화관에서는 과거 흥행한 외국 영화를 재개봉하거나 공연을 유치하는 등의 노력을 펼치기도 했다.

스크린쿼터제는 영화산업에 대한 통제를 목적으로 시행되었지만, 이후 한국영화의 상업적 성공에 기여한 측면도 있다. 1980년대 중반 한‧미 영화협상으로 한국의 영화시장은 대폭 개방되었으나, 스크린쿼터제만은 건재했다. 1990년대 이후 국산영화는 스크린쿼터제에 의해 보호받으며 관객 점유율을 점차 높여갔다. 미국 측은 지속적으로 스크린쿼터제의 철폐를 요구했지만, 이는 한국 영화계의 강력한 저항에 부딪혔다. 국내 영화인들은 1990년대 후반부터 본격적인 스크린쿼터 축소반대 투쟁을 전개하였고, 그 결과 스크린쿼터제는 지금까지 존속하고 있다.

이 글의 내용은 집필자의 개인적 견해이며, 국사편찬위원회의 공식적 견해와 다를 수 있습니다.

참고문헌

논문

김정수, 「스크린쿼터제: 한국영화 의무상영제도」, 『한국정책학회보』 13(5), , 2004.
이길성, 「1950년대 서울의 재개봉관 연구 – 명동극장을 중심으로」, 『현대문학의 연구』74, 2021.
정영재‧박희서, 「영화산업에 있어서 스크린쿼터의 영향분석」, 『한국컴퓨터정보학회논문지』 14(12), 2009.
조준형, 「1960-70년대 공급중심 영화산업 체제와 상영영역의 이중적 지위 ― 서울개봉관을 중심으로」, 『한국극예술연구』43, 2014.

저서

위경혜, 『한국의 극장』, 커뮤니케이션북스, 2017.
이길성‧이호걸‧이우석, 『1970년대 서울의 극장산업 및 극장문화 연구』, 영화진흥위원회, 2004.
한국영상자료원 편, 『은막의 사회문화사: 1950~1970년대 극장의 지형도』, 한국영상자료원, 2017.

편저

한국영상자료원 편, 『은막의 사회문화사: 1950~1970년대 극장의 지형도』, 한국영상자료원, 2017.

관련사이트

[https://theme.archives.go.kr/next/gazette/viewGazetteDetail.do?gazetteEventId=0028013708] 『관보』 제4414호, 1966년 8월 3일, 국가기록원 관보

[https://www.history.go.kr/contents/contentsPage.do?groupId=000000000571&menuId=000000000574&pageId=000000000213]
저작권 정책

[https://www.history.go.kr/contents/contentsPage.do?groupId=000000000931&menuId=000000000992&pageId=000000000541]
데이터 개방

[https://www.history.go.kr/contents/contentsPage.do?groupId=000000000571&menuId=000000000572&pageId=000000000211]
개인정보처리방침

13809 경기도 과천시 교육원로 86 국사편찬위원회

COPYRIGHT © NATIONAL INSTITUTE OF KOREAN HISTORY ALL RIGHT RESERVED.

오류신고

본 사이트 자료 중 잘못된 정보를 발견하였거나 사용 중 불편한 사항이 있을 경우 알려주십시오. 이용자의 참여가 사이트 가치 향상에 큰 도움이 됩니다.

사이트 하단의 ‘오류신고’ 메뉴를 이용하시면 신고 내용의 적용여부를 확인하실 수 있습니다.

개인정보는 삭제하오니 유념하시기 바랍니다.

자료명

사료로 본 한국사

자료위치

https://contents.history.go.kr/id/hm_164_0030

제목

오류유형

오류내용

이름

자동입력 방지문자

소개

한국사를 이해하는 데 토대가 되는 주요 사료를 각 시대와 분야별로 선별하여, 원문과 번역문, 해설과 참고 자료를 함께 서비스하고 있습니다.
이를 통해 어려운 역사 자료에 좀 더 쉽게 접근할 수 있도록 하였습니다.

일러두기

1.한 편의 사료는 국문, 원문, 해설, 참고자료의 4가지 요소로 구성하였습니다.

2.사료의 종류는 [삼국사기], [삼국유사], 『고려사』, 『조선왕조실록』 등의 1차 사료(史料)를 비롯해 개인 문집, 금석문, 신문, 판결문, 선언문 등에 이르기까지 매우 다양합니다.

3.국문은 원문에 수록된 사료를 우리말로 번역하여 수록하였습니다. 사료의 상당수는 한문이며, 영어, 일본어 등도 포함되어 있습니다. 또한 근·현대 사료 또한 한자를 많이 사용하여 일반인이 접근하기가 어려우므로 이를 이용자가 쉽게 이해할 수 있도록 현대 한국어에 맞게 번역하였습니다.

4.해설 중에서 추가 설명이 필요한 역사 용어의 경우 글자를 별색으로 표기하였습니다. 보라색은 해당 글자에 마우스를 갖다 대면 간략한 설명이 제공되며, 파란색은 클릭하면 ‘교과서 용어 해설’ 및 ‘한국사 연대기’ 등의 관련 자료로 연계되도록 하였습니다.

5.참고 자료에서는 사료와 관련된 연구 논문과 저서 목록을 수록하였고, 해당 사료의 원문과 번역문을 직접 확인할 수 있도록 관련 사이트도 연계하였습니다.

DB 구축 참여자(2012~2013)

시기 구분
기획
집필
교열
윤문
자료 총괄
구축 년도

삼국 이전
삼국 시대
전미희
류주희
이규리
문동석
이정빈
이현태
장종진
장청화
이계형
2012

박남수
홍기승
문동석
이현태
장종진
김경복
장청화
2013

통일 신라와 발해
전미희
류주희
이규리
김창겸
김덕원
전경숙
장청화
이계형
2012

박남수
홍기승
문동석
이현태
장종진
김경복
장청화
2013

고려 시대
전미희
류주희
이규리
한정수
손민호
황영수
전경숙
장청화
이계형
2012

류주희
홍기승
한정수
김가람
김경복
장청화
2013

조선 시대
전미희
류주희
이규리
이경찬
박귀미
이기명
이화영
이근호
장청화
이계형
2012

이규리
홍기승
이근호
김가람
김경복
장청화
2013

근대
전미희
류주희
이규리
은정태
홍문기
최보영
장청화
이계형
2012

염복규
은정태
홍동현
김경복
장청화
2013

현대
전미희
류주희
이규리
박미경
이관형
김진흠
장청화
이계형
2012

김점숙
이정은
홍동현
김경복
장청화
2013

DB 구축 참여자(2023~)

시기 구분
기획
집필
교열
감수
구축연도

근대
신재호

이주호

곽금선, 김명섭, 김상연, 김상훈, 김영진, 김진혁, 김호걸, 노성룡, 박주영, 송영화, 이양희, 이지은,

임동현, 최용준, 한보람, 한승훈, 한애라, 한준호, 홍수연

이명학
정일영
2023

현대

곽경상, 김상규, 김상연, 김재웅, 김진혁, 서홍석, 신재준, 예대열, 이길중, 이지완, 정무용

김태윤
김아람

근대
신재호

이주호

곽금선, 박주영, 박한민, 이양희, 이지은, 임동현,

주동빈, 최용준, 한보람, 한승훈, 한애라, 한준호

이명학
양진아
2024

현대

김상연, 김청강, 예대열, 이길중, 이지완

김아람

삼국
신재호

홍선이

권순홍, 김기민, 김지현, 나유정, 이종록

이준성
이정빈
2025

DB 고도화 참여자(2022~)

시기 구분
기획
해설 집필
해설 교열
감수
구축연도

근대
신재호

이홍구

곽금선, 김기성, 김명섭, 김명재, 김명환, 김상훈, 김소영, 김영진, 김헌주, 남기현, 류동연, 박순섭,

박주영, 박한민, 성주현, 송영화, 심철기, 양진아, 이성우, 이양희, 이지은, 임인재, 최보민, 최보영,

최우석, 한보람, 한승훈, 한준호

박은숙

정일영

한승훈
김도형
2022

현대

김대현, 김동주, 문민기, 박경렬, 이재석, 이지완

박광명

임광순
김아람

김태우

조선 전기
신재호

이주호

신동훈, 양정현, 윤승희, 이경동, 이상민, 이지훈

서민주
나영훈
2024

조선 후기

도주경, 문광균, 오승관, 윤민경, 임성수, 채홍병

이행묵
박범

삼국 이전
신재호

홍선이

권순홍, 김기민, 김세진, 김지현, 나유정, 이종록

이준성
이정빈
2025

고려

김도연, 김보광, 김수연, 김종혁, 김지영, 김진곤,
김효섭, 박수찬, 안주영, 오경석, 오치훈, 이민기,
이바른, 이상민, 이창섭, 정동훈, 최은규, 현수진

이현경

황향주
한정수

최종석

메인 화면

1.교양 우리 역사 메뉴 내의 콘텐츠로 이동할 수 있습니다.

2.시대별 분야에 따른 사료 목록을 확인할 수 있습니다.

3.사료로 본 한국사 내 자료를 검색할 수 있습니다.

분류별 목록 화면

1.시대에 따른 분야별 목록을 확인할 수 있습니다.

2.개별 사료 클릭시 상세화면으로 이동합니다.

상세 화면 – 한면으로 보기

1.시대별/분야별 목차를 확인할 수 있고, 다른 사료로 바로 이동할 수 있습니다. 숨기기/열기 버튼을 이용해 닫거나 열어볼 수 있습니다.

2.각 사료에 대한 국문, 원문, 해설, 참고자료 정보를 4개의 탭으로 열람할 수 있습니다.

3.두 가지 정보를 비교해 볼 수 있는 ‘나란히 보기’ 화면으로 이동합니다. 드롭박스를 통해 열람하고자 하는 정보를 선택할 수 있습니다.

4.폰트 조정, 인쇄, 목록, 오류신고, 이전/다음 사료로 이동 등의 툴바 기능을 이용할 수 있습니다.

목록화면

1.시대에 따른 분야별 사료 목록이 배열됩니다.

2.메인 화면 및 시대별 목록을 열람할 수 있습니다.

3.상세 사료 목록을 펼침/닫힘 버튼을 통해 이용할 수 있습니다.",,,,https://contents.history.go.kr/front/hm/view.do?levelId=hm_164_0030,사료로 본 한국사\items\hm_age_80_현대\hm_ty_040_문화\hm_164_0030_1960년대 서울 극장가와 상영 영화.md
1128,hm_age_80,현대,hm_ty_040,문화,hm_164_0035,1960년대 한국영화 산업,현대 > 문화 > 현대 사회의 변화 > 1960년대 한국영화 산업,"대소 모두 90개소

　서울 3다(多)의 하나에 극장도

　흥행 좋을 때 암표 3배까지

　혼자 여러 군데 가진 재벌도

　서울과 극장하면 곧 우미관(優美館)의 이야기가 지금은 한낱 전설처럼 들려오고 있지만 서울의 극장가는 어쨌든 우미관을 빼놓고는 이야기할 맛이 안 난다는 것이 50대의 극장 평이다.

　그러나 오늘날 서울에만 해도 크고 작은 극장이 무려 90개에 달하고 있으며 지금도 서울에 극장은 또 세워져 가고만 있다.

　TV가 생겨서 극장의 경기가 줄어들고 따라서 영화배우들의 인기도 전만 못해진다고 말한 것이 얼마 전 미국의 배우들을 두고 한 말이었지만, 우리나라에서도 벌써부터 이런 말이 나올 정도로 TV가 많이 보급되어 있지는 않으나 전만은 못하다는 것은 숨길 수 없는 사실이다.

　지금 각 극장의 시설이 현대식으로 개조되어 있고 영화도 배우도 많이 발전되어 있다고 말하는 사람도 있으나 우리나라의 영화가 산업 면으로서의 발전은 가져왔을망정 극장의 시설 면으로나 그 운영 면으로는 해방 이전과 크게 다를 바가 없다.

　지금 서울 시내의 극장 수는 개봉 극장이 14개소, 명색 이류극장이라고 불리어지고 있는 극장이 36개소, 그리고 삼류극장이 40개소가 있다. 우리나라의 극장 혹은 우리나라의 영화하면 어디까지나 서울이 중심이 되어 그 발상지가 서울이 되고 있지만 여하튼 서울의 극장이 제대로 흥행가의 구실을 하게 된 것은 연극으로는 해방된 지 3년째부터 시공관에서 임춘앵창극단이 달님과 햇님을 상영했을 때부터였고 외국영화를 상영해서 외화 극장으로서 기반을 닦게 된 것은 대한극장이 6개월간에 걸쳐 상영한 「벤허」 때가 대표적이었으며 국산 영화의 상영에서 재미를 보게 된 것은 약 10년 전 국도극장 상영의 춘향전과 4~5년 전 명보극장에서 상영한 성춘향에서 전기를 이루었다고 보는 사람이 많다.

　이때부터 극장도 좋은 영화만 갔다 돌리면 돈벌이할 수 있다는 그야말로 예술을 떠난 돈벌이 극장 운영으로 전환되어 갔던 것이다.

　지금 서울의 개봉 극장 14개 중에는 명색 시설이 좋고 좌석이 많다고 하는 극장은 외화 전문으로 하는 곳이 많다.

　지금 우리나라의 영화제작 실정과 영화관의 영업 실정은 그야말로 대조적인 상황하에 운영되고 있다.

　극장주들은 아무리 좋은 작품이라고 생각되어도 이것을 사서 단독으로 상영해 볼 계획은 세우지 않고 있는 것이 요즘의 극장주들의 영업 방법인 것이다.

　일단 그 극장에서 상영되면 선전비·세금 그밖에 운영비 등을 전부 공제한 후 남은 돈을 가지고 당초 약정한 비율대로 배분을 하기 때문에 극장은 손해 볼 때가 전연 없다.

　서울의 극장가가 제일 큰 대목이라고 하는 때는 8월 한가위 즉, 추석 때와 음력설 때이다.

　어느 극장이고 이때만은 가장 자신 있는 「프로」를 잡고 장기상영 계약을 맺는 것이 통례로 되어 있다.

　공보부에서는 극장 요금의 상한선을 외화의 경우 120원, 방화의 경우는 100원으로 잡고 있으나 얼마 전 대한극장에서는 「크레오파트라」를 특석 500원에서 보통석 200원까지 받은 바 있었다.

　영화가 좀 좋다 하여 손님 수가 많아지면 제때 가서 제대로 표를 살 수가 없어 대개 암표를 사가지고 구경하게 되는데 보통 입장료의 2배 내지 3배까지를 받고 있다. 근래의 예로는 단성산의 「황야의 은화1불」이라는 영화는 125원짜리가 300원에 암거래되고 있고, 얼마 전 「황야의 무법자」에서는 105원짜리가 역시 300원 이상으로 암거래되었다.

　극장 요금이 현실화가 되면 양화는 400원 내지 500원씩 받게 될 것이라고 벌써부터 외화극장가에서는 화젯거리가 되고 있다.

　극장은 다른 기업보다 그 주인이 자주 바뀌지 않는 것으로 정평이 높은데, 얼마 전에 명보극장이 건설업계의 실력자로부터 지금의 운영자에게 넘어갔고, 단성사의 주인이 몇 개의 극장은, 그리고 대한극장의 주인이 세기극장과 인천의 「키네마」, 부산의 부민관, 서대문극장 등을 소유하여 극장을 기반으로 한 극장 재벌이 몇 사람 탄생했다는 것이 22년간의 서울 극장가의 특기할 만한 일이라고 생각하면 틀림이 없다.

　간혹 외화 전문극장이 눈부신 선전과 함께 갑자기 국산영화를 상영하는데 관객들은 영화가 아주 우수한 작품인 것으로 생각하게 되지만 이것은 외화 관이라 할지라도 1년에 6편 이상의 국산 영화를 상영해야 한다는 「스크린코터」제가 있기 때문이기도.

「이것이 서울이다(11): 극장가」, 『매일경제』 1967년 9월 8일

　大小모두90個所

　서울 3多의 하나에 劇場도

　興行좋을 때 闇票 3倍까지

　혼자 여러군데 가진 財閥도

　서울과 극장하면 곧 優美館의 이야기가 지금은 한낱 전설처럼 들려오고 있지만 서울의 劇場가는 어쨌든 優美館을 빼놓고는 이야기할 맛이 안난다는 것이 50代의 극장평이다.

　그러나 오늘날 서울에만해도 크고 작은극장이 무려 90개에 달하고있으며 지금도 서울에 극장은 또세워져가고만있다.

　TV가 생겨서 극장의 경기가 줄어들고 따라서 영화배우들의 인기도 전만 못해진다고 말한 것이 얼마전 美國의 배우들을 두고 한 말이었지만, 우리나라에서도 벌써부터 이런말이 나올 정도로 TV가 많이 보급되어 있지는 않으나 전만은 못하다는 것은 숨길 수 없는 사실이다.

　지금 각 극장의 시설이 현대식으로 개조되어 있고 영화도 배우도 많이 발전되어 있다고 말하는 사람도 있으나 우리나라의 영화가 산업면으로서의 발전은 가져왔을망정 극장의 시설면으로나 그 운영면으로는 해방 이전과 크게 다를바가 없다.

　지금 서울시내의 극장 수는 개봉극장이 14개소, 명색 2류극장이라고 불리어지고 있는 극장이36개소, 그리고 3류극장이 40개소가 있다. 우리나라의 극장 혹은 우리나라의 영화하면 어디까지나 서울이 中心이 되어 그발상지가 서울이 되어지고 있지만 여하튼 서울의 극장이 제대로 흥행가의 구실을 하게된 것은 연극으로는 해방된지 3년째부터 시공관에서 임춘앵창극단이 달님과 햇님을 상영했을때부터였고 외국영화를 상영해서 외화 극장으로서 기반을 닦게된 것은 대한극장이 6개월간에 걸쳐 상영한 「벤허」 때가 대표적이었으며 국산영화의 상영에서 재미를 보게된 것은 약 10년전 국도극장 상영의 春香傳과 4~5년전 明寶 극장에서 상영한 成春香에서 전기를 이루었다고 보는 사람이 많다.

　이때부터 극장도 좋은 영화만 갔다돌리면 돈벌이 할수 있다는 그야말로 예술을 떠난 돈벌이 劇場 운영으로 전환되어 갔던 것이다.

　지금 서울의 개봉극장 14개중에는 명색 시설이 좋고 좌석이 많다고 하는 劇場은 외화전문으로 하는 곳이 많다.

　지금 우리나라의 영화제작 실정과 영화관의 영업실정은 그야말로 대조적인 상황하에 운영되고 있다.

　극장주들은 아무리 좋은 작품이라고 생각되어도 이것을 사서 단독으로 상영해볼 계획은 세우지 않고 있는 것이 요즘의 극장주들의 영업방법인 것이다.

　일단 그 극장에서 상영되면 선전비·세금 그밖에 운영비 등을 전부 공제한 후 남은 돈을 가지고 당초 약정한 비율대로 배분을 하기 때문에 극장은 손해볼 때가 전연 없다.

　서울의 극장가가 제일 큰대목이라고 하는때는 8월 한가위 즉, 추석 때와 음력설 때이다.

　어느 극장이고 이때만은 가장 자신있는 「프로」를 잡고 장기상영계약을 맺는 것이 통례로 되어 있다.

　공보부에서는 극장요금의 상한선을 외화의 경우 1백20원, 방화의 경우는 1백원으로 잡고 있으나 얼마전 大韓극장에서는 「크레오파트라」를 특석 5백원에서 보통석 2백원까지 받은바 있었다.

　영화가 좀좋다 하여 손님수가 많아지면 제때가서 제대로 표를 살수가 없어 대개 암표를 사가지고 구경하게 되는데 보통 입장료의 2배 내지 3배까지를 받고 있다. 근래의 예로는 단성산의 「荒野의 銀貨1弗」이라는 영화는 1백25원짜리가 3백원에 암거래되고 있고, 얼마전 「荒野의 無法者」에서는 1백5원짜리가 역시 3백원이상으로 암거래되었다.

　극장요금이 현실화가 되면 양화는 4백원내지 5맥원씩 받게될 것이라고 벌써부터 외화극장가에서는 화젯거리가 되고 있다.

　극장은 다른 기업보다 그 주인이 자주 바뀌어지지 않는 것으로 정평이 높은데, 얼마전에 명보극장이 건설업계의 실력자로부터 지금의 운영자에게 넘어갔고, 단성사의 주인이 몇 개의 극장은, 그리고 대한극장의 주인이 世紀극장과 仁川의 「키네마」, 釜山의 부민관, 서대문극장 등을 소유하여 극장을 기반으로한 극장재벌이 몇사람 탄생했다는 것이 22年간의 서울극장가의 특기할만한 일이라고 생각하면 틀림이 없다.

　간혹 외화전문극장이 눈부신 선전과 함께 갑자기 국산영화를 상영하는데 관객들은 영화가 아주 우수한 작품인 것으로 생각하게되지만 이것은 외화관이라할지라도 1년에 6편 이상의 국산영화를 상영해야 한다는 「스크린코터」제가 있기 때문이기도.

「이것이 서울이다(11): 극장가」, 『매일경제』 1967년 9월 8일

이 자료는 1960년대 서울 시내 극장의 현황을 개략하여 서술한 기사이다. 이 자료에서는 1910년에 세워진 최초의 영화 상영관인 고등연예관(1915년 우미관으로 개칭)을 그 기원으로 파악하고 한국 영화의 전성기였던 1950-60년대까지의 굵직한 변화를 서술하였다.
1910년부터 고등연예관을 필두로 세워지기 시작한 영화 상영관은 주로 서울과 대도시를 중심으로 발달했다. 영화 상영관은 ‘상설관’과 ‘복합관’으로 나뉘었는데, 복합관에서는 영화 상영뿐만 아니라 연극, 악극(樂劇), 국극(國劇), 창극, 쇼무대와 같은 연예 프로가 동시에 이루어졌다. 식민지 시기까지 대다수 극장은 복합관에 가까웠던 것으로 파악되며 1950년대 후반을 기점으로 점차 현대화되며 영화 상영관으로 변하기 시작했다. 그러나 1960년대까지도 무대 인사나 영화에 출연한 스타들이 짧은 공연을 하는 등 영화와 연회가 동시에 행해지는 관행은 오래 지속이 되었다.

해방 이후 한국의 영화 산업은 1950년대 중반까지 연간 10편 이하로 제작되었고 대부분의 극장에서 상영하였던 영화는 외국 영화였다. 국산 영화는 생산이 급증한 1958년(74편)까지는 비인기 시즌이나 상영할 외화가 부족할 경우 상영되는 등 인기가 없었다. 이런 상황을 타개하기 위해 1954년 이승만 정부는 〈극장세 면세조치〉를 시행하였다. 국산 영화를 상영하는 영화관에 부과되던 극장세가 면해지자, 국산 영화 상영이 늘어났고, 국산 영화를 찾는 관객도 늘었다. 1955년 〈춘향전〉과 1956 〈자유부인〉의 흥행하면서 국산 영화도 상업적으로 수지가 맞을 수 있다는 개념이 생기기 시작했다. 이때부터 ‘지정좌석제’가 실시되었으나, 서울의 재개봉관이나 지방의 극장에서는 여전히 지정좌석제 없이 영화 상영이 이루어졌다. 1955년 15편이었던 연간 영화 제작 편수는 급속도로 증가하여 이 자료가 쓰인 1967년에는 185편의 영화가 제작되었다. 1970년에는 연간 231편이 제작되어 최다 제작 편수를 기록하였으나 이후 급격히 줄어들었다.

1960년대에 국산 영화 제작이 늘어나자 국산 영화 전용관이 생기기 시작했다. 위 자료에도 언급된 국도극장과 명보극장뿐만 아니라 국제, 아카데미, 아세아, 세기 극장이 국산 영화를 주로 상영하였다. 1966년 영화법 개정을 통해 ‘국산영화쿼터제’가 실시되어 외화 전용관도 1년에 6편의 국산 영화를 상영해야 했다. 그러나 사람이 없는 시간에 국산 영화를 상영하는 등 꼼수 상영이 횡행했다. 영화 관람료는 1급지(서울, 부산 등 인구 70만 이상의 시) 외화 120원, 방화(邦畵) 100원으로 정해져 있었으나 암표상이 극성을 부렸다.

이 자료에는 1967년 서울의 극장 수가 90개에 달한다고 되어 있으나 극장 수 통계는 정확하지 않다. 다만 극장은 1, 2, 3류관 혹은 그 이하로 나뉘었는데 1류관은 주로 서울 시내에 위치한 개봉관이었다. 개봉관의 경우 1,000석에서 1,500석에 이르는 객석을 가진 단관이 대부분이었다. 1960~1970년대에 서울 시내 개봉관은 단성사, 국도극장, 중앙극장, 스카라극장, 국제극장, 명보극장, 을지극장, 대한극장, 세기극장, 아카데미극장, 피카디리극장, 아세아극장, 코리아극장, 허리우드극장 14개소였다. 2류관 이하의 극장에서는 1류관에서의 흥행이 끝난 뒤 재개봉 되는 경우가 많았고, 때에 따라 1류관이 재개봉관으로 바뀌었다 다시 개봉관으로 바뀌기도 했다.

이 자료에는 서울의 극장주가 지방에 극장을 소유한 예를 들고 있는데, 대한극장과 단성사가 대표적이었다. 대한극장의 극장주는 외화수입사인 세기상사를 운영하던 국쾌남(鞠快男, 1922~2007)이었다. 1958년 대한극장을 개관한 국쾌남은 1961년 인천키네마를 인수하였으며 이후 의정부 문화극장까지 인수하여 운영하였다. 세기상사가 수입한 〈벤허〉와 같은 영화는 이후 인천키네마에 안정적으로 수급될 수 있었다. 단성사의 극장주 김인득(金仁得, 1915~1997)은 ‘극장왕’으로 불리며 전국 6대 도시에 11개의 개봉관을 소유 또는 임차하여 운영하였다. 이와 같이 서울의 개봉관에서 개봉된 영화가 지방 6개의 권역으로 나뉘어 배급하는 방식을 간접 배급이라 하였으나, 1998년 최초의 멀티플렉스 영화관인 강변 CGV를 시작으로 멀티플렉스 영화관이 일상화되자 기존의 영화 간접 배급 방식은 사라지게 되었다.

이 글의 내용은 집필자의 개인적 견해이며, 국사편찬위원회의 공식적 견해와 다를 수 있습니다.

참고문헌

저서

위경혜, 『광주의 극장 문화사』, 다지리, 2005.
이길성 외, 『1970년대 서울의 극장산업 및 극장문화 연구』, 영화진흥위원회, 2004.

편저

영화진흥공사 편, 『한국영화자료편람』, 영화진흥공사, 1976.
한국영상자료원 엮음, 『은막의 사회문화사: 1950-70년대 극장의 지형도』, 한국영상자료원, 2017.

[https://www.history.go.kr/contents/contentsPage.do?groupId=000000000571&menuId=000000000574&pageId=000000000213]
저작권 정책

[https://www.history.go.kr/contents/contentsPage.do?groupId=000000000931&menuId=000000000992&pageId=000000000541]
데이터 개방

[https://www.history.go.kr/contents/contentsPage.do?groupId=000000000571&menuId=000000000572&pageId=000000000211]
개인정보처리방침

13809 경기도 과천시 교육원로 86 국사편찬위원회

COPYRIGHT © NATIONAL INSTITUTE OF KOREAN HISTORY ALL RIGHT RESERVED.

오류신고

본 사이트 자료 중 잘못된 정보를 발견하였거나 사용 중 불편한 사항이 있을 경우 알려주십시오. 이용자의 참여가 사이트 가치 향상에 큰 도움이 됩니다.

사이트 하단의 ‘오류신고’ 메뉴를 이용하시면 신고 내용의 적용여부를 확인하실 수 있습니다.

개인정보는 삭제하오니 유념하시기 바랍니다.

자료명

사료로 본 한국사

자료위치

https://contents.history.go.kr/id/hm_164_0035

제목

오류유형

오류내용

이름

자동입력 방지문자

소개

한국사를 이해하는 데 토대가 되는 주요 사료를 각 시대와 분야별로 선별하여, 원문과 번역문, 해설과 참고 자료를 함께 서비스하고 있습니다.
이를 통해 어려운 역사 자료에 좀 더 쉽게 접근할 수 있도록 하였습니다.

일러두기

1.한 편의 사료는 국문, 원문, 해설, 참고자료의 4가지 요소로 구성하였습니다.

2.사료의 종류는 [삼국사기], [삼국유사], 『고려사』, 『조선왕조실록』 등의 1차 사료(史料)를 비롯해 개인 문집, 금석문, 신문, 판결문, 선언문 등에 이르기까지 매우 다양합니다.

3.국문은 원문에 수록된 사료를 우리말로 번역하여 수록하였습니다. 사료의 상당수는 한문이며, 영어, 일본어 등도 포함되어 있습니다. 또한 근·현대 사료 또한 한자를 많이 사용하여 일반인이 접근하기가 어려우므로 이를 이용자가 쉽게 이해할 수 있도록 현대 한국어에 맞게 번역하였습니다.

4.해설 중에서 추가 설명이 필요한 역사 용어의 경우 글자를 별색으로 표기하였습니다. 보라색은 해당 글자에 마우스를 갖다 대면 간략한 설명이 제공되며, 파란색은 클릭하면 ‘교과서 용어 해설’ 및 ‘한국사 연대기’ 등의 관련 자료로 연계되도록 하였습니다.

5.참고 자료에서는 사료와 관련된 연구 논문과 저서 목록을 수록하였고, 해당 사료의 원문과 번역문을 직접 확인할 수 있도록 관련 사이트도 연계하였습니다.

DB 구축 참여자(2012~2013)

시기 구분
기획
집필
교열
윤문
자료 총괄
구축 년도

삼국 이전
삼국 시대
전미희
류주희
이규리
문동석
이정빈
이현태
장종진
장청화
이계형
2012

박남수
홍기승
문동석
이현태
장종진
김경복
장청화
2013

통일 신라와 발해
전미희
류주희
이규리
김창겸
김덕원
전경숙
장청화
이계형
2012

박남수
홍기승
문동석
이현태
장종진
김경복
장청화
2013

고려 시대
전미희
류주희
이규리
한정수
손민호
황영수
전경숙
장청화
이계형
2012

류주희
홍기승
한정수
김가람
김경복
장청화
2013

조선 시대
전미희
류주희
이규리
이경찬
박귀미
이기명
이화영
이근호
장청화
이계형
2012

이규리
홍기승
이근호
김가람
김경복
장청화
2013

근대
전미희
류주희
이규리
은정태
홍문기
최보영
장청화
이계형
2012

염복규
은정태
홍동현
김경복
장청화
2013

현대
전미희
류주희
이규리
박미경
이관형
김진흠
장청화
이계형
2012

김점숙
이정은
홍동현
김경복
장청화
2013

DB 구축 참여자(2023~)

시기 구분
기획
집필
교열
감수
구축연도

근대
신재호

이주호

곽금선, 김명섭, 김상연, 김상훈, 김영진, 김진혁, 김호걸, 노성룡, 박주영, 송영화, 이양희, 이지은,

임동현, 최용준, 한보람, 한승훈, 한애라, 한준호, 홍수연

이명학
정일영
2023

현대

곽경상, 김상규, 김상연, 김재웅, 김진혁, 서홍석, 신재준, 예대열, 이길중, 이지완, 정무용

김태윤
김아람

근대
신재호

이주호

곽금선, 박주영, 박한민, 이양희, 이지은, 임동현,

주동빈, 최용준, 한보람, 한승훈, 한애라, 한준호

이명학
양진아
2024

현대

김상연, 김청강, 예대열, 이길중, 이지완

김아람

삼국
신재호

홍선이

권순홍, 김기민, 김지현, 나유정, 이종록

이준성
이정빈
2025

DB 고도화 참여자(2022~)

시기 구분
기획
해설 집필
해설 교열
감수
구축연도

근대
신재호

이홍구

곽금선, 김기성, 김명섭, 김명재, 김명환, 김상훈, 김소영, 김영진, 김헌주, 남기현, 류동연, 박순섭,

박주영, 박한민, 성주현, 송영화, 심철기, 양진아, 이성우, 이양희, 이지은, 임인재, 최보민, 최보영,

최우석, 한보람, 한승훈, 한준호

박은숙

정일영

한승훈
김도형
2022

현대

김대현, 김동주, 문민기, 박경렬, 이재석, 이지완

박광명

임광순
김아람

김태우

조선 전기
신재호

이주호

신동훈, 양정현, 윤승희, 이경동, 이상민, 이지훈

서민주
나영훈
2024

조선 후기

도주경, 문광균, 오승관, 윤민경, 임성수, 채홍병

이행묵
박범

삼국 이전
신재호

홍선이

권순홍, 김기민, 김세진, 김지현, 나유정, 이종록

이준성
이정빈
2025

고려

김도연, 김보광, 김수연, 김종혁, 김지영, 김진곤,
김효섭, 박수찬, 안주영, 오경석, 오치훈, 이민기,
이바른, 이상민, 이창섭, 정동훈, 최은규, 현수진

이현경

황향주
한정수

최종석

메인 화면

1.교양 우리 역사 메뉴 내의 콘텐츠로 이동할 수 있습니다.

2.시대별 분야에 따른 사료 목록을 확인할 수 있습니다.

3.사료로 본 한국사 내 자료를 검색할 수 있습니다.

분류별 목록 화면

1.시대에 따른 분야별 목록을 확인할 수 있습니다.

2.개별 사료 클릭시 상세화면으로 이동합니다.

상세 화면 – 한면으로 보기

1.시대별/분야별 목차를 확인할 수 있고, 다른 사료로 바로 이동할 수 있습니다. 숨기기/열기 버튼을 이용해 닫거나 열어볼 수 있습니다.

2.각 사료에 대한 국문, 원문, 해설, 참고자료 정보를 4개의 탭으로 열람할 수 있습니다.

3.두 가지 정보를 비교해 볼 수 있는 ‘나란히 보기’ 화면으로 이동합니다. 드롭박스를 통해 열람하고자 하는 정보를 선택할 수 있습니다.

4.폰트 조정, 인쇄, 목록, 오류신고, 이전/다음 사료로 이동 등의 툴바 기능을 이용할 수 있습니다.

목록화면

1.시대에 따른 분야별 사료 목록이 배열됩니다.

2.메인 화면 및 시대별 목록을 열람할 수 있습니다.

3.상세 사료 목록을 펼침/닫힘 버튼을 통해 이용할 수 있습니다.",,,,https://contents.history.go.kr/front/hm/view.do?levelId=hm_164_0035,사료로 본 한국사\items\hm_age_80_현대\hm_ty_040_문화\hm_164_0035_1960년대 한국영화 산업.md
1129,hm_age_80,현대,hm_ty_040,문화,hm_164_0040,TV 시대의 도래,현대 > 문화 > 현대 사회의 변화 > TV 시대의 도래,"이것이 서울이다(19) - 라디오·TV

지금 서울에는 36만5천9백대의 라디오와 5만6천대의 TV가 있다. 시청률은 라디오가 1백46만명으로 라디오 한 대에 3명씩이 매달려 듣고 있는 셈이며, TV의 시청자는 22만명으로 TV 한 대에 4명이 매달려 보고 있다. 지금 라디오와 TV는 문화의 매개체로 서울시민들뿐만 아니라 전세계 사람들이 최고도로 이용하고 있다.

(중략)

서울에서 TV가 제 구실을 하게 된 것은 61년 12월 31일 KBS TV가 탄생해서부터이다. (중략) 상업방송국은 MBC에 이어, 동아방송국이 생겼고, 곧 이어 동양방송국이 생겨나 우리나라 상업방송의 개화시대를 맞이하게 되었고, 동양TV가 다시 발족하게 되어 서울에는 관영방송 KBS와 상업방송 4개소, TV 2개소가 서로 경쟁을 하고 있다.

(중략)

TV방송국이 2개소나 되나, 시청자는 일정한 범위내로 국한되어있어 정부는 금성사로 하여금 일제조립식 TV수상기를 월부판매토록 했고 그후 계속 TV는 국내생산이 장려되어가고 있어 날로 TV대수는 늘어나고 있다. 그러나 요즘 TV나 라디오가 상업방송국이라고는 하지만 너무나 광고에 치우쳐 청취자나 시청자들의 기분을 상하게 한다는 비난이 쏟아져 나오고 있다.

(중략)

우리나라는 얼마 안 되는 라디오·TV일망정 골고루 보급되어있는 것이 아니고 서울에만 집중되어있는데 서울이 점하고 있는 비율은 라디오가 전국의 18%, TV가 전국의 87%로 TV는 서울 일색이라는 형태를 나타내고 있다.

『매일경제』, 1967년 9월 8일, 「이것이 서울이다(19) - 라디오·TV」

텔레비전의 격조 - 그 면목일신을 위한 분발을 바란다.

오늘날 인구에 회자되어 있는 매스컴이란 말로 포괄되는 대중전달수단 가운데서도 텔레비전만큼 시민생활과 직결되어있는 매체도 드물 것이다. 그 영향폭이나 깊이에 비기면 텔레비전이 대중문화의 전도체이자 사회교육면에서 중요한 지도성을 지녔다는 그 기능에 대해서는 일반적으로 의식이 투철하지 못한 것 같다. 그것은 갈수록 저조해가는 요즘의 텔레비전의 브라운관에서 그야말로 시청각으로 실증되고 있다고 볼 수 있다.

텔레비전 방영의 역사도 이제 10여 년을 넘기고 보면 그 기술면은 말할 것도 없이 편성면에서 무엇인가 성격과 개성이 정립되어도 좋을만한 시기가 되지 않았나 싶다. 그러나 현실은 이 기대를 송두리째 저버리고 있는 느낌이다. 한 마디로 말해서 격조는 떨어져만 가는 한편이요, 편성과 기획에 있어서 대중을 향도하는 모럴이 있는가를 의심할 정도다.

(중략)

우선 흔히 보여주는 시대극이나 궁중극에서 하필이면 시기와 모략과 암투가 얽혀있는 당파싸움을 그려서 시청자로 하여금 암담한 심기에 빠지도록 할 것은 무엇인가. 작가나 제작가의 의도는 우리 민족의 그런 불행한 일면을 비판하고 풍자하는데 있었다고 할지는 모르나 일반 청중에 있어서 과연 그 의도가 전달될 것인지, 아니면 단편적인 장면에만 흡수되는 역기능이 더 크지 않은지 신중히 생각해봄직 하다.

(중략)

이것은 필시 원작이나 각본의 빈곤에서 오는 것이기도 하겠지만 기획이나 연출에도 문제의식이 결여되어 있다는 것을 말해준다. 원작이라면 코미디의 스크립터도 어지간히 빈곤하다. 각국마다 나오는 코미디가 거의 예외 없이 도둑질이나 사기같은 모티브나 싸움판을 방불케하는 거칠은 대사와 몸짓으로만 종시하면서 억지웃음을 강요하고 있는 데는 여간 저항이 느껴지지 않는다.

(중략)

여기서 낱낱이 텔레비전의 프로를 비평할 겨를은 없으나 이것 하나만은 덧붙여 당부해두고 싶은 것은 대담프로에 출연하는 사회인사들이 주제에 대해서 충분히 연구를 하고 나가달라는 것이다. 모두가 그러지는 않지만 개중에는 상식선에도 이르지 못하는 발언이 지도적 위치에서 예사로 내뱉어짐을 보고는 이쪽이 도리여 진땀이 흐르는 적이 있어서 하는 말이다. 아무쪼록 텔레비전방송은 우리 사회 교양을 높일 수도 낮출 수도 있는 대중문화 전파의 중심체라는 사명감아래 그 면목일신에 분발해주기를 절망할 뿐이다.

『조선일보』, 1974년 9월 6일, 「사설 : 텔레비전의 격조 -그 면목일신을 위한 분발을 바란다」

이것이 서울이다(19) - 라디오·TV

지금 서울에는 36만5천9백대의 라디오와 5만6천대의 TV가 있다. 시청률은 라디오가 1백46만명으로 라디오 한 대에 3명씩이 매달려 듣고 있는 셈이며, TV의 시청자는 22만명으로 TV 한 대에 4명이 매달려 보고 있다. 지금 라디오와 TV는 문화의 매개체로 서울시민들뿐만 아니라 전세계 사람들이 최고도로 이용하고 있다.

(중략)

서울에서 TV가 제 구실을 하게 된 것은 61년 12월 31일 KBS TV가 탄생해서부터이다. (중략) 상업방송국은 MBC에 이어, 東亞방송국이 생겼고, 곧 이어 東洋방송국이 생겨나 우리나라 상업방송의 開花시대를 맞이하게 되었고, 東洋TV가 다시 발족하게 되어 서울에는 관영방송 KBS와 상업방송 4개소, TV 2개소가 서로 경쟁을 하고 있다.

(중략)

TV방송국이 2개소나 되나, 시청자는 일정한 범위내로 국한되어있어 정부는 金星社로 하여금 일제조립식 TV수상기를 월부판매토록 했고 그후 계속 TV는 국내생산이 장려되어가고 있어 날로 TV대수는 늘어나고 있다. 그러나 요즘 TV나 라디오가 상업방송국이라고는 하지만 너무나 광고에 치우쳐 청취자나 시청자들의 기분을 상하게 한다는 비난이 쏟아져 나오고 있다.

(중략)

우리나라는 얼마 안 되는 라디오·TV일망정 골고루 보급되어있는 것이 아니고 서울에만 집중되어있는데 서울이 점하고 있는 비율은 라디오가 전국의 18%, TV가 전국의 87%로 TV는 서울 일색이라는 형태를 나타내고 있다.

『매일경제』, 1967년 9월 8일, 「이것이 서울이다(19) - 라디오·TV」

텔레비전의 格調 - 그 面目一新을 위한 奮發을 바란다.

오늘날 人口에 膾炙되어 있는 매스컴이란 말로 包括되는 大衆傳達수단 가운데서도 텔레비전만큼 市民生活과 직결되어있는 媒體도 드물 것이다. 그 影響幅이나 깊이에 비기면 텔레비전이 大衆文化의 傳導體이자 社會敎育面에서 중요한 指導性을 지녔다는 그 기능에 대해서는 일반적으로 意識이 투철하지 못한 것 같다. 그것은 갈수록 低調해가는 요즘의 텔레비전의 브라운管에서 그야말로 視聽覺으로 實證되고 있다고 볼 수 있다.

텔레비전 放映의 역사도 이제 10여 년을 넘기고 보면 그 技術面은 말할 것도 없이 編成面에서 무엇인가 性格과 個性이 定立되어도 좋을만한 시기가 되지 않았나 싶다. 그러나 현실은 이 기대를 송두리째 저버리고 있는 느낌이다. 한 마디로 말해서 格調는 떨어져만 가는 한편이요, 編成과 企劃에 있어서 大衆을 嚮導하는 모럴이 있는가를 의심할 정도다.

(중략)

우선 흔히 보여주는 時代劇이나 宮中劇에서 하필이면 시기와 謀略과 暗鬪가 얽혀있는 당파싸움을 그려서 視聽者로 하여금 暗澹한 心氣에 빠지도록 할 것은 무엇인가. 作家나 製作家의 의도는 우리 民族의 그런 불행한 一面을 批判하고 諷刺하는데 있었다고 할지는 모르나 일반 聽衆에 있어서 과연 그 의도가 傳達될 것인지, 아니면 斷片的인 場面에만 흡수되는 逆機能이 더 크지 않은지 신중히 생각해봄직 하다.

(중략)

이것은 필시 原作이나 脚本의 貧困에서 오는 것이기도 하겠지만 企劃이나 演出에도 問題意識이 결여되어 있다는 것을 말해준다. 原作이라면 코미디의 스크립터도 어지간히 貧困하다. 各局마다 나오는 코미디가 거의 예외 없이 도둑질이나 詐欺같은 모티브나 싸움판을 방불케하는 거칠은 臺詞와 몸짓으로만 終始하면서 억지웃음을 强要하고 있는 데는 여간 抵抗이 느껴지지 않는다.

(중략)

여기서 낱낱이 텔레비전의 프로를 批評할 겨를은 없으나 이것 하나만은 덧붙여 당부해두고 싶은 것은 對談프로에 出演하는 社會人士들이 主題에 대해서 충분히 硏究를 하고 나가달라는 것이다. 모두가 그러지는 않지만 개중에는 常識線에도 이르지 못하는 發言이 指導的位置에서 예사로 내뱉어짐을 보고는 이쪽이 도리여 진땀이 흐르는 적이 있어서 하는 말이다. 아무쪼록 텔레비전放送은 우리 社會 敎養을 높일 수도 낮출 수도 있는 大衆文化 傳播의 中心體라는 使命感아래 그 面目一新에 奮發해주기를 切望할 뿐이다.

『조선일보』, 1974년 9월 6일, 「사설 : 텔레비전의 격조 -그 면목일신을 위한 분발을 바란다」

이 자료는 TV와 라디오의 대중적 보급으로 변화된 문화상을 정리한 신문의 사설이다.

해방 직후 10만여 대도 안 되던 라디오는 1965년에 125만 대로 늘어나 1960년대까지 대중문화를 선도했다. 1964년에 3만여 대에 불과하던 텔레비전은 이후 폭발적으로 증가하여 1975년에는 180만 대, 1980년대에는 690만 대로 늘어났다. 물론 1번째 신문 사설의 내용처럼 초기 라디오와 텔레비전의 확산은 서울 중심으로 이루어졌다.

텔레비전 방송은 TV 수상기가 널리 보급되고 채널이 다양해지면서 대중문화 선도자로 등장하였다. 텔레비전이 ‘안방극장’으로 정착할 수 있었던 데는 드라마의 성공이 결정적 역할을 했다. 드라마 방영 시간이 되면 가사를 팽개칠 만큼 텔레비전은 여성의 일상을 바꾸는 위력을 발휘했다. 동시에 텔레비전 방송은 과도한 시청률 경쟁, 상업주의, 무분별한 외래문화 모방, 지나친 오락성 추구 등으로 비판을 받기도 하였다. 예를 들어 주시정차 층인 여성-주부와 어린이를 향해 텔레비전을 보면 바보가 된다고 경고했다. 2번째 신문 사설도 텔레비전 방송이 억지웃음을 강요하는 등 격조가 떨어진다고 비판하고 있다.

유신체제가 선포되면서 정부는 프로그램의 내용이나 편성에 영향력을 끼치기 시작했다. ‘총리와의 대화’, ‘정부와의 대화’ 같은 정부 홍보정책 프로그램이 마련되었다. ‘목적극’이라는 반공·경제성장 드라마를 제작하여 극화된 이야기를 통해 자연스럽게 반공의식이나 성장 이데올로기를 전파하기도 했다. 이에 따라 반공반북 선전 내용을 담은 장편 연속극, 각종 실화나 비화 등 여러 가지 프로그램이 방영되었다. 예를 들어 KBS 라디오에서는 김삿갓이 북한을 여행하며 북한의 실상을 비판한다는 가상 설정 프로그램 ‘김삿갓 북한 방랑기’를 매일 5분씩 내보냈다. 중앙정보부는 이 프로그램에 직접 자료를 공급했다. 또한 1960년대 후반부터 1970년대 드라마나 영화 등의 미디에서 실화 소재 이야기의 다수는 간첩과 관련된 것이었으며, 간첩 관련 드라마나 영화는 대개 실화이거나 실화처럼 보이도록 홍보되었다.

라디오는 텔레비전에 비해 편성 통제에서 비교적 자유를 누릴 수 있었다. 특히 심야 라디오 방송이 청소년들에게 인기가 있었고, 방송국에서는 리퀘스트 형식을 경쟁적으로 도입했다. 리퀘스트는 청취자가 곡을 신청하면 방송국에서 해당 곡을 틀어주는 형식이었다. 그런데 정부는 라디오에도 영향력을 행사하여, 1978년 심야 방송에서 리퀘스트가 전면 금지됐다. 또한 AM 라디오에서는 팝송이 완전히 퇴출되었다. 이처럼 정부는 텔레비전과 라디오에서 인기를 누리던 음악과 코미디 등 대중문화 프로그램에 강력한 통제를 가했다.

이 글의 내용은 집필자의 개인적 견해이며, 국사편찬위원회의 공식적 견해와 다를 수 있습니다.

참고문헌

논문

박영구, 「컬러TV를 통해 본 1970년대 후반의 한국사회와 시대성격」, 『지역과 세계』 43-2, 2019.
윤상길, 「1970년대 한국 유선방송의 이행기적 양상」, 『언론정보연구』 56-1, 2019.
이상록, 「TV, 대중의 일상을 지배하다 = 1961년 KBS TV 개국과 대중문화 혁명」, 『역사비평』 113, 2015.
임종수, 「1960~70년대 텔레비전 붐 현상과 텔레비전 도입의 맥락」, 『한국언론학보』 48-2, 2004.
임종수, 「1970년대 텔레비전, 문화와 비문화의 양가성」, 『언론과 사회』 16-1, 2008.
임종수, 「KBS 텔레비전 프로그램의 역사 : 국가 만들기 양식」, 『방송문화연구』 23-1, 2011.

저서

정범준, 『흑백 테레비를 추억하다: 아씨에 울고 쇼쇼쇼에 웃던 그때 그 시절』, 알렙, 2014.

편저

정순일·장한성, 『한국 TV 40년의 발자취』, 한울아카데미, 2000.
최창봉·강현두, 『우리방송 100년』, 현암사, 2001.
한국방송학회 편, 『책, 텔레비전을 말하다: 명저로 읽는 텔레비전의 과거, 현재, 미래』, 컬처룩, 2013.

관련사이트

[https://newslibrary.naver.com/viewer/index.naver?articleId=1967092100099203004] 『매일경제』 1967년 9월 21일, 네이버 뉴스라이브러리

[https://newslibrary.naver.com/viewer/index.naver?articleId=1974090600239102002] 『조선일보』 1974년 9월 6일, 네이버 뉴스라이브러리

[https://www.history.go.kr/contents/contentsPage.do?groupId=000000000571&menuId=000000000574&pageId=000000000213]
저작권 정책

[https://www.history.go.kr/contents/contentsPage.do?groupId=000000000931&menuId=000000000992&pageId=000000000541]
데이터 개방

[https://www.history.go.kr/contents/contentsPage.do?groupId=000000000571&menuId=000000000572&pageId=000000000211]
개인정보처리방침

13809 경기도 과천시 교육원로 86 국사편찬위원회

COPYRIGHT © NATIONAL INSTITUTE OF KOREAN HISTORY ALL RIGHT RESERVED.",,,,https://contents.history.go.kr/front/hm/view.do?levelId=hm_164_0040,사료로 본 한국사\items\hm_age_80_현대\hm_ty_040_문화\hm_164_0040_TV 시대의 도래.md
1130,hm_age_80,현대,hm_ty_040,문화,hm_164_0050,1970년대 도시 빈민층의 애환-난장이가 쏘아올린 작은 공,현대 > 문화 > 현대 사회의 변화 > 1970년대 도시 빈민층의 애환-난장이가 쏘아올린 작은 공,"「난장이가 쏘아올린 작은 공」

사람들은 아버지를 난장이라고 불렀다. 사람들은 옳게 보았다. 아버지는 난장이였다. 불행하게도 사람들은 아버지를 보는 것 하나만 옳았다. 그 밖의 것들은 하나도 옳지 않았다. 나는 아버지·어머니·영호·영희, 그리고 나를 포함한 다섯 식구의 모든 것을 걸고 그들이 옳지 않다는 것을 언제나 말할 수 있다. 나의 ‘모든 것’이라는 표현에는 ‘다섯 식구의 목숨’이 포함되어 있다. 천국에 사는 사람들은 지옥을 생각할 필요가 없다. 그러나 우리 다섯 식구는 지옥에 살면서 천국을 생각했다. 단 하루도 천국을 생각해보지 않는 날이 없다. 하루하루의 생활이 지겨웠기 때문이다. 우리의 생활은 전쟁과 같았다. 우리는 그 전쟁에서 날마다 지기만 했다. 그런데도 어머니는 이 모든 것을 잘 참았다. 그러나 그날 아침 일만은 참기 어려웠던 것 같다.

“통장이 이걸 가져 왔어요”

내가 말했다. 어머니는 조각마루 끝에 앉아 아침식사를 하고 있었다.

“그게 뭐냐?”

“철거 계고장예요”

“기어코 왔구나!”

어머니가 말했다.

“그러니까 집을 헐라는 거지? 우리가 꼭 받아야 할 것 중의 하나가 이제 나온 셈이구나!”

어머니는 식사를 중단했다. 나는 어머니의 밥상을 내려다보았다. 보리밥에 까만 된장 그리고 시든 고추 두어 개와 졸인 감자.

나는 어머니를 위해 철거 계고장을 천천히 읽었다.

……(중략)……

나는 바깥 게시판에 적혀 있는 공고문을 읽었다. 거기에는 아파트 입주 절차와 아파트 입주를 포기할 경우 탈 수 있는 이주 보조금 액수 등이 적혀 있었다. 동사무소 주위는 시장바닥과 같았다. 주민들과 아파트 거간꾼들이 한데 뒤엉켜 이러 몰리고 저리 몰리고 했다. 나는 거기서 아버지와 두 동생을 만났다.

……(중략)……

형은 점심을 굶었다. 점심 시간이 삼십분 밖에 안 되었다. 우리는 한 공장에서 일했지만 격리된 생활을 했다. 노동자들 모두가 격리된 상태에서 일만 했다. 회사 사람들은 우리의 일 양과 성분을 하나하나 조사해 기록했다. 그들은 점심 시간으로 삼십 분을 주면서 십 분 동안 식사하고 남는 이십 분 동안은 공을 차라고 했다. 우리들은 좁은 마당에 나가 죽어라 공만 찼다. 서로 어울리지 못하고 간격을 둔 채 땀만 뻘뻘 흘렸다. 우리는 제대로 쉬지도 못하고 일했다. 공장은 우리에게 일방적으로 원하기만 했다. 탁한 공기와 소음 속에서 밤중까지 일을 했다. 물론 우리가 금방 죽어가는 상태는 아니었다. 그러나 작업 환경의 악조건과 흘린 땀에 못 미치는 보수가 우리의 신경을 팽팽하게 잡아당겼다. 그래서 자랄 나이에 제대로 자라지 못하는 발육 부조 현상을 우리는 나타냈다. 회사 사람들과 우리의 이해는 늘 상반되었다. 사장은 종종 불황이라는 말을 사용했다. 그와 그의 참모들은 우리에게 쓰는 여러 형태의 억압을 감추기 위해 불황이라는 말을 이용하고는 했다. 그렇지 않을 때는 힘껏 일한 다음 노-사가 공평히 나누어 갖게 될 부에 대해 이야기했다. 그러나 그가 말하는 희망은 우리에게 아무 의미를 주지 못했다. 우리는 그 희망 대신 간이 알맞은 무말랭이가 우리의 공장 식탁에 오르기를 더 원했다. 변화는 없었다. 나빠질 뿐이었다. 한 해에 두 번 있던 승급이 한 번으로 줄었다. 야간 작업 수당도 많이 줄었다. 노동자들도 줄였다. 일 양은 많아지고 작업 시간은 늘었다. 돈을 받는 날 우리 노동자들은 더욱 말조심을 했다. 옆에 있는 동료도 믿기 어려웠다. 부당한 처사에 대해 말한 자는 아무도 모르게 쫓겨났다. 공장 규모는 반대로 커갔다. 활판 윤전기를 들여오고, 자동 접지 기계를 들여오고, 옵셋 윤전기를 들여왔다. 사장은 회사가 당면한 위기를 말했다. 적대 회사들과의 경쟁에서 지면 문을 닫을 수밖에 없다고 말했다. 이것은 노동자들이 제일 무서워하는 말이었다. 사장과 그의 참모들은 그것을 알고 있었다.

……(중략)……

쇠망치를 든 사람들은 무너진 담 저쪽에서 말없이 지켜보고 있었다. 우리는 어머니가 싸놓은 짐을 하나하나 밖으로 끌어냈다. 어머니가 부엌으로 들어가 조리·식칼·도마들을 들고 나왔다. 마지막으로 아버지가 나왔다. 아버지는 아버지의 공구들이 들어 있는 부대를 메고 나왔다. 쇠망치를 든 사람들 앞에 쇠망치 대신 종이와 볼펜을 든 사나이가 서 있었다. 그가 아버지를 보았다. 한꺼번에 달라붙어 집을 쳐부수었다. 어머니는 돌아앉아 무너지는 소리만 들었다. 북쪽 벽을 치자 지붕이 내려앉았다. 지붕이 내려앉을 때 먼지가 올랐다. 뒤로 물러섰던 사람들이 나머지 벽에 달라붙었다. 아주 쉽게 끝났다.

……(하략)……

조세희, 『난장이가 쏘아올린 작은 공』, 문학과지성사, 1978

「난장이가 쏘아올린 작은 공」

사람들은 아버지를 난장이라고 불렀다. 사람들은 옳게 보았다. 아버지는 난장이였다. 불행하게도 사람들은 아버지를 보는 것 하나만 옳았다. 그 밖의 것들은 하나도 옳지 않았다. 나는 아버지·어머니·영호·영희, 그리고 나를 포함한 다섯 식구의 모든 것을 걸고 그들이 옳지 않다는 것을 언제나 말할 수 있다. 나의 ‘모든 것’이라는 표현에는 ‘다섯 식구의 목숨’이 포함되어 있다. 천국에 사는 사람들은 지옥을 생각할 필요가 없다. 그러나 우리 다섯 식구는 지옥에 살면서 천국을 생각했다. 단 하루도 천국을 생각해보지 않는 날이 없다. 하루하루의 생활이 지겨웠기 때문이다. 우리의 생활은 전쟁과 같았다. 우리는 그 전쟁에서 날마다 지기만 했다. 그런데도 어머니는 이 모든 것을 잘 참았다. 그러나 그날 아침 일만은 참기 어려웠던 것 같다.

“통장이 이걸 가져 왔어요”

내가 말했다. 어머니는 조각마루 끝에 앉아 아침식사를 하고 있었다.

“그게 뭐냐?”

“철거 계고장예요”

“기어코 왔구나!”

어머니가 말했다.

“그러니까 집을 헐라는 거지? 우리가 꼭 받아야 할 것 중의 하나가 이제 나온 셈이구나!”

어머니는 식사를 중단했다. 나는 어머니의 밥상을 내려다보았다. 보리밥에 까만 된장 그리고 시든 고추 두어 개와 졸인 감자.

나는 어머니를 위해 철거 계고장을 천천히 읽었다.

……(중략)……

나는 바깥 게시판에 적혀 있는 공고문을 읽었다. 거기에는 아파트 입주 절차와 아파트 입주를 포기할 경우 탈 수 있는 이주 보조금 액수 등이 적혀 있었다. 동사무소 주위는 시장바닥과 같았다. 주민들과 아파트 거간꾼들이 한데 뒤엉켜 이러 몰리고 저리 몰리고 했다. 나는 거기서 아버지와 두 동생을 만났다.

……(중략)……

형은 점심을 굶었다. 점심 시간이 삼십분 밖에 안 되었다. 우리는 한 공장에서 일했지만 격리된 생활을 했다. 노동자들 모두가 격리된 상태에서 일만 했다. 회사 사람들은 우리의 일 양과 성분을 하나하나 조사해 기록했다. 그들은 점심 시간으로 삼십 분을 주면서 십 분 동안 식사하고 남는 이십 분 동안은 공을 차라고 했다. 우리들은 좁은 마당에 나가 죽어라 공만 찼다. 서로 어울리지 못하고 간격을 둔 채 땀만 뻘뻘 흘렸다. 우리는 제대로 쉬지도 못하고 일했다. 공장은 우리에게 일방적으로 원하기만 했다. 탁한 공기와 소음 속에서 밤중까지 일을 했다. 물론 우리가 금방 죽어가는 상태는 아니었다. 그러나 작업 환경의 악조건과 흘린 땀에 못 미치는 보수가 우리의 신경을 팽팽하게 잡아당겼다. 그래서 자랄 나이에 제대로 자라지 못하는 발육 부조 현상을 우리는 나타냈다. 회사 사람들과 우리의 이해는 늘 상반되었다. 사장은 종종 불황이라는 말을 사용했다. 그와 그의 참모들은 우리에게 쓰는 여러 형태의 억압을 감추기 위해 불황이라는 말을 이용하고는 했다. 그렇지 않을 때는 힘껏 일한 다음 노-사가 공평히 나누어 갖게 될 부에 대해 이야기했다. 그러나 그가 말하는 희망은 우리에게 아무 의미를 주지 못했다. 우리는 그 희망 대신 간이 알맞은 무말랭이가 우리의 공장 식탁에 오르기를 더 원했다. 변화는 없었다. 나빠질 뿐이었다. 한 해에 두 번 있던 승급이 한 번으로 줄었다. 야간 작업 수당도 많이 줄었다. 노동자들도 줄였다. 일 양은 많아지고 작업 시간은 늘었다. 돈을 받는 날 우리 노동자들은 더욱 말조심을 했다. 옆에 있는 동료도 믿기 어려웠다. 부당한 처사에 대해 말한 자는 아무도 모르게 쫓겨났다. 공장 규모는 반대로 커갔다. 활판 윤전기를 들여오고, 자동 접지 기계를 들여오고, 옵셋 윤전기를 들여왔다. 사장은 회사가 당면한 위기를 말했다. 적대 회사들과의 경쟁에서 지면 문을 닫을 수밖에 없다고 말했다. 이것은 노동자들이 제일 무서워하는 말이었다. 사장과 그의 참모들은 그것을 알고 있었다.

……(중략)……

쇠망치를 든 사람들은 무너진 담 저쪽에서 말없이 지켜보고 있었다. 우리는 어머니가 싸놓은 짐을 하나하나 밖으로 끌어냈다. 어머니가 부엌으로 들어가 조리·식칼·도마들을 들고 나왔다. 마지막으로 아버지가 나왔다. 아버지는 아버지의 공구들이 들어 있는 부대를 메고 나왔다. 쇠망치를 든 사람들 앞에 쇠망치 대신 종이와 볼펜을 든 사나이가 서 있었다. 그가 아버지를 보았다. 한꺼번에 달라붙어 집을 쳐부수었다. 어머니는 돌아앉아 무너지는 소리만 들었다. 북쪽 벽을 치자 지붕이 내려앉았다. 지붕이 내려앉을 때 먼지가 올랐다. 뒤로 물러섰던 사람들이 나머지 벽에 달라붙었다. 아주 쉽게 끝났다.

……(하략)……

조세희, 『난장이가 쏘아올린 작은 공』, 문학과지성사, 1978

이 사료는 ‘난장이’ 가족의 삶을 통해 1970년대 도시 빈민층의 현실을 고발한 조세희(趙世熙) 연작소설의 일부이다. 1975년 발표된 「칼날」부터 1978년 발표된 「에필로그」까지 총 12편으로 구성된 이 연작소설은 1978년 6월에 책으로 출간되었다. 「난장이가 쏘아올린 작은 공」은 12편의 연작 중 네 번째에 해당하는 중편소설로, 1979년 제13회 동인문학상을 수상하였다. 이 소설은 연극으로 제작되어 1979년에 극단 세실이 처음 무대에 올렸고, 1981년에는 영화로도 제작되었다.

소설의 내용은 크게 다음과 같다. 난쟁이인 아버지와 어머니·큰아들 영수·작은아들 영호·딸 영희로 이루어진 가족은 인쇄소와 공장 등에서 낮은 보수를 받으며 생계를 이어가는 도시 빈민층이다. 어느 날 낙원구 행복동에 살고 있는 난쟁이 가족과 주민들은 통장으로부터 철거 계고장을 받는다. 동네를 재개발하여 아파트를 지어야 하니 기존 주택들을 철거해야 한다는 것이었다. 아파트 입주권을 받았지만 입주할 돈이 없는 행복동 주민들은 거간꾼들에게 입주권을 판다. 투기업자들의 농간으로 입주권 값이 치솟자, 난쟁이 가족도 입주권을 영동(지금의 강남)의 부자 청년에게 판다. 영희는 입주권을 산 청년을 따라가 동거를 시작하고 그의 금고에서 입주권을 꺼내어 집에 돌아오지만 아버지가 굴뚝에서 떨어져 죽었음을 알게 된다.

「난장이가 쏘아올린 작은 공」은 도시 빈민층의 생계문제가 노동자의 열악한 노동조건 문제와 연결되어 있음을 보여준다. 1970년대 도시의 노동자들은 저임금과 긴 노동시간, 열악한 작업 환경과 고용자로부터의 부당 행위 등에 시달렸다. 재개발이 이루어지는 판자촌, 대규모 공장, 아파트 분양 현장 등 이 소설에 등장하는 여러 장소들은 1970년대 산업화와 도시개발의 바람 속에서 나타났던 빈부의 명암을 뚜렷하게 드러내고 있다.
1960년대 이후 정부의 산업화 정책으로 도시와 농촌 사이의 경제적 격차가 커지자 많은 농민들이 고향을 떠나 도시로 이주했다. 이들이 주요 목적지는 서울이었다. 1960~1970년대에 서울의 인구는 급증했고, 그에 따라 주택난도 심해졌다. 이들 대부분은 서울 시내에서 주택을 구할 경제적 능력이 부족했기 때문에 도심 주변의 산동네에 판잣집을 짓고 거주했다. 판잣집의 수는 점점 늘어나 ‘판자촌’을 이루었다.

당시 한국 정부는 판자촌을 도시문제를 만들어내는 ‘슬럼’으로 인식하고 이들을 철거하기 위한 각종 정책들을 추진했다. 1960년대부터 1970년대 초반까지 정부는 판자촌 주민들을 도시 외곽의 ‘정착지’로 내보내는 ‘정착지 사업’을 비롯해 경기도 광주(현 성남시) 일대에 위성도시를 만들어 판자촌 주민들을 이주시킨다는 ‘광주대단지 사업’ 등을 벌였다. 그러나 판자촌에 살던 도시 빈민들은 대부분 서울 도심에서 일자리를 구했기 때문에 그들을 도시 외곽으로 이주시키는 정책은 효과적일 수 없었다. 1971년 8월에는 광주 대단지에서 도시 빈민들에 의한 대규모 시위가 벌어져 인적‧물적 피해가 발생하기도 했다.

정부가 판자촌 정리를 위해 활용한 또 다른 정책은 재개발이었다. 1960년대 후반에는 판자촌을 철거한 자리에 저렴한 아파트를 세워 철거민들을 입주시킨다는 ‘시민아파트 건립 사업’이 진행되었으나, 1970년 ‘와우시민아파트’가 부실공사로 무너지면서 실패로 끝났다. 1970년대에는 주민들에 의한 자조(自助)적 재개발이 실시되기도 했으나 여전히 철거 재개발 방식이 대세를 이루었다. 도시 빈민들은 자신이 살던 판잣집이 철거되는 대가로 아파트 입주권이나 이주보조금을 받았지만, 실제로 아파트에 입주할 수 있는 사람은 드물었다. 이러한 과정에서 판자촌이 위치해 있던 도시 외곽 지역은 중‧상류층을 위한 신흥 주거지로 변해갔고, 도시 빈민들은 점차 도시 바깥으로 밀려났다.

이 글의 내용은 집필자의 개인적 견해이며, 국사편찬위원회의 공식적 견해와 다를 수 있습니다.

참고문헌

논문

김아람, 「1970년대 주택정책의 성격과 개발의 유산」, 『역사문제연구』 29, 2013.
박홍근, 「1960년대 후반 서울 도시근대화의 성격」, 『도시빈민의 추방과 중산층 도시로의 공간재편」, 『민주주의와 인권』 15(2), 2015.
배경열, 「조세희의 『난장이가 쏘아올린 작은 공』에 나타난 소외양상 고찰」, 『인문연구』 67, 2013.
이평전, 「조세희 소설에 나타난 도시의 식민성 연구 – 『난장이가 쏘아 올린 작은 공』을 중심으로」, 『비교문학』 43, 2007.
정주아, 「조세희 문학을 통해 본 1970년대 산업사회와 ‘희망’의 문제 – 개발독재 시대의 윤리와 부(2)」, 『한국근대문학연구』 19(2), 2018.

저서

송은영, 『서울탄생기: 1960~1970년대 문학으로 본 현대도시 서울의 사회사』, 푸른역사, 2018.

편저

유승환, 「빈곤에 대해 사유하기, 70년대 도덕감정의 헤게모니 – 조세희의 『난장이가 쏘아 올린 작은 공』 론」, 『한국 현대소설이 걸어 온 길: 작품으로 보는 한국소설사(1945~2010)』(장수익 외), 문학동네, 2013.

관련사이트

[https://www.nl.go.kr/NL/contents/search.do?isMobile=false&innerYn=false#viewKey=18527&viewType=AH1] 『난장이가 쏘아올린 작은 공』, 국립중앙도서관",,,,https://contents.history.go.kr/front/hm/view.do?levelId=hm_164_0050,사료로 본 한국사\items\hm_age_80_현대\hm_ty_040_문화\hm_164_0050_1970년대 도시 빈민층의 애환-난장이가 쏘아올린 작은 공.md
1131,hm_age_80,현대,hm_ty_040,문화,hm_164_0060,1970년대의 저항 문화,현대 > 문화 > 현대 사회의 변화 > 1970년대의 저항 문화,"오적

김지하

시를 쓰되 좁스럽게 쓰지말고 똑 이렇게 쓰럈다.

내 어쩌다 붓끝이 험한 죄로 칠전에 끌려가

볼기를 맞은지도 하도 오래라 삭신이 근질근질

방정맞은 조동아리 손목댕이 오물오물 수물수물

뭐든 자꾸 쓰고 싶어 견딜 수가 없으니, 에라 모르겄다

볼기가 확확 불이 나게 맞을 때는 맞더라도

내 별별 이상한 도둑이야길 하나 쓰겄다.

(중략)

첫째도둑 나온다 제별이란 놈 나온다

돈으로 옷해 입고 돈으로 모자해 쓰고 돈으로 구두해 신고 돈으로 장갑해 끼고

(중략)

귀띔에 정보얻고 수의계약 낙찰시켜 헐값에 땅샀다가 길 뚫리면 한몫잡고

천원공사 오원에 쓱싹, 노동자임금은 언제나 외상외상

(중략)

또 한놈이 나온다

국회의원나온다

(중략)

털투성이 몸둥이에 혁명공약 휘휘감고

혁명공약 모자쓰고 혁명공약 배지차고

가래를 퉤퉤, 골프채 번쩍, 깃발같이 높이들고 대갈일성, 쪽 째진 배암샛바닥에 구호가 와그르르

혁명이닷, 구악은 신악으로! 개조닷, 부정축재는 축재부정으로!

근대화닷, 부정선거는 선거부정으로! 중농이닷, 빈농은 이농으로!

(중략)

세째놈이 나온다 고급공무원나온다.

풍신은 고무풍선, 독사같이 모난눈, 푸르족족 엄한 살, 콱다문 입꼬라지 청백리 분명쿠나

(중략)

네째놈이 나온다 장성놈이 나온다

(중략)

쫄병들 줄 쌀가마니 모래가득 채워놓고 쌀은 빼다 팔아먹고

쫄병 먹일 소돼지는 털한개씩 나눠주고 살은 혼자 몽창먹고

(중략)

마지막 놈 나온다

장차관이 나온다

(중략)

굶더라도 수출이닷, 안팔려도 증산이닷, 아사한놈 뼉다귀로 현해탄에 다리놓아 가미사마배알하잣!

(중략)

김지하, 「오적」, 『사상계』 제18권 제5호(1970. 5)

-아침이슬

긴밤 지새우고 풀잎마다 맺힌

진주보다 더 고운 아침이슬처럼

내 맘의 설움이 알알이 맺힐 때

아침동산에 올라 작은 미소를 배운다.

태양은 묘지 위에 붉게 타오르고

한낮에 찌는 더위는 나의 시련일지라

나 이제 가노라 저 거친 광야에

서러움 모두 버리고 나 이제 가노라.

김민기 작사, 「아침이슬」, 『김민기 1집』, 서울음반, 1971

五賊

김지하

詩를 쓰되 좁스럽게 쓰지말고 똑 이렇게 쓰럈다.

내 어쩌다 붓끝이 험한 죄로 칠전에 끌려가

볼기를 맞은지도 하도 오래라 삭신이 근질근질

방정맞은 조동아리 손목댕이 오물오물 수물수물

뭐든 자꾸 쓰고 싶어 견딜 수가 없으니, 에라 모르겄다

볼기가 확확 불이 나게 맞을 때는 맞더라도

내 별별 이상한 도둑이야길 하나 쓰겄다.

(중략)

첫째도둑 나온다 狾䋢이란 놈 나온다

돈으로 옷해 입고 돈으로 모자해 쓰고 돈으로 구두해 신고 돈으로 장갑해 끼고

(중략)

귀띔에 정보얻고 수의계약 낙찰시켜 헐값에 땅샀다가 길 뚫리면 한몫잡고

千원工事 오원에 쓱싹, 노동자임금은 언제나 외상외상

(중략)

또 한놈이 나온다

匊獪狋猿나온다

(중략)

털투성이 몸둥이에 혁명공약 휘휘감고

혁명공약 모자쓰고 혁명공약 배지차고

가래를 퉤퉤, 골프채 번쩍, 깃발같이 높이들고 대갈일성, 쪽 째진 배암샛바닥에 구호가 와그르르

혁명이닷, 舊惡은 新惡으로! 改造닷, 부정축재는 축재부정으로!

근대화닷, 부정선거는 선거부정으로! 重農이닷, 貧農은 離農으로!

(중략)

세째놈이 나온다 跍礏功無獂나온다.

풍신은 고무풍선, 독사같이 모난눈, 푸르족족 엄한 살, 콱다문 입꼬라지 淸白吏 분명쿠나

(중략)

네째놈이 나온다 長猩놈이 나온다

(중략)

쫄병들 줄 쌀가마니 모래가득 채워놓고 쌀은 빼다 팔아먹고

쫄병 먹일 소돼지는 털한개씩 나눠주고 살은 혼자 몽창먹고

(중략)

마지막 놈 나온다

瞕搓矔이 나온다

(중략)

굶더라도 수출이닷, 안팔려도 증산이닷, 餓死한놈 뼉다귀로 현해탄에 다리놓아 가미사마배알하잣!

(중략)

김지하, 「오적」, 『사상계』 제18권 제5호(1970. 5)

-아침이슬

긴밤 지새우고 풀잎마다 맺힌

진주보다 더 고운 아침이슬처럼

내 맘의 설움이 알알이 맺힐 때

아침동산에 올라 작은 미소를 배운다.

태양은 묘지 위에 붉게 타오르고

한낮에 찌는 더위는 나의 시련일지라

나 이제 가노라 저 거친 광야에

서러움 모두 버리고 나 이제 가노라.

『김민기 작사, 「아침이슬」, 『김민기 1집』, 서울음반, 1971

이 사료는 1970년 5월 발표한 김지하(金芝河, 1941~2022)의 시 「오적」과 김민기(金敏基, 1951~)가 작사 작곡한 곡 「아침이슬」의 가사이다.

「오적」은 재벌, 국회의원, 고급 공무원, 군 장성, 장차관 등 당시 권력 상층부의 부정과 부패상을 신랄하게 비판한 시다. 김지하는 「오적」을 발표하면서 박정희 군사독재와 맞서 싸운 저항시인의 상징으로 떠올랐다. 처음 『사상계』에 실린 「오적」은 민주당 기관지 『민주전선』에 다시 실리면서 큰 파장을 불러일으켰다. 「오적」을 실었다는 이유로 『사상계』는 폐간되었고 『민주전선』은 압수되었으며, 김지하와 관련 인물들은 반공법 위반 혐의로 구속되었다. 국회 본회의에서 「오적」을 낭독한 국회의원도 투옥되었다.

「오적」이 발표된 1970년대는 도시 인구의 급격한 성장과 산업화로 인해 대중문화가 발달한 시기이기도 하다. 당시 청소년들은 기성세대와는 다른 다양하고 자유분방한 사고와 행동을 원했다. 특히 청바지와 통기타는 1970년대 청년문화를 상징하는 대표적인 키워드였다.

1960~70년대 외국의 청년문화는 베트남 참전 반대 투쟁, 인종차별 반대 투쟁, 여성 해방운동, 히피 문화의 영향을 받아 저항문화의 성격을 가지고 있었다. 하지만 당시만해도 한국의 경우 ‘청년문화=저항문화’라는 등식이 확실하게 정립되지는 않았다. 서울대학교 학생들의 신문인 『대학신문』에서는 청년문화가 한낱 말초적 신경을 자극하는 퇴폐 문화이며 ‘버터에 버무린 깍두기’와도 같은 현상에 불과하다고 평가절하하기도 했다.

박정희(朴正熙, 1917~1979) 정부는 청년문화를 용납하지 않았고 획일화된 군사문화를 강요했다. 박정희는 1971년 1월 히피족의 TV 출연 금지를 지시하는가 하면 당시 유행하던 장발도 단속했다. 길거리에서 통기타를 압수하고 미니스커트 길이를 측정하기도 했다. 1972년 봄 「아침이슬」이 실린 김민기(金敏基, 1951~)의 음반은 판매 금지 처분을 당했고, 1975년 말 「아침이슬」이 금지곡으로 지정되기도 하였다.

그러나 「아침이슬」은 이후 대학생과 지식인 사이에서 널리 애창되는 대표적인 민중가요가 되었고, 시위 현장에서도 많이 불려졌다. 이처럼 대학생들의 현실참여와 학내 자치활동은 물론 그들의 일상까지 통제하려 했던 박정희 정권의 억압은, 역설적으로 일정한 자유를 전제로 한 청년문화가 그 생산자나 소비자의 의도와 관계없이 일정한 정치적인 저항의 의미를 갖게 만들었다.

이 글의 내용은 집필자의 개인적 견해이며, 국사편찬위원회의 공식적 견해와 다를 수 있습니다.

참고문헌

논문

김덕호, 「가전제품, 소비혁명, 그리고 한국의 대량소비사회 형성」, 『역사비평』 137, 2021.
김예란, 「탈주와 모방 - 1970년대 청년문화의 감각과 정동 실천」, 『언론과 사회』 24-3, 2016.
손영님, 「1970년대 청년영화, 저항과 ‘공모’의 균열」, 『대중서사연구』 46, 2018.
송은영, 「1970년대 여가문화와 대중소비의 정치」, 『현대문학의 연구』 50, 2013.
오제연, 「1970년대 대학문화의 형성과 학생운동―‘청년문화’와 ‘민속’을 중심으로」, 『역사문제연구』 28, 2012.
이상록, 「1970년대 소비억제정책과 소비문화의 일상정치학」, 『역사문제연구』 29, 2013.
이영미, 「청년문화는 왜 하필 1970년대였을까?」, 『인물과사상』 214, 2016.
주창윤, 「1970년대 청년문화 세대담론의 정치학」, 『언론과 사회』 14-3, 2006.

저서

김성환, 『1970년대 대중문학의 욕망과 대중서사의 변주』, 소명출판, 2019.

편저

김창남 편, 『대중음악과 노래운동, 그리고 청년문화』, 한울, 2004.

관련사이트

[https://www.nl.go.kr/NL/contents/search.do#viewKey=CNTS-00100231966&viewType=C] 『사상계』 제18권 5호, 국립중앙도서관

[https://www.history.go.kr/contents/contentsPage.do?groupId=000000000571&menuId=000000000574&pageId=000000000213]
저작권 정책

[https://www.history.go.kr/contents/contentsPage.do?groupId=000000000931&menuId=000000000992&pageId=000000000541]
데이터 개방

[https://www.history.go.kr/contents/contentsPage.do?groupId=000000000571&menuId=000000000572&pageId=000000000211]
개인정보처리방침

13809 경기도 과천시 교육원로 86 국사편찬위원회

COPYRIGHT © NATIONAL INSTITUTE OF KOREAN HISTORY ALL RIGHT RESERVED.

오류신고

본 사이트 자료 중 잘못된 정보를 발견하였거나 사용 중 불편한 사항이 있을 경우 알려주십시오. 이용자의 참여가 사이트 가치 향상에 큰 도움이 됩니다.

사이트 하단의 ‘오류신고’ 메뉴를 이용하시면 신고 내용의 적용여부를 확인하실 수 있습니다.

개인정보는 삭제하오니 유념하시기 바랍니다.

자료명

사료로 본 한국사

자료위치

https://contents.history.go.kr/id/hm_164_0060

제목

오류유형

오류내용

이름

자동입력 방지문자

소개

한국사를 이해하는 데 토대가 되는 주요 사료를 각 시대와 분야별로 선별하여, 원문과 번역문, 해설과 참고 자료를 함께 서비스하고 있습니다.
이를 통해 어려운 역사 자료에 좀 더 쉽게 접근할 수 있도록 하였습니다.

일러두기

1.한 편의 사료는 국문, 원문, 해설, 참고자료의 4가지 요소로 구성하였습니다.

2.사료의 종류는 [삼국사기], [삼국유사], 『고려사』, 『조선왕조실록』 등의 1차 사료(史料)를 비롯해 개인 문집, 금석문, 신문, 판결문, 선언문 등에 이르기까지 매우 다양합니다.

3.국문은 원문에 수록된 사료를 우리말로 번역하여 수록하였습니다. 사료의 상당수는 한문이며, 영어, 일본어 등도 포함되어 있습니다. 또한 근·현대 사료 또한 한자를 많이 사용하여 일반인이 접근하기가 어려우므로 이를 이용자가 쉽게 이해할 수 있도록 현대 한국어에 맞게 번역하였습니다.

4.해설 중에서 추가 설명이 필요한 역사 용어의 경우 글자를 별색으로 표기하였습니다. 보라색은 해당 글자에 마우스를 갖다 대면 간략한 설명이 제공되며, 파란색은 클릭하면 ‘교과서 용어 해설’ 및 ‘한국사 연대기’ 등의 관련 자료로 연계되도록 하였습니다.

5.참고 자료에서는 사료와 관련된 연구 논문과 저서 목록을 수록하였고, 해당 사료의 원문과 번역문을 직접 확인할 수 있도록 관련 사이트도 연계하였습니다.

DB 구축 참여자(2012~2013)

시기 구분
기획
집필
교열
윤문
자료 총괄
구축 년도

삼국 이전
삼국 시대
전미희
류주희
이규리
문동석
이정빈
이현태
장종진
장청화
이계형
2012

박남수
홍기승
문동석
이현태
장종진
김경복
장청화
2013

통일 신라와 발해
전미희
류주희
이규리
김창겸
김덕원
전경숙
장청화
이계형
2012

박남수
홍기승
문동석
이현태
장종진
김경복
장청화
2013

고려 시대
전미희
류주희
이규리
한정수
손민호
황영수
전경숙
장청화
이계형
2012

류주희
홍기승
한정수
김가람
김경복
장청화
2013

조선 시대
전미희
류주희
이규리
이경찬
박귀미
이기명
이화영
이근호
장청화
이계형
2012

이규리
홍기승
이근호
김가람
김경복
장청화
2013

근대
전미희
류주희
이규리
은정태
홍문기
최보영
장청화
이계형
2012

염복규
은정태
홍동현
김경복
장청화
2013

현대
전미희
류주희
이규리
박미경
이관형
김진흠
장청화
이계형
2012

김점숙
이정은
홍동현
김경복
장청화
2013

DB 구축 참여자(2023~)

시기 구분
기획
집필
교열
감수
구축연도

근대
신재호

이주호

곽금선, 김명섭, 김상연, 김상훈, 김영진, 김진혁, 김호걸, 노성룡, 박주영, 송영화, 이양희, 이지은,

임동현, 최용준, 한보람, 한승훈, 한애라, 한준호, 홍수연

이명학
정일영
2023

현대

곽경상, 김상규, 김상연, 김재웅, 김진혁, 서홍석, 신재준, 예대열, 이길중, 이지완, 정무용

김태윤
김아람

근대
신재호

이주호

곽금선, 박주영, 박한민, 이양희, 이지은, 임동현,

주동빈, 최용준, 한보람, 한승훈, 한애라, 한준호

이명학
양진아
2024

현대

김상연, 김청강, 예대열, 이길중, 이지완

김아람

삼국
신재호

홍선이

권순홍, 김기민, 김지현, 나유정, 이종록

이준성
이정빈
2025

DB 고도화 참여자(2022~)

시기 구분
기획
해설 집필
해설 교열
감수
구축연도

근대
신재호

이홍구

곽금선, 김기성, 김명섭, 김명재, 김명환, 김상훈, 김소영, 김영진, 김헌주, 남기현, 류동연, 박순섭,

박주영, 박한민, 성주현, 송영화, 심철기, 양진아, 이성우, 이양희, 이지은, 임인재, 최보민, 최보영,

최우석, 한보람, 한승훈, 한준호

박은숙

정일영

한승훈
김도형
2022

현대

김대현, 김동주, 문민기, 박경렬, 이재석, 이지완

박광명

임광순
김아람

김태우

조선 전기
신재호

이주호

신동훈, 양정현, 윤승희, 이경동, 이상민, 이지훈

서민주
나영훈
2024

조선 후기

도주경, 문광균, 오승관, 윤민경, 임성수, 채홍병

이행묵
박범

삼국 이전
신재호

홍선이

권순홍, 김기민, 김세진, 김지현, 나유정, 이종록

이준성
이정빈
2025

고려

김도연, 김보광, 김수연, 김종혁, 김지영, 김진곤,
김효섭, 박수찬, 안주영, 오경석, 오치훈, 이민기,
이바른, 이상민, 이창섭, 정동훈, 최은규, 현수진

이현경

황향주
한정수

최종석

메인 화면

1.교양 우리 역사 메뉴 내의 콘텐츠로 이동할 수 있습니다.

2.시대별 분야에 따른 사료 목록을 확인할 수 있습니다.

3.사료로 본 한국사 내 자료를 검색할 수 있습니다.

분류별 목록 화면

1.시대에 따른 분야별 목록을 확인할 수 있습니다.

2.개별 사료 클릭시 상세화면으로 이동합니다.

상세 화면 – 한면으로 보기

1.시대별/분야별 목차를 확인할 수 있고, 다른 사료로 바로 이동할 수 있습니다. 숨기기/열기 버튼을 이용해 닫거나 열어볼 수 있습니다.

2.각 사료에 대한 국문, 원문, 해설, 참고자료 정보를 4개의 탭으로 열람할 수 있습니다.

3.두 가지 정보를 비교해 볼 수 있는 ‘나란히 보기’ 화면으로 이동합니다. 드롭박스를 통해 열람하고자 하는 정보를 선택할 수 있습니다.

4.폰트 조정, 인쇄, 목록, 오류신고, 이전/다음 사료로 이동 등의 툴바 기능을 이용할 수 있습니다.

목록화면

1.시대에 따른 분야별 사료 목록이 배열됩니다.

2.메인 화면 및 시대별 목록을 열람할 수 있습니다.

3.상세 사료 목록을 펼침/닫힘 버튼을 통해 이용할 수 있습니다.",,,,https://contents.history.go.kr/front/hm/view.do?levelId=hm_164_0060,사료로 본 한국사\items\hm_age_80_현대\hm_ty_040_문화\hm_164_0060_1970년대의 저항 문화.md
1132,hm_age_80,현대,hm_ty_040,문화,hm_164_0070,프로 야구의 개막,현대 > 문화 > 현대 사회의 변화 > 프로 야구의 개막,"한국프로야구창립계획

1. 취지

1. 국민의 성원속에 성장하고있는 한국야구를 세계권의 정상에 정착시키고저 함

2. 자라는 청소년들에게 대망의 포부를 갖게하며 국민에게 건전한 여가활용으로 민족대화합의 일익을 담당코저 함

3. 전체야구인들의 권익을 보호하며 보다 조장시키고저 함

(중략)

대통령각하지시내용(1982. 1. 20)

구단측에게

1. 전력이 평균화되도록 노력하라(연습철저토록)

2. 지역적인 특색있는 응원 하도록 하라(지방유지들이 관심갖도록)

3. 고교FAN을 프로FAN으로 이끌도록하라(각 구단은 될 수 있는 한 본 지역에서 연습하도록)

4. 국민들을 보다 즐겁게 하라.

5. 외국프로팀과 친선교류토록 하라.

(중략)

정부측에게

1. 정부관계부처는 프로야구를 적극 지원하라

2. 문교부와 문공부는 합동하여 언론기관을 통한 대폭적인 홍보활동을 하라

3. TV중계방송을 골덴 타임에 많이 하도록 하라(현재의 외화, 드라마, 기타 연예프로를 줄리고 중송토록)

(중략)

『한국프로야구 창립계획』, 한국프로야구위원회, 1981.8.

韓國프로野球創立計劃

1. 趣旨

1. 國民의 聲援속에 成長하고있는 韓國野球를 世界圈의 頂上에 定着시키고저 함

2. 자라는 靑少年들에게 大望의 抱負를 갖게하며 國民에게 健全한 餘暇活用으로 民族大和合의 一翼을 担当코저 함

3. 全体野球人들의 權益을 保護하며 보다 助長시키고저 함

(중략)

大統領閣下指示內容(1982. 1. 20)

球團側에게

1. 戰力이 平均化되도록 努力하라(練習徹底토록)

2. 地域的인 特色있는 應援 하도록 하라(地方有志들이 關心갖도록)

3. 高校FAN을 프로FAN으로 이끌도록하라(各球團은 될 수 있는 限 本地域에서 練習하도록)

4. 國民들을 보다 즐겁게 하라.

5. 外國프로팀과 親善交流토록 하라.

(중략)

政府側에게

1. 政府關係部處는 프로野球를 積極支援하라

2. 文敎部와 文公部는 合同하여 言論機關을 通한 大幅的인 弘報活動을 하라

3. TV中繼放送을 골덴 타임에 많이 하도록 하라(現在의 外畫, 드라마, 其他演藝프로를 줄리고 中送토록)

(중략)

『한국프로야구 창립계획』, 한국프로야구위원회, 1981.8.

이 사료는 한국 프로야구의 창립계획과 이에 대한 대통령의 지시사항이다. 내용을 보면 당시 정부가 프로야구의 창립에 얼마나 적극적이었는지 알 수 있다. 대통령이 직접 나서 각 부서에 경제적 지원과 홍보활동 등을 지시했고, 구단에게도 프로야구가 성행하도록 노력할 것을 주문했다.

12·12 쿠데타를 시작으로 1980년 5월 광주 민주항쟁을 진압하고 설립한 제5공화국은 이를 은폐하기 위해 문화의 개방과 자율성을 과시했다. 3S 정책은 영상(Screen)·스포츠(Sports)·성문화(Sex)의 약칭으로 제5공화국의 상징적인 문화정책으로 꼽힌다. 제5공화국은 이를 통해 정치에 대한 대중들의 관심을 다른 방향으로 돌리고자 했다.

프로야구는 3S 정책 중 하나인 스포츠를 대표하는 예시라고 할 수 있다. 1982년 프로야구를 시작으로 1983년 프로축구와 프로씨름이 출범했다. 1982년 3월 27일 동대문운동장에서 MBC 청룡과 삼성 라이온즈의 개막 경기가 열렸다. (全斗煥, 1931~2021)은 개막전에서 직접 시구했고, 위의 사료에서 알 수 있듯이 프로야구를 황금 시간대에 중계하도록 지시했다. 이후 프로야구는 1980년대에 대중의 사랑을 받았다. 이에 따라 프로야구를 비롯한 스포츠를 전문으로 다루는 일간지들도 많이 팔렸고 종합 일간지에서도 스포츠 면이 큰 비중을 차지하게 된다.

전두환과 신군부는 프로야구의 출범부터 성장에 이르기까지 전폭적으로 지원했다. 먼저 주요 기업들이 프로야구 구단을 맡도록 독려했는데 이 과정은 정경유착 시스템의 한 부분이기도 했다. 프로야구 출범 직후 삼성 라이온즈의 이건희(李健煕, 1942~2020)를 비롯한 구단주들은 서종철(徐鐘喆, 1924~2010) 초대 한국야구위원회 총재와 정례 골프 회동을 가졌다. 다음으로 병역 의무의 특례 규제에 관한 법률 시행령을 개정하여 메달을 획득한 스포츠 선수가 병역 혜택을 누리게 만들었다.

이외에 프로야구가 초기에 정착할 수 있었던 계기 가운데 하나는 지역 연고제였다. 프로야구가 출범하기 전에는 고교 야구가 최고 인기 스포츠였다. 고향과 모교를 응원하는 사람들로 고교 야구 대회는 항상 붐볐는데, 프로야구는 바로 이 고교 야구의 인기를 고스란히 옮겨왔다. 고교 야구스타들이 다시 고향을 대표하는 프로 선수가 된 것이 지역감정과 잘 맞아떨어졌다. 프로야구와 프로축구 출범으로 한국에서도 프로스포츠 시대가 시작되었고, 1990년대에는 프로농구도 출범하였다.

역설적으로 전두환 집권기에 가장 많은 한국시리즈 우승을 차지한 프로야구 구단은 호남을 연고로 한 해태 타이거즈였다. 광주 민주항쟁 이후 정치경제적으로 차별받던 호남 사람들에게 해태와 프로야구의 의미는 각별했다. 야구장은 언론에서 금지된 ‘김대중(金大中, 1924~2009)’이라는 이름을 연호할 수 있는 곳이었다. 이를 염두에 두었는지 2000년 전까지 광주에서는 5월 18일에 프로야구 경기가 열리지 못했다. 신군부가 한국야구위원회에 5월 18일은 광주 홈경기를 열지 말라는 지침을 내렸기 때문이다.

1990년대 중반을 넘어서면서 영상, 스포츠 분야는 비약적인 발전을 이루었다. 영상 부문에 있어서는 케이블TV의 개국, 대자본의 투입, 직배급 체제 도입, 멀티플렉스 영화관 개관 같은 영화 산업의 재편 등으로 IMF의 여파 속에서도 지속적으로 발전하였고, 단위 영화로 천 만 관객을 유치하는 등의 모습을 보여주고 있다. 프로스프츠 역시 농구, 배구 등의 프로화가 이루어짐 함께 연고지 문화가 지속적으로 정착되었다. 특히 프로야구는 출범 초기 144만 명이던 누적 관중 수가 2017년 840만 명을 기록하기도 하였다. 이러한 문화 산업의 발전을 통해 국민들은 이전보다 좀 더 다양한 여가 생활을 누리게 되었다.

이 글의 내용은 집필자의 개인적 견해이며, 국사편찬위원회의 공식적 견해와 다를 수 있습니다.

참고문헌

논문

김명권, 「한국프로야구의 창립배경과 성립과정」, 『스포츠인류학연구』 12, 2012.
김일동, 「프로야구의 현장」, 『신동아』 1982년 8월호, 1982.
김은식, 「1970년대 한국사회의 변동과 프로야구의 탄생」, 『한국학』 155, 2019.
김은식, 「한국 야구의 발전과 프로야구의 제도화 과정」, 한국학중앙연구원 박사학위논문, 2022.
김은식, 「한국야구의 발전과정에 관한 사회학적 연구-1970년대 야구 대중화의 배경을 중심으로」, 『한국학』 163, 2021.
심은정, 「제5공화국 시기 프로야구 정책과 국민여가」, 전남대학교 사학과 석사학위논문, 2012.

저서

고광헌, 『스포츠와 정치』, 푸른나무, 1988.

편저

정준영·최민규, 「프로야구에 열광하다」, 『한국현대 생활문화사 1980년대, 스포츠공화국과 양념통닭』, 창비, 2016.
한국야구사간행위원회 편, 『한국야구사』, 대한야구협회, 1999.

관련사이트

[http://www.koreabaseballmuseum.com/Archives/Period/view/6105/] 「한국프로야구창립계획」, (사)한국야구위원회 디지털야구박물관

[https://www.history.go.kr/contents/contentsPage.do?groupId=000000000571&menuId=000000000574&pageId=000000000213]
저작권 정책

[https://www.history.go.kr/contents/contentsPage.do?groupId=000000000931&menuId=000000000992&pageId=000000000541]
데이터 개방

[https://www.history.go.kr/contents/contentsPage.do?groupId=000000000571&menuId=000000000572&pageId=000000000211]
개인정보처리방침

13809 경기도 과천시 교육원로 86 국사편찬위원회

COPYRIGHT © NATIONAL INSTITUTE OF KOREAN HISTORY ALL RIGHT RESERVED.

오류신고

본 사이트 자료 중 잘못된 정보를 발견하였거나 사용 중 불편한 사항이 있을 경우 알려주십시오. 이용자의 참여가 사이트 가치 향상에 큰 도움이 됩니다.

사이트 하단의 ‘오류신고’ 메뉴를 이용하시면 신고 내용의 적용여부를 확인하실 수 있습니다.

개인정보는 삭제하오니 유념하시기 바랍니다.

자료명

사료로 본 한국사

자료위치

https://contents.history.go.kr/id/hm_164_0070

제목

오류유형

오류내용

이름

자동입력 방지문자

소개

한국사를 이해하는 데 토대가 되는 주요 사료를 각 시대와 분야별로 선별하여, 원문과 번역문, 해설과 참고 자료를 함께 서비스하고 있습니다.
이를 통해 어려운 역사 자료에 좀 더 쉽게 접근할 수 있도록 하였습니다.

일러두기

1.한 편의 사료는 국문, 원문, 해설, 참고자료의 4가지 요소로 구성하였습니다.

2.사료의 종류는 [삼국사기], [삼국유사], 『고려사』, 『조선왕조실록』 등의 1차 사료(史料)를 비롯해 개인 문집, 금석문, 신문, 판결문, 선언문 등에 이르기까지 매우 다양합니다.

3.국문은 원문에 수록된 사료를 우리말로 번역하여 수록하였습니다. 사료의 상당수는 한문이며, 영어, 일본어 등도 포함되어 있습니다. 또한 근·현대 사료 또한 한자를 많이 사용하여 일반인이 접근하기가 어려우므로 이를 이용자가 쉽게 이해할 수 있도록 현대 한국어에 맞게 번역하였습니다.

4.해설 중에서 추가 설명이 필요한 역사 용어의 경우 글자를 별색으로 표기하였습니다. 보라색은 해당 글자에 마우스를 갖다 대면 간략한 설명이 제공되며, 파란색은 클릭하면 ‘교과서 용어 해설’ 및 ‘한국사 연대기’ 등의 관련 자료로 연계되도록 하였습니다.

5.참고 자료에서는 사료와 관련된 연구 논문과 저서 목록을 수록하였고, 해당 사료의 원문과 번역문을 직접 확인할 수 있도록 관련 사이트도 연계하였습니다.

DB 구축 참여자(2012~2013)

시기 구분
기획
집필
교열
윤문
자료 총괄
구축 년도

삼국 이전
삼국 시대
전미희
류주희
이규리
문동석
이정빈
이현태
장종진
장청화
이계형
2012

박남수
홍기승
문동석
이현태
장종진
김경복
장청화
2013

통일 신라와 발해
전미희
류주희
이규리
김창겸
김덕원
전경숙
장청화
이계형
2012

박남수
홍기승
문동석
이현태
장종진
김경복
장청화
2013

고려 시대
전미희
류주희
이규리
한정수
손민호
황영수
전경숙
장청화
이계형
2012

류주희
홍기승
한정수
김가람
김경복
장청화
2013

조선 시대
전미희
류주희
이규리
이경찬
박귀미
이기명
이화영
이근호
장청화
이계형
2012

이규리
홍기승
이근호
김가람
김경복
장청화
2013

근대
전미희
류주희
이규리
은정태
홍문기
최보영
장청화
이계형
2012

염복규
은정태
홍동현
김경복
장청화
2013

현대
전미희
류주희
이규리
박미경
이관형
김진흠
장청화
이계형
2012

김점숙
이정은
홍동현
김경복
장청화
2013

DB 구축 참여자(2023~)

시기 구분
기획
집필
교열
감수
구축연도

근대
신재호

이주호

곽금선, 김명섭, 김상연, 김상훈, 김영진, 김진혁, 김호걸, 노성룡, 박주영, 송영화, 이양희, 이지은,

임동현, 최용준, 한보람, 한승훈, 한애라, 한준호, 홍수연

이명학
정일영
2023

현대

곽경상, 김상규, 김상연, 김재웅, 김진혁, 서홍석, 신재준, 예대열, 이길중, 이지완, 정무용

김태윤
김아람

근대
신재호

이주호

곽금선, 박주영, 박한민, 이양희, 이지은, 임동현,

주동빈, 최용준, 한보람, 한승훈, 한애라, 한준호

이명학
양진아
2024

현대

김상연, 김청강, 예대열, 이길중, 이지완

김아람

삼국
신재호

홍선이

권순홍, 김기민, 김지현, 나유정, 이종록

이준성
이정빈
2025

DB 고도화 참여자(2022~)

시기 구분
기획
해설 집필
해설 교열
감수
구축연도

근대
신재호

이홍구

곽금선, 김기성, 김명섭, 김명재, 김명환, 김상훈, 김소영, 김영진, 김헌주, 남기현, 류동연, 박순섭,

박주영, 박한민, 성주현, 송영화, 심철기, 양진아, 이성우, 이양희, 이지은, 임인재, 최보민, 최보영,

최우석, 한보람, 한승훈, 한준호

박은숙

정일영

한승훈
김도형
2022

현대

김대현, 김동주, 문민기, 박경렬, 이재석, 이지완

박광명

임광순
김아람

김태우

조선 전기
신재호

이주호

신동훈, 양정현, 윤승희, 이경동, 이상민, 이지훈

서민주
나영훈
2024

조선 후기

도주경, 문광균, 오승관, 윤민경, 임성수, 채홍병

이행묵
박범

삼국 이전
신재호

홍선이

권순홍, 김기민, 김세진, 김지현, 나유정, 이종록

이준성
이정빈
2025

고려

김도연, 김보광, 김수연, 김종혁, 김지영, 김진곤,
김효섭, 박수찬, 안주영, 오경석, 오치훈, 이민기,
이바른, 이상민, 이창섭, 정동훈, 최은규, 현수진

이현경

황향주
한정수

최종석

메인 화면

1.교양 우리 역사 메뉴 내의 콘텐츠로 이동할 수 있습니다.

2.시대별 분야에 따른 사료 목록을 확인할 수 있습니다.

3.사료로 본 한국사 내 자료를 검색할 수 있습니다.

분류별 목록 화면

1.시대에 따른 분야별 목록을 확인할 수 있습니다.

2.개별 사료 클릭시 상세화면으로 이동합니다.

상세 화면 – 한면으로 보기

1.시대별/분야별 목차를 확인할 수 있고, 다른 사료로 바로 이동할 수 있습니다. 숨기기/열기 버튼을 이용해 닫거나 열어볼 수 있습니다.

2.각 사료에 대한 국문, 원문, 해설, 참고자료 정보를 4개의 탭으로 열람할 수 있습니다.

3.두 가지 정보를 비교해 볼 수 있는 ‘나란히 보기’ 화면으로 이동합니다. 드롭박스를 통해 열람하고자 하는 정보를 선택할 수 있습니다.

4.폰트 조정, 인쇄, 목록, 오류신고, 이전/다음 사료로 이동 등의 툴바 기능을 이용할 수 있습니다.

목록화면

1.시대에 따른 분야별 사료 목록이 배열됩니다.

2.메인 화면 및 시대별 목록을 열람할 수 있습니다.

3.상세 사료 목록을 펼침/닫힘 버튼을 통해 이용할 수 있습니다.",,,,https://contents.history.go.kr/front/hm/view.do?levelId=hm_164_0070,사료로 본 한국사\items\hm_age_80_현대\hm_ty_040_문화\hm_164_0070_프로 야구의 개막.md
1133,hm_age_80,현대,hm_ty_040,문화,hm_164_0080,1990년대 한국영화계의 성장,현대 > 문화 > 현대 사회의 변화 > 1990년대 한국영화계의 성장,"최근 한국 영화전용관인 허리우드극장의 기획팀은 「90년대 한국영화의 흐름을 주도한 변수」들로 △전문 영화기획자 등장 △대기업과 창업투자사의 영화투자 △여성감독들의 등장 △충무로식 도제교육의 붕괴 △한국형 작가주의 탄생 △저예산 영화 등을 제시했다.

실제로 90년대 초부터 등장, 전문 직업군으로 자리 잡은 영화기획자들은 한국영화의 흥행 성공률을 끌어올리고 있다. 이들은 영화를 기획하면서 ‘제작비 절감, 고수익 창출’을 이루기 위해 동분서주하는 등 영화제작 전반에 걸친 프로듀서로서 자리매김하고 있다.

전문 영화기획자들은 흥행 부담 때문에 한국 영화를 액션, 코미디 등 인기 장르에만 편중시키는 부정적인 양태를 낳기도 했지만, 많은 영화를 흥행시켜 한국 영화계의 활로를 개척했다는 것이 업계의 전반적인 평가다. 그 대표적인 영화로 「투캅스」(91년 시네마서비스), 「은행나무침대」(96년 신씨네), 「접속」(97년 명필름)등을 들 수 있다.

충무로 영화계 토착자본의 힘이 퇴색하면서 등장한 대기업과 창투사 자본이 한국 영화계의 새로운 물적 토대가 됐던 것도 90년대의 특징. 최근 경험 부족으로 인한 흥행 실패와 적자로 말미암아 많은 회사들이 영화 투자를 포기하고는 있지만, 「비트」(97년 우노필름 제작, 삼성영상사업단 투자)와 같은 투자 형태의 선례로 가능성을 남겨놓았다. 특히 멀티미디어산업에 활용하기 위한 콘텐츠가 크게 부족한 대기업들로서는 지속적인 선별 투자 의지를 보이고 있다.

「낮은 목소리 2」(97년 기록영화제작소 보임)의 변영주 감독과 「세친구」(96년 삼성영상사업단)의 임순례 감독은 여성 고유의 섬세한 시각을 영화에 반영하며 사회를 향해 강력한 발언을 했다. 두 감독은 국내는 물론 해외영화제에서 괄목할 성과를 거두며 관심을 끌었다.

말이 좋아 도제교육일 뿐, 영화판에 뛰어들어 온갖 허드렛일을 해야만 했던 영화인들의 등단방식이 사라지고 있는 것도 주목할 만한 점이다. 지난해 「초록물고기」(감독 이창동), 「넘버 3」(감독 송능한)이 작품성과 흥행성 면에서 성공 사례를 남긴 것을 비롯해 「억수탕」의 곽경택, 「모텔 선인장」의 박기용 등 해외유학파 신인 감독들이 대거 데뷔하면서 충무로 밖에서의 성공 가능성을 높여놓았다. 이들은 영화업계 관계자들로부터 “흥행에 너무 집착한다”는 비난을 사기도 했지만, 신인감독 고유의 영상 시각을 선보여 한국 영화의 질을 높이고 있다.

예술영화 전용관의 탄생, 영화 마니아층의 형성 등 작가주의 영화제작 풍조가 한국 영화계에 발현되기 시작한 점도 주목된다. 「돼지가 우물에 빠진 날」(감독 홍상수, 96년 동아수출공사)과 같은 영화가 예술전용관을 통해 장기간 상영되고, 상영기간 동안 꾸준히 관객을 동원하는 성과를 거뒀다.

작가주의의 발현에 힘입어 감독의 독창성이 살아 숨 쉬는 영화, 즉 저예산 영화제작의 붐이 일고 있는 것도 관심거리다. 「악어」(감독 김기덕, 96년), 「산부인과」(감독 박철수, 97년), 「바리케이드」(감독 윤인호)등과 같은 저예산 영화들이 우리 사회 곳곳에 카메라를 들이밀며 한국영화의 제작풍토와 질을 넓히고 있다.

「이은용, 「90년대 한국영화의 흐름」, 『전자신문』 1998년 2월 26일

최근 한국영화전용관인 허리우드극장의 기획팀은 「90년대 한국영화의 흐름을 주도한 변수」들로 △전문 영화기획자 등장 △대기업과 창업투자사의 영화투자 △여성감독들의 등장 △충무로식 도제교육의 붕괴 △한국형 작가주의 탄생 △저예산 영화 등을 제시했다.

실제로 90년대 초부터 등장, 전문 직업군으로 자리잡은 영화기획자들은 한국영화의 흥행 성공률을 끌어올리고 있다. 이들은 영화를 기획하면서 ‘제작비 절감, 고수익 창출’을 이루기 위해 동분서주하는 등 영화제작 전반에 걸친 프로듀서로서 자리매김하고 있다.

전문 영화기획자들은 흥행부담 때문에 한국영화를 액션, 코미디 등 인기장르에만 편중시키는 부정적인 양태를 낳기도 했지만, 많은 영화를 흥행시켜 한국영화계의 활로를 개척했다는 것이 업계의 전반적인 평가다. 그 대표적인 영화로 「투캅스」(91년 시네마서비스), 「은행나무침대」(96년 신씨네), 「접속」(97년 명필름)등을 들 수 있다.

충무로 영화계 토착자본의 힘이 퇴색하면서 등장한 대기업과 창투사 자본이 한국영화계의 새로운 물적 토대가 됐던 것도 90년대의 특징. 최근 경험부족으로 인한 흥행 실패와 적자로 말미암아 많은 회사들이 영화투자를 포기하고는 있지만, 「비트」(97년 우노필름 제작, 삼성영상사업단 투자)와 같은 투자형태의 선례로 가능성을 남겨놓았다. 특히 멀티미디어산업에 활용하기 위한 콘텐츠가 크게 부족한 대기업들로서는 지속적인 선별투자 의지를 보이고 있다.

「낮은 목소리 2」(97년 기록영화제작소 보임)의 변영주 감독과 「세친구」(96년 삼성영상사업단)의 임순례 감독은 여성 고유의 섬세한 시각을 영화에 반영하며 사회를 향해 강력한 발언을 했다. 두 감독은 국내는 물론 해외영화제에서 괄목할 성과를 거두며 관심을 끌었다.

말이 좋아 도제교육일 뿐,영화판에 뛰어들어 온갖 허드렛일을 해야만 했던 영화인들의 등단방식이 사라지고 있는 것도 주목할 만한 점이다. 지난해 「초록물고기」(감독 이창동), 「넘버 3」(감독 송능한)이 작품성과 흥행성 면에서 성공사례를 남긴 것을 비롯해 「억수탕」의 곽경택, 「모텔 선인장」의 박기용 등 해외유학파 신인감독들이 대거 데뷔하면서 충무로 밖에서의 성공 가능성을 높여놓았다. 이들은 영화업계 관계자들로부터 “흥행에 너무 집착한다”는 비난을 사기도 했지만, 신인감독 고유의 영상시각을 선보여 한국영화의 질을 높이고 있다.

예술영화 전용관의 탄생,영화 마니아층의 형성 등 작가주의 영화제작 풍조가 한국영화계에 발현되기 시작한 점도 주목된다. 「돼지가 우물에 빠진 날」(감독 홍상수, 96년 동아수출공사)과 같은 영화가 예술전용관을 통해 장기간 상영되고,상영기간동안 꾸준히 관객을 동원하는 성과를 거뒀다.

작가주의의 발현에 힘입어 감독의 독창성이 살아숨쉬는 영화,즉 저예산 영화제작의 붐이 일고 있는 것도 관심거리다. 「악어」(감독 김기덕, 96년), 「산부인과」(감독 박철수, 97년), 「바리케이드」(감독 윤인호)등과 같은 저예산 영화들이 우리사회 곳곳에 카메라를 들이밀며 한국영화의 제작풍토와 질을 넓히고 있다.

이은용, 「90년대 한국영화의 흐름」, 『전자신문』 1998년 2월 26일

이 자료는 1990년대 영화계의 변화를 다음의 여섯 가지 측면에서 압축하여 설명하고 있다. 첫째, 전문 영화 기획자의 등장, 둘째, 대기업과 창업 투자사의 영화 투자, 셋째, 여성 감독들의 등장, 넷째, 충무로식 도제 교육의 붕괴, 다섯째, 한국형 작가주의 탄생, 여섯째, 저예산 영화의 등장이다.

이 자료가 게재된 『전자신문』은 1982년 과학전문지를 주창하며 창간된 주간지이다. 1989년 일간지가 되었고, 1990년부터 PC통신 천리안II, 하이텔 등을 통해 온라인 뉴스 파일을 보급했다. 1994년부터 『전자신문』은 뉴미디어면을 신설하여 한국 사회에 게임, CD, 영화, 앨범 등 영상 오락물과 케이블TV와 위성 방송 관련 기사들을 전문적으로 실었다. 이 자료의 작성자인 이은용은 정보통신부와 문화관광부, 방송통신위원회 출입 기자로, 1990년대 영화 산업의 변화를 신속하게 파악하여 보도하였다.

1980년대 후반부터 한국 사회는 민주화를 기점으로 빠르게 변하기 시작하였다. ‘세계화’로 일컬어지는 세계 문화에 대한 개방과 더불어, 물질문화에 대한 소비주의, ‘X세대’와 ‘오렌지족’으로 대변되는 개인주의적 ‘신세대’ 문화가 급속히 퍼졌다. 공영 방송에 독식되었던 방송 산업도 상업 케이블TV 방송과 위성 방송의 보급, PC통신을 비롯한 디지털 매체의 확장 등 소위 사이버문화의 플랫폼까지 확장이 되었다. 전두환 정권의 “3S정책”(Sports, Sex, Screen)에 의해 에로 영화 일색이었던 영화업계는 컬러텔레비전과 비디오 시장(1993년 보급률 80%)에 밀려 관객이 급속도로 줄어들었다. 또한 6차 영화법 개정을 통해 1988년 〈위험한 정사〉를 시작으로 외국 영화 회사의 직접 배급이 시작되어 외국 영화와의 경쟁도 가중되는 등 영화업계는 어려운 환경에 처했다.

이러한 상황에서 1962년 제정된 〈영화법〉은 1995년에 〈영화진흥법〉으로 바뀌어 새로운 시대에 부응하기 시작했다. 과거의 영화법이 영화 산업을 통제하던 기조가 강했다면 〈영화진흥법〉은 개방과 합리화를 강조하였다. 김영삼 정부는 “쥬라기 공원이 벌어들인 돈이 현대자동차 150만대 수출해 거둔 수익과 맞먹는다”며 공보의 영역에 있던 영상 산업을 1995년부터 준제조업에 해당하는 산업으로 인정했다. 이에 따라 등록제 실시, 수출 자유, 문화 영화 동시상영제도가 폐지되었다. 제조업에 준하는 금융과 세제 혜택도 뒤따랐다. 1996년에는 사전 검열 폐지 및 심의제 도입으로 영화 예술에도 표현의 자유가 보장되기 시작했고, 영화 예술인들의 창작욕이 증대되었다. 1999년 김대중 정부는 〈문화산업진흥기본법〉을 발의하였으며, 이에 따라 영화 제작을 위한 영화 투자사의 설립이 가능해졌다. 김대중 정부는 “지원하되 간섭하지 않는다”라는 모토 아래 영화 산업을 지원했다. 그 결과 1993년 15.9%에 불과했던 극장의 한국 영화 점유율은 1999년 39.78%로 급성장하며, ‘한국영화의 르네상스’ 시대가 열렸다.

이 자료에서 언급한 전문 영화 기획자의 등장과 대기업, 창업 투자사의 진출은 위와 같은 1990년대 제도적 변화 아래에 가능했다. 〈투캅스〉, 〈은행나무 침대〉, 〈접속〉 등의 영화가 일반 투자를 받아 제작되었는데, 이른바 ‘기획 영화’의 시작이었다. 기획 영화는 일반 기업의 마케팅 방식을 도입하여, 수요에 맞는 영화를 기획하고, 전문 프로듀서가 영화 아이디어에 시나리오 집필, 감독, 배우, 스태프의 캐스팅, 펀딩을 묶어서 시장에 내놓는 방식이었다. 가장 대표적인 기획 영화의 성공 사례로 꼽히는 영화는 〈결혼이야기〉(삼성영상사업단 투자)와 〈미스터맘마〉(대우 투자)였다. 〈은행나무 침대〉는 금융 자본으로 만든 첫 사례였다. 대기업의 투자는 영화의 질적 향상에도 도움을 주었다. 삼성나이세스는 1994년부터 4년간 〈서울단편영화제>를 지원하여 신인 감독들의 배출을 도왔다. 이후 삼성영상사업단, 대우 등은 IMF로 인해 사업을 종료하기까지 영화 산업에 투자, 제작을 지속하였다.

여성 영화감독이 늘어난 것도 1990년대 한국 사회의 문화적 변동과 여성주의 확산을 반영한 것이다. 1980년대 이전에 한국의 여성감독은 박남옥, 홍은희, 최은희, 황혜미 단 4명에 불과했다. 1980년대부터 이미례, 임순례 감독이 활동하기 시작했다. 1990년대에는 변영주, 임순례, 이정향 (〈미술관 옆 동물원〉(1998)) 감독이 주목을 받기 시작했다. 2000년대에는 정재은, 방은진 등 여성 감독들의 데뷔가 이어졌다. 또한 1990년대부터 대학가를 중심으로 여성주의 담론이 왕성하게 확산되면서, 여성 관객을 타깃으로 한 영화 〈나는 소망한다 내게 금지된 것을〉(장길수, 1994), 〈무소의 뿔처럼 혼자 가라〉(오병철, 1995), 〈처녀들의 저녁식사〉(임상수, 1998) 등이 등장하여 주목을 받았다.

1990년대에는 영화인의 수급에 있어서도 큰 변화가 있었다. 1984년에 문화공보부 영화 진흥 5개년 계획에 의거하여 한국영화아카데미(KAFA)가 설립되었다. ‘기획 영화’의 대표격인 〈결혼이야기>의 김의석을 비롯하여 봉준호, 김태용, 박기용, 민규동 등이 한국영화아카데미에서 수련을 받았다. 1990년대 들어 해외 유학파들이 영화판에 등장하였다. 장윤현(헝가리), 임순례(프랑스), 곽경택(뉴욕), 홍상수(시카고) 등 해외 유학파 감독들도 다양한 장르적, 예술적 영화들을 만들기 시작했다. 영화 제작의 다양성은 〈씨네21〉, 〈키노〉, 〈스크린〉, 〈프리미어〉, 〈필름 2.0〉 등 영화 전문 잡지의 대중적 소비와 영화를 사랑하는 사람이라는 뜻의 ‘시네필’들의 등장으로 인해 힘을 받았다. 코아아트홀, 동숭아트센터 등 예술 영화 전용관의 설립을 통해 저예산 영화, 각국의 예술 영화 상영과 관람이 가능해졌다. 케이블 TV의 OCN 등 영화 전문 채널과 PC통신을 통한 영화 동아리 또한 시네필 문화를 형성하는데 큰 역할을 하였다. 1997년 부산국제영화제(1996)를 시작으로 부천판타스틱영화제(1997), 서울국제여성영화제(1997), 전주국제영화제(2000) 등이 출범하며, 한국 영화의 질적 성장과 국제화, 그리고 시네필 문화의 형성에 크게 기여하였다.

이 글의 내용은 집필자의 개인적 견해이며, 국사편찬위원회의 공식적 견해와 다를 수 있습니다.

참고문헌

논문

김익상·김승경, 「1990년대 기획영화 탄생의 배경과 요인 연구」, 『씨네포럼』 27, 2017.
원철린·김성욱, 「전자신문에 대한 고찰: IT전문지의 경영성과 및 대중적 산업전문지로의 성장을 중심으로」, 『디지털융복합연구』, 11-11, 2013.

저서

김형석 외, 『1990년대 한국 영화: 우리가 알고 있는 한국영화의 모든 것』, 앨피, 2022.
Andrew Jackson, The Late and Post-Dictatorship Cinephilia Boom and Art Houses in South Korea, Edinburgh University Press, 2024.

편저

안지혜, 「제5차 영화법 개정 이후의 영화정책 (1985-2002)」, 김동호 외, 『한국영화정책사』, 나남, 2005.

관련사이트

[https://www.etnews.com/199802260008] 이은용, 「90년대 한국영화의 흐름」, 『전자신문』 1998년 2월 26일

[https://www.kmdb.or.kr/story/146/3106] [90년대 후반] 1990년대, 영화를 즐기는 이들은 진정 행복했다!: 열혈 영화마니아, 1990년대 중후반을 추억하다, 한국영상자료원

[https://www.kmdb.or.kr/story/15/5153] [한국영화사100년]혁신의 시작, 1990~1994년 - 한국영화의 새로운 챕터가 열리다, 한국영상자료원",,,,https://contents.history.go.kr/front/hm/view.do?levelId=hm_164_0080,사료로 본 한국사\items\hm_age_80_현대\hm_ty_040_문화\hm_164_0080_1990년대 한국영화계의 성장.md
1134,hm_age_80,현대,hm_ty_040,문화,hm_165_0010,남극의 세종 과학 기지 건설,현대 > 문화 > 세계 속의 한국 > 남극의 세종 과학 기지 건설,"7. 남극 과학기지(세종) 준공 현판식

가. ‘88.2.16 오후 기상조건의 허용과 칠레 정부의 적극적인 협조로 공군기를 이용, 예정대로 푼타아레나스를 출발, 남극 킹조지섬에 도착하였으며, 동일 저녁 9시 30분부터 약 10분간 전대통령과 박[긍식]장관 간의 통화가 있었음.

나. ‘88.2.17 오전 10:00(현지시간)에 역사적인 세종 남극과학기지의 준공 현판식을 개최, 송원오 남극기지 건설 단장의 경과 보고와 허형택 해양(연[구소])소장의 치사 및 당처[과학기술처] 박장관의 치사와 이용훈 주칠레대사의 축사가 있었음.

다. 준공식 후 “세종 남극과학기지(King Sejong Station)” 현판식이 있었고, 본관동의 Tape-cutting이 있었음.

라. 동 준공 현판식에는 소련, 중공, 칠레, 스페인 등 남극과학기지장들이 참석하였고, 2개월이란 단기간에 훌륭한 기지를 건설, 좋은 시설을 갖춘 한국에 대해 찬사를 아끼지 않았고 새로운 인식 제고의 기회가 되었음.

- 과학기술처, 「칠레 방문 및 남극과학기지 준공 현판식 보고」(1988.2.22.), 4쪽, 『남극기지 설치, 1985-88 : 8권, 준공설치』, 외교부 국제법규과, 1988.

「내가 본 남극과 세종기지」

세계에서 18번째로 남극에 과학기지를 건설한 한국. 현지모습과 앞으로의 과제를 살펴본다.

백색의 사막, 인류최후의 대륙으로 불리우고 있는 남극에 우리나라 연구기지가 세워지고 있다. 지난해 12월16일 공사를 시작한 세종기지(The King Sejong Station)는 2월5일 공사를 마치게 된다.

까마득한 태고부터 쌓여온 수천m 깊이의 눈과 지상 최악의 기상조건으로 탐험가의 모험이나 학자들의 연구대상이 되어왔던 남극에 우리도 연구자의 일원으로 접근한 것이다. 우리의 세종기지는 광활한 남극대륙에 진출하기 위한 교두보가 될 것이다. 1820년 영국의 '브린드 필드'에 의해 발견된 남극대륙은 극한상황을 이길 수 있는 과학기술의 발달과 고갈되어 가는 자원의 확보를 위해 세계각국이 관심을 갖기 시작했다. 현재 17개국에서 44개의 상설과학기지를 운영하면서 각자 남극의 활용방안을 연구하고 있다.

… (중략) …

우리 기지의 규모는 거주동 64평, 연구동 81평, 하계연구동 42평, 발전 및 식품저장고 1백21평, 장비지원동 49평, 지자기관측동 및 지진파동 각 5평 등 모두 4백20평이다.

그외 부대시설로 3m 깊이의 부두시설 담수설비 소각설비 저유시설 통신시설 냉동 및 냉장시설 등. 통신 및 소각시설을 제외하고는 모두 국산기자재를 사용했으며 건물들은 모두 조립식으로 한국에서 모든 부품 자재들을 제작했고 현지에서는 조립만 한 것이다. 눈보라를 피하기 위해 건물은 지상에서 1.5m 높이의 고상식(高床式)으로 했고 지붕은 완만한 경사의 평면으로 했다. 고드름을 없애기 위해 처마를 없앤 형태의 독특한 건물이다.

특히 소각시설은 모든 오물과 폐기물들을 완전히 소각시킬 수 있는 것으로 우리 기지만이 갖춘 장점. 소각연기까지 고려될 정도로 각국 기지들은 환경보존에 관심을 쏟고 있다.

대부분의 남극기지 방문자들은 칠레공군수송기를 이용하는데 날씨 때문에 비행계획이 바꿔지기 일쑤다. '휴고'란 칠레공군수송장교는 ""언제 남극에 간다거나 남극에서 나간다는 말은 하지 말라""고 귀뜸한다. 그만큼 이곳의 기상변화가 심하다는 뜻이다. 특히 남극대륙과 남미대륙 사이에 있는 드레이크해협은 세계적인 악천후지역으로 남극비행이나 항해의 중요한 장애지역. 남빙양의 찬물과 대서양 태평양의 따뜻한 물이 부딪치면서 심한 기후변화와 함께 풍랑을 일으키고 유빙(流氷)까지 겹쳐 선박의 항해가 어려운 곳이다.

… (중략) …

18개국, 64개 과학기지에서 연구중

남극대륙에서 맨처음 상주기지를 설치한 나라는 칠레. 1947년 칠레가 상주기지를 설치한 이후 과학적 탐사 영토확보 및 군사적 목적을 위해 많은 나라들이 잇따라 기지를 설치했다.

현재 가장 많은 기지를 갖고 있는 나라는 미국으로 남극대륙에 1개의 하계기지를 포함, 모두 6개의 기지를 갖고 있다. 소련도 4개의 여름기지를 포함 6개의 기지를 갖고 있어 활발한 연구활동을 하고 있다.

미국이 갖고 있는 기지는 지난 56년에 남극점에 건설한 '아문젠 스코트'기지를 비롯해 남극대륙에서 병참기지 구실을 하는 맥머드기지가 있다. 이 기지에는 건물만 1백50여동이 있다. 미국의 4개 상설기지에 근무하는 과학자 수는 1백80여명이며 연간 운영경비는 1억2천만달러(84년기준). 맥머드기지에서는 원자력발전소를 가동시킨 적이 있었으나 남극의 비핵화조약에 따라 75년에 원전이 철거됐다.

최대인원을 수용하고 있는 기지는 소련의 모로조지나야기지로 상주인원은 1백20명. 킹조지섬에 있는 소련의 베링하우젠기지는 치과의사까지 있는 상주인원이 30명에 가까운 큰 기지다. 동독은 이 소련기지의 방 두칸짜리 건물을 빌어 2명의 과학자가 있는 초미니기지. 국기게양대에는 소련기지밑에 동독기가 바람에 펄럭이고 있다.

일본은 옹골섬에 월동대원 약 30명을 수용하는 쇼와(昭和)기지를 두고 있다. 또 내륙에는 미즈호기지와 간이관측소(아스카관측소)를 두고 내륙의 빙설과 지구과학을 중심으로 관측을 수행하고 있으며 로킷발사대까지 갖춰놓고 있다. 일본은 전천후 쇄빙선 시레세호(1만1천6백t)를 보유하고 있어 전천후 탐사활동이 가능하다.

킹조지섬에는 가장 많은 기지가 몰려 있다. 아르헨티나 소련 칠레 폴란드 중공 우루과이 브라질기지 등 7개가 있고 우리나라 기지까지 들어서면 모두 8개가 된다. 소련에 붙어 있는 동독기지까지 합치면 모두 9개가 되는 셈이다. 이 가운데 칠레의 마쉬기지는 군인들이 주둔하고 있는 준군사기지.

… (중략) …

남극은 과학적 연구협조와 영토의 확보란 이율배반의 두 개념이 혼재하고 있다. 이 속에 뛰어든 우리나라는 어떤 새로운 연구과제를 택할 것이며, 결국 이들 연구가 국제사회에 어떻게 받아들여질것인가 주목된다.

『과학동아』 1988년 2월호

7. 南極 科學基地(世宗) 竣工 懸板式

가. ‘88.2.16 午後 氣象條件의 許容과 칠레 政府의 積極的인 協調로 空軍機를 利用, 豫定대로 푼타아레나스를 出發, 南極 킹조지섬에 到着하였으며, 同一 저녁 9時 30分부터 약 10分間 全大統領과 朴長官間의 通話가 있었음.

나. ‘88.2.17 午前 10:00(現地時間)에 歷史的인 世宗 南極科學基地의 竣工 懸板式을 開催, 송원오 南極基地 建設 團長의 經過 報告와 허형택 海洋(硏)所長의 致謝 및 當處 朴長官의 致謝와 이용훈 駐칠레大使의 祝辭가 있었음.

다. 竣工式後 “世宗 南極科學基地(King Sejong Station)” 懸板式이 있었고, 본관동의 Tape-cutting이 있었음.

라. 同竣工 懸板式에는 蘇聯, 中共, 칠레, 스페인 등 南極科學基地長들이 참석하였고, 2個月이란 短期間에 훌륭한 基地를 建設, 좋은 施設을 갖춘 韓國에 대해 讚辭를 아끼지 않았고 새로운 認式 提高의 機會가 되었음.

- 科學技術處, 「칠레訪問 및 南極科學基地竣工懸板式報告」(1988.2.22.), 4쪽, 『남극기지 설치, 1985-88 : 8권, 준공설치』, 외교부 국제법규과, 1988.

「내가 본 남극과 세종기지」

세계에서 18번째로 남극에 과학기지를 건설한 한국. 현지모습과 앞으로의 과제를 살펴본다.

백색의 사막, 인류최후의 대륙으로 불리우고 있는 남극에 우리나라 연구기지가 세워지고 있다. 지난해 12월16일 공사를 시작한 세종기지(The King Sejong Station)는 2월5일 공사를 마치게 된다.

까마득한 태고부터 쌓여온 수천m 깊이의 눈과 지상 최악의 기상조건으로 탐험가의 모험이나 학자들의 연구대상이 되어왔던 남극에 우리도 연구자의 일원으로 접근한 것이다. 우리의 세종기지는 광활한 남극대륙에 진출하기 위한 교두보가 될 것이다. 1820년 영국의 '브린드 필드'에 의해 발견된 남극대륙은 극한상황을 이길 수 있는 과학기술의 발달과 고갈되어 가는 자원의 확보를 위해 세계각국이 관심을 갖기 시작했다. 현재 17개국에서 44개의 상설과학기지를 운영하면서 각자 남극의 활용방안을 연구하고 있다.

… (중략) …

우리 기지의 규모는 거주동 64평, 연구동 81평, 하계연구동 42평, 발전 및 식품저장고 1백21평, 장비지원동 49평, 지자기관측동 및 지진파동 각 5평 등 모두 4백20평이다.

그외 부대시설로 3m 깊이의 부두시설 담수설비 소각설비 저유시설 통신시설 냉동 및 냉장시설 등. 통신 및 소각시설을 제외하고는 모두 국산기자재를 사용했으며 건물들은 모두 조립식으로 한국에서 모든 부품 자재들을 제작했고 현지에서는 조립만 한 것이다. 눈보라를 피하기 위해 건물은 지상에서 1.5m 높이의 고상식(高床式)으로 했고 지붕은 완만한 경사의 평면으로 했다. 고드름을 없애기 위해 처마를 없앤 형태의 독특한 건물이다.

특히 소각시설은 모든 오물과 폐기물들을 완전히 소각시킬 수 있는 것으로 우리 기지만이 갖춘 장점. 소각연기까지 고려될 정도로 각국 기지들은 환경보존에 관심을 쏟고 있다.

대부분의 남극기지 방문자들은 칠레공군수송기를 이용하는데 날씨 때문에 비행계획이 바꿔지기 일쑤다. '휴고'란 칠레공군수송장교는 ""언제 남극에 간다거나 남극에서 나간다는 말은 하지 말라""고 귀뜸한다. 그만큼 이곳의 기상변화가 심하다는 뜻이다. 특히 남극대륙과 남미대륙 사이에 있는 드레이크해협은 세계적인 악천후지역으로 남극비행이나 항해의 중요한 장애지역. 남빙양의 찬물과 대서양 태평양의 따뜻한 물이 부딪치면서 심한 기후변화와 함께 풍랑을 일으키고 유빙(流氷)까지 겹쳐 선박의 항해가 어려운 곳이다.

… (중략) …

18개국, 64개 과학기지에서 연구중

남극대륙에서 맨처음 상주기지를 설치한 나라는 칠레. 1947년 칠레가 상주기지를 설치한 이후 과학적 탐사 영토확보 및 군사적 목적을 위해 많은 나라들이 잇따라 기지를 설치했다.

현재 가장 많은 기지를 갖고 있는 나라는 미국으로 남극대륙에 1개의 하계기지를 포함, 모두 6개의 기지를 갖고 있다. 소련도 4개의 여름기지를 포함 6개의 기지를 갖고 있어 활발한 연구활동을 하고 있다.

미국이 갖고 있는 기지는 지난 56년에 남극점에 건설한 '아문젠 스코트'기지를 비롯해 남극대륙에서 병참기지 구실을 하는 맥머드기지가 있다. 이 기지에는 건물만 1백50여동이 있다. 미국의 4개 상설기지에 근무하는 과학자 수는 1백80여명이며 연간 운영경비는 1억2천만달러(84년기준). 맥머드기지에서는 원자력발전소를 가동시킨 적이 있었으나 남극의 비핵화조약에 따라 75년에 원전이 철거됐다.

최대인원을 수용하고 있는 기지는 소련의 모로조지나야기지로 상주인원은 1백20명. 킹조지섬에 있는 소련의 베링하우젠기지는 치과의사까지 있는 상주인원이 30명에 가까운 큰 기지다. 동독은 이 소련기지의 방 두칸짜리 건물을 빌어 2명의 과학자가 있는 초미니기지. 국기게양대에는 소련기지밑에 동독기가 바람에 펄럭이고 있다.

일본은 옹골섬에 월동대원 약 30명을 수용하는 쇼와(昭和)기지를 두고 있다. 또 내륙에는 미즈호기지와 간이관측소(아스카관측소)를 두고 내륙의 빙설과 지구과학을 중심으로 관측을 수행하고 있으며 로킷발사대까지 갖춰놓고 있다. 일본은 전천후 쇄빙선 시레세호(1만1천6백t)를 보유하고 있어 전천후 탐사활동이 가능하다.

킹조지섬에는 가장 많은 기지가 몰려 있다. 아르헨티나 소련 칠레 폴란드 중공 우루과이 브라질기지 등 7개가 있고 우리나라 기지까지 들어서면 모두 8개가 된다. 소련에 붙어 있는 동독기지까지 합치면 모두 9개가 되는 셈이다. 이 가운데 칠레의 마쉬기지는 군인들이 주둔하고 있는 준군사기지.

… (중략) …

남극은 과학적 연구협조와 영토의 확보란 이율배반의 두 개념이 혼재하고 있다. 이 속에 뛰어든 우리나라는 어떤 새로운 연구과제를 택할 것이며, 결국 이들 연구가 국제사회에 어떻게 받아들여질것인가 주목된다.

『과학동아』 1988년 2월호

이 사료는 1988년 2월 17일 한국 최초의 남극과학기지인 남극세종과학기지의 준공 현판식을 다룬 과학기술부 공식 문서와 언론의 취재 기사이다. 남극은 1819년 영국의 선원들이 처음 발견하고 1911년 노르웨이의 탐험가 아문젠(Roald Engelbregt Gravning Amundsen)이 남극점 도달에 성공한 이래, 1957~58년 국제지구물리관측년도(IGY)를 통해 처음 체계적인 연구·관측이 이루어지기 시작했다. 이듬해인 1959년 12월 1일 미국을 포함한 12개국은 남극조약을 체결하고, 1961년 6월 23일 정식 발효되었는데, 그 내용은 남극의 환경보호 및 평화적 이용, 비핵지역으로의 설정 등이다. 이 조약은 냉전 이후 최초로 체결된 군비 규제 협정이었다.

대한민국은 1978년 수산청의 지원으로 남극해에서 처음으로 크릴새우 시험 조업을 하고, 1985년 2월 한국남극관측 탐험대가 현재 기지가 위치한 킹죠지(King George) 섬을 처음 조사했다. 이 섬은 남극 서남부지역의 남극반도 앞바다에 위치한 남쉐틀랜드(South Shetland) 군도에 있다. 대한민국은 1986년 11월 28일 세계에서 33번째로 남극조약에 가입했으며, 1987년 초부터 외무부와 과학기술처를 중심으로 남극기지 건설에 박차를 가했다. 1987년 4~5월 이 지역을 답사한 조사단은 기지의 최종건설 후보지로 킹죠지섬 바튼(Barton) 반도의 북서 해안을 선정했다.

1987년 12월 15일 174명의 건설단이 현장에 도착해 기지를 착공하였고, 1988년 2월 17일 기지의 준공이 완료되었다. 이는 세계에서 18번째로 설치된 남극 과학기지였다. 이날 전두환 대통령이 기지에 축하전화를 전했고, 박긍식 과학기술부장관의 치사가 현장에서 낭독되었다. 이후 대한민국은 1989년 남극조약 이사국인 남극조약협의당사국(ATCP) 지위를 획득했고, 1990년 개최된 제21차 남극연구과학위원회(SCAR) 총회에서 정회원국으로 가입했다.

또한 남극 세종과학기지 건설 이전에 과학기술처 한국과학기술연구소(KIST) 부설 해양연구소 산하 극지연구실(현 극지연구소(KOPRI))이 1987년 3월 설치되었다. 이곳에서 남극 세종과학기지를 포함한 극지방 기지의 연구와 상주 업무를 담당했다. 1988년 남극세종과학기지에 이어 2002년 4월 28일에는 노르웨이령 스피츠베르겐(Spitsbergen) 섬에 북극다산과학기지가 설치되었다. 2009년 11월에는 극지방 결빙해역의 연구 및 기지보급을 위한 쇄빙연구선 ‘아라온’이 한국 최초로 건조·진수되었고, 2014년 2월 12일 남극 대륙 동남부에 위치한 북빅토리아랜드 테라노바(Terra Nova) 만 연안에 한국의 두번째 남극 과학기지인 남극장보고과학기지가 건설되었다. 이로써 대한민국은 세계에서 10번째로 남극에 2개 이상의 기지를 운영하는 국가로 기록되었다.

이곳에서는 해양생태계, 지질·지구물리학, 기후 변화를 비롯한 대기과학, 우주과학 등 다양한 연구활동과, 광물자원 및 수산자원 등의 탐사활동이 진행되고 있다. 남극세종과학기지의 건설은 한국 과학기술의 발전과 국력의 신장, 국제 사회에서의 대외신인도 향상에 이정표가 되는 사건이었다.

이 글의 내용은 집필자의 개인적 견해이며, 국사편찬위원회의 공식적 견해와 다를 수 있습니다.

참고문헌

논문

김동욱, 「남극 세종과학기지 건설기」, 『KOREAN JOURNAL of Polar Research』 1(2), 1990.
장순근, 「남극과 우리 ‘세종기지’」, 『과학과 기술』 32(6), 1999.
이종수, 「혹독한 자연환경을 극복한 세종기지, 국내 건설사에 한 획 그어」, 『기계설비』 234, 2010.

저서

극지연구소 기지지원팀, 『대한민국 남극 세종과학기지 방문가이드북』, 극지연구소, 2012.
남극세종과학기지 30년 기념 도서출판위원회, 『남극세종과학기지, 그 서른 해의 이야기 : 1988-2018』, 극지연구소, 2017.",,,,https://contents.history.go.kr/front/hm/view.do?levelId=hm_165_0010,사료로 본 한국사\items\hm_age_80_현대\hm_ty_040_문화\hm_165_0010_남극의 세종 과학 기지 건설.md
1135,hm_age_80,현대,hm_ty_040,문화,hm_165_0020,서울 올림픽 개최,현대 > 문화 > 세계 속의 한국 > 서울 올림픽 개최,"단합‧참여로 ‘교화국민의 기적’ 이룩

서울올림픽 개막에 즈음한 특별담화

친애하는 내외국민 여러분.

온 국민이 뜻과 힘을 모아 7년을 준비해 온 서울올림픽의 개막이 사흘 뒤로 다가왔습니다. 세계 모든 나라 사람들이 서울에 모이고 있습니다.

……(중략)……

저는 오늘밤 12년만에 동서세계가 다함께 참가하여 인류화합의 대축제로서 올림픽 본래의 모습을 되찾는 온전한 올림픽이 서울에서 이루어지는 이 기쁨을 우리 국민은 물론 모든 세계인과 함께 나누고자 합니다.

……(중략)……

서울올림픽은 비단 스포츠뿐 아니라 문화, 예술, 학술면에서도 동과 서, 우리와 세계가 함께 만나 인류가 하나의 이상을 지향하는 올림픽 운동의 높은 꿈을 구현하고 있습니다.

불과 한 세대 전, 세계의 젋은이들이 이념을 사이에 두고 피를 흘린 치열한 전쟁터였고 아직도 위험이 도사리고 있는 이 한반도에서 ‘세계평화의 제전’이 열리는 것은 우리 모두의 가슴에 벅찬 감격과 희망을 안겨주는 것입니다.

분쟁의 땅에 평화를 심는 서울올림픽의 성화야 말로 인류에게 화합의 참뜻을 극명하게 드러내는 횃불이 될 것입니다.

그것은 더욱, 분단과 전쟁의 고통을 감수해야 했던 우리 민족에게 화해와 통일의 길을 밝혀주게 될 것입니다.

친애하는 내외국민 여러분.

올림픽이 우리 민족에게 감격스러웠던 것은 베를린에서 손기정선수가 남의 나라 국기를 가슴에 달고 마라톤의 월계관을 차지했을 때 였습니다.

우리들 선배들은 우리도 다른 나라 국민에 앞설 수 있다는 민족의 자존에 가슴설레며, 나라없는 통분에 울었습니다.

그로부터 불과 반세기가 지난 이제, 우리는 가장 성대한 올림픽을 개최하는 나라가 되었습니다.

우리가 이처럼 세계속에 우뚝 서게 된 것은 그동안 피땀어린 노력과 헌신으로 오늘의 발전을 이룩한 우리 국민의 위대함 때문입니다.

이 시간, 저는 무한히 뻗어나는 우리 민족의 저력에 큰 긍지를 온 국민과 함께 나눕니다. 저는 이 위대한 우리 국민의 힘이 서울올림픽을 안전하고 원만한 대회로 이끌어 주실 것을 확신합니다.

친애하는 내외 국민 여러분.

올림픽만큼 인류의 관심을 모으는 행사는 인류 역사상 없었습니다.

지금 이 순간, 50억 세계인류의 이목은 우리나라, 우리 국민에게 쏠려 있습니다.

지금처럼 온 국민이 희망과 기쁨 속에 한마음 한뜻으로 뭉쳤던 때는 아마 없었을 것입니다. 올림픽 관계자와 우리 선수들은 7년을 밤낮없이 땀흘려왔으며 나라 안팎의 수만 국민이 이 시간에도 아무 대가도 없는 자원봉사에 나서고 있습니다.

여야와 각계각층은 이 국가적 대사에 단합했으며 국민 여러분께서는 올림픽에 따른 불편도 참고 협조하여 모두가 서울올림픽의 주인으로 참여하고 있습니다.

저는 오늘 저녁 우리 국민들의 이 모든 노력에 깊은 감사의 말씀을 드립니다.

올림픽의 유치로부터 오늘에 이르기까지 숱한 안팎의 시련과 서울올림픽에 대한 불안을 몸으로 부닥쳐온 저는 오늘의 이 자랑스런 모습에 깊은 감회를 느끼며, 국민 여러분과 함께 나라의 장래에 밝은 희망을 느낍니다.

가난과 정쟁의 폐허 위에 세계가 놀란 ‘경제의 기적’을 이루었고 국가의 위기를 ‘민주정치의 기적’으로 극복한 우리 국민은 한강변에 또 하나의 기적, 선진국이 치른 어떤 올림픽보다 훌륭한 올림픽을 치르는 ‘교화국민의 기적’을 이룩할 것입니다.

그것은 우리 민족사의 소망인 선진국으로 들어서는 관문이 될 것이며, 세계 모든 나라와 남북관계를 개선하여 통일의 문을 여는 전기가 될 것입니다.

오늘을 사는 모든 국민이 이 대회를 일생의 보람으로 간직할 최대, 최고, 최선의 빛나는 대회로 만듭시다.

그리하여 온 인류와 함께 손잡고 평화와 번영이 가득한 희망의 세계를 창조해 갑시다.

감사합니다.

1988년 9월 14일.

「단합‧참여로 ‘교화국민의 기적’ 이룩. 서울올림픽 개막에 즈음한 특별 담화」, 『노태우대통령연설문집 제1권』, 대통령비서실.

「서울올림픽 개막에 즈음한 특별담화」, 『노태우대통령연설문집 제1권』, 대통령기록관

단합‧참여로 ‘교화국민의 기적’ 이룩

서울올림픽 개막에 즈음한 특별담화

친애하는 내외국민 여러분.

온 국민이 뜻과 힘을 모아 7년을 준비해 온 서울올림픽의 개막이 사흘 뒤로 다가왔습니다. 세계 모든 나라 사람들이 서울에 모이고 있습니다.

……(중략)……

저는 오늘밤 12년만에 동서세계가 다함께 참가하여 인류화합의 대축제로서 올림픽 본래의 모습을 되찾는 온전한 올림픽이 서울에서 이루어지는 이 기쁨을 우리 국민은 물론 모든 세계인과 함께 나누고자 합니다.

……(중략)……

서울올림픽은 비단 스포츠뿐 아니라 문화, 예술, 학술면에서도 동과 서, 우리와 세계가 함께 만나 인류가 하나의 이상을 지향하는 올림픽 운동의 높은 꿈을 구현하고 있습니다.

불과 한 세대 전, 세계의 젋은이들이 이념을 사이에 두고 피를 흘린 치열한 전쟁터였고 아직도 위험이 도사리고 있는 이 한반도에서 ‘세계평화의 제전’이 열리는 것은 우리 모두의 가슴에 벅찬 감격과 희망을 안겨주는 것입니다.

분쟁의 땅에 평화를 심는 서울올림픽의 성화야 말로 인류에게 화합의 참뜻을 극명하게 드러내는 횃불이 될 것입니다.

그것은 더욱, 분단과 전쟁의 고통을 감수해야 했던 우리 민족에게 화해와 통일의 길을 밝혀주게 될 것입니다.

친애하는 내외국민 여러분.

올림픽이 우리 민족에게 감격스러웠던 것은 베를린에서 손기정선수가 남의 나라 국기를 가슴에 달고 마라톤의 월계관을 차지했을 때 였습니다.

우리들 선배들은 우리도 다른 나라 국민에 앞설 수 있다는 민족의 자존에 가슴설레며, 나라없는 통분에 울었습니다.

그로부터 불과 반세기가 지난 이제, 우리는 가장 성대한 올림픽을 개최하는 나라가 되었습니다.

우리가 이처럼 세계속에 우뚝 서게 된 것은 그동안 피땀어린 노력과 헌신으로 오늘의 발전을 이룩한 우리 국민의 위대함 때문입니다.

이 시간, 저는 무한히 뻗어나는 우리 민족의 저력에 큰 긍지를 온 국민과 함께 나눕니다. 저는 이 위대한 우리 국민의 힘이 서울올림픽을 안전하고 원만한 대회로 이끌어 주실 것을 확신합니다.

친애하는 내외 국민 여러분.

올림픽만큼 인류의 관심을 모으는 행사는 인류 역사상 없었습니다.

지금 이 순간, 50억 세계인류의 이목은 우리나라, 우리 국민에게 쏠려 있습니다.

지금처럼 온 국민이 희망과 기쁨 속에 한마음 한뜻으로 뭉쳤던 때는 아마 없었을 것입니다. 올림픽 관계자와 우리 선수들은 7년을 밤낮없이 땀흘려왔으며 나라 안팎의 수만 국민이 이 시간에도 아무 대가도 없는 자원봉사에 나서고 있습니다.

여야와 각계각층은 이 국가적 대사에 단합했으며 국민 여러분께서는 올림픽에 따른 불편도 참고 협조하여 모두가 서울올림픽의 주인으로 참여하고 있습니다.

저는 오늘 저녁 우리 국민들의 이 모든 노력에 깊은 감사의 말씀을 드립니다.

올림픽의 유치로부터 오늘에 이르기까지 숱한 안팎의 시련과 서울올림픽에 대한 불안을 몸으로 부닥쳐온 저는 오늘의 이 자랑스런 모습에 깊은 감회를 느끼며, 국민 여러분과 함께 나라의 장래에 밝은 희망을 느낍니다.

가난과 정쟁의 폐허 위에 세계가 놀란 ‘경제의 기적’을 이루었고 국가의 위기를 ‘민주정치의 기적’으로 극복한 우리 국민은 한강변에 또 하나의 기적, 선진국이 치른 어떤 올림픽보다 훌륭한 올림픽을 치르는 ‘교화국민의 기적’을 이룩할 것입니다.

그것은 우리 민족사의 소망인 선진국으로 들어서는 관문이 될 것이며, 세계 모든 나라와 남북관계를 개선하여 통일의 문을 여는 전기가 될 것입니다.

오늘을 사는 모든 국민이 이 대회를 일생의 보람으로 간직할 최대, 최고, 최선의 빛나는 대회로 만듭시다.

그리하여 온 인류와 함께 손잡고 평화와 번영이 가득한 희망의 세계를 창조해 갑시다.

감사합니다.

1988년 9월 14일.

「단합‧참여로 ‘교화국민의 기적’ 이룩. 서울올림픽 개막에 즈음한 특별 담화」, 『노태우대통령연설문집 제1권』, 대통령비서실.

「서울올림픽 개막에 즈음한 특별담화」, 『노태우대통령연설문집 제1권』, 대통령기록관

이 사료는 1988년 서울올림픽 개최를 앞두고 노태우(盧泰愚, 1932~2021) 대통령이 발표한 대국민 담화이다. 이 담화에서 노태우가 강조한 것은 크게 두 가지였다. 첫째는 한국의 ‘발전’이다. 그는 한국이 불과 반세기만에 “가장 성대한 올림픽을 개최하는 나라”가 되었다고 말하며, “경제의 기적”과 “민주정치의 기적”에 이어 “선진국이 치른 어떤 올림픽보다 훌륭한 올림픽을 치르는 ‘교화국민의 기적’”을 이룩할 것이라고 선언하였다. 둘째는 서울올림픽의 ‘평화’적 의미이다. 노태우는 서울올림픽이 “12년만에 동서세계가 다함께 참가”하는 “세계평화의 제전”임을 강조하고, 올림픽이 “분쟁의 땅”인 한반도에 “화해와 통일의 길”을 열어줄 것이라는 기대를 보였다. 그는 서울올림픽이 “선진국으로 들어가는 관문”이자 “남북관계를 개선하여 통일의 문을 여는 전기”가 될 것이라고 선언하며 국민들의 단합과 참여를 촉구하였다.

한국 정부는 1978년 아시아 최초로 제42회 세계사격선수권대회를 개최한 이후부터 본격적으로 올림픽 유치에 뛰어들었다. 박종규(朴鍾圭, 1930~1985) 대한체육회장과 정상천(鄭相千, 1931~2015) 서울시장에 의해 올림픽 유치가 공론화되었으며, 1979년 7월에는 문교부가 ‘올림픽 유치 기본계획’을 발표하여 정부 수준의 방침을 제시하였다. 이에 1979년 9월 서울시는 1988년 제24회 올림픽경기를 서울에서 유치하기로 결정하고 하계올림픽 개최권을 획득하기 위한 경쟁에 참여하였다.

하지만 1979년 10월 박정희(朴正熙, 1917~1979) 대통령 시해, 12‧12 군사반란, 5‧18 광주민주화운동 등 국내 정치의 격변으로 인해 서울은 1980년 하반기까지 올림픽 신청서를 국제올림픽위원회(IOC, International Olympic Committee)에 제출하지 못했다. 새롭게 집권한 전두환(全斗煥, 1931~2021) 정부는 스포츠와 문화 진흥을 통해 국민들의 관심을 정치 바깥으로 돌리고, 정권 안정을 도모하였다. 이에 전두환 정부는 1988년 서울올림픽 개최를 중요한 국가 현안으로 설정하고, 1981년 2월에 공식 신청서를 IOC에 제출했다.

서울은 1988년 올림픽 개최를 두고 일본 나고야와 경쟁했다. 서울은 올림픽 개최 의지‧시설 면에서 높은 평가를 받았으나, 북한과의 대치상황으로 인한 정치적 불안과 공산진영 국가들의 반대 가능성 때문에 큰 지지를 받지 못했다. 하지만 한국 정부는 공식‧비공식적 경로를 활용하여 적극적인 외교 공세를 펼쳤고, 결국 1981년 9월 30일 서독의 바덴바덴(Baden-Baden)에서 열린 제84차 IOC 총회에서 나고야를 52대 27로 누르고 올림픽 개최권을 획득하였다. 또한 같은 해 11월 25일 인도 뉴델리에서 열린 아시아경기연맹(AGF, Asian Games Federation) 집행위원회에서 1986년 제10회 아시안게임 개최권도 확보하였다.

한국 정부는 1986년 서울아시안게임과 1988년 서울올림픽의 성공적인 개최를 위해 광범위한 사업을 벌였다. 먼저 1981년 내무부는 ‘올림픽새마을 7개년 종합계획’을 발표하였다. 올림픽새마을 사업은 “친절‧근검‧정직의 예의민족, 청결‧질서‧품위의 선진사회, 전통‧미풍양속의 문화국민”을 세계에 과시하는 것을 목표로 하였다. 1985년에는 ‘범민족올림픽중앙추진협의회’가 발족하여 올림픽 개최를 위한 각종 캠페인을 전개하였다. 또한 한국 정부는 도심지의 재개발을 실시하는 한편, 올림픽공원과 올림픽선수촌 등 경기 관람시설을 대대적으로 정비하였다.

1988년 9월 17일에 개최된 서울올림픽은 역대 올림픽 중 최대의 참여를 이끌어냈다. 1980년 모스크바올림픽과 1984년 로스앤젤레스올림픽이 냉전 상황에서 ‘반쪽 올림픽’이 되었던 것에 반해, 서울올림픽에는 새롭게 조성된 ‘탈냉전’ 분위기로 인해 공산진영 국가들이 대거 참여하였다. 16일간 열린 이 대회에서 한국은 금메달 12개, 은메달 10개, 동메달 11개 등 33개의 메달을 따내 종합 4위를 차지하여 역대 최고 성적을 거두었다.

하지만 서울올림픽 개최의 이면에는 도시빈민을 비롯한 사회 기층구성원의 배제가 존재했다. 정부는 올림픽 개최를 위한 도시경관을 조성한다는 명목으로 무허가주택지에 대한 재개발 사업을 강력히 추진하여 도시 빈민들을 삶의 터전에서 몰아내었다. 또한 도시노점상을 철거하고 부랑자와 장애인들을 강제로 보호시설에 수용하였다. 이에 따라 올림픽 개최로 인한 철거에 반대하는 대규모 시위가 전개되기도 했다.

이 글의 내용은 집필자의 개인적 견해이며, 국사편찬위원회의 공식적 견해와 다를 수 있습니다.

참고문헌

논문

김백영, 「강남 개발과 올림픽 효과: 1970~80년대 잠실 올림픽타운 조성사업을 중심으로」, 『도시연구』 17, 2017.
김명섭‧양준석, 「서울올림픽 유치의 정치외교사: 1981년 서울은 어떻게 올림픽 개최권 획득에 성공했나?」, 『국제정치논총』 54(4), 2014.
박경호‧옥광, 「서울올림픽 개최 반대여론에 대한 사회문화적 고찰」, 『체육사학회지』 21(2), 2016.
박해남, 「서울올림픽과 1980년대의 사회정치」, 서울대학교 사회학과 박사학위논문, 2018.
신종대, 「서울의 환호, 평양의 좌절과 대처: 서울올림픽과 남북관계」, 『동서연구』 25(3), 2013.

편저

김현숙 엮음, 『임자, 올림픽 한 번 해보자!』, 서울특별시시사편찬위원회, 2013.
서울역사박물관 조사연구과 엮음, 『88서울올림픽, 서울을 어떻게 변화시켰는가』, 서울역사박물관, 2017.

관련사이트

[https://www.pa.go.kr/research/contents/speech/index.jsp?spMode=view&catid=c_pa02062&artid=1307331] 「서울올림픽 개막에 즈음한 특별담화」, 대통령기록관",,,,https://contents.history.go.kr/front/hm/view.do?levelId=hm_165_0020,사료로 본 한국사\items\hm_age_80_현대\hm_ty_040_문화\hm_165_0020_서울 올림픽 개최.md
1136,hm_age_80,현대,hm_ty_040,문화,hm_165_0030,일본의 대중 문화 개방,현대 > 문화 > 세계 속의 한국 > 일본의 대중 문화 개방,"대통령의 일본 문화계인사와의 간담회 말씀 내용

(1998.10.10. 09:45-10:30, 테이코쿠호텔 파이시즈룸, 32명 참석)

(중략)

나는 이번 일본 방문에 앞서, 지금까지 한국 내에서 금지되어 왔던 일본 문화를 수용키로 결정했습니다. 이에 대해 각계의 문화계 인사와 국내에서 대화를 했는데 이중에는 찬성하는 사람도 많았고 반대하는 사람도 상당수 있었습니다. 문화계 인사들과 만난 자리에서 나는 역사를 보면, 문화쇄국주의 만큼 자신의 민족에 크나큰 피해를 끼치는 것이 없다고 말했습니다. 문화쇄국주의는 좋은 문화 또는 외부문화의 자극을 받지 못하게 함으로서 자국의 문화가 침체되어 마지막에는 몰락해버리게 됩니다.

(중략)

이런 점을 보면 문화의 쇄국주의가 얼마나 큰 피해를 끼치는 것인가를 잘 알 수 있습니다. 다른 문화를 받아들여도 무비판적으로 그냥 받아들이기만 하고 재창조를 하지 않는다면 그 역시 커다란 해를 끼치게 됩니다. 우리들은 일본으로부터 문화를 받아들여 자극을 받으면서 우리문화 발전에 기여토록 해 나갈 것이며, 우리문화가 융성해 짐에 따라 일본문화도 함께 융성해 질 수 있을 것입니다. 과거 역사를 보면 한국문화가 융성하면 일본문화도 융성해졌다는 점을 알 수 있을 것입니다.

이런 의미에서 일본문화 수용은 우리나라에만 국한된 문제도 아니고 또한 이 이상 시대흐름에 뒤떨어져서는 안 된다는 점을 나는 강조하고 설득했습니다.

나는 일본문화를 받아들이는 문제와 관련해 공식발표에서는 단계적으로 한다고 말했습니다만, 일본총리에 대하여는 상당한 속도로 추진할 것이라는 점을 밝힌 바 있습니다. 이는 대통령인 나의 신념입니다. 또한 나는 한.일 양국 문화계 인사를 중심으로 문화교류협의회를 창설, 상호 어떻게 문화교류를 하면 좋을까 하는 점을 전문 문화계 인사들이 서로 상의하고 정부는 그 결과를 받아들여 실천에 옮길 것을 오부치 총리에게 제안했고 오부치 총리도 좋은 의견으로 받아들였습니다. 가까운 시일내 설치될 것으로 생각하며 여러분들 가운데서도 그 속에 참여해 지원해 주실 분도 당연히 계시리라고 생각합니다.

(중략)

끝으로 한 말씀 드리면 문화의 중요성이라는 것은 지금까지는 문화가 인간의 정신적 분야를 풍요롭게 하고 인간간의 관계를 아름답게 하는 역할에 인식이 치우쳐져 왔다면, 지금부터는 이에 덧붙여 문화산업이라는 측면에 대한 인식도 필요하다는 점입니다. 문화산업이라고 하는 것이 철강업, 조선업에 못지 않은 중요한 기간산업으로서 지금 등장하고 있습니다. 지금 일본의 만화영화가 세계에서 얼마나 많은 수입을 올리고 있는지를 오부치 총리와의 식사 도중에 물어본 적이 있습니다. 아마도 일본의 조선소나 철강업계의 수입보다도 많은 수입을 올리고 있을 것으로 생각합니다.

오늘날은 미국의 스필버그 감독이 만든 쥬라기공원이라고 하는 공룡영화 1펀이 8억5천만불의 순이익을 올려 한국의 3개 자동차회사가 1년간 수출해 올린 이익보다도 많은 수익을 얻을 수 있는 그런 시대입니다.

이와 같이 문화가 지금은 산업으로 특히 관광산업은 대단한 국부의 원천이 되고 있습니다. 이런 시대에 있어 문화계 인사들의 역할은 단순히 과거와 같이 정신세계를 풍족히 하고 사람들의 생활을 윤택하게 하는데 그치지 않고 새로운 산업에 대한 자극을 주는 역할을 담당해야만 할 것입니다. 문화계 인사들의 활동이 활발하지 못한데 문화산업만이 발전해 나간다는 것은 있을 수 없습니다. 이런 의미애서 나는 한국에서는 문화관광에 중점을 두도록 강력히 강조하고 있습니다만, 일본과 한국의 문화교류는 한국에 있어 한국의 문화만이 아니라 문화산업의 발달에도 커다란 자극제가 되리라고 생각합니다.

오늘 참석하신 여러분들은 인류역사상 문화가 가장 중요한 시대에 접어들었다는 인식을 갖고, 일본에서 지도적 역할을 하고 계신 만큼 한국과의 문화교류를 보다 활발히 전개해 서로 갈고 닦음으로서 한국문화도 발전할 수 있도록 협력해 주실 것을 당부 드리고자 합니다.

(하략)

해외문화홍보원, 「업무연락 - 대통령의 일본 문화계 인사와의 간담회 말씀 내용」, 『문화교류관계문서2』, 1998년 10월 10일

대통령의 일본 문화계인사와의 간담회 말씀 내용

(1998.10.10. 09:45-10:30, 테이코쿠호텔 파이시즈룸, 32명 참석)

(중략)

나는 이번 일본 방문에 앞서, 지금까지 한국 내에서 금지되어 왔던 일본 문화를 수용키로 결정했습니다. 이에 대해 각계의 문화계 인사와 국내에서 대화를 했는데 이중에는 찬성하는 사람도 많았고 반대하는 사람도 상당수 있었습니다. 문화계 인사들과 만난 자리에서 나는 역사를 보면, 문화쇄국주의 만큼 자신의 민족에 크나큰 피해를 끼치는 것이 없다고 말했습니다. 문화쇄국주의는 좋은 문화 또는 외부문화의 자극을 받지 못하게 함으로서 자국의 문화가 침체되어 마지막에는 몰락해버리게 됩니다.

(중략)

이런 점을 보면 문화의 쇄국주의가 얼마나 큰 피해를 끼치는 것인가를 잘 알 수 있습니다. 다른 문화를 받아들여도 무비판적으로 그냥 받아들이기만 하고 재창조를 하지 않는다면 그 역시 커다란 해를 끼치게 됩니다. 우리들은 일본으로부터 문화를 받아들여 자극을 받으면서 우리문화 발전에 기여토록 해 나갈 것이며, 우리문화가 융성해 짐에 따라 일본문화도 함께 융성해 질 수 있을 것입니다. 과거 역사를 보면 한국문화가 융성하면 일본문화도 융성해졌다는 점을 알 수 있을 것입니다.

이런 의미에서 일본문화 수용은 우리나라에만 국한된 문제도 아니고 또한 이 이상 시대흐름에 뒤떨어져서는 안 된다는 점을 나는 강조하고 설득했습니다.

나는 일본문화를 받아들이는 문제와 관련해 공식발표에서는 단계적으로 한다고 말했습니다만, 일본총리에 대하여는 상당한 속도로 추진할 것이라는 점을 밝힌 바 있습니다. 이는 대통령인 나의 신념입니다. 또한 나는 한.일 양국 문화계 인사를 중심으로 문화교류협의회를 창설, 상호 어떻게 문화교류를 하면 좋을까 하는 점을 전문 문화계 인사들이 서로 상의하고 정부는 그 결과를 받아들여 실천에 옮길 것을 오부치 총리에게 제안했고 오부치 총리도 좋은 의견으로 받아들였습니다. 가까운 시일내 설치될 것으로 생각하며 여러분들 가운데서도 그 속에 참여해 지원해 주실 분도 당연히 계시리라고 생각합니다.

(중략)

끝으로 한 말씀 드리면 문화의 중요성이라는 것은 지금까지는 문화가 인간의 정신적 분야를 풍요롭게 하고 인간간의 관계를 아름답게 하는 역할에 인식이 치우쳐져 왔다면, 지금부터는 이에 덧붙여 문화산업이라는 측면에 대한 인식도 필요하다는 점입니다. 문화산업이라고 하는 것이 철강업, 조선업에 못지 않은 중요한 기간산업으로서 지금 등장하고 있습니다. 지금 일본의 만화영화가 세계에서 얼마나 많은 수입을 올리고 있는지를 오부치 총리와의 식사 도중에 물어본 적이 있습니다. 아마도 일본의 조선소나 철강업계의 수입보다도 많은 수입을 올리고 있을 것으로 생각합니다.

오늘날은 미국의 스필버그 감독이 만든 쥬라기공원이라고 하는 공룡영화 1펀이 8억5천만불의 순이익을 올려 한국의 3개 자동차회사가 1년간 수출해 올린 이익보다도 많은 수익을 얻을 수 있는 그런 시대입니다.

이와 같이 문화가 지금은 산업으로 특히 관광산업은 대단한 국부의 원천이 되고 있습니다. 이런 시대에 있어 문화계 인사들의 역할은 단순히 과거와 같이 정신세계를 풍족히 하고 사람들의 생활을 윤택하게 하는데 그치지 않고 새로운 산업에 대한 자극을 주는 역할을 담당해야만 할 것입니다. 문화계 인사들의 활동이 활발하지 못한데 문화산업만이 발전해 나간다는 것은 있을 수 없습니다. 이런 의미애서 나는 한국에서는 문화관광에 중점을 두도록 강력히 강조하고 있습니다만, 일본과 한국의 문화교류는 한국에 있어 한국의 문화만이 아니라 문화산업의 발달에도 커다란 자극제가 되리라고 생각합니다.

오늘 참석하신 여러분들은 인류역사상 문화가 가장 중요한 시대에 접어들었다는 인식을 갖고, 일본에서 지도적 역할을 하고 계신 만큼 한국과의 문화교류를 보다 활발히 전개해 서로 갈고 닦음으로서 한국문화도 발전할 수 있도록 협력해 주실 것을 당부 드리고자 합니다.

(하략)

해외문화홍보원, 「업무연락 - 대통령의 일본 문화계 인사와의 간담회 말씀 내용」, 『문화교류관계문서2』, 1998년 10월 10일

이 사료는 일본 도쿄에 있는 테이코쿠호텔에서 1998년 10월 10일에 개최된 김대중 대통령과 일본 문화계 인사의 간담회 내용을 정리한 것이다. 간담회에서 김대중 대통령은 일본어를 사용해 인사와 대화를 나누었고, 이를 번역하여 해외문화홍보원에서 업무참고자료로 작성하였다.

우선 이 사료를 통해 일본의 대중 문화 개방에 대해 김대중 대통령이 어떤 생각을 갖고 있었는지 알 수 있다. 한국과 일본 양국의 문화가 융성하기 위해서는 개방과 교류가 반드시 필요하며, 문화교류협의회를 창설하겠다는 뜻을 내비친다. 또 단순히 정신적 풍요만을 강조하는 것이 아니라 문화산업의 발달에 대해서도 중요하게 생각하고 있음을 보여준다. 간담회 자료에는 일본 문화계 인사들과 나눈 대화도 함께 실려 있기에, 그들의 입장과 의견도 함께 확인할 수 있다.

일본 대중문화를 통상적인 의미로 규정하자면 일본에서 제작된 혹은 일본어/일본인이 나오는 영화, 애니메이션, 대중음악, 만화, 방송프로그램 등을 가리킨다. 이러한 일본 대중문화는 오랫동안 한국에 정식으로 수입·유통될 수 없었다. 해방 직후에는 식민지 시대 일본의 흔적을 지우고 문화적 독립을 이루는 것을 민족적 과제로 내세웠기 때문이라고 할 수 있지만, 1965년 한일 국교정상화 이후에도 이런 분위기는 지속되었다. 조금이라도 일본과 관계가 되었거나, 일본풍이라고 여겨질 작은 구실이 있다면 왜색(倭色)이라며 사회적으로 비난받거나 금지되었다.

그렇다고 일본 대중문화 매체를 수입하고 유통하면 안 된다는 법 제도가 있었던 것은 아니다. 「공연법」, 「방송법」, 「영화법」 등 일반 대중문화 관련 법 조항 가운데서 수입 금지 근거 조항들을 적용하여 일본 대중문화의 수입을 막았을 뿐이다. 다시 말해 정치적 또는 정책적인 차원에서 수입과 유통을 허용하지 않았을 뿐이다. 그렇기에 일본 대중문화 개방은 법 개정이 아니라, 정부의 정책 변화로 볼 수 있다.

공식적으로는 일본의 대중문화가 한국에 들어올 수 없었지만, 일찍부터 밀수 등 음성적인 경로를 통해 한국에 널리 퍼져 있었다. 부산에서는 일본의 TV나 라디오 방송 전파가 잡혔고, 1980년대 후반에는 위성방송, 잡지 등을 통해 일본 대중문화가 소개되었다. ‘해적판’이라고 불렸던 무단 복제 만화와 영화, 비디오도 활발히 유통되었다. 이미 현실과 일상 차원에서 일본 대중문화 개방의 필요성이 인정되고 있었다.

일본 대중문화 개방은 김영삼 정부 때부터 구체화 되었다. 1994년 7월 문화체육부가 발행한 보고서에는 1995년부터 단계적 개방을 실시하고, 1998년에 전면 개방한다는 계획이 제안되었다. 정책을 추진한 1994년에는 개방 찬성 여론도 크게 증가한 상황이었다. 하지만 개방이 추진되지는 못한 채 김대중 정부로 넘어오게 되었다.

김대중 대통령은 그 개인으로서도 일본 대중문화의 개방 필요성을 강조하고 있었고, 당시의 정치적·경제적 배경도 일본 대중문화 개방으로 정책을 이끌었다. 금융위기로 인한 경제부문의 대대적인 개방은 일본 대중문화 산업에도 개방의 문을 열게 하였고, 한국 문화상품의 수출을 확대하기 위해서도 일본 대중문화 개방은 필요했다. 또한 2002년에는 한국과 일본이 월드컵을 공동 개최하기로 되어 있었기에 교류의 확대는 피할 수 없었다.

1965년 한일 국교정상화 이후 교류와 반목을 거듭해왔던 한일 관계는 대중문화 개방을 계기로 우호협력을 강화하는 방향으로 변화했다. 김대중 대통령은 1998년 10월 7일부터 10일까지 일본에 국빈으로 방문했는데, 당시 일본 총리인 오부치 게이조(小渕恵三)와 회담한 후 10월 8일에 ‘21세기 새로운 한·일 파트너십 공동선언’을 발표했다. 이 공동선언을 통해 문화교류의 확대를 약속했고, 일본 대중문화 개방을 허용할 것이 표명되었다.

일본 대중문화는 전면개방이 아니라 순차적으로 개방되었다. 1998년 10월 20일 제1차 개방 때는 영화 및 비디오, 출판 산업 분야에서 부분적인 개방이 이루어졌다. 1999년 9월 10일 제2차 개방에서는 제한적으로 이루어졌던 영화 및 비디오 부문의 개방을 확대하고, 새롭게 일본 대중가요의 공연을 제한적이나마 허용하였다. 2000년 6월 27일 제3차 개방을 통해서 18세 이상 관람가 영화를 제외한 모든 영화의 상영과 비디오 출시가 허용되었으며, 대중가요 공연도 제한 없이 전면개방 되었다. 극장용 애니메이션, 음반, 게임 부문의 개방도 허용되었다. 이러한 분위기 속에서 2002년 즈음 완전 개방이 가능하리라 예상되었지만, 고이즈미 준이치로(小泉純一郎) 일본 총리의 야스쿠니 신사참배, 일본 우익 교과서의 역사왜곡 등으로 일본에 대한 한국 국민의 부정적 여론이 높아지면서 추가 개방이 취소되기에 이르렀다. 결국 노무현 정부 때인 2004년 1월 1일 제4차 개방 계획이 발표되면서 일본 대중문화의 완전 개방이 가능해졌다.

개방을 통해 한국에서는 일본 대중문화를 폭넓고 쉽게 접할 수 있게 되었다. 때마침 일본에서는 한류 붐이 일어났고, 문화교류는 더욱 활발해졌다.

이 글의 내용은 집필자의 개인적 견해이며, 국사편찬위원회의 공식적 견해와 다를 수 있습니다.

참고문헌

논문

박조원, 「일본 대중문화 개방의 파급 효과 분석」, 『문화산업연구』 6-1, 2006.
이성환, 「일본 대중문화의 유입과 한일관계」, 『일본문화연구』 53, 2015.
조규철, 「일본 대중문화 개방과 한일관계」, 『일본학연구』 8, 2001.

저서

김성민, 『일본을 禁하다: 금제와 욕망의 한국 대중문화사 1945-2004』, 글항아리, 2017.
조현성 외, 『일본 대중문화 개방 영향분석 및 대응방안』, 한국문화관광정책연구원, 2003.

관련사이트

[https://www.archives.go.kr/next/search/showDetailPopup.do?rc_code=1310377&rc_rfile_no=201103645618&rc_ritem_no=000000000007] 「일본대중문화 개방 방침 통보」, 국가기록원 기록정보서비스

[https://www.history.go.kr/contents/contentsPage.do?groupId=000000000571&menuId=000000000574&pageId=000000000213]
저작권 정책

[https://www.history.go.kr/contents/contentsPage.do?groupId=000000000931&menuId=000000000992&pageId=000000000541]
데이터 개방

[https://www.history.go.kr/contents/contentsPage.do?groupId=000000000571&menuId=000000000572&pageId=000000000211]
개인정보처리방침

13809 경기도 과천시 교육원로 86 국사편찬위원회

COPYRIGHT © NATIONAL INSTITUTE OF KOREAN HISTORY ALL RIGHT RESERVED.",,,,https://contents.history.go.kr/front/hm/view.do?levelId=hm_165_0030,사료로 본 한국사\items\hm_age_80_현대\hm_ty_040_문화\hm_165_0030_일본의 대중 문화 개방.md
1137,hm_age_80,현대,hm_ty_040,문화,hm_165_0040,미국 TV 드라마의 확산과 영향,현대 > 문화 > 세계 속의 한국 > 미국 TV 드라마의 확산과 영향,"‘미드’ 보는 사회, ‘미드’ 말하는 사회　-　“‘미드’ 좋아하세요?”

어느새 한국 사회에서 ‘미드’(미국 드라마의 준말)는 어지간한 사람이면 한 번쯤 입에 올리는 기호가 됐다. 〈프리즌 브레이크〉, 〈그레이 아나토미〉, 〈24〉, 〈CSI〉 등 숱한 화제작들의 이름은 일일이 열거할 수 없을 정도다.

‘미드’에 열광하는 마니아들은 ‘미드족’이라 불린다. 인터넷을 통해 다운로드 받은 드라마를 밤새도록, 혹은 온종일 시청하느라 생활이 망가졌다는 일명 ‘미드폐인’도 속출하고 있다. 실제로 최근 한국 성인의 40.1%가 ‘미드’를 보고 있으며 그중 20대가 54%라는 설문조사 결과도 발표됐다.

이미 오래전 케이블TV를 장악한 ‘미드’는 지상파 방송에도 본격적으로 상륙하고 있다. 그러자 케이블TV에서는 ‘CSI:DAY’와 같은 ‘1일 미드편성’까지 시도하고 있는 태세다. 지난 7월 한국방송영상산업진흥원이 발표한 자료에서는 올 한해 지상파 방송 및 케이블⋅위성TV가 들여온 전체 미국 영상물 가운데 드라마의 비중이 55.3%로 지난해 점유율 1위였던 영화(56.7%)를 따돌렸다. 도대체 이 열풍은 무엇 때문일까?

13일 오후 서울 연세대 성암관에서 문화연대 주최로 열린 제13회 문화콘텐츠포럼의 주제 ‘미드에겐 뭔가 특별한 것이 있다?’에서는 이와 같은 현상에 대한 다양한 해석이 시도됐다. 문화연대는 “활발히 이루어지는 영화 비평 문화와 달리 미디어 프로그램에 관한 비평 담론은 매우 부진한 상태”라며 ‘미드 열풍’을 포럼의 주제로 삼은 계기를 밝혔다.

제2의 전성기 맞은 ‘외화 시리즈’…공은 TV 아닌 인터넷에

이날 발제를 맡은 강보라 씨(한국예술종합학교 영상원 4학년)는 “2006년 한국 대중문화의 키워드가 ‘된장녀’였다면 2007년의 키워드는 ‘미드’”라며 “지금의 미드 열풍이 오래전 외화 문화와 별개인지부터 따져봐야 할 문제”라고 밝혔다.

해외 드라마의 전성시대는 2007년이 아닌 1980년대부터였다. 당시 〈600만 달러의 사나이〉, 〈코스비 가족 만세〉 등이 지상파TV 황금시간 대에 고정적으로 편성됐다.

이후 1990년대 접어들면서 국내 프로그램이 인기를 끌면서 해외 드라마 편성은 감소되기 시작한다. 그 와중에도 〈천재소년 두기〉, 〈천사들의 합창〉 등 어린이와 청소년을 대상으로 한 시리즈들이 인기를 끌기도 했다.

그러나 1995년 케이블TV 서비스가 시작되며 상황은 다시 한번 반전한다. 2000년부터 2003년까지 케이블TV를 중심으로 해외 드라마의 인기가 부활했다. 인터넷에서는 해외드라마 동호회가 급증했고 20~30대 여성 중심으로 화제를 모았다. 〈프렌즈〉, 〈엘리의 사랑만들기〉, 〈섹스 앤 더 시티〉, 〈윌 앤 그레이스〉 등 여성 취향의 시리즈들이 인기를 얻었다.

강보라 씨는 “인터넷을 통한 프로그램 공유가 손쉬워진 2004년 이후 미드족이 본격적으로 형성되기 시작했다”며 “2007년 현재, 외화는 제2의 전성기를 맞고 있다”고 분석했다. 그는 “기존 인기 시리즈들은 한층 탄력을 얻었고, 미국의 인기 시리즈들은 실시간으로 국내에서도 인기도에 영향을 미치고 있다”고 밝혔다.

“‘마우스 포테이토’와 ‘CSI 현상’은 우연이 아니다”

강보라 씨는 “주목할 점은 한국이 아닌 미국 현지에서도 드라마 열풍이 뜨겁다는 점”이라며 “탄탄한 이야기의 구조나 다양한 장르 시도에 더해 미국 드라마가 가진 치밀한 전략과 마케팅을 분석해야 한다""고 말했다.

실제로 미국에서는 △TV가 아닌 드라마를 다운로드 받은 컴퓨터 앞에 죽치고 앉아 간식을 먹는 ‘마우스 포테이토’(mouse potato) 족의 등장 △미국인들이 과학적 범죄 검식은 3일이면 해결된다는 환상을 갖게 됐다는 ‘CSI 현상’ △추리극 〈로스트〉의 내용상 의문을 둘러싼 팬 사이트가 우후죽순으로 생겨나는 ‘로스트 팬덤’(LOST fandom) 현상이 나타나고 있다.

또 그는 “전통적으로 영화를 연구해온 프랑스에서도 최근 미국 드라마를 연구하는 연구자들이 늘어나고 있다고 한다”며 미국 드라마의 강점을 살펴볼 필요가 있다고 밝혔다.

강보라 씨는 미드의 강점을 △다이얼로그, 플롯작가, 지문작가, 캐릭터 작가 등 수백 명의 전문인력이 동원되는 점 △드라마 한편이 끝나기 전 범인이 누군지 안 알려주는 ‘클리프 행어(cliffhanger)’, 장소만 바꿔서 똑같은 이야기를 구사하는 ‘스핀오프(spin-off)제’ 등의 마케팅과 구성에서 치밀한 작전을 구사하는 점 △톰 행크스나 스티븐 스필버그와 같은 유명 영화감독들, 헐리우드 감독들도 드라마 제작에 참여하는 등 슈퍼프로듀서들이 속속 드라마 제작에 참여하고 있는 점 등을 지적했다.

‘미드 현상’의 명과 암…드라마 소비시대 논의 본격화 돼야

이날 토론자로 참석한 대중문화평론가 정덕현 씨는 “분명한 것은 우리가 주목하고 있는 것은 ‘미드’ 현상이지 이미 오래전부터 존재했던 ‘미국 드라마’가 아니라는 점”이라고 강조했다.

정덕현 씨는 “이 같은 현상의 반대편에는 상대적으로 다운로드 받은 미드에 밀려 시청률이 떨어지는 한국 드라마가 있다”며 ""같은 장르, 같은 이야기가 반복되는 한국 드라마에 대한 수용자들의 욕구불만이 미드에 대한 쏠림 현상으로 나타나는 게 아닐까”라고 분석했다.

그는 “한국 드라마에 위기이자 동시에 변화의 동력을 제공하고 있는 게 미드 열풍”이라며 ""사전제작제, 작가 인력 확충 등 할리우드의 탄탄한 전략에서 한국 드라마가 배워야 할 부분이 많다""고 지적했다.

성공회대 동아시아연구소 이종님 교수는 “사회 전반적으로 미디어에 의존하는 여가시간이 증가했다는 점도 미드 열풍의 한 원인이라고 본다”며 ""주변의 반응을 봐도 미드에 대한 높은 만족도는 양질의 드라마를 원하는 시간에 볼 수 있다는 점을 꼽는다”고 밝혔다.

또 이 교수는 “미드는 9.11 테러 이후 나타난 미국관, 영웅관, 미국식 소비패턴 강화, 성에 대한 개방적 논의 등 ‘다양성’으로 무장된 고도화된 전략을 보여주고 있다”며 “미국 중심의 이미지를 생산해나가는 가운데 우리나라를 비롯해 세계적으로 자국민 문화가 소외돼 가는 점이 우려된다”고 지적했다.

‘미드 동호회’에서 활동 중인 노동환 씨(중앙대 신문방송학 석사)는 “최근 동호회 내에서는 9.11 테러 이후 바뀐 미드에 대한 분석이 활발하게 토론되고 있다""고 밝혔다.

그는 “〈24〉는 9.11 이후 테러에 어떻게 대처하고 풀어나가는지에 대한 자기들의 방식을 보여줬고 〈히어로〉는 미국 사회에서 소시민들이 어떤 역할 하고 있는지를 보여주는 것이 큰 맥락”이라며 ""이 두 드라마는 미국이 자문화중심주의를 보여주고 있다”고 밝혔다.

이에 대해 강보라 씨는 “과거 드라마는 TV를 끄면 나와 상관없는 세상이라고 여겨졌지만 이제 드라마 속 액세서리를 적극적으로 소비하는 등 문화는 바뀌고 있다”며 “드라마를 소비하는 시청자들이 마냥 찬사를 보내거나 돌만 던질 것이 아니라 보다 긍정적인 방향으로 논의를 재생산하는 문화가 필요하다고 본다”고 덧붙였다.

『프레시안』 2007년 8월 14일, 「‘미드’ 보는 사회, ‘미드’ 말하는 사회 - “‘미드’ 좋아하세요?”」

‘미드’ 보는 사회, ‘미드’ 말하는 사회　-　“‘미드’ 좋아하세요?”

어느새 한국 사회에서 ‘미드’(미국 드라마의 준말)는 어지간한 사람이면 한 번쯤 입에 올리는 기호가 됐다. 〈프리즌 브레이크〉, 〈그레이 아나토미〉, 〈24〉, 〈CSI〉 등 숱한 화제작들의 이름은 일일이 열거할 수 없을 정도다.

‘미드’에 열광하는 마니아들은 ‘미드족’이라 불린다. 인터넷을 통해 다운로드 받은 드라마를 밤새도록, 혹은 온종일 시청하느라 생활이 망가졌다는 일명 ‘미드폐인’도 속출하고 있다. 실제로 최근 한국 성인의 40.1%가 ‘미드’를 보고 있으며 그중 20대가 54%라는 설문조사 결과도 발표됐다.

이미 오래전 케이블TV를 장악한 ‘미드’는 지상파 방송에도 본격적으로 상륙하고 있다. 그러자 케이블TV에서는 ‘CSI:DAY’와 같은 ‘1일 미드편성’까지 시도하고 있는 태세다. 지난 7월 한국방송영상산업진흥원이 발표한 자료에서는 올 한해 지상파 방송 및 케이블⋅위성TV가 들여온 전체 미국 영상물 가운데 드라마의 비중이 55.3%로 지난해 점유율 1위였던 영화(56.7%)를 따돌렸다. 도대체 이 열풍은 무엇 때문일까?

13일 오후 서울 연세대 성암관에서 문화연대 주최로 열린 제13회 문화콘텐츠포럼의 주제 ‘미드에겐 뭔가 특별한 것이 있다?’에서는 이와 같은 현상에 대한 다양한 해석이 시도됐다. 문화연대는 “활발히 이루어지는 영화 비평 문화와 달리 미디어 프로그램에 관한 비평 담론은 매우 부진한 상태”라며 ‘미드 열풍’을 포럼의 주제로 삼은 계기를 밝혔다.

제2의 전성기 맞은 ‘외화 시리즈’…공은 TV 아닌 인터넷에

이날 발제를 맡은 강보라 씨(한국예술종합학교 영상원 4학년)는 “2006년 한국 대중문화의 키워드가 ‘된장녀’였다면 2007년의 키워드는 ‘미드’”라며 “지금의 미드 열풍이 오래전 외화 문화와 별개인지부터 따져봐야 할 문제”라고 밝혔다.

해외 드라마의 전성시대는 2007년이 아닌 1980년대부터였다. 당시 〈600만 달러의 사나이〉, 〈코스비 가족 만세〉 등이 지상파TV 황금시간 대에 고정적으로 편성됐다.

이후 1990년대 접어들면서 국내 프로그램이 인기를 끌면서 해외 드라마 편성은 감소되기 시작한다. 그 와중에도 〈천재소년 두기〉, 〈천사들의 합창〉 등 어린이와 청소년을 대상으로 한 시리즈들이 인기를 끌기도 했다.

그러나 1995년 케이블TV 서비스가 시작되며 상황은 다시 한번 반전한다. 2000년부터 2003년까지 케이블TV를 중심으로 해외 드라마의 인기가 부활했다. 인터넷에서는 해외드라마 동호회가 급증했고 20~30대 여성 중심으로 화제를 모았다. 〈프렌즈〉, 〈엘리의 사랑만들기〉, 〈섹스 앤 더 시티〉, 〈윌 앤 그레이스〉 등 여성 취향의 시리즈들이 인기를 얻었다.

강보라 씨는 “인터넷을 통한 프로그램 공유가 손쉬워진 2004년 이후 미드족이 본격적으로 형성되기 시작했다”며 “2007년 현재, 외화는 제2의 전성기를 맞고 있다”고 분석했다. 그는 “기존 인기 시리즈들은 한층 탄력을 얻었고, 미국의 인기 시리즈들은 실시간으로 국내에서도 인기도에 영향을 미치고 있다”고 밝혔다.

“‘마우스 포테이토’와 ‘CSI 현상’은 우연이 아니다”

강보라 씨는 “주목할 점은 한국이 아닌 미국 현지에서도 드라마 열풍이 뜨겁다는 점”이라며 “탄탄한 이야기의 구조나 다양한 장르 시도에 더해 미국 드라마가 가진 치밀한 전략과 마케팅을 분석해야 한다""고 말했다.

실제로 미국에서는 △TV가 아닌 드라마를 다운로드 받은 컴퓨터 앞에 죽치고 앉아 간식을 먹는 ‘마우스 포테이토’(mouse potato) 족의 등장 △미국인들이 과학적 범죄 검식은 3일이면 해결된다는 환상을 갖게 됐다는 ‘CSI 현상’ △추리극 〈로스트〉의 내용상 의문을 둘러싼 팬 사이트가 우후죽순으로 생겨나는 ‘로스트 팬덤’(LOST fandom) 현상이 나타나고 있다.

또 그는 “전통적으로 영화를 연구해온 프랑스에서도 최근 미국 드라마를 연구하는 연구자들이 늘어나고 있다고 한다”며 미국 드라마의 강점을 살펴볼 필요가 있다고 밝혔다.

강보라 씨는 미드의 강점을 △다이얼로그, 플롯작가, 지문작가, 캐릭터 작가 등 수백 명의 전문인력이 동원되는 점 △드라마 한편이 끝나기 전 범인이 누군지 안 알려주는 ‘클리프 행어(cliffhanger)’, 장소만 바꿔서 똑같은 이야기를 구사하는 ‘스핀오프(spin-off)제’ 등의 마케팅과 구성에서 치밀한 작전을 구사하는 점 △톰 행크스나 스티븐 스필버그와 같은 유명 영화감독들, 헐리우드 감독들도 드라마 제작에 참여하는 등 슈퍼프로듀서들이 속속 드라마 제작에 참여하고 있는 점 등을 지적했다.

‘미드 현상’의 명과 암…드라마 소비시대 논의 본격화 돼야

이날 토론자로 참석한 대중문화평론가 정덕현 씨는 “분명한 것은 우리가 주목하고 있는 것은 ‘미드’ 현상이지 이미 오래전부터 존재했던 ‘미국 드라마’가 아니라는 점”이라고 강조했다.

정덕현 씨는 “이 같은 현상의 반대편에는 상대적으로 다운로드 받은 미드에 밀려 시청률이 떨어지는 한국 드라마가 있다”며 ""같은 장르, 같은 이야기가 반복되는 한국 드라마에 대한 수용자들의 욕구불만이 미드에 대한 쏠림 현상으로 나타나는 게 아닐까”라고 분석했다.

그는 “한국 드라마에 위기이자 동시에 변화의 동력을 제공하고 있는 게 미드 열풍”이라며 ""사전제작제, 작가 인력 확충 등 할리우드의 탄탄한 전략에서 한국 드라마가 배워야 할 부분이 많다""고 지적했다.

성공회대 동아시아연구소 이종님 교수는 “사회 전반적으로 미디어에 의존하는 여가시간이 증가했다는 점도 미드 열풍의 한 원인이라고 본다”며 ""주변의 반응을 봐도 미드에 대한 높은 만족도는 양질의 드라마를 원하는 시간에 볼 수 있다는 점을 꼽는다”고 밝혔다.

또 이 교수는 “미드는 9.11 테러 이후 나타난 미국관, 영웅관, 미국식 소비패턴 강화, 성에 대한 개방적 논의 등 ‘다양성’으로 무장된 고도화된 전략을 보여주고 있다”며 “미국 중심의 이미지를 생산해나가는 가운데 우리나라를 비롯해 세계적으로 자국민 문화가 소외돼 가는 점이 우려된다”고 지적했다.

‘미드 동호회’에서 활동 중인 노동환 씨(중앙대 신문방송학 석사)는 “최근 동호회 내에서는 9.11 테러 이후 바뀐 미드에 대한 분석이 활발하게 토론되고 있다""고 밝혔다.

그는 “〈24〉는 9.11 이후 테러에 어떻게 대처하고 풀어나가는지에 대한 자기들의 방식을 보여줬고 〈히어로〉는 미국 사회에서 소시민들이 어떤 역할 하고 있는지를 보여주는 것이 큰 맥락”이라며 ""이 두 드라마는 미국이 자문화중심주의를 보여주고 있다”고 밝혔다.

이에 대해 강보라 씨는 “과거 드라마는 TV를 끄면 나와 상관없는 세상이라고 여겨졌지만 이제 드라마 속 액세서리를 적극적으로 소비하는 등 문화는 바뀌고 있다”며 “드라마를 소비하는 시청자들이 마냥 찬사를 보내거나 돌만 던질 것이 아니라 보다 긍정적인 방향으로 논의를 재생산하는 문화가 필요하다고 본다”고 덧붙였다.

『프레시안』 2007년 8월 14일, 「‘미드’ 보는 사회, ‘미드’ 말하는 사회 - “‘미드’ 좋아하세요?”」

이 사료는 인터넷 매체인 《프레시안》에 실린 기획기사이다. 2007년 8월 13일 연세대학교에서 열린 제13회 문화콘텐츠포럼의 발표와 토론 내용을 소개하면서, 당시 한국에서 크게 불었던 미국 드라마(미드) 열풍에 대해 전달한다. 포럼 제목 〈미드에겐 뭔가 특별한 것이 있다?〉는 1998년에 개봉하여 크게 흥행했던 영화 〈메리에겐 뭔가 특별한 것이 있다〉를 패러디함으로써 한국의 미드 현상을 나타내고 있다.

‘미드’는 한국 일부 시청자 층에서 인기를 누리는 미국 드라마의 줄임말이다. 미국 드라마는 미국 자본으로 제작되고, 연출부와 출연진이 미국 혹은 그 외의 국적을 가진 사람 등으로 구성되어 제작된 것으로 한정할 수 있다. 하지만 대중적인 유행을 바탕으로 널리 쓰이게 된 용어인 만큼 엄밀하게 개념이 규정되어 사용되는 것은 아니다.

미드 열풍은 2000년대 중반에 생겨났지만, 한국에서의 미국 드라마 시청은 더 이른 시기부터 시작되었다. 1980년대에 한국에 방영된 〈맥가이버〉와 〈600만 달러의 사나이〉가 미드 열풍의 시작을 알렸다. 이외에도 다양한 장르의 드라마들이 TV를 통해 방영되었는데, 해외에서 이미 인정받은 드라마들을 수입하여 지상파 TV 채널에서 방송하는 형태였다. 1990년 이후 국내 방송사 드라마의 양이 늘어나고 수준이 높아지면서 해외 드라마 유입은 상대적으로 줄어들었다. 이로 인해 황금시간대가 아닌 심야시간이나 어린이 프로그램 시간에 해외 드라마가 방영되었는데, 당시 대표적인 드라마로는 〈엑스 파일(X-file)〉을 꼽을 수 있다.

1995년 케이블TV 서비스 시작과 더불어 해외 드라마 수입은 다시 활성화되었고, 〈프렌즈(Friends)〉 같은 미국 시트콤이 선풍적인 인기를 얻게 되었다. 2000년대로 접어들면서 〈섹스 앤 더 시티(Sex and the city)〉가 흥행하면서 패션을 비롯한 생활양식 전반에 큰 영향을 미쳤다. 인터넷이 주요한 정보 교류매체로 자리 잡으면서 미드의 소비는 더욱 활발해졌다. 단순히 혼자서 드라마를 보고 끝나는 것이 아니라 동호회를 만들어 서로 의견을 나누거나, 실시간으로 해외 웹사이트에서 직접 자료를 가져오는 노력을 하는 이들이 많아졌다. 이들을 ‘미드족’ 혹은 ‘미드폐인’이라고 부르기도 하였다. 〈CSI〉, 〈로스트(LOST)〉, 〈프리즌 브레이크(Prison Break)〉 등, 앞선 사료에서 언급한 다양한 미드가 인기를 얻게 되었다.

이와 같은 미드 열풍이 2000년대 중반에 불게 된 배경은 다양하게 생각해 볼 수 있다. 많은 이들이 지적하는 것처럼 미드의 높은 완성도와 다양한 소재는 미드 열풍의 가장 기본적인 배경이다. 한국 드라마가 불륜, 재벌, 질병, 출생의 비밀과 같이 식상하고 진부한 소재를 다루는 데 반해 미국 드라마는 SF, 의학, 법학, 범죄 등 풍부하고 신선한 소재를 사용한다는 평가가 많았다. 또 거대 자본이 투여된 만큼 촬영과 편집에 있어 국내 드라마와 차별화된 볼거리를 제공했다.

과거의 지상파 TV 중심에서 케이블 TV로 시청자층이 이동한 것도 크게 작용했다. 케이블 TV 채널의 입장에서는 시청자를 묶어둘 콘텐츠가 필요했는데, 그 필요성을 채워준 것이 다양한 미드였다. 인터넷의 보급과 발달은 미드 열풍에 결정적인 역할을 하였다. 초고속 인터넷망이 구축되면서 온라인으로 미드를 쉽게 구하고 소비하는 문화가 등장하였다. 열성적인 미드족들이 인터넷 커뮤니티를 중심으로 활발한 활동을 이어가고, 이것이 다시 케이블 TV로, 지상파 TV로 대중적인 확산을 하게 된 것도 무시할 수 없다.

미드 열풍은 다양한 분야에 영향을 미쳤다. 미드 속 주인공들이 입은 옷, 먹는 음식, 그들의 생각과 태도는 한국인들의 삶에 크든 작든 변화를 가져왔다. 브런치(brunch)가 유행하게 된 것도 미드 열풍과 무관하지 않다. 무엇이 먼저인지 따지는 것이 무의미할 정도이지만, 영어 습득에 대한 욕망도 미드 열풍과 관계가 깊다.

이 글의 내용은 집필자의 개인적 견해이며, 국사편찬위원회의 공식적 견해와 다를 수 있습니다.

참고문헌

논문

강진숙·김도희·노창희·김지은·신선미, 「미국 드라마 시청 선호 현상에 대한 현상학적 연구」, 『한국방송학보』 21-6, 2007.
김영찬, 「‘미드’(미국 드라마)의 대중적 확산과 방송사 편성 담당자의 ‘문화 생산자’ 그리고 ‘매개자’로서의 역할에 관한 연구」, 『방송문화연구』 19-2, 2007.
김지연, 「미국드라마 시청자의 시청동기와 시청행태에 관한 연구：대학생 시청자를 중심으로」, 계명대학교 석사학위논문, 2010.
임양준, 「대학생들의 미국 텔레비전 드라마에 대한 시청동기 및 만족도 연구」, 『한국언론정보학보』 41, 2008.

저서

강준만, 『한국현대사산책 2000년대편』 4권, 인물과사상사, 2011.

[https://www.history.go.kr/contents/contentsPage.do?groupId=000000000571&menuId=000000000574&pageId=000000000213]
저작권 정책

[https://www.history.go.kr/contents/contentsPage.do?groupId=000000000931&menuId=000000000992&pageId=000000000541]
데이터 개방

[https://www.history.go.kr/contents/contentsPage.do?groupId=000000000571&menuId=000000000572&pageId=000000000211]
개인정보처리방침

13809 경기도 과천시 교육원로 86 국사편찬위원회

COPYRIGHT © NATIONAL INSTITUTE OF KOREAN HISTORY ALL RIGHT RESERVED.

오류신고

본 사이트 자료 중 잘못된 정보를 발견하였거나 사용 중 불편한 사항이 있을 경우 알려주십시오. 이용자의 참여가 사이트 가치 향상에 큰 도움이 됩니다.

사이트 하단의 ‘오류신고’ 메뉴를 이용하시면 신고 내용의 적용여부를 확인하실 수 있습니다.

개인정보는 삭제하오니 유념하시기 바랍니다.

자료명

사료로 본 한국사

자료위치

https://contents.history.go.kr/id/hm_165_0040

제목

오류유형

오류내용

이름

자동입력 방지문자

소개

한국사를 이해하는 데 토대가 되는 주요 사료를 각 시대와 분야별로 선별하여, 원문과 번역문, 해설과 참고 자료를 함께 서비스하고 있습니다.
이를 통해 어려운 역사 자료에 좀 더 쉽게 접근할 수 있도록 하였습니다.

일러두기

1.한 편의 사료는 국문, 원문, 해설, 참고자료의 4가지 요소로 구성하였습니다.

2.사료의 종류는 [삼국사기], [삼국유사], 『고려사』, 『조선왕조실록』 등의 1차 사료(史料)를 비롯해 개인 문집, 금석문, 신문, 판결문, 선언문 등에 이르기까지 매우 다양합니다.

3.국문은 원문에 수록된 사료를 우리말로 번역하여 수록하였습니다. 사료의 상당수는 한문이며, 영어, 일본어 등도 포함되어 있습니다. 또한 근·현대 사료 또한 한자를 많이 사용하여 일반인이 접근하기가 어려우므로 이를 이용자가 쉽게 이해할 수 있도록 현대 한국어에 맞게 번역하였습니다.

4.해설 중에서 추가 설명이 필요한 역사 용어의 경우 글자를 별색으로 표기하였습니다. 보라색은 해당 글자에 마우스를 갖다 대면 간략한 설명이 제공되며, 파란색은 클릭하면 ‘교과서 용어 해설’ 및 ‘한국사 연대기’ 등의 관련 자료로 연계되도록 하였습니다.

5.참고 자료에서는 사료와 관련된 연구 논문과 저서 목록을 수록하였고, 해당 사료의 원문과 번역문을 직접 확인할 수 있도록 관련 사이트도 연계하였습니다.

DB 구축 참여자(2012~2013)

시기 구분
기획
집필
교열
윤문
자료 총괄
구축 년도

삼국 이전
삼국 시대
전미희
류주희
이규리
문동석
이정빈
이현태
장종진
장청화
이계형
2012

박남수
홍기승
문동석
이현태
장종진
김경복
장청화
2013

통일 신라와 발해
전미희
류주희
이규리
김창겸
김덕원
전경숙
장청화
이계형
2012

박남수
홍기승
문동석
이현태
장종진
김경복
장청화
2013

고려 시대
전미희
류주희
이규리
한정수
손민호
황영수
전경숙
장청화
이계형
2012

류주희
홍기승
한정수
김가람
김경복
장청화
2013

조선 시대
전미희
류주희
이규리
이경찬
박귀미
이기명
이화영
이근호
장청화
이계형
2012

이규리
홍기승
이근호
김가람
김경복
장청화
2013

근대
전미희
류주희
이규리
은정태
홍문기
최보영
장청화
이계형
2012

염복규
은정태
홍동현
김경복
장청화
2013

현대
전미희
류주희
이규리
박미경
이관형
김진흠
장청화
이계형
2012

김점숙
이정은
홍동현
김경복
장청화
2013

DB 구축 참여자(2023~)

시기 구분
기획
집필
교열
감수
구축연도

근대
신재호

이주호

곽금선, 김명섭, 김상연, 김상훈, 김영진, 김진혁, 김호걸, 노성룡, 박주영, 송영화, 이양희, 이지은,

임동현, 최용준, 한보람, 한승훈, 한애라, 한준호, 홍수연

이명학
정일영
2023

현대

곽경상, 김상규, 김상연, 김재웅, 김진혁, 서홍석, 신재준, 예대열, 이길중, 이지완, 정무용

김태윤
김아람

근대
신재호

이주호

곽금선, 박주영, 박한민, 이양희, 이지은, 임동현,

주동빈, 최용준, 한보람, 한승훈, 한애라, 한준호

이명학
양진아
2024

현대

김상연, 김청강, 예대열, 이길중, 이지완

김아람

삼국
신재호

홍선이

권순홍, 김기민, 김지현, 나유정, 이종록

이준성
이정빈
2025

DB 고도화 참여자(2022~)

시기 구분
기획
해설 집필
해설 교열
감수
구축연도

근대
신재호

이홍구

곽금선, 김기성, 김명섭, 김명재, 김명환, 김상훈, 김소영, 김영진, 김헌주, 남기현, 류동연, 박순섭,

박주영, 박한민, 성주현, 송영화, 심철기, 양진아, 이성우, 이양희, 이지은, 임인재, 최보민, 최보영,

최우석, 한보람, 한승훈, 한준호

박은숙

정일영

한승훈
김도형
2022

현대

김대현, 김동주, 문민기, 박경렬, 이재석, 이지완

박광명

임광순
김아람

김태우

조선 전기
신재호

이주호

신동훈, 양정현, 윤승희, 이경동, 이상민, 이지훈

서민주
나영훈
2024

조선 후기

도주경, 문광균, 오승관, 윤민경, 임성수, 채홍병

이행묵
박범

삼국 이전
신재호

홍선이

권순홍, 김기민, 김세진, 김지현, 나유정, 이종록

이준성
이정빈
2025

고려

김도연, 김보광, 김수연, 김종혁, 김지영, 김진곤,
김효섭, 박수찬, 안주영, 오경석, 오치훈, 이민기,
이바른, 이상민, 이창섭, 정동훈, 최은규, 현수진

이현경

황향주
한정수

최종석

메인 화면

1.교양 우리 역사 메뉴 내의 콘텐츠로 이동할 수 있습니다.

2.시대별 분야에 따른 사료 목록을 확인할 수 있습니다.

3.사료로 본 한국사 내 자료를 검색할 수 있습니다.

분류별 목록 화면

1.시대에 따른 분야별 목록을 확인할 수 있습니다.

2.개별 사료 클릭시 상세화면으로 이동합니다.

상세 화면 – 한면으로 보기

1.시대별/분야별 목차를 확인할 수 있고, 다른 사료로 바로 이동할 수 있습니다. 숨기기/열기 버튼을 이용해 닫거나 열어볼 수 있습니다.

2.각 사료에 대한 국문, 원문, 해설, 참고자료 정보를 4개의 탭으로 열람할 수 있습니다.

3.두 가지 정보를 비교해 볼 수 있는 ‘나란히 보기’ 화면으로 이동합니다. 드롭박스를 통해 열람하고자 하는 정보를 선택할 수 있습니다.

4.폰트 조정, 인쇄, 목록, 오류신고, 이전/다음 사료로 이동 등의 툴바 기능을 이용할 수 있습니다.

목록화면

1.시대에 따른 분야별 사료 목록이 배열됩니다.

2.메인 화면 및 시대별 목록을 열람할 수 있습니다.

3.상세 사료 목록을 펼침/닫힘 버튼을 통해 이용할 수 있습니다.",,,,https://contents.history.go.kr/front/hm/view.do?levelId=hm_165_0040,사료로 본 한국사\items\hm_age_80_현대\hm_ty_040_문화\hm_165_0040_미국 TV 드라마의 확산과 영향.md
1138,hm_age_80,현대,hm_ty_040,문화,hm_165_0050,2002년 한·일 월드컵 개최,현대 > 문화 > 세계 속의 한국 > 2002년 한·일 월드컵 개최,"2002 FIFA 월드컵과 한국사회

가. 화해와 질서의 월드컵

2002년 6월, 단 31일 동안 세계는 유쾌한 충격에 빠졌다. 월드컵 기간 동안 전세계 유수의 언론들은 한결같이 코리아에서 벌어지고 있는 현상에 주목하였다. “공동 개최의 우려를 말끔하게 씻어낸 성공적인 대회였다”는 조셉 블래터 FIFA 회장의 발언은 단순히 경기 운영에만 국한된 건 아니었다. 월드컵 본선 출전 6회 만에 아시아 국가로서는 처음으로 4강 진입에 성공한 한국의 선전도 경이로운 사실이었지만, 그것보다 세계를 놀라게 한 건 이전에는 볼 수 없었던 한국인들의 모습이었다.

2002년 6월 4일 벌어진 폴란드와의 첫 경기에서 50만명에 이르던 길거리 응원단은 독일과의 준결승전에선 7백만명으로 불어나, 전체 인구의 20%가 광장으로, 거리로 쏟아져 나왔다. 그 열정에 세계는 놀랐다. 그러나 그 놀라움은 거기서 멈추지 않았다. 대규모의 길거리 응원단이 거리와 인도를 뒤덮었지만 한국인들은 질서와 청결로 다시 한번 세계에 경이로움을 선사하였다.

그러나 정작 정열과 질서와 청결이라는 시민 의식으로 세계인들의 찬사를 얻어낸 한국인들은 그 누구보다도 먼저, 스스로 놀라운 경험을 하였다. “과연 우리들 속에 이런 에너지가 있었나”를 외치면서 열정의 진원지를 찾으려고 부산을 떨었다. 그것은 사회 계층간의 위화감이 외환 위기 이후 심화되고 있던 시점에서 경험한 것이어서 더욱 값질 수밖에 없었다. 남녀노소를 막론하고 지역과 계층을 뛰어넘어 모두가 붉은 티셔츠를 입고 뛰어나와 ‘대~한민국’을 외쳐대며, 축제를 만끽하였다. 기성 세대들은 W세대(월드컵 세대)로 불리는 젊은이들의 응원 문화를 바라보면서 그동안 거의 잊고 지내다시피 한 ‘대한민국’이라는 국호와 태극기에 대한 친밀감을 새삼스럽게 느끼기 시작하였다.

지역과 계층, 세대와 성별의 차이는 월드컵의 열기 속에서 순식간에 녹아들었다. 그렇다고 월드컵이 잉태한 애국심과 민족주의가 배타적이고 폐쇄적으로 흐른 것은 아니었다. 한국의 응원단은 상대팀의 선전에 박수를 아끼지 않았고, 경기장 내에서나 밖에서나 훌리건식의 난동을 부리지도 않았다. 세계는 이 대목에서 다시 한번 놀라지 않을 수 없었다.

그것은 이번 2002 FIFA 월드컵이 한국인들에게는 성공과 자축의 축제였기 때문이다. 외환 위기를 극복하고 월드컵이라는 세계적인 축제를 성공적으로 치러내고 있다는 안도감과 자신감이 한국 대표팀의 4강 진출이라는 쾌거와 어우러져 배타성과 폐쇄성을 극복했다는 것이다. 즉 이번 대회에서 한국인들은 세계화와 민족주의가 하나로 조화될 수 있다는 교훈을 세계인들에게 보여준 것이다.

또 한 가지, 수십만 명이 모인 속에서도 별다른 안전 사고 없이 ‘자율’과 ‘질서’ 그리고 ‘시민 의식’과 ‘자발성’을 함께 보여준 한국인들은 ‘즐기되 타인을 배려할 수 있는 여유’를 스스로에게서 발견했으며, 밀실 문화에서 광장 문화로 변환하는 계기를 갖게 된 것이다. 세계 시민으로서의 신고식을 치러내면서, 자유와 책임감과 자부심을 동시에 느끼게 된 것은 이번 월드컵이 한국인들에게 가져다준 소중한 선물이었다. 이런 현상에 대해 외국의 언론들은 “한국이 경제적인 성장과 발전에만 급급한 국가가 아니라, 문화와 정신적인 측면에서도 선진국 대열에 오를 만한 수준에 놓였음을 증명한 것”이라는 평가를 내놓았다.

나. 붉은 악마와 월드컵 세대

외국의 그 어떤 국가 대표팀 서포터스와 비교해도 손색없는 조직적인 경기 응원과 장관을 이뤘던 길거리 응원의 핵심에는 ‘12번째 태극 전사’로 불렸던 ‘붉은 악마’(Red Devils)가 있었다.

……(중략)……

붉은 악마는 이번 월드컵 대회를 통해서 전세계에 ‘대~한민국’이라는 구호와 당김 박자를 이용한 박수 그리고 응원 도구화된 대형 태극기 등 몇 가지 아이콘을 남겼다. 먼저 남도 민요를 연상케 하는 ‘오~필승 코리아’와 같은 응원가와 함께 한국이 아닌 ‘대한민국’이라는 국호를 응원 구호로 삼았으며, 독특한 다섯 박자의 당김 박수로 응원의 열기를 고조시키기도 하였다. 또한 가로 60미터, 세로 40미터(펼치면 720여 평)의 무게 1.5톤에 이르는 대형 태극기 응원은 이전에는 볼 수 없었던 장관을 연출하기도 하였다.

……(중략)……

단순한 응원 집단을 뛰어넘어 일종의 문화적 키워드로 받아들여진 붉은 악마는 W세대(월드컵세대)라는 ‘신인류’의 탄생을 가져오기도 하였다. 10대 후반에서 20대 후반의 이들 W세대들은 이념이 아닌 재미와 취향을 구심점으로 구성됐다는 점에서, 기왕의 4‧19 세대나 6‧3 세대, 그리고 386 세대와는 차별되는 세대라는 평가를 받았다.

그러한 태생적 차이로 인해 W세대들은 이전의 세대들이 보이지 않던 몇 가지 특성을 나타내었다. 우선 이들은 취향과 공통의 재미를 추구할 수만 있다면 상대를 가리지 않고 동화될 수 있다는 특징을 보였다. 이것은 이들이 외국에 대한 배타성이나 과거사와 연관된 열등 의식에서 자유로울 수 있는 근거가 되었다. 매 경기마다 박빙의 승부를 펼쳤던 한국전에서도 상대팀을 비방하거나 위협을 가하는 응원은 찾아볼 수 없었으며, 심지어 결승행을 판가름하는 독일과의 준결승전이나 터키와의 3위 결정전에서는 상대팀을 응원하기 위한 응원단을 조직하는 여유까지 선보인 것이다. 즉 이들의 애국심은 배타성이 제거된 것이었고, 이를 두고 기성 세대들은 “세계 시민으로서의 자질을 갖춘 세대의 등장”이라는 긍정적인 평가를 내리게 되었다.

……(중략)……

국호를 한국이 아닌 대한민국으로, 사회적 금기의 색이었던 붉은 색을 신바람과 활력의 상징으로, 신성의 대상이었던 국기를 친숙한 소지품의 항목으로 치환시킨 W세대들의 큰 특징 중 하나는 집단주의의 수직적 공동체주의를 벗어나 개인주의에 기초한 수평적 결합이었다는 점이다. 그것은 시민 개개인의 자발적인 역동성이 미래 사회를 이끌 원동력이라는 사실을 깨닫게 하기에 충분한 경험이 되었다.

……(하략)……

「2002 FIFA 월드컵과 한국사회」, 2002년 월드컵축구조직위원회, 『2002 FIFA 월드컵 한국/일본 공식보고서』 2003

2002 FIFA 월드컵과 한국사회

가. 화해와 질서의 월드컵

2002년 6월, 단 31일 동안 세계는 유쾌한 충격에 빠졌다. 월드컵 기간 동안 전세계 유수의 언론들은 한결같이 코리아에서 벌어지고 있는 현상에 주목하였다. “공동 개최의 우려를 말끔하게 씻어낸 성공적인 대회였다”는 조셉 블래터 FIFA 회장의 발언은 단순히 경기 운영에만 국한된 건 아니었다. 월드컵 본선 출전 6회 만에 아시아 국가로서는 처음으로 4강 진입에 성공한 한국의 선전도 경이로운 사실이었지만, 그것보다 세계를 놀라게 한 건 이전에는 볼 수 없었던 한국인들의 모습이었다.

2002년 6월 4일 벌어진 폴란드와의 첫 경기에서 50만명에 이르던 길거리 응원단은 독일과의 준결승전에선 7백만명으로 불어나, 전체 인구의 20%가 광장으로, 거리로 쏟아져 나왔다. 그 열정에 세계는 놀랐다. 그러나 그 놀라움은 거기서 멈추지 않았다. 대규모의 길거리 응원단이 거리와 인도를 뒤덮었지만 한국인들은 질서와 청결로 다시 한번 세계에 경이로움을 선사하였다.

그러나 정작 정열과 질서와 청결이라는 시민 의식으로 세계인들의 찬사를 얻어낸 한국인들은 그 누구보다도 먼저, 스스로 놀라운 경험을 하였다. “과연 우리들 속에 이런 에너지가 있었나”를 외치면서 열정의 진원지를 찾으려고 부산을 떨었다. 그것은 사회 계층간의 위화감이 외환 위기 이후 심화되고 있던 시점에서 경험한 것이어서 더욱 값질 수밖에 없었다. 남녀노소를 막론하고 지역과 계층을 뛰어넘어 모두가 붉은 티셔츠를 입고 뛰어나와 ‘대~한민국’을 외쳐대며, 축제를 만끽하였다. 기성 세대들은 W세대(월드컵 세대)로 불리는 젊은이들의 응원 문화를 바라보면서 그동안 거의 잊고 지내다시피 한 ‘대한민국’이라는 국호와 태극기에 대한 친밀감을 새삼스럽게 느끼기 시작하였다.

지역과 계층, 세대와 성별의 차이는 월드컵의 열기 속에서 순식간에 녹아들었다. 그렇다고 월드컵이 잉태한 애국심과 민족주의가 배타적이고 폐쇄적으로 흐른 것은 아니었다. 한국의 응원단은 상대팀의 선전에 박수를 아끼지 않았고, 경기장 내에서나 밖에서나 훌리건식의 난동을 부리지도 않았다. 세계는 이 대목에서 다시 한번 놀라지 않을 수 없었다.

그것은 이번 2002 FIFA 월드컵이 한국인들에게는 성공과 자축의 축제였기 때문이다. 외환 위기를 극복하고 월드컵이라는 세계적인 축제를 성공적으로 치러내고 있다는 안도감과 자신감이 한국 대표팀의 4강 진출이라는 쾌거와 어우러져 배타성과 폐쇄성을 극복했다는 것이다. 즉 이번 대회에서 한국인들은 세계화와 민족주의가 하나로 조화될 수 있다는 교훈을 세계인들에게 보여준 것이다.

또 한 가지, 수십만 명이 모인 속에서도 별다른 안전 사고 없이 ‘자율’과 ‘질서’ 그리고 ‘시민 의식’과 ‘자발성’을 함께 보여준 한국인들은 ‘즐기되 타인을 배려할 수 있는 여유’를 스스로에게서 발견했으며, 밀실 문화에서 광장 문화로 변환하는 계기를 갖게 된 것이다. 세계 시민으로서의 신고식을 치러내면서, 자유와 책임감과 자부심을 동시에 느끼게 된 것은 이번 월드컵이 한국인들에게 가져다준 소중한 선물이었다. 이런 현상에 대해 외국의 언론들은 “한국이 경제적인 성장과 발전에만 급급한 국가가 아니라, 문화와 정신적인 측면에서도 선진국 대열에 오를 만한 수준에 놓였음을 증명한 것”이라는 평가를 내놓았다.

나. 붉은 악마와 월드컵 세대

외국의 그 어떤 국가 대표팀 서포터스와 비교해도 손색없는 조직적인 경기 응원과 장관을 이뤘던 길거리 응원의 핵심에는 ‘12번째 태극 전사’로 불렸던 ‘붉은 악마’(Red Devils)가 있었다.

……(중략)……

붉은 악마는 이번 월드컵 대회를 통해서 전세계에 ‘대~한민국’이라는 구호와 당김 박자를 이용한 박수 그리고 응원 도구화된 대형 태극기 등 몇 가지 아이콘을 남겼다. 먼저 남도 민요를 연상케 하는 ‘오~필승 코리아’와 같은 응원가와 함께 한국이 아닌 ‘대한민국’이라는 국호를 응원 구호로 삼았으며, 독특한 다섯 박자의 당김 박수로 응원의 열기를 고조시키기도 하였다. 또한 가로 60미터, 세로 40미터(펼치면 720여 평)의 무게 1.5톤에 이르는 대형 태극기 응원은 이전에는 볼 수 없었던 장관을 연출하기도 하였다.

……(중략)……

단순한 응원 집단을 뛰어넘어 일종의 문화적 키워드로 받아들여진 붉은 악마는 W세대(월드컵세대)라는 ‘신인류’의 탄생을 가져오기도 하였다. 10대 후반에서 20대 후반의 이들 W세대들은 이념이 아닌 재미와 취향을 구심점으로 구성됐다는 점에서, 기왕의 4‧19 세대나 6‧3 세대, 그리고 386 세대와는 차별되는 세대라는 평가를 받았다.

그러한 태생적 차이로 인해 W세대들은 이전의 세대들이 보이지 않던 몇 가지 특성을 나타내었다. 우선 이들은 취향과 공통의 재미를 추구할 수만 있다면 상대를 가리지 않고 동화될 수 있다는 특징을 보였다. 이것은 이들이 외국에 대한 배타성이나 과거사와 연관된 열등 의식에서 자유로울 수 있는 근거가 되었다. 매 경기마다 박빙의 승부를 펼쳤던 한국전에서도 상대팀을 비방하거나 위협을 가하는 응원은 찾아볼 수 없었으며, 심지어 결승행을 판가름하는 독일과의 준결승전이나 터키와의 3위 결정전에서는 상대팀을 응원하기 위한 응원단을 조직하는 여유까지 선보인 것이다. 즉 이들의 애국심은 배타성이 제거된 것이었고, 이를 두고 기성 세대들은 “세계 시민으로서의 자질을 갖춘 세대의 등장”이라는 긍정적인 평가를 내리게 되었다.

……(중략)……

국호를 한국이 아닌 대한민국으로, 사회적 금기의 색이었던 붉은 색을 신바람과 활력의 상징으로, 신성의 대상이었던 국기를 친숙한 소지품의 항목으로 치환시킨 W세대들의 큰 특징 중 하나는 집단주의의 수직적 공동체주의를 벗어나 개인주의에 기초한 수평적 결합이었다는 점이다. 그것은 시민 개개인의 자발적인 역동성이 미래 사회를 이끌 원동력이라는 사실을 깨닫게 하기에 충분한 경험이 되었다.

……(하략)……

「2002 FIFA 월드컵과 한국사회」, 2002년 월드컵축구조직위원회, 『2002 FIFA 월드컵 한국/일본 공식보고서』 2003

이 사료는 2002년 월드컵축구대회조직위원회에서 발간한 공식 보고서에 실린 글로, 2002년 개최된 ‘한‧일 월드컵’에서 나타난 사회문화적 현상들을 분석하고 있다. 한‧일 월드컵(Korea-Japan World Cup)은 한국과 일본이 2002년에 공동 개최한 월드컵 축구대회를 가리킨다. 이 대회에서 한국 국가대표팀은 폴란드, 포르투갈, 이탈리아, 스페인 등 유럽의 강호들을 꺾고 4강에 진출하는 성과를 거두었다.

이 사료는 크게 두 가지 측면에서 한‧일 월드컵의 사회적 의미를 제시한다. 첫째는 한‧일 월드컵이 한국사회의 ‘화해와 질서’를 보여주었다는 것이며, 둘째는 ‘붉은 악마’라고 불린 응원단을 이끈 ‘월드컵 세대’의 탄생이다.

이 사료에서 한‧일 월드컵은 IMF 외환위기 이후 심화된 사회 계층 간 갈등을 봉합하고 한국인의 높은 시민의식을 보여준 대회라는 점에서 높이 평가된다. 시민들은 남녀노소 할 것 없이 거리로 나와 함께 응원구호를 외치며 단합된 모습을 보여주었다. 월드컵은 한국인들이 “지역과 계층, 세대와 성별의 차이”를 극복하고 하나의 ‘민족’이라는 인식 아래 단결하는 계기가 되었던 것이다. 그런데 한국인들의 열띤 응원은 ‘질서’와 ‘청결’이라는 기준을 지키는 가운데 이루어졌다는 점에서 높은 평가를 받았다. 한‧일 월드컵 기간 중 한국인들이 보여준 높은 시민의식은 한국이 경제뿐 아니라 “문화와 정신적인 측면에서도 선진국 대열에 오를 만한 수준에 놓였음”을 보여주는 증거로 제시되었다.

또한 이 사료에서는 ‘월드컵 세대’라 불리는 신세대의 탄생에 큰 의미를 부여하고 있다. 한‧일 월드컵 대회 기간 동안 스스로를 ‘붉은악마’로 자처한 응원단은 태극기가 그려진 응원 티셔츠‧머플러 등을 입고 거리에 나와 ‘대~한민국’과 ‘오~필승 코리아’를 외치며 열광적인 응원을 펼쳤다. 이러한 ‘붉은악마’ 현상을 이끈 주체는 10대 후반에서 20대 후반 사이의 젊은 세대였다. 이 사료는 이들을 ‘월드컵 세대’로 호명하며 기성세대와는 차별화되는 이들만의 특징을 정리한다. 첫째는 이념보다 ‘취향과 재미’를 추구한다는 것이었고, 둘째는 배타성이 제거된 애국심을 보여주었으며, 셋째는 수직적 공동체주의를 벗어나 개인주의에 기초한 수평적 결합으로 구성된다는 것이었다. “세계 시민으로서의 자질을 갖춘 세대의 등장”이라는 평가는 월드컵 세대의 등장에 대한 당시 기성세대의 흥분을 보여준다.

한편 한‧일 월드컵은 ‘광장’이라는 공간을 한국 사회에 열어놓은 중요한 계기이기도 했다. 월드컵 이후 광장과 같이 시민들을 위한 열린 공간이 필요하다는 논의가 본격적으로 진행되었다. 2000년대 후반 광화문광장 조성은 그 직접적인 결과물이었다. 이후 광장은 시위와 집회를 비롯한 각종 행사가 열리는 공간으로서, 시민들에 의해 다양하게 활용되고 있다.

이 글의 내용은 집필자의 개인적 견해이며, 국사편찬위원회의 공식적 견해와 다를 수 있습니다.

참고문헌

논문

박보현, 「스포츠 메가 이벤트의 정치사회적 담론: 1988서울올림픽과 2002한일월드컵을 중심으로」, 서울대학교 박사학위논문, 2008.

저서

김원제, 『스포츠 코리아: 21세기 한국사회와 스포츠, 그리고 미디어』, 한국학술정보(주), 2006.
김학균‧남정석‧배성민, 『기억을 공유하라! 스포츠 한국사』, 이콘, 2012.
임영태, 『대한민국사』, 들녘, 2008.
정희준, 『스포츠 코리아 판타지: 스포츠로 읽는 한국 사회문화사』, 개마고원, 2009.

편저

안민석‧정준영 엮음, 『월드컵, 그 열정의 사회학』, 한울아카데미, 2002.

관련사이트

[https://www.archives.go.kr/next/search/showDetailPopup.do?rc_code=1310377&rc_rfile_no=200041106983&rc_ritem_no=000000000001]
「2002 FIFA 월드컵 한국/일본 공식보고서」, 국가기록원 기록정보서비스",,,,https://contents.history.go.kr/front/hm/view.do?levelId=hm_165_0050,사료로 본 한국사\items\hm_age_80_현대\hm_ty_040_문화\hm_165_0050_2002년 한·일 월드컵 개최.md
1139,hm_age_80,현대,hm_ty_040,문화,hm_166_0010,중국의 ‘동북공정’,현대 > 문화 > 동북아시아의 역사 갈등 > 중국의 ‘동북공정’,"…(전략)…

1. 동북변강 문제의 중요성에 대한 충분한 인식

동북변강 문제는 학술 문제일 뿐만 아니라 국가의 영토, 강역, 주권 등에 관련된 중대한 정치 문제이다. 지역적 문제일 뿐만 아니라 국가의 안전이나 평온과 관계된 전면적인 문제이다. 우리들은 단지 학술적 측면뿐만 아니라 정치적으로 국가 영토 주권의 보전, 국가의 안전, 변강의 평온, 민족 단결 등의 측면에서도 이 문제의 연구가 중요하고 긴박함을 충분히 인식해야 한다. 모든 사람들이 다 알고 있듯이, 동북 지역은 중국 강토에서 분할할 수 없는 일부분이고, 동북 각 민족은 모두 중화 민족 대가족의 일원이며, 동북의 역사는 사마천의 『사기(史記)』로부터, 반고의 『한서(漢書)』 이래로 줄곧 중국의 正史에서 중요한 구성 요소였다.

동북 각 민족의 인민은 5,000년간 빈번한 이주와 이동하는 과정에서 중국의 강역을 개척하고 변강과 내지의 교류를 촉진하였으며, 각 민족의 융합을 가속화시키고 중국 북방 민족의 문명사를 창조하였다. 묘후산인(廟後山人), 금우산인(金牛山人), 합자동인(鴿子洞人) 등 원시인들은 중국 고인류군 중에서 우리에게 친숙한 구성원들이다. 동북의 원시인들로서, 그들은 중원 및 기타 지역의 원시 거주민 무리와 공동으로 중화민족의 고대 문화(遠古文化)를 창조하였다. 이로써 신락하층(新樂下層) 문화와 홍산(紅山) 문화는 대표적인 동북의 원시 문화가 되었고, 황하 유역의 앙소 문화, 양자강 유역의 하모도 문화처럼 중국 신석기 시대 문화의 중요한 기원이 되었다. 고구려 문화와 발해 문화는 모두 선명한 민족적 특징과 지역 특색을 갖추고 있고, 중국 고대 다민족 문화 통일체 중에서 독특한 특색을 지닌 중요한 구성 요소이다. 이후 동북의 몇몇 소수 민족은 중국의 강성과 문명적 발전에도 커다란 공헌을 하였다. 특히, 거란족이 세운 요, 여진족이 세운 금, 몽골족이 세운 원, 만주족이 건립한 청 등의 왕조는 중국 다민족 국가의 형성에 지극히 중요한 공헌을 하였다. 소수 민족이 건립한 정권들은 중국의 드넓은 강역을 형성하는 데 기초를 다졌고, 동북 지역의 통치, 관할, 개발 등을 강화하였으며 동북의 각 민족간 및 동북과 중원 사이의 관계 및 융합을 촉진하였다. 그리고 전체 중국의 정치, 군사, 경제, 문화 등을 발전시키고 영향을 주었다. 이를 통해 동북 지역의 유구한 역사와 문화는 전체 중화 민족의 발전사에서 중요한 역사적 의의를 가지고 있음을 알 수 있다.

역사적 원인, 특히 근대 이래 서양 식민주의와 제국주의 국가의 침략은 중국 동북강역 문제를 복잡하게 변화시켰다. 최근 국제적으로 몇몇 적대 세력들은 우리 나라에 대하여 침투와 분열 활동을 더욱 강화하고 있다. 몇몇 사람들은 학술 연구라는 명의를 빌려서, 역사 문제를 이용하여 과장된 글을 쓰고 흑백을 전도하고 역사를 왜곡하면서 공공연하고 대담하게 우리에게 영토를 요구한다. 이러한 적대 조직은 민족 문제와 종교 문제를 이용하여 온갖 방법으로 우리 나라에 대한 침투를 진행하고, 우리 나라 사람들에 대해 회유, 분화, 유혹 등의 술책을 부리고, 망령되게 사단(事端)을 만들어서 우리 나라의 영토 보전과 변강 안전, 그리고 민족 단결을 파괴하려 한다. 바로 이러한 배경 속에서 동북 변강 문제 연구를 강화하는 것이 갈수록 절박하고 중요하게 되었다.

당 중앙 지도자의 친밀한 관심과 국무원의 대대적인 지지, 지휘 아래, 정부는 ‘하상주(夏商周) 시대 구분 공정’에 뒤이어 다시 중국사회과학원과 동북 삼성(東北三省)에 위탁하여 공동으로 ‘동북변강 역사와 현재 상황에 대한 일련의 연구 공정’에 착수하였다. 이것은 중요한 조치이며, 그것은 반드시 동북변강 역사와 현재 상황에 대한 연구 분야의 학과 건설을 대대적으로 추진할 것이고, 전체 동북 지역의 개혁 개방, 사회 안정, 경제 발전에도 광범위하고 장기적인 영향을 가져올 것이다.

…(후략)…

全哲洙, 「동북변강 문제에 대한 연구 진행의 몇 가지 문제」, 馬大正 편저, 동북아역사재단 역, 『중국의 동북변강 연구』, 2007, 22~24쪽.

중국 고위관리 ‘동북공정’ 지휘

중앙·지방 당정간부 대거참여…예산도 대부분 지출

중국 정부가 ‘학술 연구’라고 주장해온 ‘동북공정’(동북변경 역사와 현황 시리즈 연구공정) 사업에 중국 중앙정부와 지방정부의 관리가 ‘지도자’로 대거 참여하고 있으며, 사업 예산의 대부분을 중국 정부가 지출하고 있는 것으로 밝혀졌다. 또 동북공정이 단군조선을 부정하고 기자조선-위만조선-한사군-고구려-발해 등 다섯 왕조·정권이 모두 중국 속국 또는 지방정권이라고 주장하고 있는 사실이 이미 완성된 ‘과제’들을 통해 재확인됐다.

지난 5일 동북공정 사무처가 인터넷 홈페이지를 대폭 개편해 새로 공개한 동북공정 관련 자료를 보면, 동북공정 조직의 고문으로 리톄잉 중국사회과학원 원장 겸 중국공산당 중앙정치국 위원과 더불어 샹화이청 중국 국무원 재정부 부장이 참가하고 있는 것으로 드러났다. 또 이 조직의 지도그룹(영도소조)의 조장은 왕루이린 중국사회과학원 부원장 겸 중국공산당 중앙위원이 맡고 있으며, 부조장으로는 양광훙 헤이룽장성위원회 부서기, 촨저주 지린성 부성장, 자오신량 랴오닝성 부성장 등 동북삼성의 부성장급 당정 간부가 참여하고 있는 것으로 밝혀졌다.

또 동북공정의 실무를 담당하는 사무처 직원 12명 가운데 판춘량 헤이룽장성 선전부 부부장, 궁커 지린성 선전부 부부장, 창웨이궈 랴오닝성 선전부 부부장 등이 포함돼 있어, 동북삼성 성정부의 공보 담당관들이 모두 참여하고 있는 것으로 나타났다.

이런 사실은 ‘동북공정’이 중국 정부의 조직적인 지도 아래 진행되고 있는 사업임을 보여주는 것이어서 “고구려사 귀속 논쟁을 학술 차원으로 돌리자”고 한 중국 정부의 진의를 의심케 한다는 지적이 높다.

또 ‘동북공정 경비관리 방법’이란 문서를 보면, 동북공정 사업에 드는 총예산 1500만위안(약 22억5000만원) 가운데 중국 국무원 재정부가 1000만위안, 동북삼성 공산당 성위원회에서 375만위안, 중국사회과학원 중대과제 경비에서 125만위안을 지출하는 것으로 돼 있어 중국 정부가 동북공정 예산의 대부분을 지출하는 것으로 드러났다.

『한겨레』 2004년 8월 7일, 「중국 고위관리 ‘동북공정’ 지휘」

开展东北边疆问题研究的几个问题

全哲洙

…

1. 充分认识东北边疆问题研究的重要意义

东北边疆问题既是学术问题、也是涉及国家领土、疆域、主权的重大政治问题; 既是地域性问题、也是事关国家安全与稳定的全局性问题; 既是我们国内自己的问题、也是涉及复杂的国际关系的重要问题。我们不仅要从学术上、而且要从政治上、从国家的领土主权完整、国家安全、边疆稳定、民族团结的高度、充分认识到研究这一问题的重要性和紧迫性。

众所周知、东北地区是中国疆土不可分割的一部分、东北各民族都是中华民族大家庭中的一员、东北的历史自司马迁 《史记》、班固 《汉书》 以来即为中国正史的有机组成。东北各族人民在5000多年频繁的迁移、流动过程中、开拓了中国的疆域、促进了边疆与内地的交流、加速了各民族的融合、创造了中国北方民族的文明史。“庙后山人”、“金牛山人”、“鸽子洞人” 等原始人群、是中国古人类群体中亲密的成员。作为东北的原始人群、他们与中原及其他地区的原始居民一起、共同创造了中华民族的远古文化、而以新乐下层和红山文化为代表的东北原始文化、与黄河流域的仰韶文化、长江流域的河姆渡文化一样、同为中国新石器时代文化的重要来源、高句丽文化和渤海文化具有鲜明的民族特点和地域特色、是中国古代多民族文化统一体中别具特色的有机组成部分。其后、东北的一些少数民族为中国的强大和文明的发展、做出了更大的贡献。尤其是契丹族建立的辽、女真族建立的金、蒙古族建立的元、满族建立的清等王朝、对中国多民族国家的形成做出了极为重要的贡献。这些少数民族建立的政权、奠定了中国辽阔的疆域、加强了对东北地区的统治、管辖和开发、促进了东北各民族之间以及东北与中原之间的联系与融合、影响并发展了整个中国的政治、军事、经济与文化。可见、东北地区悠久的历史与文化、在整个中华民族的发展史上具有重要的历史地位。

由于历史的原因、特别是近代以来西方殖民主义和帝国主义国家的侵略、使中国东北疆域问题复杂化了。近年来。国际上一些敌对势力加紧对我国进行渗透和分裂活动。一些人借学术研究的名义、利用历史问题大做文章、颠倒黑白、篡改历史、明目张胆地向我国提出领土要求。一些敌对组织利用民族问题和宗教问题。千方百计地对我国进行渗透、对我方人员实施拉拢、分化、诱惑、妄图制造事端、破坏我国的领土完整、边疆稳定与民族团结。正是在这一背景下、加强东北边疆问题研究、就显得日益迫切与重要。

在党中央领导的亲切关怀下、在国务院的大力支持和领导下、继“夏商周断代工程”之后、国家又委托中国社会科学院与东北三省合作、设立了“东北边疆历史与现状系列研究工程""。这是一个重要举措、它必将极大地推动东北边疆历史与现状研究领域的学科建设、对整个东北地区的改革开放、社会稳定和经济发展、也将产生广泛而深远的影响。

马大正 主編, 『中国东北边疆研究』(中国社会科学出版社, 2003), 7~9頁

중국 고위관리 ‘동북공정’ 지휘

중앙·지방 당정간부 대거참여…예산도 대부분 지출

중국 정부가 ‘학술 연구’라고 주장해온 ‘동북공정’(동북변경 역사와 현황 시리즈 연구공정) 사업에 중국 중앙정부와 지방정부의 관리가 ‘지도자’로 대거 참여하고 있으며, 사업 예산의 대부분을 중국 정부가 지출하고 있는 것으로 밝혀졌다. 또 동북공정이 단군조선을 부정하고 기자조선-위만조선-한사군-고구려-발해 등 다섯 왕조·정권이 모두 중국 속국 또는 지방정권이라고 주장하고 있는 사실이 이미 완성된 ‘과제’들을 통해 재확인됐다.

지난 5일 동북공정 사무처가 인터넷 홈페이지를 대폭 개편해 새로 공개한 동북공정 관련 자료를 보면, 동북공정 조직의 고문으로 리톄잉 중국사회과학원 원장 겸 중국공산당 중앙정치국 위원과 더불어 샹화이청 중국 국무원 재정부 부장이 참가하고 있는 것으로 드러났다. 또 이 조직의 지도그룹(영도소조)의 조장은 왕루이린 중국사회과학원 부원장 겸 중국공산당 중앙위원이 맡고 있으며, 부조장으로는 양광훙 헤이룽장성위원회 부서기, 촨저주 지린성 부성장, 자오신량 랴오닝성 부성장 등 동북삼성의 부성장급 당정 간부가 참여하고 있는 것으로 밝혀졌다.

또 동북공정의 실무를 담당하는 사무처 직원 12명 가운데 판춘량 헤이룽장성 선전부 부부장, 궁커 지린성 선전부 부부장, 창웨이궈 랴오닝성 선전부 부부장 등이 포함돼 있어, 동북삼성 성정부의 공보 담당관들이 모두 참여하고 있는 것으로 나타났다.

이런 사실은 ‘동북공정’이 중국 정부의 조직적인 지도 아래 진행되고 있는 사업임을 보여주는 것이어서 “고구려사 귀속 논쟁을 학술 차원으로 돌리자”고 한 중국 정부의 진의를 의심케 한다는 지적이 높다.

또 ‘동북공정 경비관리 방법’이란 문서를 보면, 동북공정 사업에 드는 총예산 1500만위안(약 22억5000만원) 가운데 중국 국무원 재정부가 1000만위안, 동북삼성 공산당 성위원회에서 375만위안, 중국사회과학원 중대과제 경비에서 125만위안을 지출하는 것으로 돼 있어 중국 정부가 동북공정 예산의 대부분을 지출하는 것으로 드러났다.

『한겨레』 2004년 8월 7일, 「중국 고위관리 ‘동북공정’ 지휘」

첫 번째 사료는 2002년 7월 중국 창춘(長春)에서 개최된 ‘제2차 동북변강역사와 현재 상황 및 고구려 학술연구토론회’라는 회의에서 발표된 글이다. 필자인 취앤쩌주(全哲洙)는 당시 지린성 부성장이자 이하에 설명할 ‘동북공정’을 지도하는 ‘동북공정영도협조기구’의 ‘영도소조’에서 부조장을 맡은 인물이었다. 행정 책임자가 직접 기고한 글이자, 전체 글 중에서 ‘서론’에 배치되어 있는 이 글은 ‘동북공정’에 대하여 중국 당국이 가지고 있는 입장을 잘 보여주고 있다.

두 번째 사료는 2004년 8월 7일 『한겨레』에 실린 ‘동북공정’ 관련 기사이다. 단순한 학술연구라고 주장했던 것과 달리 중국 중앙정부와 지방정부가 동북공정에 깊이 개입했다는 사실을 밝히고 있다. 중국이 동북공정을 강행한 이유가 어떤 것인지, 그리고 그 배후에는 중국 정부가 있다는 사실을 보여주는 자료이다.

중국 국무원 산하 사회과학원 직속의 변강사지연구중심(邊疆史地硏究中心)에서는 2002년 2월 28일부터 동북변강역사여현상계열연구공정(東北邊疆歷史與現狀系列研究工程)이라는 국가 프로젝트를 5년 계획으로 시작하였다. 이를 우리말로 풀어서 설명하면 ‘중국 동북쪽의 변경지역의 역사와 현재 상황에 대한 연구사업’이라고 할 수 있고, 줄여서 동북공정(東北工程)이라고 부른다. 동북공정 대상에 고구려를 비롯한 고조선, 발해 등 한국 고대사 관련 내용이 포함되고, 역사를 왜곡한다는 사실이 밝혀졌다. 이에 한국 정부, 학계, 언론, 시민사회에서 중요 의제로 등장하였고, 한국과 중국의 외교 문제로 번지게 되었다. 동북공정이 추진한 역사 왜곡은 과거 문제뿐 아니라 현재 국경 및 영토 문제와 관련이 있으며, 국가 전략 문제와도 관련이 있는 정치적 프로젝트였기 때문이다.

중국은 1980년대 개혁개방 정책을 추진하면서 ‘통일적 다민족국가론’을 내세워 소수민족 정책이 중요하게 등장했다. 특히 소수민족들이 모여 사는 국경 지방에 큰 관심을 기울이게 되었고, 이러한 경향은 공산권의 해체, 1992년 한국과 중국의 수교 등을 거치며 더욱 강화된다. 동북공정의 주요 대상이 되는 동북3성(지린성 吉林省, 랴오닝성 辽宁省, 헤이룽장성 黑龙江省)은 과거 고조선, 고구려, 발해 등의 영토였고, 현재는 조선족들이 많이 살고 있고, 북한과는 국경을 맞댄 곳이기 때문이다.

동북공정 추진 배경은 한국과 북한, 그리고 중국 3개국의 관계 변화와 변경지역의 상황 변화라는 외교적·정치적 요인에서 찾을 수 있다. 다시 말해 순수한 학술적 목적에 의한 프로젝트라고는 볼 수 없다는 것이다. 동북공정의 책임자는 과거 중국과 북한의 전통적인 우호 관계 속에서 고대 동북지역의 역사 연구를 하기 어렵다고 밝힌 바 있는데, 이는 북한과 중국의 관계가 약화되자 고대 동북지역의 역사 연구를 할 수 있는 조건이 마련되었다는 의미이다. 동시에 중국이 한국과 수교를 한 이후 교류가 확대되면서 한국의 중국 동북지역(만주지역)에 대한 인식이 중국에 전해졌고, 양국의 역사인식 차이를 깨닫게 된 점도 동북공정이 추진된 중요한 요인 가운데 하나였다. 1990년대 중반 북한이 심각한 식량난을 겪으며 위기에 처하자 북한정권의 붕괴를 가정하고 재빠른 대처를 위해 동북공정을 추진했다는 평가도 있다. 중국 정부는 한반도 문제에 개입할 역사적 명분을 만들고, 조선족을 대상으로 중국 국민의 정체성을 강화하고, 이들이 동요하거나 이탈하지 않도록 통제할 이념이 필요했다.

동북공정을 통한 역사왜곡에 대해 한국 정부에서도 장기적인 대응책을 마련하고 중국 정부에 공식적으로 문제를 제기하였다. 2004년 8월 한중 구두양해사항 합의로 중국의 고구려사 왜곡 시정을 요구할 수 있는 근거가 마련되었다.

2007년 2월, 5년 계획으로 추진된 동북공정은 겉으로 보기에는 종료되었다. 그러나 추진 배경에서 알 수 있듯이 동북공정은 단순히 ‘중국의 고구려사 빼앗기’ 같은 학술문제 차원에 그치지 않았기 때문에 연구사업의 종료가 문제 해결을 의미하지 않았다. 동북공정의 연구성과들은 고구려와 발해 유적지의 표지판이나 박물관 안내문, 대학 교재 등에 수록되어 일반 중국인들의 상식을 바꾸고 있다. 한국에서는 동북아역사재단 등의 기관을 중심으로 학술연구와 정책 대응을 펼치고 있으며, 남북이 공동으로 유적을 발굴하고 연구도 진행하였다. 여러 민간단체들도 이와 같은 역사왜곡에 대응하기 위해 노력 중이다.

이 글의 내용은 집필자의 개인적 견해이며, 국사편찬위원회의 공식적 견해와 다를 수 있습니다.

참고문헌

논문

김지훈, 「2002년 전후 중국 동북공정의 추진과정과 추진 주체」, 『백산학회』 117, 2020.
조아라·정무섭, 「중국의 신(新)동북공정(문화공정)에 대한 한국의 대응」, 『경영컨설팅연구』 21-3, 2021.
조의행, 「한국인의 민족 자존감과 중국의 신동북공정」, 『현상과 인식』 147, 2021.

저서

동북아역사재단, 『한중 역사 현안 바로알기』, 동북아역사재단, 2012.
동북아역사재단 편, 『동북공정 이후 현황과 동북아 역사 문제』, 동북아역사재단, 2020.
최광식, 『중국의 고구려사 왜곡』, 살림, 2004.

관련사이트

[http://contents.nahf.or.kr/item/level.do?levelId=bg.d_0057] 馬大正 편저, 동북아역사재단 역, 『중국의 동북변강 연구』, 2007

[https://www.history.go.kr/contents/contentsPage.do?groupId=000000000571&menuId=000000000574&pageId=000000000213]
저작권 정책

[https://www.history.go.kr/contents/contentsPage.do?groupId=000000000931&menuId=000000000992&pageId=000000000541]
데이터 개방

[https://www.history.go.kr/contents/contentsPage.do?groupId=000000000571&menuId=000000000572&pageId=000000000211]
개인정보처리방침

13809 경기도 과천시 교육원로 86 국사편찬위원회

COPYRIGHT © NATIONAL INSTITUTE OF KOREAN HISTORY ALL RIGHT RESERVED.

오류신고

본 사이트 자료 중 잘못된 정보를 발견하였거나 사용 중 불편한 사항이 있을 경우 알려주십시오. 이용자의 참여가 사이트 가치 향상에 큰 도움이 됩니다.

사이트 하단의 ‘오류신고’ 메뉴를 이용하시면 신고 내용의 적용여부를 확인하실 수 있습니다.

개인정보는 삭제하오니 유념하시기 바랍니다.

자료명

사료로 본 한국사

자료위치

https://contents.history.go.kr/id/hm_166_0010

제목

오류유형

오류내용

이름

자동입력 방지문자

소개

한국사를 이해하는 데 토대가 되는 주요 사료를 각 시대와 분야별로 선별하여, 원문과 번역문, 해설과 참고 자료를 함께 서비스하고 있습니다.
이를 통해 어려운 역사 자료에 좀 더 쉽게 접근할 수 있도록 하였습니다.

일러두기

1.한 편의 사료는 국문, 원문, 해설, 참고자료의 4가지 요소로 구성하였습니다.

2.사료의 종류는 [삼국사기], [삼국유사], 『고려사』, 『조선왕조실록』 등의 1차 사료(史料)를 비롯해 개인 문집, 금석문, 신문, 판결문, 선언문 등에 이르기까지 매우 다양합니다.

3.국문은 원문에 수록된 사료를 우리말로 번역하여 수록하였습니다. 사료의 상당수는 한문이며, 영어, 일본어 등도 포함되어 있습니다. 또한 근·현대 사료 또한 한자를 많이 사용하여 일반인이 접근하기가 어려우므로 이를 이용자가 쉽게 이해할 수 있도록 현대 한국어에 맞게 번역하였습니다.

4.해설 중에서 추가 설명이 필요한 역사 용어의 경우 글자를 별색으로 표기하였습니다. 보라색은 해당 글자에 마우스를 갖다 대면 간략한 설명이 제공되며, 파란색은 클릭하면 ‘교과서 용어 해설’ 및 ‘한국사 연대기’ 등의 관련 자료로 연계되도록 하였습니다.

5.참고 자료에서는 사료와 관련된 연구 논문과 저서 목록을 수록하였고, 해당 사료의 원문과 번역문을 직접 확인할 수 있도록 관련 사이트도 연계하였습니다.

DB 구축 참여자(2012~2013)

시기 구분
기획
집필
교열
윤문
자료 총괄
구축 년도

삼국 이전
삼국 시대
전미희
류주희
이규리
문동석
이정빈
이현태
장종진
장청화
이계형
2012

박남수
홍기승
문동석
이현태
장종진
김경복
장청화
2013

통일 신라와 발해
전미희
류주희
이규리
김창겸
김덕원
전경숙
장청화
이계형
2012

박남수
홍기승
문동석
이현태
장종진
김경복
장청화
2013

고려 시대
전미희
류주희
이규리
한정수
손민호
황영수
전경숙
장청화
이계형
2012

류주희
홍기승
한정수
김가람
김경복
장청화
2013

조선 시대
전미희
류주희
이규리
이경찬
박귀미
이기명
이화영
이근호
장청화
이계형
2012

이규리
홍기승
이근호
김가람
김경복
장청화
2013

근대
전미희
류주희
이규리
은정태
홍문기
최보영
장청화
이계형
2012

염복규
은정태
홍동현
김경복
장청화
2013

현대
전미희
류주희
이규리
박미경
이관형
김진흠
장청화
이계형
2012

김점숙
이정은
홍동현
김경복
장청화
2013

DB 구축 참여자(2023~)

시기 구분
기획
집필
교열
감수
구축연도

근대
신재호

이주호

곽금선, 김명섭, 김상연, 김상훈, 김영진, 김진혁, 김호걸, 노성룡, 박주영, 송영화, 이양희, 이지은,

임동현, 최용준, 한보람, 한승훈, 한애라, 한준호, 홍수연

이명학
정일영
2023

현대

곽경상, 김상규, 김상연, 김재웅, 김진혁, 서홍석, 신재준, 예대열, 이길중, 이지완, 정무용

김태윤
김아람

근대
신재호

이주호

곽금선, 박주영, 박한민, 이양희, 이지은, 임동현,

주동빈, 최용준, 한보람, 한승훈, 한애라, 한준호

이명학
양진아
2024

현대

김상연, 김청강, 예대열, 이길중, 이지완

김아람

삼국
신재호

홍선이

권순홍, 김기민, 김지현, 나유정, 이종록

이준성
이정빈
2025

DB 고도화 참여자(2022~)

시기 구분
기획
해설 집필
해설 교열
감수
구축연도

근대
신재호

이홍구

곽금선, 김기성, 김명섭, 김명재, 김명환, 김상훈, 김소영, 김영진, 김헌주, 남기현, 류동연, 박순섭,

박주영, 박한민, 성주현, 송영화, 심철기, 양진아, 이성우, 이양희, 이지은, 임인재, 최보민, 최보영,

최우석, 한보람, 한승훈, 한준호

박은숙

정일영

한승훈
김도형
2022

현대

김대현, 김동주, 문민기, 박경렬, 이재석, 이지완

박광명

임광순
김아람

김태우

조선 전기
신재호

이주호

신동훈, 양정현, 윤승희, 이경동, 이상민, 이지훈

서민주
나영훈
2024

조선 후기

도주경, 문광균, 오승관, 윤민경, 임성수, 채홍병

이행묵
박범

삼국 이전
신재호

홍선이

권순홍, 김기민, 김세진, 김지현, 나유정, 이종록

이준성
이정빈
2025

고려

김도연, 김보광, 김수연, 김종혁, 김지영, 김진곤,
김효섭, 박수찬, 안주영, 오경석, 오치훈, 이민기,
이바른, 이상민, 이창섭, 정동훈, 최은규, 현수진

이현경

황향주
한정수

최종석

메인 화면

1.교양 우리 역사 메뉴 내의 콘텐츠로 이동할 수 있습니다.

2.시대별 분야에 따른 사료 목록을 확인할 수 있습니다.

3.사료로 본 한국사 내 자료를 검색할 수 있습니다.

분류별 목록 화면

1.시대에 따른 분야별 목록을 확인할 수 있습니다.

2.개별 사료 클릭시 상세화면으로 이동합니다.

상세 화면 – 한면으로 보기

1.시대별/분야별 목차를 확인할 수 있고, 다른 사료로 바로 이동할 수 있습니다. 숨기기/열기 버튼을 이용해 닫거나 열어볼 수 있습니다.

2.각 사료에 대한 국문, 원문, 해설, 참고자료 정보를 4개의 탭으로 열람할 수 있습니다.

3.두 가지 정보를 비교해 볼 수 있는 ‘나란히 보기’ 화면으로 이동합니다. 드롭박스를 통해 열람하고자 하는 정보를 선택할 수 있습니다.

4.폰트 조정, 인쇄, 목록, 오류신고, 이전/다음 사료로 이동 등의 툴바 기능을 이용할 수 있습니다.

목록화면

1.시대에 따른 분야별 사료 목록이 배열됩니다.

2.메인 화면 및 시대별 목록을 열람할 수 있습니다.

3.상세 사료 목록을 펼침/닫힘 버튼을 통해 이용할 수 있습니다.",,,,https://contents.history.go.kr/front/hm/view.do?levelId=hm_166_0010,사료로 본 한국사\items\hm_age_80_현대\hm_ty_040_문화\hm_166_0010_중국의 ‘동북공정’.md
1140,hm_age_80,현대,hm_ty_040,문화,hm_166_0020,일본 교과서 왜곡에 대한 남북 역사학자 공동 성명,현대 > 문화 > 동북아시아의 역사 갈등 > 일본 교과서 왜곡에 대한 남북 역사학자 공동 성명,"3.1절 82주년을 맞아 평양에서 개최된 ‘일제의 조선 강점 비법성에 대한 북남 공동자료전시회’와 공동학술토론회에 참가하고 있는 남북 역사학자들은 2일 일본 당국의 역사교과서 왜곡책동을 규탄하는 공동성명을 발표했다고 조선중앙방송이 3일 전했다.

다음은 중앙방송이 보도한 공동성명 전문이다.

일본 당국의 역사교과서 왜곡책동을 규탄하는 북남역사학자들의 공동성명

우리 북과 남의 역사학자들은 3.1인민봉기 82돌에 즈음하여 평양에서 일제의 조선 강점의 비법성에 대한 북남공동자료 전시회를 개막하고 토론회를 진행하였다.

일본은 과거 조선을 군사적으로 강점하고 식민지 통치를 실시하면서 무고한 우리 인민들을 야수적으로 학살하였으며 모든 정신문화적 재부와 자원을 깡그리 강탈해갔다.

이것은 온 세계가 공인하는 역사적 사실이다.

그러나 일본은 적법성과 유효성을 운운하면서 피로 얼룩진 20세기 저들의 범죄적인 역사를 가리워 보려고 책동해 오던 끝에 드디어 일본 역사교과서에서 그 종적마저 없애버리는 실천단계에 들어섰다.

극우익반동단체인 ‘새 역사교과서를 만드는 회’가 최근 일본 문부과학성에 태평양 전쟁을 아시아 해방 전쟁으로, 조선 강점을 정당한 합병으로 서술하고 일제가 침략 전쟁에서 감행한 범죄적 만행에 대해서는 전혀 언급하지 않은 역사교과서를 제출하였다.

그리고 현재 문부과학성에 제출된 다른 역사교과서들도 일제의 범죄적 침략내용을 삭제하였다.

일본반동들의 역사교과서 날조행위는 우리 조선 민족과 아시아 인민들에 대한 참을 수 없는 모독이며 일본군국주의의 망령을 되살리려는 일본 특유의 음흉한 기도이다 북과 남의 전체 역사학자들은 일본반동들의 파렴치한 역사왜곡 책동을 단호히 단죄 규탄하면서 이를 당장 중지하고 우리 민족에게 사죄할 것을 강력히 요구한다.

일제의 조선강점의 비법성에 대한 북남 공동자료전시회 및 토론회에 참가한 북남 역사학자 일동

주체 90(2001)년 3월 2일 평양

「일본당국의 력사교과서 외곡책동을 규탄하는 남북력사학자들의 공동성명」, 2001. 3. 2.

3.1절 82주년을 맞아 평양에서 개최된 ‘일제의 조선 강점 비법성에 대한 북남 공동자료전시회’와 공동학술토론회에 참가하고 있는 남북 역사학자들은 2일 일본 당국의 역사교과서 왜곡책동을 규탄하는 공동성명을 발표했다고 조선중앙방송이 3일 전했다.

다음은 중앙방송이 보도한 공동성명 전문이다.

일본 당국의 역사교과서 왜곡책동을 규탄하는 북남역사학자들의 공동성명

우리 북과 남의 역사학자들은 3.1인민봉기 82돌에 즈음하여 평양에서 일제의 조선 강점의 비법성에 대한 북남공동자료 전시회를 개막하고 토론회를 진행하였다.

일본은 과거 조선을 군사적으로 강점하고 식민지 통치를 실시하면서 무고한 우리 인민들을 야수적으로 학살하였으며 모든 정신문화적 재부와 자원을 깡그리 강탈해갔다.

이것은 온 세계가 공인하는 역사적 사실이다.

그러나 일본은 적법성과 유효성을 운운하면서 피로 얼룩진 20세기 저들의 범죄적인 역사를 가리워 보려고 책동해 오던 끝에 드디어 일본 역사교과서에서 그 종적마저 없애버리는 실천단계에 들어섰다.

극우익반동단체인 ‘새 역사교과서를 만드는 회’가 최근 일본 문부과학성에 태평양 전쟁을 아시아 해방 전쟁으로, 조선 강점을 정당한 합병으로 서술하고 일제가 침략 전쟁에서 감행한 범죄적 만행에 대해서는 전혀 언급하지 않은 역사교과서를 제출하였다.

그리고 현재 문부과학성에 제출된 다른 역사교과서들도 일제의 범죄적 침략내용을 삭제하였다.

일본반동들의 역사교과서 날조행위는 우리 조선 민족과 아시아 인민들에 대한 참을 수 없는 모독이며 일본군국주의의 망령을 되살리려는 일본 특유의 음흉한 기도이다 북과 남의 전체 역사학자들은 일본반동들의 파렴치한 역사왜곡 책동을 단호히 단죄 규탄하면서 이를 당장 중지하고 우리 민족에게 사죄할 것을 강력히 요구한다.

일제의 조선강점의 비법성에 대한 북남 공동자료전시회 및 토론회에 참가한 북남 역사학자 일동

주체 90(2001)년 3월 2일 평양

「일본당국의 력사교과서 외곡책동을 규탄하는 남북력사학자들의 공동성명」, 2001. 3. 2.

이 사료는 남북 역사학자들이 2001년 3월 2일 평양에서 발표한 일본의 역사교과서 왜곡을 규탄하는 공동성명이다. 3·1절 82주년을 맞아 평양에서 ‘일제의 조선 강점 비법성에 대한 남북 공동자료 전시회’가 개최되었다. 3월 1일 평양 인민대학습당에서 열린 이 전시회에서는 서지학자인 이종학(李鍾學) 사운연구소 소장이 수집한 일본 강제 병합과 관련된 자료, 국사편찬위원회에서 가져간 독립운동사 관련 자료 등 1,000여 점의 자료가 전시되었다.

이와 더불어 전시회에 참가한 남측의 역사학자와 북측의 역사학자들이 모여 남북 학술토론회가 개최되었다. 남측에서는 강만길(姜萬吉) 고려대 명예교수, 안병욱(安秉旭) 가톨릭대 교수, 이종학 사운연구소 소장 등이 참석했고, 북측에서는 원종규 사회과학원 역사연구소 실장, 정남용 사회과학원 법학연구소 연구사 등이 참석했다. 남북 역사학자들은 일본이 이른바 ‘적법성’과 ‘유효성’을 운운하며 조선 침략과 강점을 정당화하고 책임에서 벗어나려 하는 사실을 폭로하고, 이를 역사 위조행위이며 새로운 범죄행위라고 규정했다.

그리고 학술토론회 이튿날인 3월 2일, 토론회에 참가한 남북 역사학자들 일동의 명의로 2001년 당시 문제로 떠오른 일본의 역사교과서 왜곡에 대한 규탄 공동성명을 발표하게 된 것이다. 학술토론회에서 논의된 내용이 담긴 공동성명은 일본 우익의 역사왜곡 시도를 규탄하고 남과 북의 한민족에게 사죄할 것을 요구하며 끝을 맺는다.

일본 우익이 주축이 된 역사교과서 왜곡 문제는 제2차 세계대전이 끝난 직후인 1950년대까지 거슬러 올라간다. 이 문제는 교과서 검정제도에 대한 논쟁 등 일본 국내문제였는데, 1982년 역사교과서 왜곡 파동을 시작으로 한·중·일이 포함된 동아시아 전체의 문제로 부상하였다. 한국 정부의 조사 결과 일본의 고등학교 검정교과서 16종 중에서 24개 항목, 167군데가 심각하게 왜곡된 것으로 드러났고, 일본 정부 측에 강력한 항의의 뜻을 전달했다. 일본 정부가 한국과 중국 등 국제사회의 여론에 굴복하여 1983년에 재검정을 하기로 함으로써 교과서 왜곡 파동은 일단락되는 듯했다.

2001년 4월 3일, 2002년도 일본 중학교 역사교과서로 사용될 8권의 책이 문부과학성의 검정을 통과하였다. 여기에는 기존 7종의 역사교과서 외에 ‘새로운 역사교과서를 만드는 모임’(새역모)이 만들고 후쇼사(扶桑社)에서 출판한 교과서가 새롭게 추가되었다. 이들 교과서는 예전의 교과서에 비해 과거 일본의 아시아 침략과 가해 사실을 미화 왜곡하고 축소 또는 삭제하는 내용이 많았다. 2001년의 일본 역사교과서 왜곡 문제는 2000년 여름부터 우려할 만한 내용이 국내에 알려지기 시작하면서 본격화되었다. 일본 국내에서도 새역모가 만든 교과서를 두고 논란이 본격화되었으며, 한국 정부와 국회도 우려의 메시지를 일본에 전달하였다. 사료를 통해 본 남북 역사학자들의 공동성명도 이러한 배경에서 일본의 역사왜곡 시도에 맞선 남과 북의 공동 대응으로 볼 수 있다.

일본의 역사교과서 왜곡에 대해 시민단체와 역사학자들의 대응도 활발해졌다. 2002년 3월부터 한·중·일 3국의 연구자와 교사, 시민들이 모여 ‘역사 인식과 동아시아 평화 포럼’을 개최했고, 3국의 청소년들이 사용할 공동교재를 만들자는 제안이 동의를 얻어 공동작업을 시작하게 되었다. 4년 동안의 모임과 회의를 거쳐 『미래를 여는 역사』를 한·중·일 3국에서 동시 출간하기도 하였다.

외교적 갈등으로까지 커진 교과서 왜곡 파동을 잠재우기 위해 김대중(金大中) 대통령과 고이즈미(小泉 純一郎) 총리가 정상회담을 갖고 민관 합동의 ‘한일역사공동연구위원회’를 발족할 것에 합의하였다. 한국과 일본에서 각 11명씩 총 22명으로 구성된 위원회는 역사쟁점이 되는 주제에 대한 공동연구를 진행하였지만 현실적인 교과서 내용에 대해서는 논의가 제대로 이뤄지지 못했고, 2011년 3월을 끝으로 활동이 중단되었다.

일본 교과서의 역사왜곡 문제는 현재까지도 이어지고 있다. 특히 2011년 4월에 일본 중학교 교과서 검정이 이루어졌는데, 이때는 일본의 독도 영유권 주장이 모든 지리, 공민, 역사교과서에 확산 기술됨으로써 교과서 문제의 초점이 ‘역사왜곡’에서 ‘독도 영유권 기술’로 옮겨가게 되었다. 2020년의 교과서 검정 또한 일본군 ‘위안부’ 문제와 강제징용 문제, 독도 영유권 등을 둘러싼 문제들이 뒤얽혀 있다.

이 글의 내용은 집필자의 개인적 견해이며, 국사편찬위원회의 공식적 견해와 다를 수 있습니다.

참고문헌

논문

김인현·김정구, 「일본의 교과서 검정과 역사왜곡 -1982년, 2001년, 2011년, 2020년 교과서-」, 『일본어교육』 93, 2020.
손승철, 「일본 역사교과서 왜곡의 사적전개와 대응」, 『한일관계사연구』 40, 2011.

저서

국회도서관, 『일본의 역사교과서 왜곡』, 국회도서관, 2001.
한중일3국공동역사편찬위원회, 『미래를 여는 역사』, 한겨레신문사, 2005.

편저

이원순·정재정 편, 『일본 역사교과서, 무엇이 문제인가』, 동방미디어, 2002.
일본교과서바로잡기 운동본부 편, 『문답으로 읽는 일본교과서 역사왜곡』, 역사비평사, 2001.

관련사이트

[https://encykorea.aks.ac.kr/Article/E0073858] 「일본역사교과서왜곡사건」
, 한국학중앙연구원 한국민족문화대백과사전",,,,https://contents.history.go.kr/front/hm/view.do?levelId=hm_166_0020,사료로 본 한국사\items\hm_age_80_현대\hm_ty_040_문화\hm_166_0020_일본 교과서 왜곡에 대한 남북 역사학자 공동 성명.md
1141,hm_age_80,현대,hm_ty_040,문화,hm_166_0030,일본 역사 왜곡에 항의하는 아시아 평화와 역사 교육 연대의 성명서,현대 > 문화 > 동북아시아의 역사 갈등 > 일본 역사 왜곡에 항의하는 아시아 평화와 역사 교육 연대의 성명서,"요청서

일본정부가 독도영유권 주장을 철회하도록 한국정부가 모든 노력을 다할 것을 강력히 요구한다!

일본 문부과학성은 12월 25일, 독도라는 단어를 사용하지는 않았지만 여전히 독도의 일본 영유권 주장을 고수하는 고등학교 교과서 학습지도요령 해설서를 발표했다. 독도라는 말만 뺐을 뿐 ‘독도는 일본 땅’이라는 주장을 담은 중학교 교과서 해설서에 입각해 학생을 가르치라는 정부의 방침을 내린 것이다. 학습지도요령 해설서(지리역사편)는 “중학교에서의 학습에 입각, 우리나라(일본)가 정당히 주장하고 있는 입장에 근거해 적확하게 취급, 영토문제에 대해 이해를 심화시키는 것이 필요하다”고 말하고 있다. 앞서 지난해 7월 발표한 중학교 사회과 학습지도요령 해설서는 “우리나라와 한국 사이에 다케시마(독도의 일본식 표현)를 둘러싸고 주장에 차이가 있다는 점 등에 대해서도 북방영토와 마찬가지로 우리나라의 영토⋅영역에 관해 이해를 심화시키는 것이 필요하다”고 명시한 바 있다. 결국 고교에서도 중학교처럼 ""독도는 일본 땅""이라고 가르치라는 게 해설서의 요지라고 할 수 있다.

더욱이 일본의 가와바타 다쓰오(川端達夫) 문부과학상은 지난 25일 각료회의 후 가진 기자회견에서 새 고교 지리역사 교과서 해설서와 관련, “다케시마(竹島)는 우리의 고유 영토로 정당하게 인식시키는 것에 어떤 변화가 있는 것은 아니다”며 독도가 자국 영토임을 못박았다 이는 일본 정부가 한일간의 외교 관계를 고려해서 독도를 직접 언급하지 않음으로써 갈등을 줄여보겠다는 자세는 과거보다는 진일보했다는 평가도 있으나 독도만 언급하지 않았을 뿐 문제의 본질은 그대로 둔 미봉책에 불과한 것임을 그대로 보여주는 망언이라 할 수 있다. 또, ‘독도가 일본 땅’이라는 교육을 계속 하겠다는 것은 문제를 근본적으로 해결하겠다는 의지가 없음을 다시 한 번 확인해 주는 정책이기도 하다.

독도 문제는 일본의 주권침해 문제이자 왜곡된 역사인식의 반영이다. 독도는 일본 제국주의가 러일 전쟁 이후 조선을 식민지화하는 과정에서 1905년 2월 22일 강제로 자국 영토로 편입시킨 섬이다. 일본의 고유영토가 아니라 일본 제국주의의 영토 팽창 과정에서 무력에 기초하여 편입된 영토라는 사실을 우리는 환기시키고 싶다. 일본의 독도 영유권 주장은 이러한 사실을 인정하지 않는 것일 뿐만 아니라 일본 제국주의의 조선 침략을 인정하지 않는 것과 같은 주장이다.

이에 우리는 한국정부에게 요구한다. 일본의 역사 교과서 왜곡과 일본군위안부

를 비롯한 강제동원 피해자의 피해 문제, 그리고 독도문제 등 한일간의 청산하지 못한 과거사 문제가 여전히 상존하고 있음에도 ‘과거를 묻지 말고 새시대를 열어나가자’고만 할 것인가. 과거는 미래를 여는 창이라고 했다. 일본정부의 외교적 수사에 만족하지 말고, 대일 과거사 문제 해결을 위해 적극 나서야 할 것이다. 더구나 내년은 일본이 한국을 강제병합한 지 100년이 되는 해이다. 그런 만큼 제국주의가 남긴 아픈 상처를 치유하고, 극복하기 위한 노력이 절실히 필요할 때이다. 이러한 노력이 있을 때 비로소 한일간의 진정한 우호도, 동아시아의 평화도 더 빨리 성취될 수 있을 것이다. 올바른 역사인식과 역사교육을 강화하고, 한일 간의 과거사 문제를 해결할 수 있는 전반적인 정책을 수립할 것을 촉구하며 다음과 같이 요구한다.

우리의 요구

1. 한국 정부는 일본 정부가 독도 영유권 주장을 당장 철회하도록 강력히 요구하라!

1. 한국 정부는 일본 정부가 중학교 학습지도요령 해설서에서 독도관련 사항을 삭제하도록 모든 외교적 노력을 다하라!

1. 한국 정부는 2010년 일본의 한국 강제병합 100년을 맞아 한일간의 미청산 문제를 해결하기 위한 종합적인 대일외교정책을 수립하라!

2009년 12월 28일　 아시아평화와역사교육연대

공동대표　서중석 안병우 장석춘 임성규 정진후

역사문제연구소, 한국노동조합총연맹, 전국민주노동조합총연맹, 전국교직원노동조합(이상 공동대표단체), 경제정의실천시민연합(경실련), 기독여민회, 기업은행노동조합, 기장여신도회, 나눔의 집, 대일역사왜곡시정촉구범국민위원회, 대한불교청소년교화연합회, 독도수호대, 독도유인도화국민운동본부, 동북아평화연대, 문화연대, 미쓰비시중공업한국인징용

자재판지원회, 민족문제연구소, 민족화합운동연합(민화련), 서울YMCA, 서울일본인교회, 아시아기독교여성문화연구원, 역사학연구소, 예장전국여교역자협의회, 우리민족서로돕기운동, 자주평화통일민족회의, 장준하기념사업회, 전국공공노동조합연맹, 전국금융산업노동조합, 전국경마장마필관리사노동조합, 전국여대생대표자협의회, 전국역사교사모임, 전국전력노동조합, 전국철거민협의회중앙회, 정신대문제대책부산협의회, 정신대할머니와함께하는시민모임, 전주기독살림여성회, 제주 4.3연구소, 조국평화통일불교협회, 참여민주사회시민연대(참여연대), 천주교여성공동체, 천주교여자수도회장상연합회, 태평양전쟁한국인희생자유족회, 태평양전쟁희생자보상추진협의회, 평화를만드는여성회, 평화시민연대, 한국교원노동조합, 한국교회여성연합회, 한국기독교역사연구소, 한국기독교사회문제연구원, 한국대학교총학생회연합, 한국민족예술인총연합, 한국불교환경교육원, 한국여성단체연합, 한국여성민우회, 한국여성의전화연합, 한국여신학자협의회, 한국역사연구회, 한국연극협회, 한국정신대연구소, 한국청년연합회(KYC), 학술단체협의회, KNCC여성위원회, 흥사단

, 21세기 청소년 공동체 ‘희망’ (64개 단체)

2009년 12월 28일　 아시아평화와역사교육연대

공동대표　서중석 안병우 장석춘 임성규 정진후

역사문제연구소, 한국노동조합총연맹, 전국민주노동조합총연맹, 전국교직원노동조합(이상 공동대표단체), 경제정의실천시민연합(경실련), 기독여민회, 기업은행노동조합, 기장여신도회, 나눔의 집, 대일역사왜곡시정촉구범국민위원회, 대한불교청소년교화연합회, 독도수호대, 독도유인도화국민운동본부, 동북아평화연대, 문화연대, 미쓰비시중공업한국인징용

자재판지원회, 민족문제연구소, 민족화합운동연합(민화련), 서울YMCA, 서울일본인교회, 아시아기독교여성문화연구원, 역사학연구소, 예장전국여교역자협의회, 우리민족서로돕기운동, 자주평화통일민족회의, 장준하기념사업회, 전국공공노동조합연맹, 전국금융산업노동조합, 전국경마장마필관리사노동조합, 전국여대생대표자협의회, 전국역사교사모임, 전국전력노동조합, 전국철거민협의회중앙회, 정신대문제대책부산협의회, 정신대할머니와함께하는시민모임, 전주기독살림여성회, 제주 4.3연구소, 조국평화통일불교협회, 참여민주사회시민연대(참여연대), 천주교여성공동체, 천주교여자수도회장상연합회, 태평양전쟁한국인희생자유족회, 태평양전쟁희생자보상추진협의회, 평화를만드는여성회, 평화시민연대, 한국교원노동조합, 한국교회여성연합회, 한국기독교역사연구소, 한국기독교사회문제연구원, 한국대학교총학생회연합, 한국민족예술인총연합, 한국불교환경교육원, 한국여성단체연합, 한국여성민우회, 한국여성의전화연합, 한국여신학자협의회, 한국역사연구회, 한국연극협회, 한국정신대연구소, 한국청년연합회(KYC), 학술단체협의회, KNCC여성위원회, 흥사단

, 21세기 청소년 공동체 ‘희망’ (64개 단체)

아시아평화와역사교육연대 외, 「일본정부가 독도영유권 주장을 철회하도록 한국정가 모든 노력을 다할 것을 강력히 요구한다!」, 2009년 12월 28일

요청서

일본정부가 독도영유권 주장을 철회하도록 한국정부가 모든 노력을 다할 것을 강력히 요구한다!

일본 문부과학성은 12월 25일, 독도라는 단어를 사용하지는 않았지만 여전히 독도의 일본 영유권 주장을 고수하는 고등학교 교과서 학습지도요령 해설서를 발표했다. 독도라는 말만 뺐을 뿐 ‘독도는 일본 땅’이라는 주장을 담은 중학교 교과서 해설서에 입각해 학생을 가르치라는 정부의 방침을 내린 것이다. 학습지도요령 해설서(지리역사편)는 “중학교에서의 학습에 입각, 우리나라(일본)가 정당히 주장하고 있는 입장에 근거해 적확하게 취급, 영토문제에 대해 이해를 심화시키는 것이 필요하다”고 말하고 있다. 앞서 지난해 7월 발표한 중학교 사회과 학습지도요령 해설서는 “우리나라와 한국 사이에 다케시마(독도의 일본식 표현)를 둘러싸고 주장에 차이가 있다는 점 등에 대해서도 북방영토와 마찬가지로 우리나라의 영토⋅영역에 관해 이해를 심화시키는 것이 필요하다”고 명시한 바 있다. 결국 고교에서도 중학교처럼 ""독도는 일본 땅""이라고 가르치라는 게 해설서의 요지라고 할 수 있다.

더욱이 일본의 가와바타 다쓰오(川端達夫) 문부과학상은 지난 25일 각료회의 후 가진 기자회견에서 새 고교 지리역사 교과서 해설서와 관련, “다케시마(竹島)는 우리의 고유 영토로 정당하게 인식시키는 것에 어떤 변화가 있는 것은 아니다”며 독도가 자국 영토임을 못박았다 이는 일본 정부가 한일간의 외교 관계를 고려해서 독도를 직접 언급하지 않음으로써 갈등을 줄여보겠다는 자세는 과거보다는 진일보했다는 평가도 있으나 독도만 언급하지 않았을 뿐 문제의 본질은 그대로 둔 미봉책에 불과한 것임을 그대로 보여주는 망언이라 할 수 있다. 또, ‘독도가 일본 땅’이라는 교육을 계속 하겠다는 것은 문제를 근본적으로 해결하겠다는 의지가 없음을 다시 한 번 확인해 주는 정책이기도 하다.

독도 문제는 일본의 주권침해 문제이자 왜곡된 역사인식의 반영이다. 독도는 일본 제국주의가 러일 전쟁 이후 조선을 식민지화하는 과정에서 1905년 2월 22일 강제로 자국 영토로 편입시킨 섬이다. 일본의 고유영토가 아니라 일본 제국주의의 영토 팽창 과정에서 무력에 기초하여 편입된 영토라는 사실을 우리는 환기시키고 싶다. 일본의 독도 영유권 주장은 이러한 사실을 인정하지 않는 것일 뿐만 아니라 일본 제국주의의 조선 침략을 인정하지 않는 것과 같은 주장이다.

이에 우리는 한국정부에게 요구한다. 일본의 역사 교과서 왜곡과 일본군위안부

를 비롯한 강제동원 피해자의 피해 문제, 그리고 독도문제 등 한일간의 청산하지 못한 과거사 문제가 여전히 상존하고 있음에도 ‘과거를 묻지 말고 새시대를 열어나가자’고만 할 것인가. 과거는 미래를 여는 창이라고 했다. 일본정부의 외교적 수사에 만족하지 말고, 대일 과거사 문제 해결을 위해 적극 나서야 할 것이다. 더구나 내년은 일본이 한국을 강제병합한 지 100년이 되는 해이다. 그런 만큼 제국주의가 남긴 아픈 상처를 치유하고, 극복하기 위한 노력이 절실히 필요할 때이다. 이러한 노력이 있을 때 비로소 한일간의 진정한 우호도, 동아시아의 평화도 더 빨리 성취될 수 있을 것이다. 올바른 역사인식과 역사교육을 강화하고, 한일 간의 과거사 문제를 해결할 수 있는 전반적인 정책을 수립할 것을 촉구하며 다음과 같이 요구한다.

우리의 요구

1. 한국 정부는 일본 정부가 독도 영유권 주장을 당장 철회하도록 강력히 요구하라!

1. 한국 정부는 일본 정부가 중학교 학습지도요령 해설서에서 독도관련 사항을 삭제하도록 모든 외교적 노력을 다하라!

1. 한국 정부는 2010년 일본의 한국 강제병합 100년을 맞아 한일간의 미청산 문제를 해결하기 위한 종합적인 대일외교정책을 수립하라!

2009년 12월 28일　 아시아평화와역사교육연대

공동대표　서중석 안병우 장석춘 임성규 정진후

역사문제연구소, 한국노동조합총연맹, 전국민주노동조합총연맹, 전국교직원노동조합(이상 공동대표단체), 경제정의실천시민연합(경실련), 기독여민회, 기업은행노동조합, 기장여신도회, 나눔의 집, 대일역사왜곡시정촉구범국민위원회, 대한불교청소년교화연합회, 독도수호대, 독도유인도화국민운동본부, 동북아평화연대, 문화연대, 미쓰비시중공업한국인징용

자재판지원회, 민족문제연구소, 민족화합운동연합(민화련), 서울YMCA, 서울일본인교회, 아시아기독교여성문화연구원, 역사학연구소, 예장전국여교역자협의회, 우리민족서로돕기운동, 자주평화통일민족회의, 장준하기념사업회, 전국공공노동조합연맹, 전국금융산업노동조합, 전국경마장마필관리사노동조합, 전국여대생대표자협의회, 전국역사교사모임, 전국전력노동조합, 전국철거민협의회중앙회, 정신대문제대책부산협의회, 정신대할머니와함께하는시민모임, 전주기독살림여성회, 제주 4.3연구소, 조국평화통일불교협회, 참여민주사회시민연대(참여연대), 천주교여성공동체, 천주교여자수도회장상연합회, 태평양전쟁한국인희생자유족회, 태평양전쟁희생자보상추진협의회, 평화를만드는여성회, 평화시민연대, 한국교원노동조합, 한국교회여성연합회, 한국기독교역사연구소, 한국기독교사회문제연구원, 한국대학교총학생회연합, 한국민족예술인총연합, 한국불교환경교육원, 한국여성단체연합, 한국여성민우회, 한국여성의전화연합, 한국여신학자협의회, 한국역사연구회, 한국연극협회, 한국정신대연구소, 한국청년연합회(KYC), 학술단체협의회, KNCC여성위원회, 흥사단

, 21세기 청소년 공동체 ‘희망’ (64개 단체)

아시아평화와역사교육연대 외, 「일본정부가 독도영유권 주장을 철회하도록 한국정가 모든 노력을 다할 것을 강력히 요구한다!」, 2009년 12월 28일

이 사료는 아시아평화와역사교육연대에서 한국 정부에 보낸 요청서이다. 2009년 12월에 발표된 요청서는 일본의 교과서 학습지도요령에 대해 문제를 제기하며, 특히 독도 영유권 주장에 대해 한국 정부가 강력한 조치를 취하라고 요구했다. 아시아평화와역사교육연대는 2001년에 촉발된 일본의 역사교과서 왜곡 문제에 대한 대응으로 탄생하였다. 2001년 4월 국내외 교과서의 역사왜곡을 바로잡고, 20세기 침략과 저항의 역사에 대한 아시아 공동의 역사인식을 만들기 위해 86개의 시민사회단체, 학자, 교사 등이 모여 ‘일본교과서바로잡기운동본부’가 결성되었다. 2003년에 단체 명칭을 ‘아시아평화와역사교육연대’로 변경하고, 한·중·일 역사인식과 교과서 문제에 대한 대중활동과 연구, 출판사업을 진행 중이다.

일본의 중·고등학교 교과서를 통한 역사왜곡은 그 뿌리가 깊다. 역사교과서 검정에 관한 일본 국내 문제에 국한되지 않고 동아시아의 역사인식과 관련한 문제로 떠오르기 시작한 것이 2001년이다. 그리고 2008년에는 이것이 일본과 인접한 국가들 사이의 영토문제로까지 커졌다. 한국과 문제를 일으켰던 곳은 독도였다.

일본의 역사교과서 가운데 우익 교과서는 2003년부터 독도를 일본영토로 표기하였다. 2006년부터 새로 사용된 고등학교 지리역사과와 공민과 교과서 45종 가운데 30종의 교과서에서는 독도가 ‘일본 고유의 영토’라는 인식을 명확히 드러냈다. 2008년에는 이것이 일본 정부의 공식적인 입장과 교육과정 편성 기준으로 제시된 것이다.

일본의 학습지도요령은 문부과학성이 초·중·고등학교 과정의 각 교과의 목표와 내용을 고시하는 교육과정의 기준이다. 2008년 3월 독도 교육이 포함된 중학교 학습지도요령이 고시되었고, 2009년 3월에는 고등학교 학습지도요령이 고시되었다. 그리고 각 학습지도요령에 대한 해설이 2008년 7월과 2009년 12월에 발표되었다. 중학교 해설서에서는 “우리나라와 한국 간에 다케시마(竹島, 독도의 일본식 표현)를 둘러싼 주장에 차이가 있다는 점 등에 대해서도 언급하고, 북방영토(러시아와의 영토분쟁 지역)와 같이 우리나라의 영토·영역에 대한 이해를 깊게 할 필요가 있다”고 기술되었다. 고등학교 해설서에는 독도 문제가 직접 언급되지는 않았으나, ‘중학교 학습을 토대로’ 영토문제에 대한 이해를 심화시킨다는 내용이 담겼다. 아시아평화와역사교육연대의 요청서는 이와 같은 학습지도요령 해설서에 대한 문제를 제기하고, 한국 정부의 대응을 촉구한 것이다.

한국 교육과학기술부는 2010년 개정 초·중등학교 교육과정에서 독도 교육 강화를 고시하였다. 이에 따라 기존에 시행되었던 독도 교육 내용을 정비하여 체계적인 독도 교육을 위한 내용 체계의 구성이 요구되었다. 2011년 개정 사회과 교육과정에서 역사와 지리 관련 과목에서 독도 관련 교육을 명시하기도 하였다. 초·중·고등학교 교육과정에서 독도 교육의 명시를 일본이 시작했고, 한국은 이에 대응하는 방안을 마련했다고 볼 수 있다.

새로 발간된 일본의 고등학교 교과서의 검정은 2012년 3월 통과되었다. 여기에 일본 문부과학성은 2014년 1월 중·고등학교 학습지도요령 해설에 독도 관련 내용을 대폭 보강하였고, 2017년 중학교 해설서 및 2018년 고등학교 해설서에서 더욱 강조되었다. 이를 통해 독도가 ‘일본 고유의 영토이지만 한국이 불법 점거하고 있어 계속 항의하고 있으며, 역사적으로도 국제법적으로도 일본의 입장이 정당하다’는 주장을 강화해 나갔다. 2008년과 2009년의 해설서에서 소극적인 자세였다면, 2014년 이후의 해설서에서는 구체성과 명확성을 띤 적극적 자세로 변모했음이 눈에 띤다.

독도 영유권 문제는 결국 현재의 영토문제와 밀접하게 관련이 있다. 현재의 정치·외교적 문제를 위해 역사적 사건을 끌어오고, 자국의 이해관계에 맞게 해석하는 역사왜곡의 사례를 잘 보여준다. 독도 영유권 문제와 함께 일본군 ‘위안부’, 강제동원 등 19세기~20세기에 걸친 일본의 제국주의 침략 역사를 부인하려는 움직임은 여전히 계속되고 있다.

이 글의 내용은 집필자의 개인적 견해이며, 국사편찬위원회의 공식적 견해와 다를 수 있습니다.

참고문헌

논문

구연수·박현숙, 「일본 학습지도요령 개정과 현행 중학교 역사교과서의 독도 관련 서술 분석」, 『역사교육연구』 43, 2022.
김영수, 「한국과 일본 중학교 역사분야 교육과정과 역사 교과서의 독도 관련 내용 비교 -2014년 전후 한일 교육과정과 교과서를 중심으로-」, 『독도연구』 19, 2015.
신주백, 「한국과 일본 역사교과서의 독도에 관한 기술의 변화」, 『독도연구』 8, 2010.
엄태봉, 「일본의 중·고등학교 학습지도요령 해설서와 독도 문제: 2008년과 2009년의 ‘소극적인 표현’을 둘러싼 일본 국회 논의를 중심으로」, 『일본연구논총』 50, 2019.

편저

아시아 평화와 역사연구소 편, 『동아시아 평화공동체를 위한 영토인식과 역사기억』, 선인, 2015.

관련사이트

[http://encykorea.aks.ac.kr/Contents/Item/E0066369] 「독도영유권분쟁」, 한국학중앙연구원 한국민족문화대백과사전",,,,https://contents.history.go.kr/front/hm/view.do?levelId=hm_166_0030,사료로 본 한국사\items\hm_age_80_현대\hm_ty_040_문화\hm_166_0030_일본 역사 왜곡에 항의하는 아시아 평화와 역사 교육 연대의 성명서.md
1142,hm_age_80,현대,hm_ty_040,문화,hm_166_0040,한·일 병합 조약 무효 선언-‘한국 병합’100년에 즈음한 한·일 지식인 공동 성명,현대 > 문화 > 동북아시아의 역사 갈등 > 한·일 병합 조약 무효 선언-‘한국 병합’100년에 즈음한 한·일 지식인 공동 성명,"‘한국병합

’ 100년에 즈음한 한일 지식인 공동성명

1910년 8월 29일, 일본제국은 대한제국을 이 지상에서 말살하여 한반도를 일본의 영토에 병합할 것을 선언하였다. 그로부터 100년이 되는 2010년을 맞이하여 우리들은 그 병합이 어떻게 이루어졌던가, ‘한국병합조약’을 어떻게 보아야 할 것인가에 대하여 한국, 일본 양국의 정부와 국민이 공감하는 인식을 확인하는 것이 중요하다고 생각한다. 이 문제야말로 두 민족 간의 역사문제의 핵심이며, 서로의 화해와 협력을 위한 기본이다.

그간 두 나라의 역사학자들은 일본에 의한 ‘한국병합

’이 일본 정부의 장기적인 침략정책, 일본군의 거듭된 점령 행위, 명성왕후

살해와 국왕과 정부요인에 대한 협박, 그리고 이에 대한 한국인들의 항거를 짓누르면서 실현시킨 결과란 것을 명백히 밝히었다.

근대 일본 국가는 1875년 강화도에 군함을 보내 포대를 공격, 점령하는 군사작전을 벌였다. 이듬해 일본 측은 특사를 파견, 불평등조약을 강요

하고 개항시켰다. 1894년 조선에 대규모의 농민봉기

가 일어나 청국 군이 출병하자 일본은 대군을 파견하여 서울을 장악하였다. 그리고 왕궁을 점령하여 국왕, 왕후를 가두고 이어 청국 군을 공격하여 청일 전쟁

을 일으켰다. 한편으로 이에 대항하는 한국의 농민군을 무력으로 진압하였다. 청일 전쟁

의 승리로 일본은 청국세력을 한국에서 몰아내는 데 성공하였지만 삼국간섭(三國干涉)으로 승전의 대가로 획득한 요동반도를 되돌려 놓게 되었다. 이런 결과에 부딪혀, 일본은 그간 한국에서 확보한 지위마저 잃게 될 것을 우려하여 국왕에게 공포감을 주고자 왕비 민씨를 살해하였다. 국왕 고종

이 러시아 공사관에 보호를 구하게 되자

일본은 러시아와 협상을 통해 사태를 수습하려 들게 되었다.

그러나 의화단(義和團) 사건으로 러시아가 만주를 점령하게 된 후, 1903년에 일본은 그 대신 한국 전토를 일본의 보호국으로 하는 것을 인정할 것을 러시아에 요구하였다. 러시아가 이를 거절하자, 일본은 전쟁을 결심하고 1904년 전시(戰時) 중립을 선언한 대한제국에 대규모의 군대를 진입시켜 서울을 점령하였다. 그 점령군의 압력 하에 2월 23일 한국 보호국화의 제1보가 된 ‘의정서’의 조인을 강요하였다. 러일 전쟁은 일본의 우세승으로 결말이 나고, 일본은 포츠머드 강화 조약에서 러시아로 하여금 한국에 대한 일본의 지배를 인정하게 하였다. 이토 히로부미(伊藤博文)

는 곧바로 천황의 특사로 서울로 와서 일본군의 힘을 배경으로 위협과 회유를 번갈아 1905년 11월 18일에 외교권을 박탈하는 ‘제2차 한일협약’을 체결시켰다. 의병

운동이 각지에서 일어나는 가운데 고종 황제(高宗皇帝)

는 이 협약은 강제된 것으로 효력이 없다는 친서를 각국 원수(元首)들에게 보내었다. 1907년 헤이그 평화 회의에 특사를 보낸 일

로, 통감 이토 히로부미

는 이에 대한 고종 황제

의 책임을 물어 그의 퇴위를 강요하고 군대를 해산시켰다. 이와 동시에 7월 24일에 ‘제3차 한일협정’를 강요하여 한국의 내정에 대한 감독권도 장악하였다. 이러한 일본의 침략에 대하여 의병

운동이 크게 일어났지만, 일본은 군대, 헌병, 경찰의 힘으로 탄압하다가 1910년에 ‘한국병합

’을 단행하게 되었던 것이다.

이상과 같이 ‘한국병합

’은 대한제국의 황제로부터 민중에 이르기까지 모든 사람의 격렬한 항의를 군대의 힘으로 짓누르고 실현시킨, 문자 그대로 제국주의 행위이며, 불의부정(不義不正)한 행위였다.

일본국가의 ‘한국병합

’ 선언은 1910년 8월 22일의 병합조약에 근거하여 설명되고 있다. 이 조약의 전문(前文)에는 일본과 한국의 황제가 두 나라의 친밀한 관계를 바라고, 상호의 행복과 동양 평화의 영구 확보를 위해서는 ‘한국을 일본제국에 병합하는 것 만한 것이 없다’고 하여 병합이 최선이라고 확신하고, 본 조약을 체결하기에 이르렀다고 서술되어 있다. 그리고 제1조에 ’한국 황제 폐하는 한국 전부(全部)에 관한 일체의 통치권을 완전하고 또 영구히 일본국 황제 폐하에게 양여(讓與)한다’고 기술하고, 제2조에 ‘일본국 황제 폐하는 전조(前條)에 서술되어 있는 양여를 수락하고 또 전적으로 한국을 일본제국에 병합하는 일을 승낙한다’고 적고 있다.

여기서 힘으로 민족의 의지를 짓밟은 병합의 역사적 진실은, 평등한 양자의 자발적 합의로, 한국 황제가 일본에 국권 양여를 신청하여 일본천황이 그것을 받아들여, ‘한국병합’에 동의했다고 하는 신화로 덮어 숨기고 있다. 조약의 전문(前文)도 거짓이고 본문도 거짓이다. 조약 체결의 절차와 형식에도 중대한 결점과 결함이 보이고 있다.

‘한국병합

’에 이른 과정이 불의부당하듯이 ‘한국병합조약

’도 불의부당하다.

일본제국이 침략 전쟁 끝에 패망함으로써 한국은 1945년에 일본의 식민지 지배로부터 벗어났다. 해방된 한반도의 남쪽에 수립된 대한민국과 일본은 1965년에 국교를 수립하였다. 이 때 체결된 양국 관계의 ‘기본에 관한 조약’(기본조약으로 약칭) 제2조에 1910년 8월 22일 및 그 이전에 체결된 모든 조약 및 협정은 이미 원천 무효(already null and void)라고 선언되었다. 그러나 이 조항의 해석이 한, 일 양국 정부 간에 서로 달랐다.

일본정부는 병합조약 등은 ‘대등한 입장에서 또 자유의지로 맺어졌다’는 것으로 체결 시부터 효력을 발생하여 유효였지만, 1948년의 대한민국 성립으로 무효가 되었다고 해석하였다. 이에 대하여 한국 정부는 ‘과거 일본의 침략주의의 소산’이었던 불의부당한 조약은 당초부터 불법 무효이라고 해석하였던 것이다.

병합의 역사에 관하여 지금까지 밝혀진 사실과 왜곡 없는 인식에 입각하여 뒤돌아보면 이미 일본 측의 해석을 유지할 수 없게 되었다. 병합조약 등은 원래 불의부당한 것이었다. 그런 의미에서 당초부터 null and void였다고 하는 한국 측의 해석이 공통된 견해로 받아들여져야 할 것이다.

현재에 이르기까지 일본에서도 완만하나마 식민지 지배에 관한 인식은 전진해왔다. 새로운 인식은 1990년대에 들어서 고노(河野) 관방장관 담화(1993), 무라야마(村山) 총리 담화(1995), 한일공동선언(1998), 조일(朝日) 평양선언(2002) 등으로 나타났다. 특히 1995년 8월 15일 무라야마 총리담화에서 일본정부는 ‘식민지 지배’가 초래한 ‘막대한 손해와 고통’에 대하여 ‘통절한 반성의 뜻’과 ‘마음속으로부터의 사과’를 표명하였다.

또한 무라야마 수상은 1995년 10월 13일 중의원 예산위원회에서 ‘한국병합조약

’에 관해 ‘쌍방의 입장이 평등했다고는 생각하지 않는다.’라고 답변하고 노사까(野坂) 관방장관도 같은 날 기자회견에서 ‘한일병합조약

은 ..... 극히 강제적인 것이었다.’고 인정하였다. 무라야마 수상은 11월 14일, 김영삼(金泳三) 대통령에게 보낸 친서에서 병합조약과 이에 앞선 한일 간의 협약들에 대하여 ‘민족의 자결과 존엄을 인정하지 않은 제국주의 시대의 조약이었다는 것은 의심할 여지가 없다’고 강조하였다.

여기서 마련된 토대가, 그 후에 여러 가지의 시련과 검증을 거치면서, 지금 일본정부가 공식적으로 병합과 병합조약

에 대해 판단을 내리고 ‘기본조약’ 제2조의 해석을 수정하는 것을 가능하게 한다. 미국의회도 하와이 병합의 전제가 된 한 하와이 왕국 전복의 행위를 100년째에 해당하는 1993년에 ‘불법한(illegal) 행위’였다고 인정하고 사죄하는 결의를 채택하였다. 근년에 ‘인도(人道)에 반하는 죄’와 ‘식민지 범죄’에 관하여 국제법 학계에서 다양한 노력이 기울여지고 있다. 이제 일본에서도 새로운 정의감의 바람을 받아들여 침략과 병합, 식민지 지배의 역사를 근본적으로 반성하는 시대가 오고 있는 것이다.

‘한국병합

’ 100년을 맞아 우리는 이러한 공통의 역사인식을 가진다. 이 공통의 역사인식에 입각하여, 한국과 일본 사이에 놓여 있는, 역사에서 유래하는 많은 문제들을 바루어 공동의 노력으로 풀어 나갈 수 있을 것이다. 화해를 위해 필요한 과정이 한층 더 자각적으로 진행되어야 할 것이다.

공통의 역사인식을 더 튼튼히 하기 위해서는 과거 100년 이상에 걸친 일본과 한반도의 역사적 관계에 관한 자료는 숨김없이 공개되어야 한다. 특히 식민지 지배의 시기에 기록문서 작성을 독점한 일본정부 당국은 역사자료를 적극적으로 모아서 공개할 의무가 있다.

죄는 용서를 빌지 않으면 안 되고, 용서는 베풀어져야 한다. 고통은 치유되어야 하고, 손해는 갚지 않으면 안 된다. 관동대지진

중에 일어난 한국인 주민의 대량 살해를 비롯한 모든 무도한 행위는 거듭 살펴보지 않으면 안된다. 일본군 위안부

문제는 아직도 해결되었다고는 말할 수 없는 상태이다. 한국정부가 조처를 취하기 시작한 강제동원 노동자

, 군인 및 군속에 대한 위로와 의료지원 조치에, 일본 정부와 기업, 국민은 적극적인 노력으로 대응하기 바란다.

대립하는 문제는 과거를 성찰하고 미래를 응시하면서, 뒤로 미루지 말고 해결해 나가야만 한다. 한반도의 북쪽에 있는 또 하나의 나라, 조선민주주의인민공화국과 일본과의 국교 정상화도 이 병합 100년이라는 해에 진전되어야 한다.

이렇게 함으로써 한국과 일본 사이에 진정한 화해와 우호에 기초한 새로운 100년을 열어갈 수 있을 것이다. 우리들은, 이 취지를 한국, 일본 양국의 정부와 국민에게 널리 알리고, 이를 엄숙히 받아들여주기를 호소한다.

「‘한국병합’ 100년에 즈음한 한일 지식인 공동성명」, 『창작과 비평』148, 창작과 비평사, 2010

‘한국병합

’ 100년에 즈음한 한일 지식인 공동성명

1910년 8월 29일, 일본제국은 대한제국을 이 지상에서 말살하여 한반도를 일본의 영토에 병합할 것을 선언하였다. 그로부터 100년이 되는 2010년을 맞이하여 우리들은 그 병합이 어떻게 이루어졌던가, ‘한국병합조약’을 어떻게 보아야 할 것인가에 대하여 한국, 일본 양국의 정부와 국민이 공감하는 인식을 확인하는 것이 중요하다고 생각한다. 이 문제야말로 두 민족 간의 역사문제의 핵심이며, 서로의 화해와 협력을 위한 기본이다.

그간 두 나라의 역사학자들은 일본에 의한 ‘한국병합

’이 일본 정부의 장기적인 침략정책, 일본군의 거듭된 점령 행위, 명성왕후

살해와 국왕과 정부요인에 대한 협박, 그리고 이에 대한 한국인들의 항거를 짓누르면서 실현시킨 결과란 것을 명백히 밝히었다.

근대 일본 국가는 1875년 강화도에 군함을 보내 포대를 공격, 점령하는 군사작전을 벌였다. 이듬해 일본 측은 특사를 파견, 불평등조약을 강요

하고 개항시켰다. 1894년 조선에 대규모의 농민봉기

가 일어나 청국 군이 출병하자 일본은 대군을 파견하여 서울을 장악하였다. 그리고 왕궁을 점령하여 국왕, 왕후를 가두고 이어 청국 군을 공격하여 청일 전쟁

을 일으켰다. 한편으로 이에 대항하는 한국의 농민군을 무력으로 진압하였다. 청일 전쟁

의 승리로 일본은 청국세력을 한국에서 몰아내는 데 성공하였지만 삼국간섭(三國干涉)으로 승전의 대가로 획득한 요동반도를 되돌려 놓게 되었다. 이런 결과에 부딪혀, 일본은 그간 한국에서 확보한 지위마저 잃게 될 것을 우려하여 국왕에게 공포감을 주고자 왕비 민씨를 살해하였다. 국왕 고종

이 러시아 공사관에 보호를 구하게 되자

일본은 러시아와 협상을 통해 사태를 수습하려 들게 되었다.

그러나 의화단(義和團) 사건으로 러시아가 만주를 점령하게 된 후, 1903년에 일본은 그 대신 한국 전토를 일본의 보호국으로 하는 것을 인정할 것을 러시아에 요구하였다. 러시아가 이를 거절하자, 일본은 전쟁을 결심하고 1904년 전시(戰時) 중립을 선언한 대한제국에 대규모의 군대를 진입시켜 서울을 점령하였다. 그 점령군의 압력 하에 2월 23일 한국 보호국화의 제1보가 된 ‘의정서’의 조인을 강요하였다. 러일 전쟁은 일본의 우세승으로 결말이 나고, 일본은 포츠머드 강화 조약에서 러시아로 하여금 한국에 대한 일본의 지배를 인정하게 하였다. 이토 히로부미(伊藤博文)

는 곧바로 천황의 특사로 서울로 와서 일본군의 힘을 배경으로 위협과 회유를 번갈아 1905년 11월 18일에 외교권을 박탈하는 ‘제2차 한일협약’을 체결시켰다. 의병

운동이 각지에서 일어나는 가운데 고종 황제(高宗皇帝)

는 이 협약은 강제된 것으로 효력이 없다는 친서를 각국 원수(元首)들에게 보내었다. 1907년 헤이그 평화 회의에 특사를 보낸 일

로, 통감 이토 히로부미

는 이에 대한 고종 황제

의 책임을 물어 그의 퇴위를 강요하고 군대를 해산시켰다. 이와 동시에 7월 24일에 ‘제3차 한일협정’를 강요하여 한국의 내정에 대한 감독권도 장악하였다. 이러한 일본의 침략에 대하여 의병

운동이 크게 일어났지만, 일본은 군대, 헌병, 경찰의 힘으로 탄압하다가 1910년에 ‘한국병합

’을 단행하게 되었던 것이다.

이상과 같이 ‘한국병합

’은 대한제국의 황제로부터 민중에 이르기까지 모든 사람의 격렬한 항의를 군대의 힘으로 짓누르고 실현시킨, 문자 그대로 제국주의 행위이며, 불의부정(不義不正)한 행위였다.

일본국가의 ‘한국병합

’ 선언은 1910년 8월 22일의 병합조약에 근거하여 설명되고 있다. 이 조약의 전문(前文)에는 일본과 한국의 황제가 두 나라의 친밀한 관계를 바라고, 상호의 행복과 동양 평화의 영구 확보를 위해서는 ‘한국을 일본제국에 병합하는 것 만한 것이 없다’고 하여 병합이 최선이라고 확신하고, 본 조약을 체결하기에 이르렀다고 서술되어 있다. 그리고 제1조에 ’한국 황제 폐하는 한국 전부(全部)에 관한 일체의 통치권을 완전하고 또 영구히 일본국 황제 폐하에게 양여(讓與)한다’고 기술하고, 제2조에 ‘일본국 황제 폐하는 전조(前條)에 서술되어 있는 양여를 수락하고 또 전적으로 한국을 일본제국에 병합하는 일을 승낙한다’고 적고 있다.

여기서 힘으로 민족의 의지를 짓밟은 병합의 역사적 진실은, 평등한 양자의 자발적 합의로, 한국 황제가 일본에 국권 양여를 신청하여 일본천황이 그것을 받아들여, ‘한국병합’에 동의했다고 하는 신화로 덮어 숨기고 있다. 조약의 전문(前文)도 거짓이고 본문도 거짓이다. 조약 체결의 절차와 형식에도 중대한 결점과 결함이 보이고 있다.

‘한국병합

’에 이른 과정이 불의부당하듯이 ‘한국병합조약

’도 불의부당하다.

일본제국이 침략 전쟁 끝에 패망함으로써 한국은 1945년에 일본의 식민지 지배로부터 벗어났다. 해방된 한반도의 남쪽에 수립된 대한민국과 일본은 1965년에 국교를 수립하였다. 이 때 체결된 양국 관계의 ‘기본에 관한 조약’(기본조약으로 약칭) 제2조에 1910년 8월 22일 및 그 이전에 체결된 모든 조약 및 협정은 이미 원천 무효(already null and void)라고 선언되었다. 그러나 이 조항의 해석이 한, 일 양국 정부 간에 서로 달랐다.

일본정부는 병합조약 등은 ‘대등한 입장에서 또 자유의지로 맺어졌다’는 것으로 체결 시부터 효력을 발생하여 유효였지만, 1948년의 대한민국 성립으로 무효가 되었다고 해석하였다. 이에 대하여 한국 정부는 ‘과거 일본의 침략주의의 소산’이었던 불의부당한 조약은 당초부터 불법 무효이라고 해석하였던 것이다.

병합의 역사에 관하여 지금까지 밝혀진 사실과 왜곡 없는 인식에 입각하여 뒤돌아보면 이미 일본 측의 해석을 유지할 수 없게 되었다. 병합조약 등은 원래 불의부당한 것이었다. 그런 의미에서 당초부터 null and void였다고 하는 한국 측의 해석이 공통된 견해로 받아들여져야 할 것이다.

현재에 이르기까지 일본에서도 완만하나마 식민지 지배에 관한 인식은 전진해왔다. 새로운 인식은 1990년대에 들어서 고노(河野) 관방장관 담화(1993), 무라야마(村山) 총리 담화(1995), 한일공동선언(1998), 조일(朝日) 평양선언(2002) 등으로 나타났다. 특히 1995년 8월 15일 무라야마 총리담화에서 일본정부는 ‘식민지 지배’가 초래한 ‘막대한 손해와 고통’에 대하여 ‘통절한 반성의 뜻’과 ‘마음속으로부터의 사과’를 표명하였다.

또한 무라야마 수상은 1995년 10월 13일 중의원 예산위원회에서 ‘한국병합조약

’에 관해 ‘쌍방의 입장이 평등했다고는 생각하지 않는다.’라고 답변하고 노사까(野坂) 관방장관도 같은 날 기자회견에서 ‘한일병합조약

은 ..... 극히 강제적인 것이었다.’고 인정하였다. 무라야마 수상은 11월 14일, 김영삼(金泳三) 대통령에게 보낸 친서에서 병합조약과 이에 앞선 한일 간의 협약들에 대하여 ‘민족의 자결과 존엄을 인정하지 않은 제국주의 시대의 조약이었다는 것은 의심할 여지가 없다’고 강조하였다.

여기서 마련된 토대가, 그 후에 여러 가지의 시련과 검증을 거치면서, 지금 일본정부가 공식적으로 병합과 병합조약

에 대해 판단을 내리고 ‘기본조약’ 제2조의 해석을 수정하는 것을 가능하게 한다. 미국의회도 하와이 병합의 전제가 된 한 하와이 왕국 전복의 행위를 100년째에 해당하는 1993년에 ‘불법한(illegal) 행위’였다고 인정하고 사죄하는 결의를 채택하였다. 근년에 ‘인도(人道)에 반하는 죄’와 ‘식민지 범죄’에 관하여 국제법 학계에서 다양한 노력이 기울여지고 있다. 이제 일본에서도 새로운 정의감의 바람을 받아들여 침략과 병합, 식민지 지배의 역사를 근본적으로 반성하는 시대가 오고 있는 것이다.

‘한국병합

’ 100년을 맞아 우리는 이러한 공통의 역사인식을 가진다. 이 공통의 역사인식에 입각하여, 한국과 일본 사이에 놓여 있는, 역사에서 유래하는 많은 문제들을 바루어 공동의 노력으로 풀어 나갈 수 있을 것이다. 화해를 위해 필요한 과정이 한층 더 자각적으로 진행되어야 할 것이다.

공통의 역사인식을 더 튼튼히 하기 위해서는 과거 100년 이상에 걸친 일본과 한반도의 역사적 관계에 관한 자료는 숨김없이 공개되어야 한다. 특히 식민지 지배의 시기에 기록문서 작성을 독점한 일본정부 당국은 역사자료를 적극적으로 모아서 공개할 의무가 있다.

죄는 용서를 빌지 않으면 안 되고, 용서는 베풀어져야 한다. 고통은 치유되어야 하고, 손해는 갚지 않으면 안 된다. 관동대지진

중에 일어난 한국인 주민의 대량 살해를 비롯한 모든 무도한 행위는 거듭 살펴보지 않으면 안된다. 일본군 위안부

문제는 아직도 해결되었다고는 말할 수 없는 상태이다. 한국정부가 조처를 취하기 시작한 강제동원 노동자

, 군인 및 군속에 대한 위로와 의료지원 조치에, 일본 정부와 기업, 국민은 적극적인 노력으로 대응하기 바란다.

대립하는 문제는 과거를 성찰하고 미래를 응시하면서, 뒤로 미루지 말고 해결해 나가야만 한다. 한반도의 북쪽에 있는 또 하나의 나라, 조선민주주의인민공화국과 일본과의 국교 정상화도 이 병합 100년이라는 해에 진전되어야 한다.

이렇게 함으로써 한국과 일본 사이에 진정한 화해와 우호에 기초한 새로운 100년을 열어갈 수 있을 것이다. 우리들은, 이 취지를 한국, 일본 양국의 정부와 국민에게 널리 알리고, 이를 엄숙히 받아들여주기를 호소한다.

「‘한국병합’ 100년에 즈음한 한일 지식인 공동성명」, 『창작과 비평』148, 창작과 비평사, 2010

이 사료는 2010년 5월 10일에 발표된 ‘한국병합’ 100년에 즈음한 한·일 지식인 공동 성명이다. 한국 지식인 109명, 일본 지식인 105명이 성명에 이름을 올렸고, 1910년 8월 22일에 조인되어 8월 29일에 발효된 한국병합조약이 불의·부정·부당(不義·不正·不當)하다는 사실을 강하게 주장한다. 한국에서는 서울에 있는 프레스센터에서 기자회견을 열었고, 일본에서는 도쿄 일본교육문화회관에서 동일한 내용의 성명을 발표하였다.

한일 관계를 둘러싼 과거사 문제는 다양하다. 식민지 책임 문제, 일본군 ‘위안부’ 문제, 강제징용 문제, 야스쿠니 신사 참배 문제, 교과서 문제, 영토 문제, 문화제 반환 문제 등 광범하고 복잡하다. 그러나 이러한 문제들은 결국 일본이 한국을 강제로 병합하여 식민지로 지배하였던 역사에서 비롯된 것이기에 한국병합조약이 핵심이 된다. 한국병합조약과 그것에 연계되는 일련의 조약이 불법·무효라고 인정된다면 식민통치와 전쟁범죄에 대한 공동인식을 마련할 수 있기 때문이다.

한국병합 100년이 되는 2010년에 두 나라 지식인들이 공동성명을 낼 수 있게 된 것은 1995년 이후의 연구 환경 변화에 기본적으로 크게 힘입은 것이었다. 사료 접근이 상대적으로 쉬워지고, 1차 사료를 중심으로 한 연구가 활성화되었을 뿐 아니라, 연구 성과에 공동 논의가 증가했다. 특히 2009년에는 국제학술회의를 열어 ‘한일강제병합의 국제법적 무효·불법성’을 규명하기도 하였다. 이러한 새로운 연구 성과들로 인하여 성명서의 문안에 한국병합의 불법성을 직접 언급하는 문장이 들어갈 수 있었다.

2009년 2월과 7월에는 일제 강제동원 피해 배상 항소심에서 한국 고등법원이 일본 내 손해배상 소송에서 원고 패소를 확정한 2007년 일본 최고재판소 판결을 그대로 승인해서 원고 패소 판결을 내리기도 하였다. 일본 최고재판소 판결은 식민지배 합법론과 한일협정 완결론을 전제로 진행되었기에 한국 대법원이 원심을 확정하면 한국 사법부의 판결로 일본의 식민지배가 합법으로 승인될 수도 있는 상황이었다. 일본은 1965년에 체결된 한일협정으로 식민지 문제가 청산되었거나 법적인 시효가 소멸했다며 책임을 회피하고 있었는데, 한국 고등법원이 이를 그대로 인정한 셈이다. 이처럼 법적인 싸움에서도 조약의 불법성을 주장하는 것이 중요한 시기였다.

2009년 가을에 일본에서 정권교체가 이루어져 민주당 내각이 탄생한 것도 정치적 배경으로 작용했다. 이에 따라 이듬해인 2010년 일본 정부에게 수상 담화를 발표하도록 촉구할 수 있을 만한 가능성이 생겨났다. 한국병합조약 100주년을 맞이하여 성명 발표를 논의했던 일본 역사가들 사이에서 본격적인 활동의 구상이 싹트고 있었다. 마침 이때 한국의 지식인 그룹이 일본 측에 양국 지식인의 공동성명을 발표해야 하지 않겠느냐는 의사를 전달한 것이다.

2009년 11월에 김영호(金泳鎬) 유한대 총장이 와다 하루키(和田春樹) 도쿄대 명예교수에게 연락을 취한 후, 공동성명의 내용에 대한 논의가 시작되었다. 성명의 초안을 일본 측에서 준비하고, 그 뒤 한국 측에서도 의견을 제시하여 차츰 통합안을 작성하는 순서로 성명이 정리되었다. 약 5개월 동안 다섯 차례 절충을 거친 후에 합의안이 나왔다. 기존의 일본 지식인들은 한국병합조약은 부당한 체결이지만 국제법적으로 볼 때 문제가 없는 만큼 조약 자체는 유효하다는 ‘유효부당론’을 갖고 있었다. 이 공동성명은 논쟁을 통해 조약이 처음부터 불법·무효라는 한국 측의 주장을 일본 측에서 수용했다는 점에서 중요하다.

한국과 일본의 지식인들은 공동성명 발표 이후 서명을 확대하기로 결의했다. 이에 2010년 7월 28일에는 한국 측 587명, 일본 측 524명이 참여하여 재차 성명이 발표되었다. 그리고 이 성명이 발표된 상황에서 2010년 8월 10일 일본 정부는 각의 결정에 의거하여 ‘한일병합 100년 수상 담화’를 결정하여 발표했다. 지식인 공동성명이 발표된 후 식민지 지배의 강제성을 인정하고 사죄한 일본 총리의 담화가 나온 것은 의의가 있는 일이지만, 한일 관계에서 양국 정부는 여전히 누적된 문제들을 해결하지 못하고 있다. 또한 역사 문제의 해결을 위해서는 한국과 일본뿐 아니라 북한과 일본 사이의 역사 청산, 국교정상화 문제가 함께 논의될 필요가 있다.

이 글의 내용은 집필자의 개인적 견해이며, 국사편찬위원회의 공식적 견해와 다를 수 있습니다.

참고문헌

논문

김민철, 「일본의 한국 강제병합 100년과 한국사회 - 식민지배의 유산과 극복을 둘러싸고」, 『내일을 여는 역사』 41, 2010.
도시환, 「1910년 ‘한일병합조약’ 체결강제의 역사적 진실규명과 국제법적 조명」, 『국제법학회논총』 119, 2010.
정태헌, 「평화공존과 민주주의의 21세기를 위한 ‘병합’ 100년의 성찰」, 『역사와 현실』 76, 2010.

저서

도시환, 『한일강제병합 100년의 역사와 과제』, 동북아역사재단, 2013.

편저

김영호·이태진·와다 하루키·우쓰미 아이코 공편, 『한일 역사 문제의 핵심을 어떻게 풀 것인가? -‘한국병합조약’ 원천무효 한일 지식인 공동성명 기념논집-』, 지식산업사, 2013.",,,,https://contents.history.go.kr/front/hm/view.do?levelId=hm_166_0040,사료로 본 한국사\items\hm_age_80_현대\hm_ty_040_문화\hm_166_0040_한·일 병합 조약 무효 선언-‘한국 병합’100년에 즈음한 한·일 지식인 공동 성명.md
1143,hm_age_80,현대,hm_ty_040,문화,hm_166_0045,일본군 ‘위안부’ 김학순 할머니 최초 증언,현대 > 문화 > 동북아시아의 역사 갈등 > 일본군 ‘위안부’ 김학순 할머니 최초 증언,"칸막이 방서 하루 서너 명 상대 치 떨리는 만행… 국내 첫 공판(公開)

김학순(金學順) 할머니는 “정신대 자체를 부인하는 일본 정부를 고발하려 증언에 나섰다”고 말했다.

정신대 피해자가 광복 46년 만에 처음으로 일제의 잔학성을 고발하고 나섰다.

김학순 할머니(67. 서울 종로구 충신동 1의 73)는 중일전쟁의 와중인 1940년경 최전방이었던 중국 중부의 철벽진에서 일본군 위안부로 끌려가 2~3개월을 치욕 속에 보냈던 장본인. 14일 여성단체연합사무실에서 정신대문제대책협의회(대표 尹貞玉)가 마련한 기자회견에 나온 그는 “당한 것만 해도 치가 떨리는데 일본 사람들이 정신대란 사실 자체가 없었다고 발뺌하는 것이 너무 기가 막혀 증언하게 됐다.”고 밝혔다.

1924년 중국 길림성에서 김달현, 안경돈 씨의 무남독녀로 태어난 그는 일찍 아버지를 잃고 어머니마저 개가, 양부의 손에서 자라다 14세 때부터 평양기생권번에 다녔다. 17세 되던 해에 양부와 함께 만주로 간 김 할머니는 일본군에게 잡혀 종군위안부 생활을 하게 됐다.

그는 중국인이 버리고 간 오두막에서 다른 4명의 조선 여성들과 함께 일본군 3백 명의 ‘위생적인 성욕 처리 도구’ 역할을 맡았다.

17~22세에 이르는 조선 여성 5명은 천으로 칸막이를 친 방에서 하루 3~4명의 일본군을 상대했으며 부대에서 갖다주는 쌀, 부식으로 연명하고 옷은 군복이든 중국인 옷이든 가리지 않고 입었다고 김 씨는 증언했다. 이들은 1주일에 1회 군의관으로부터 위생 검사를 받았으며 군인들은 위안소에 출입할 때마다 1원 50전을 지불했다고들 했지만, 한번도 돈을 받아본 적은 없었다는 것이다.

“처음엔 일본군을 피해 도망가면 기어코 쫓아와 울면서 당하곤 했어요. 그때 내 나이 열일곱이었지요.”

끝내 눈물을 감추지 못하는 김 할머니는 위안부 생활 3개월여 만에 조선인 상인 조원찬 씨(당시 31세)를 만나 천신만고 끝에 기적적으로 탈출했다.

자신을 구해준 조 씨와 함께 상해에 정착, 1남 1녀를 낳고 그런대로 오붓하게 살다가 해방 이듬해 광복군이 탄배에 편승해 고국으로 돌아왔다. 그러나 귀국 직후 서울 장충단 수용소에서 홍역으로 4살짜리 딸을 잃은 데 이어 53년엔 남편을, 55년에는 아들마저 숨져 지금껏 혼자 살아왔다. 그는 요즘 4백만 원짜리 전세방에서 기거하며 동회에서 다달이 주는 쌀 10kg과 3만원, 취로사업장에서 일해 버는 1만 원으로 연명하고 있다.

「戰線의 노리개 “짓밟힌 17세” 挺身隊로 끌려간 金學順할머니 눈물의 폭로」, 『경향신문』, 1991년 8월 15일

칸막이방서 하루 서너명 상대 치떨리는 만행… 국내 첫 公開

金學順할머니는 “정신대 자체를 부인하는 일본 정부를 고발하려 증언에 나섰다”고 말했다.

정신대 피해자가 광복 46년만에 처음으로 일제의 잔학성을 고발하고 나섰다.

金學順할머니(67. 서울 종로구 충신동 1의 73)는 중일전쟁의 와중인 1940년경 최전방이었던 중국 중부의 철벽진에서 일본군 위안부로 끌려가 2~3개월을 치욕속에 보냈던 장본인. 14일 여성단체연합사무실에서 정신대문제대책협의회(대표 尹貞玉)가 마련한 기자회견에 나온 그는 “당한것만 해도 치가 떨리는데 일본사람들이 정신대란 사실 자체가 없었다고 발뺌하는 것이 너무 기가 막혀 증언하게 됐다.”고 밝혔다.

1924년 중국 吉林省에서 金달현, 安경돈씨의 무남독녀로 태어난 그는 일찍 아버지를 잃고 어머니마저 개가, 양부의 손에서 자라다 14세때부터 평양기생권번에 다녔다. 17세 되던 해에 양부와 함께 만주로 간 金할머니는 일본군에게 잡혀 종군위안부 생활을 하게됐다.

그는 중국인이 버리고간 오두막에서 다른 4명의 조선여성들과 함께 일본군 3백명의 ‘위생적인 성욕처리도구’ 역할을 맡았다.

17~22세에 이르는 조선여성 5명은 천으로 칸막이를 친 방에서 하루 3~4명의 일본군을 상대했으며 부대에서 갖다주는 쌀, 부식으로 연명하고 옷은 군복이든 중국인옷이든 가리지 않고 입었다고 김씨는 증언했다. 이들은 1주일에 1회 군의관으로부터 위생검사를 받았으며 군인들은 위안소에 출입할 때마다 1원 50전을 지불했다고들 했지만 한번도 돈을 받아본적은 없었다는 것이다.

“처음엔 일본군을 피해 도망가면 기어코 쫓아와 울면서 당하곤 했어요. 그때 내나이열일곱이었지요.”

끝내 눈물을 감추지 못하는 金할머니는 위안부생활 3개월여만에 조선인 상인 조원찬씨(당시 31세)를 만나 천신만고 끝에 기적적으로 탈출했다.

자신을 구해준 조씨와 함께 上海에 정착, 1남1녀를 낳고 그런대로 오붓하게 살다가 해방 이듬해 광복군이 탄배에 편승해 고국으로 돌아왔다. 그러나 귀국직후 서울장충단 수용소에서 홍역으로 4살짜리 딸을 잃은데 이어 53년엔 남편을, 55년에는 아들마저 숨져 지금껏 혼자 살아왔다. 그는 요즘 4백만원짜리 전세방에서 기거하며 동회에서 다달이 주는 쌀 10kg과 3만원, 취로사업장에서 일해버는 1만원으로 연명하고 있다.

「戰線의 노리개 “짓밟힌 17세” 挺身隊로 끌려간 金學順할머니 눈물의 폭로」, 『경향신문』, 1991년 8월 15일

이 사료는 1991년 8월 14일 기자 회견 형식으로 진행된 일본군 ‘위안부’ 피해자 김학순(金學順, 1924~1997)의 공개 증언을 보도한 신문 기사이다. 김학순은 17세가 되던 해에 양부와 함께 만주에 갔다가 일본군에 끌려가 일본군 ‘위안부’ 생활을 강요받았다. 김학순의 증언에 따르면 일본군 ‘위안부’는 하루 3~4명의 일본군을 상대했으며, 부대에서 제공한 쌀과 부식으로 연명했고, 한 번도 이에 대한 대가를 제대로 지불받지 못했다.

여러 차례의 탈출을 시도했던 김학순은 조선인 상인을 만나 기적적으로 탈출에 성공했다. 그와 결혼하고 해방 후 한국으로 돌아왔으나 남편과 자식들을 잃고 동회(洞會)에서 매달 나오는 쌀과 3만원, 취로사업장에서 버는 만원으로 연명하는 극빈층의 생활을 이어 나갔다. 김학순은 홀로 어렵게 살아오던 중 원폭 피해자 이맹희(李孟姬, 1923~?)의 소개로 한국정신대문제대책협의회(이하 “정대협”) 회원 단체인 한국교회여성연합회(이하 “한교여연”) 실무자들을 만났고, 공개 증언을 하였다.

해방 이후 일본군 ‘위안부’ 문제는 오랫동안 사회적 기억에서 망각이 되었다. 피해 여성에 대한 이야기가 아예 부재했던 것은 아니었다. 1975년 오키나와에서 살고 있던 일본군 ‘위안부’ 피해자 배봉기(裵奉奇, 1914~1991)와 태국에 살고 있었던 노수복(盧壽福, 1921~?)의 이야기가 알려졌고, 〈여성동아〉와 〈레이디경향〉과 같은 잡지를 통해 국내에 있던 일본군 ‘위안부’ 피해자 이남님(미상, 1927~?)와 배옥수(미상, ?~?)의 이야기가 언론에 보도된 바 있었다. 그러나 5·18 광주 민주화 운동 이후 신군부가 정권을 장악했던 당시의 분위기 속에서 일제강점기의 일본군 ‘위안부’ 문제는 시대의 화두로 떠오르지 못했다.

이러한 사회 분위기는 1980년대 말부터 극적으로 변화했다. 이 시기부터 한국의 여성단체들과 여성들은 민주화운동을 넘어서 여성 인권을 향상하기 위한 운동을 적극적으로 전개하기 시작했다. 특히 1986년 부천경찰서 성고문 사건은 여성에 대한 성폭력을 공론화하며 그것을 명백한 폭력으로 인지하게끔 만들었다. 이처럼 점차 달라지고 있었던 사회 분위기 속에서, 이전부터 일본군 ‘위안부’ 문제에 관심을 기울였던 여성단체들은 일본과 한국 양 정부에 항의서한을 보내고 문제 해결을 위한 협의체 구성에 들어갔다. 1990년 11월 16일 정대협이 발족했고, 회장에는 오랫동안 일본군 ‘위안부’ 문제를 파헤쳐온 윤정옥(尹貞玉, 1925~)이 선임되었다.

정대협은 공개서한에 대한 일본 정부의 답변을 촉구했으나, 일본 정부는 대답을 회피하며 무응답으로 일관했다. 결국 돌아온 답변은 “일본 정부가 정신대를 강제 연행한 사실이 없고, 지난 1965년 한일 청구 협상 체결로 국제법상 양국 간 보상의 권리와 의무는 끝났다”라는 것이었다. 이러한 상황에서 정대협은 일본 정부를 압박하기 위해서라도 한국 정부의 협조가 필수적이라 판단했다. 그러나 일본군 ‘위안부’ 문제

가 여론화되고 있지 못한 상황에서 한국 정부 역시도 소극적인 대응을 보였다.

이러한 상황에서 김학순의 등장과 공개 증언은 한국 사회는 물론 일본 사회에도 큰 파장을 불러일으켰다. 이 증언 이후 한교여연은 ‘정신대 신고 전화’를 개설했다. 관련 법 제정 이후 피해자 신고 접수는 정부가 일괄 접수했다. 반세기 동안 숨죽여 지냈던 다른 피해 생존자들의 용기를 낸 신고 전화가 이어졌다. 피해자의 공개 증언으로 일본군 ‘위안부’ 문제

가 크게 이슈화되자 정대협은 국제 사회에 위안부 문제를 알리기 위한 여러 활동을 전개했다. 정대협은 아시아의 여러 피해국에서 결성된 시민단체와 함께 아시아연대회의를 구성하고 연대 활동을 펼쳤다. 1996년에 유엔인권위원회 여성 폭력 문제 특별보고관이 일본군 ‘위안부’ 문제를 집중 조명한 보고서를 발표하고, 2007년에 미국 하원에서 일본 정부에 사죄를 요구하는 관련 결의안이 통과된 것은 이러한 노력의 결실이었다.

1991년 김학순의 공개 증언은 일본군 ‘위안부’ 문제

가 사회적 의제로 부상할 수 있었던 중요한 계기였다. 김학순이 공개 증언을 했던 8월 14일은 국가 기념일로 ‘일본군 ‘위안부’ 피해자 기림의 날’로 지정이 되었다. 1991년의 공개 증언이 이와 같은 전환점이 될 수 있었던 배경에는 국내외 정세의 변화가 자리하고 있었다. 즉 국내적으로는 민주화운동과 여성운동이 성장하고 있었고, 국제적으로는 베를린 장벽 붕괴(1989년)와 소련 해체(1991년)로 냉전 체제가 무너지고 있던 상황에서 일본군 ‘위안부’ 피해자의 등장이 더욱 이슈화될 수 있었다.

이 글의 내용은 집필자의 개인적 견해이며, 국사편찬위원회의 공식적 견해와 다를 수 있습니다.

참고문헌

논문

이나영, 「김학순 공개증언과 일본의 시민운동: 말하는 자와 듣는 자가 만들어낸 파장(波長)」, 『젠더와 문화』 15-1, 계명대학교 여성학연구소, 2022.
이지영, 「일본군 ‘위안부’ 구술·증언 관련 연구에 대한 고찰: 증언집, 사진집, 여성가족부 연구보고서를 중심으로」, 『일본공간』 32, 국민대학교 일본학연구소, 2022.

저서

박정애, 『함께 쓰는 역사 일본군 ‘위안부’』, 동북아역사재단, 2020.

편저

한국정신대문제대책협의회 20년사 편찬위원회, 『한국정신대문제대책협의회 20년사』, 한울, 2014.

관련사이트

[https://newslibrary.naver.com/viewer/index.naver?articleId=1991081500329112004&editNo=10&printCount=1&publishDate=1991-08-15&officeId=00032&pageNo=12&printNo=14141&publishType=00010] 「戰線의 노리개 “짓밟힌 17세” 挺身隊로 끌려간 金學順할머니 눈물의 폭로」, 『경향신문』, 1991년 8월 15일, 네이버 뉴스라이브러리

[https://digitallibrary.un.org/record/228137?v=pdf] 유엔 여성 폭력 문제 특별 보고관 라디카 쿠마라스와미 보고서(1996), United Nations Digital Library

[https://archives.womenandwar.net] 정의기억연대 전쟁과여성인권 아카이브

[https://www.archive814.or.kr/main.do] 일본군‘위안부’문제연구소 아카이브814

[https://womenandwarmuseum.net] 전쟁과여성인권박물관

[https://www.fomo.or.kr/museum/kor/Main.do#anchor2] 국립일제강제동원역사관

[https://wam-peace.org/en/] 여성들의 전쟁과 평화 자료관(WAM)

[https://fightforjustice.info/?lang=ko] Fight For Justice

[http://contents.nahf.or.kr] 동북아역사재단 동북아역사넷",,,,https://contents.history.go.kr/front/hm/view.do?levelId=hm_166_0045,사료로 본 한국사\items\hm_age_80_현대\hm_ty_040_문화\hm_166_0045_일본군 ‘위안부’ 김학순 할머니 최초 증언.md
1144,hm_age_80,현대,hm_ty_040,문화,hm_166_0050,일본 정부의 일본군‘위안부’ 문제 인정,현대 > 문화 > 동북아시아의 역사 갈등 > 일본 정부의 일본군‘위안부’ 문제 인정,"위안부 관계 조사 결과 발표에 관한 내각관방장관 담화

1993년 8월 4일

내각 관방장관 고노 요헤이(河野 洋平)

소위 종군위안부문제에 대해서 정부(일본)는 1991년 12월부터 조사를 진행해 왔으나 이번에 그 결과가 정리되었기에 발표하기로 하였다.

이번 조사 결과 장기에 걸쳐 또한 광범한 지역에 걸쳐서 위안소가 설치되어 수많은 위안부가 존재한 것이 인정되었다. 위안소는 당시 군 당국의 요청에 의해 설치․운영되었으며 위안소의 설치, 관리 및 위안부의 이송에 대해서는 구 일본군이 직접 또는 간접적으로 관여하였다. 위안부 모집에 대해서는 군의 요청을 받은 업자가 주로 이를 담당하였으나 그 경우도 감언이나 강압적인 방법 등으로 본인의 의사에 반하여 모집된 사례가 많았으며 또한 관헌 등이 직접 이에 가담한 경우도 있었다는 사실이 밝혀졌다. 또한 위안소 생활은 강요당한 상황 아래 이루어진 비참한 것이었다.

또한 전쟁터에 이송된 위안부의 출신지는 일본을 제외하면 한반도가 큰 비중을 점하고 있고 당시 한반도는 우리나라의 통치하에 있었으므로 그 모집, 이송, 관리 등도 감언이나 강압에 의해 총체적으로 본인의 의사에 반하여 이루어졌다.

예컨대 소위 종군위안부문제는 당시 군의 관여하에 수많은 여성의 명예와 존엄을 크게 손상시킨 문제이다. 일본 정부는 이 기회에 그 출신지를 막론하고 소위 종군위안부로서 많은 고통을 받고 심신에 걸쳐 치유하기 어려운 상처를 입으신 여러분께 대하여 다시 한번 진심으로 사과와 반성의 마음을 표한다. 또한 그러한 마음을 우리나라가 어떻게 구체적으로 표할 것인가에 대해서는 유식자의 의견을 모아 계속해서 진지하게 검토해야 한다고 생각한다.

우리는 이러한 역사의 진실을 회피하지 않고 오히려 이 문제를 역사의 교훈으로 삼아 직시하고자 한다. 우리들은 역사연구, 역사교육을 통해서 이러한 문제를 오랫동안 기억에 새겨 같은 잘못을 결코 되풀이하지 않겠다는 굳은 결의를 다시 한번 표명한다.

또한 이 문제에 대해서는 우리나라(일본)에서 소송이 제기되고 있으며 국제적으로도 관심이 모아지고 있어 정부(일본)로서도 앞으로도 민간의 연구를 포함하여 충분한 관심을 갖고자 한다.

위안부 관계 조사 결과 발표에 관한 내각관방장관 담화(고노담화), 1993년 8월 4일

慰安婦関係調査結果発表に関する

河野内閣官房長官談話

平成5年8月4日

いわゆる従軍慰安婦問題については、政府は、一昨年12月より、調査を進めて来たが、今般その結果がまとまったので発表することとした。

　今次調査の結果、長期に、かつ広範な地域にわたって慰安所が設置され、数多くの慰安婦が存在したことが認められた。慰安所は、当時の軍当局の要請により設営されたものであり、慰安所の設置、管理及び慰安婦の移送については、旧日本軍が直接あるいは間接にこれに関与した。慰安婦の募集については、軍の要請を受けた業者が主としてこれに当たったが、その場合も、甘言、強圧による等、本人たちの意思に反して集められた事例が数多くあり、更に、官憲等が直接これに加担したこともあったことが明らかになった。また、慰安所における生活は、強制的な状況の下での痛ましいものであった。

　なお、戦地に移送された慰安婦の出身地については、日本を別とすれば、朝鮮半島が大きな比重を占めていたが、当時の朝鮮半島は我が国の統治下にあり、その募集、移送、管理等も、甘言、強圧による等、総じて本人たちの意思に反して行われた。

　いずれにしても、本件は、当時の軍の関与の下に、多数の女性の名誉と尊厳を深く傷つけた問題である。政府は、この機会に、改めて、その出身地のいかんを問わず、いわゆる従軍慰安婦として数多の苦痛を経験され、心身にわたり癒しがたい傷を負われたすべての方々に対し心からお詫びと反省の気持ちを申し上げる。また、そのような気持ちを我が国としてどのように表すかということについては、有識者のご意見なども徴しつつ、今後とも真剣に検討すべきものと考える。

　われわれはこのような歴史の真実を回避することなく、むしろこれを歴史の教訓として直視していきたい。われわれは、歴史研究、歴史教育を通じて、このような問題を永く記憶にとどめ、同じ過ちを決して繰り返さないという固い決意を改めて表明する。

　なお、本問題については、本邦において訴訟が提起されており、また、国際的にも関心が寄せられており、政府としても、今後とも、民間の研究を含め、十分に関心を払って参りたい。

위안부 관계 조사 결과 발표에 관한 내각관방장관 담화(고노담화), 1993년 8월 4일

이 사료는 1993년 8월 4일 일본 정부가 발표한 「위안부 관계 조사 결과 발표에 관한 고노 내각관방장관 담화」(이하 “고노 담화”)의 전문이다.

1991년 8월 14일 일본군‘위안부’피해자 김학순(金學順, 1924~1997)의 실명 증언은 한국과 일본 사회에 큰 충격을 주었다. 김학순 등 일본군‘위안부’피해자 3명은 일본 정부를 상대로 제소하였다. 김학순의 증언은 요시미 요시아키(吉見義明, 1946~) 등 관련 역사학자들이 군의 위안소 운영의 관여를 입증하는 공문서를 공개하는 계기가 되었다. 일본군‘위안부’문제의 해결을 바라는 피해 당사자, 시민운동, 국제여론의 고조는 일본 정부로 하여금 대응을 불가피하게 하였다. 피해자들의 증언과 사료의 공개로 일본 정부는 이전까지의 태도를 바꾸어 일본군‘위안부’에 대한 자료의 조사를 실시했다.

이런 배경으로 1992년 1월과 7월 당시 내각관방장관이었던 가토 고이치(加藤紘一, 1939~2016)가 2회에 걸쳐서 ‘가토 담화’를 발표하게 되었다. 1992년 1월 13일 가토 관방장관은 일본군의 관여를 인정한 바 있고, 1992년 7월 6일에는 위안소의 설치, 운영, 감독에 정부 관여를 인정하였다. 가토 담화 이후 일본 정부는 관련 정부부처에 관련 공문서의 조사를 지시하였다. 가토 담화의 약 1년 후인 1993년 8월 4일에는 고노 요헤이(河野洋平, 1937~) 관방장관이 조사 결과에 대한 담화를 발표하게 된다. 이것이 소위 ‘고노 담화’이다.

고노 담화의 주요 내용은 크게 3부분으로 나눌 수 있다.

첫째, 군 관여 사실의 인정이다. 고노 담화에서 군의 관여 사실은 몇 가지로 제기된다. “위안소는 당시 군 당국의 요청에 의해 설치, 운영”되었다는 점, “위안소의 설치, 관리 및 위안부의 이송에 대해서는 구 일본군이 직접 또는 간접적으로 관여”하였다는 점이 담화 내용에서 인용되고 있다.

둘째, 일본군‘위안부’에 관련된 강제성의 인정이다. 고노 담화에서는 “군의 요청을 받은 업자가 주로 이를 담당”하였다고 제시하고 있으며 모집의 방법에 관해서“감언이나 강압적인 방법 등으로 본인의 의사에 반하여 모집”되었다 밝히고 있다. 또한 위안소 자체의 상황을 “강요당한 상황 하에서 이루어진 비참한 것”이라고 밝혔다. 이런 견해를 통해 고노 담화는 당사자들의 존엄성을 훼손하였다는 것을 인정하였고, 나아가 일본군‘위안부’ 피해자들에게 “사죄와 반성의 마음을 전한다”라는 표현을 추가하였다.

셋째, 진실규명과 역사교육의 의사 표명이다. 일본 정부는 고노 담화의 본문에 역사연구와 역사교육을 통해 이와 같은 문제를 영원히 기억하고 같은 잘못을 반복하지 않겠다는 내용을 포함시켰다.

고노 담화의 배경에는 일본군‘위안부’문제의 해결을 바라는 피해 당사자, 시민운동, 국제여론의 고조가 있었다. 고노 담화는 일본군 위안부 문제에서 군의 관여를 공식적으로 인정하였으며 모집과 이송에 강제성, 위안소의 가혹한 상황을 인정하였다. 나아가 진실규명, 역사연구를 강조했다는 점에서 의미가 적지 않다. 고노 담화의 영향으로 1995년부터 일본 고등학교 역사 교과서, 1997년부터는 중학교 역사 교과서에 일본군‘위안부’와 관련된 사실이 기재되기 시작했다.

고노 담화의 가장 큰 의의는 일본 정부가 자체 조사에 의거하여 일본군‘위안부’문제에서 강제성과 인권 침해를 인정한 공식 견해라는 점이다. 고노 담화를 기반으로 하여 1995년 무라야마 도미이치(村山富市, 1924~) 총리가 담화를 하였으며, ‘여성을 위한 아시아평화국민기금’이 발족되기도 하였다. 고노 담화 당시부터 일본 내 보수파 및 국회의원들은 고노 담화의 재검토를 요구해 왔다. 아베 신조(安倍晋三, 1954~2022) 총리 시기에는 정부 차원에서 고노 담화의 재검토를 시도하기도 하였다. 하지만 현재까지도 일본 정부의 일본군‘위안부’문제에 관한 기본 방침은 고노 담화의 입장을 계승하고 있다.

고노 담화는 일본 정부의 공식 견해라는 점에서 의의가 크지만, 많은 한계도 지적되고 있다. ‘고노 담화’는 모집에 관해 업자의 역할을 강조하며 일본 정부의 군의 ‘관여’를 인정하였다. 하지만 이는 구(舊) 일본군이 일본군‘위안부’제도의 조직적 책임의 주체가 아닌 ‘관여’라는 표현으로 해석될 수 있다. 따라서 고노 담화는 일본 정부 자체의 책임소재를 모호하게 했다는 지적을 받는다. 또한 체계적인 진상규명, 법적 배상에 대해서는 주체에 대한 명확한 언급이 없는 등 근본적인 문제를 가지고 있다는 비판을 받기도 한다. 역사연구, 교육을 통하여 이 문제를 오랫동안 기억에 새기겠다는 내용 역시 마찬가지이다. 고노 담화 이후 공개된 자료 및 연구성과를 반영한 일본 정부의 견해 발표는 아직까지 없었다. 오히려 중‧고등학교 교과서의 기술은 1990년대 후반에 오히려 후퇴했다.

이 글의 내용은 집필자의 개인적 견해이며, 국사편찬위원회의 공식적 견해와 다를 수 있습니다.

참고문헌

논문

남상구, 「고노 담화 수정론에 대한 비판적 검토」, 『한일관계사학회』49, 2014.
남상구, 「일본 정부의 일본군‘위안부’에 대한 역사인식과 정책변화」, 『한일관계사연구』58, 2017.
이민정, 「도의적 책임논리와 일본군‘위안부’문제 인식의 정치과정」, 『세계정치』29, 2018.

관련사이트

[https://www.mofa.go.jp/mofaj/area/taisen/kono.html] 위안부 관계 조사 결과 발표에 관한 내각관방장관 담화(1993. 8. 4), 일본국 외무성

[https://archives.womenandwar.net] 정의기억연대 전쟁과여성인권 아카이브

[http://contents.nahf.or.kr] 동북아역사재단 동북아역사넷

[https://womenandwarmuseum.net] 전쟁과여성인권박물관

[http://museum.1945815.or.kr] 희움일본군‘위안부’역사관

[https://www.fomo.or.kr/museum/kor/Main.do] 국립일제강제동원역사관

[https://wam-peace.org/en] 여성들의 전쟁과 평화 자료관(WAM)

[https://www.archive814.or.kr] 일본군‘위안부’문제연구소 아카이브814

[http://fightforjustice.info/] Fight For Justice

[https://www.history.go.kr/contents/contentsPage.do?groupId=000000000571&menuId=000000000574&pageId=000000000213]
저작권 정책

[https://www.history.go.kr/contents/contentsPage.do?groupId=000000000931&menuId=000000000992&pageId=000000000541]
데이터 개방

[https://www.history.go.kr/contents/contentsPage.do?groupId=000000000571&menuId=000000000572&pageId=000000000211]
개인정보처리방침

13809 경기도 과천시 교육원로 86 국사편찬위원회

COPYRIGHT © NATIONAL INSTITUTE OF KOREAN HISTORY ALL RIGHT RESERVED.

오류신고

본 사이트 자료 중 잘못된 정보를 발견하였거나 사용 중 불편한 사항이 있을 경우 알려주십시오. 이용자의 참여가 사이트 가치 향상에 큰 도움이 됩니다.

사이트 하단의 ‘오류신고’ 메뉴를 이용하시면 신고 내용의 적용여부를 확인하실 수 있습니다.

개인정보는 삭제하오니 유념하시기 바랍니다.

자료명

사료로 본 한국사

자료위치

https://contents.history.go.kr/id/hm_166_0050

제목

오류유형

오류내용

이름

자동입력 방지문자

소개

한국사를 이해하는 데 토대가 되는 주요 사료를 각 시대와 분야별로 선별하여, 원문과 번역문, 해설과 참고 자료를 함께 서비스하고 있습니다.
이를 통해 어려운 역사 자료에 좀 더 쉽게 접근할 수 있도록 하였습니다.

일러두기

1.한 편의 사료는 국문, 원문, 해설, 참고자료의 4가지 요소로 구성하였습니다.

2.사료의 종류는 [삼국사기], [삼국유사], 『고려사』, 『조선왕조실록』 등의 1차 사료(史料)를 비롯해 개인 문집, 금석문, 신문, 판결문, 선언문 등에 이르기까지 매우 다양합니다.

3.국문은 원문에 수록된 사료를 우리말로 번역하여 수록하였습니다. 사료의 상당수는 한문이며, 영어, 일본어 등도 포함되어 있습니다. 또한 근·현대 사료 또한 한자를 많이 사용하여 일반인이 접근하기가 어려우므로 이를 이용자가 쉽게 이해할 수 있도록 현대 한국어에 맞게 번역하였습니다.

4.해설 중에서 추가 설명이 필요한 역사 용어의 경우 글자를 별색으로 표기하였습니다. 보라색은 해당 글자에 마우스를 갖다 대면 간략한 설명이 제공되며, 파란색은 클릭하면 ‘교과서 용어 해설’ 및 ‘한국사 연대기’ 등의 관련 자료로 연계되도록 하였습니다.

5.참고 자료에서는 사료와 관련된 연구 논문과 저서 목록을 수록하였고, 해당 사료의 원문과 번역문을 직접 확인할 수 있도록 관련 사이트도 연계하였습니다.

DB 구축 참여자(2012~2013)

시기 구분
기획
집필
교열
윤문
자료 총괄
구축 년도

삼국 이전
삼국 시대
전미희
류주희
이규리
문동석
이정빈
이현태
장종진
장청화
이계형
2012

박남수
홍기승
문동석
이현태
장종진
김경복
장청화
2013

통일 신라와 발해
전미희
류주희
이규리
김창겸
김덕원
전경숙
장청화
이계형
2012

박남수
홍기승
문동석
이현태
장종진
김경복
장청화
2013

고려 시대
전미희
류주희
이규리
한정수
손민호
황영수
전경숙
장청화
이계형
2012

류주희
홍기승
한정수
김가람
김경복
장청화
2013

조선 시대
전미희
류주희
이규리
이경찬
박귀미
이기명
이화영
이근호
장청화
이계형
2012

이규리
홍기승
이근호
김가람
김경복
장청화
2013

근대
전미희
류주희
이규리
은정태
홍문기
최보영
장청화
이계형
2012

염복규
은정태
홍동현
김경복
장청화
2013

현대
전미희
류주희
이규리
박미경
이관형
김진흠
장청화
이계형
2012

김점숙
이정은
홍동현
김경복
장청화
2013

DB 구축 참여자(2023~)

시기 구분
기획
집필
교열
감수
구축연도

근대
신재호

이주호

곽금선, 김명섭, 김상연, 김상훈, 김영진, 김진혁, 김호걸, 노성룡, 박주영, 송영화, 이양희, 이지은,

임동현, 최용준, 한보람, 한승훈, 한애라, 한준호, 홍수연

이명학
정일영
2023

현대

곽경상, 김상규, 김상연, 김재웅, 김진혁, 서홍석, 신재준, 예대열, 이길중, 이지완, 정무용

김태윤
김아람

근대
신재호

이주호

곽금선, 박주영, 박한민, 이양희, 이지은, 임동현,

주동빈, 최용준, 한보람, 한승훈, 한애라, 한준호

이명학
양진아
2024

현대

김상연, 김청강, 예대열, 이길중, 이지완

김아람

삼국
신재호

홍선이

권순홍, 김기민, 김지현, 나유정, 이종록

이준성
이정빈
2025

DB 고도화 참여자(2022~)

시기 구분
기획
해설 집필
해설 교열
감수
구축연도

근대
신재호

이홍구

곽금선, 김기성, 김명섭, 김명재, 김명환, 김상훈, 김소영, 김영진, 김헌주, 남기현, 류동연, 박순섭,

박주영, 박한민, 성주현, 송영화, 심철기, 양진아, 이성우, 이양희, 이지은, 임인재, 최보민, 최보영,

최우석, 한보람, 한승훈, 한준호

박은숙

정일영

한승훈
김도형
2022

현대

김대현, 김동주, 문민기, 박경렬, 이재석, 이지완

박광명

임광순
김아람

김태우

조선 전기
신재호

이주호

신동훈, 양정현, 윤승희, 이경동, 이상민, 이지훈

서민주
나영훈
2024

조선 후기

도주경, 문광균, 오승관, 윤민경, 임성수, 채홍병

이행묵
박범

삼국 이전
신재호

홍선이

권순홍, 김기민, 김세진, 김지현, 나유정, 이종록

이준성
이정빈
2025

고려

김도연, 김보광, 김수연, 김종혁, 김지영, 김진곤,
김효섭, 박수찬, 안주영, 오경석, 오치훈, 이민기,
이바른, 이상민, 이창섭, 정동훈, 최은규, 현수진

이현경

황향주
한정수

최종석

메인 화면

1.교양 우리 역사 메뉴 내의 콘텐츠로 이동할 수 있습니다.

2.시대별 분야에 따른 사료 목록을 확인할 수 있습니다.

3.사료로 본 한국사 내 자료를 검색할 수 있습니다.

분류별 목록 화면

1.시대에 따른 분야별 목록을 확인할 수 있습니다.

2.개별 사료 클릭시 상세화면으로 이동합니다.

상세 화면 – 한면으로 보기

1.시대별/분야별 목차를 확인할 수 있고, 다른 사료로 바로 이동할 수 있습니다. 숨기기/열기 버튼을 이용해 닫거나 열어볼 수 있습니다.

2.각 사료에 대한 국문, 원문, 해설, 참고자료 정보를 4개의 탭으로 열람할 수 있습니다.

3.두 가지 정보를 비교해 볼 수 있는 ‘나란히 보기’ 화면으로 이동합니다. 드롭박스를 통해 열람하고자 하는 정보를 선택할 수 있습니다.

4.폰트 조정, 인쇄, 목록, 오류신고, 이전/다음 사료로 이동 등의 툴바 기능을 이용할 수 있습니다.

목록화면

1.시대에 따른 분야별 사료 목록이 배열됩니다.

2.메인 화면 및 시대별 목록을 열람할 수 있습니다.

3.상세 사료 목록을 펼침/닫힘 버튼을 통해 이용할 수 있습니다.",,,,https://contents.history.go.kr/front/hm/view.do?levelId=hm_166_0050,사료로 본 한국사\items\hm_age_80_현대\hm_ty_040_문화\hm_166_0050_일본 정부의 일본군‘위안부’ 문제 인정.md
1145,hm_age_80,현대,hm_ty_040,문화,hm_166_0060,일본군‘위안부’ 문제에 대한 국제 공조,현대 > 문화 > 동북아시아의 역사 갈등 > 일본군‘위안부’ 문제에 대한 국제 공조,"…(전략)…

Ⅰ. 정의

…(중략)…

10. 마지막으로, 용어를 사용하는 목적에 관해, 특별보고관은 현대형 노예제 실무회의 위원, NGO대표 및 학자들이 견지하고 있는 견해, 즉 “위안부”라는 용어는 피해자들이 전시에 강제 매춘과 성폭력을 겪으면서 감내해야 했던 고통, 즉 연일 거듭되는 강간과 심각한 육체적 학대와 같은 고통의 내용을 전혀 반영하지 못한다는 의견에 전적으로 공감한다. 따라서 특별보고관은 “군 성노예”라는 용어가 훨씬 정확하고 적절한 용어라고 확신한다.

…(중략)…

Ⅸ. 권고.

136. 특별보고관은 관련 정부들과의 협력의 정신 속에서 본인의 위임사항을 수행하고 전시의 군 성노예라는 현상을 여성에 대한 폭력 및 그 원인과 결과들이라는 보다 넓은 틀 안에서 이해하기 위해 다음과 같이 권고하고자 한다. 특히 특별보고관은 나와 토론 속에서 이미 일본 정부가 보여준 협조와, 일본 제국 군대가 저지른 군 성노예제도의 피해를 입은 소수의 생존한 여성피해자들에게 정의를 실천하려고 하는 일본 정부의 열린 자세와 적극성에 기대를 건다.

A. 국가적 차원에서.

137. 일본 정부는,

(a) 제2차 세계대전 중에 일본 제국 군대에 의해 설치된 위안소제도가 국제법상의 일본의 의무에 위반된 것이라는 사실을 승인하고, 그 위반에 따르는 법적 책임을 수용해야 한다.

(b) 군 성노예제도의 피해자 개개인에 대해 인권 및 기본적 자유의 중대침해 피해자의 원상회복, 배상 및 재활에 대한 권리에 관한 소수집단의 차별 방지와 보호를 위한 소위원회 특별보고관에 의해 제시된 원칙에 따라 배상을 지불해야 한다. 다수의 피해자가 극히 고령이기 때문에, 이 목적을 위해 특별한 행정적 심사회가 단기간 내에 설치되어야 한다.

(c) 제2차 세계대전 중의 일본 제국 군대의 위안소 및 다른 관련된 활동에 관해, 일본 정부가 소지하고 있는 모든 문서 및 자료의 완전한 공개가 이루어지도록 보장해야 한다.

(d) 스스로 일본군 성노예였음을 밝혔고, 그렇게 입증된 여성 개개인에 대해, 서면에 의한 공적인 사죄를 해야 한다.

(e) 역사적 사실을 반영하도록 교육 내용을 수정함으로써, 이들 문제에 대한 인식을 높여야 한다.

(f) 제2차 세계대전 중에, 위안부의 징집 및 위안소의 제도화에 관여한 범행자를 확인하고, 가능한 한 처벌해야 한다.

B. 국제적 차원에서.

138. 국제적 차원에서 활동하고 있는 NGO들은, 이들 문제를 국제연합 조직 내에서 계속 제기해야 한다. 국제사법재판소 또는 상설중재재판소의 권고적 의견을 구하는 시도도 이루어져야 한다.

139. 조선민주주의인민공화국 및 대한민국은, “위안부”에 대한 배상의 책임 및 지불에 관한 법적 문제의 해결을 촉진하기 위해 국제사법재판소에 청구하는 것을 고려할 수 있다.

140. 특별보고관은 생존 여성이 고령이라는 사실 및 1995년이 제2차 세계대전 종료 후 50주년이라고 하는 사실에 유의하여, 일본 정부에 대해 특히 위의 권고를 고려에 넣고, 위의 권고에 따라 가능한 한 신속하게 행동을 취할 것을 강력하게 요구한다. 특별보고관은 종전 후 50년이 흘렀을 뿐만 아니라 그토록 고통을 겪었던 여성들의 존엄성을 이제는 회복해야 할 시점이라고 생각한다.

…(후략)…

유엔 여성 폭력 문제 특별 보고관 라디카 쿠마라스와미 보고서(1996.1.4)

Report of the Special Rapporteur on violence against women, its causes and consequences, Radhika Coomaraswamy, in accordance with Commission on Human Rights resolution 1994/45.

Report on the mission to the Democratic People’s Republic of Korea, the Republic of Korea and Japan on the issue of military sexual slavery in wartime

…(중략)…

Ⅰ. DEFINITION

…(중략)…

10. Finally, for the purpose of terminology, the Special Rapporteur concurs entirely with the view held by members of the Working Group on Contemporary Forms of Slavery, as well as by representatives of non-governmental organizations and some academics, that the phrase ""comfort women"" does not in the least reflect the suffering, such as multiple rapes on an everyday basis and severe physical abuse, that women victims had to endure during their forced prostitution and sexual subjugation and abuse in wartime. The Special Rapporteur, therefore, considers with conviction that the phrase ""military sexual slaves"" represents a much more accurate and appropriate terminology.

…(중략)…

IX. RECOMMENDATIONS

136. The Special Rapporteur wishes to make the following recommendations which
aim at the discharge of her mandate in a spirit of cooperation with the Governments concerned and at trying to understand the phenomenon of military sexual slavery in wartime within the wider framework of violence against women, its causes and consequences. The Special Rapporteur counts, in particular, on the cooperation of the Government of Japan, which has already shown, in discussions with the Special Rapporteur, its openness and willingness to act to render justice to the few surviving women victims of military sexual slavery carried out by the Japanese Imperial Army.

A. At the national level.

137. The Government of Japan should:

(a) Acknowledge that the system of comfort stations set up by the Japanese Imperial Army during the Second World War was a violation of its obligations under international law and accept legal responsibility for that violation;

(b) Pay compensation to individual victims of Japanese military sexual slavery according to principles outlined by the Special Rapporteur of the Sub-Commission on Prevention of Discrimination and Protection of Minorities on the right to restitution, compensation and rehabilitation for victims of grave violations of human rights and fundamental freedoms. A special administrative tribunal for this purpose should be set up with a limited time-frame since many of the victims are of a very advanced age;

(c) Make a full disclosure of documents and materials in its possession with regard to comfort stations and other related activities of the Japanese Imperial Army during the Second World War;

(d) Make a public apology in writing to individual women who have come forward and can be substantiated as women victims of Japanese military sexual slavery;

(e) Raise awareness of these issues by amending educational curricula to reflect historical realities;

(f) Identify and punish, as far as possible, perpetrators involved in the recruitment and institutionalization of comfort stations during the Second World War.

B. At the international level.

138. Non-governmental organizations working at the international level should continue o raise these issues within the United Nations system. There should also be an attempt to seek an advisory opinion of the International Court of Justice or the Permanent Court of Arbitration.

139. The Governments of the Democratic People’s Republic of Korea and the Republic of Korea may consider requesting the International Court of Justice to help resolve the legal issues concerning Japanese responsibility and payment of compensation for the ""comfort women.”

140. The Special Rapporteur urges the Government of Japan in particular totake into account and act upon the above recommendations at the soonest possible time, bearing in mind the advanced age of the surviving women, as well as the fact that 1995 is the fiftieth anniversary of the ending of the Second World War. The Special Rapporteur feels that not only have fifty years passed since the end of the war but that it is time to restore the dignity of those women who have suffered so much.

…(후략)…

유엔 여성 폭력 문제 특별 보고관 라디카 쿠마라스와미 보고서(1996.1.4)

이 사료는 1996년 유엔 경제사회이사회(ECOSOC) 인권위원회 여성폭력문제 특별보고관이었던 라디카 쿠마라스와미(Deshamanya Radhika Coomaraswamy, 1953~)가 제출한 「전시의 군사적 성노예 문제에 관한 조선민주주의인민공화국, 대한민국 및 일본 파견조사 보고서」(이하 “쿠와라스와미 보고서”)의 발췌문이다.

일본군‘위안부’문제 해결 운동은 폭넓은 국제협력을 이끌며 전개되었다. 1980년대 말 일본군 ‘위안부’문제가 제기되면서 한국의 활동가 및 연구자들은 일본의 관련 단체와 협력하였다. 1990년에 한국정신대문제대책협의회(약칭 정대협)가 발족한 후에는 아시아 피해국의 연대운동을 전개하며 아시아연대회의 등을 개최하였다.

피해자 및 지원단체는 일본 정부에만 ‘위안부’ 문제 해결을 요구하는데 한계를 느끼고 유엔 인권기구와 협력했다. 유엔인권위원회(United Nations Commission on Human Rights) 및 소수민 차별 방지 및 보호에 관한 소위원회(Sub-Commission on Prevention of Discrimination and Protection of Minorities, 이하 “유엔인권소위원회”)가 일본군 ‘위안부’ 문제를 다루었다(유엔인권위원회는 국가가 참여하는 형태이고, 유엔인권소위원회는 전문가 위원을 중심으로 한다).

1992년 피해자들과 한국정신대문제대책협의회는 인권소위원회에 참석하여 일본군‘위안부’문제를 제기했다. 인권소위원회는 1993년부터 일본군‘위안부’문제를 ‘전쟁 중 조직적 강간, 성노예제 및 그와 유사한 관행’ 범주에 넣어 특별보고관을 임명하고 보고서를 제출하는 데 초점을 두었다. 그리고 린다 차베스(Linda Chavez, 1947~)를 ‘전쟁 중의 조직적인 강간, 성노예제 및 그와 유사한 관행’에 대한 특별보고관으로 임명했다. 그는 1996년 제1차 연구보고서를 제출했다. 린다차베스의 보고서는 조직적 강간에 대한 국제법적 규범, 국가 및 개인의 책임, 사법기관 제재, 배상 등의 내용을 다루고 있었다. 이런 흐름으로 유엔 인권소위원회에서는 1998년 특별보고관 게이 맥두걸(Gay MacDougal, 1947~)이 전쟁 중 성노예 문제에 관한 보고서를 제출하게 된다. 이후 지원단체의 노력으로 2000년부터 유엔 인권소위원회에서는 ‘조직적 강간, 성노예제 및 유사 노예제’라는 이름으로 상정하도록 결의했고, 유엔 인권최고대표실(OHCHR)은 2008년 인권소위원회가 인권자문위원회로 개편되기 전까지 매년 보고서를 제출했다.

국가가 위원으로 참여하는 유엔 인권위원회에서도 일본군‘위안부’문제가 논의되었다. 1994년 제50차 유엔 인권위원회에서는 여성폭력 특별보고관이 신설되었다. 여기에 스리랑카 출신 변호사 라디카 쿠마라스와미가 임명되었다. 지원단체는 쿠마라스와미에게 여성폭력 문제의 하나인 일본군‘위안부’문제의 조사를 요청하였다. 쿠마라스와미는 1995년 7월부터 한국뿐만 아니라 일본과 북한 등의 현지 조사를 진행하였다. 그리고 이를 바탕으로 조사보고서를 작성하여 1996년 유엔경제사회이사회에 제출하였고, 이사회는 이를 채택하였다. 이것이 바로 쿠마라스와미 보고서이다.

쿠마라스와미 보고서는 총 9개 항목으로 구성되어 있다. 10개 항목의 목차는 다음과 같다. 1. 정의, 2. 역사적 배경, 3. 특별보고관의 조사방법 및 활동, 4. 증언, 5. 조선민주주의 인민공화국의 입장, 6. 대한민국의 입장, 7. 일본 정부의 입장, 8. 도의적 책임, 9 권고이다. 본문에서 제시한 사료는 이 중 1. 정의 및 10. 권고에 해당하는 사항이다.

본문에서 제시하고 있는 쿠마라스와미 보고서의 내용은 총 두 가지다. 첫째, 일본군‘위안부’라는 용어의 문제이다. 쿠마라스와미는 ‘위안부’라는 용어가 “피해자들이 성폭력을 겪으면서 감내했던 고통”을 반영하지 못한다고 지적하며 ‘군 성노예’라는 용어가 정확하고 적절한 용어라고 확신한다는 의견을 밝히고 있다. 이를 계기로 국제사회에서 일본군‘위안부’문제가 일본군 성노예제로 널리 확산되었다.

둘째, 일본 정부에 권고하는 9가지의 항목이다. 쿠마라스와미 보고서의 권고는 크게 국가적 차원에서 일본 정부에 하는 권고, 국제적 차원에서 NGO, 남북한 및 유엔에 하는 권고로 나눌 수 있다. 일본에 대해서 제기한 권고가 (a)~(f)이다. 쿠마라스와미는 일본 정부에게 (1) 일본군 위안부 설치가 국제법 위반임을 인정하고 법적인 책임을 질 것, (2) 특별보고관이 제시한 원칙에 따라 피해자 개개인에게 배상할 것, (3) 관련 문서 및 자료의 공개를 보장할 것, (4) 피해자 개개인에게 공식적으로 사죄할 것, (5) 역사적 사실을 반영하도록 교육 내용을 수정할 것, (6) 가능한 한 범법자를 확인할 것을 권고하였다.

국제적 차원의 권고는 세 가지로 구성되었다. 이는 국제사회에 제시하는 권고로 첫째, NGO가 유엔에서 계속 문제를 제기할 것과 국제사법재판소, 상설중재재판소의 의견을 구하려는 노력을 할 것, 둘째, 한국 및 북한 정부가 일본의 책임 및 배상 등 문제에 관해 국제사법재판소에 문의할 것을 고려할 것, 셋째, 일본 정부는 피해자의 고령 및 제2차 세계대전 종전 50주년을 감안하여 빠르게 행동할 것이다.

당시 일본 정부는 ‘여성을 위한 아시아평화국민기금’을 홍보하며 쿠마라스와미 보고서의 채택을 저지하려 했다. 일본의 정치적 압력과 국제연대를 내세운 지원단체의 지지 사이에서 유엔 인권위원회는 쿠마라스와미 보고서를 유의(take note)하다는 표현으로 정리했다.

쿠마라스와미 보고서는 국제연맹에서 최초로 제시한 일본군‘위안부’관련 보고서라는 의미를 가진다. 본 보고서의 가장 큰 특징은 일본군‘위안부’를 전시 성노예로 명명하였다는 점이다. 쿠마라스와미는 일본군‘위안부’제도를 성노예제로 규정하고 일본 정부에 법적 책임 인정과 배상을 촉구한 바 있다.

쿠마라스와미는 1996년의 보고서 이후에도 1998년에 추가로 「여성에 대한 폭력, 그것의 원인과 결과에 관한 특별보고관 보고서(Report of the Special Rapporteur on violence against women, its causes and consequences, Radhika Coomaraswamy)」를 제출했다. 이 보고서에서는 일본군‘위안부’문제를 전시(戰時) 여성폭력 문제로 폭넓게 인식하고 있다. 이외에도 아프가니스탄, 알제리, 보스니아와 헤르체코비나, 인도네시아, 과테말라, 라이베리아, 르완다 등 내전 및 소수민족 간 갈등으로 발생한 여성폭력 문제를 다루었다.

이와 같이 일본군‘위안부’문제는 유엔에서 20년 이상 논의되었다. 이는 국제사회가 일본군‘위안부’문제를 비롯한 여성폭력 문제를 지속적으로 관심에 두고 있다는 것을 말한다. 또한 유엔의 공식 문서에 일본군‘위안부’문제의 범죄성, 국가배상이 이루어져야 한다는 것이 규정되는 과정이었다. 또한 일본군‘위안부’문제에 관한 국제사회의 공조는 유엔 인권위원회, 인권소위원회뿐만 아니라 국제노동기구(ILO)에도 다루어지기에 이른다. 이러한 흐름은 2000년 여성국제전범법정, 2007년 미 하원 결의안으로 이어졌다.

이 글의 내용은 집필자의 개인적 견해이며, 국사편찬위원회의 공식적 견해와 다를 수 있습니다.

참고문헌

논문

김창록, 「2000년 여성국제법정의 맥락 : 일본군‘위안부’문제와 법적 책임」, 『법과 사회 이론학회』, 2021.
한국정신대문제대책협의회, 「여성에 대한 폭력, 그 원인과 결과에 관해 특별보고관이 제출한 예비보고서, 라티카 쿠마라스와미(Radhika Coomaraswamy)」, 한국정신대문제대책협의회, 1994.

저서

정진성, 『일본군 성노예제』, 서울대학교 출판문화원, 2016.

편저

한국정신대문제대책협의회 20년사 편찬위원회, 『한국정신대문제대책협의회 20년사』, 한울, 2014.
여성특별위원회, 『쿠마라스와미 보고서(1998) : 여성폭력특별보고관』, 1998.

관련사이트

[https://digitallibrary.un.org/record/228137] 유엔 여성 폭력 문제 특별 보고관 라디카 쿠마라스와미 보고서(1996), United Nations Digital Library

[https://archives.womenandwar.net] 정의기억연대 전쟁과여성인권 아카이브

[http://contents.nahf.or.kr] 동북아역사재단 동북아역사넷

[https://womenandwarmuseum.net] 전쟁과여성인권박물관

[http://museum.1945815.or.kr] 희움일본군‘위안부’역사관

[https://www.fomo.or.kr/museum/kor/Main.do] 국립일제강제동원역사관

[https://wam-peace.org/en] 여성들의 전쟁과 평화 자료관(WAM)

[https://www.archive814.or.kr] 일본군‘위안부’문제연구소 아카이브814

[http://fightforjustice.info/] Fight For Justice

[https://www.history.go.kr/contents/contentsPage.do?groupId=000000000571&menuId=000000000574&pageId=000000000213]
저작권 정책

[https://www.history.go.kr/contents/contentsPage.do?groupId=000000000931&menuId=000000000992&pageId=000000000541]
데이터 개방

[https://www.history.go.kr/contents/contentsPage.do?groupId=000000000571&menuId=000000000572&pageId=000000000211]
개인정보처리방침

13809 경기도 과천시 교육원로 86 국사편찬위원회

COPYRIGHT © NATIONAL INSTITUTE OF KOREAN HISTORY ALL RIGHT RESERVED.

오류신고

본 사이트 자료 중 잘못된 정보를 발견하였거나 사용 중 불편한 사항이 있을 경우 알려주십시오. 이용자의 참여가 사이트 가치 향상에 큰 도움이 됩니다.

사이트 하단의 ‘오류신고’ 메뉴를 이용하시면 신고 내용의 적용여부를 확인하실 수 있습니다.

개인정보는 삭제하오니 유념하시기 바랍니다.

자료명

사료로 본 한국사

자료위치

https://contents.history.go.kr/id/hm_166_0060

제목

오류유형

오류내용

이름

자동입력 방지문자

소개

한국사를 이해하는 데 토대가 되는 주요 사료를 각 시대와 분야별로 선별하여, 원문과 번역문, 해설과 참고 자료를 함께 서비스하고 있습니다.
이를 통해 어려운 역사 자료에 좀 더 쉽게 접근할 수 있도록 하였습니다.

일러두기

1.한 편의 사료는 국문, 원문, 해설, 참고자료의 4가지 요소로 구성하였습니다.

2.사료의 종류는 [삼국사기], [삼국유사], 『고려사』, 『조선왕조실록』 등의 1차 사료(史料)를 비롯해 개인 문집, 금석문, 신문, 판결문, 선언문 등에 이르기까지 매우 다양합니다.

3.국문은 원문에 수록된 사료를 우리말로 번역하여 수록하였습니다. 사료의 상당수는 한문이며, 영어, 일본어 등도 포함되어 있습니다. 또한 근·현대 사료 또한 한자를 많이 사용하여 일반인이 접근하기가 어려우므로 이를 이용자가 쉽게 이해할 수 있도록 현대 한국어에 맞게 번역하였습니다.

4.해설 중에서 추가 설명이 필요한 역사 용어의 경우 글자를 별색으로 표기하였습니다. 보라색은 해당 글자에 마우스를 갖다 대면 간략한 설명이 제공되며, 파란색은 클릭하면 ‘교과서 용어 해설’ 및 ‘한국사 연대기’ 등의 관련 자료로 연계되도록 하였습니다.

5.참고 자료에서는 사료와 관련된 연구 논문과 저서 목록을 수록하였고, 해당 사료의 원문과 번역문을 직접 확인할 수 있도록 관련 사이트도 연계하였습니다.

DB 구축 참여자(2012~2013)

시기 구분
기획
집필
교열
윤문
자료 총괄
구축 년도

삼국 이전
삼국 시대
전미희
류주희
이규리
문동석
이정빈
이현태
장종진
장청화
이계형
2012

박남수
홍기승
문동석
이현태
장종진
김경복
장청화
2013

통일 신라와 발해
전미희
류주희
이규리
김창겸
김덕원
전경숙
장청화
이계형
2012

박남수
홍기승
문동석
이현태
장종진
김경복
장청화
2013

고려 시대
전미희
류주희
이규리
한정수
손민호
황영수
전경숙
장청화
이계형
2012

류주희
홍기승
한정수
김가람
김경복
장청화
2013

조선 시대
전미희
류주희
이규리
이경찬
박귀미
이기명
이화영
이근호
장청화
이계형
2012

이규리
홍기승
이근호
김가람
김경복
장청화
2013

근대
전미희
류주희
이규리
은정태
홍문기
최보영
장청화
이계형
2012

염복규
은정태
홍동현
김경복
장청화
2013

현대
전미희
류주희
이규리
박미경
이관형
김진흠
장청화
이계형
2012

김점숙
이정은
홍동현
김경복
장청화
2013

DB 구축 참여자(2023~)

시기 구분
기획
집필
교열
감수
구축연도

근대
신재호

이주호

곽금선, 김명섭, 김상연, 김상훈, 김영진, 김진혁, 김호걸, 노성룡, 박주영, 송영화, 이양희, 이지은,

임동현, 최용준, 한보람, 한승훈, 한애라, 한준호, 홍수연

이명학
정일영
2023

현대

곽경상, 김상규, 김상연, 김재웅, 김진혁, 서홍석, 신재준, 예대열, 이길중, 이지완, 정무용

김태윤
김아람

근대
신재호

이주호

곽금선, 박주영, 박한민, 이양희, 이지은, 임동현,

주동빈, 최용준, 한보람, 한승훈, 한애라, 한준호

이명학
양진아
2024

현대

김상연, 김청강, 예대열, 이길중, 이지완

김아람

삼국
신재호

홍선이

권순홍, 김기민, 김지현, 나유정, 이종록

이준성
이정빈
2025

DB 고도화 참여자(2022~)

시기 구분
기획
해설 집필
해설 교열
감수
구축연도

근대
신재호

이홍구

곽금선, 김기성, 김명섭, 김명재, 김명환, 김상훈, 김소영, 김영진, 김헌주, 남기현, 류동연, 박순섭,

박주영, 박한민, 성주현, 송영화, 심철기, 양진아, 이성우, 이양희, 이지은, 임인재, 최보민, 최보영,

최우석, 한보람, 한승훈, 한준호

박은숙

정일영

한승훈
김도형
2022

현대

김대현, 김동주, 문민기, 박경렬, 이재석, 이지완

박광명

임광순
김아람

김태우

조선 전기
신재호

이주호

신동훈, 양정현, 윤승희, 이경동, 이상민, 이지훈

서민주
나영훈
2024

조선 후기

도주경, 문광균, 오승관, 윤민경, 임성수, 채홍병

이행묵
박범

삼국 이전
신재호

홍선이

권순홍, 김기민, 김세진, 김지현, 나유정, 이종록

이준성
이정빈
2025

고려

김도연, 김보광, 김수연, 김종혁, 김지영, 김진곤,
김효섭, 박수찬, 안주영, 오경석, 오치훈, 이민기,
이바른, 이상민, 이창섭, 정동훈, 최은규, 현수진

이현경

황향주
한정수

최종석

메인 화면

1.교양 우리 역사 메뉴 내의 콘텐츠로 이동할 수 있습니다.

2.시대별 분야에 따른 사료 목록을 확인할 수 있습니다.

3.사료로 본 한국사 내 자료를 검색할 수 있습니다.

분류별 목록 화면

1.시대에 따른 분야별 목록을 확인할 수 있습니다.

2.개별 사료 클릭시 상세화면으로 이동합니다.

상세 화면 – 한면으로 보기

1.시대별/분야별 목차를 확인할 수 있고, 다른 사료로 바로 이동할 수 있습니다. 숨기기/열기 버튼을 이용해 닫거나 열어볼 수 있습니다.

2.각 사료에 대한 국문, 원문, 해설, 참고자료 정보를 4개의 탭으로 열람할 수 있습니다.

3.두 가지 정보를 비교해 볼 수 있는 ‘나란히 보기’ 화면으로 이동합니다. 드롭박스를 통해 열람하고자 하는 정보를 선택할 수 있습니다.

4.폰트 조정, 인쇄, 목록, 오류신고, 이전/다음 사료로 이동 등의 툴바 기능을 이용할 수 있습니다.

목록화면

1.시대에 따른 분야별 사료 목록이 배열됩니다.

2.메인 화면 및 시대별 목록을 열람할 수 있습니다.

3.상세 사료 목록을 펼침/닫힘 버튼을 통해 이용할 수 있습니다.",,,,https://contents.history.go.kr/front/hm/view.do?levelId=hm_166_0060,사료로 본 한국사\items\hm_age_80_현대\hm_ty_040_문화\hm_166_0060_일본군‘위안부’ 문제에 대한 국제 공조.md
1146,hm_age_80,현대,hm_ty_040,문화,hm_166_0070,미하원 일본군‘위안부’ 사죄 결의안,현대 > 문화 > 동북아시아의 역사 갈등 > 미하원 일본군‘위안부’ 사죄 결의안,"미국 국회 121 결의안

미합중국 하원

2007. 7. 30

일본 정부는 1930년대부터 제2차 세계대전 동안 아시아·태평양제도의 전시 점령지와 식민지에서 일본 제국 군대를 위한 성노예를 주목적으로 정부 차원에서 어린 여성들을 착취하는, ‘위안부’로 알려진 제도를 운영했다.

또한 ‘위안부’ 제도는 일본 정부에 의해 강요된 군사 매춘으로써 그 잔혹성이나 규모면에서 전례가 없었던 일이며, 집단 강간, 강제 유산, 모욕, 신체 불구, 사망, 자살에 이르게 하는 성폭력이 자행되었는바 20세기 최대의 인신매매 사건 중 하나이다.

일본 내 일부 신규 교과서는 ‘위안부’의 비극과 2차대전 중 일본의 전쟁범죄를 축소하려 하고 있다.

최근 일본 정부 및 민간 관계자들은 위안부 문제에 관한 일본정부의 진실한 사과와 참회를 담은 1993년 고노 요헤이 관방장관의 ‘위안부’관련 담화를 희석시키거나 폐기하려는 의사를 보이고 있다.

일본정부는 1921년 ‘여성·아동 인신매매 억제를 위한 국제협정’에 서명하였고, 2000년 전쟁이 여성에게 미치는 영향을 인정하는 ‘여성․평화․안보에 관한 유엔안전보장이사회 결의안 1325호를 지지하였다.

미 의회는 일본 정부가 인간 안보와 인권, 민주적 가치와 법치주의를 신장하고, 유엔안전보장이사회 결의안 1325를 지지하는 노력 등을 인정한다.

미일동맹은 미국의 아시아와 태평양의 안보 이해관계의 초석이며, 지역안정과 번영의 근본이다.

비록 전후 전략적 지형이 변했음에도, 미일 동맹은 정치경제적 자유의 보존과 증진을 포함하는 아태지역의 핵심적 이해와 가치를 공유하고, 인권과 민주주의를 지지하며, 양국 국민과 국제사회의 번영 보장을 바탕으로 한다.

미 의회는 1995년 민간 아시아 여성기금을 설립한 일본 당국자 및 시민들의 열성적 노력과 온정을 인정한다.

아시아 여성기금은 위안부를 위한 “사죄(atonement)”의 확대를 위해 570만 달러를 모금하였다 ; 그리고

‘위안부’ 여성들에 대한 대우와 고통에 대한 사죄를 위한 각종 사업을 이행하기 위해, 정부가 주도하고 대부분 정부 지원 기금으로 충당된 민간 기금인 아시아여성기금의 시한은 2007년 3월 31일부로 종료되고 동 날짜를 기준으로 해체되었다 ; 따라서 지금

미 하원은 일본정부가 다음과 같은 조치를 취할 것을 결의한다.

(1) 1930년대부터 2차대전에 이르는 기간 식민지 및 아시아 태평양제도를 점령하는 동안 일본제국군이 ‘위안부’ 여성으로 알려진 젊은 여성들을 성노예화한 것에 대해 명백하면서 모호하지 않은 방법으로 공식 인정하고, 사죄하며, 역사적 책임을 수용해야 한다.

(2) 일본 총리는 공식적으로 공개 담화형식의 사죄를 발표할 경우 이전 담화의 진정성과 처우에 관해 반복되는 의문을 해소하도록 노력해야 한다.

(3) 일본제국군을 위한 ‘위안부’ 여성의 성노예화와 인신매매가 발생한 적이 없다는 주장도 명백하고 공개적으로 반박해야 한다.

(4) ‘위안부’ 여성에 관한 국제사회의 권고를 따르며, 이 잔혹한 범죄에 대해 현재와 미래 세대에게 교육시켜야 한다.

미하원 결의안 121호(2007. 7. 30)

H. Res. 121

In the House of Representatives, U. S.,

July 30, 2007.

Whereas the Government of Japan, during its colonial and wartime occupation of Asia and the Pacific Islands from the 1930s through the duration of World War II, officially commissioned the acquisition of young women for the sole purpose of sexual servitude to its Imperial Armed Forces, who became known to the world as ianfu or “comfort women”;

Whereas the “comfort women” system of forced military prostitution by the Government of Japan, considered unprecedented in its cruelty and magnitude, included gang rape, forced abortions, humiliation, and sexual violence resulting in mutilation, death, or eventual suicide in one of the largest cases of human trafficking in the 20th century;

Whereas some new textbooks used in Japanese schools seek to downplay the “comfort women” tragedy and other Japanese war crimes during World War II;

Whereas Japanese public and private officials have recently expressed a desire to dilute or rescind the 1993 statement by Chief Cabinet Secretary Yohei Kono on the “comfort women”, which expressed the Government’s sincere apologies and remorse for their ordeal;

Whereas the Government of Japan did sign the 1921 International Convention for the Suppression of the Traffic in Women and Children and supported the 2000 United Nations Security Council Resolution 1325 on Women, Peace, and Security which recognized the unique impact on women of armed conflict;

Whereas the House of Representatives commends Japan’s efforts to promote human security, human rights, democratic values, and rule of law, as well as for being a supporter of Security Council Resolution 1325;

Whereas the United States-Japan alliance is the cornerstone of United States security interests in Asia and the Pacific and is fundamental to regional stability and prosperity;

Whereas, despite the changes in the post-cold war strategic landscape, the United States-Japan alliance continues to be based on shared vital interests and values in the Asia-Pacific region, including the preservation and promotion of political and economic freedoms, support for human rights and democratic institutions, and the securing of prosperity for the people of both countries and the international community;

Whereas the House of Representatives commends those Japanese officials and private citizens whose hard work and compassion resulted in the establishment in 1995 of Japan’s private Asian Women’s Fund;

Whereas the Asian Women’s Fund has raised $5,700,000 to extend “atonement” from the Japanese people to the comfort women; and

Whereas the mandate of the Asian Women’s Fund, a government-initiated and largely government-funded private foundation whose purpose was the carrying out of programs and projects with the aim of atonement for the maltreatment and suffering of the “comfort women”, came to an end on March 31, 2007, and the Fund has been disbanded as of that date: Now, therefore, be it

Resolved, That it is the sense of the House of Representatives that the Government of Japan—

(1) should formally acknowledge, apologize, and accept historical responsibility in a clear and unequivocal manner for its Imperial Armed Forces’ coercion of young women into sexual slavery, known to the world as “comfort women”, during its colonial and wartime occupation of Asia and the Pacific Islands from the 1930s through the duration of World War II;

(2) would help to resolve recurring questions about the sincerity and status of prior statements if the Prime Minister of Japan were to make such an apology as a public statement in his official capacity;

(3) should clearly and publicly refute any claims that the sexual enslavement and trafficking of the “comfort women” for the Japanese Imperial Armed Forces never occurred; and

(4) should educate current and future generations about this horrible crime while following the recommendations of the international community with respect to the “comfort women”.

미하원 결의안 121호(2007. 7. 30)

이 사료는 2007년 7월 30일 미국 연방의회 하원에서 통과된 「미국 연방의회 일본군 위안부 사죄(HR121) 결의안」이다.

1990년대 일본군‘위안부’문제가 이슈화되면서 한국의 피해자와 및 지원단체는 국제연합(UN, 이하 ‘유엔’), 국제노동기구(ILO)와 같은 국제기구에 일본군‘위안부’문제를 알리려 노력했다. 이를 반영하여 유엔에서 경제사회이사회(ECOSOC) 내 인권위원회(UNCHR), 인권소위원회(소수민 차별방지 및 보호에 관한 소위원회)에서 많은 논의가 이루어졌다. 1996년에 채택된 ‘쿠마라스와미 보고서’[특별보고관 라디카 쿠마라스와미(Deshamanya Radhika Coomaraswamy, 1953~)의 이름을 따서 부름], 1998년 맥두걸 보고서[특별보고관 게이 맥두걸(Gay MacDougal, 1947~)의 이름] 등 보고서 제출이 이어졌고, 2000년 여성국제전범법정이 개최되는 흐름으로 이어졌다.

1990년대 일본군‘위안부’문제가 국제사회에서 이슈가 되면서 미국 의회에서도 일본군 ‘위안부’ 문제에 관해서 결의안을 만들려는 노력이 진행되었다. 한국정신대문제대책협의회(약칭 정대협)는 일본군‘위안부’문제를 유엔에 제기하기 위해 미국을 방문했을 때 이 문제를 재미동포 사회에 알리고 연대를 호소하는 활동을 진행했고 피해자를 초청하여 증언집회 등을 개최했다. 이에 워싱턴, 뉴욕, 로스앤젤레스에서 잇따라 재미동포 단체가 조직되었다. 이들은 미국에서 일본군‘위안부’문제를 알리고 관심과 지원을 조성하기 위한 캠페인을 진행했다. 또 한편으로는 미국 하원에서 일본군위안부 결의안을 채택하도록 하는 활동을 진행했다.

이런 과정을 통해 1997년부터 일본군‘위안부’관련 결의안이 미국 의회에서 제출되기 시작한다. 1997년 일리노이주의 다니엘 윌리엄 리핀스키(Daniel W. Lipinski) 의원은 모든 일본군‘위안부’피해자에게 공식 사죄하고 법적 배상할 것을 주장하는 126결의안을 제출하였다. 하지만 이 결의안은 채택까지 나아가지 못했다.

이후 결의안이 제출된 것은 2000년에 들어서이다. 일리노이주의 레인 에반스(Lane A. Evans) 의원이 다른 30명의 의원과 함께 일본 정부의 공식 사죄와 법적 배상을 요구하는 357결의안을 제출하였다. 에반스 의원은 2000년, 2001년, 2003년, 2005년, 2006년까지 지속적으로 일본군‘위안부’관련 결의안을 제출하였다. 의원이 결의안을 제출하였다. 특히 2006년에는 에반스 의원과 크리스토퍼 스미스(Christopher H. Smith) 의원이 공동으로 제출한 ‘759결의안’이 미 하원 국제외무위원회에서 가결되었다. 하지만 일본 정부의 로비에 밀려 본회의에 상정되지 못하고 폐기된 바 있다.

1997년부터 시작된 미의회 의원들이 노력은 10년이 지나서야 결실을 맺을 수 있었다. 이것이 2007년 제기된 ‘121결의안’이다. 2007년 1월 131일 캘리포니아주의 마이크 혼다(Mike Honda) 의원의 주도로 민주당과 공화당 의원들이 초당적으로 뜻을 같이하여 미 하원 외교위원회의 아시아태평양 환경소위원회에 결의안을 제출했다. 2007년 2월 15일에는 의회에서 공청회가 열렸고, 피해자가 참석했다. 한국에서는 김군자(金君子, 1926~2017), 이용수(李容洙, 1928~)가, 네덜란드에서는 얀 러프 오헤른(Jan Ruff O'Herne, 1923~2019)이 피해를 증언했다. 이 결의안은 2007년 6월 26일 미 하원외교위원회에서 찬성 39표, 반대 2표로 공식 채택되었고, 2007년 7월 30일 만장일치로 통과되었다.

본문에 제시된 121결의안은 내용은 크게 네 부분으로 구성된다.

첫째, 일본군‘위안부’문제의 정의이다. 결의안은 일본군‘위안부’제도를 ‘일본 정부에 의해 강요된 군사 매춘’으로 정의하였으며 20세기 인신매매 역사 중 가장 대규모 사건 중 하나로 자리매김시켰다.

두 번째는 일본 정부의 입장에 대한 비판이다. 121결의안은 일본 정부가 1921년 ‘여성·아동 인신매매 억제를 위한 국제협정’에 서명하고 ‘여성․평화․안보에 관한 유엔안전보장이사회 결의안 1325호를 지지했음에도 불구하고 고노 담화를 희석시키거나 폐기하려는 의도를 보이고 있다고 비판했다.

셋째, 아시아여성기금의 평가이다. 121결의안은 ‘아시아여성기금’에 대해서 일부 긍정적으로 인정하고 있다. 하지만 2007년 아시아여성기금이 종료되는 시점에서 일본 정부의 조치를 다시 요구하는 내용을 담고 있다. 넷째, 일본 정부에 대한 권고이다. 121결의안은 일본 정부의 공식 인정과 사죄, 역사적 책임을 수용해야 함을 지적했다. 또한 일본 총리의 공식담화 및 일본 국내의 일본군‘위안부’부정의 목소리에 일본 정부가 공개적으로 반박할 것을 주문했다. 마지막으로는 현재 및 미래 세대에게 교육해야 하는 것을 다시 권고하고 있다.

121결의안은 1990년대부터 등장한 결의안 내용을 이어받아 일본군 ‘위안부’라는 반인도적 전쟁범죄에 대한 공식 사죄와 인정, 교육의 요구를 공통적으로 제기하고 있다. 다만, 이후 조정 과정에서 초기 결의안들에서 보이는 ‘배상 요구’가 삭제되었고, 일본의 아시아평화기금에 대한 문제 지적이 ‘인정’으로 표현되었다. 일본 정부의 정보공개거부에 대한 지적 역시 삭제되어 있다. 또한 일본의 국제법 준수와 미일동맹의 중요성이 새로 추가되었다는 특징이 있다.

미 하원에서 일본군‘위안부’결의안이 채택되는 데는 한국과 일본의 민간인 단체들이 전개한 국제 연대활동의 역할이 주요하게 작용했다. 또한 여기에는 미주 한인들의 힘이 컸다. 이미 1990년대부터 워싱턴 등지에서는 일본군‘위안부’관련 지원단체가 만들어져 미주 강연, 심포지엄, 국회 등에서 활동을 시작했다. 그리고 마이크 혼다 의원에 의해 121결의안이 제안된 이후에는 한인 밀집 지역을 중심으로 미 약 14개 지역에서 시민운동 조직이 만들어졌다. 여기에는 재미 한인교포를 중심으로 아시아, 남미계 및 유럽계 미국인들이 광범위하게 참여하였다. 여기에 지역 운동이 협력하면서 전국적인 네트워크가 형성되었다. 이들은 전국 연대회의를 만들어 서명운동, 신문광고, 미 국회의원 의원 설득 등을 진행하며 결의안이 통과되는 데 큰 역할을 하였다.

미 연방 하원 의원의 일본군 ‘위안부’결의안 채택은 이후 다른 국가에서도 관련 결의안이 통과되는 시초가 되었다. 2007년에는 캐나다, 호주, 네덜란드, 유럽(EU)의회에서, 2008년에는 대만과 필리핀 의회에서 일본군 ‘위안부’ 관련 결의안이 채택되었다. 일본 지방의회에서도 2008년 효고현 다카라즈카시 의회를 시작으로 2013년까지 간사이 지역 (16개 지방의회), 오키나와 (5개 지방의회), 간토 지역(10개 지방의회)에서 일본군‘위안부’ 관련 의견서가 채택되기에 이른다.

한편 한국 국회는 2008년 10월 27일 일본군 위안부 피해자 명예 회복을 위한 공식 사과 및 배상 촉구 결의안을 채택하였다. 국회의 결의안 채택 이후 지방의회의 결의안 채택도 이어졌다. 2009년 대구광역시를 시작으로 2011년까지 국내 지방의회에서도 결의안 채택이 이어졌다.

이 글의 내용은 집필자의 개인적 견해이며, 국사편찬위원회의 공식적 견해와 다를 수 있습니다.

참고문헌

논문

정진성, 「미하원 일본군위안부 관련 결의안 논의과정에서 제기된 “협의의 강제성”과 그역사적 진실」, 사회와 역사 76, 2007.
조양현, 「아베정권의 역사인식과 대외관계 -미 하원의 위안부 결의안 논의를 중심으로-」, 한일군사문화연구, 2008.

저서

정진성, 『일본군 성노예제』, 서울대학교 출판문화원, 2016.

편저

한국정신대문제대책협의회 20년사 편찬위원회, 『한국정신대문제대책협의회 20년사』, 한울, 2014.

관련사이트

[https://www.congress.gov/bill/110th-congress/house-resolution/121] 미하원 결의안 121호(2007. 7. 30)

[https://archives.womenandwar.net] 정의기억연대 전쟁과여성인권 아카이브

[http://contents.nahf.or.kr] 동북아역사재단 동북아역사넷

[https://womenandwarmuseum.net] 전쟁과여성인권박물관

[http://museum.1945815.or.kr] 희움일본군‘위안부’역사관

[https://www.fomo.or.kr/museum/kor/Main.do] 국립일제강제동원역사관

[https://wam-peace.org/en] 여성들의 전쟁과 평화 자료관(WAM)

[https://www.archive814.or.kr/main.do] 일본군‘위안부’문제연구소 아카이브814

[http://fightforjustice.info/] Fight For Justice

[https://www.history.go.kr/contents/contentsPage.do?groupId=000000000571&menuId=000000000574&pageId=000000000213]
저작권 정책

[https://www.history.go.kr/contents/contentsPage.do?groupId=000000000931&menuId=000000000992&pageId=000000000541]
데이터 개방

[https://www.history.go.kr/contents/contentsPage.do?groupId=000000000571&menuId=000000000572&pageId=000000000211]
개인정보처리방침

13809 경기도 과천시 교육원로 86 국사편찬위원회

COPYRIGHT © NATIONAL INSTITUTE OF KOREAN HISTORY ALL RIGHT RESERVED.

오류신고

본 사이트 자료 중 잘못된 정보를 발견하였거나 사용 중 불편한 사항이 있을 경우 알려주십시오. 이용자의 참여가 사이트 가치 향상에 큰 도움이 됩니다.

사이트 하단의 ‘오류신고’ 메뉴를 이용하시면 신고 내용의 적용여부를 확인하실 수 있습니다.

개인정보는 삭제하오니 유념하시기 바랍니다.

자료명

사료로 본 한국사

자료위치

https://contents.history.go.kr/id/hm_166_0070

제목

오류유형

오류내용

이름

자동입력 방지문자

소개

한국사를 이해하는 데 토대가 되는 주요 사료를 각 시대와 분야별로 선별하여, 원문과 번역문, 해설과 참고 자료를 함께 서비스하고 있습니다.
이를 통해 어려운 역사 자료에 좀 더 쉽게 접근할 수 있도록 하였습니다.

일러두기

1.한 편의 사료는 국문, 원문, 해설, 참고자료의 4가지 요소로 구성하였습니다.

2.사료의 종류는 [삼국사기], [삼국유사], 『고려사』, 『조선왕조실록』 등의 1차 사료(史料)를 비롯해 개인 문집, 금석문, 신문, 판결문, 선언문 등에 이르기까지 매우 다양합니다.

3.국문은 원문에 수록된 사료를 우리말로 번역하여 수록하였습니다. 사료의 상당수는 한문이며, 영어, 일본어 등도 포함되어 있습니다. 또한 근·현대 사료 또한 한자를 많이 사용하여 일반인이 접근하기가 어려우므로 이를 이용자가 쉽게 이해할 수 있도록 현대 한국어에 맞게 번역하였습니다.

4.해설 중에서 추가 설명이 필요한 역사 용어의 경우 글자를 별색으로 표기하였습니다. 보라색은 해당 글자에 마우스를 갖다 대면 간략한 설명이 제공되며, 파란색은 클릭하면 ‘교과서 용어 해설’ 및 ‘한국사 연대기’ 등의 관련 자료로 연계되도록 하였습니다.

5.참고 자료에서는 사료와 관련된 연구 논문과 저서 목록을 수록하였고, 해당 사료의 원문과 번역문을 직접 확인할 수 있도록 관련 사이트도 연계하였습니다.

DB 구축 참여자(2012~2013)

시기 구분
기획
집필
교열
윤문
자료 총괄
구축 년도

삼국 이전
삼국 시대
전미희
류주희
이규리
문동석
이정빈
이현태
장종진
장청화
이계형
2012

박남수
홍기승
문동석
이현태
장종진
김경복
장청화
2013

통일 신라와 발해
전미희
류주희
이규리
김창겸
김덕원
전경숙
장청화
이계형
2012

박남수
홍기승
문동석
이현태
장종진
김경복
장청화
2013

고려 시대
전미희
류주희
이규리
한정수
손민호
황영수
전경숙
장청화
이계형
2012

류주희
홍기승
한정수
김가람
김경복
장청화
2013

조선 시대
전미희
류주희
이규리
이경찬
박귀미
이기명
이화영
이근호
장청화
이계형
2012

이규리
홍기승
이근호
김가람
김경복
장청화
2013

근대
전미희
류주희
이규리
은정태
홍문기
최보영
장청화
이계형
2012

염복규
은정태
홍동현
김경복
장청화
2013

현대
전미희
류주희
이규리
박미경
이관형
김진흠
장청화
이계형
2012

김점숙
이정은
홍동현
김경복
장청화
2013

DB 구축 참여자(2023~)

시기 구분
기획
집필
교열
감수
구축연도

근대
신재호

이주호

곽금선, 김명섭, 김상연, 김상훈, 김영진, 김진혁, 김호걸, 노성룡, 박주영, 송영화, 이양희, 이지은,

임동현, 최용준, 한보람, 한승훈, 한애라, 한준호, 홍수연

이명학
정일영
2023

현대

곽경상, 김상규, 김상연, 김재웅, 김진혁, 서홍석, 신재준, 예대열, 이길중, 이지완, 정무용

김태윤
김아람

근대
신재호

이주호

곽금선, 박주영, 박한민, 이양희, 이지은, 임동현,

주동빈, 최용준, 한보람, 한승훈, 한애라, 한준호

이명학
양진아
2024

현대

김상연, 김청강, 예대열, 이길중, 이지완

김아람

삼국
신재호

홍선이

권순홍, 김기민, 김지현, 나유정, 이종록

이준성
이정빈
2025

DB 고도화 참여자(2022~)

시기 구분
기획
해설 집필
해설 교열
감수
구축연도

근대
신재호

이홍구

곽금선, 김기성, 김명섭, 김명재, 김명환, 김상훈, 김소영, 김영진, 김헌주, 남기현, 류동연, 박순섭,

박주영, 박한민, 성주현, 송영화, 심철기, 양진아, 이성우, 이양희, 이지은, 임인재, 최보민, 최보영,

최우석, 한보람, 한승훈, 한준호

박은숙

정일영

한승훈
김도형
2022

현대

김대현, 김동주, 문민기, 박경렬, 이재석, 이지완

박광명

임광순
김아람

김태우

조선 전기
신재호

이주호

신동훈, 양정현, 윤승희, 이경동, 이상민, 이지훈

서민주
나영훈
2024

조선 후기

도주경, 문광균, 오승관, 윤민경, 임성수, 채홍병

이행묵
박범

삼국 이전
신재호

홍선이

권순홍, 김기민, 김세진, 김지현, 나유정, 이종록

이준성
이정빈
2025

고려

김도연, 김보광, 김수연, 김종혁, 김지영, 김진곤,
김효섭, 박수찬, 안주영, 오경석, 오치훈, 이민기,
이바른, 이상민, 이창섭, 정동훈, 최은규, 현수진

이현경

황향주
한정수

최종석

메인 화면

1.교양 우리 역사 메뉴 내의 콘텐츠로 이동할 수 있습니다.

2.시대별 분야에 따른 사료 목록을 확인할 수 있습니다.

3.사료로 본 한국사 내 자료를 검색할 수 있습니다.

분류별 목록 화면

1.시대에 따른 분야별 목록을 확인할 수 있습니다.

2.개별 사료 클릭시 상세화면으로 이동합니다.

상세 화면 – 한면으로 보기

1.시대별/분야별 목차를 확인할 수 있고, 다른 사료로 바로 이동할 수 있습니다. 숨기기/열기 버튼을 이용해 닫거나 열어볼 수 있습니다.

2.각 사료에 대한 국문, 원문, 해설, 참고자료 정보를 4개의 탭으로 열람할 수 있습니다.

3.두 가지 정보를 비교해 볼 수 있는 ‘나란히 보기’ 화면으로 이동합니다. 드롭박스를 통해 열람하고자 하는 정보를 선택할 수 있습니다.

4.폰트 조정, 인쇄, 목록, 오류신고, 이전/다음 사료로 이동 등의 툴바 기능을 이용할 수 있습니다.

목록화면

1.시대에 따른 분야별 사료 목록이 배열됩니다.

2.메인 화면 및 시대별 목록을 열람할 수 있습니다.

3.상세 사료 목록을 펼침/닫힘 버튼을 통해 이용할 수 있습니다.",,,,https://contents.history.go.kr/front/hm/view.do?levelId=hm_166_0070,사료로 본 한국사\items\hm_age_80_현대\hm_ty_040_문화\hm_166_0070_미하원 일본군‘위안부’ 사죄 결의안.md
