순번,시대코드,시대,분야코드,분야,자료ID,제목,목차경로,국문,원문,해설,참고자료,상세URL,Markdown파일
501,hm_age_50,조선 전기,hm_ty_030,사회,hm_084_0010,향리에서 양반으로,조선 전기 > 사회 > 신분 제도의 정비 > 향리에서 양반으로,"박강(朴强)은 영해부(寧海府) 사람으로 대대로 영해부의 향리

(鄕吏)를 역임해 왔다. 영해는 덕원도호부(德原都護府)였었는데 동여진

(東女眞)이 들어와 침략할 때 성이 함락되었기에 읍격(邑格)을 지관(知官)으로 낮추고, 관할하던 보성(甫城)은 복주(福州)

함경남도 단천의 옛 이름

에 귀속시키자, 온 읍(邑)이 수치로 여겼지만 보성을 찾아오려는 사람이 없었다. 이때 박강의 증조인 박성절(朴成節)이 마침 상계리(上計吏)

군에서 장부를 관리하는 관직

가 되어 서울에 가게되어, 마침내 도당(都堂)

도평의사사

에 진정하였는데, 임금에게 보고되어 예주목(禮州牧)으로 승격시키고, 다시 보성을 복귀시키고 주목(州牧)의 인(印)을 주조하여 내려보냈다. 지금 쓰고 있는 것이 곧 그 도장이다.

주(州)의 인사로서 조정에 올라가서 벼슬하는 사람이나 고향에 있는 사람이나 모두 박성절에게 공적을 돌려 그의 향리

역을 면제해 주려 하자, 박성절은 “나는 지금 늙었으니 비록 나의 복무를 면제한다 할지라도 다시 양반

노릇은 못할 것이니, 나의 자손을 면제하여 주십시오. ”라고 하였다. 여러 사람이 모두, “그러시오. ” 라고 하고, 증명서를 발급해 주었다. 이에 그의 아들인 박학여(朴學如)와 손자인 박천부(朴天富)는 모두 고을에서 향리

역을 담당하지 않게 되었다.

박천부는 곧 박강의 아버지다. 현릉(玄陵, 공민왕

)이 임금이 되기 전에 연경(燕京)에 있었는데, 박천부가 그 수하로서 따라다녔다. 박천부는 힘이 세어 한쪽 팔로 공민왕

을 번쩍 들고 한 바퀴 돌며 고함을 치곤 했으므로, 현릉이 즐거워하며 그를 좋아하였다. 충목왕이 죽고 황제가 공민왕

을 임금으로 세우기를 명하여 임금의 행차가 떠나려 하는데, 본국(고려) 출신 환자(宦者)로 황제의 총애를 받던 용봉(龍鳳)

고려 후기 환관 고용보(高龍普, ?~1362)

이 황제에게 말하여 참람되게 충정왕(忠定)으로 갈아 세우니, 그때에 공민왕

을 따르던 자들이 모두 새 임금에게로 달라붙고 오직 박천부만이 들어와서 뵈었다.

공민왕

은 비장히 이르기를, “오직 너만이 아직 내 곁에 있구나. 나라고 어찌 본국으로 돌아갈 날이 없겠느냐. 너도 꼭 머물러 있다가 나와 함께 가자. 내가 만일 돌아가게 될 때에는 잊지 않을 것이다. 내가 지금 상도(上都)

고려 때 동경과 서경을 일컫던 말

에 있으려 하는데 네가 나를 따라가겠느냐” 하니, 박천부가 꿇어앉아 말하기를, “신은 오직 명령대로 따르겠습니다” 하고, 드디어 받들고 가는데 때로는 등에 업고 가기까지 하였다. 훗날 박천부는 공민왕

이 미처 임금의 자리에 오르기 전에 연경에서 바다를 건너오다가 배가 침몰하여 죽었다.

지정(至正) 신축년(공민왕

10, 1361)에 홍건적이 경성을 함락하고 공민왕

이 안동(安東)에 행차하여 군대를 보내어 수복할 때에 박강이 처음으로 군에 응모하여 총병관(摠兵官)인 정세운(鄭世雲)을 따랐다. 전투가 시작되려 할 때에 적이 성중에서 목채[寨]를 쌓아 올리어 항전하므로 여러 군대가 전진할 수가 없게 되었다. 박강이 곧 말에서 내려 어떤 집에 들어가서 판자로 만든 대문짝을 얻어 가지고 메고 나와서 사다리를 만들어서 올라가며 칼을 뽑아 크게 고함을 치니, 목채 위에 올라 있던 적들이 모두 무서워 땅에 떨어져서 저희끼리 서로 짓밟혔다. 박강이 따라 내려가서 수십 명을 마구 베니 여러 군대가 계속 전진하여 문을 열고 들어가서 적의 괴수인 사류(沙劉)를 베었다. 이로 말미암아 싸움을 크게 이기자 총병관이 이를 장렬히 여겨 계급을 특진시켜 상을 주고 중랑(中郞)으로 추천하기 위하여 명부에 올려 두었었는데, 바로 세 원수(元帥)1)

1)

고려 말기 중국에서 침략해 온 홍건적을 몰아낸 안우(安禑)·김득배(金得培)·이방실(李芳實) 등 세 사람이다. 그들은 총대장인 정세운(鄭世雲)을 죽여 그 죄로 모두 죽임을 당하였다.

가 총병관을 죽였다. 이로 인하여 진급시키려던 대로 되지 못하고 마침내 산원(散員)에 임명되었다.

계묘년(공민왕

12, 1363)에 원수인 박춘(朴椿)을 따라 이성(泥城)

평안북도 강계군

에 가서 두 번이나 강을 건너서 정탐하였는데 그 공로로 별장에 임명되었다. 이때 반란을 일으킨 신하 최유(崔濡)가 왕실의 서자(庶子)로서 일찍이 중이 됐던 자를 세워서 임금으로 삼아 변경을 침입하여 수주(隨州)

평안북도 정주 지역의 옛 지명

를 함락하였다. 여러 장군이 항전하여 물리쳤는데 박강이 선봉이 되어 그들을 추격하여 압록강까지 갔다가 돌아와서 또 낭장에 승진되었다. 을사년(공민왕

14, 1365)에, 임금은 박강이 용력이 있다는 말을 듣고 또한 그의 아버지가 자기를 업으며 이끌고 다니던 공로를 생각하여 그를 불러 보고 시위한 군사로서 힘이 센 자와 씨름을 부쳐 보았더니 군사들이 모조리 넘어졌다. 임금이 크게 기뻐하여 국고의 쌀을 내리고 바로 중랑장에 임명하여 임금을 시위하는 부대에 소속시켰다.

정미년(공민왕

16, 1367)에 왜적

이 서강(西江)을 침범하여 나진(羅進) 등을 보내어 바다에 나아가 추격하여 잡기를 명하고, 박강도 함께 가게 하면서 철갑(鐵甲)과 활과 칼을 주었는데, 왜를 만나 여러 번 이겼다.

홍무(洪武) 신해년(공민왕

20, 1371) 겨울에, 원수인 이희필(李希泌)을 도와 울라산(鬱羅山)에 가서 공격할 때에도 임금은 또 말을 하사해 보냈다. 성을 공략하는데 가장 먼저 올라 괴수를 잡았다. 그리고 돌아와서 또 사재소감(司宰少監)에 임명되었고 여러 번 옮겨서 예의총랑(禮儀摠郞)에 이르렀다. 그 뒤에 시골에 은퇴하여 있다가 병인년(우왕

12, 1386)에 나라에서 원수 육려(陸麗)를 보내어 영해(寧海)에 주둔할 때에 박강은 또다시 따라가서 경주 송라촌(松蘿村)에서 왜적

과 싸웠는데 칼을 휘둘러 5~6명의 목을 베니 육공(陸公)이 조정에 보고하여 중현대부(中顯大夫)로 가자(加資)하고 서운관(書雲觀) 정(正)에 임명했다.

무진년(우왕

14, 1388) 10월 축산도 병선 도관령(丑山島兵船都管領)이 되었는데 왜적

의 배가 갑자기 들이닥쳐 우리의 배를 포위하고 영해성(寧海城)을 침범하려 하는데, 저들은 많고 우리는 적어서 인심이 흉흉하였다. 박강이 한 번 활을 쏘아 적의 괴수를 맞히고 잇달아 4~5명을 쏘아 맞히니, 적은 그만 포위를 풀고 달아나서 다시 오지 않아 온 고을이 지금까지 편히 잠잘 수 있는 것도 박강의 힘이었다.

기사년(공양왕 1, 1389) 겨울에, 내가 영해에 귀양 가서 비로소 박강을 알았다. 날마다 나를 찾아왔는데 예가 공손하고 말이 적었으며, 글을 약간 알아 나의 강설(講說)을 재미있게 들으며 돌아가지 않았다. 나는 그가 근신하며 순후한 사람으로 여겨 중시하였지만 그에게 그런 특이한 재능이 있는 줄은 몰랐다. 과거에 판사를 지낸 백공(白公) 진(瑨)이 또한 이 고을에 살았는데, 젊어서 백당(柏堂)

사헌부의 별칭

에 벼슬하여 일찍 총병관의 참좌(參佐)가 되어 문서를 맡아 보면서 강을 데리고 함께 다니며 직접 판자 대문짝을 메고 목채를 점령하던 분이었다. 상세히 나에게 이야기하여 주었기 때문에 박강이 힘이 세고 용맹하며 또한 공로가 있으면서도 자랑하지 않는 사람인 줄을 알았으니 더욱 더 중히 여기게 되었다. 이때 박강의 나이가 벌써 59세였는데도 힘이 조금도 줄지 아니하였다. 몸이 크고 기걸하며 수염이 길었다. 천성적으로 술을 마시지 못하는데, 시골 사람이 농담으로 말하기를, “그 외모를 보아서는 두어 말이라도 마실 수 있을 듯한데 그 입으로는 한 방울도 마시지 못한다”라고 하였다. 대개 건장하고 힘이 센 사람은 술주정이 많은 법인데, 강이 술을 마시지 않는 것은 또 가상한 일이다.

아, 신축년 난리에 능히 먼저 올라가서 도성을 회복하였고, 계묘년 전쟁에는 선봉이 되어 반역을 무찔렀으니 그 공적이 얼마나 컸는가. 전쟁이 일어난 이후로 충의를 가진 용사가 위급함을 당하여 목숨을 바치고, 팔을 걷어붙이고 먼저 소리치며 칼날을 무릅쓰고 강한 적을 꺾어서 용맹을 얻어 적을 막아 내어 훌륭한 공적을 세웠으나, 위에서 추천하여 발탁해 주는 사람이 없고 아래로는 그것을 기록하여 주는 친구가 없으니 운수가 나빠서 공신에 오르지도 못하고, 사적이 없어져서 전하지도 못하여, 마침내 시골에서 죽어 버리어 초목과 함께 썩고 마는 사람이 얼마나 되겠는가. 이것은 가엾은 일이다. 그러므로 박강에 대하여 전기를 쓴다.

『양촌집』권21 「전류」 사재소감박강전

고려 말기 중국에서 침략해 온 홍건적을 몰아낸 안우(安禑)·김득배(金得培)·이방실(李芳實) 등 세 사람이다. 그들은 총대장인 정세운(鄭世雲)을 죽여 그 죄로 모두 죽임을 당하였다. [https://contents.history.go.kr#fsid_1]

朴強, 寧海府人也, 世爲本府吏. 寧海卽古德源都護府, 東女眞入寇城陷, 降爲知官, 以所管甫城, 歸于福州, 擧邑恥之, 莫得申理. 時強之曾祖成節, 適爲上計吏如京, 遂訴于都堂, 聞于內, 陞爲禮州牧, 復還甫城, 鑄州牧印以賜. 至今所用, 卽其印也. 州之人士, 仕于朝者, 及居鄕者, 皆歸功于成節, 聽其免役, 成節曰, 吾今老矣, 雖免吾役, 不復能爲士矣, 請免吾子孫. 衆皆曰然, 署牌以給. 故其子學如及其孫天富, 皆不役于鄕.

天富卽強之父也. 玄陵潛邸, 在燕都, 天富實從之. 天富有力, 能以一臂, 擔玄陵, 周麾而呼. 玄陵樂而愛之. 及明陵薨, 帝命玄陵爲王, 車駕將啓行, 本國官者, 龍鳳有寵, 白于帝, 替立忠定, 其從玄陵者, 皆附新君, 獨天富入見. 玄陵悵然曰, 惟爾尙獨在耶, 雖孤豈無歸國之日. 爾留當與我偕行. 孤若得返, 不敢忘. 孤今欲往上都, 爾能從我耶. 天富跪曰, 臣惟命矣, 遂奉以往, 或時背負而行. 後未及繼統之日, 先自燕浮海而來, 舡敗而死,

至正辛丑, 紅賊陷京城, 玄陵幸安東, 遣軍收復, 強始應募, 從揔兵官鄭世雲. 及將戰, 賊於城中, 築寨拒守, 諸軍不得進. 強乃下馬, 入一屋, 得板扉, 擔以進, 爲梯而上, 拔劒大呼, 賊登寨者, 皆懼而墮, 自相蹂躝. 強隨而下, 亂斫數十級, 諸軍繼進, 開門入斬賊魁沙劉, 由是大捷, 揔兵官壯之, 欲超資以賞, 擬以中郞, 置薄而記, 旣而三元帥殺揔兵官. 由是不得如所擬, 乃拜散貟.

歲癸卯, 從元帥朴椿, 赴泥城, 二渡江偵伺. 以勞除別將. 于時叛臣崔濡, 立支庶甞爲僧者爲王, 侵彊陷隨州. 諸將拒却, 強爲先鋒, 追奔至鴨綠江而還, 又陞郞將. 乙巳, 上聞強勇力, 且念其父負曵之勞, 召見之, 令衛士有力者相抵, 衛士連趺. 上大悅, 賜廩米, 俄授中郞將, 命充宿衛.

丁未, 倭犯西江, 遣羅進等, 泛海追捕, 與強俱,上賜鐵甲弓劒, 遇倭屢捷.

洪武辛亥冬, 佐元帥李希泌, 往攻欝羅山, 上又賜馬以遣. 攻城先登, 獲其渠帥. 旣還, 拜司宰少監, 累遷禮儀揔郞. 厥後退于鄕, 丙寅, 國家遣元帥陸麗鎭寧海, 強又從之, 與倭戰於雞林松羅村, 奮劒斬五六級, 陸公申報于朝, 加中顯書雲正.

戊辰十月, 爲丑山島兵船都管領, 倭艦奄至, 圍我船, 將侵寧海城, 彼衆我寡, 人心洶懼. 強一箭射中賊魁, 連中四五級, 賊卽解圍去, 不敢復來, 一郡迄今奠枕, 強之力也.

己巳冬, 予謫寧海, 始知強. 日來謁予, 禮恭言寡, 粗知書, 聞予講說, 亹亹樂聽, 不能去. 予以爲謹厚者而重之, 未甞知有異能也, 前判事白公瑨, 亦居是邑, 少仕栢堂, 甞爲揔兵官參佐, 掌文簿, 引強與俱, 親自擔扉拔寨者也. 具爲予語之, 然後知強勇且有功而不伐, 益可重也. 時強年已五十九, 膂力不小衰. 軀幹魁奇, 鬚髥輒張. 性不能飮酒, 鄕人戱曰, 觀其貌, 若可飮數斗, 而其口不能吸一滴. 大抵壯有力者, 多使酒, 強不飮, 又可尙也.

嗚呼, 辛丑之難, 能先登, 克復都城, 癸卯之役, 爲先鋒, 糾逖王慝, 其功, 不旣大矣乎. 自兵興來, 忠義之士, 見危授命, 奮臂先呼, 冒白刃摧堅鋒, 得雋制敵, 以立異効, 上無薦拔之知, 下無紀述之友, 數奇不俟, 事泯不傳, 卒死閭巷, 草木同腐, 幾何人哉. 是可哀也已. 故於強爲立傳云.

『陽村集』卷21 「傳類」 司宰少監朴強傳

이 사료는 고려 말 조선 초 학문으로 이름을 떨쳤던 권근

(權近, 1352~1409)이 박강(朴强)이란 인물의 일대기를 기록한 글이다. 권근

은 1389년(창왕

1) 첨서밀직사사로서 문하평리 윤승순(尹承順, ?~1392)과 함께 명나라에 다녀왔는데, 명나라 예부자문(禮部咨文)을 도평의사사에 올리기 전 미리 본 죄로 우봉(牛峯)·영해(寧海)·흥해(興海) 등지에서 유배 생활을 하였다. 이때 영해에서 박강을 만났고, 나라의 존망을 지키고자 한평생을 전쟁터에서 보낸 노장(老將)을 기리는 마음에서 그의 삶을 정리하였다.

박강의 가문은 영해부에서 대대로 향리

를 맡아 왔었는데, 그의 증조부인 박성절에 이르러 향역에서 면역되었다. 원래 도호부였던 영해부는 동여진의 공격을 받아 읍세가 쇠락해 지관으로 강등되었는데, 박성절이 이러한 배경을 도당에 알려 고을의 읍격을 목으로 승격시켰고, 이러한 공로로 그의 아들 박학여와 손자 박천부가 향역에서 면역되었다.

박천부는 연경에서 잠저 시절의 공민왕

을 모셨던 인연이 있었는데, 공민왕

이 왕위에 오르기 전에 죽었다. 박천부의 아들 박강은 홍건적과의 전투에 참여하면서 군공을 세우기 시작했다. 이때의 공으로 박천부는 산직(散職)을 받게 되었다.

이후 박강은 최전선에서 활약하며 공을 세웠다. 적진을 정탐하고 오거나, 반란군을 제압하는 데 선봉을 맡기도 했다. 이러한 공훈이 공민왕

에게 알려졌고, 그의 아버지 박천부와의 인연을 기억한 공민왕

이 박강을 중랑장으로 삼고 왕을 시위하도록 했다.
관직에서 은퇴해 고향인 영해부에 돌아온 후에도, 나라에 변란이 있으면 참여해 공을 세웠다. 특히 왜구

를 무찌르는 데 있어, 적군의 대장을 포획하는 등 혁혁한 공을 세웠다. 그의 행적을 보았을 때 박강은 뛰어난 신체와 용맹을 바탕으로, 군의 선두에서 서서 병사들을 이끄는 용장(勇將)이었다고 판단된다.

권근

이 박강을 만난 것은 박강이 59세이던 때였다. 권근

이 본 당시의 박강은 권근

의 강설(講說)을 들으며 품행이 바르고 예를 갖춘 사람이었다. 권근

은 박강의 이력을 알게 된 후, “훌륭한 공적을 세웠으나, 위에서 추천하여 발탁해 주는 사람이 없고 아래로는 그것을 기록하여 주는 친구가 없으니 운수가 나빠서 공신에 오르지도 못하고, 사적이 없어져서 전하지도 못했다.”고 하면서 “마침내 시골에서 죽어 버리어 초목과 함께 썩고 마는 사람이 얼마나 되겠는가?”라며 안타까워했다. 그러면서 나라를 위해 충성을 바쳤던 사람을 아무도 모르게 할 수 없다면서 그의 행적을 기록했다.

권근

은 박강의 일생을 듣고 그의 훌륭한 업적을 세상에 알리고자 기문을 작성한다고 했다. 실제로 여말선초 혼란한 사회 속에서 나라를 위해 살아갔던 수많은 사람들이 존재했고, 권근

은 이들을 대변하기 위해 박강의 삶을 기록하려 했던 것으로 생각된다.

이 사료가 주목되는 이유는 영해부의 향리

였던 박강의 가문이, 박강의 증조부 대부터 시작되어 그에 이르기까지 향리

에서 양반

으로 변모하고 있기 때문이다. 특히 박강은 홍건적, 반란, 왜구

등을 상대로 군공을 세워 관직에 진출했는데, 이는 이성계로 대표되는 고려 말 신흥 무인 세력들이 정계에 진출할 수 있었던 이유를 잘 보여주기 때문이다. 더욱이 노년에는 권근

으로부터 유학을 사사받는 듯한 모습도 보여주는데, 이 대목에서 고려 말 지방에서 군공을 바탕으로 성장한 신흥 세력이 성리학을 습득해 스스로를 품관으로 자처하기 시작한 면모를 엿볼 수 있다.

조선 건국 후 박강과 같은 인물이 양반

계층으로 재편되었을 가능성이 높다. 박강의 가문은 증조부 대에서 향역에서 벗어났고, 박강이 군공을 세워 관직에 진출했으며, 노년에는 성리학을 받아들여 스스로를 품관으로 자처하고 있다. 이러한 모습은, 고려 말 조선 초 향리

들이 어떻게 양반

으로서의 면모를 갖추어 나갔는지 잘 보여주는 중요한 기록이라 할 수 있다.

이 글의 내용은 집필자의 개인적 견해이며, 국사편찬위원회의 공식적 견해와 다를 수 있습니다.

참고문헌

논문

유승원, 「조선시대 ‘양반’계급의 탄생에 대한 시론」, 『역사비평』 79, 2007.
이태경, 「조선초기 호장(戶長)의 향촌 지배와 그 변화」, 『한국사연구』 187, 2019.

저서

권기중, 『조선시대 향리와 지방사회』, 경인문화사, 2010.
유승원, 『조선초기신분제연구』, 을유문화사, 1987.
이성무, 『조선의 사회와 사상』(개정증보판), 일조각, 2004.
이수건, 『한국중세사회사연구』, 일조각, 1984.
최선혜, 『조선전기 지방사족과 국가』, 경인문화사, 2007.
한영우, 『조선전기사회사상연구』, 지식산업사, 1983.
한영우, 『조선시대 신분사연구』, 집문당, 1997.

편저

이화여자대학교, 『조선신분사연구; 신분과 그 이동』, 법문사, 1987.

관련사이트

[http://db.itkc.or.kr/inLink?DCI=ITKC_BT_0036A_0240_020_0010_2000_003_XML] 『양촌집』권21 「전류」 사재소감박강전, 한국고전번역원 한국고전종합DB",,,,https://contents.history.go.kr/front/hm/view.do?levelId=hm_084_0010,사료로 본 한국사\items\hm_age_50_조선 전기\hm_ty_030_사회\hm_084_0010_향리에서 양반으로.md
502,hm_age_50,조선 전기,hm_ty_030,사회,hm_084_0020,양천 구분과 노비변정도감,조선 전기 > 사회 > 신분 제도의 정비 > 양천 구분과 노비변정도감,"의정부

에서 노비

와 호구(戶口)에 관한 법을 아뢰었다.

1. 우리나라에서 공노비

와 사노비

를 부리는 법은 모두 고려 왕조의 옛 전적(典籍)을 그대로 따랐는데, 세월이 이미 오래되어 진위(眞僞)가 뒤섞여서 쟁송이 날로 치열하고 번잡해졌습니다. 이제 교지를 받으니 나라 안의 쟁송은 날짜를 정해 놓고 해결하라 하셨습니다. 바라옵건대, 담당 관원에게 올해 10월 초하루부터 시작하여 공사(公私)의 천적(賤籍)과 각각 거주하는 지역을 도성의 각부와 지방 각 관아는 화명(花名)

노비

의 명단

으로 보고토록 하고, 아울러 모두 관아에 제출하여 확실하게 대조한 다음에 새로 천적을 만들어 나누어 주고, 옛 천적은 하나같이 모조리 불태우도록 하소서. 만일 공처노비(公處奴婢), 타인노비(他人奴婢)와 양인

자녀(良人子女)를 아울러 기록하여 관아에 바치게 했는데, 불법적으로 만든 호적

을 받은 자나 옛 호적

을 숨기는 자가 있으면 사람들에게 고발하도록 허락하여 제서유위율(制書有違律)1)

1)

제서유위율(制書有違律) : 중국 명나라 법전인 『대명률(大明律)』에서 제서(制書, 왕의 조칙)를 받들어 시행하는데 위반하는 자는 장 100에 처하고 왕의 뜻을 잘못 깨달은 자는 3등을 감한다는 규정을 말한다.

로 논죄(論罪)하고, 부리고 있던 노비

를 아울러 조사하여 절반은 고발한 자에게 상으로 주고, 나머지 반은 관에 귀속시키는 것이 어떠하겠습니까?

1. 지난번에 내리신 교지에서 양천(良賤)을 다투는 소송에서 문서를 찾지 못한 경우에는 아울러 분변하여 해결하라 하셨습니다. 신들이 의논한 결과, 양천을 다투는 소송에서 문서를 비록 발견하지 못했다 하더라도 장부를 바친 것이 명백하고 3촌이나 4촌에 양인

친척이 남아 있고 천적(賤籍)이 분명하지 않은 자는 양인

으로 삼도록 판결하고, 비록 장부를 바쳤다하더라도 양인

친척이 나타나지 않고 천적이 분명하지 않은 자는 사재감(司宰監)에 귀속시키고, 천적이 명백하고 사역한 지가 이미 오래된 자는 천인

으로 삼도록 판결함이 어떠하겠습니까?

1. 교지를 받들어 담당 부서에 하달하여 양측 모두가 갖추어진 사건은 판결하라 하셨습니다. 그러나 담당 부서의 관원들이 네 차례나 기한을 넘겨 오늘에 이르렀는데도 여전히 판결하지 못한 자가 있으니, 그 교지를 따르지 아니한 죄는 진실로 통렬히 응징하여야 마땅합니다. 사헌부로 하여금 담당 부서에 아직 판결을 끝마치지 못한 사유를 살피도록 하여, 방장(房掌)·행수(行首)부터 제서유위율로 논죄하게 하소서.

1. 판결한 뒤에도 노비

를 그대로 부리고 있는 자는 형조로 하여금 조사하게 하여 3품 이상은 그 아들이나 사위를 가두고, 4품 이하는 바로 당사자를 가두어 교지를 따르지 않은 형률로 논죄하소서. 또 기한이 지났는데 일을 다시 올리는 자가 있으면, 이달 15일을 기점으로 주장관(主掌官)으로 하여금 다스리도록 하는 것이 어떻겠습니까?

또 아뢰었다.

“삼가 『경제육전(經濟六典)』 「호전(戶典)」을 살펴보니, 최근에 이르러 호구의 법이 분명하지 않아 역

(役)을 부과함이 고르지 못하고 양인

과 천인

이 뒤섞여 그 폐단이 적지 아니합니다. 지금부터는 도성과 외방의 관아에서 호적

을 작성하는데 호수인(戶首人)

호주

, 부부(夫妻)의 내외 4조(內外四祖)

본가의 부·조부·증조 및 외가의 조부

, 이들과 함께 사는 자손과 제질(弟姪), 그리고 노비

에 이르기까지를 살펴, 해마다 기록하게 하소서. 바라건대, 각 도의 관리들로 하여금 금년 7월 15일부터 시작하여 양반

·인리

·(人吏)백성·각색인(各色人)의 세계(世系)를 자세히 파악하여 호적

을 작성하게 하여, 한 부는 호조에 바치고, 한 부는 각 감사영

(監司營) 문서고에 비치하고, 한 부는 해당 고을에 비치하며, 도성 한성부에서는 내년 7월 15일부터 시작하여 그 본관을 파악하여 보고하는 일을 또한 위 항목의 예대로 하여 호적

작성을 확실하게 살피도록 하소서. 만약 8조(八祖)

내외 조부모 및 처부모

모두 싣기를 스스로 원하는 자가 있으면 들어 주고, 단지 혹은 조부나 혹은 부친만을 기록하고자 하는 자도 역시 들어 주소서” 임금께서 모두 그대로 따랐다.

『태종실록』권27, 14년 4월 2일 을사

제서유위율(制書有違律) : 중국 명나라 법전인 『대명률(大明律)』에서 제서(制書, 왕의 조칙)를 받들어 시행하는데 위반하는 자는 장 100에 처하고 왕의 뜻을 잘못 깨달은 자는 3등을 감한다는 규정을 말한다. [https://contents.history.go.kr#fsid_1]

議政府啓奴婢及戶口法.

一, 國朝公私奴婢役使之法, 皆仍前朝舊籍, 歲月旣久, 眞僞相混, 爭訟日繁. 今蒙敎旨, 中外相訟, 刻日決絶. 乞令主掌官 以今年十月初一日爲始, 公私賤籍及各其所居京中各部, 外方各官花名呈報, 竝皆納官, 推考覈實, 改成分給, 舊籍一皆燒毁. 如有公處奴婢, 他人奴婢及良人子女, 幷錄納官, 冒受成籍者及舊籍隱藏者, 許人陳告, 照依制書有違律論罪. 役使奴婢, 竝皆推考, 一半告者充賞, 一半屬公, 何如.

一, 前者下旨, 良賤相訟文書未覓者, 竝令分辨決絶事, 臣等議得, 良賤相訟, 文書雖未覓出, 納簿明白, 三四寸良族現存, 賤籍不明者, 從良決絶. 雖有納簿, 良族不現, 賤籍不明者, 屬司宰監, 賤籍明白, 役使已久者, 從賤決絶, 何如.

一, 奉敎行移各司, 分決兩隻俱備事, 各司員四經限朔, 以至今日, 尙不畢決者有之, 其不從敎旨之罪, 誠宜痛懲. 許令憲司考其各司未畢決辭由, 房掌行首, 以制書有違律論罪.

一, 決後奴婢仍執者, 令刑曹推考, 三品以上囚其子壻, 四品以下直囚當身, 以敎旨不從論罪. 又有以限朔後事新呈者, 以今月十五日爲始, 亦令主掌官聽理, 何如.

又啓,

謹按經濟戶典, 近年以來, 戶口之法不明, 差役不均, 良賤混淆, 其弊不小. 今後京外官推考成籍, 戶首人夫妻內外四祖及率居子孫弟姪, 以至奴婢年歲備載. 乞令各道各官 以今年七月十五日爲始, 兩班人吏百姓各色人世系, 備細推考, 分揀成籍, 一件納于戶曹, 一件置于監司營庫, 一件置于其官, 京中漢城府 以明年七月十五日爲始, 考其本貫呈報, 亦以上項例, 覈實成籍. 如有自願八祖具載者聽, 止錄或祖或父者亦聽. 皆從之.

『太宗實錄』卷27, 14年 4月 2日 乙巳

이 사료는 1414년(태종

14) 노비

와 호구(戶口) 법규를 제정하기 위해 의정부

에서 논의한 사항을 기록한 것이다. 고려말 홍건적·왜구 등의 침입으로 인해 노비

대장이 상당수 소실되었고, 세금과 군역

등을 피하기 위한 양인

들의 투탁(投託) 또한 광범위하게 발생했다. 이러한 혼란상은 고려말 심각한 사회 문제를 일으켰고, 전민변정도감

(田民辨正都監) 설치로 이어지게 되었다.

토지 문제와 달리 사람의 양·천을 분별하는 문제는 쉽게 해결되지 못했다. 국가의 입장에선 양·천 신분이 모호할 땐 양인

으로 파악하는 것이 유리했다. 세금 등을 부담할 공민(公民)이 증가하는 것이기 때문이다. 소송을 제기하는 입장에서도 양인

으로 판명받는 것이 좋았다. 비록 부득이한 사정으로 투탁하거나 인신을 매매했지만, 타인에 의해 억압받는 삶은 불행했기 때문이다. 반면 노비

를 소유하고 있던 노비주(奴婢主)들은 천인

으로 판명받는 것이 좋았다. 노비

는 토지와 더불어 당대의 부(富)를 축적하는 주요 재산이었기 때문이다. 따라서 노비

소유주끼리의 소유권 소송 또한 벌어지고 있었다.

고려 말 전민변정도감

때부터 시작된 양·천 관련 소송이 오랜 시간 동안 첨예한 사회 문제로 자리매김했던 것은 위에서 설명한 바와 같이 국가가 관리하고 있던 천적(賤籍)이 망실(亡失)되었기 때문이었다. 양·천을 분별해달라며 소송을 제기한 사람은 ‘나의 선대부터 양인

이었는데 억압을 받아 천인

이 되었다’고 주장했고, 반대쪽에선 ‘고려 말 당시 나의 소유가 되었다’고 주장했다. 혹은 어떤 사람에 대한 노비

소유권 문제를 주장하는 경우도 있었다. 문제는 상반된 주장을 가려내거나 진실 혹은 거짓을 가려내기 위한 기록이 없어졌다는 것이었다.

이 사료는 양·천 분별 소송 문제에 대한 의정부

가 제시한 해결 방안이다. 첫 번째는 공·사 노비

대장, 다시 말해 천적을 다시 작성하자는 것이다. 그러면서 현 노비

를 파악하기 위한 조사에 협조하지 않으면 왕의 명령을 어긴 행위에 준하여 제서유위율(制書有違律)로 처벌하고, 그들이 부리던 노비

는 속공(屬公)하거나 신고자가 있으면 적절히 포상할 것을 제안했다. 앞서 설명한 바와 같이 소송이 지체되는 이유는 판단의 근거인 천적이 없었던 것이었기 때문에 천적 재작성을 가장 먼저 제안한 것이라 할 수 있다.
두 번째는 양·천을 분별할 수 있는 문서가 없을 때, 나름의 판단 근거를 제시한 것이다. 자신의 호적

을 제출했으며 가까운 친족 중에 양인

이 있으면 양인

으로 판결하고, 호적

을 제출했지만 이를 증명해 줄 친족이 없으면 사재감(司宰監)에 귀속시키고, 천적이 명백하고 사역한 지 오래되었으면 천인

으로 판결하자는 것이다.

세 번째는 판결의 근거가 명백함에도 불구하고 판결을 지체하고 있는 관원을 처벌하자는 내용이다. 네 번째는 판결 내용을 이행하지 않고 노비

를 계속 부리고 있는 사람을 처벌하자는 내용이 담겨있으며, 더불어 만약 판결에 불복해 다시 소송을 제기하려는 사람이 있다면 이달 15일을 기점으로 처벌할 것을 요청했다.

그리고 이와 더불어 호적

도 다시 작성할 것을 요청했다. 천적을 재작성하기 위해서는 천인

을 조사해야 할 것이니, 이때 호적

도 같이 작성하자는 것이었다.

위의 사료를 통해 조선 초기 신분 제도가 양인

과 천인

으로 구분되어 있었음을 알 수 있다. 그리고 이러한 신분 제도는 고려 말부터 이어지고 있음을 알 수 있다. 또, 조선은 되도록 많은 양인

을 확보하고자 했는데, 국가의 강제력을 동원하여 모든 천인

을 양인

으로 만드는 것이 아니라, 개인의 소유권을 존중하면서 나름의 규정에 따라 양인

의 수를 늘리려 했다는 것을 알 수 있다.

이 글의 내용은 집필자의 개인적 견해이며, 국사편찬위원회의 공식적 견해와 다를 수 있습니다.

참고문헌

논문

이상백, 「천자수모고-양천교혼출생자의 신분귀속문제-」, 『진단학보』26·27·28 합, 1964.
이성무, 「조선초기 신분사연구의 재검토」, 『역사학보』102, 1984.
박진훈, 「여말선초 노비정책연구」, 연세대학교 사학과 박사학위논문, 2005.
박진훈, 「고려 후기 전민변정과 조선 초기 노비 정책의 의의와 한계」, 『역사비평』 122, 2018.

저서

김두헌, 『한국가족제도연구』, 서울대학교 출판부, 1969.
김석형, 『조선봉건시대 농민의 계급구성』, 북한사회과학원출판사, 1952.
김성우, 『조선중기 국가와 사족』, 역사비평사, 2001.
김영모, 『한국사회계층연구』, 일조각, 1982.
김용만, 『조선시대 사노비 연구』, 집문당, 1997.
김현라, 『고려후기 신분변동 연구』, 혜안, 2018.
백남운, 『조선봉건사회경제사』상, 개조사, 1937.
송준호, 『조선사회사연구』, 일조각, 1987.
안승준, 『조선전기 사노비의 사회경제적 성격』, 경인문화사, 2007.
유승원, 『조선초기 신분제 연구』, 을유문화사, 1987.
이성무, 『조선초기 양반 연구』, 일조각, 1980.
이홍두, 『조선시대 신분변동 연구-천인의 신분상승을 중심으로』, 혜안, 1999.
전형택, 『조선 양반 사회와 노비』, 문현, 2010.
지승종, 『조선초기 노비신분연구』, 일조각, 1995.
최이돈, 『조선전기 신분구조』, 경인문화사, 2017.
한영우, 『조선전기 사회경제연구』, 을유문화사, 1983.
한영우, 『조선시대 신분사 연구』, 집문당, 1997.

관련사이트

[http://sillok.history.go.kr/id/kca_11404002_002] 『태종실록』권27, 14년 4월 2일 을사, 국사편찬위원회 조선왕조실록",,,,https://contents.history.go.kr/front/hm/view.do?levelId=hm_084_0020,사료로 본 한국사\items\hm_age_50_조선 전기\hm_ty_030_사회\hm_084_0020_양천 구분과 노비변정도감.md
503,hm_age_50,조선 전기,hm_ty_030,사회,hm_084_0030,보충군을 노비로 되돌리는 것에 반대하는 상소,조선 전기 > 사회 > 신분 제도의 정비 > 보충군을 노비로 되돌리는 것에 반대하는 상소,"보충군(補充軍)을 환천(還賤)

양인이 된 천민을 다시 천민으로 되돌림

하는 법의 조문을 논의하라고 명하였다. 좌의정 박은(朴訔, 1370~1422)이 헌의(獻議)하기를, “가만히 생각하건대, 국가에서 ‘백성이 천인(賤人)은 많고, 양인

(良人)은 적다’ 하여 보충군의 제도를 마련하여 종량(從良)하는 길을 넓힌 것입니다. 그 종류가 5가지가 있으니, 양인

의 신분으로 수군

水軍)이 된 자는 양천(良賤)을 분변할 때에, 양천(良賤)된 호적

이 모두 분명하지 못하여, 양

·천

어느 한쪽으로 정하기 어려우므로 수군

에다 속한 것이니, 그 법이 지극히 공평한 것입니다. 이제 도피한 까닭으로 천구(賤口)

천인

로 정한다는 것은, 신은 옳다고 볼 수 없습니다. 그 다음으로 간(干)이나 척(尺)이라 이르는 사람이 그 역(役)은 비록 천하다 하지만, 노비

와는 다르므로 그들의 딸자식으로 공사 노비(公私奴婢)

에게 출가하여 낳은 자식은 다 노역(奴役)에 종사하게 된 것입니다. 또 간·척의 신분을 가진 사람으로 양인

이 되기를 호소한 자는 백에 하나 둘도 없지만, 국가에서 특별히 충군(充軍)하는 법을 만든 것입니다. 이제 먼 변방의 백성으로 경역(京役)

서울에 올라와서 일정 기간 동안 근무하는 일

에 감내하지 못하여 어쩌다 도피한 자가 있으면 곧 노비

로 정하니, 신은 옳다고 생각하지 않습니다. 또 비첩(婢妾)이 낳은 자식은 할아버지나, 아버지나, 자기의 비첩들이 낳은 것은 다 동기(同氣)인 지친(至親)인데, 자손들이 그들을 나누어 차지하여 일을 시키는 것은 심히 어진 일이 아니므로, 그들로 하여금 아비를 따라 양인

이 되게 하는 것은 인륜을 소중히 하는 것입니다. 이제 도피하였다 하여 곧 천인

으로 만들어 그의 동기인 족친(族親)에게 주게 된 것은 신으로서는 옳다고 생각하지 않습니다.

또는 시비(是非)를 물을 것 없는 자로서, 기한 내에 소량(訴良)하였다가 결정되지 못한 자는 본시 천민(天民)이라 하겠거늘, 이를 다시 분변하지 아니하고 모두 보충군에 속하게 한 것은 천인

이 많아지는 폐단을 억제하기 위한 것인데, 이제 도망간 죄로 인하여 양천도 분별하지 아니하고 곧 천인

으로 만드는 것은, 신은 옳은지 모르겠습니다. 또 속신(贖身)한 자에 관한 일이니, 무릇 양반

의 자손으로서 천인

이 된 자가 스스로 능히 속신하였으면, 역시 아비를 따라 양인

이 되게 하는 것은, 양인

이 적어지는 폐단을 구하려는 것인데, 하물며 그의 공사(公私)간의 본주(本主)들이 이미 그의 속가(贖價)

몸값

를 받았으니 어찌 도로 붙잡아 둔다는 이치가 있겠습니까. 지금 본주(本主)의 진고(陳告)

윗사람에게 아룀

로서 도로 천인

이 되게 하는 것은, 신은 옳지 않다고 하겠습니다.

대개 이 보충군이란 것이 이미 양인

이 되었으니, 비록 그 남정(男丁)으로서 마땅히 군(軍)으로 세운 자는, 죄가 대역(大逆)이 아니면 참으로 천인

이 될 이치가 없는 것인데, 하물며 부녀(婦女)로서 입군(立軍)에 해당하지 못할 자까지 도피하였다는 죄로 천인

이 되게 한다면, 한 사람의 자손으로서 하나는 양인

이 되고, 하나는 천인

이 되게 될 것입니다. 이 5가지로 인하여 종량(從良)의 법이 마침내 문란하게 될 것입니다.

신은 원하기를, 보충군인 남정(男丁)으로 전연 나타나지 아니한 자나, 이름을 숨겨 군적(軍籍)에 들지 아니한 자나, 차역(差役)

노역을 시킴

을 도피한 자는 모두 누구든지 진고(陳告)하게 하여, 범인(犯人)의 전지(田地)나 곡미(穀米) 외에도 재물·노비

·우마(牛馬)의 다소(多少)를 불구하고 절반으로 갈라 진고한 자에게 상품(賞品)으로 충당케 하고, 범인은 일체로 병률(兵律)에 의하여 논죄할 것이며, 재범·삼범한 자는 의논하여 형법을 더할 것이요, 부녀로서 호적

에 들지 아니한 자도 율에 의하여 속(贖)을 받을 것이되, 모두 종천(從賤)하는 것은 면제하도록 하여야 합니다” 하였다. 이것을 정부와 육조

에 명하여 다시 의논하여 올리라고 하였다.

『세종실록』권9, 2년 9월 1일 병인

命議補充軍還賤條款. 左議政朴訔獻議曰, 竊謂, 國家以民之賤者多而良者少, 置補充軍, 以廣從良之路. 其類有五, 曰, 身良水軍者, 蓋於良賤分辨之際, 良賤籍俱不明者, 於良於賤, 難以一定, 故屬之水軍, 其法至公. 今以逃避之故, 定爲賤口, 臣未知其可也. 曰, 稱干稱尺者, 其役雖賤, 異於奴婢, 故其女子嫁公私奴所生, 竝從奴役. 且干尺之人訴良者, 百無一二, 而國家特設法以充軍耳. 今此邊遠之民, 不勝京役, 或有逃避者, 遽定爲奴婢, 臣未知其可也. 曰, 婢妾産, 祖父·自己婢妾所生, 同氣至親也, 而子孫分執役事, 甚爲不仁. 故令從父爲良, 所以重人倫也. 今以逃避之罪, 遽令從賤, 仍給其同氣族親之人, 臣未知其可也. 曰, 勿問是非者, 以限內訴良未決者, 本是天民也, 更不分辨, 竝屬補充軍, 所以抑賤多之弊也, 今以逃罪, 不辨良賤, 遽以從賤, 臣未知其可也. 曰, 贖身者, 凡兩班子孫之賤者, 能自贖身, 則亦許從父爲良, 所以救良小之弊也, 況其公私本主, 旣收其贖價, 則安有還執之理. 今許陳告還賤, 臣未知其可也. 蓋此補充軍, 旣爲良人, 雖其男丁之當立軍者, 罪非大逆, 則固無從賤之理. 況婦女不當立軍者, 若以逃隱之罪從賤, 則一人之子孫, 有一良一賤者, 而五類從良之法, 終必紊矣. 臣願補充軍男丁, 元不現者·匿名不付籍者·逃避差役者, 皆許人陳告, 將犯人田地·穀米外, 財物·奴婢·牛馬, 不拘多少, 爲半充賞, 其犯人一依兵律論罪, 再犯·三犯者, 議加刑法, 婦女不付籍者, 依律收贖, 竝免從賤. 命政府·六曹更議以聞.

『世宗實錄』卷9, 2年 9月 1日 丙寅

이 사료는 1420년(세종

2) 좌의정 박은(朴訔, 1370~1422)이, 보충군으로서 역(役)을 감내하지 못하고 도망 및 도피한 자들을 노비

신분으로 영속(營屬)

각 군영(軍營)이나 영명(營名)이 있는 관아에 속한 영리(營吏)와 영노(營奴)를 통틀어 이르던 말

시키자는 주장에 대해 반대하는 의견을 제시한 것이다. 이 사료에 따르면, 조선 초기 백성 중 천인

이 많고 양인

이 적어 보충군 제도를 만들어 종량(從良)하였음과, 그 종류에서 신량수군자(身良水軍者), 칭간칭척자

(稱干稱尺者), 물문시비자(勿問是非者), 양부비첩산(良夫婢婢妾産), 속신비첩산(贖身婢妾産) 등이 있었음을 알 수 있다.

보충군 제도는 고려 말기 부족한 군사를 충당하기 위해 일시적으로 시행된 적이 있었으나, 조선 왕조에서 시행된 제도는 사뭇 달랐다. 조선은 1415년(태종

15)　3월에 이를 시행하였고, 이후 신분은 양인

이지만 국가에 지는 역(役)은 천인

과 마찬가지인 칭간칭척자

인 각 품 관원의 천인

출신 첩 소생으로 양인

이 되고자 하는 자를 모아 정원을 정군(正軍) 3,000명, 그 봉족(奉足) 6,000명으로 조직하였다. 당초 칭간칭척자

와 관원의 천인

출신 첩 소생은 고려 말 조선 건국 직후부터 사재감(司宰監) 또는 사수감(司水監)의 수군

으로 소속시켜 양인

임을 인정하되 일정한 제약을 가하였다. 그러나 이에 소속되지 않은 칭간칭척자

등의 수가 매우 많아 국가의 각종 역을 부담하는 계층이었던 양인

을 늘리고자 국가 재정에서 중요한 몫을 차지하던 염간(鹽干)을 제외하고 이들을 모두 보충군에 소속시켰다. 따라서 보충군은 군사적 기능보다 신분 관계에 무게가 실려 있는 존재였다.

이들은 대개 중앙의 여러 관청에 소속되어 주로 사령군(使令軍)으로서 복무했으며, 복무연한이 지나면 그 자신은 물론 자매와 딸·손자, 연한이 지난 뒤 태어난 자식 모두 양인

신분을 획득하여 후손까지 양인

으로 살 수 있었다. 또한 7품 이하 서반

하급 관직으로 진출할 수 있었다. 그럼에도 보충군 대상자의 대부분을 차지하는 지방 거주자들은 복무 기간 동안 농사를 지을 수 없었으며, 또 식량을 스스로 마련해야 하는 어려움으로 인해 보충군의 군안(軍案)에 이름이 오르는 것을 꺼렸다. 이름은 군안에 올랐지만 복무를 꺼려 서울로 가지 않거나 복무를 하다가 도망치는 일도 빈번하였다.

이런 상황에서 국가는 숨어 있는 보충군 편성 대상자의 색출을 강화하고, 복무를 기피하거나 도망가면 벌금을 물리기도 하고, 노비

신분으로 영속시키는 처벌을 가하였다. 또한 서울에서 멀리 떨어진 제주도나 평안도·함경도 등 국경 지역 보충군은 1418년(세종

즉위년) 이후 점차 서울로의 번상(番上)

지방의 군사가 교대로 서울에 올라와 복무하는 일

을 면제하는 대신 국경 지역인 현지에서 국방에 종사하고, 평안도·황해도·함경도 보충군 일부는 거주지 인근의 역참

(驛站)에 소속시켜 그 관군(館軍) 또는 관부(館夫)로 복무하게 하였다. 이로써 보충군 중 일부는 본래의 군역

과는 다른 내용의 역을 지는 사람이 나타나기도 했지만, 이들 역시 복무연한을 채우고 나면 양인

신분을 획득한다는 점에서 서울에 번상하는 보충군과 성격은 같았다.

한편 이러한 과정이 진행되는 동안 본래의 칭간칭척자

계층이 소멸하여 사실상 보충군에 소속되는 대상이 양반

을 아버지로 하고 공사천

(公私賤)을 어머니로 하는 천처첩자손

(賤妻妾子孫)만으로 한정되기에 이르렀다. 이때부터 보충군은 자식의 신분이 어머니의 신분에 따라 결정되는 종모법

(從母法)의 법제 아래서, 당연히 천인

이 되어야 할 계층을 그 아버지가 양반

인 경우 그 지위를 고려하여 양인

이 될 기회를 주는 장치로 정착하였다. 이러한 변화 과정에서 1450년(문종

즉위년)에는 보충군으로 10년의 복무를 마쳐야 양인

이 될 수 있도록 한 규정을 완화하여 1,000일 복무 후 양인

이 되도록 개정하였으며, 나아가 보충군이라는 명칭도 1469년(예종

1)에는 보충대로 고쳤다.

이로써 『경국대전

』 규정에서는 보충대에 소속되는 대상이 양반

을 아버지로 하고 공사천

을 어머니로 하는 천처첩자손

만으로 한정되었다. 보충대는 이후에도 여전히 보충군으로 불렸으며 5위

(五衛)의 편제 안에서 의흥위에 소속되었다. 보충대는 정액이 없으며 4교대로 4개월씩 복무하여 대체로 1,000일의 군무(軍務)를 마쳐야 종9품의 잡직을 받고 양인

신분을 획득하였다. 같은 보충대라도 그 아버지 또는 할아버지가 2품 이상의 고위 관직자인 경우 330일, 원종공신은 500일만 근부하면 양인

이 되도록 차등을 두기도 하였다.

복무연한이 줄었지만 보충대 복무를 기피하는 경향은 강해졌다. 이에 따라 16세기 초반에는 보충대가 맡던 사령의 역을 번상하는 보정병(步正兵)으로 대신 충당하게 하여 정병 군역

의 폐단을 가중시키는 한 원인이 되었다. 그 후 보충대를 규정대로 복무시키자는 논의도 있었지만 이미 유명무실한 존재가 된 다음이라서 이루어지지는 않았다. 조선 후기에는 곡식이나 돈을 내고 천인

신분을 면제받은 자들을 모두 보충대에 소속시키기도 하였으나 이 역시 유명무실하게 운영되었다.

이 글의 내용은 집필자의 개인적 견해이며, 국사편찬위원회의 공식적 견해와 다를 수 있습니다.

참고문헌

논문

김춘화, 「朝鮮初期 補充軍의 설치와 재편」, 『한국중세사연구』 4, 한국중세사학회, 1997.
성봉현, 「朝鮮初期 奴婢贖身法 연구」, 충남대학교대학원 박사학위논문, 1992.
이성무, 「조선초기 노비의 종모법과 종부법」, 『역사학보』115, 역 사학회, 1987.
이영훈, 「한국사에 있어서 노비제의 추이와 성격」, 『노비·노예·농노-비교사적 검토』, 일조각, 1998.
전형택, 「보충군 입역규례를 통해 본 조선초기의 신분구조」, 『역사교육』30·31합, 역사교육연구회,1982.
최이돈, 「16세기 士林의 身分制 認識 -良人 소생 補充隊의 入屬 논의를 중심으로-」, 『震檀學報』 91, 진단학회, 2001.

저서

유승원, 『조선초기 신분제 연구』, 을유문화사, 1987.
이홍두, 『朝鮮時代 身分變動 硏究 -賤人의 身分上昇을 중심으로-』, 혜안, 1999.
지승종, 『朝鮮前期奴婢身分硏究』, 일조각, 1995.
최이돈, 『조선전기 신분구조』, 경인문화사, 2017.

편저

이범직, 『신분의 구분』, 국사편찬위원회, 2003.

관련사이트

[http://sillok.history.go.kr/id/kda_10209001_006] 『세종실록』권9, 2년 9월 1일 병인, 국사편찬위원회 조선왕조실록",,,,https://contents.history.go.kr/front/hm/view.do?levelId=hm_084_0030,사료로 본 한국사\items\hm_age_50_조선 전기\hm_ty_030_사회\hm_084_0030_보충군을 노비로 되돌리는 것에 반대하는 상소.md
504,hm_age_50,조선 전기,hm_ty_030,사회,hm_084_0040,중인 차별-기술관의 동서반 입사 반대,조선 전기 > 사회 > 신분 제도의 정비 > 중인 차별-기술관의 동서반 입사 반대,"또 하늘이 백성을 내시고 이를 나누어 사민(四民)을 삼으셨으니, 사농공상(士農工商)이 각각 자기의 분수가 있습니다. 선비[士]는 여러 가지 일을 다스리고, 농부는 농사에 힘쓰며, 공장

(工匠)은 공예(工藝)를 맡고, 상인은 물화(物貨)의 유무(有無)를 서로 통하게 하는 것이니 뒤섞어서는 안 됩니다. 만약에 선비가 농사에 힘쓰고 농부가 여러 가지 일을 다스리려 한다면, 거스르고 어지러워 목적을 이루기가 어찌 어렵지 않겠으며, 위아래가 바뀌어 어찌 법이 없는 것이 되지 않겠습니까? 지금 전하께서 의술과 통역을 권장하고자 하시어 그 재주에 정통한 자를 특별히 동반

(東班)과 서반

(西班)에 뽑도록 하셨으니, 신 등은 그 까닭을 알지 못하겠습니다. 『주례(周禮)』를 살펴보니, 의사(醫師)는 의술을 관장하여 독과 약을 모아서 치료하는 일에 종사합니다. 연말에 그 일을 확인하여 녹봉

을 정하는데, 열에 열을 모두 완수한 자를 상등(上等)으로 하고 열에 넷을 잘못한 자를 하등(下等)으로 해, 이로써 등급의 차례를 나누어 녹봉

의 많고 적음을 정했지, 이로써 청반(淸班)에 발탁해 임용했다는 듣지 못하였습니다. 역관

의 경우 말을 전하여 타이르고 응대하는 일을 돕는 것에 지나지 않는 것이니 그 임무는 본래 가벼운 것입니다. 그러므로 비록 의술이 화타(華佗)

중국 후한의 명의

와 같이 뛰어난 무리라고 하더라도, 전사(前史)에서는 모두 방기(方技)

의술(醫術) 및 천문(天文), 복서(卜筮), 상명(相命), 둔갑(遁甲), 감여(堪輿) 등의 술수를 통틀어 이르는 말

로 열기(列記)하고 열전(列傳)

역사 편찬 방식 가운데 하나로, 사람들의 전기를 차례로 기록한 것

에는 넣지 않았습니다. 그 사람이 변변하지 못하고 그 일이 천하여서 사대부

에 열기(列記)할 수 없다는 것이 어찌 아니겠습니까? 그러므로 우리 조정에서는 조종조(祖宗朝) 이래로 의관과 역관

을 따로 설치하였고 그 부지런하고 게으른 것을 살펴 벼슬을 올리기도 하고 내리기도 하여 녹봉

을 주었으니, 거의 중국 주(周)나라의 관리 제도에 부합합니다. 그 가운데에서 조금 우수한 자는 간혹 올려서 당상관

으로 삼기도 하고 혹은 2품으로 승진시키기도 하였습니다. 이 또한 특별한 은전(恩典)이지 선왕(先王)의 제도는 아닙니다. 더구나 이들은 모두 미천한 무리이지 본래부터 명망있는 가문은 아닙니다. 그러니 외람되게 나라의 은혜를 입은 것이 지나치다고 말하지 않을 수 없으며, 국가의 권장이 지극하다고 하지 않을 수 없습니다. 그런데도 오히려 분수가 아닌 것을 희망하여 스스로 현관(顯官)을 차지하려 합니다. 마땅히 추궁하고 엄히 징계하여 그 나머지 무리를 경계해야 할 것인데, 전하께서는 죄를 주지 않으실 뿐만 아니라 또 채용하셨습니다. 이는 축문(祝文)을 낭독하는 사람에게 준(樽)

제사 때 술을 담는 그릇

과 조(俎)

제사 때 고기를 괴어 놓는 그릇

를 넘어서 포인(庖人)

요리하는 사람

의 일을 대신하게 하는 것과 같습니다. 각자가 할 일을 하지 않고 맡아야 할 임무를 맡지 않으면 결국 귀천이 서로 혼란하게 되어 쓰고 버리는 것이 어긋나게 됩니다. 그리하여 사대부

(士大夫)는 같은 반열이 되는 것을 부끄러워하고, 의원과 역관

은 그 일에 온 힘을 쏟지 않을 것입니다. 이는 두 가지를 다 잃고 하나도 좋은 것이 없다 하겠습니다.

대저 농부와 공장

·상인·무당·의원·약사는 나라에 없어서는 안 될 사람들입니다. 더구나 농업과 양잠[農桑]은 백성을 위하는 천도(天道)이며 예악(禮樂)은 나라를 다스리는 근본이니, 의원과 역관

에 비교하면 그 중요함이 헤아릴 수 없을 정도로 차이가 있습니다. 이제 의원과 역관

을 권하고 장려하고자 하여 동반

과 서반

에 채용한다면, 예악을 일으키고자 하면 악공을 동반

과 서반

에 뽑아야 하고, 농업과 양잠을 장려하고자 한다면 농부를 동반

과 서반

에 뽑아야 할 것이니 그것이 옳겠습니까? 성왕(聖王)이 사람을 쓰는 것은 목수가 나무를 쓰는 것과 같아서, 크고 작은 것과 길고 짧은 것을 각각 그 재질에 맞게 해야 합니다. 약한 나무는 마룻대와 들보가[棟樑] 될 수 없고, 큰 재목은 빗장과 문설주[扂楔]가 될 수 없습니다. 그러므로 재상에는 모름지기 재상감의 인재를 써야 하고, 판서에는 모름지기 판서감의 인재를 써야 하며, 아래로 일반 관리에 이르기까지 각기 그 재능에 마땅한 뒤에라야 그 직임에 마땅하다고 말할 수 있을 것입니다. 이제 의원과 역관

에게 의술이나 통역의 일을 익히게 하지 않고 사대부

의 벼슬을 시키고자 하시니, 농부에게 모든 일을 다스리게 하고 약한 재목을 마룻대와 들보에 쓰려 함과 무엇이 다르겠습니까? 옛사람이 비록 “어진 이를 등용하는 데에는 그 부류를 따지지 않는다.” 하고, “가르침에는 차별이 없다.” 하였으나, 이른바 ‘어진 이’와 ‘가르침’이 어찌 의원과 역관

을 두고 한 말이겠습니까? 옛날을 살펴보면 맡은 바가 각각 달라서 서로 침범할 수 없었으며, 지금을 살펴보아도 귀천이 길이 달라서 서로 섞일 수 없으니, 뒤섞여서는 안 되는 것이 명백합니다. 전하의 흠명문사(欽明文思)1)

1)

요(堯)임금의 덕을 칭송한 말이다. 흠(欽)은 몸을 삼가는 것이며, 명(明)은 이치에 환한 것이고, 문(文)은 문장(文章)이 외부에 빛나는 것이며, 사(思)는 생각이 깊은 것을 말한다. 여기서는 성종

(成宗)이 이러한 덕을 지녔다는 뜻이다.

하심은 모든 제왕 가운데서 뛰어나시지만, 오히려 날마다 경연

(經筵)에 나아가셔서 학문에 부지런히 힘쓰시고 밤늦도록 독서를 하셔 피로함을 잊으심이, 어찌 유생(儒生)과 박사(博士)를 본받아 글귀를 아름답게 꾸미고 입으로 읽는 일을 위한 것일 뿐이겠습니까. 이는 이전 시대를 넓게 살피시고 득실을 밝게 보아, 일을 행하는 것이 성왕들과 같아질 수 있도록 하려는 것입니다. 그렇다면 환관에게 숭반(崇班)

높은 지위

을 줄 수 없고 의원과 역관

을 청류(淸流)들 사이에 섞을 수 없다는 것을 전하의 밝은 지혜와 덕으로 어찌 아시지 못하겠습니까? 만약에 “대비께서 연세가 많으시니 의약을 중시하지 않을 수 없고, 명나라 및 이웃 나라와 외교를 위해 역관

을 중시하지 않을 수 없다.”고 하시면 한 가지 방법이 있습니다. 세종

(世宗)께서 재위에 계실 때 통역을 잘한 자로 김하(金何, ?~1462)와 이변(李邊, 1391~1473)이 있었고, 오늘날에 의약을 잘하는 자로 한계희(韓繼禧, 1423~1282)와 임원준(任元濬, 1423~1500), 권찬(權攢, 1430~1487)이 있는데, 이들은 모두 천품(賤品)의 출신이 아닙니다. 만약에 거듭 강이(講肄)

강습

와 습독(習讀)의 법을 분명히 하시고, 그 중에 총명한 자를 택하여서 상벌을 분명히 하여 장려하신다면, 김하와 이변, 한계희와 임원준, 권찬만 한 자가 어찌 앞으로 나오지 않겠습니까? 이러한 데에는 힘쓰지 않으시고, 오로지 옛 법을 변경하여 선대(先代)의 규범을 훼손하여 조정을 낮추고 군자를 욕되게 하시고, 선왕(先王)의 제도를 버리시어 미천한 사람을 높이려고 하시니, 신 등은 그것이 옳은지를 알지 못하겠습니다. 엎드려 바라건대, 속히 명(命)을 거두시어 신민(臣民)의 소망에 부응케 하소서.

『성종실록』권140, 13년 4월 15일 계축

요(堯)임금의 덕을 칭송한 말이다. 흠(欽)은 몸을 삼가는 것이며, 명(明)은 이치에 환한 것이고, 문(文)은 문장(文章)이 외부에 빛나는 것이며, 사(思)는 생각이 깊은 것을 말한다. 여기서는 성종

(成宗)이 이러한 덕을 지녔다는 뜻이다. [https://contents.history.go.kr#fsid_1]

且天生黔黎, 分爲四民, 士·農·工·商, 各有其分. 士治庶事, 農力田功, 工執藝事, 商通有無, 不可混也. 若欲士夫力田功, 農夫治庶事, 則豈非逆亂而難就, 顚倒而無章乎? 今殿下欲勸勵醫·譯, 精於其術者, 特命擢用東·西班, 臣等未知所以. 謹按《周禮》, 醫師掌醫之政, 聚毒藥以供醫事, 歲終稽其醫事, 以制其食, 十全爲上, 十失四爲下, 則是分其等次, 以爲祿之厚薄, 未聞擢用於淸班也. 至如象胥·舌人之類, 不過諭言語·協辭令而已, 其任固已輕矣. 故雖神於醫術如華佗之輩, 前史皆列於方技, 不入於列傳. 豈以其人微·其事賤, 不可列於土大夫也歟? 故我朝自祖宗以來, 別設醫官·譯官, 考其勤慢, 迭爲陞降, 以受其祿, 庶合周官之制. 其間稍優者, 或陞爲堂上官, 或陞爲二品, 是亦特恩, 非先王之制也. 況類皆賤微, 本非名流. 猥蒙國恩, 不爲不過, 國家勸勵, 不爲不至. 而猶希非分, 自占顯官. 所當窮推痛懲, 以警其餘, 而殿下不惟不罪, 又加傾採. 是猶使尸祝越樽俎, 代庖人之事. 不事其事, 不任其任, 終於貴賤相亂, 用舍乖及. 士夫恥與爲伍, 醫·譯不專其業, 則是謂兩失, 而無一可者也. 夫農·工·商·賈·巫·醫·藥師之人, 皆國之不可無者也. 況農桑爲民之天, 禮樂治國之本, 比於醫·譯, 輕重萬萬矣. 今旣欲勸勵醫·譯, 擢用於東·西班, 則設若欲興起禮樂, 則樂工擢用於東·西班, 欲勸勵農桑, 則農夫擢用於東·西班矣, 其可乎哉? 夫聖王之用人也, 猶匠之用木, 大小·長短, 各當其材. 弱木不可爲棟樑, 大材不可爲扂楔. 宰相須用宰相之才, 六卿須用六卿之才, 下至百執事, 各當其才, 然後可以稱其職矣. 今欲使醫舌, 不治醫舌之事, 而任士夫之職, 何異責農夫以治事, 用弱材於棟樑乎? 古人雖云立賢無方, 有敎無類, 其所謂賢·所謂敎, 豈醫舌云乎哉? 稽之於古, 則所任各異, 不可以相侵, 考之於今, 則貴賤異路, 不可以相雜, 其不可混也明矣. 殿下欽明文思, 超出百王, 而猶日御經筵, 孜孜學問, 乙夜忘疲者, 豈効儒生博士, 雕篆口讀而已哉? 乃欲洞觀前代, 明見得失, 以處於行事之際, 欲與聖王同歸耳. 然則宦者之不可加以崇班, 醫·譯之不可雜於淸流, 以殿下之明聖, 而豈不知之乎? 若曰: “大妃年深, 醫不可不重, 事大交隣, 譯不可不重,” 則有一說焉. 世宗之世, 善於譯者, 金何·李邊也, 當今之時, 良於醫者, 韓繼禧·任元濬·權攅也, 皆非出於賤品也. 若申明講肄·習讀之法, 擇其聰敏, 明其賞罰, 以勸勵之, 金何·李邊·繼禧·元濬·權攅, 何獨乏於將來也? 不務於此, 而必欲變舊章, 毁先憲, 卑朝廷, 辱君子, 棄先王之制, 崇賤微之人, 臣等不知其可也. 伏望亟收成命, 以副臣民之望.

『成宗實錄』卷140, 13年 4月 15日 癸丑

이 사료는 1482년(성종

13) 4월 15일 사헌부 대사헌 채수(蔡壽, 1449~1515)가 올린 상소

의 일부로, 의관이나 역관

과 같은 기술관의 동서반

진출을 금지하자는 내용이다.

조선 시대 기술관은 특수한 기술학에 종사하는 사람들을 총칭한다. 여기서 ‘기술(技術)’이란 요즈음의 테크닉(Technic)이란 의미보다는 ‘예능(藝能)’, 즉 실용적인 기술을 의미하였다. 조선 시대에는 이러한 기술학을 잡학이라 하였으며, 이에 종사하는 사람, 즉 기술관을 잡업인이라고 불렀다.

기술관에는 여러 기술학 생도를 비롯해 현직 및 전직의 역관

·의관·천문관·지관(地官)·산관(算官)

산술을 담당하는 관리

·율관(律官)

법률을 담당하는 관리

·화원

국가 기관인 도화청에 소속된 화가

·도류(道流)

도교에 관한 업무를 담당하던 관리

·금루관(禁漏官)

시간을 알려 주는 관리

·악생(樂生)

장악원에 소속되어 음악과 춤을 담당한 음악인

·악공·상도(尙道)

소격서에서 도교 의식을 행한 관리

·지도(志道)

도교 수행자 출신으로 소격서에 소속된 관리

·선화(善畵)

도화서에 소속된 최고위급 화가

·선회(善繪)

도화서에 소속된 화가

·화사(畵史)

도화서에 소속된 화가

·회사(繪史)

도화서에 소속된 화가

등이 포함되었다. 조선 초기에는 간혹 기술직을 잡직으로 부르는 경우가 있었지만, 이는 어디까지나 수사적인 표현에 불과했다. 관제상으로 기술직에는 양⋅천이 모두 임용될 수 있는 직과 양인만이 임명될 수 있는 직이 분리되어 있었다. 최근에는 의과, 역과, 율과, 음양과의 직종은 ‘전문직 중인

’으로, 산원, 화원 등은 ‘기술직 중인

’으로 구별하고 있다.

조선 시대 기술관이 되기 위해서는 잡과

에 통과하거나 취재

(取才)를 통과해야 했다. 잡과

는 역과(譯科)와 의과(醫科)·음양과(陰陽科)·율과(律科) 등이 있었다. 같은 잡학이지만 산학(算學)·악학(樂學)·화학(畵學)·도학(道學)은 따로 잡과

가 실시되지 않고 다른 임용 시험인 취재

를 통해 선발·임용되었다.

잡과

(雜科)를 통해 임용된 사람이나 취재

를 통해 잡직에 임명된 사람은 잡직계(雜職階)를 받았다. 잡직계는 정6품까지만 있었기에, 일반적으로 정6품까지 오를 수 있었다. 채수가 상소에서 언급한 사례는 특별 사례는 역관 홍순언(洪純彦)을 가리킨 것으로, 홍순언은 정2품에 올라갔다. 그러나 이 사례는 특수 사례에 지나지 않았다.

성종

은 잡직계에 있는 사람에게 동·서반의 품계를 주고 동·서반직에 임용하려 했던 것이고, 채수는 잡과

혹은 취재

를 통해 잡직에 출사한 사람과 동·서반 현관(顯官)에 출사한 사람은 근본적으로 다르다는 것을 피력한 것이었다.

위에서 언급한 바와 같이 잡직계는 잡과

혹은 취재

를 통해 출사한 사람이었고, 동·서반 현관에 출사한 사람은 문·문과를 통과한 사람들이었다. 또, 잡직계를 받는 사람 가운데는 천인

(賤人)도 있었고 같은 부서에 양인(良人)과 천인

이 함께 근무하는 경우도 있었던 반면, 문·무과는 애초에 양인만 응시할 수 있었다. 따라서 동·서반 현관에 있는 사람들은 자신들을 청류(淸流)로 여기며, 잡직계를 받은 사람들과의 구별 의식을 가질 수밖에 없었다. 채수는 사민(四民)의 역할, 사람의 능력 등에 따른 적재적소 인재 등용을 이야기하고 있지만, 그 이면에는 자신들과 기술관을 구별짓고 있었던 것이었다.

한편, 조선 시대 기술관들의 임무는 국가의 외교·보건 후생·사회 생활·과학·예술 등 국가 운영 전반에 걸쳐 꼭 필요한 것이었다. 따라서 국가의 정책에 의거해 이들을 양성했는데, 잡학이 바로 그것이었다. 기술관이 되기 위해 잡과

및 취재

에 응시하기 위해서는 잡학 생도가 되어야만 하였다. 잡학 생도는 전직이나 현직 기술관의 추천을 받아야만 될 수 있었다. 특히 전·현직 기술관의 추천을 받아야 한다는 점은 기술관이 세습되는 중요한 계기가 되었다.

이 같은 기술관을 포함한 중인

계급의 형성 시기에 대해서는 논란이 있다. 먼저 기술관을 포함한 중인

신분은 15세기경에 형성되기 시작하여 조선 후기에 이르러 하나의 독립된 신분층이 되었다는 견해가 있다. 이에 따르면 조선 전기에는 국가에서 기술학을 장려하였을 뿐 아니라 기술학에 대한 차별도 심하지 않았으나, 15세기 후반부터 사대부

관료들이 기술학을 천시하면서 차별 대우가 법제적으로 정비되었다는 것이다. 이들은 녹봉도 받지 못하고 관인에게 주는 과전(科田)도 받지 못하였으며 체아직만을 국가로부터 받았는데, 이것마저도 직책을 받을 기회가 드물었으므로 생활이 어려웠다는 것이다.

한편 이와는 달리 조선 전기에는 중인

신분층이 형성된 바가 없고 조선 후기에 가서야 비로소 성립되었다고 주장하는 견해가 있다. 현재로서는 그 형성 시기를 명확하게 단정할 수는 없으나, 이미 조선 전기부터 이들에 대한 차별 대우가 있었고, 천시하는 경향이 존재하였다. 그리고 그 직종도 세습되는 양상이 확인되고 있다.

이 사료는 기술학 및 그에 종사하는 사람들에 대한 사대부

관료들의 구별 의식을 보여주는 것으로서, 양인 신분 내부에서 양반

과 중인

계층이 나뉘는 양상을 잘 보여주고 있다.

이 글의 내용은 집필자의 개인적 견해이며, 국사편찬위원회의 공식적 견해와 다를 수 있습니다.

참고문헌

논문

이남희, 「조선전기 교육정책에 관한 일연구 - 잡과 기술교육 기관과 정책을 중심으로 -」, 『국사관논총』 100, 2002.
이남희, 「조선 전기의 律官 -그 身分的 性格과 位相을 중심으로」, 『한국사학보』 15, 2003.
이남희, 「잡과의 전개와 중인층의 동향」, 『한국사 시민강좌』 46, 일조각. 2010.
이성무, 「조선전기 중인층의 성립문제」, 『동양학』8, 1978.
이성무, 「조선전기의 신분제도」, 『동아문화』13, 1976.
이성무, 「조선초기의 기술관과 그 지위-중인층의 성립문제를 중심으로-」, 『류홍렬 박사 화갑 기념 논총』, 1971.
정옥자, 「조선후기의 기술직 중인」, 『진단학보』61, 1986.
한영우, 「조선시대 중인의 신분·계급적 성격」, 『한국문화』9, 1988.
박성래, 「조선유교사회의 중인기술교육」, 『대동문화연구』 17, 1983.

저서

김두헌, 『조선시대 기술직 중인 신분연구』, 경인문화사, 2013.
연세대학교 국학연구원, 『고려·조선전기 중인 연구』, 신서원, 2001.
이성무, 『조선초기 양반 연구』, 일조각, 1980.

편저

신해순, 「중인」, 국사편찬위원회, 1994.
이성무, 「과거의 종류」, 국사편찬위원회, 1994.
이성무, 「양반과 양천제」, 일조각, 1987.

관련사이트

[http://sillok.history.go.kr/id/kia_11304015_002] 『성종실록』권140, 13년 4월 15일, 계축, 국사편찬위원회 조선왕조실록",,,,https://contents.history.go.kr/front/hm/view.do?levelId=hm_084_0040,사료로 본 한국사\items\hm_age_50_조선 전기\hm_ty_030_사회\hm_084_0040_중인 차별-기술관의 동서반 입사 반대.md
505,hm_age_50,조선 전기,hm_ty_030,사회,hm_084_0050,서얼 금고법 비판,조선 전기 > 사회 > 신분 제도의 정비 > 서얼 금고법 비판,"서얼

(庶孼) 자손에게 과거

와 벼슬을 못하게 한 것은 우리나라의 옛 법이 아니다. 『경제육전(經濟六典)』을 살피건대, 1415년(명나라 영락 13)에 중국 명나라의 우대언(右代言) 서선(徐選) 등이 서얼

자손에게는 현직(顯職)에 서용을 금하고 이로써 적서(嫡庶)를 구별하자고 하였다. 이것으로 보건대 1415년 이전에는 현직(顯職)에도 서용했는데, 그 이후로는 단지 과거

및 정반(正班)만 허가했다. 이후 『경국대전

』을 편찬한 뒤부터 비로소 벼슬길을 막았으니, 지금까지 100년이 채 못 된다. 세상 천지에 땅에 자리 잡고 나라라고 이름한 것이 어찌 일백 개 정도만 되겠는가마는, 벼슬길을 막는 법이 있다는 것을 아직 듣지 못하였다. 하물며 향리

(鄕吏)·수군

(水軍) 등의 천인

이 과거

를 보러 가서 조상의 계보를 말해도 애당초 근거로 삼을 만한 본관(本貫)도 없을 것이고, 혹은 유민(流民)에게 시집가고 혹은 도망한 사람에게 장가들기도 하였으니, 누가 능히 그 양인

과 천인

을 가릴 수 있겠는가. 경대부(卿大夫)의 아들이지만, 오직 외가가 없어서 대대로 벼슬길이 막혀, 비록 뛰어난 재주와 쓸 만한 그릇을 가지고 있으면서도 끝내 남에게 머리를 숙이고 들창 밑에서 죽어 향리

나 수군

만도 못하니 불쌍하도다.

『패관잡기』권2

庶孼子孫, 不許科擧仕路, 非三韓舊法也. 按經濟六典, 永樂十三年, 右代言徐選等陳言, 庶孼子孫, 勿敍顯職, 以別嫡庶之分. 以此觀之, 永樂十三年以前, 則顯職亦敍, 以後則只許科擧正班而已. 自撰定大典之後, 始加禁痼, 至今未百年矣. 覆載之內, 九州之外, 據土地而以國名者, 奚啻百數, 而未聞有禁痼之法. 況鄕吏水軍役之至賤, 而猶赴科擧, 語其內外世系, 則初無本貫可據, 或嫁流民, 或娶逃人, 誰能辨其良賤哉. 以卿大夫之子只無外家, 而世世禁痼, 雖出衆之才適用之器, 終屈首死牖下, 曾鄕吏水軍之不若, 可憐哉.

『稗官雜記』卷2

이 사료는 서얼

(庶孼)의 차별 대우를 비판한 자료로, 어숙권(魚叔權)의 『패관잡기』에 수록되어 있다. 어숙권은 서얼

출신으로 중국어에 뛰어나 사신을 수행하여 중국에 다녀오기도 하였고, 『고사촬요』와 『패관잡기』 등의 저술을 남기기도 하였다.

서얼

은 사족

의 혈통을 받았으면서도 어머니가 정실 처가 아니라 첩이었기 때문에 사족

으로서의 지위를 누리지 못하게 된 존재였다. 서(庶)는 양인

첩의 자손을, 얼(孽)은 천민

첩의 자손을 뜻하는 말이었다. 서얼

에 대한 차별 대우가 관념적으로나 법제적으로 강화된 것은 조선 전기 태종

(太宗, 1367~1422, 재위 1400~1418) 대 이후였다. 조선 전기에 처와 첩 사이에 엄격한 구분이 제도화되면서 그 자식들도 구분할 필요가 생기면서 서얼

에 대한 차별이 제도화된 것이었다.

서얼

에 대한 차별은 품계와 관직 진출의 제한에서 시작되었다. 태종

대에 천민

첩의 자손부터 적용되기 시작하다가, 이후 『경국대전

』이 편찬되는 단계에 이르러서는 양민

첩의 자손에게까지 적용되었다. 서얼

은 제한된 품계의 범위 안에서 관직에 나갈 수 있었는데, 문·무관2품 이상의 양첩 자손은 정3품 당하관, 천첩의 자손은 정5품까지 서용(敍用)하였으며, 3품 이하 6품 이상 관리의 양첩 자손은 정4품, 천첩의 자손은 정6품까지 서용하였다. 7품 이하의 관리에서 관직이 없는 사족

에 이르기까지는 양첩의 자손은 정5품, 천첩의 자손은 정7품까지 서용하였다. 아울러 서얼

은 현직(顯職)의 임용도 제한하였다. 현직은 현관(顯官)이라고도 하는데, 대체로 청요직(淸要職)과 같은 주요 관직을 뜻한다. 현직에 있는 사람의 자손 가운데 한 명은 과거

시험을 치르지 않고 관료가 되는 음서(蔭敍)

의 특권을 누릴 수 있었는데, 서얼

은 현직에 진출하는 것이 금지되어 그러한 특권을 누릴 수 없었다.

서얼

과 그 자손이 양반

관료가 되는 길을 막기 위하여 그 출발인 과거 제도

에 응시하는 것도 금지하였다. 조선 전기 세조

(世祖, 1417~1468, 재위 1455~1468)의 특허로 유자광

(柳子光, 1439~1512) 등 일부 서얼

이 문·무과를 거쳐 관인이 된 적이 있기는 하였으나, 『경국대전

』에서는 이를 금지시켰다. 즉 서얼

과 그 자손이 생원·진사시

와 문·무과에 응시하는 것을 불허하는 규정이 『경국대전

』에 명시된 것이다. 얼마 후 『경국대전

』에 주석(註釋)을 추가하면서 서얼

자손 부분을 ‘서얼

자자손손(庶孽子子孫孫)’으로 확대시켜 서얼

의 자손들이 대대로 과거

에 응시하는 것을 영원히 금지하였다. 서얼

에 대한 이 같은 관직 진출이나 과거

응시에 대한 제한은 적서의 구분을 엄격히 하려는 풍조 하에서 취해진 조치였다.

한편 서얼

은 문·무과에 응시하고 관직에 진출하는 것이 제한되었지만 기술관으로의 진출은 가능하였다. 이것도 2품 이상 고위 관료 자손들에게만 허용되는 제한이 있기는 하였다. 『경국대전

』에서는 2품 이상 관리의 첩 자손의 경우에는 각각의 재능에 따라 사역원·관상감·전의감·내수사·혜민서

·도화서

·산학·율학 등의 기술관직에 임용하는 것을 허용하였다. 이는 서얼

의 증손과 현손(玄孫)에게도 적용되었다.

결국 서얼

은 조선 전기 신분제의 재편성에 따라 지배 신분층이 양분화되는 과정에서 하급 지배 신분층으로 격하된 존재였다. 상급 지배 신분층인 사족

의 자손이기는 하였으나, 어머니가 양첩 또는 천첩이라는 이유로 천시되어 차별 대우를 받게 됨으로써 상급 지배 신분층인 사족

신분층에 들지 못하였던 것이다.

16세기 이후 서얼

에 대한 차별 대우를 개선하려는 노력들이 이루어지기 시작하였다. 중종

(中宗, 1488~1544, 재위 1506~1544) 대 조광조

(趙光祖, 1482~1519)를 비롯해 선조

(宣祖, 1552~1608, 재위 1567~1608) 대 이이

(李珥, 1536~1584)나 조헌

(趙憲, 1544~1592) 등이 이 문제의 심각성을 거론하면서 그 대책을 내놓았다. 예컨태 이이

는 국가에 어려운 일이 있을 때 군량미 혹은 구휼미 등을 납속

(納贖)한 서얼

에게는 과거

에 응시할 기회를 허가하자고 하였다. 조헌

은 명나라에서 인재를 등용하는 예를 언급하며 서얼

을 비롯해 어머니가 새로 결혼한 자녀의 자손에게까지도 관직 진출을 허용하자고 하였다. 서얼

의 차별을 해소하려는 이러한 노력은 이후에도 계속되어 이원익

(李元翼, 1547~1634)이나 최석정(崔錫鼎, 1646~1715) 등도 서얼

차별의 문제점을 지적하고 그 대안을 제시하였다. 서얼

자신들도 선조

대 이후에는 여러 명이 모여 연명 상소

를 올리면서 문제점을 해결하려고 하였다.

이 글의 내용은 집필자의 개인적 견해이며, 국사편찬위원회의 공식적 견해와 다를 수 있습니다.

참고문헌

논문

박경, 「서얼 관직 진출 관련 법과 논의에 반영된 조선의 친족 질서」, 『국학연구』 40, 한국국학진흥원, 2019.
박천규, 「조선전기 서얼의 사회적 지위」, 『사학연구』30, 한국사학회, 1980.
배재홍, 「조선전기 처첩 분간과 서얼」, 『대구사학』41, 대구사학회, 1991.
이종일, 「朝鮮時代 庶孼身分變動史 硏究」, 동국대학교대학원 박사학위논문, 1988.
이태진, 「서얼차대고」, 『역사학보』27, 역사학회, 1965.
이종서, 「퇴계(退溪) 이황(李滉)의 종법(宗法) 이해와 그 특징」, 『역사문화논총』 2, 역사문화연구소, 2006.
정긍식, 「16세기 첩자의 제사 승계권」, 『사회와 역사』 53, 한국사회사학회, 1998.
최이돈, 「조선 초기 서얼의 차대와 신분」, 『역사학보』204, 역사학회, 2009.

저서

최이돈, 『조선전기 신분구조』, 경인문화사, 2017.

편저

신해순, 「중인」, 국사편찬위원회 편, 『(신편) 한국사』 25, 1994.

관련사이트

[http://db.itkc.or.kr/inLink?DCI=ITKC_BT_1312A_0020_000_0010_2002_001_XML] 『패관잡기』권2, 한국고전번역원 한국고전종합DB",,,,https://contents.history.go.kr/front/hm/view.do?levelId=hm_084_0050,사료로 본 한국사\items\hm_age_50_조선 전기\hm_ty_030_사회\hm_084_0050_서얼 금고법 비판.md
506,hm_age_50,조선 전기,hm_ty_030,사회,hm_085_0010,중국 예법과 조선 풍속의 조화,조선 전기 > 사회 > 유교적 지배 질서의 확립 > 중국 예법과 조선 풍속의 조화,"1. 예법(禮法)은 본국의 풍속을 따라야 합니다. 대체로 신이 듣건대 서하(西夏)는 그 나라의 풍속이 변하지 않았기 때문에 수백 년을 유지할 수 있었습니다. 원호(元昊)

서하(西夏)의 경종(景宗) 이낭소(李曩霄)

는 본시 영웅이었습니다. 그는 “금의(錦衣)와 옥식(玉食)은 번국(蕃國)의 성질(性質)에 편리한 것이 아니다.”라고 하였습니다. 금(金)나라의 세종

(世宗)도 또한 매번 수도인 상경(上京)의 풍속을 생각하며 한평생 잊지 않았습니다. 요(遼)나라에는 남부(南府)·북부(北府)가 있었고, 원(元)나라에는 몽관(蒙官)·한관(漢官)이 있었습니다. 원나라 사람은 그 근본을 중히 여겼기 때문에, 비록 중원(中原)을 잃었어도 고비 사막 이북의 본토는 옛날과 같았습니다.

우리 동방 사람들은 대대로 요수(遼水) 동쪽에 살았으며, 만리지국(萬里之國)이라 불렀습니다. 삼면이 바다로 막혀 있고, 일면은 산을 등지고 있어 그 구역이 자연적으로 나누어져 있습니다. 풍토와 기후도 역시 달라서 단군 이래 관아(官衙)와 주군(州郡)을 설치하고 독자적인 위엄과 교화를 펴 왔습니다. 고려의 태조

(太祖)는 신서(信書)를 지어 백성을 가르쳤는데, 의관(衣冠)과 언어는 모두 본국의 풍속을 준수하도록 하였습니다. 만일 의관과 언어가 중국과 다르지 않다면 민심이 정착되지 않아서 마치 제(齊)나라 사람이 노(魯)나라에 간 것과 같게 될 것입니다. 고려 때 불만을 품은 무리가 서로 잇달아서 몽고로 투화한 것은 한 국가로서는 매우 온당치 않은 일입니다. 바라건대 의관은 조복(朝服) 이 외에는 반드시 모두 중국 제도를 따를 필요는 없습니다. 언어도 역관

이 외에는 옛 관습을 변경하는 것이 불필요합니다. 비록 연등(燃燈)·척석(擲石)이라 할지라도 역시 옛 관습을 따라도 안 될 것은 없습니다.

『세조실록』권1, 1년 7월 5일(무인)

一, 儀從本俗. 蓋臣聞, 西夏以不變國俗, 維持數百年. 元昊英雄也. 其言曰, “錦衣玉食, 非蕃性所便”. 金世宗亦每念上京風俗, 終身不忘. 遼有南·北府, 元有蒙·漢官. 而元人則以根本爲重, 故雖失中原, 沙漠以北如古也. 吾東方世居遼水之東, 號爲萬里之國. 三面阻海, 一面負山, 區域自分. 風氣亦殊, 檀君以來設官置州, 自爲聲敎. 前朝太祖作信書敎國人, 衣冠·言語悉遵本俗. 若衣冠·言語, 與中國不異, 則民心無定, 如齊適魯. 前朝之於蒙古, 不逞之徒相繼投化, 於國家甚爲未便. 乞衣冠則朝服外, 不必盡從華制. 言語則通事外, 不必欲變舊俗. 雖燃燈·擲石, 亦從古俗無不可也.

『世祖實錄』卷1, 1年 7月 5日 戊寅

이 사료는 1455년(세조

1) 7월 5일 집현전

직제학 양성지

(梁誠之, 1415~1482)가 제출한 상소문

의 일부로, 중국과 다른 독자적인 우리 고유의 문화를 계승하자는 내용이다. 양성지

의 자는 순부(純夫)이고, 호는 눌재(訥齋) 또는 송파(松坡)이며, 시호는 문양(文襄)이다. 양성지

는 1441년(세종

23) 문과에 급제한 뒤 성균관

주부 등을 거쳐 집현전

의 부수찬과 교리를 역임하였다. 이후에는 이조 판서를 비롯해 대사헌, 공조 판서 등을 역임하였고 1417년(성종

2)에는 좌리공신 3등에 책록되었다. 세조

(世祖, 1417~1468, 재위 1455~1468)가 그를 ‘해동(海東)의 제갈량(諸葛亮)’이라고 평가할 정도로 각종 업무에 능했다.

양성지

는 1455년(세조

1) 7월 5일 모두 12개조로 구성된 상소

를 올렸다. 상소

의 내용은 민심을 얻어야 한다는 득민심(得民心)을 비롯하여, 제도를 정해야 한다는 정제도(定制度)와 이전 시대를 본받아야 한다는 법전대(法前代), 근본을 알아야 한다는 지대체(知大體), 작은 일을 배려하라는 여미(慮微), 시초에 근신하라는 근시(謹始), 안정을 숭상하라는 상안정(尙安靜), 강직한 성품과 명석한 두뇌를 중요하게 여겨야 한다는 중강명(重剛明), 예법은 본국의 풍속을 따라야 한다는 의종본속(儀從本俗), 중국 섬기기를 예(禮)로써 해야 한다는 사천이례(事大以禮), 신료를 대접할 때 법도가 있어야 한다는 대신료유법(待臣僚有法), 문무를 하나 같이 대접해야 한다는 대문무여일(待文武如一) 등이다.

이 중 본 자료는 ‘의종본속’조로, 예법과 풍속은 이전부터 내려오던 독자적인 것을 따라야 한다는 내용이다. 중국과 우리는 풍토와 기후가 다르기 때문에, 조복(朝服) 이외의 의관은 반드시 중국의 제도를 따를 필요가 없다고 하였다. 언어 또한 통역을 담당하는 역관

이 외에는 옛 관행을 따르도록 하고, 연등 행사나 척석(擲石) 등도 계승하지 않을 이유가 없다고 하였다. 이 같은 양성지

의 주장은 조선 전기 주체적인 입장에서 중국과의 차별을 강조하던 흐름을 따르고 있다.

조선 전기에 중국과의 차별성을 강조하던 경향은 여러 부분에서 확인된다. 고려 후기에 수입된 농서인 『농상집요(農桑輯要)』가 농촌 현실에 맞지 않는다는 이유로 조선에서는 조선의 풍토에 맞는 『농사직설(農事直說)』을 국가 주도 하에 편찬하였다. 측우기의 제작이나 『칠정산(七政算)』의 간행 등도 조선의 현실에 맞게 천체의 운행이나 날짜 등을 계산하도록 역법

을 체계화시키기 위한 것이었다.

이 밖에도 단군에 대한 인식이나 하늘에 제사 지내는 제천(祭天) 행사에 대한 강조도 있었다. 고려 후기 수차례 외침을 받는 가운데 단군

은 개국 시조로 인식되기 시작하였다. 이어 조선 전기에는 1412년(태종

12) 단군

을 기자묘(箕子廟)에 함께 모시게 되었다. 이는 중국과의 관계를 고려해 기자를 더 숭배하지만 동시에 단군

에 대한 숭배도 중요해지는 양상을 반영한 것이었다. 그 결과 1429년(세종

11) 단군 사당을 따로 짓고, 고구려의 시조인 동명왕

(東明王, 기원전 58~기원전 19)을 함께 모시게 되었다. 단군

에 대한 숭배는 건국 시조라는 인식의 등장이자, 민족사의 유구성에 대한 강한 자부심이 표현된 것이었다.

이 사료에 표현된 양성지

의 단군

에 대한 인식 역시 이와 같은 측면에서 비롯된 것이었다. 제천 행사에 대한 강조 역시 그 연장선상에서 나왔다. 세종

(世宗, 1397~1450, 재위 1418~1450) 초 변계량

(卞季良, 1369~1430)은 우리나라가 천자가 제후로 분봉한 나라가 아니라 유구한 역사를 가진 자주국임을 강조하면서 제천 행사의 시행을 주장하였고, 실제 변계량

의 건의는 세종

에게 왕위를 물려 주고 상왕으로 물러나 있던 태종

(太宗, 1367~1422, 재위 1400~1418)의 허가를 받아 시행되었다.

양성지

가 우리나라의 독자적인 고유 문화를 강조한 것도 이 같은 당시 시대적 흐름의 연장선상에서 이루어졌다. 양성지

는 중국 문화와 조선 문화가 같은 것은 법 제도와 윤리 분야이고 언어나 의관, 풍속 등은 중국과 다르다고 하였다. 그는 우리 고유의 풍속 등을 적극 옹호하였으며, 심지어 중국 문화의 영향을 받으면서도 부분적으로는 나라의 풍속을 유지했던 서하(西夏)나 몽고(蒙古)의 태도도 배울 필요가 있다고 주장하였다. 그렇다고 하여 양성지

가 중국 문화를 완전히 배격한 것은 아니었다. 그는 기본적으로 중국에 대한 사대의식(事大意識)을 갖고 있었고, 중국 문화를 수용하자는 주장도 하였다. 중국에 유학생을 보내 새로운 문물을 배워 오자고 청한 적도 있었다.

양성지

의 이러한 주장은 한편으로는 중국 문화에 대한 존경의 태도를 담고 있었지만, 동시에 우리 전통 문화의 우수성에 대한 강한 자긍심이 반영된 것이기도 하였다. 양성지

는 이런 자긍심을 바탕으로 우리 문화와 중국 문화를 조화시키고자 하였던 것이다.

이 글의 내용은 집필자의 개인적 견해이며, 국사편찬위원회의 공식적 견해와 다를 수 있습니다.

참고문헌

논문

구도영, 「16세기 조선의 압록강 하구 도서(島嶼)에 대한 영토인식과 외교전략」, 『역사와 현실』 97, 한국역사연구회, 2015.
김경록, 「조선초기 국제정세와 국방정책」, 『軍史硏究』 146, 육군군사연구소, 2018.
김정신, 「양성지, 국가와의 공동운명체, 세신의 정치를 꿈꾸다」, 『내일을 여는 역사』 50, 내일을 여는 역사재단, 2013.
문중양, 「15세기의 ‘風土不同論’과 조선의 고유성」, 『韓國史硏究』 162, 한국사연구회, 2013.
서태원, 「『동국여지승람』에 반영된 자주의식 -눌재 양성지의 사상과 관련하여-」, 『역사민속학』 29, 한국역사민속학회, 2009.
한영우, 「눌재 양성지의 사회·정치사상」, 『역사교육』 17, 역사교육연구회, 1975.

저서

이규철, 『정벌과 사대 - 15세기 조선의 대외정벌과 대명의식』, 역사비평사, 2022.

관련사이트

[http://sillok.history.go.kr/id/kga_10107005_003] 『세조실록』권1, 1년 7월 5일 무인, 국사편찬위원회 조선왕조실록",,,,https://contents.history.go.kr/front/hm/view.do?levelId=hm_085_0010,사료로 본 한국사\items\hm_age_50_조선 전기\hm_ty_030_사회\hm_085_0010_중국 예법과 조선 풍속의 조화.md
507,hm_age_50,조선 전기,hm_ty_030,사회,hm_085_0020,삼강행실도 서문,조선 전기 > 사회 > 유교적 지배 질서의 확립 > 삼강행실도 서문,"천하의 공통된 도(道)가 다섯인데, 삼강(三綱)이 맨 위에 있으니 실지로 경륜의 큰 법이요, 모든 교화의 근원이다. 예전 일을 상고해 보면 제순(帝舜)

순임금

은 오전(五典)

사람이 지켜야 할 5가지 인륜(人倫)

)을 삼가 아름답게 하셨고, 성탕(成湯)

중국 고대 은나라의 초대 왕

은 비로소 인기(人紀)

사람의 도리

를 닦으셨고, 주나라에서는 백성으로 하여금 오교(五敎)

오륜의 가르침

를 존중하게 하고 삼물(三物)1)

1)

삼물은 육덕(六德), 육행(六行), 육예(六藝)를 일컫는다. 『주례(周禮)』 ‘지관(地官)·대사도(大司徒)’에 보이는데, 육행은 6가지의 덕행(德行), 효도, 형제 우애, 친족 화목, 외척 친목, 친구 간의 믿음, 구휼을 말하고, 육예는 예(禮)·악(樂)·사(射)·어(御)·서(書)·수(數)를 말한다.

을 가르쳐 그 중 뛰어난 자를 빈객으로 추천하도록 했으니, 제왕 정치의 급선무임을 알 수 있다.

선덕(宣德) 신해년(세종

13, 1431) 여름에, 우리 주상 전하가 근신(近臣)에게 명하기를, “삼대의 정치는 모두 인륜을 밝혔는데 후세에는 교화가 차츰 해이해져서 백성이 서로 화목하지 못하니 군신·부자·부부의 큰 인륜이 모두 본연의 성품과 위배되어 항상 박(薄)한 데에 흘렀다. 그러나 간혹 탁월한 행실과 높은 절개가 습속에 휩쓸리지 아니하여 보고 듣는 사람을 깨우쳐 일으키는 자도 많았다. 내가 그 가운데 훌륭한 것을 뽑아서 그림을 그리고 찬을 지어서 안팎에 반포하고자 하니, 거의 어리석은 남자나 무식한 여자라 할지라도 모두 보고 느껴 흥기하기에 쉽게 할 것이니, 이것이 곧 백성을 교화하고 풍속을 이룩하는 한 가지 방도이다” 하고, 여기서 집현전

부제학 신 설순(偰循, ?~1435)에게 명하여 편찬하는 일을 맡도록 하였다.

그리하여 중국으로부터 우리 동방에 이르기까지 고금의 서적에 있는 것을 찾아보지 않은 것이 없이 하여 효자·충신·열녀

로 뚜렷이 기술할 만한 사람 각각 110명을 뽑아서 전면에는 그림을 그리고 후면에는 그 사실을 기록했으며, 아울러 시(詩)까지 써 놓았다. 효자에 있어서는 삼가 [명나라] 태종황제(太宗皇帝)가 하사한 효순사실(孝順事實)의 시를 기록하고, 겸하여 신의 고조(高祖) 신 권부(權溥, 1262~1346)가 지은 『효행록(孝行錄)』2)

2)

고려 후기에 중국 역대의 효행 고사를 모아 만든 목판본 책이다. 1346년(충목왕 2) 권준(權準)이 자신의 아버지 권부(權溥)와 함께 중국의 효행설 62장을 선정하고 이제현

(李齊賢, 1287~1367)의 찬(贊)을 얻어 엮었다. 1405년(태종

5) 권준의 현손(玄孫)인 권근

權近)이 주석을 달아 처음 간행했다.

가운데 있는 명현(名賢) 이제현

의 찬(贊)을 가져왔고 그 나머지는 보신(輔臣)으로 하여금 나누어 짓도록 하였으며, 충신과 열녀

의 시도 문신들로 하여금 나누어 짓게 하여, 편찬이 끝나자 『삼강행실도』란 이름을 내리고 주자소(鑄字所)로 하여금 발간해서 영구히 전하게 하였다.

이에 신 권채(權採, 1399~1438)에게 명하여 책머리에 서문을 쓰라고 하니, 신 권채는 삼가 생각하건대, 임금과 어버이와 부부의 인륜에 대한 충·효·절의(節義)의 도리는 바로 하늘이 내려준 천성으로 사람마다 같은 것이니, 천지가 처음 생길 때부터 같이 생겼고 천지가 끝날 때까지 없어지지 않아서, 요순(堯舜)이 어질다고 더 있는 게 아니고 걸주(桀紂)가 사납다고 부족한 것이 아니다. 그러나 선왕(先王) 때에는 오전(五典)을 잘 따라 백성들이 화목해서 집집마다 표창을 할 만하였는데, 삼대 이후에는 안정된 날이 항상 적어서 난신(亂臣)과 적자(賊子)의 무리가 세상에 발을 붙이게 되었으니, 진실로 임금이 그 백성을 잘 인도하느냐에 달렸다. 지금 우리 주상 전하는 성스럽고 신묘한 자질로 군사(君師)의 도리를 다해서 공덕이 이루어지고 정치가 안정되어 온갖 일이 다 확장함과 동시에 강상

(綱常)을 붙들어 일으키고 세도를 유지하는 것으로 근본을 삼았다.

무릇 명교(名敎)에 관계되는 것은 강구하고 자세히 따져서 상전(常典)으로 만들지 않은 것이 없으니, 몸소 행하고 마음으로 채득한 나머지에 백성을 교화시키는 것이 아주 극진하게 되었다. 그러고도 흥기시키는 방법이 미진한 데가 있을까 염려하여 여기서 이 책을 만들어 민간에 배포하여, 어질거나 어리석거나 귀하거나 천하거나 아이거나 부녀자거나를 막론하고 모두 즐겨 보고 익히 들을 수 있게 하였으며, 그림을 구경하여 그 모습을 생각하며 그 시를 읊어 그 성정(性情)을 체득하게 하니 흠모하며 권면하고 격려하지 않는 사람이 없어서, 다 같이 착한 마음을 감발시키고 그 직분에 마땅히 할 일을 다하게 될 것이다. 대개 제왕이 오전(五典)을 돈독히 하고 교화를 펴는 뜻과 더불어 동일한 법인데, 조리는 더 정밀하게 되었다. 이로 말미암아 백성의 풍속이 아름답게 변하고 다스리는 방도가 더욱 융성하여 집에는 다 효도하는 자식이 되고 나라에는 모두 충성하는 신하가 될 것이니, 남해(南陔)와 백화(白華)3)

3)

『시경』의 편명으로, 모두 곡조만 있고 가사가 없다. 「모시서」에 의하면 내용은 효자가 부모님을 봉양함을 읊은 것이라고 한다.

의 편(篇)과 광한(廣漢)과 여분(汝墳)4)

4)

『시경』 「주남(周南)」의 편명으로, 문왕(文王)의 교화가 멀리까지 펼쳐짐을 말한다.

의 시(詩)가 장차 위항(委巷)에서 계속해 지어져서, 왕화(王化)의 아름다운 것은 마땅히 이남(二南)에 양보하지 않을 것이요, 왕업의 견고한 것은 실로 길이 만세에 전할 것이다. 후세의 군자는 더욱 성상의 마음을 본받아서 무궁한 장래에까지 경건하게 지키는 것이 어찌 옳은 일이 아니겠는가.

『동문선』권93 「서」 삼강행실도서

삼물은 육덕(六德), 육행(六行), 육예(六藝)를 일컫는다. 『주례(周禮)』 ‘지관(地官)·대사도(大司徒)’에 보이는데, 육행은 6가지의 덕행(德行), 효도, 형제 우애, 친족 화목, 외척 친목, 친구 간의 믿음, 구휼을 말하고, 육예는 예(禮)·악(樂)·사(射)·어(御)·서(書)·수(數)를 말한다. [https://contents.history.go.kr#fsid_1]

고려 후기에 중국 역대의 효행 고사를 모아 만든 목판본 책이다. 1346년(충목왕 2) 권준(權準)이 자신의 아버지 권부(權溥)와 함께 중국의 효행설 62장을 선정하고 이제현

(李齊賢, 1287~1367)의 찬(贊)을 얻어 엮었다. 1405년(태종

5) 권준의 현손(玄孫)인 권근

權近)이 주석을 달아 처음 간행했다. [https://contents.history.go.kr#fsid_2]

『시경』의 편명으로, 모두 곡조만 있고 가사가 없다. 「모시서」에 의하면 내용은 효자가 부모님을 봉양함을 읊은 것이라고 한다. [https://contents.history.go.kr#fsid_3]

『시경』 「주남(周南)」의 편명으로, 문왕(文王)의 교화가 멀리까지 펼쳐짐을 말한다. [https://contents.history.go.kr#fsid_4]

天下之達道五, 而三綱居其首, 實經綸之大法, 而萬化之本源也. 若稽諸古, 帝舜愼徽五典, 成湯肇修人紀, 周家重民五敎, 而賓興三物, 帝王爲治之先務, 可知也已. 宣德辛亥夏, 我主上殿下, 命近臣若曰, 三代之治, 皆所以明人倫也, 後世敎化陵夷, 百姓不親, 君臣·父子·夫婦之大倫, 率皆昧於所性, 而常失於薄. 間有卓行高節, 不爲習俗所移, 而聳人觀聽者, 亦多. 予欲使取其特異者, 作爲圖贊, 頒諸中外, 庶幾愚夫愚婦, 皆得易以觀感而興起, 則亦化民成俗之一道也. 乃命集賢殿副提學臣偰循, 掌編摩之事. 於是, 自中國以至我東方, 古今書傳所載, 靡不蒐閱, 得孝子·忠臣·烈女之卓然可述者, 各百有十人, 圖形於前, 紀實於後, 而幷系以詩. 孝子則謹錄太宗文皇帝所賜孝順事實之詩, 兼取臣高祖臣溥所撰孝行錄中名儒李齊賢之贊, 其餘則令輔臣分撰, 忠臣烈女之詩, 亦令文臣, 分製編訖, 賜名三綱行實圖, 令鑄字所, 鋟榟永傳. 爰命臣採, 序其卷端, 臣採竊惟君親夫婦之倫, 忠·孝·節義之道, 是乃降衷秉彝, 人人所同, 窮天地之始而俱生, 極天地之終而罔墜, 不以堯舜之仁而有餘, 不以桀紂之暴而不足. 然先王之時, 五典克從, 民用和睦, 而比屋可封, 三代以後, 治日常少, 而亂賊之徒, 接跡於世者, 良由君上導養之如何耳. 今我主上殿下, 以神聖之資, 盡君師之道, 功成治定, 萬目畢張, 而以扶植綱常, 維持世道爲本. 凡有關於名敎者, 無不講究商確, 著爲彝典, 所以化民於躬行心得之餘者, 旣極其至. 猶慮興起之方, 有所未盡, 乃爲此書, 廣布民間, 使無賢愚貴賤孩童婦女, 皆有以樂觀而習聞, 披玩其圖, 以想形容, 諷詠其詩, 以體情性, 莫不歆羡嘆慕, 勸勉激勵, 以感發其同然之善心, 而盡其職分之當爲矣. 蓋與帝王敦典敷敎之義同一揆, 而條理有加密焉. 由是民風丕變, 治道益隆, 家盡孝順之子, 國皆忠藎之臣, 南陔，白華之什, 漢廣，汝墳之詩,將繼作於委巷之間, 王化之美, 當無讓於二南, 而王業之固, 實永傳於萬世. 後之君子, 益體宸衷, 服膺敬守於無窮, 豈不韙歟.

『東文選』卷93 「序」 三綱行實圖序

이 사료는 권채(權採, 1399~1438)가 지은 『삼강행실도』 서문이다. 『삼강행실도』는 충신, 효자, 열녀

에 대한 사실을 모은 조선 시대 윤리 헌장과 같은 성격의 책이다. 국가에서 『삼강행실도(三綱行實圖)』를 발간하여 신하와 지방 백성에게 하사하여 널리 알린 것으로 미루어, 백성을 교화하는 기본 지침서로 매우 중요하게 취급했음을 알 수 있다.

『삼강행실도』는 1428년(세종

10) 진주 사람 김화(金禾)가 자신의 아버지를 살해한 사건이 일어나자, 세종

이 직제학 설순(偰循, ?~1435) 등에게 명하여 백성에게 효행을 널리 읽힐 수 있는 책을 간행토록 하면서 비롯되었다. 『삼강행실도』는 1432년(세종

14)에 집현전

에서 발간했는데, 우리나라와 중국에서 모범이 되는 군신·부자·부부 등의 사례를 뽑아 각각 정리하고, 충신·효자·열녀

등을 선정하고 이들 행적을 그림과 함께 담았다. 책의 구성은 각각에 그림을 붙이고 한문으로 행적을 기록한 후, 이에 관한 원문을 칠언절구로 정리하였다. 그 중에 몇 편은 사언일구(四言一句)의 찬(贊)을 붙이기도 하였다.

이 사료는 책의 서문으로서 『삼강행실도』가 작성된 이유와 목적, 그리고 책의 구성을 설명하고 있다. 앞서 언급한 바와 같이 『삼강행실도』는 그림과 시로 구성되어 있는데, 이는 곧 그림을 통해 글자를 모르더라도 책을 이해할 수 있도록 만든 것이다. 교육자는 그림으로 구성된 교재를 펼치고, 피교육자는 그림을 보면서 교육자의 이야기를 듣는다. 피교육자는 이러한 교육을 통해 충신·효자·열녀

의 이야기를 이해하고, 생활 속에서 실천할 수 있는 삼강오륜

을 익힐 수 있었다.

이러한 교육 방식은 문자 사회에서 문자를 모르는 백성을 위한 것이었다. 조선은 법률을 일반 백성들에게 알려 주기 위하여 율문(律文)을 글이나 말로써 알려주는 독법령(讀法令)을 실시했다. 문자를 알지 못하면 불이익을 감수해야만 하는 사회였고, 교육 또한 문자를 기반으로 한 유학 경전 교육 중심이었다. 조선은 성문법에 의해 백성들을 통치하던 사회였던 것이다. 하지만 모든 사람들이 문자, 특히 한자를 아는 것은 아니었다. 이러한 상황에서 출간된 『삼강행실도』는 문자와 음성 두 미디어가 결합·출판된 결과물이었다.

더욱이 그 교육 대상을‘어질거나 어리석거나 귀하거나 천하거나 아이거나 부녀자거나를 막론하고 모두 즐겨 보고 익히 들을 수 있게’설정했다. 이렇게 봤을 때, 이 책의 교육 대상은 공부하는 학자가 아닌 백성 모두를 대상으로 한다는 것을 알 수 있다. 즉 조선은 『삼강행실도』 반포·교육을 통해 문자를 모르더라도 그림을 통해 삼강오륜

을 알 수 있도록 책을 구성한 것이다.

백성 모두를 대상으로 삼강(三綱)을 가르쳤다는 것은 이것이 곧 교화의 진수였음을 말해준다. 충신·효자·열녀

에 대한 내용은 조선시대에 이뤄졌던 정표 정책과도 연결된다. 충신·효자·열녀

, 이 세 가지는 각각 삼강의 군위신강(君爲臣綱)·부위자강(父爲子綱)·부위부강(夫爲婦綱)과 연결된다. 조선의 인민으로서 이상적인 인간상을 상정한 것으로 판단된다. 특히, 백성 모두가 삼강오륜

을 깨우쳐 가정에 효도하고 나라에 충성하는 신하가 될 수 있다는 대목은, 조선이 생각한 교화의 목적을 잘 보여준다.

이 글의 내용은 집필자의 개인적 견해이며, 국사편찬위원회의 공식적 견해와 다를 수 있습니다.

참고문헌

논문

김항수, 「삼강행실도 편찬의 추이」, 『진단학보』85 ,1998.
김혁, 「『동국신속삼강행실도』의 구성과 편찬 과정」, 『서지학보』25, 2001.
김훈식, 「삼강행실도 보급의 사회사적 고찰」, 『진단학보』 85, 1998.
도현철, 「조선 초기 민 인식의 변화와 언문을 통한 유교 문명화」, 『동방학지』 193, 2020.
류탁일, 「초간 삼강행실도에 대하여」, 『국어국문학』11, 1974.
박주, 「조선 중종조의 정려에 대한 일고찰」, 『변태섭박사화갑기념 사학논총』, 1985.
이태진, 「길재 충절 추숭의 시대적 변천」, 『한국사상사학』4, 1993.
이혜순, 「열녀상의 전통과 변모-《삼강행실도》에서 조선후기 〈열녀전〉까지-」, 『진단학보』85, 1998.
정병모, 「삼강행실도 판화에 대한 고찰」, 『진단학보』85, 1998.
하우봉, 「세종대의 유교윤리 보급에 대하여; 효행록과 삼강행실도를 중심으로」, 『전북사학』7, 1983.

저서

강명관, 『열녀의 탄생-가부장제와 조선 여성의 잔혹한 역사』, 돌베개, 2009.
고지마 쓰요시, 신현승 역, 『사대부의 시대』, 동아시아, 2004.
데이비드S.니비슨, 김민철 번역, 『유학의 갈림길』, 철학과현실사, 2006.
손인수, 『세종시대의 교육문화연구』, 문음사, 1999.
윤형두, 『옛책의 한글판본』, 범우사, 2003.
이재정, 『조선출판주식회사-조선은 왜 인력과 물력을 동원하여 출판을 독점했을까?』, 안티쿠스, 2008.
PETER K. BOL, 김영민 역, 『역사 속의 성리학』, 예문서원, 2010.
필립 아이반호, 신정근 옮김, 『유학, 우리 삶의 철학』, 동아시아, 2008.

관련사이트

[http://db.itkc.or.kr/inLink?DCI=ITKC_BT_1365A_0960_010_0140_2002_007_XML] 『동문선』권93 「서」 삼강행실도서, 한국고전번역원 한국고전종합DB",,,,https://contents.history.go.kr/front/hm/view.do?levelId=hm_085_0020,사료로 본 한국사\items\hm_age_50_조선 전기\hm_ty_030_사회\hm_085_0020_삼강행실도 서문.md
508,hm_age_50,조선 전기,hm_ty_030,사회,hm_085_0030,국조오례의 서문,조선 전기 > 사회 > 유교적 지배 질서의 확립 > 국조오례의 서문,"공손히 생각하여 보건대, 우리 태조(太祖) 강헌대왕(康獻大王)

께서는 큰 창업을 빛내어 여시고, 규범을 만세에 드리우셨다. 태종(太宗) 공정대왕(恭定大王)

께서는 기업(基業)을 이어받아 더욱 전왕의 공렬(功烈)을 빛내었으나, 때가 바야흐로 혼미한지라 그 제작에 겸양하여 겨를이 없었다. 우리 세종(世宗) 장헌대왕(莊憲大王)

에 이르러서는 문치(文治)가 태평에 도달하여, 마침내 천재일우(千載一遇)의 기회를 맞이하였다. 이에 예조판서 신 허조(許稠, 1369~1439)에게 명하여 여러 제사의 차례 및 길례 의식을 상세히 정하도록 하고, 또 집현전

유신들에게 명하여 오례 의식을 상세히 정하도록 하셨다.

모두 두씨(杜氏)

두우(杜佑, 735~812)

의 『통전(通典)』1)

1)

중국 당(唐)나라 두우(杜宇)가 지은 것으로 중국 고대부터 당 현종(玄宗)까지의 제도를 8부문으로 나누어 엮은 책이다. 특히 『통전』은 200권 중 절반이 예제(禮制)에 관한 것이고 항목도 길례·가례·빈례·군례·흉례로 나누고 거기에 관련되는 세부 항목이 배열되어 있어 상고(詳考)하기에 편리하므로 『오례의

』편찬 시에 크게 중시되었다.

을 모방하고, 두루 여러 서적에서 채집하였으며, 겸하여 중국 조정의 『제사직장(諸司職掌)』·『홍무예제(洪武禮制)』2)

2)

명나라 개국 이래 예제(禮制)를 일신하기 위하여 각종 사전(祀典)을 상고하여 제작한 것으로, 홍무(洪武)연간에 간행·반포되었다. 진하례의(進賀禮儀)·출사례의(出使禮儀)·서압체식(署押體式)·관리봉급(官吏俸給) 등 11개 항목으로 분류하여 사례를 적고 있다.

와 우리나라의 『고금상정례(古今詳定禮)』3)

3)

고려 인종 대 최윤의(崔允儀)가 만든 책으로, 고려 초기 이래의 유교 경전에 대한 이해와, 고려왕실과 문반

관료와의 정치 권력 구조 상황이 만들어 냈다. 이후 『고려사』 예지 편찬의 기초 자료가 되었다. 고려 시대에는 주례적 요소에 바탕을 두고 당에서 정리된 오례의

개념, 즉 왕실 중심의 정치적 질서를 중시하는 예제(禮制)를 추구하였다.

등을 참작해서 빼고 더하였다.

성심으로부터 재가를 받았으나, 미처 시행하지 못하고 빈천(賓天)

임금의 사망

함이 이에 닥쳤으니, 아 애통하도다. 생각건대, 우리 세조(世祖) 혜장대왕(惠莊大王)

께서는 집안을 일으켜 나라를 세우시고 법을 세우고 기강을 펴서 빛나도록 새롭게 하셨는데, 오히려 조문이 크고 번거로워 앞뒤가 어그러질까 염려하여 감히 대번에 법으로 삼지 못하셨다. 이에 조정의 신하들에게 명하여 『경국대전(經國大典)

』을 나누어 편찬하게 하시고, 또 세종(世宗)

조에 제정했던 오례의

에 의거하여 옛 것을 상고하고 지금의 것을 실증하게 하셨다. 이는 가히 일을 시행하여도 무방하기에, 이름 하여 ‘오례의

’라 하고 「예전」의 끝에 붙이셨다.

신 강희맹(姜希孟)

과 이조판서 신 성임(成任)이 실제로 이 명령을 받아서, 글을 아직 탈고하지 못했는데 문득 예척(禮陟)

임금이 승하한 것을 의미

하셨다. 그 뒤 예종(睿宗) 양도대왕(襄悼大王)

및 우리 주상 전하께서 선왕의 뜻을 추념하여 이 사업을 더하여 완수하게 하였다.

대전이 완성되자 거듭 신 강희맹

과 중추봉조하(中樞奉朝賀) 정척(鄭陟)，예조판서 이승소(李承召)，참의 윤효손(尹孝孫)에게 명하여 통례원좌통례(通禮院左通禮) 박숙진(朴叔秦)，전내섬시정(前內贍寺正) 정영통(鄭永通)，봉상시첨정(奉常寺僉正) 이경동(李瓊仝)，이조정랑 유순(柳洵)，권지승문원검교(權知承文院檢校) 구달손(丘達孫)，승문원저작(承文院著作) 최숙경(崔淑卿) 등에게 찬정(撰定)하도록 했다. 그리고 고령부원군(高靈府院君) 신숙주

(申叔舟)에게 특명을 내려 이 일을 총괄하게 하셨다.

갑오년(성종

5, 1474) 여름이 지나 비로소 능히 책이 완성되어 본뜨고 인쇄하여 장차 발행하고자 하였다. 이에 신이 가만히 살펴보건대, 예를 기술한 것이 3300가지의 글이 있기는 하나 그 요점은 길·흉·군·빈·가(吉凶軍賓嘉)라고 말하는 5가지에 불과할 뿐이다. 제사로 말미암아 길례가 있고, 사상(死喪)으로 말미암아 흉례가 있으며, 대비와 방어로 말미암아 군례가 있고, 교제와 관혼의 중요함으로 말미암아 빈례와 가례가 있다. 예는 이 5가지만 갖추면 사람 도리의 처음과 끝이 구비되는 것이니, 천하 국가를 다스리고자 하는 자는 이를 버리면 할 수가 없다.

지금 이 책은 다시 역대 성인의 췌마(揣摩)

남의 마음을 미루어 헤아린다는 의미

의 공을 거쳐 그 정밀함이 지극하다. 위로는 조정으로부터 아래로는 사대부

와 서인

에 이르기까지 각각 정해진 예가 있어 서로 넘지 않으며, 천경지위(天經地緯)

영원히 변하지 않을 떳떳한 이치

와 곡례(曲禮)

의식이나 행사에서의 자세한 예절

의 소소한 예절이 찬란하고 문란하지 않으니, 실로 우리 동방 만세의 훌륭한 책이다. 아아, 예악은 반드시 100년을 기다린 뒤에야 흥한다. 그러므로 주나라는 후직(后稷)이 기업(基業)을 창시한 것으로부터 문·무왕을 거쳐 수백 년이 지나 성왕에 이르러서야 크게 갖추어졌다. 우리 조정은 태조

께서 개창하신 이래로부터 대대로 임금들이 서로 받들어서 깊은 인정(仁政)과 두터운 은택을 쌓은 지가 이미 오래이니, 어찌 형통(亨通)4)

4)

『소학』 「소학제사(小學題辭)」에 “원(元)은 시절에 있어서는 봄이 되고 사람에 있어서는 인(仁)이 되며, 형(亨)은 시절에 있어서는 여름이 되고 사람에 있어서는 예(禮)가 되며, 이(利)는 시절에 있어서는 가을이 되고 사람에 있어서는 의(義)가 되며, 정(貞)은 시절에 있어서는 겨울이 되고 사람에 있어서는 지(智)가 된다.[元於時爲春 於人爲仁 亨於時爲夏 於人爲禮 利於時爲秋 於人爲義 貞於時爲冬 於人爲智]”는 구절이 나온다.

하고 아름다운 모임이 바로 오늘에 있지 아니하겠으며 세상을 다스리는 제도의 성대함이 성상(聖上)을 기다림이 있지 아니하겠는가. 그러한 즉 이러한 교화의 시행이 마땅히 주나라의 의례 한 책과 더불어 길이길이 전해질 것은 의심할 바 없을 것이다.

성화(成化) 10년(1474) 여름, 5월 상한(上澣)

10일

추충정난 익대순성 명량좌리공신 숭정대부 행 병조판서 겸 지경연

춘추관

사 진산군 신 강희맹

은 삼가 서문을 쓴다.

『사숙재집』권8, 오례의서

중국 당(唐)나라 두우(杜宇)가 지은 것으로 중국 고대부터 당 현종(玄宗)까지의 제도를 8부문으로 나누어 엮은 책이다. 특히 『통전』은 200권 중 절반이 예제(禮制)에 관한 것이고 항목도 길례·가례·빈례·군례·흉례로 나누고 거기에 관련되는 세부 항목이 배열되어 있어 상고(詳考)하기에 편리하므로 『오례의

』편찬 시에 크게 중시되었다. [https://contents.history.go.kr#fsid_1]

명나라 개국 이래 예제(禮制)를 일신하기 위하여 각종 사전(祀典)을 상고하여 제작한 것으로, 홍무(洪武)연간에 간행·반포되었다. 진하례의(進賀禮儀)·출사례의(出使禮儀)·서압체식(署押體式)·관리봉급(官吏俸給) 등 11개 항목으로 분류하여 사례를 적고 있다. [https://contents.history.go.kr#fsid_2]

고려 인종 대 최윤의(崔允儀)가 만든 책으로, 고려 초기 이래의 유교 경전에 대한 이해와, 고려왕실과 문반

관료와의 정치 권력 구조 상황이 만들어 냈다. 이후 『고려사』 예지 편찬의 기초 자료가 되었다. 고려 시대에는 주례적 요소에 바탕을 두고 당에서 정리된 오례의

개념, 즉 왕실 중심의 정치적 질서를 중시하는 예제(禮制)를 추구하였다. [https://contents.history.go.kr#fsid_3]

『소학』 「소학제사(小學題辭)」에 “원(元)은 시절에 있어서는 봄이 되고 사람에 있어서는 인(仁)이 되며, 형(亨)은 시절에 있어서는 여름이 되고 사람에 있어서는 예(禮)가 되며, 이(利)는 시절에 있어서는 가을이 되고 사람에 있어서는 의(義)가 되며, 정(貞)은 시절에 있어서는 겨울이 되고 사람에 있어서는 지(智)가 된다.[元於時爲春 於人爲仁 亨於時爲夏 於人爲禮 利於時爲秋 於人爲義 貞於時爲冬 於人爲智]”는 구절이 나온다. [https://contents.history.go.kr#fsid_4]

恭惟我太祖康獻大王, 光啓鴻業, 垂範萬世. 太宗恭定大王, 丕承基緖, 益光前烈而時方草昧, 其於制作, 謙讓未遑. 及我世宗莊憲大王, 文致太平, 適當千一之期. 乃命禮曹判書臣許稠, 詳定諸祀序例及吉禮儀, 又命集賢殿儒臣, 詳定五禮儀.

悉倣杜氏通典, 旁采羣書, 兼用中朝諸司職掌，洪武禮制，東國今古詳定禮等書, 參酌損益. 裁自聖心, 未及施用, 而賓天斯迫, 嗚呼痛哉. 惟我世祖惠莊大王, 化家爲國, 立經陳紀, 煥然一新, 猶慮條章浩繁, 前後乖舛, 未敢據以爲法. 爰命朝臣, 分撰經國大典, 且依世宗朝所定五禮儀, 考古證今. 斯可以施於事而無妨, 名曰五禮儀, 附于禮典之末.

臣希孟與吏曹判書臣成任, 實膺是命, 書未脫藁, 奄爾禮陟. 厥後睿宗襄悼大王及我主上殿下, 追念先志, 俾完斯事. 大典旣成, 仍命臣希孟，知中樞奉朝賀臣鄭陟，禮曹判書臣李承召，參議臣尹孝孫，與通禮院左通禮臣朴叔秦，前內贍寺正臣鄭永通，奉常寺僉正臣李瓊仝，吏曹正郞臣柳洵，權知承文院檢校臣丘達孫，承文院著作臣崔淑卿等撰定. 特命高靈府院君臣申叔舟總裁焉.

越甲午夏, 始克成書, 模印將行. 臣竊觀記禮者, 有三千三百之文, 然其要則不過曰吉凶軍賓嘉五者而已. 由祭祀有吉之禮, 由死喪有凶之禮, 由備禦有軍之禮, 由交際冠婚之重, 有賓與嘉之禮. 禮備乎五者, 而人道之始終具焉, 欲爲天下國家者, 舍是無以爲也.

今是書更歷數聖人揣摩之功, 極其精密. 上自朝廷, 下至士庶, 各有定禮. 不相踰越, 天經地緯, 曲禮小節, 粲然不紊, 實吾東方萬世之令典也. 嗚呼, 禮樂, 必待百年而後興. 故周自后稷肇基, 歷文武數百年, 迄于成王而大備. 則我朝自太祖開創以來, 列聖相承, 深仁厚澤, 積累也旣久, 豈非亨嘉之會, 正在今日, 而經世制作之盛, 有待於聖上歟. 然則是化之行, 當與周家儀禮一書, 並傳不朽也無疑矣.

成化十年夏五月上澣, 推忠定難翊戴純誠明亮佐理功臣，崇政大夫，行兵曹判書，兼知經筵，春秋館事，晉山君臣姜希孟, 謹序.

『私淑齋集』卷8, 五禮儀序

이 사료는 강희맹

(姜希孟, 1424~1483)이 지은 『국조오례의

(國朝五禮儀)』 서문이다. 강희맹

은 세조

(世祖, 재위 1455~1468) 때 『신찬국조보감(新撰國朝寶鑑)』·『경국대전

(經國大典)』 편찬과 사서삼경을 언해했고, 성종

(成宗, 재위 1469~1494) 때는 『동국여지승람

(東國輿地勝覽)』·『국조오례의

』 등의 편찬에 참여하였던 인물이다.

『국조오례의

』는 세종

(世宗, 재위 1418~1450)이 당시 예조판서 허조(許稠) 등에게 고금의 예서를 참작하고 『통전(通典)』을 모방하여 오례(五禮)의 편찬에 착수하게 하였다. 그러나 그 당시에는 완성되지 못하고 세조

때 강희맹

의 손을 거쳐 1474년(성종

5) 신숙주

(申叔舟, 1417~1475) 등의 책임하에 완성하였다. 오례의

예법과 절차 등을 그림을 곁들여 구성하였는데, 국가의 기본 예식인 오례, 즉 길례(吉禮)·가례(嘉禮)·빈례(賓禮)·군례(軍禮)·흉례(凶禮)에 관한 규정을 다루었다. 이 책은 조선 시대 『경국대전

』과 더불어 국가의 기본 예전(禮典)이 되었다.

책의 구성을 살펴보면, 흉례가 91개조로 가장 많고, 다음으로 길례가 56개조, 가례가 50개조, 군례가 7개조, 빈례가 6개조로 되어 있다. 길례에는 사직

·종묘

와 각 전(殿) 및 산천 등 국가에서 제사를 드리는 의식 등을 기록하였으며, 가례에는 조서(詔書)·칙서

(勅書)를 받는 의식, 조참(朝參)과 상참(常參), 납비(納妃)·책비(冊妃) 등 왕실의 혼례 절차, 세자의 관례·책례·입학례와 양로연(養老宴)에 관한 내용 등을 기록하였다. 빈례에는 중국 사신 및 일본·류큐 등 외국 사신을 접대하는 의식 등을 기록했으며, 군례에는 친사(親射)·열병(閱兵)·강무(講武)에 관한 군사 의식을 기록하였다. 흉례에는 왕의 국장(國葬)을 비롯해 왕실의 상장례 의식과 절차를 기록하였다.

일반적으로 조선은 건국 후 유교 이념을 국시(國是)로 삼고 이를 체계화한 예서 편찬에 주력하였다. 태조

(太祖, 재위 1392~1398) 때 정도전

(鄭道傳, 1342~1398)이 제정한 『조선경국전

(朝鮮經國典)』이 효시인데, 이후 구체적인 내용을 보충하여 세종

때 『경제육전속전(經濟六典續典)』이 지어졌고 『국조오례의

』가 상정되었으며, 『경국대전

』 중의 예전에도 들어가게 되었다.

한편, 『국조오례의

』에 규정된 각종 의례는 궁중과 관련한 사항이 압도적으로 많이 편성되었으나 사대부

나 서인(庶人)을 위한 규정도 마련하고 있다. 따라서 『국조오례의

』는 강희맹

이 쓴 서문에서도 알 수 있듯이 그 편찬 과정과 함께 오례를 유교 이념의 중심으로 삼아 국가 체제를 정비하고자 한 조선 전기의 국정 방향을 잘 보여 주고 있다. 이 책은 1744년(영조

20) 『국조속오례의

(國朝續五禮儀)』, 1751년(영조

27) 『국조속오례의보(國朝續五禮儀補)』 등이 편찬될 때 저본으로 활용되었다.

이 글의 내용은 집필자의 개인적 견해이며, 국사편찬위원회의 공식적 견해와 다를 수 있습니다.

참고문헌

논문

강제훈, 「조선초기 예악 정비와 『국조오례의』 간행」, 『韓國史學報』 94, 고려사학회, 2024.
김문식, 「조선시대 국가전례서의 편찬 양상」, 『장서각』21, 한국학중앙연구원 장서각, 2009.
박윤미, 「조선초기 국가의례 정비와 『가례(家禮)』」, 『泰東古典硏究』 47, 태동고전연구소, 2021.
신지혜, 「조선 숙종대 왕실 상장례 설행공간의 건축특성 : 빈전·산릉·혼전을 대상으로」, 경기대학교 박사학위논문, 2011.
이범직, 「국조오례의의 성립에 대한 일고찰」, 『역사학보』 122, 역사학회, 1989.
이현진, 「학봉 김성일의 예학과 『상례고증』」, 『역사문화논총』 4, 신구문화사, 2008.
임민혁, 「조선 초기 국가의례와 왕권-『국조오례의』를 중심으로-」, 『역사와 실학』 43, 역사실학회, 2010.
장동우, 「『경국대전』 「예전」과 『국조오례의』 「흉례」에 반영된 종법 이해의 특징에 관한 고찰」, 『한국사상사학』 20, 한국사상사학회, 2003.
정진홍, 「『국조오례의』의 종교성 : 길례를 중심으로」, 『동방사상논고; 그 본질과 현대적 해석』, 도원유승국박사화갑기념논문집간행위원회, 1983.
지두환, 「국조오례의 편찬과정 1; 길례 종묘·사직제의를 中心으로」, 『부산사학』 9, 부산대학교 사학과, 1985.
한형주, 「15세기 사전체제의 성립과 그 추이 -『국조오례의』 편찬과정을 중심으로-」, 『역사교육』 89, 역사교육연구회, 2004.

저서

김철웅, 『한국중세의 길례와 잡사』, 경인문화사, 2007.
김해영, 『조선초기 제사전례 연구』, 집문당, 2003.
한영우, 『조선왕조 의궤』, 일지사, 2005.

편저

한형주 외, 『조선의 국가 제사』, 한국학중앙연구원, 2009.

관련사이트

[http://db.itkc.or.kr/inLink?DCI=ITKC_MO_0064A_0090_020_0150_2003_A012_XML] 『사숙재집』권8, 오례의서, 한국고전번역원 한국고전종합DB",,,,https://contents.history.go.kr/front/hm/view.do?levelId=hm_085_0030,사료로 본 한국사\items\hm_age_50_조선 전기\hm_ty_030_사회\hm_085_0030_국조오례의 서문.md
509,hm_age_50,조선 전기,hm_ty_030,사회,hm_085_0040,가묘의 설치,조선 전기 > 사회 > 유교적 지배 질서의 확립 > 가묘의 설치,"사헌부 대사헌 이지(李至) 등이 몇 가지 조항을 상소

로 진달하였는데, 소

(疏)는 이러하였다.

“1. 가묘(家廟)의 법은 엄하게 하지 않을 수 없습니다. 예전에 부모를 섬기는 자는 살아서는 효도를 다하고, 죽으면 살아서 봉양하던 것보다 후하게 하여 섬기기를 생존한 것같이 하되, 종신토록 게을리하지 않았으니, 이것은 그 부모를 죽은 것으로 여기지 않는 뜻입니다. 부도(浮屠)

승려의 사리(舍利)나 유골을 안치한 묘탑

의 속화설(速化說)이 행해지면서부터 자식 된 자들이 간사한 말에 혹하여, 부모가 죽으면 부처에게 올려 천당(天堂)에서 산다고 생각하고, 상(喪)을 마친 뒤에는 공허(空虛)한 것에 붙이고 다시 사당[廟]을 세워 섬기지 않으니, 그러므로 국가에서 풍속이 날로 박(薄)하여지는 것을 염려하여 매양 명령을 내리매, 반드시 가묘(家廟)의 영(令)을 우선 하여 백성의 덕이 후한 데로 돌아가게 하려고 한 지가 이미 여러 해가 되었습니다. 그러나 즐겨 행하는 자가 없으니, 이는 이단의 사설(邪說)이 굳어져서 깨뜨릴 수 없고, 또한 설치하는 방법을 알지 못하기 때문입니다.

신 등은 생각건대, 왕성(王城)은 풍화(風化, 교화)의 근원이요, 출치(出治, 정치)의 근본이니, 사대부

의 집으로 하여금 먼저 행하게 한 뒤에 그 나머지도 행하게 하면, 무엇이 행하여지지 않겠습니까? 또 도성(都城) 안은 집이 협착하여 사당을 설치하기가 어려우니, 따로 궤(樻) 하나를 만들어 신주(神主)를 넣어서 깨끗한 방에다 두게 하여 간편한 것을 따르게 하고, 외방(外方)에는 각각 주·부·군·현의 공아(公衙) 동쪽에다 임시로 사당(祠堂)을 설치하여 명(命)을 받고 나가는 수령이 적장자(嫡長子)라면 신주(神主)를 받들고 부임하게 하고, 적장이 아니면 또한 주현의 사당에서 지방(紙榜)을 써서 예를 행하게 하여 조정에 있든지 외방에 있든지 사당의 제사를 주장하는 자는 매일 새벽에 일어나서 분향재배(焚香再拜)하고, 출입할 때에 반드시 고(告)하며, 모든 제의(祭儀)를 한결같이 『문공가례(文公家禮)』에 의하여 아랫사람에게 보이면, 권면하지 않고도 자연히 교화가 백성에게 미칠 것입니다. 비록 본래부터 사당을 세우지 않은 자라도 반드시 이로부터 흥기(興起)할 것입니다.

도성에서는 명년 정월부터, 외방에서는 2월부터 시작하여 거행하게 하고, 따르지 않는 자는 헌사(憲司)

사헌부

에서 규리(糾理)

두루 감독하고 살펴 처리함

하여 파직한 연후에 계문(啓聞)

신하가 정무에 관하여 임금에게 아룀

하게 하소서.

『태종실록』권2, 1년 12월 5일 기미

예조에서 계하기를, “대소인원(大小人員)의 가묘(家廟) 제도는 여러 번 교지(敎旨)를 받아 법을 마련하였으나, 근년 이래로 고찰(考察)이 없으므로 인하여 도성과 외방에서 가묘를 세우지 않고 신주(神主)를 만들지 않는 사람이 자못 많습니다.

청하건대 거듭 밝혀서 2품 이상은 오는 무신년으로, 6품 이상은 오는 경술년으로, 9품 이상은 오는 계축년으로 기한을 삼아 모두 가묘를 세우게 하고, 그 주묘(主廟)의 가사(家舍)는 주제(主祭)하는 자손에게 전하고 다른 사람에게 주지 말도록 할 것이며, 전과 같이 가묘를 세우지 않고 신주를 만들지 않는 사람은, 도성에서는 사헌부가, 외방(外方)에서는 감사

가 일정한 때가 없이 고찰(考察)하여 풍속을 바로잡도록 하소서” 하니, 그대로 따랐다.

『세종실록』권35, 10년 9월 19일 무진

司憲府大司憲李至等, 疏陳數條. 疏曰, 一, 家廟之法, 不可不嚴也. 古之事親者, 生則致其孝, 歿則當厚於生養, 事之如存, 終身不怠, 此不死其親之義也. 自浮屠速化之說行, 而爲人子者惑於邪說, 親歿則薦之於佛, 以爲得生天堂, 除喪之後, 付之空虛, 不復廟而事之, 故國家慮風俗之日薄, 每下旨必先家廟之令, 欲民德之歸厚, 旣有年矣. 然未有樂而行之者, 蓋異端之邪說, 堅不可破, 亦或未知施設之方也. 臣等竊謂王城, 風化之源, 出治之本也, 令士大夫家先行之, 而後及其餘, 則何所不行乎? 且都城之內, 室宇逼側, 難以置廟, 別爲一(樻)〔櫃〕, 以藏神主, 置於淨室, 以從簡便; 外方則各於州府郡縣公衙之東, 假設祠堂, 受命出守者, 爲嫡長則奉神主而之任, 非嫡長則亦於州縣祠堂, 用紙牌行禮.　其在朝在外主祠堂之祭者, 每日晨起, 焚香再拜, 出入必告; 凡祭儀, 一依『文公家禮』, 以示於下, 則不待勸勉, 而自然化及於民矣. 雖素不立廟者, 必自此而興起矣. 京中則明年正月, 外方則二月爲始, 使之擧行, 其不從者, 憲司糾理罷職, 然後啓聞.

『太宗實錄』卷2, 1年 12月 5日 己未

禮曹啓, 大小人員家廟之制, 累次受敎立法, 然近年以來, 因無考察, 中外不立家廟, 不作神主者, 頗多有之. 請申明二品以上, 來戊申年, 六品以上, 來庚戌年, 九品以上, 來癸丑年爲限, 竝皆立廟, 其主廟家舍, 傳於主祭子孫, 毋得與他, 如前不爲立廟作主者, 京中司憲府·外方監司, 無時考察, 以正風俗. 從之.

『世宗實錄』卷35, 9年 2月 10日 戊辰

이 사료는 조선 초기 가묘(家廟)를 보급하기 위해 노력하는 모습을 보여 주는 내용이다. 가묘는 유교의 가례

(家禮) 중 특히 제례를 수행하던 곳이다. 고려 시대에도 가묘를 세워 제사를 지내게 했지만, 일반적으로 사찰에 위패를 모시는 원당

(願堂)이 융성하여 크게 성행하지는 못하였다. 그 뒤 고려 말기에 이르러 주자 성리학

의 예법인 『주자가례

(朱子家禮)』에 근거한 제사법이 보급되면서 가묘가 부각하기 시작하였다. 정몽주(鄭夢周, 1337~1392) 등이 가묘의 설립을 제창하자 고려 조정에서는 1390년(공양왕

2) 2월에 사대부

집안의 제의(祭儀)를 반포해서 적장 자손이 제사를 주관하게 하는 원칙을 세웠고, 기일예의식(忌日禮儀式)을 『주자가례』에 입각하여 행하도록 하였으며, 1391년(공양왕

3) 6월에는 가묘 제도를 실행하라고 명하기도 하였다. 조선으로 들어온 이후인 1397년(태조

6) 4월에 간관(諫官)이 사대부

는 가묘제를 지내야 한다고 상서했으며, 1413년(태종

13) 5월에는 한성부에서 가묘제를 권장하였다.

이 사료는 이때의 상황, 다시 말해 국가가 가묘 설립을 적극 권장하고 있지만 현실에서 구현되지 못하고 있는 상황을 잘 보여주고 있다. 이 사료에서 사헌부는 가묘를 세워야 하는 것이 원칙이지만 현실적으로 가묘 설립이 어려우니, 우선 약식을 권장·보급해 사람들에게 가묘를 익숙하게 만들자고 제안하고 있다. 의례에 맞는 것은 아니지만 권도(權道)를 사용하자는 것이었다.

내용 좀 더 구체적으로 살펴보면, 가묘를 설립하지 않는 이유로 불교를 꼽고 있다. 불교식 세계관에 익숙하며 상·장례를 행하기 때문에 가묘를 짓지 않는다는 것이다. 이는 당시 사회 문화의 상당수가 친불교적인 색채를 갖고 있었음을 보여준다.

다음으로 사헌부는 가례

를 우선적으로 설치할 대상으로 사대부

(士大夫)를 꼽고 있다. 관료들이 먼저 본보기를 보여줘야 나머지 서민(庶民)들도 따라서 행할 것이라는 것이다. 당대 사회에서도 사회 문화 변화를 위해선 사회를 이끄는 리더들이 먼저 솔선수범해야 한다는 생각을 갖고 있었음을 알 수 있다.

구체적인 실행 방법을 보면 도성과 외방을 나눠 제시하고 있다. 도성은 깨끗한 방에 별도의 궤를 만들고 그 안에 신주를 보관하도록 했는데, 이는 토지가 부족한 도성의 특성을 헤아린 조치였다. 외방에는 각각 주·부·군·현의 공아(公衙) 동쪽에 임시로 사당(祠堂)을 설치하고, 근무하는 수령이 적장자(嫡長子)라면 신주(神主)를 받들고 부임하고 적장자가 아니라면 지방(紙榜)을 써서 예를 행하도록 했다. 그리고 도성과 외방 모두 제사를 주장하는 자는 매일 새벽마다 분향재배하고, 모든 제의를 『주자가례

』에 의해 하도록 했다.

그러나 이렇게 간편한 방식을 실행하도록 했음에도 불구하고, 가묘 설치는 보편적인 사회 문화로 정착하지 못했다. 두 번째 사료처럼 태종

재위를 지나 세종 재위기에 좀 더 엄격해진 시행 방법을 논의하고 있기 때문이다. 15세기 초반 가묘 설치 상황을 보여주는 이 사료들은 사회 문화 교체의 어려움을 잘 보여준다.

이후 『경국대전

(經國大典)』에 6품 이상 문무관은 3대, 7품 이하는 2대를 제사 지내며, 일반인은 단지 부모만을 제사 지낸다고 규정한 것으로 보아 고려 시대보다 가묘 제도가 더욱 강화되었음을 알 수 있다. 선조

(宣祖, 재위 1567~1608) 대 이후 가묘의 설치는 사대부

양반

층에게 일반화되었다.

이 글의 내용은 집필자의 개인적 견해이며, 국사편찬위원회의 공식적 견해와 다를 수 있습니다.

참고문헌

논문

고영진, 「15·16세기 주자가례의 시행과 그 의의」, 『한국사론』21, 1988.
김윤정, 「조선 중기 가묘제와 여성제례의 변화」, 『국학연구』 14, 2009.
도현철, 「고려 후기 주자학 수용과 주자서 보급」, 『동방학지』77·78·79, 1993.
배상현, 「≪주자가례≫와 그 조선에서의 행용과정」, 『동방학지』70, 1991.
신명호, 「조선시대 불천위」, 조선사회연구회 편, 『조선시대의 사회와 사상』, 조선사회연구회, 1998.
신영호, 「조선초기의 제사상속법제-조선왕조실록의 기사를 중심으로-」, 『석당논총』13, 1987.
유홍렬, 「조선사묘발생에 대한 일고찰」, 『진단학보』5, 1936.
임민혁, 「주자가례를 통해 본 조선의 예치」, 『정신문화연구』80, 2000.
장철수, 「중국의례가 한국의례생활에 미친 영향-「주자가례」와 「사례편람」의 상례를 중심으로-」, 『문화인류학』6, 1974.
정긍식, 「조선전기 주자가례의 수용과 제사승계 관념」, 『역사민속학』12, 2001.
정종수, 「조선초기 상장의례 연구」, 중앙대학교 박사학위논문, 1994.
지두환, 「조선초기 주자가례의 이해과정; 국상의례를 중심으로」, 『한국사론』8, 1982.
허준, 「조선시대 유교화와 국가 정체성」, 『역사문화연구』 72, 2019.

저서

박미선, 『양반과 왕실의 문화교류 - 조선시대 예제와 의례 문화의 확산』, 민속원, 2024.
마르티나 도이힐러, 이훈상 역, 『한국의 유교화 과정』, 너머북스, 2013.
송재용, 『한국 의례의 연구(개정증보판)』, 박문사, 2010.
윤천근, 『17세기 조선의 이야기-예법 세상을 가르는 칼바람 소리』, 새문사, 2008.
한우근, 『조선시대 사상사연구논고』, 일조각, 1996.

편저

김상준 등, 『유교의 예치 이념과 조선』, 청계, 2007.
이혜순 외, 『조선 중기 예학 사상과 일상 문화』, 이화여자대학교 출판부, 2008.

관련사이트

[http://sillok.history.go.kr/id/kca_10112005_001] 『태종실록』권2, 1년 12월 5일 기미, 국사편찬위원회 조선왕조실록

[https://sillok.history.go.kr/id/kda_10902010_004] 『세종실록』권35, 9년 2월 10일 무진, 국사편찬위원회 조선왕조실록

[https://www.history.go.kr/contents/contentsPage.do?groupId=000000000571&menuId=000000000574&pageId=000000000213]
저작권 정책

[https://www.history.go.kr/contents/contentsPage.do?groupId=000000000931&menuId=000000000992&pageId=000000000541]
데이터 개방

[https://www.history.go.kr/contents/contentsPage.do?groupId=000000000571&menuId=000000000572&pageId=000000000211]
개인정보처리방침

13809 경기도 과천시 교육원로 86 국사편찬위원회

COPYRIGHT © NATIONAL INSTITUTE OF KOREAN HISTORY ALL RIGHT RESERVED.",,,,https://contents.history.go.kr/front/hm/view.do?levelId=hm_085_0040,사료로 본 한국사\items\hm_age_50_조선 전기\hm_ty_030_사회\hm_085_0040_가묘의 설치.md
510,hm_age_50,조선 전기,hm_ty_030,사회,hm_085_0050,안동 권씨 성화보 서문,조선 전기 > 사회 > 유교적 지배 질서의 확립 > 안동 권씨 성화보 서문,"『사가문집』제5권 서(序)

『안동 권씨 가보

』 서(序)

권씨는 본래 신라의 종성(宗姓)

왕실의 성

인 김씨이다. 신라 말에 김행(金幸)이라는 이가 고창군(古昌郡)

신라 시대 안동의 옛 지명

을 맡아 다스리고 있었다. 당시에 견훤(甄萱)이 신라에 침입하여 왕을 시해하고 왕비를 능욕하자 고려 태조

가 달려와 구원하여 견훤과 서로 버티고 있었는데, 김행이 여러 사람들과 도모하여 말하기를, “견훤은 의리상 하늘 아래 함께 살 수 없는 원수이다. 어찌 왕공(王公)

고려 태조 왕건(王建)

에게 귀의하여 이 통분을 씻지 않겠는가” 하고, 마침내 고려 태조

를 맞이하여 항복하였다.

이에 고려 태조

가 말하기를, “김행은 기미에 밝고 권도(權道)에 통달하였다” 하고, 마침내 성을 권씨로 하사하고 태사(太師)를 제수한 다음 군을 식읍으로 삼아 주고 안동부(安東府)로 승격하였다.

행이 인행(仁幸)을 낳으니 벼슬이 낭중(郎中)에 이르렀다. 인행이 책(冊)을 낳으니, 책은 자청하여 본 고을의 아전이 되었다. 책이 균한(均漢)을 낳고, 균한이 자팽(子彭)을 낳고, 자팽이 선개(先蓋)를 낳고, 선개가 렴(廉)을 낳고, 렴이 이흥(利興)을 낳고, 이흥이 중시(仲時)를 낳았다.

중시는 두 아들을 두었으니, 수평(守平)과 수홍(守洪)이다. 수평은 벼슬이 추밀부사(樞密副使)에 이르렀고, 한림학사 위(韙)를 낳았다. 위가 첨의찬성(僉議贊成) 탄(坦)을 낳고, 탄이 정승(政丞) 문정공(文正公) 부(溥)를 낳으니, 지위가 재상에 이르고 문병(文柄)

대제학

을 담당하여 성대한 공렬이 당대의 으뜸이었다. 다섯 아들이 모두 군(君)에 봉해지니, 준(準)은 길창부원군(吉昌府院君)이고, 고(皐)는 영가부원군(永嘉府院君)이고, 후(煦)는 계림군공(鷄林郡公)이고, 겸(謙)은 복안부원군(福安府院君)이며, 종정(宗頂)은 머리를 깎고 출가하여 광복군(廣福君)이 되었으며, 세 사위도 모두 군(君)에 봉해져 당시에 ‘1가 9봉군[一家九封君]’으로 일컬어졌다. 수홍이 대장군(大將軍) 자여(子輿)를 낳고, 자여가 첨의평리(僉議評理) 이(頉)를 낳고, 이가 정승 문탄공(文坦公) 한공(漢功)을 낳았다.

권씨는 책이 아전이 된 후로 중간에 가세가 쇠퇴하여 7세 동안 세상에 이름을 떨치지 못하다가 수평에 이르러 다시 일어나 자손들이 그 아름다움을 이어 나가더니 문정공에 이르러 비로소 크게 현달하였으며, 수홍의 후손으로는 문탄공이 역시 현달하였다. 이에 권씨는 마침내 나뉘어 두 대족(大族)이 되었다. 오늘날 권씨 성을 가진 벼슬아치로 조정에 포진해 있는 이들이 무려 수천에 달하는데, 모두 이 두 대족의 지파(支派)이다. 나의 외조부인 양촌(陽村) 문충공(文忠公) 권근(權近)

역시 문정공의 증손이다.

외삼촌 문경공(文景公) 권제(權踶)가 비로소 가보

를 소첩(小牒)으로 정리하고, 그 아들 길창(吉昌) 익평공(翼平公) 권람(權擥)이 선고(先考)의 유지를 이어 두루 수소문하고 탐방하여 대대적으로 보완하고 다듬었으나 또한 마무리를 짓지는 못하였다. 내가 족성(族姓)인 상주 판관(商州判官) 박원창(朴元昌), 대구 부사(大丘府使) 최호원(崔灝元)과 함께 더 찾고 물어서 빠진 부분을 보완하고 미덥지 못한 부분을 증명하여 도보(圖譜) 2권을 정리해 만들었다. 이 도보는 문정공과 문탄공 이하에 대해서는 상세한 반면 그 윗대에 대해서는 소략하니, 알 수 있는 것은 기록하고 알 수 없는 것은 빠진 채로 두어 후세에 신뢰를 전하려고 할 뿐이다. 도보가 완성되자 경상 감사

윤공(尹公) 호(壕)에게 부탁하여 안동부(安東府)에서 간행하도록 하였다.

나는 생각건대, 옛날에는 종법

(宗法)이 있어서 소목(昭穆)1)

1)

소목(昭穆) : 사당(祠堂)에서 신주(神主)를 모시는 차례로 왼쪽 줄은 소(昭), 오른쪽 줄은 목(穆)이라고 함.

의 차서를 정하고 지손(支孫)과 서손(庶孫)을 구별하여 자손이 백세(百世)를 가더라도 상고할 수 있었다. 그런데 종법

이 없어지고 보첩(譜牒)

이 생겨난 뒤로는 모든 보첩

들은 반드시 시조(始祖)에 근본을 두고 세계(世系)가 나뉜 분기점을 자세히 기록하여 지파(支派)를 명시하고 멀고 가까움을 구별하였으니, 그래도 은의(恩誼)를 돈독히 하고 윤리를 정립하기에 충분하였다.

수나라와 당나라 이전에는 도보국(圖譜局)을 두고 찬술을 관장하게 하여 혼인하는 것과 과거를 통해 인재를 선발하는 것이 모두 보첩

과 관계가 있었다. 지금 중국은 위로 공경대부(公卿大夫)로부터 아래로 세력이 없는 외로운 집안에 이르기까지 또한 보첩

을 두지 않은 집안이 없어, 위로 당요(唐堯)와 우순(虞舜)과 하(夏)·은(殷)·주(周) 삼대(三代) 때 처음 봉해진 조상으로 거슬러 올라가 시조를 삼고, 비록 고신(高辛)·신농(神農)·전욱(顓頊)과 같이 먼 전설적 인물이라도 모두 하나하나 연결하고 이어서 그 보계(譜系)의 서열을 매기니, 어찌 도첩이 전해져 상고할 수 있게 된 덕분이 아니겠는가.

우리 동방은 예부터 종법

도 없고 보첩

도 없었다. 그리하여 아무리 문벌이 좋고 번성한 집안이라 해도 가승(家乘)이라는 것이 전혀 없다 보니 겨우 몇 대만 내려가도 고조와 증조와 조부와 선고(先考)의 이름자조차 기억하지 못하는 사람이 있게 되고, 자손들은 점차 서로 관계가 멀어져 혹 시마복(緦麻服)이나 소공복(小功服)을 입어야 하는 친척을 알아보지 못하여 길에서 만난 사람처럼 보니, 어찌 상복을 입는 촌수가 다 끝난 친척과 봉사(奉祀)하는 대수가 다 끝난 조상이 된 뒤에야 소원해진다고 할 수 있겠는가. 이와 같고서야 효제(孝悌)를 일으키고 예양(禮讓)을 이루고자 한들 어찌 어렵지 않겠는가? 이것이 우리 문경공과 익평공이 정성을 쏟아 보첩

을 저술하고 내가 힘써 그 뜻을 완성한 까닭이다.

권씨는 태사(太師)가 처음 봉해진 때부터 지금 600년에 이르렀는데, 자손의 번성과 가학(家學)의 은택이 유구한 세월 동안 다하지 않았으니, 대개 뿌리가 깊은 나무는 반드시 가지와 잎이 무성하고 근원이 먼 물은 흐름이 더욱 길게 마련인 것은 필연적인 이치라 하겠다.

아, 예부터 이름난 집안의 빛나는 후손이 많지 않은 것은 아니나, 고관대작이 대대로 이어져 문벌이 찬란하게 된다면 어느 누군들 흠모할 만하고 존경할 만한 자가 아니겠는가. 그런데 몇 대도 전하지 못하여 가문이 기울고 엎어져 멸절되는 것은 어째서인가? 선세(先世)의 봉식(封植)이 견고하지 못한데 자손이 이내 교만과 사치를 부려 유업(遺業)을 잃고 말기 때문이다.

권씨는 대대로 청렴하고 깨끗함으로 가풍을 전하고 충성과 효도로 마음을 삼아 왔으니, 자손들은 조종(祖宗)이 쌓아 온 근면함을 염두에 두어 계속 이어 갈 방도를 생각하지 않을 수 있겠는가. 『예기(禮記)』에 이르기를, “사람의 도는 부모를 친히 하는 것이다. 부모를 친히 하기 때문에 조상을 높이고, 조상을 높이기 때문에 종통(宗統)을 공경하고 종통을 공경하기 때문에 종족을 거둔다.” 하였다. 만약 부모를 친히 하는 것에서 시작하여 구족(九族)에까지 확대해 나간다면 근본을 두터이 하고 말단을 돈독하게 하는 것이 어찌 다함이 있겠는가. 『시경』에 이르기를, “너의 할아버지를 욕되게 하지 말아서 그 덕을 닦을지어다(無忝爾祖 聿修厥德).” 하였다.2)

2)

너의 할아버지를 욕되게 하지 말아서 그 덕을 닦을지어다(無忝爾祖 聿修厥德). : 『시경』「문왕(文王)」에 나오는 구절인데, 대본의 ‘無忝(무첨)’이 『시경』에는 ‘無念(무념)’으로 되어 있다. ‘無念’의 용법은 ‘豈得無念(기득무념)’으로, ‘생각하지 않는다’라는 부정의 뜻이 아니라 ‘어찌 생각하지 않을 수 있겠는가’라는 강한 긍정의 뜻이다. 그러나 여기에서는 긍정적 의미인 ‘念(념)’자를 부정적 의미인 ‘忝(첨)’자로 바꿔 인용하였으므로 ‘어찌 더럽히지 않을 수 있겠는가(豈得無忝). ’로 보면 의미가 통하지 않는다. 따라서 ‘더럽히지 말라’는 금지의 뜻으로 해석할 수 있다.

나는 다시 권씨의 자손을 위하여 힘쓴다.3)

3)

어떠한 책에는 끝마무리에 ‘1476년(성종

7) 달성인 서거정

적다’라는 표현을 하고 있다.　

『사가문집』권5, 서, 안동권씨가보서

소목(昭穆) : 사당(祠堂)에서 신주(神主)를 모시는 차례로 왼쪽 줄은 소(昭), 오른쪽 줄은 목(穆)이라고 함. [https://contents.history.go.kr#fsid_1]

너의 할아버지를 욕되게 하지 말아서 그 덕을 닦을지어다(無忝爾祖 聿修厥德). : 『시경』「문왕(文王)」에 나오는 구절인데, 대본의 ‘無忝(무첨)’이 『시경』에는 ‘無念(무념)’으로 되어 있다. ‘無念’의 용법은 ‘豈得無念(기득무념)’으로, ‘생각하지 않는다’라는 부정의 뜻이 아니라 ‘어찌 생각하지 않을 수 있겠는가’라는 강한 긍정의 뜻이다. 그러나 여기에서는 긍정적 의미인 ‘念(념)’자를 부정적 의미인 ‘忝(첨)’자로 바꿔 인용하였으므로 ‘어찌 더럽히지 않을 수 있겠는가(豈得無忝). ’로 보면 의미가 통하지 않는다. 따라서 ‘더럽히지 말라’는 금지의 뜻으로 해석할 수 있다. [https://contents.history.go.kr#fsid_2]

어떠한 책에는 끝마무리에 ‘1476년(성종

7) 달성인 서거정

적다’라는 표현을 하고 있다.　 [https://contents.history.go.kr#fsid_3]

『四佳文集』卷之五

序

安東權氏家譜序

權本新羅宗姓金氏也. 羅季, 有金幸者守古昌郡. 時甄萱入新羅, 弑王辱妃, 高麗太祖赴救, 與萱相持, 幸謀於衆曰, 萱義不共戴天. 盍歸王公, 以雪痛憤, 遂迎降. 麗祖曰, 幸能炳幾達權, 乃賜姓權, 授太師, 以郡爲食邑, 陞爲安東府. 幸生仁幸, 官至郞中. 仁幸生冊, 冊自求爲本邑吏. 冊生均漢, 均漢生子彭, 子彭生先盖, 先盖生廉, 廉生利興, 利興生仲時. 仲時有二子, 曰守平, 曰守洪. 守平位至樞密副使, 生翰林學士韙. 韙生僉議贊成坦, 坦生政丞文正公漙, 位冢宰, 秉文柄, 豐功偉烈, 冠冕一時. 有五子, 皆封君, 曰準, 吉昌府院君, 曰皐, 永嘉府院君, 曰煦, 鷄林郡公, 曰謙, 福安府院君, 曰宗頂, 祝髮爲廣福君, 有三壻, 皆封君, 時稱一家九封君. 守洪生大將軍子輿, 子輿生僉議評理頉, 頉生政丞文坦公漢功. 權氏自冊爲吏以還, 中微不振者七世, 至守平, 復興, 子孫趾美, 逮文正, 始大顯隆, 守洪之後, 文坦亦復貴顯. 權氏遂分爲二大族. 今衣冠簪履, 布列朝著, 餘數千指, 皆二族支派也. 居正外祖陽村權文忠公近, 亦文正曾孫. 舅氏權文景公踶, 始脩家譜小牒, 子吉昌權翼平公擥, 承先志, 廣採博訪, 大加增潤, 亦未就緖. 居正與族姓商州判官朴元昌，大丘府使崔灝元, 又加搜問, 補其闕遺, 證其訛僞, 釐爲圖譜二卷. 其爲譜, 詳於文正，文坦以下, 而略其上者, 錄其所可知, 而缺其所不可知, 將以傳信將來耳. 譜旣成, 倩慶尙道監司尹公壕, 刊于安東府. 予惟, 古者有宗法, 序昭穆, 別支庶, 子孫雖百世可考. 自宗法廢而譜牒興, 凡爲譜, 必推本其所自出, 而詳錄其所由分, 明支派, 別親踈, 猶足以篤恩誼而正倫理者矣. 隋唐而上, 置圖譜局, 以掌撰述, 昏姻選擧, 皆關譜牒. 今中朝, 上自公卿大夫, 下至孤門單族, 亦莫不有譜, 上遡唐虞三代始封之祖而祖之, 雖高辛，神農，顓頊之遠, 皆一一接續, 而序次其譜系, 豈不以圖牒相傳, 得有所考歟. 吾東方, 自古無宗法, 又無譜牒. 雖巨家大族, 絶無家乘, 纔傳數世, 有不記高曾祖考名號者, 子孫寢以乖隔, 或不識緦功之親, 視同路人, 何待服盡親盡, 而後踈且遠哉. 如是而欲興孝悌, 成禮讓, 豈不難乎. 此吾文景，翼平所以拳拳於著譜, 而居正之卒勉其志者也. 權氏自太師始封, 今六百年, 子孫蕃衍, 詩書之澤, 悠久未艾, 盖根深者末必茂, 源遠者流益長, 理之必然也. 嗚呼, 自古名宗華胄, 不爲不多, 當其珪組蟬聯, 門地煥赫, 孰非可慕而可尊者乎. 曾未數傳, 傾覆勦絶, 何哉. 由其先世封植未固, 而子孫遽以驕奢失之也. 權氏世以淸白傳家, 忠孝爲心, 爲子孫者, 可不念祖宗積之之勤, 而思所以繼之之道乎. 記曰, 人道親親也, 親親故尊祖, 尊祖故敬宗, 敬宗故收族. 若能始於親親, 推及九族, 則所以厚本敦末者, 豈有窮哉. 詩曰, 無忝爾祖, 聿脩厥德, 吾更爲權氏子孫勖之.

『四佳文集』卷5, 序, 安東權氏家譜序

이 사료는 1476년(성종

7)에 간행된 안동 권씨(安東權氏) 족보

에 실린 서거정

(徐居正, 1420~1488)의 서문이다. 이 족보

는 중국 성화 연간에 만들어진 것이라 하여 ‘성화보(成化譜)’ 또는 ‘안동권씨성화보(安東權氏成化譜)’라고도 하는데‚ 족계도(族系圖)나 가첩

(家牒)이 아닌 족보

로서의 체제와 내용을 갖추었으며 현재 전하는 것 중 가장 오래된 것이다.

서거정

의 본관은 달성(達城)이며, 학문이 매우 넓어 천문·지리·의약·복서(卜筮)·성명(性命)·풍수에까지 관통하였다. 1444년(세종

26) 문과에 급제, 이조판서와 대제학 등을 역임하였다. 개인 저술로는 시문집인 『사가집(四佳集)』을 비롯해 『동인시화(東人詩話)』·『태평한화골계전(太平閑話滑稽傳)』·『필원잡기(筆苑雜記)』 등이 있다. 공동 저술로는 『동국통감

(東國通鑑)』·『동국여지승람

(東國輿地勝覽)』·『동문선

(東文選)』·『경국대전

(經國大典)』 등이 있다. 서거정

이 안동 권씨 족보

의 서문의 쓰게 된 것은 그가 안동 권씨의 외손이었기 때문이다.

족보

는 한 집안의 내력을 들여다볼 수 있을 뿐 아니라 해당 시기의 사회 구성, 종족 제도 등을 엿볼 수 있는 중요한 자료이다. 원래 족보

는 중국에서 고대부터 적어 오던 것을 송나라를 거치면서 완성된 형태를 취하기 시작하였다. 그 후 족보

는 명나라와 청나라 때 일반화되었다. 우리나라는 언제부터 족보

가 일반화되었는지 알 수 없으나 고려 시대부터 편찬되기 시작한 것으로 여겨진다. 이러한 족보

는 조선 전기에 이르면 부계와 모계 구분 없이 가족의 이력을 총망라하여 기록하였고, 자녀와 친손·외손을 차별하지 않았고 남녀 구분 없이 순서대로 기록하였다. 이러한 점에서 조선 후기에 편찬된 족보

와는 차이를 보이고 있다. 조선 후기 족보

는 외손을 제외한 친손만 기록하고 출생연도와 상관없이 선남후녀(先男後女) 순서로 기록하는 등 철저하게 부계 중심으로 이뤄졌다. 또한 조선 전기 족보

에는 양자가 일반화되지 않았으나 조선 후기로 갈수록 점차 활성화됐는데 이는 종법

(宗法)이 강화됐음을 보여 주고 있다.

안동 권씨 족보

는 최초로 권근

(權近, 1352~1409)의 아들인 권제(權踶, 1387~1445)가 중국의 『소씨보(蘇氏譜)』를 모방하여 가보(家譜)

를 소첩(小牒)으로 만들고, 권근

의 손자인 권람(權擥, 1416~1465)이 자료를 수집하여 보완하였으나 마무리하지 못하고 죽자, 권제의 조카인 대제학 서거정

이 상주판관 박원창(朴元昌)과 대구부사 최호원(崔灝元)의 도움을 받아 다시 편집, 교열한 뒤 1476년 경상 감사

윤호(尹壕)를 시켜 안동부에서 간행하였다.

『성화보』는 이후에 인본도 드물어졌으므로 1929년에 다시 복간하였고, 판목이 지금도 안동 서후면 권씨 재실에 보관 중이다. 『성화보』의 원본은 서울대도서관에 유일본이 전하고 있다.

이 책은 3권 3책으로 구성되어 있다. 내용상의 특징은 먼저 시조인 권행(權幸)부터 8세 권리흥(權利輿)까지는 단선으로 되어 있으며‚ 9세인 권시중(權中時)·권시의(權就宜)·권통(權通)부터 후손 기록 범위가 조금씩 넓어지고 있다. 전체적으로 보면 모두 9,000여 명의 인물이 등재되어 있는데, 친손뿐 아니라 외손까지 가계를 자세히 기록하였다. 이러한 점에서 이 족보

는 만성보(萬姓譜)

온갖 성씨의 계보를 모아 엮은 책

와 같은 성격을 지닌다고 볼 수 있다.

이 밖에도 이 책은 몇 가지 특성이 있다. 첫째, 자녀를 기재하는 데 아들과 남자를 먼저 기재하지 않고 그 출생 순위에 따라 기재하고 있다. 둘째, 딸을 기재할 때 여부(女夫)라 쓴 다음 사위의 성명을 썼다. 셋째, 딸이 재혼하였을 경우에는 후부(後夫)라 하여 재혼한 남편의 성명도 기재하고 있다. 넷째, 외손도 친손과 동등하게 기재되어 있다.

이 책보다 90년 뒤에 만들어진 문화 유씨(文化柳氏)의 『가정보(嘉靖譜)』에는 외손을 기재할 때 성과 이름을 동시에 기재하여 문화 유씨가 아닌 타성임을 분명히 밝히고 있으나, 이 책에서는 사위만 성을 기재하여 타성임을 표시하고 외손은 이름만 기재하였다. 또한 관직의 명칭도 조선 초기에는 고려의 관명을 답습한 것이 많았으나, 국가가 안정되고 제도가 정비됨에 따라 명칭을 변경하였다. 이에 기존의 관직명을 변경하여 기재하던 방식을 따르지 않고 각 인물마다 당시의 관직명을 그대로 기재하고 있어 관직명의 변천 과정을 연구하는 데도 귀중한 사료적 가치를 지닌다.

이 글의 내용은 집필자의 개인적 견해이며, 국사편찬위원회의 공식적 견해와 다를 수 있습니다.

참고문헌

논문

Edward. W. Wagner, 「1476년 안동권씨족보와 1565년 문화유씨족보-그 성격과 의미에 대한 고찰-」, 『석당논총』 15, 동아대학교 석당학술원, 1989.
강나은, 「조선 후기 족보의 여성 정보 등재 추이와 그 의미 - 安東權氏族譜(1476~1907)를 중심으로 -」, 『韓國史論』 67, 서울대학교 국사학과, 2021.
권영대, 「성화보고」, 『대한민국학술원논문집(인문과학)』 20, 대한민국학술원, 1981.
김용선, 「족보 이전의 가계기록」, 『한국사시민강좌』 2, 일조각, 1999.
노명호, 「한국사 연구와 족보」, 『한국사시민강좌』 2, 일조각, 1999.
미야지마 히로시, 「《안동권씨성화보》를 통해서 본 한국 족보의 구조적 특성」, 『대동문화연구』62, 성균관대학교 대동문화연구원, 2008.
백승종, 「위조 족보의 유행」, 『한국사시민강좌』 2, 일조각, 1999.
손병규, 「산 자와 죽은 자의 기재 - 戶籍과 族譜에 대한 역사인구학의 관점」, 『朝鮮時代史學報』 79, 조선시대사학회, 2016.
송찬식, 「족보의 간행」, 『한국사시민강좌』 2, 일조각, 1999.
이남희, 「『안동권씨성화보』를 통해 본 조선 초기 여성의 재가 문제」, 『조선시대사학보』 57, 조선시대사학회, 2011.
이상국, 「《안동권씨성화보》에 기록된 이제현 가계 사람들」, 『사림』 35, 수선사학회, 2010.
이수건, 「족보의 양반의식」, 『한국사시민강좌』 2, 일조각, 1999.
이정란, 「족보의 자녀 수록방식을 통해서 본 여말선초 족보의 편찬 배경」, 『한국중세사연구』 25, 한국중세사학회, 2008.
이진한, 「『성화안동권씨세보』에 기재된 고려후기의 관직」, 『한국사학보』 22, 고려사학회, 2006.
차장섭, 「조선시대 족보의 편찬과 의의-강릉김씨 족보를 중심으로-」, 『조선시대사학보』 2, 조선시대사학회, 1997.
최재석, 「족보에 있어서의 파(派)의 형성」, 『민족문화』 7, 민족문화추진회, 1981.

저서

권기석, 『족보와 조선 사회 - 15~17세기 계보의식의 변화와 사회관계망』, 태학사, 2011.
송준호, 『조선사회사연구; 조선사회의 구조와 성격 및 그 변천에 관한 연구』, 일조각, 1987.
에드워드 와그너, 『조선왕조 사회의 성취와 귀속』, 일조각, 2007.

관련사이트

[http://db.itkc.or.kr/inLink?DCI=ITKC_BT_0061A_0390_010_0080_2010_013_XML] 『사가문집』권5, 서, 안동권씨가보서, 한국고전번역원 한국고전종합DB",,,,https://contents.history.go.kr/front/hm/view.do?levelId=hm_085_0050,사료로 본 한국사\items\hm_age_50_조선 전기\hm_ty_030_사회\hm_085_0050_안동 권씨 성화보 서문.md
511,hm_age_50,조선 전기,hm_ty_030,사회,hm_086_0010,연등 행사 금지,조선 전기 > 사회 > 유교적 사회 윤리의 보급 > 연등 행사 금지,"예조에 또 전지하기를, “지금부터 4월 초8일 대궐 안의 연등을 없애도록 한다”하였다.

『세종실록』권19, 5년 3월 18일 기해

사간원에서 계하기를, “연등(燃燈)은 금하지 않을 수 없습니다 ”하니, 임금이 말하기를, “부처에게 공양하고 중에게 시주하는 것도 또한 다 금하지 못하는데, 어찌 유독 연등만 금할 수 있겠는가. 뒷날에 중에게 시주하는 것을 금지한 뒤에 이를 금하는 것이 옳겠다” 하였다.

『세종실록』권39, 10년 3월 23일 을사

사헌부에 하교하기를, “본조(本朝)의 풍속에 4월 초8일을 부처의 탄생일이라고 하여 연등(燃燈) 관희(觀戲)

격구 등의 운동 시합, 연등과 같은 종교 행사, 정재(呈才) 등의 가무악 행사를 구경하며 즐기는 일

를 행한 지 이미 오래되었는데, 요즈음 간원(諫院)에서 폐단을 말하면서 혁파하기를 청하였다. 내 생각에 오래 된 습속을 갑자기 쉽게 고칠 수 없으나 오직 이 습관만은 고치지 않을 수 없다. 지금부터 절[僧舍] 이 외에 중앙과 지방에서 행해지는 연등은 일체 금하라”하였다.

그리고 말하기를, “날짜가 이미 임박하였는데 어리석은 백성들이 혹 알지 못하여 금령(禁令)을 범하는 자가 있을 것이니, 오는 초8일에는 우선 서울 안에서만 금하고, 알지 못하여 범하는 자는 죄주지 말며, 외방(外方)은 내년부터 금하도록 하라” 하였다.

『세종실록』권52, 13년 4월 6일 경자

傳旨于禮曹 : “今後除四月八日闕內燃燈”

『世宗實錄』卷19, 5年 3月 18日 己亥

司諫院啓 : “燃燈, 不可不禁”

　上曰 : “供佛齋僧, 亦未盡禁, 何獨禁燃燈乎? 待後日禁齋僧, 然後禁之可也”

『世宗實錄』卷39, 10年 3月 23日 乙巳

下敎司憲府曰 : 本朝風俗, 以四月八日爲佛生辰, 燃燈觀戲, 行之已久. 頃者, 諫院陳弊請罷, 予以習俗之久, 未易遽革, 重惟此習, 不可不革, 自今僧舍外, 中外燃燈一禁.

仍曰 : 日期已迫, 愚民或有不知而犯禁者, 來八日則姑禁京中, 不知而犯者勿罪, 外方, 自來年禁之.

『世宗實錄』卷52, 13年 4月 6日 庚子

이 사료는 조선 초 불교 행사인 연등(燃燈) 행사를 금지한 것과 관련한 내용이다. 연등이란 등불을 밝힌다는 뜻이다. 부처님에게는 다양한 공양이 올려졌는데 대표적인 공양으로는 향(香), 등(燈), 꽃[花], 쌀[米], 과일[果], 차(茶) 등이 있었으며, 각 공양물은 불교의 주요 가르침에 대한 상징이었다. 불교에서 중생의 어리석음은 짙은 암흑과 같다고 보아 무명(無明)이라 하였으므로, 불전에 등을 달아 밝게 비추는 일은 자신의 마음을 밝게 하여 진리의 깨닫는다는 의미를 가졌다. 따라서 등을 달고 행사에 참여하는 것은 부처님의 가르침과 자비가 광명으로서 두루 퍼져 나가기를 기원하며, 부처님의 가르침을 스스로 실천하겠다고 다짐을 하는 행위였다. 이러한 공양 의식은 더 나아가 소원을 비는 구복(求福)의 한 방편으로 간주되었으며 국가적인 행사로 확대되었다.

한국 역사에서 연등은 불교가 전래되면서 시작된 것으로, 고려 시대에 들어서는 불교가 들어오기 전부터 있었던 토착 의례와 융화 과정을 거치면서 국가적인 놀이 문화로 발전하였다. 태조

의 『훈요십조

(訓要十條)』에 따라 연등회

는 연초에 왕이 직접 주관하는 정례 행사(상원 연등회

)로서 성대하게 시행되었는데, 이때 왕은 대규모의 수행 인원을 대동하고 사찰로 행차하여 직접 공양을 드렸으며, 궁중에서는 등을 곳곳에 매달고 연회를 열어 군신 간에 술과 음식을 나누었다. 연등회

와 별도로 4월 초8일(초파일)에도 부처의 탄신을 기념하기 위하여 연등이 행해졌는데, 이 초파일 연등은 고려 말로 갈수록 점차 비중이 높아져 연초의 상원 연등회

를 능가할 정도로 큰 규모의 행사가 되었으며 서민층으로도 확산되어 하나의 풍속으로 자리잡았다.

그동안 학계에서 조선 시대 불교 정책을 바라보는 키워드는 ‘숭유억불(崇儒抑佛)’이었다. 특히 대(對) 불교 정책 관련 사료가 많이 보이는 15세기는 성리학 국가 조선이 만들어지는 것과 궤를 같이해 숭유억불로의 불교 정책 전환 시기로 파악되었다. 이러한 시각에 따르면, 불교는 고려 사회의 종교·사회를 넘어 정치적으로도 영향을 끼치고 있었는데, 조선은 정치뿐 아니라 조선의 사회 전(全) 분야에서 불교적 색채를 지우기 위한 정책을 펼쳤다. 즉 불교의 자리를 유교로 대체하려 한 것이었다. 이렇게 보았을 때, 이 사료의 연등 행사 금지 조치 또한 억불(抑佛) 정책의 일환으로 이해될 수 있다.

그리고 이러한 정책에도 불구하고, 이 사료에서처럼 사월 초파일 연등 행사는 계속 시행된다는 점, 개인적으로는 불교를 신봉한 태조

와 정종

, 말년에 내불당(內佛堂)을 지었던 세종

등의 모습처럼 불교적 색채가 드러나는 이유에 대해서는, ‘숭유억불’은 개인의 종교적 부분까지 강제하려 했던 것은 아니라거나, 고려대부터의 유습이 강고히 남아있어서라고 보았다.

그러나 최근 들어 조선시대 ‘숭유억불’에 대한 새로운 시각이 제기되었다. 기존의 시각은 승정 체제, 사찰, 승도 정책 등의 변화를 불교 사상에 대한 반대 정책으로 해석했다고 지적했다. 그러면서 태종

·세종

대 국가의 주지 임명, 사사전(寺社田) 및 사노비(寺奴婢) 정비 등은 사찰·승도에 대한 지원·관리 방안 등을 개혁하는 것으로 사회 공적 시스템에서 불교 색채를 지우는 것이었다고 보았다.

구체적으로는 지정 사찰, 소속 종단, 사사전과 사노비의 수, 상주승의 인원, 승정 기구의 기능 등을 통합하고 감축하여 새롭게 재편함으로써, 고려 이래의 기존 체제를 개혁했다. 이에 따라 성립한 2종 36사(242개소) 중심의 승정체제는 세종

대부터 연산군

대에 이르기까지 80여 년간 운영되었다.

조선시대의 불교 정책과 별개로 조선 사회에는 수많은 사찰이 존재했다. 16~17세기에는 약 1,650여 개소 이상의 사찰이 존재했다. 이는 불교 또한 나름의 변화를 통해 조선 사회에 적응하고 있었다는 것을 보여준다. 숭유억불이라는 거시적인 정책 변화와 별개로 불교의 조선 사회 적응기에 대한 관심이 촉구된다.

이 글의 내용은 집필자의 개인적 견해이며, 국사편찬위원회의 공식적 견해와 다를 수 있습니다.

참고문헌

논문

금형우, 「고려시대 연등회 연구; 설행실태를 중심으로」, 『국사관논총』55, 1994.
손성필, 「16·17세기 불교정책과 불교계의 동향」, 동국대학교 박사학위논문, 2013.
손성필, 「조선시대 불교정책의 실제: 승정체제, 사찰, 승도에 대한 정책의 성격과 변천」, 『한국문화』 83, 2018.
손성필, 「寺刹의 혁거, 철훼, 망폐 -조선 태종·세종대 승정체제 개혁에 대한 오해-」, 『진단학보』 132, 2019.
오형근, 「조선전기의 불교와 생활세계」, 한국정신문화연구원 철학종교연구실 편, 『한국사상사대계 4: 근세전기편』, 한국정신문화연구원, 1991.
채상식, 「고려·조선시기 불교사 연구현황과 과제」, 『한국사론』28, 1998.
한우근, 「조선왕조 초기에 있어서의 유교이념의 실천과 신앙·종교-사제(祀祭)문제를 중심으로-」, 『한국사론』3, 1976.
이종수, 「조선시대 연등회의 존폐와 불교사적 의미」, 『불교연구』 37, 2012.

저서

김상현, 『한국불교사 산책』, 우리, 1995.
안계현, 『한국불교사상사연구』, 동국대학교, 1983.

관련사이트

[https://sillok.history.go.kr/id/kda_10503018_002] 『세종실록』권19, 5년 3월 18일 기해, 국사편찬위원회 조선왕조실록

[https://sillok.history.go.kr/id/kda_11003023_002] 『세종실록』권39, 10년 3월 23일 을사, 국사편찬위원회 조선왕조실록

[https://sillok.history.go.kr/id/kda_11304006_001] 『세종실록』권52, 13년 4월 6일 경자, 국사편찬위원회 조선왕조실록

[https://www.history.go.kr/contents/contentsPage.do?groupId=000000000571&menuId=000000000574&pageId=000000000213]
저작권 정책

[https://www.history.go.kr/contents/contentsPage.do?groupId=000000000931&menuId=000000000992&pageId=000000000541]
데이터 개방

[https://www.history.go.kr/contents/contentsPage.do?groupId=000000000571&menuId=000000000572&pageId=000000000211]
개인정보처리방침

13809 경기도 과천시 교육원로 86 국사편찬위원회

COPYRIGHT © NATIONAL INSTITUTE OF KOREAN HISTORY ALL RIGHT RESERVED.

오류신고

본 사이트 자료 중 잘못된 정보를 발견하였거나 사용 중 불편한 사항이 있을 경우 알려주십시오. 이용자의 참여가 사이트 가치 향상에 큰 도움이 됩니다.

사이트 하단의 ‘오류신고’ 메뉴를 이용하시면 신고 내용의 적용여부를 확인하실 수 있습니다.

개인정보는 삭제하오니 유념하시기 바랍니다.

자료명

사료로 본 한국사

자료위치

https://contents.history.go.kr/id/hm_086_0010

제목

오류유형

오류내용

이름

자동입력 방지문자

소개

한국사를 이해하는 데 토대가 되는 주요 사료를 각 시대와 분야별로 선별하여, 원문과 번역문, 해설과 참고 자료를 함께 서비스하고 있습니다.
이를 통해 어려운 역사 자료에 좀 더 쉽게 접근할 수 있도록 하였습니다.

일러두기

1.한 편의 사료는 국문, 원문, 해설, 참고자료의 4가지 요소로 구성하였습니다.

2.사료의 종류는 [삼국사기], [삼국유사], 『고려사』, 『조선왕조실록』 등의 1차 사료(史料)를 비롯해 개인 문집, 금석문, 신문, 판결문, 선언문 등에 이르기까지 매우 다양합니다.

3.국문은 원문에 수록된 사료를 우리말로 번역하여 수록하였습니다. 사료의 상당수는 한문이며, 영어, 일본어 등도 포함되어 있습니다. 또한 근·현대 사료 또한 한자를 많이 사용하여 일반인이 접근하기가 어려우므로 이를 이용자가 쉽게 이해할 수 있도록 현대 한국어에 맞게 번역하였습니다.

4.해설 중에서 추가 설명이 필요한 역사 용어의 경우 글자를 별색으로 표기하였습니다. 보라색은 해당 글자에 마우스를 갖다 대면 간략한 설명이 제공되며, 파란색은 클릭하면 ‘교과서 용어 해설’ 및 ‘한국사 연대기’ 등의 관련 자료로 연계되도록 하였습니다.

5.참고 자료에서는 사료와 관련된 연구 논문과 저서 목록을 수록하였고, 해당 사료의 원문과 번역문을 직접 확인할 수 있도록 관련 사이트도 연계하였습니다.

DB 구축 참여자(2012~2013)

시기 구분
기획
집필
교열
윤문
자료 총괄
구축 년도

삼국 이전
삼국 시대
전미희
류주희
이규리
문동석
이정빈
이현태
장종진
장청화
이계형
2012

박남수
홍기승
문동석
이현태
장종진
김경복
장청화
2013

통일 신라와 발해
전미희
류주희
이규리
김창겸
김덕원
전경숙
장청화
이계형
2012

박남수
홍기승
문동석
이현태
장종진
김경복
장청화
2013

고려 시대
전미희
류주희
이규리
한정수
손민호
황영수
전경숙
장청화
이계형
2012

류주희
홍기승
한정수
김가람
김경복
장청화
2013

조선 시대
전미희
류주희
이규리
이경찬
박귀미
이기명
이화영
이근호
장청화
이계형
2012

이규리
홍기승
이근호
김가람
김경복
장청화
2013

근대
전미희
류주희
이규리
은정태
홍문기
최보영
장청화
이계형
2012

염복규
은정태
홍동현
김경복
장청화
2013

현대
전미희
류주희
이규리
박미경
이관형
김진흠
장청화
이계형
2012

김점숙
이정은
홍동현
김경복
장청화
2013

DB 구축 참여자(2023~)

시기 구분
기획
집필
교열
감수
구축연도

근대
신재호

이주호

곽금선, 김명섭, 김상연, 김상훈, 김영진, 김진혁, 김호걸, 노성룡, 박주영, 송영화, 이양희, 이지은,

임동현, 최용준, 한보람, 한승훈, 한애라, 한준호, 홍수연

이명학
정일영
2023

현대

곽경상, 김상규, 김상연, 김재웅, 김진혁, 서홍석, 신재준, 예대열, 이길중, 이지완, 정무용

김태윤
김아람

근대
신재호

이주호

곽금선, 박주영, 박한민, 이양희, 이지은, 임동현,

주동빈, 최용준, 한보람, 한승훈, 한애라, 한준호

이명학
양진아
2024

현대

김상연, 김청강, 예대열, 이길중, 이지완

김아람

삼국
신재호

홍선이

권순홍, 김기민, 김지현, 나유정, 이종록

이준성
이정빈
2025

DB 고도화 참여자(2022~)

시기 구분
기획
해설 집필
해설 교열
감수
구축연도

근대
신재호

이홍구

곽금선, 김기성, 김명섭, 김명재, 김명환, 김상훈, 김소영, 김영진, 김헌주, 남기현, 류동연, 박순섭,

박주영, 박한민, 성주현, 송영화, 심철기, 양진아, 이성우, 이양희, 이지은, 임인재, 최보민, 최보영,

최우석, 한보람, 한승훈, 한준호

박은숙

정일영

한승훈
김도형
2022

현대

김대현, 김동주, 문민기, 박경렬, 이재석, 이지완

박광명

임광순
김아람

김태우

조선 전기
신재호

이주호

신동훈, 양정현, 윤승희, 이경동, 이상민, 이지훈

서민주
나영훈
2024

조선 후기

도주경, 문광균, 오승관, 윤민경, 임성수, 채홍병

이행묵
박범

삼국 이전
신재호

홍선이

권순홍, 김기민, 김세진, 김지현, 나유정, 이종록

이준성
이정빈
2025

고려

김도연, 김보광, 김수연, 김종혁, 김지영, 김진곤,
김효섭, 박수찬, 안주영, 오경석, 오치훈, 이민기,
이바른, 이상민, 이창섭, 정동훈, 최은규, 현수진

이현경

황향주
한정수

최종석

메인 화면

1.교양 우리 역사 메뉴 내의 콘텐츠로 이동할 수 있습니다.

2.시대별 분야에 따른 사료 목록을 확인할 수 있습니다.

3.사료로 본 한국사 내 자료를 검색할 수 있습니다.

분류별 목록 화면

1.시대에 따른 분야별 목록을 확인할 수 있습니다.

2.개별 사료 클릭시 상세화면으로 이동합니다.

상세 화면 – 한면으로 보기

1.시대별/분야별 목차를 확인할 수 있고, 다른 사료로 바로 이동할 수 있습니다. 숨기기/열기 버튼을 이용해 닫거나 열어볼 수 있습니다.

2.각 사료에 대한 국문, 원문, 해설, 참고자료 정보를 4개의 탭으로 열람할 수 있습니다.

3.두 가지 정보를 비교해 볼 수 있는 ‘나란히 보기’ 화면으로 이동합니다. 드롭박스를 통해 열람하고자 하는 정보를 선택할 수 있습니다.

4.폰트 조정, 인쇄, 목록, 오류신고, 이전/다음 사료로 이동 등의 툴바 기능을 이용할 수 있습니다.

목록화면

1.시대에 따른 분야별 사료 목록이 배열됩니다.

2.메인 화면 및 시대별 목록을 열람할 수 있습니다.

3.상세 사료 목록을 펼침/닫힘 버튼을 통해 이용할 수 있습니다.",,,,https://contents.history.go.kr/front/hm/view.do?levelId=hm_086_0010,사료로 본 한국사\items\hm_age_50_조선 전기\hm_ty_030_사회\hm_086_0010_연등 행사 금지.md
512,hm_age_50,조선 전기,hm_ty_030,사회,hm_086_0020,상장례 관습 규제,조선 전기 > 사회 > 유교적 사회 윤리의 보급 > 상장례 관습 규제,"예조에서 계하기를, “『원육전(元六典)』·『속육전(續六典)』에 실려 있는 여러 해 동안 내린 판지(判旨)를 서울에서나 지방 관리들이 받들어 시행하지 않는데, 그 받들어 시행하지 않는 조항을 삼가 기록하여 올리오니, 청컨대 지금부터 더욱 명백히 거행하도록 하고, 이를 어긴 자는 논죄하소서. …(중략)…

1. 영락 11년(1413, 태종

13) 사간원의 장계인데, 불교라는 것은 군신의 의리도 없고 부자의 은혜도 없이 허황되고 허망한 말을 가지고 망령스럽게 은혜를 갚는다는 말을 붙여서 세상을 현혹하게 하고 백성을 속이며 풍속을 패망케 하니, 우리 유도(儒道)에 해됨이 이보다 심함이 없습니다. 옛날 당(唐)·우(虞) 3대 때에 나라가 오랫동안 존속하였고 사람의 수명도 길었는데, 이것은 실로 부처가 그렇게 하여 준 것이 아닙니다. 한나라 명제(明帝) 때에 불법(佛法)이 처음으로 들어오게 되었는데, 명제(明帝) 이후로부터 난리와 패망이 계속되어 국운이 오래 지속되지 못하였고, 그 뒤에 양나라·진나라·후위 때에는 부처 섬기기를 더욱 근실하게 하였으나, 나라의 존속은 더욱 단축되었고, 드디어 불교의 계율을 지킨 임금으로서 대성(臺城)에서 굶어 죽는 화1)

1)

대성(臺城)에서 굶어 죽는 화 : 중국 양나라 무제(武帝)가 불교를 믿다가 후경(侯景)의 반란을 만나 대성(臺城)에서 굶어 죽은 고사이다. 대성은 남북조 시대 천자의 어소(御所)를 말한다. 양 무제는 동태사(東太寺)를 대성 안에 짓고, 대불각 7층을 만들어 국고를 낭비하다가 백성의 원망을 샀는데 이 틈을 타고 후경의 반란이 발생하였으며, 양무제는 대성에 유폐되어 굶어 죽었다.

를 당하게 되었으니, 부처를 섬겨서 복을 구하였다는 것이 과연 어디에 있습니까? 부처를 믿을 것이 없음은 변론할 것도 없이 명백한 일입니다.

어리석고 무식한 자는 책망할 것도 없으려니와, 세상에서 고명하였다고 하는 자도 또한 여기에 혹하여 섬기는 것은 어떤 까닭입니까? 대개 사악한 말이 틈을 타고 들어와서 유혹하게 되면, 미치기는 쉬우나 깨어나기는 어려운 것입니다. 그러므로 사람이 부모상이나 처자상을 다하여 애통 박절한 때에, 그 틈을 타서 복전(福田)

부처와 보살 법사들에게 공양하고 삼보(三寶)를 숭봉하면 복덕(福德)의 열매를 얻게 됨

의 이익이라는 말로 꾀어 차츰차츰 그 가운데로 들어가서 가산을 탕진하기에 이르니 사악한 말이 사람을 해치는 것이 이와 같습니다. 이제 우리 전하께서 크게 개혁하였으니, 진실로 천 년 동안에 없던 아름다운 일입니다.

그러나 죽은 자를 위하여 부처에게 공양하거나 승려에게 재를 드리는 일은 아직 낡은 습속을 고치지 못해, 사람이 죽으면 모두 좋은 길로 가게 한다 하면서 이미 칠칠재(七七齋)를 올리고, 또 법석(法席)의 모임을 만들어, 무식한 무리들이 오로지 겉만 화려한 것을 숭상하여 남의 이목에 자랑만 하려 합니다. 만일 부처가 영험이 있다고 하여, 사람들의 시주를 받아 사람의 죄를 구원해 준다면, 이것은 벼슬과 옥사(獄事)나 팔아먹는 탐관오리가 하는 일이니 어찌 이러한 이치가 있겠습니까? 또 죽고 사는 것은 운명에 있는 것이요, 재앙과 복은 하늘에 매인 것이니, 비록 부지런히 빌어도 부처가 어떻게 그 사이에 은혜를 베풀겠습니까?　엎드려 바라오니, 전하께서 관련 관서에 명하여 상장과 제사 의식은 일체 『문공가례

(文公家禮)』에 의하도록 하고, 부처에 대한 일은 엄금케 하여 여러 사람의 의혹을 끊어 없애게 하소서” …(중략)… 이상 30가지 조목을 다 그대로 따랐다.

『세종실록』권10, 2년 11월 7일 신미

형조에 전지(傳旨)를 내려 말하기를, “우리나라 백성들의 상(喪)·제(祭)의 법이 고려의 비루한 풍습을 많이 따르므로, 금지하는 법을 세워서 『육전』에 실었으나, 유사가 능히 규찰하지 못하여 예전 습관을 그대로 따르기 때문에 바르게 될 날이 기약이 없다. 지금의 민간 풍속이 평상시에는 존비(尊卑)를 가리지 않고 앞다퉈 음사(淫祀)2)

2)

음사(陰祀) : 조선 시대 유교 윤리와 명분에 어긋나는 신(神)을 제사지내는 행위이다. 유교적 윤리에 어긋나는 천지산천·일월성신에 대한 자연숭배, 정령에 대한 신앙 등을 말한다.

를 숭상하고, 무당[巫覡]을 높이 신뢰해서 재물과 곡식을 허비한다. 상(喪)을 당하게 되면 혹은 무당의 집에 가서 풍악을 베풀어 신을 먹이고, 혹은 절[佛寺]에 올라가서 재(齋)를 베풀어 복을 빌며, 혹은 장삿날[葬日]에 술과 음식을 많이 베풀어서 손님과 주인이 서로 위로하되, 되도록 풍성한 것을 숭상하여, 부유한 자는 떠벌리고 빈한한 자는 억지로 따라 하면서 손님과 벗을 불러 모아, 남자와 여자가 들끓게 하여 막대한 경비를 소비한 뒤에야 마음에 만족해하고, 향리(鄕里)의 자랑거리가 된다. 이것이 풍속이 되어 절약할 줄을 모르다가, 한 번만 흉년을 만나면 곧 굶주리게 되니 진실로 답답한 일이다. 다만 민생이 이 때문에 가난하고 고생할 뿐 아니라, 풍속의 좋고 나쁨이 실로 이것에 관계되니, 이제부터 이후로는 무릇 풍악을 베풀고 군중을 모아 귀신을 음사하는 자, 상을 당한 집에서 무당에게 가서 귀신을 먹이는 자, 손님을 맞고 재를 베푸는 자, 장삿날에 술을 베푸는 자가 있으면, 도성 안에서는 사헌부가, 외방에서는 감사

와 수령이 거듭 밝혀서 엄하게 금하고, 만일 범하는 자가 있으면 손님과 주인을 모두 죄주라” 하였다.

『세종실록』권76, 19년 2월 14일 갑술

대성(臺城)에서 굶어 죽는 화 : 중국 양나라 무제(武帝)가 불교를 믿다가 후경(侯景)의 반란을 만나 대성(臺城)에서 굶어 죽은 고사이다. 대성은 남북조 시대 천자의 어소(御所)를 말한다. 양 무제는 동태사(東太寺)를 대성 안에 짓고, 대불각 7층을 만들어 국고를 낭비하다가 백성의 원망을 샀는데 이 틈을 타고 후경의 반란이 발생하였으며, 양무제는 대성에 유폐되어 굶어 죽었다. [https://contents.history.go.kr#fsid_1]

음사(陰祀) : 조선 시대 유교 윤리와 명분에 어긋나는 신(神)을 제사지내는 행위이다. 유교적 윤리에 어긋나는 천지산천·일월성신에 대한 자연숭배, 정령에 대한 신앙 등을 말한다. [https://contents.history.go.kr#fsid_2]

禮曹啓『元續六典』內 各年判旨, 中外官吏或不奉行, 其不奉行條件, 謹錄以聞, 請申明擧行, 違者論罪. …(中略)… 一, 永樂十一年司諫院啓 佛者, 去君臣之義 父子之恩, 以浮誕之辭, 妄托報恩之說, 惑世誣民, 傷風敗俗. 吾道之害, 孰甚於此? 在昔唐虞三代之時, 歷年多而享壽長, 此固非佛氏之致然也. 漢明帝時, 始有佛法, 明帝以後, 亂亡相繼, 運祚不長. 及梁陳元魏之際, 事佛尤謹, 年代尤促, 遂使持戒之主, 終有臺城之禍, 事佛求福, 果安在也? 佛不足信, 不待辨說而自明矣. 蠢蠢無知, 固不足責, 世號高明者, 亦惑而事之, 何哉? 大抵邪說乘間得誘, 則易惑而難悟, 故人有喪父母·失妻子而哀痛迫切之間, 誘之以福田利益之說, 駸駸然入於其中, 至於蕩盡家産, 邪說之害人如此. 今我殿下斷然一革, 誠千載之美事也. 然爲死者供佛齋僧之事, 因循未革, 人死則皆欲薦拔, 旣設七七之齊, 又設法席之會, 無識之徒, 專尙浮華, 誇人耳目. 假如佛氏有靈, 受人之饋, 救人之罪, 則是賣官·鬻獄汚吏之所爲也, 豈有此理乎? 且死生有命, 禍福在天, 縱有祈禱之切, 佛氏安能施惠於其間哉? 伏望殿下, 命攸司, 喪祭之儀, 一依『文公家禮』, 痛禁佛事, 以斷群疑. …(中略)… 已上三十條, 皆從之.

『世宗實錄』卷10, 2年 11月 7日 辛未

傳旨刑曹, 本國人民喪祭之法, 多襲高麗卑陋之風, 雖立禁制, 載在『六典』, 有司不能糾察, 因循舊習, 歸正無期. 當今民俗, 其在平時, 無問尊卑, 競崇淫祀, 尊信巫覡, 費散財穀. 及其居喪, 或詣巫家, 張樂饗神, 或上佛寺, 設齋祈福, 或於葬日, 多設酒饌, 賓主相慰, 務崇豐厚, 富者誇張, 貧者黽勉, 召會賓朋, 男女雜(畓)〔沓〕, 糜費甚多, 然後快於其心, 而爲鄕里之所譽. 以此成風, 不知節用, 一値凶荒, 輒至飢餓, 誠可於邑. 非但民生因是貧苦, 風俗美惡, 實關於此, 自今以後, 凡有作樂聚衆淫祀鬼神者, 與居喪之家就巫饗神者·邀賓設齋者 及葬日致酒者, 京中憲司·外方監司守令申明痛禁, 如有犯者, 賓主皆罪.

『世宗實錄』卷76, 19年 2月 14日 甲戌

이 사료는 조선 초기의 상례 정착 과정에서 불거진 사회상과 이를 성리학

적 상장례(喪葬禮)로 대체하려는 시도를 보여 주는 내용이다.

조선이 건국 초부터 실시한 배불숭유(排佛崇儒) 정책 아래 왕실과 사대부

는 생활에서 불교 의식 대신 점차 유교 의례를 따르는 경향이 형성되었다. 이러한 유교 의례의 제도화와 생활화는 『주자가례(朱子家禮)

』의 규정을 충실히 따르는 방향으로 전개되었다.

원래 『예기(禮記)』「왕제(王制)」에서 종묘

제도와 관련해 천자는 삼소삼목(三昭三穆)과 태조묘(太祖廟)를 포함한 칠묘(七廟)를, 제후는 이소이목(二昭二穆)과 태조묘를 포함한 오묘(五廟)를, 대부(大夫)는 일소일묘(一昭一廟)와 태조묘를 포함한 삼묘(三廟)를, 사(士)는 일묘(一廟), 서인(庶人)은 침(寢)에서 제사한다고 규정하였다. 이에 따라 고려 공민왕(恭愍王, 재위 1351~1374) 때 정몽주(鄭夢周, 1337~1392)는 대부(大夫)에서 하급 관원과 서인(庶人)들까지 제사를 모시도록 권장하였다. 그 후 1390년(공양왕 2년)에 가묘(家廟)를 제정하라는 명이 내려 각 가정에서 부모의 신주를 모시는 사당을 짓게 되었다. 당시 조준

(趙浚, 1346~1405)은 『주자가례

』에 따라 대부 이상은 3대, 6품 이상은 2대, 7품 이하 서인에 이르기까지는 다만 그 부모를 제사하게 하였다. 이것이 『경국대전

(經國大典)』이 완성되면서 「예전(禮典)」에서 제례 대상을 사대부

이상은 4대, 6품 이상은 3대, 7품 이하는 2대, 일반 서민은 부모 제사만 지내도록 규정하였다.

그러나 이러한 변화는 쉽게 일어나지 않았다. 사료에서처럼, 고려부터 이어온 상·장례 풍속이 강고하게 이어지고 있었다.

조선은 ‘숭유억불(崇儒抑佛)’이라는 기조 아래, 조선의 사회 전(全) 분야에서 불교적 색채를 지우기 위한 정책을 펼쳤다. 즉 불교의 자리를 유교로 대체하려 한 것이었다. 이 사료에서 언급되고 있는 상장례 또한 당시의 불교식 상장례에서 유교식 상장례로의 전환을 정책적으로 촉구했다. 그러나 태종

대 지적된 상장례의 폐단이 세종

대에도 이어지고 있었다는 데서 알 수 있듯이, 고려대부터의 강고한 유습으로 인해 사회 문화 전환은 빠르게 이뤄지지 못했다.

흥미로운 점은 두 번째 사료에서 상장례 풍습을 바꾸려는 실질적인 이유를 알 수 있다는 것이다. 두 번째 사료는 형조에 내린 세종

의 전지이다. 이에 따르면, 상을 당하면 무당을 찾아가 풍악을 울리거나 절에 가서 복을 빌고, 장일(葬日)에는 많은 손님을 초대해 음식과 술을 베풀고 떠들썩하게 잔치를 벌이는데, 이렇게 해야 동네의 자랑거리가 될 수 있었다. 세종

은 이러한 폐단을 언급한 후 ‘풍속이 절약을 몰라 한 번만 흉년을 당하면 굶주린다’면서, 상·장례 풍습을 바꿔야 한다고 했다. 이에 따르면, 세종

이 상·장례 풍습을 바꾸려고 한 실질적인 이유는 백성들의 경제를 걱정했기 때문이었다. 가산 탕진 방지라는 실질적인 이유는 『주자가례

』에 의한 상장례 도입을 위한 현실적인 명분이었다.

또 하나 주목되는 것은, 불교식 상장례의 폐단이 상을 당한 사람들에게 접근하는 방식이다. 첫 번째 사료에 따르면, 상을 당한 사람들이 애통해하고 박절해 할 때 승려들이 ‘사람이 죽으면 모두 좋은 길로 가게 한다’라고 하면서 그들의 재산을 이끌어 내고 있었다. 동서고금을 막론하고 부모를 잃은 자식에게 부모를 좋은 곳으로 인도한다는 것만큼 매력적인 이야기는 없을 것이다. 그러나 유교식 내세관은 불교의 이러한 내세관을 대체할 수 없었기에, 유교식 이념을 받아들이지 못한 백성들을 중심으로 불교식 내세관에 의한 상·장례가 행해졌다. 세종

대에 가서 공권력을 동원해 유교식 상장례를 강제한 것은 이러한 배경에서 시행되었던 것이다.

결과적으로 조선 시대 사대부의 장례 기간은 품계에 따라 달리하여 『경국대전

』 예전 상장조에는 “4품 이상은 3월장, 5품 이하는 유월장(踰月葬)

죽은 달을 넘겨서 다음 달에 치르는 장사

을 시행하고, 가난하여 기한이 지나도록 장례를 치르지 못하면 예조에서 장례 비품을 지급한다”라고 규정하였다.

이 글의 내용은 집필자의 개인적 견해이며, 국사편찬위원회의 공식적 견해와 다를 수 있습니다.

참고문헌

논문

김가람, 「조선 전기 유교식 효행의 정착 과정 연구」, 서강대학교 사학과 박사학위논문, 2022.
고영진, 「15·16세기 주자가례의 시행과 그 의의」, 『한국사론』21, 1988.
김용덕, 「상장례 풍속의 사적 고찰」, 『비교민속학』11, 1994.
류춘규, 「예서와 관행의 관혼상제 비교」, 김선풍 외, 『우리 민속학의 이해』, 월인, 2002.
배상현, 「≪주자가례≫와 그 조선에서의 행용과정」, 『동방학지』70, 1991.
안호룡, 「조선 초기 상제의 불교적 요소」, 한국사회사연구회 편, 『한국사회사논문집 11: 한국 고·중세사회의 구조와 변동』, 문학과지성사, 1988.
이범직, 「포은과 주자가례」, 『인문과학논총』30, 1998.
이재두, 「조선 전기 열녀의 존재 양상과 열행 인식 -󰡔신증동국여지승람󰡕에 실린 열녀를 중심으로-」, 『영남학』 70, 2019.
정종수, 「조선초기 상장의례 연구」, 중앙대학교 박사학위논문, 1994.
정종수, 「평생의례의 사회풍속」, 장철수 외, 『서울의 사회풍속사』, 서울시립대학교 서울학연구소, 1995.
정종수, 「우리나라의 상장의례에 나타난 효관념」, 『한국의 수의문화』, 2002.
지두환, 「조선초기 주자가례의 이해과정; 국상의례를 중심으로」, 한국사론』8, 982.

저서

강상순, 『귀신과 괴물』, 소명출판, 2017.
김종혁, 『조선의 관혼상제』, 중심, 2002.
금장태, 『귀신과 제사』, 제이앤씨, 2009.
마르티나 도이힐러, 『한국의 유교화 과정』, 너머북스, 2013.
장철수, 『한국의 관혼상제』, 집문당, 1995.
한승훈, 『무당과 유생의 대결』, 사우, 2021.

관련사이트

[https://sillok.history.go.kr/id/kda_10211007_003] 『세종실록』권10, 2년 11월 7일 신미, 국사편찬위원회 조선왕조실록

[https://sillok.history.go.kr/id/kda_11902014_004] 『세종실록』권76, 19년 2월 14일 갑술, 국사편찬위원회 조선왕조실록

[https://www.history.go.kr/contents/contentsPage.do?groupId=000000000571&menuId=000000000574&pageId=000000000213]
저작권 정책

[https://www.history.go.kr/contents/contentsPage.do?groupId=000000000931&menuId=000000000992&pageId=000000000541]
데이터 개방

[https://www.history.go.kr/contents/contentsPage.do?groupId=000000000571&menuId=000000000572&pageId=000000000211]
개인정보처리방침

13809 경기도 과천시 교육원로 86 국사편찬위원회

COPYRIGHT © NATIONAL INSTITUTE OF KOREAN HISTORY ALL RIGHT RESERVED.",,,,https://contents.history.go.kr/front/hm/view.do?levelId=hm_086_0020,사료로 본 한국사\items\hm_age_50_조선 전기\hm_ty_030_사회\hm_086_0020_상장례 관습 규제.md
513,hm_age_50,조선 전기,hm_ty_030,사회,hm_086_0030,여성의 재혼 금지,조선 전기 > 사회 > 유교적 사회 윤리의 보급 > 여성의 재혼 금지,"1. 한 명의 지아비를 종사하여서 삶을 마치는 것은 부인(婦人)의 대절(大節)이니, 그 재가(再嫁)하는 자가 비록 옛사람의 코를 베고 머리를 자르며 부모의 명을 따르지 않은 절의에 부끄럽지만 그러나 나이가 젊고 아들이 없이 과부로 사는 자를, 부모나 혹은 존장(尊長)이 그 외롭고 고단함을 불쌍히 여겨서 절개를 빼앗는 것은 부득이한 데서 나온 것이니, 인정(人情)으로 금하기 어려운 것입니다. 추위에 핍박하고 굶어 죽으면 또한 어찌 작은 것이겠습니다. 이런 까닭으로 ‘대전(大典)’의 법(法)에, 삼부(三夫)를 고쳐 시집간 자의 자손에게는 청요직(淸要職)을 불허(不許)하였으되, 재가를 금(禁)하는 조항이 없으니, 신 등의 망령된 생각으로는 대전의 법이 정리(情理)에 합당하다 여겨지나, 만약 그 부모와 존장(尊長)의 명(命)이 없는데도 재가한 자는 이러한 제한에 포함되지 않도록 해야 할 것입니다” …(중략)…

1. 부인은 의리에 있어 두 명의 지아비를 섬길 수 없습니다. 그러나 혹 불행히 일찍 과부가 되었는데, 그 부모가 홀로 사는 것을 두려워하여서 억지로 굽히게 하여 뜻을 빼앗은 자도 있고, 혹은 지아비가 죽어 의탁할 곳이 없는 데다 자존(自存)할 수가 없어, 그 종족이 함께 의논하여 다시 시집가게 한 자도 있으니, 이것은 부득이한 데서 나온 것이라 죄 줄 수 없는 자입니다. 그런 까닭으로 대전에, ‘재가는 단지 봉작(封爵)만 하지 말 것이나, 그 삼가(三嫁)한 자 및 실행(失行)한 자는 자손을 녹안(錄案)하여 현관(顯官)의 제수와 부거(赴擧)를 허락하지 않는다’고 이미 법령으로 나타나 있으니, 이것의 경중을 짐작하여서 제도를 삼으시고, 이제 더하거나 빼는 일은 불가합니다. …(중략)…

1. 본국(本國)의 사대부

의 집은 대대로 예의를 지키어, 곧고 신조가 있어 음란하지 않음이 역사에 실려 있는데, 근래에는 크게 금하는 것이 조금 이완되어, 이심(李諶)의 처(妻) 조씨(趙氏)처럼 스스로 시집갈 지아비를 중매하여 추악한 소리가 흘러 들리고 있으니, 만약 깊이 다스리지 않으면 중인(中人)

이하의 여자는 모두가 장차는 이심의 처를 핑계[籍口]하여 다시는 수신(守信)하는 행실이 없으리니, 예속(禮俗)이 무너지는 것을 이루 탄식할 수 있겠습니까? 그러나 이제 대전 안에, ‘각기 다른 사람과 세 번의 결혼을 한 사람은[更適三夫者] 자녀와 더불어 그 자손을 한가지로 등록하여, 부시(赴試)하거나 대간

(臺諫)·정조(政曹)

문관의 인사권이 있는 이조(吏曹)와 무관의 인사권이 있는 병조(兵曹)의 합칭

가 될 수 없게 하였으되, 재가한 여자에 대해서는 논하지 않는다’라고 하였으니, 대저 율(律)은 대법(大法)을 베풀고, 예는 인정을 인연한 것입니다. 만약 빈천한 집에서 양쪽 다 부호(扶護)할 지친이 없는데 젊은 나이에 과부가 되었고, 또한 수절하기가 어려워, 그 부모와 친척이 정상을 참작하여 다시 초례[醮]한 것이면 예를 해롭게 함에 이르지는 않습니다. 외삼촌이 어머니의 뜻을 빼앗았다는 것은 옛사람이 말한 바이니, 만약 자녀와 더불어 한가지로 과죄한다면 큰 허물이 될까 두렵습니다. …(중략)…

1. 나이가 젊어 일찍 과부가 되고, 또 자녀에게 의탁할 수가 없어서 부모가 뜻을 빼앗아 개가하였다면 청허하고, 만약 자녀가 있는데도 재가한 자는 그 부모에게 죄를 주되, 대전(大典)의 삼부(三夫)를 고쳐 시집간 예로 논함이 좋겠습니다. …(중략)…

1. 예전에 정자(程子)가 말하기를, ‘재가하는 것은 단지 후세에 추위에 떨고 굶주려 죽을까 두려워하여 한 것이다. 그러나 절개를 잃는 일은 지극히 크고, 죽는 일은 지극히 작다’ 하였고, 장횡거(張橫渠)는 말하기를, ‘사람이 실절한 자를 취하여 자기의 짝을 삼으면, 이것도 또한 실절한 것이다’라고 하였으니, 대개 한번 더불어 초례를 치렀으면 종신토록 고치지 않는 것이 부인의 도(道)입니다. 만약 두 지아비를 고쳐 산다면, 이것을 금수와 더불어 어찌 가리겠습니까? 세속이 절의를 돌아보지 아니하면 비록 자재(資財)가 풍부하여 주리고 추위를 근심하지 않는 자라도 또한 모두 재가하고 국가에 또한 금령이 없어서 실절한 자의 자손으로 하여금 또한 청현(淸顯)의 직에 열위(列位)하게 하는 습관이 풍속을 이루어 평범하게 보아 넘겨 괴이하게 여기지 않으니, 비록 혼인을 주관하는 자가 없더라도 스스로 중매하여 지아비를 구하는 자까지 있습니다.

만약 이를 금하지 않는다면 어느 곳이든 이르지 않음이 없을 것이니, 금후로는 재가한 자를 한결같이 모두 금단하고, 만일 금령을 무릅쓰고 재가한 자가 있으면 아울러 실행(失行)

본래 길을 벗어나다는 의미이며, 도의에서 벗어난 행동을 한다는 의미로 확대됨

한 것으로 치죄하고 그 자손도 또한 입사(入仕)함을 허락하지 말아서 절의를 가다듬게 함이 편하겠습니다.

『성종실록』권82, 8년 7월 17일 임오

예조에 전지하기를,

“전(傳)에 이르기를, ‘신(信)은 부녀자의 덕이니, 한 번 더불어 함께 하였으면 종신토록 고치지 않는다’라고 하였다. 이러므로 삼종지의(三從之義)1)

1)

여자가 지켜야 할 3가지 도리인 삼종지도(三從之道)를 말한다. 즉, 시집가기 전에는 아버지에게 복종하고[在家從父], 시집가면 남편에게 복종하고[適人從夫], 남편이 죽은 뒤에는 자식을 따라야 한다[夫死從子]는 것임.

가 있고, 한 번도 어기는 예(禮)가 없더니, 세도(世道)가 날로 비속(卑俗)하면서부터 여자의 덕이 부정(不貞)하여, 사족

의 여자가 예의를 돌보지 않고, 혹은 부모가 뜻을 빼앗기도 하고, 혹은 스스로 중매하여 사람을 따르니, 스스로 가풍(家風)을 무너뜨릴 뿐만 아니라, 진실로 이 명교(名敎)를 점오(玷汚)

더럽히다

하게 함이 있으니, 만약 금방(禁防)을 엄히 세우지 않으면 음벽(淫僻)한 행실을 그치게 하기 어렵다. 이제부터는 재가한 여자의 자손은 사판(士版 )

벼슬아치 명단을 통칭

에 나란히 하지 않음으로써 풍속을 바르게 하라”라고 하였다.

『성종실록』권82, 8년 7월 18일 계미

여자가 지켜야 할 3가지 도리인 삼종지도(三從之道)를 말한다. 즉, 시집가기 전에는 아버지에게 복종하고[在家從父], 시집가면 남편에게 복종하고[適人從夫], 남편이 죽은 뒤에는 자식을 따라야 한다[夫死從子]는 것임. [https://contents.history.go.kr#fsid_1]

一. 從一而終, 婦人之大節, 其再嫁者, 雖愧於古人割鼻截髮不從父母之命之節義, 然年少無子而寡居者, 父母或尊長憐其孤苦而奪節者, 則出於不得已, 人情之所難禁也. 迫寒餓死, 亦豈小乎.

是故『大典』之法, 更適三夫者子孫不許淸要之職, 而無禁再嫁之條, 臣等妄謂『大典』之法合於情理, 若其無父母尊長之命而再嫁者, 不在此限” …(中略)…

一. 婦人義不可事二夫. 然或有不幸早寡, 其父母恐其孀居, 爲强暴取汚而奪情者, 或有夫死無依, 不能自存, 其宗族共議而更適者, 此則出於不得已, 而不可罪者也. 故『大典』, ‘再嫁者, 只勿封爵, 其三嫁失行者, 則錄案子孫不許授顯官赴擧’, 已著爲令, 此斟酌輕重而爲之制, 今不可增損矣. …(中略)…

一. 本國衣冠之家, 世守禮義, 貞信不淫, 在載史典, 近來大防稍弛, 有如李諶妻趙氏, 自媒嫁夫, 醜聲流聞, 若不深治, 中人以下之女, 皆將以諶妻藉口, 無復守信之行, 禮俗之毁, 可勝歎哉. 但今『大典』內, ‘更適三夫者與恣女同案其子孫, 不得赴試爲臺諫·政曹, 若再嫁之女則不論’, 大抵律設大法, 禮緣人淸.　若有貧賤之家, 兩無扶護之親, 早年爲孀, 亦難守節, 其父母親戚酌情更醮, 不至害禮.　‘舅奪母志’ 古人所言, 若與恣女同科, 恐爲大過. …(中略)…

一.　年少早寡, 且無子女可托, 而父母奪情改嫁則聽, 若有子女而再嫁者, 罪其父母, 依『大典』更適三夫例論爲便. …(中略)…

一.　昔程子曰: ‘再嫁只爲後世怕寒餓死. 然失節事極大, 餓死事極小.’ 張橫渠曰: ‘人取失節者以配己, 是亦失節也. ’ 蓋一與之醮, 終身不改, 婦人之道也. 若更二夫, 則是與禽獸奚擇哉? 世俗不顧節義, 雖資財饒富不虞飢寒者, 亦皆再嫁, 國家亦無禁令, 使失節者之子孫, 亦列淸顯之職, 習以成俗, 恬不爲怪, 雖無主婚者, 自媒求夫者有之.

若此不禁, 何所不至. 今後再嫁者, 一皆禁斷, 如有冒禁再嫁者, 竝以失行治罪, 其子孫亦不許入仕, 以勵節義爲便.

『成宗實錄』卷82, 8年 7月 17日 壬午

傳旨禮曹曰: “傳云: ‘信, 婦德也, 一與之齊, 終身不改.’ 是以有三從之義, 而無一違之禮, 自世道日卑, 女德不貞, 士族之女, 不顧禮義, 或爲父母奪情, 或自媒從人, 非徒自壞家風, 實是有玷名敎, 若不嚴立禁防, 難以止淫僻之行.　自今再嫁女子孫, 不齒士版, 以正風俗”

『成宗實錄』卷82, 8年 7月 18日 癸未

이 사료는 1477년(성종

8) 7월 17일(임오) ‘금부녀재가(禁婦女再嫁)’, 곧 ‘과부의 재혼 금지’ 조치에 관해 논의한 내용이다.　열녀

나 과부의 재혼 금지 등은 조선이 성리학

적 유교 이념을 통치의 근간으로 삼으면서 제기되었다.

이 논의는 이심(李諶)의 처(妻)였던 조씨(趙氏)가 족친(族親)으로 하여금 혼인을 주장하지 않고, 스스로 중매하여 김주(金澍)에게 시집간 사건으로 인해 불거졌다. 성종

(成宗)은 정승을 역임했던 원로 신하들을 비롯해, 의정부

·6조

·사헌부·사간원·한성부·돈녕부의 2품 이상과 충훈부 1품 이상 관료들을 소집하여 위의 문제를 논의하게 하였다. 이 무렵은 세조 비 정희왕후의 수렴청정

이 끝나고, 성종

이 직접 정국을 주도하기 시작한 무렵이었다.

사료에 담긴 논의 과정을 살펴보면, 전반적인 의견은 『경국대전

(經國大典)』의 규정을 준수하자는 것이었다. 『경국대전

』은 초판 발행 이후부터 여러 번의 개정을 거쳤다. 현재 우리가 보고 있는 『경국대전

』은 가장 마지막에 발행된 것으로, 을사년에 발행되었다고 해서 ‘을사대전’으로 불린다. 이 사료에서 언급되고 있는 『경국대전

』은 을사대전 이전의 『경국대전

』으로, ‘을사대전’에서 찾아볼 수 없는 규정들이 있었다.

사료에 따르면 당시 『경국대전

』의 규정은 삼가자녀, 즉 어머니가 세 번째 결혼을 통해 낳은 자식의 경우 현관(혹은 청요직)에 제수되지 못하며 과거에 응시할 수 없었다. 즉 논의에 참여한 다수는 삼가자녀에 한하여 과거 응시를 금지시키고, 현관 임용을 금하자고 주장하였다. 그리고 이에 대한 배경으로 남편을 잃은 딸(혹은 친지)에 대한 인지상정(人之常情)을 들었다.

실제로 조선전기 사료들에서 남편을 잃은 딸을 안쓰러워해, 재가를 종용한 부모의 사례를 심심치 않게 확인할 수 있다. 이 사료에서도 대다수의 신료들은 본인이 직접 결혼을 알아보는 것이 아니라면, 다시 말해 부모·친지들에 의한 결혼이라면 재가를 허용해주고 삼가일 경우에도 제한적 조치를 해야 한다고 했는데, 이는 당대의 현실을 반영한 것이었다.

이날 논의에서 좌참찬 임원준(任元濬, 1423~1500), 예조판서 허종(許琮, 1434~1494), 무령군 유자광

(柳子光, ?~1512), 문성군 유수(柳洙, 1415~1481) 등이 앞장서 재가를 일체 금지하는 법을 만들고, 이후 금법(禁法)을 어기고 재가한 경우에는 실행(失行), 즉 삼가(三嫁)와 동일하게 간주하여 그 자손은 벼슬길에 나오지 못하도록 해야 한다고 주장하였다. 그러나 앞서 언급한 바와 같이 대다수의 관료들은 예외 없이 ‘금단하면 오히려 또 다른 사회적 폐풍을 일으킬 가능성’ 등을 언급하며 『경국대전

』 규정 준수를 주장했다. 이 논의는 성종

이 다수의 의견보다 소수의 의견에 동의하여 “앞으로 재가녀의 자손은 사판에 올리지 못하게 하여 풍속을 바르게 할 것”이라고 전교하면서 일단락되었다.

이후 논의는 1485년(성종

16)에 반포된 『경국대전

』에서 소위 ‘재가녀 자손 금고범(再嫁女子孫禁錮法)’이라는 규정으로 구체화되었다. ‘재가녀 자손 금고법’, 다시 말해 재혼한 여성의 자녀들을 금고에 처하는 법은 관직 임용상의 규정이기 때문에 모든 재가녀의 자손이 대상이 되는 것이 아니라, 그동안 관직자를 배출해 왔고 앞으로도 배출해 낼 가능성이 있는 계층에 한정하는 것이었다. 이는 일견 모든 자손의 관직 진출을 포기하면서까지 재혼할 어머니는 없으리라는 계산에서 나온 것으로 읽힌다. 그러나 논의 당시 재가 전면 금지는 소수의견이었음을 고려하면 최종 결과에는 성종

의 의지가 반영되었다고 보아야 할 것이다.

이 글의 내용은 집필자의 개인적 견해이며, 국사편찬위원회의 공식적 견해와 다를 수 있습니다.

참고문헌

논문

김연수, 「조선시대 ‘과부재가금지’에 따른 부부 연차(年差)의 불균형」, 『민속학연구』 50, 2022.
김성준, 「조선초기 장리자손 금고법의 성립」, 『동방학지』44, 1984.
오환일, 「조선시대 재가금법 검토」, 『한국여성학회지』1, 1994.
이상백, 「재가금지습속의 유래에 대한 연구」, 『한국문화사연구논고』, 1947.
한희숙, 「양반사회와 여성의 지위」, 『한국사시민강좌』15, 1994.

저서

권순형, 『고려의 혼인제와 여성의 삶』, 혜안, 2006.
김성준, 『한국중세정치법제사연구』, 일조각, 1985.
장병인, 『조선전기 혼인제와 성차별』, 일지사, 1999.
최홍기 외, 『조선 전기 가부장제와 여성』, 2006.

관련사이트

[https://sillok.history.go.kr/id/kia_10807017_002] 『성종실록』권82, 8년 7월 17일 임오, 국사편찬위원회 조선왕조실록

[https://sillok.history.go.kr/id/kia_10807018_004] 『성종실록』권82, 8년 7월 18일 계미, 국사편찬위원회 조선왕조실록

[https://www.history.go.kr/contents/contentsPage.do?groupId=000000000571&menuId=000000000574&pageId=000000000213]
저작권 정책

[https://www.history.go.kr/contents/contentsPage.do?groupId=000000000931&menuId=000000000992&pageId=000000000541]
데이터 개방

[https://www.history.go.kr/contents/contentsPage.do?groupId=000000000571&menuId=000000000572&pageId=000000000211]
개인정보처리방침

13809 경기도 과천시 교육원로 86 국사편찬위원회

COPYRIGHT © NATIONAL INSTITUTE OF KOREAN HISTORY ALL RIGHT RESERVED.",,,,https://contents.history.go.kr/front/hm/view.do?levelId=hm_086_0030,사료로 본 한국사\items\hm_age_50_조선 전기\hm_ty_030_사회\hm_086_0030_여성의 재혼 금지.md
514,hm_age_50,조선 전기,hm_ty_030,사회,hm_086_0040,어우동 사건,조선 전기 > 사회 > 유교적 사회 윤리의 보급 > 어우동 사건,"어우동(於于同)은 지승문원사(知承文院事) 박 선생의 딸이다. 그녀는 집에 돈이 많고 자색이 있었으나, 성품이 방탕하고 검소하지 못해 종실(宗室) 태강수(泰江守) 이동(李仝)의 아내가 된 뒤에도 태강수가 제어하지 못하였다. 일찍이 장인

에게 은그릇 제작을 요청했었는데, 그 장인은 나이 어린 미남이었다. 그녀는 이를 기뻐하여 매양 남편이 나가고 나면 계집종의 옷을 입고 장인

의 옆에 앉아 그릇 만드는 정묘한 솜씨를 칭찬하더니, 마침내 장인

의 마음을 얻어 내실로 끌어들여, 날마다 마음대로 음탕한 짓을 하다가, 남편이 돌아오면 몰래 숨기곤 하였다. 그의 남편이 자세한 사정을 알고 마침내 어우동을 내쫓아 버렸다.

그 여자는 이로부터 방자한 행동을 거리낌 없이 행하였다. 그의 계집종이 역시 예뻐서 매양 저녁이면 옷을 단장하고 밖으로 나가서 예쁜 소년을 이끌어 들여 여주인의 방에 들여 주고, 저는 또 다른 소년을 끌어들여 함께 자기를 매일처럼 하였다. 꽃피고 달 밝은 저녁엔 정욕을 참지 못해 둘이서 도성 안을 돌아다니므로 사람들을 꾀어내어, 제 집에서는 어디 갔는지도 몰랐으며 새벽이 되어야 돌아왔다. 일찍이 길가에 집을 얻어서 오가는 사람을 점찍었는데, 계집종이 말하기를, “모(某)는 나이가 젊고 모는 코가 커서 주인께 바칠 만합니다” 하면 그는 또 말하기를, “모는 내가 맡고 모는 네게 주리라” 하며 실없는 말로 희롱하여 지껄이지 않는 날이 없었다.

그녀는 또 종실인 방산수(方山守)와 더불어 사통하였는데, 방산수는 나이 젊고 호탕하여 시(詩)를 지을 줄 알므로, 그녀가 이를 사랑하여 자기 집에 맞아들여 부부처럼 지냈다. 하루는 방산수가 그녀의 집에 가니 그녀는 마침 봄놀이를 나가고 돌아오지 않았는데, 다만 소매 붉은 적삼만이 벽 위에 걸렸기에 시를 지어 쓰기를,

물시계는 또옥또옥 야기가 맑은데 / 玉漏丁東夜氣淸

흰 구름 높은 달빛이 분명하도다 / 白雲高捲月分明

한가로운 방은 조용한데 향기가 남아 있어 / 間房寂謐餘香在

이런 듯 꿈속의 정을 그리겠구나 / 可寫如今夢裏情

하였다.

그 외에 조관(朝官)·유생(儒生)으로 나이 젊은 사람 가운데 무뢰한 자를 맞아 음행하지 않음이 없으니, 조정에서 이를 알고 국문하여 고문을 받거나 관직을 잃고 먼 곳으로 귀양 간 사람이 수십 명이었고, 죄상이 드러나지 않아서 면한 자들도 또한 많았다. 의금부에서 그녀의 죄를 아뢰어 재추(宰樞)

의정부와 중추부의 대신

에게 명하여 의논하게 하니, 모두 말하기를, “법으로서 죽일 수는 없고 먼 곳으로 귀양 보냄이 합당하다” 하였다.

그러나 임금이 풍속을 바로 잡자 하여 형(刑)에 처하게 하였는데, 옥에서 나오자 계집종이 수레에 올라와 그녀의 허리를 껴안고 하는 말이, “주인께서는 넋을 잃지 마소서. 이번 일이 없었더라도 어찌 다시 이 일보다 더 큰일이 일어나지 않으리란 법이 있겠습니까” 하니, 듣는 사람들이 모두 웃었다. 그녀가 비록 행실이 더러워 풍속을 더럽혔으나 양가(良家)의 딸로서 극형을 받게 되니 길에서 눈물을 흘리는 사람도 있었다.

『대동야승』권1, 「용재총화」5

於宇同者, 知承文朴先生之女也. 其家殷富, 女婉孌有姿色, 然性蕩放不檢, 爲宗室泰江守之妻, 泰江不能制. 嘗請工造銀器, 工年少俊丰. 女悅之, 每値夫出, 衣婢服坐工側, 贊美造器之精, 遂得私引入內室, 日縱淫穢, 伺其夫還則潛遯. 其夫審知事情遂棄之. 女由是恣行無所忌. 其女僕亦有姿, 每乘昏靚服, 出引美色少年, 納于女主房, 又引他少年與之偕宿, 日以爲常. 或於花朝月夕不勝情欲, 二人遍行都市, 故爲人所摟, 其家不知所之, 到曉乃還. 嘗借路旁家, 指點往來人, 僕曰某人年少, 某人鼻大, 可供女主, 女亦曰某人吾敢之, 某人可給汝, 如是戱謔無虛日. 女又與宗室方山守私通, 守亦年少豪逸, 解作詩, 女愛之, 邀至其家如夫婦. 一日守到其家, 適女春遊不還, 惟紫袖衫掛屛上, 遂作詩書之曰, 玉漏丁東夜氣淸, 白雲高捲月分明, 間房寂謐餘香在, 可寫如今夢裏情. 其他朝官儒生年少之無賴, 無不邀而淫焉, 朝延知而鞫之, 或栲或貶, 流遠方者數十人, 其不露而免者亦多. 禁府啓其罪, 命議宰樞, 皆云於法不應死, 合竄遠方, 上欲整風俗, 竟置於刑, 自獄而出, 有女僕登車抱腰曰, 女主勿失魂, 若無此所事, 安知復有大於此事者乎, 聞者笑之. 女雖穢行汚俗, 而以良家女被極刑, 道路有垂泣者.

『大東野乘』卷1, 「慵齋叢話」5

이 사료는 성현

(成俔, 1439~1504)이 지은 『용재총화』에 실린 조선 성종

(成宗, 재위 1469~1494) 때 방탕한 생활로 사회적 물의를 일으킨 어우동(於于同)에 대한 내용이다. 조선 성종

대는 조선 왕조가 유교 사회로서 안정되어 가던 시기였다. 『경국대전

(經國大典)』이 완성되면서 유교 이념에 입각한 통치 질서가 확립되었다고 볼 수 있다. 이렇듯 유교적 통치 질서가 자리 잡아 가던 시기에 가장 큰 성 추문 사건이 터졌는데, 그 주인공이 바로 어우동이었다.

하지만 어우동의 출생 연도나 집안 배경, 성장 과정 등을 알 수 있는 자료는 많지 않다. 그와 관련한 기록은 『조선왕조실록』이 그나마 자세하고, 어우동과 동시대에 살았던 성현

이 지은 『용재총화』에 내용이 실려 있다. 그 내용을 종합적으로 정리해 보면 어우동은 15세기 중반 양반

가문인 박윤창과 정씨 부인 사이에서 태어났는데, 아버지 박윤창은 지승문원사로서 꽤 재력이 있었던 집안으로 보인다. 어우동의 남편은 효령대군의 손자 태강수(泰江守) 이동(李仝)으로 종친이었다.

『용재총화』에 따르면 어우동은 남편 태강수가 젊은 은장이를 불러 은그릇을 만들게 하자, 이 은장이를 보고 좋아하여 가까이하였던 것으로 나온다. 그리하여 “내실로 끌어들여 마음대로 음탕한 짓을 하다가 남편이 돌아오면 몰래 숨기곤 하였다”라는 기록과 “꽃피고 달 밝은 저녁에 정욕을 참지 못해 둘이서 도성 안을 돌아다니다가 사람에게 끌리게 되면 제 집에서는 어디 갔는지도 몰랐으며 새벽이 되어야 돌아왔다”고 적혀 있다. 저자가 마치 어우동의 행동을 직접 관찰한 듯 『조선왕조실록』보다 더 생생하게 묘사하고 있다.

그런데 실록에 기록된 내용을 보면 상황이 조금 달라진다. 어우동의 남편 태강수가 기생 연경비를 사랑한 나머지 아내를 제멋대로 내친 사정이 숨어 있었던 것이다. 이에 대해 1476년(성종

7) 9월 종부시(宗簿寺)

조선 시대 왕실의 계보를 찬록(撰錄)하고 왕족의 허물을 살피던 관아

에서 “종친으로서 첩을 사랑하다가 아내의 허물을 들추어 제멋대로 쫓아 버렸다”고 고발하며 태강수의 처벌을 요구하였다. 이에 성종

은 종부시의 판단과 건의를 받아들여 태강수의 직첩을 몰수하고 어우동과 다시 결합하라고 명했지만 태강수는 3개월이 지나지 않아 직첩을 돌려받았음에도 어우동과 합치지는 않았다. 그런데 남편 태강수가 무리하게 혼인을 파기한 과오는 슬그머니 사라지고, 어우동이 이혼당한 후에 한 행동만 시시비비의 대상이 되고 말았다.

어우동 사건이 조정에 알려진 것은 1480년(성종

11) 6월 13일이었는데, 당시는 어우동보다 그녀와 간통한 죄로 잡혀 들어온 종친 방산수(方山守) 이난(李瀾)에게 초점이 맞추어져 있었다. 그런데 이틀 후 도망친 어우동을 끝까지 잡아들이라는 명이 내려지면서 비로소 어우동이 부각되었고, 그 후 어우동은 10월 18일에 교형에 처해졌다.

어우동 사건이 일어났을 때 연루된 남성들만 수십 명이라는 소문이 있었다. 그 중 실제로 이름이 거론된 사람은 방산수 이난, 수산수(守山守) 이기(李騏), 어유소(魚有沼 ), 대사헌 노공필(盧公弼), 선전관 김세적(金世勣), 김칭, 정숙지, 김휘, 이사준, 내금위 구전, 학유 홍찬, 생원 이승언, 전의감 생도 박강창, 서리 오종련, 감의형, 양인

이근지, 사노 지거비 등이었다. 이들은 지방에 유배되거나 관직에서 물러나기도 했지만 상당수가 곧 복귀되었다. 이러한 과정에서 여러 관리와 갈등을 빚기는 했지만 대체로 사회로 돌아와 생활에 안착했고 관리로 임용되기까지 하였다.

이는 교형에 처해진 어우동에 비하면 매우 차별적인 처벌이었기에 이후 어우동의 처벌을 둘러싸고 한동안 논의가 그치지 않았다. 일각에서는 어우동의 죄가 중대하나 사형에 해당하지 않으므로 죽이는 것은 부당하다고 주장하였으며, 다른 한편에서는 어우동의 죄가 이륜(彛倫) 및 강상(綱常)에 관계되니 뒷사람에게 본보기를 보이기 위해 최고 형률을 적용해 사형에 처하자고 주장하였다. 이에 성종

은 후자의 손을 들어 주었던 것이다. 이는 이전의 세조

(世祖, 재위 1455~1468) 대 이순지의 딸이자 김구석의 처가 사방지라는 남자와 간통을 했을 때의 처벌이나 세종

(世宗, 재위 1418~1450) 대 판관 최중기(崔仲基)의 처 유감동(兪甘同) 사건이 일어났을 때와 비교해서도 매우 중한 처벌로 볼 수 있다.

조선 왕조는 고려와는 다른 새로운 사회 전통을 만들어 내기 위해 부심하였고, 그런 과정에서 여성에 대한 규범도 강화하였다. 우주론적으로 하늘에 해당하는 남자가 땅이라 할 수 있는 여자에 군림하며, 이 보편성을 인간 사회에 잘 적용시키기 위해 낮은 존재인 여성의 욕망을 억제해야 한다고 보았다. 같은 맥락에서 새로운 사회 질서에 걸맞은 올바른 행동, 즉 성리학

에서 제시하는 부녀자의 덕을 요구하였다. 따라서 예에서 벗어나 욕망을 발산하거나 일탈한 행동을 하여 가정과 사회를 위험에 빠뜨릴 수 있는 행위를 제약하고자 하였다. 어우동이 살았던 성종

대는 양반

여성의 개가를 막기 위해 재가한 여성의 아들 및 손자는 벼슬에 나아가지 못하게 하는 법을 만들었던 시기이기도 하였다.

이 글의 내용은 집필자의 개인적 견해이며, 국사편찬위원회의 공식적 견해와 다를 수 있습니다.

참고문헌

논문

강명관, 「조선 전기 부처제(婦處制)와 ‘사나운 처’(悍婦)」, 『여성과 역사』 25, 한국여성사학회, 2016.
김대흥, 「조선시대 於宇同 淫風事件의 全貌와 당시의 法的 論議」, 『法史學硏究』 44, 한국법사학회, 2011.
박경, 「조선시대 사족 여성 決杖 논의의 사회적 함의」, 『사학연구』 128, 한국사학회, 2017.
정해은, 「조선전기 어우동 사건에 대한 재검토」, 『역사연구』 17, 역사학연구소, 2007.
한규무, 「조선시대 여인상에 대한 오해와 편견」, 『인간연구』 9, 가톨릭대학교 인간학연구소, 2005.
한효정, 「조선전기 사족부녀 대송(代訟)의 성격과 소송 양상」, 『여성과 역사』 32, 한국여성사학회, 2020.
황혜진, 「실록을 통해 본 어을우동의 사랑과 죽음」, 『인문과학논총』 46, 건국대학교 인문과학연구소, 2008.

관련사이트

[http://db.itkc.or.kr/inLink?DCI=ITKC_BT_1306A_0050_000_0010_2002_001_XML] 『대동야승』권1, 「용재총화」5, 한국고전번역원 한국고전종합DB",,,,https://contents.history.go.kr/front/hm/view.do?levelId=hm_086_0040,사료로 본 한국사\items\hm_age_50_조선 전기\hm_ty_030_사회\hm_086_0040_어우동 사건.md
515,hm_age_50,조선 전기,hm_ty_030,사회,hm_086_0050,지속되는 남귀여가혼(男歸女家婚)의 전통,조선 전기 > 사회 > 유교적 사회 윤리의 보급 > 지속되는 남귀여가혼(男歸女家婚)의 전통,"중국은 예의가 나온 나라로, 혼인의 예는 바로 음(陰)으로써 양(陽)을 따르므로 여자가 남자 집에 시집가서 아들과 손자를 낳아 내가(內家)에서 기르니, 사람들이 본종(本宗)의 중함을 알기 때문에 아비가 양인

(良人)인 경우에는 모두 양인

입니다. 우리 동방(東方)의 전장(典章)

국가의 제도와 문물

과 문물은 모두 중국을 본받으면서도 혼인의 예는 아직도 옛 풍속을 따라서 양(陽)으로써 음(陰)을 따르므로 남자가 여자 집에 시집가서 아들과 손자를 낳아 외가에서 기르니, 사람들이 본종의 중함을 알지 못하므로 어미가 천인

(賤人)인 경우에는 모두 천인

입니다.

『태종실록』권27, 14년 1월 4일 기묘

의금부(義禁府)에서 아뢰기를, “청천군(淸川君) 한환(韓懽)이 장인[妻父] 조지산(趙智山)을 구타하여 능욕(陵辱)한 죄는 율(律)이 장(杖) 1백 대를 속(贖)바치고 고신(告身)을 모두 빼앗는 데 해당됩니다.” 하니, 명하여 영돈녕(領敦寧) 이상과 의정부(議政府)에 의논하도록 하였다.

심회(沈澮)·윤필상(尹弼商)·홍응(洪應)·노사신(盧思愼)은 의논하기를, “계본(啓本)에 의거하여 시행하는 것이 어떠하겠습니까?”하고, 손순효(孫舜孝)는 의논하기를, “강상(綱常)과 풍속(風俗)은 무너뜨릴 수가 없는 것이니, 한 번 무너지면 인류(人類)가 절멸(絶滅)하게 됩니다. 우리 나라는 중국(中國)과 같이 친영(親迎)

신랑이 신부 집에 가서 예식을 올리고 신부를 맞아오는 예

하는 식이 없으므로, 모두 처가(妻家)를 내 집으로 삼아 처(妻)의 아비를 아비라 부르고, 처의 어미를 어미라고 부르며, 평소에 부모(父母)의 일로 여기니, 이 또한 강상(綱常)

유교의 기본 덕목인 삼강과 오상(五常)을 말함

입니다. 비록 무지(無知)한 소민(小民)이라 하더라도 오히려 차마 범하지 못할 것인데, 더욱이 사대부(士大夫)이겠으며, 사대부도 감히 범하지 못할 것인데, 하물며 재상(宰相)이겠습니까? 재상이 불의(不義)를 범한 바가 이와 같으니, 이를 바로잡지 않고 어떻게 조정(朝廷)을 바로잡겠습니까? 한환(韓懽)이 인정(人情)을 범하였으니, 율(律)보다 무겁게 해야 합니다.”하니, 전교하기를, “율에 의거하여 죄를 다스리도록 하라.” 하였다.

『성종실록』권241, 21년 6월 27일 무신

中國, 禮義所自出, 婚姻之禮, 正以陰從陽, 女歸男家, 生子及孫, 長於內家, 人知本宗之重, 父良者皆良. 吾東方典章文物, 皆法中國, 唯婚姻之禮, 尙循舊俗, 以陽從陰, 男歸女家, 生子及孫, 長於外家, 人不知本宗之重, 母賤者皆賤.

『太宗實錄』卷27, 14年 1月 4日 己卯

義禁府啓: “淸川君 韓懽, 敺辱妻父趙智山罪, 律該杖一百, 贖盡奪告身。” 命議于領敦寧以上及議政府。 沈澮、尹弼商、洪應、盧思愼議: “依啓本施行何如?” 孫舜孝議: “綱常風俗, 不可毁也, 一毁則人類滅矣。 我國無中國親迎之禮, 皆以妻家爲家, 稱妻之父曰父, 妻之母曰母, 常以父母事之, 是亦綱常也。 雖無知小民, 猶不忍犯, 況士大夫乎? 士大夫不敢犯, 況宰相乎? 宰相而犯不義如此, 此而不正, 何以正朝廷乎? 韓懽之犯情, 重於律。” 傳曰: “依律治罪。”

『成宗實錄』卷241, 21年 6月 27日 戊申

이 사료들은 우리나라의 전통적 혼례인 남귀여가혼(男歸女家婚)이 조선 전기까지 지속되고 있었음을 보여준다. 먼저 첫 번째 사료에서는, 중국과 우리의 혼인 풍습을 비교하고 있다. 중국은 음으로써 양을 따른다는 기준에 의해, 여성이 남성 집으로 가서 결혼하는 친영례를 행하고 있으며, 아버지가 양인일 경우 자식들 모두 양인이었다. 반면 우리는 전통적인 혼인제도에 의해 남성이 여성 집으로 가서 결혼하고 자식을 낳으며, 그 자식들도 모두 여성의 집에서 자랐다. 그리고 여성이 천인일 경우 자식들 모두 천인이었다.

사료의 시점이 태종

대라는 것을 생각하면, 이때 말한 전통 혼례란 적어도 고려 시대부터 행해져 온 결혼 풍습이란 것을 알 수 있다. 그리고 조금 더 나아가 고려 시대 이전, 즉 고대시대 때부터 행해져 온 한반도에 거주한 사람들의 고유문화라는 것을 유추할 수 있다. 결혼 문화는 가족 및 친족 관념과 밀접한 관련이 있다. 조선 중기 이후 친영례 실시, 장자 위주의 상속 문화 전개, 남성 중심 문중 의식 확대 등의 변화가 있기 전까지, 고려 시대 이래 양측적(兩側的) 친속관계(親屬關係) 관념 아래 남귀여가혼, 자녀균분상속, 윤회봉사 등의 문화가 지속되고 있었다.

한편 이 사료에서 또 하나 주목되는 것은 단순히 결혼식만 여성의 집에서 행하는 것이 아니라, 그 부부의 자식들 또한 여성의 집 즉 외가에서 생활했다는 것이다. 실제로 태종

의 장자였던 양녕대군이 외가였던 민씨(閔氏) 가문에서 성장했는데, 이는 당대 사회 문화를 잘 보여주는 사례라 할 수 있다. 이는 두 번째 사료에서 손순효가 한환의 엄벌을 청하는 대목에서 다시 한번 확인할 수 있다.

두 번째 사료는 청천군 한환이 장인 조지산을 구타한 죄를 논하는 장면이다. 한환은 청천부원군 한백륜의 아들이며, 예종비 안순왕후의 동생이었다. 한환의 죄는 강상죄에 해당하기 때문에 형조가 아닌 의금부에서 한환의 죄를 조율(照律)했는데, 의금부의 조율은 장 100대를 속(贖)바치고 고신을 삭탈하는 것이었다. 장 100대를 속바친다는 것은 장 100대를 때리는 대신 해당하는 만큼의 금액으로 납부하는 것이었고, 고신을 삭탈하는 것은 더 이상 관료가 될 수 없도록 품계를 모두 환수하는 것이었다.

성종은 의금부의 조율에 대한 대신들의 의견을 물었는데, 전반적인 의견은 의금부의 의견을 따르자는 것이었다. 그런데 손순효는 대신들의 의견과 달리 더욱 강한 엄벌을 처하자고 했다. 손순효는 우리와 중국은 다르다면서 우리는 처가(妻家)를 자신의 집으로 삼기에 평상시에도 처부(妻父)와 처모(妻母)를 부모로 여긴다고 했다. 그렇기에 장인을 구타한 것은 곧 아버지를 구타한 것이며, 무지(無知)한 소민(小民)들도 하지 않는 행동을 재상이 행했으니, 더욱 엄벌에 처해야 한다고 주장했다.

한환이 예종 비 안순왕후의 동생이라는 점을 생각했을 때, 손순효의 의견은 수용되기 어려웠다. 성종은 대신들의 의견을 따라 의금부의 조율대로 처벌하라고 했다. 비록 손순효의 의견은 수용되지 못했지만, 그의 발언을 통해 당시까지도 남귀여가혼이 성행하고 있음을 알 수 있다.

남귀여가혼은 상당히 오랫동안 지속되었는데, 16세기 중·후반을 살았던 이이

(李珥)가 유년시절을 외가인 강릉에서 보낸 사례가 대표적이라 할 수 있다. 17세기 이후 사회 문화의 변화에 따라 점차 친영례가 확산되고 자리 잡게 되면서, 남귀여가혼은 점차 줄었다. 이와 더불어 상속 및 제사에서 점차 딸이 배제되었고, 상대적으로 며느리의 존재감이 높아졌다. 그럼에도 불구하고 남귀여가혼의 전통이 이어졌다. 오늘날 ‘장가간다’라는 말에서 그 흔적을 찾을 수 있다.

이 글의 내용은 집필자의 개인적 견해이며, 국사편찬위원회의 공식적 견해와 다를 수 있습니다.

참고문헌

논문

권기석, 「조선시대 족보의 女性 등재 방식 변화 -여성의 夫家 귀속과 다원적 계보의식의 축소-」, 『조선시대사학보』 90, 2019.
문형진, 「조선초 혼속변천에 따른 법적 영향에 대하여」, 『국제지역연구』27, 2003.
이순구, 「조선 전기 ‘딸에서 며느리로’ 정체성 변화와 재산권 -경주 양동마을을 중심으로-」, 『여성과 역사』 23, 2015.
이순구, 「조선 초기 주자학의 보급과 여성의 사회적 지위」, 『청계사학』3, 1986.
장병인, 「조선 중기 혼인제의 실상-반친영의 실체와 그 수용여부를 중심으로-」, 『역사와 현실』58, 2005.

저서

김연수, 『조선시대 혼인의 사회문화사』, 국립민속박물관, 2023.
마크 피터슨, 『유교 사회의 창출: 조선 중기 입양제와 상속제의 변화』, 일조각, 2000.
문숙자, 『조선시대 재산상속과 가족』, 경인문화사, 2004.
박경, 『조선시대 양반의 부부 생활과 이혼』, 세창출판사, 2023.
장병인, 『법과 풍속으로 본 조선 여성의 삶: 혼인·이혼·간통·성폭행으로 읽는 조선시대 여성사』, 휴머니스트, 2018.
장병인, 『조선 전기 혼인제와 성차별』, 일지사, 1997.
정진영, 『혼인, 세상을 바꾸다: 조선시대 혼인의 사회사』, 한국학중앙연구원출판부, 2015.
최재석, 『한국가족제도사연구』, 일지사, 1983.
한희숙, 『조선왕실 이혼의 사회사: 쫓아낸 자와 쫓겨난 여성들의 민낯』, 솔과학, 2022.

편저

최재석, 「가족제도」, 국사편찬위원회 편, 『(신편) 한국사 25: 조선 초기의 사회와 신분구조』, 1994.

관련사이트

[https://sillok.history.go.kr/id/kca_11401004_001] 『태종실록』권27, 14년 1월 4일 기묘, 국사편찬위원회 조선왕조실록

[https://sillok.history.go.kr/id/kia_12106027_003] 『성종실록』권241, 21년 6월 27일 무신, 국사편찬위원회 조선왕조실록

[https://www.history.go.kr/contents/contentsPage.do?groupId=000000000571&menuId=000000000574&pageId=000000000213]
저작권 정책

[https://www.history.go.kr/contents/contentsPage.do?groupId=000000000931&menuId=000000000992&pageId=000000000541]
데이터 개방

[https://www.history.go.kr/contents/contentsPage.do?groupId=000000000571&menuId=000000000572&pageId=000000000211]
개인정보처리방침

13809 경기도 과천시 교육원로 86 국사편찬위원회

COPYRIGHT © NATIONAL INSTITUTE OF KOREAN HISTORY ALL RIGHT RESERVED.",,,,https://contents.history.go.kr/front/hm/view.do?levelId=hm_086_0050,사료로 본 한국사\items\hm_age_50_조선 전기\hm_ty_030_사회\hm_086_0050_지속되는 남귀여가혼(男歸女家婚)의 전통.md
516,hm_age_50,조선 전기,hm_ty_030,사회,hm_086_0060,조선 전기의 재산 상속,조선 전기 > 사회 > 유교적 사회 윤리의 보급 > 조선 전기의 재산 상속,"가정(嘉靖) 45년(1566, 명종

21) 병인 5월 20일에 동복(同腹)이 화회(和會)에 동의함.

다음과 같이 입안함.

부모 쪽 전답과 노비

의 몫을 나누므로 누락된 노비

를 고하는 사람에게는 먼저 한 명을 상으로 준 뒤 장유(長幼)의 차서에 따라 『경국대전

(經國大典)』대로 시행하는 일이다. 그렇지만 제사를 거행하는 일에 대해서는 형제자매가 함께 의논하여 마련한 뒤에 아래와 같이 기록한다.

1. 형제 중에 1인을 가려 유사(有司)로 삼고, 모든 제사를 종자(宗子)와 유사가 함께 의논하여 봉행하되, 종자의 집이 연고가 있으면 유사의 집에서 제사를 거행할 것.

1. 모든 기제사를 돌아가며 지내지 말고 모두 종자의 집에서 거행하되, 매년 자손들이 각각 쌀을 내어 제사를 돕는다. 친자녀(親子女)는 10말[斗]을 내고, 친손자녀는 5말을 내고, 친증손자녀(親曾孫子女)와 외손녀는 2말을 낼 것.

1. 모든 봉사 전답(奉祀田畓)의 소출(所出)과 노비

(奴婢)의 신공

(身貢) 및 제사를 돕는 쌀 등을 종자와 유사가 함께 감시하고 수합하여 종자의 집이나 유사의 집에 저장하고 다만 제사에만 사용할 것.

◇ 봉사조(奉祀條)

와가(瓦家) 1좌(坐). 파주(坡州) 율곡원(栗谷員)에 있는 난자답(難字畓) 84복(卜) 내 14복 8두락(斗落), 이천보[梨川伏]에 있는 염자전(染字田) 7복. 파주(坡州) 접노(接奴) 원동(元同) 양산(良産)의 4소생 노(奴) 말석(唜石) 을사생, 노 우산(禹山)의 3소생 노 우성(禹成) 병오생, 강릉 접비(接婢) 은종(銀鍾)의 1소생 비(婢) 내은금(內卩今) 임인생. 끝[印].

◇ 묘전(墓田)

파주 율곡원에 있는 난자답(難字畓) 84복 내 14복 8두락, 두문리원(斗文里員)에 있는 공자답(空字畓) 37복 내 18복 7두락, 전자전(傳字田) 6복, 공자전(空字田) 3복, 공자전(空字田) 19복, 전(田) 6복, 전 15복 내 10복. 끝[印].

◇ 묘지기[墓直]

파주 접노 원동(元同)의 2소생 노 청산(靑山) 을유생, 노 우산(禹山)의 5소생 노 사랑복(思郞福) 임술생, 홍원(洪原) 접비 막비(莫非)의 1소생 노 문손(文孫) 병인생, 동(同) 노 소생의 비 단춘(丹春) 을묘생, 3소생 비 단시(丹時) 임술생. 끝[印].

◇ 첫째 아들 생원(生員) 선(璿)의 몫

옛 양주(楊州) 답(畓) 동쪽[東邊] 10두락과 또 5두락, 텃밭[垈田] 북쪽[北邊] 일일경(一日耕). 신계(新溪) 접비(接婢) 율이(栗伊)의 끝 소생 노 금산(今山) 계사생, 비 말(末)▩..▩의 비 우음덕(于音德) 병신생, 서울 접비 성덕(成德)의 2소생 비 내은이[內卩伊] 정유생, 파주 접노(接奴) 우산(禹山)의 1소생 비 덕개(德介) 무술생, 영천(永川) 접비(接婢) 말미(末非)의 3소생 비 흔금(欣今) 정유생, 4소생 노 흔리금이(欣里金伊) 기축생, 용안(龍安) 접비 명시(名時)의 2소생 노 명복(命福) 갑진생, 신계(新溪) 접노 청산(靑山)의 5소생 노 홍손(洪孫) 병인생, 비 우음덕(于音德)의 1소생 노 은송(銀松) 임자생, 김제(金堤) 접비 옥배(玉杯)의 1소생 노 연세(連世) 신사생, 비 윤월(允月)의 1소생 비 반월(半月) 병오생, 동(同) 비의 1소생 비 두비(豆非) 을축생, 서울 접비 무치(無齒)의 2소생 비 업덕(業德) 임오생, 홍원(洪原) 접비 내은이[內卩伊]의 3소생 비 손비(孫非) 병자생, 함흥(咸興) 접노 눌질석(訥叱石) 양산(良産)의 1소생 비 금덕(今德) 갑인생, 경주(慶州) 접비 흔덕(欣德)의 1소생 비 흔진(欣進) 병진생. 끝[印].

◇ 첫째 딸 강절 교위(康節校尉) 조대남(趙大男)의 처 몫

파주(坡州) 율곡원(栗谷員)에 있는 욕자답(欲字畓) 16복과 또 12복 도합 10두락, 사자전(絲字田) 29복, 고양보[高陽伏]에 있는 불비답개자(佛非畓改字) 4복 6두락, 묵자반답(墨字反畓) 4두락. 파주(坡州) 접비(接婢) 사량지(思郞知) 1소생 노 풍년(豊年) 병오생, 서울 접노 돌손(乭孫)의 3소생 노 춘손(春孫) 임진생, 영천(永川) 접비 말비(末非)의 5소생 비 흔리덕(欣里德) 신묘생, 성천(成川) 접비 은금(銀今)의 4소생 비 월지(月之) 신묘생, 삭녕(朔寧) 접비 가리지(加里知)의 3소생 비 풍덕(豊德) 임진생, 홍원(洪原) 접비 만천(萬千)의 2소생 비 덕내(德內) 무술생, 노 막산(莫山)의 1소생 비 개똥[介屎] 을축생, 고원(高原) 접비 내은비(內卩非)의 1소생 비 옥덕(玉德) 임오생, 강릉(江陵) 접비 헌덕(獻德)의 4소생 노 수석(守石) 무인생, 고양(高陽) 접비 석덕(石德)의 3소생 노 금석(今石) 경오생, 교하(交河) 접비 효도개(孝道介) 4소생 노 돌석(乭石) 을축생, 강릉(江陵) 접비 감실(甘實)의 3소생 노 홍이(洪伊) 기유생, 천대(千代)의 1소생 노 우음산(于音山) 갑오생, 비 내은금[內卩今]의 1소생 비 귀수(龜守) 계해생, 용안(龍安) 접노 원손(元孫)의 1소생 비 명시(名時) 경진생, 동(同) 비 3소생 노 춘풍(春風) 계축생. 끝[印].

◇ 둘째 아들 유학(幼學) 번(璠)의 몫

파주 율곡원 난자답(難字畓) 84복 내 14복 8두락, 욕자전(欲字田) 8복, 난자전(難字田) 3복, 갓동(㖙同) 가경전(加耕田) 반일경(半日耕). 영천(永川) 접노 말산(唜山)의 1소생 노 말석(末石) 임진생, 비 말비(末非)의 2소생 비 흔월(欣月) 갑신생, 고양(高陽) 접비 석덕(石德) 5소생 비 분이(粉伊) 경진생, 홍원(洪原) 접비 만천(萬千) 4소생 노 우음금이(于音金伊) 을묘생, 비 손비(孫非)의 2소생 노 천손(千孫) 신해생, 고원(高原) 접비 내은비[內卩非]의 6소생 노 금수(今守) 갑오생, 비 분장(粉莊)의 2소생 노 세국(世國) 신축생, 비 내은종[內卩從]의 1소생 노 권춘(權春) 경신생, 함흥(咸興) 접비 중금(中今)의 끝 소생 노 납질돌이(訥叱乭伊) 【□□】생, 동(同) 3소생 노 【□□】생, 홍원(洪原) 접비 내은이[內卩伊]의 2소생 비 만천(萬千) 경오생, 강릉 접비 한종(閑從)의 1소생 비 대은금[大卩今] 【□□】생, 해주(海州) 접비 흔이(欣伊)의 7소생 비 말덕(唜德) 신묘생, 서울 접노 금이강(金伊江)의 1소생 노 원이(元伊) 정미생, 파주(坡州) 접비 우음지(于音非)의 1소생 노 섬동(暹同) 무술생, 비 사랑지(思郞知)의 4소생 비 금덕(金德) 경자생. 끝[印].

◇ 둘째 딸 충의위(忠義衛) 윤섭(尹涉)의 처 몫

파주 율곡원 난자답 84복 내 14복 8두락, 욕자전(欲字田) 13복, 전(田) 1복. 삭녕(朔寧) 접노 가리지(加里知)의 2소생 노 강철(康哲) 무자생, 서울 접비 성덕(成德)의 3소생 비 내은개[內卩介] 신축생, 홍원(洪原) 접비 만천(萬千)의 1소생 노 억진(億眞) 계사생, 비 내은이[內卩伊] 5소생 노 막산(莫山) 병술생, 노 의상(義常)의 4소생 비 가지금(加知今) 갑자생, 고원(高原) 접비 분장(粉莊)의 3소생 비 내은종(內卩從) 계묘생, 노 덕근(德斤)의 1소생 노 덕수(德守) 병오생, 파주(坡州) 접노 알동(阿乙同)의 2소생 노 우산(禹山) 계유생, 성주(星州) 접노 석지(石只)의 1소생 노 인원(仁元) 【□□】생, 김제(金堤) 접비 보배(寶盃)의 2소생 비 무상(無常) 신묘생, 해주(海州) 접비 흔이(欣伊)의 3소생 노 잣금이(㗯金伊) 임신생, 신계(新溪) 접비 한금(漢今)의 1소생 노 귀천(貴千), 영천(永川) 접노 말산(唜山)의 2소생 비 만월(萬月) 병신생, 용안(龍安) 접비 명시(名時)의 1소생 비 분종(粉從) 신축생, 지평(砥平) 접노 희질구지(希叱仇之)의 1소생 노 희손(希孫) 정미생. 끝[印].

◇ 셋째 아들 좌랑(佐郞) 이(珥)의 몫

파주 율곡원 난자답 84복 내 14복 8두락, 손자전(孫字田) 5복, 복자전(覆字田) 12복, 욕자전(欲字田) 2복. 파주 접비 고읍지(古邑之)의 1소생 노 고읍동(古邑同) 계사생, 동(同) 비 2소생 비 고읍덕(古邑德) 기해생, 서울 접비 업덕(業德)의 1소생 노 수환(守環) 신축생, 삭녕(朔寧) 접노 일용(一龍)의 1소생 비 잇덕[芿叱德] 갑오생, 성주(星州) 접비 은금(銀今)의 2소생 비 월비(月非) 을유생, 신계(新溪) 접비 덕지(德之)의 3소생 노 유손(有孫) 임진생, 홍원(洪原) 접비 막비(莫非)의 5소생 비 내은비[內卩非] 을유생, 노 문손(文孫)의 1소생 노 옥지(玉只) 계묘생, 노 의상(義常)의 2소생 노 세국(世國) 계축생, 3소생 노 세번(世番) 기미생, 비 만천(萬千)의 1소생 비 금보똥[金保屎] 【□□】생, 함흥(咸興) 접노 눌질돌이(訥叱乭伊)의 2소생 비 금화(今花) 임술생, 영천(永川) 접비 말이(末伊)의 1소생 비 흔리(欣里) 신사생, (江陵) 접비 말덕(末乙德)의 2소생 비 감실(甘實) 기묘생, 서울 접비 유운(柳雲)의 1소생 노 순환(順環) 병진생. 끝[印].

◇ 셋째 딸 고(故) 홍천우(洪天佑)의 처 몫

파주 율곡원 난자답 84복 내 14복 8두락과 또 답(畓) 20복 내 5복, 동쪽 4두락, 욕자전(欲字田) 27복. 고산(高山) 접노 억석(億石)의 1소생 노 고공(古公) 기해생, 2소생 노 입사리(入沙里) 계묘생, 영천 접비 흔리(欣里)의 2소생 노 희산(希山) 병오생, 노 말산(唜山)의 3소생 노 녹만(鹿滿) 정미생, 용안(龍安) 접비 영대(永代)의 1소생 비 천비(千非) 정미생, 홍원(洪原) 접비 손비(孫非)의 1소생 노 귀천(貴千) 병신생, 노 의상(義常)의 1소생 비 내은춘[內卩春] 을사생, 고원(高原) 접노 세국(世國)의 1소생 비 【□□】생, 김제(金堤) 접비 보배(寶盃)의 3소생 노 수지(守知) 갑오생, 용안(龍安) 접노 원손(元孫)의 2소생 비 영대(永代) 【□□】생, 서울 접비 유운(柳雲)의 3소생 노 명환(命環) 을축생, 나주(羅州) 접노 석지(石只)의 2소생 비 운대(雲代) 【□□】생, 지평(砥平) 접비 막비(莫非)의 1소생 노 귀만(貴萬) 【□□】생, 신계(新溪) 접비 덕지(德之)의 2소생 비 유금(有今) 【□□】생, 고양(高陽) 접비 분이(粉伊)의 1소생 노 황석(黃石) 【□□】생. 끝[印].

◇ 넷째 아들 유학(幼學) 위(瑋)의 몫

파주 율곡원 난자답 10복 8두락, 또 답(畓) 5복 4두락, 기자전(器字田) 8복, 욕자전(欲字田) 6복. 서울 접비 성덕(成德)의 3소생 노 복견(福堅) 임인생, 파주 접노 우산(禹山)의 2소생 비 중개(中介) 【□□】생, 강릉(江陵) 접비 소금(小今)의 1소생 노 황경(黃景) 【□□】생, 비 감실(甘實)의 4소생 비 【□□】생, 영천(永川) 접비 말이비(末伊非)의 7소생 노 흔리동(欣里同) 정유생, 9소생 노 희동(希同) 갑진생, 비 흔리(欣里)의 1소생 비 희비(希非) 갑진생, 홍원(洪原) 접비 내은이[內卩伊]의 1소생 노 손씨(孫氏) 병인생, 노 가지금이(加知金伊)의 2소생 노 도채(道采) 병인생, 동(同) 노 1소생 비 돌비(乭非) 【□□】생, 고원(高原) 접비 덕실(德實)의 1소생 노 개똥[介屎] 신묘생, 비 분장(粉莊)의 1소생 노 황남(黃男) 계사생, 비 철비(哲非)의 3소생 비 막덕(莫德) 갑자생, 노 금정(金丁)의 3소생 비 똥비[㖯非] 기묘생, 영천(永川) 접노 말이동(末伊同)의 1소생 노 대은동(大卩同) 병진생. 끝[印].

◇ 서모(庶母) 권(權)의 몫

파주 율곡원 난자전 4복, 욕자전(欲字田) 2복, 여주(驪州) 동면(東面) 대거리원(大去里員) 이자답(李字畓) 9복 12두락. 파주 접비 사량지(思郞知)의 2소생 노 풍산(豊山) 【□□】생, 3소생 비 풍비(豊非) 갑오생, 홍원(洪原) 접비 내은이[內卩伊]의 4소생 노 의상(義常) 임오생. 끝[印].

필집(筆執)

맏형[長兄] 생원(生員) 이선(李璿)　[수결(手決)]

매부(妹夫) 강절 교위(康節校尉) 조대남(趙大男)　[수결(手決)]

둘째 아우　유학(幼學) 이번(李璠)　[수결(手決)]

둘째 매부(妹夫) 충의위(忠義衛) 윤섭(尹涉)　[수결(手決)]

셋째 아우 이조 좌랑(吏曹佐郞) 이이

(李珥)　[수결(手決)]

셋째 매부 고(故) 학생 홍천우(洪天佑)의 처 이씨(李氏)

넷째 아우 유학(幼學) 이위(李瑋)　[수결(手決)]

「율곡선생남매분재기」

嘉靖四十五年丙寅五月二十日 同腹和會

【同】議

右立議段, 父母邊田民乙, 分衿爲昆, 漏落奴婢陳告者, 先賞一口後, 長幼次序, 以依大典施行爲乎事是置. 祭祀應行事件乙, 同議磨鍊後, 錄爲臥乎事.

一 擇兄弟一人爲有司, 凡祭祀乙, 宗子與有司, 同議奉行爲乎矣, 宗子家有故爲去等 有司家行祭事.

一 凡忌祭乙, 毋得輪行, 皆行于宗子家爲乎矣. 每年子孫等, 各出米助祭, 親子女則出十斗, 親孫子女則出五斗, 親曾孫子女及外孫子女則出二斗事.

一 凡奉祀田畓所出, 奴婢身貢及助祭之米等乙, 宗子與有司同監收合, 藏于宗子家或有司家, 只用于祭祀事.

奉祀條

瓦家一坐, 坡州栗谷員難字畓八十四卜內十四卜八斗落, 梨川伏染字田七卜, 坡州接奴元同良産四所生奴唜石年乙巳, 奴禹山三所生奴禹成年丙午, 江陵接婢銀鍾一所生婢內卩今年壬寅, 印.

墓田

坡州栗谷員難字畓八十四卜內十四卜八斗落, 斗文里員空字畓三十七卜內十八卜七斗落, 傳字田六卜, 空字田三卜, 空字田十九卜, 田六卜, 田十五卜內十卜, 印.

墓直

坡州接奴元同二所生奴靑山年乙酉, 奴禹山五所生奴思郞福年壬戌, 洪原接婢莫非一所生奴文孫年丙寅, 同奴二所生婢丹春年乙卯, 三所生婢丹時年壬戌, 印.

一子, 生員璿衿

古楊州畓東邊十斗落又五斗落, 垈田北邊一日耕, 新溪接婢栗伊末所生奴今山年癸巳, 婢末▩..▩婢于音德年丙申, 京中接婢成德二所生婢內卩伊年丁酉, 坡【州】接奴禹山一所生婢德介年戊戌, 永川接婢末非三所生婢欣今年丁亥, 四所生奴欣里金伊年己丑, 龍安接婢名時二所生奴命福年甲辰, 新溪接奴靑山五所生奴洪孫年丙寅,　婢于音德一所生奴銀松年壬子, 金堤接婢玉杯一所生奴連世年辛巳, 婢允月一所生婢半月年丙午, 同婢一所生婢豆非年乙丑, 京中接婢無齒二所生婢業德年壬午, 洪原接婢內卩伊三所生婢孫非年丙子, 咸興接奴訥叱石良産一所生婢今德年甲寅, 慶州接婢欣德一所生婢欣進年丙辰, 印.

一女 康節校尉趙大男妻衿

坡州栗谷員欲字畓十六卜又十二卜合十斗落, 絲字田二十九卜, 高陽伏佛非畓改字四卜六斗落, 墨字反畓四斗落, 坡州接婢思郞知一所生奴豊年年丙午, 京中接奴乭孫三所生奴春孫年壬辰, 永川接婢末非五所生婢欣里德年辛卯, 成川接婢銀今四所生婢月之年辛卯, 朔寧接婢加里知三所生婢豊德年壬辰, 洪原接婢萬千二所生婢德內年戊戌, 奴莫山一所生婢介屎年乙丑, 高原接婢內卩非一所生婢玉德年壬午, 江陵接婢獻德四所生奴守石年戊寅, 高陽接婢石德三所生奴今石年庚午, 交河接婢孝道介四所生奴乭石年乙丑, 江陵接婢甘實三所生奴洪伊年己酉, 千代一所生奴于音山年甲午, 婢內卩今一所生婢龜守年癸亥, 龍安接奴元孫一所生婢名時年庚辰, 同婢三所生奴春風年癸丑, 印.

二子 幼學璠衿

坡州栗谷員難字畓八十四卜內十四卜八斗落, 欲字田八卜, 難字田三卜㖙同加耕田半日耕, 永川接奴唜山一所生奴末石年壬辰, 婢末非二所生婢欣月年甲申, 高陽接婢石德五所生婢粉伊年庚辰, 洪原接婢萬千四所生奴于音金伊年乙卯, 婢孫非二所生奴千孫年辛亥, 高原接婢內卩非六所生奴今守年甲午, 婢粉莊二所生奴世國年辛丑, 婢內卩從一所生奴權春年庚申, 咸興接婢中今末所生奴訥叱乭伊年, 同奴三所生奴年, 洪原接婢內卩伊二所生婢萬千年庚午, 江陵接婢閑從一所生婢大卩今年, 海州接婢欣伊七所生婢唜德年辛卯, 京中接奴金伊江一所生奴元伊年丁未, 坡州接婢于音非一所生奴暹同年戊戌, 婢思郞知四所生婢金德年庚子, 印.

二女 忠義衛尹涉妻衿

坡州栗谷員難字畓八十四卜內十四卜八斗落, 欲字田十三卜田一卜, 朔寧接奴加里知二所生奴康哲年戊子, 京中接婢成德三所生婢內卩介年辛丑, 洪原接婢萬千一所生奴億眞年癸巳, 婢內卩伊五所生奴莫山年丙戌, 奴義常四所生婢加知今年甲子, 高原接婢粉莊三所生婢內卩從年癸卯, 奴德斤一所生奴德守年丙午, 坡州接奴阿乙同二所生奴禹山年癸酉, 星州接奴石只一所生奴仁元年, 金堤接婢寶盃二所生婢無常年辛卯, 海州接婢欣伊三所生奴㗯金伊年壬申, 新溪接婢漢今一所生奴貴千, 永川接奴唜山二所生婢萬月年丙申, 龍安接婢名時一所生婢粉從年辛丑, 砥平接奴希叱仇之一所生奴希孫年丁未, 印.

三子 佐郞珥衿

坡州栗谷員難字畓八十四卜內十四卜八斗落, 孫字田五卜, 覆字田十二卜, 欲字田二卜, 坡州接婢古邑之一所　生奴古邑同年癸巳, 同婢二所生婢古邑德年己亥, 京中接婢業德一所生奴守環年辛丑, 朔寧接奴一龍一所生婢芿叱德年甲午, 星州接婢銀今二所生婢月非年乙酉, 新溪接婢德之三所生奴有孫年壬辰, 洪原接婢莫非五所生婢內卩非年乙酉, 奴文孫一所生奴玉只年癸卯, 奴義常二所生奴世國年癸丑, 三所生奴世番年己未, 婢萬千一所生婢金保屎年, 咸興接奴訥叱乭伊二所生婢今花年壬戌, 永川接婢末伊一所生婢欣里年辛巳, 江陵接婢末乙德二所生婢甘實年己卯, 京中接婢柳雲一所生奴順環年丙辰, 印.

三女 故洪天佑妻衿

坡州栗谷員難字畓八十四卜內十四卜八斗落, 又畓二十卜內五卜, 東邊四斗落, 欲字田二十七卜, 高山接奴億石一所生奴古公年己亥, 二所生奴入沙里年癸卯, 永川接婢欣里二所生奴希山年丙午, 奴唜山三所生奴鹿滿年丁未, 龍安接婢永代一所生婢千非年丁未, 洪原接婢孫非一所生奴貴千年丙申, 奴義常一所生婢內卩春年乙巳, 高原接奴世國一所生婢年, 金堤接婢寶盃三所生奴守知年甲午, 龍安接奴元孫二所生婢永代年, 京中接婢柳雲三所生奴命環年乙丑, 羅州接奴石只二所生婢雲代年, 砥平接婢莫非一所生奴貴萬年, 新溪接婢德之二所生婢有今年, 高陽接婢粉伊一所生奴黃石年, 印.

四子 幼學瑋衿

坡州栗谷員難字畓十卜八斗落, 又畓五卜四斗落, 器字田八卜, 欲字田六卜, 京中接婢成德三所生奴福堅年壬寅, 坡州接奴禹山二所生婢中介年, 江陵接婢小今一所生奴黃景年, 婢甘實四所生婢年,　永川接婢末伊非七所生奴欣里同年丁酉, 九所生奴希同年甲辰, 婢欣里一所生婢希非年甲辰, 洪原接婢內卩伊一所生奴孫氏年丙寅, 奴加知金伊二所生奴道采年丙寅, 同奴一所生婢乭非年, 高原接婢德實一所生奴介屎年辛卯, 婢粉莊一所生奴黃男年癸巳, 婢哲非三所生婢莫德年甲子, 奴金丁三所生婢㖯非年己卯, 永川接奴末伊同一所生奴大卩同年丙辰, 印.

庶母權衿

坡州栗谷員難字田四卜, 欲字田二卜, 驪州東面大去里員李字畓九卜十二斗落, 坡州接婢思郞知二所生奴豊山年, 三所生婢豊非年甲午, 洪原接婢內卩伊四所生奴義常年壬午, 印.

筆執

長兄 生員 李璿　(手決)

妹夫 康節校尉 趙大男　(手決)

次弟 幼學 李璠　(手決)

次妹夫 忠義衛 尹涉　(手決)

三弟吏曹佐郞 李珥　(手決)

三妹故學生洪天佑妻 李 氏

四弟 幼學 李瑋　(手決)

「栗谷先生男妹分財記」

이 사료는 1566년(명종

21) 율곡(栗谷) 이이

(李珥, 1536~1584) 집안에서 작성한 분재기(分財記)이다. 이 분재기는 이이

의 아버지인 이원수(李元秀)가 자신의 자녀들에게 재산 분배 상황을 기록한 화회문기(和會文記)로, 이이

를 비롯한 7남매와 서모인 권씨 등에게 배당한 토지와 노비

가 구체적으로 기록되어 있다.

이 문서는 율곡 이이

가 41세 되던 해에 작성되었으며, 문서의 크기는 가로 257㎝, 세로 48㎝이다. 조선 전기의 재산 상속을 보여주는 귀중한 자료이며, 사회경제사 연구에 가치가 크다. 현재 보물 제477호로 지정되어 있다.

조선 시대에는 분배된 재산을 문서로 작성해 관으로부터 공증받는 것이 일반화되어 있었다. 분재기란 이 문서를 가리킨다. 분재기는 분배 방식과 시기에 따라 화회문기(和會文記)·분급문기(分給文記)·깃부문기[衿付文記]·별급문기(別給文記)·허여문기(許與文記) 등 여러 종류로 나뉜다. 화회문기는 사후에 유서나 가족 간 합의에 의해 재산을 나눌 때 작성하는 것으로 본 사료가 여기에 해당한다.

조선 시대에는 유산의 법정상속 비율을 정하고 문서 양식을 통일했다. 상속받는 재산은 주로 부동산(집·토지)과 동산(노비

)이었다. 가족들이 모여 재산을 나누면, 그 내용을 문서로 작성해 관의 공증을 받았다. 분재기에는 작성일, 재산 분배 내용, 상속자들의 서명 및 수결(手決)

성명을 가진 상민(常民) 이상의 사람들이 공사문서(公私文書)에 쓰던 부호

, 그리고 필집(筆執)이라 하여 작성자를 명시해야 했다. 이러한 규정에 따라 본 사료 또한 작성일인 가정 45년(1566) 5월 20일, 당사자들의 상속 내용, 맏형 생원 이선(李璿)부터 7남매 당사자들의 서명이 담겨 있다.

문서 내용을 구체적으로 살펴보면, 동복형제들이 모여 합의한 결과임을 가장 먼저 기술하고 있다. 재산의 분배 기준은 『경국대전

』의 규정에 의거하여 정했다고 했는데, 널리 알려진 바와 같이 『경국대전

』의 분배 기준은 1/n이었다. 다만 제사를 담당하는 자녀의 경우 1/10을 더 받을 수 있었다. 『경국대전

』 작성 당시는 고려 사회부터 이어진 전통으로서, 자녀들이 제사를 돌아가며 지내거나 혹은 꼭 장자가 아니어도 제사를 지낼 형편이 되는 자녀 중심으로 제사를 지냈다. 제사를 담당하는 자녀에게 재산을 더 주는 『경국대전

』 규정은 이러한 사회 분위기를 반영한 것이었다.

그런데 본 문서에서는 조금 다른 경향이 보인다. 재산 분배는 『경국대전

』에 의해 분배했다고 하면서도 제사에 관한 일은 자녀들이 논의해 결정했기 때문이다. 논의된 내용을 보면, 형제 중에 유사(有司)를 뽑고 종자(宗子)와 함께 제사를 봉행하도록 한 것이 큰 틀이라 할 수 있다. 종자가 제사에 관한 일을 주관하지만, 유사가 종자와 함께 의논·협력할 수 있도록 한 것이다. 또, 봉사만을 위한 전답과 노비

를 별도로 두고, 여기에서 나오는 재원으로서 제사를 거행할 수 있도록 했다. 이는 제사를 받드는 자녀에게 1/10을 더 주는 것이 아니라, 일정한 재원을 설정해 제사를 거행할 수 있도록 한 것으로서, 일종의 공동 재산을 설정한 것이었다.

이러한 모습은 조선 초기의 그것과는 다른 모습이라 할 수 있다. 17세기는 유교 문화의 진전과 함께 봉사, 상속 등의 문화가 바뀌는 시점이었다. 종자를 중심으로 한 봉사가 행해지고 있으면서도 재산은 1/n으로 나누고, 종자의 봉사를 위한 재산으로서 종자에게 1/10을 더 주는 것이 아니라 봉사만을 위한 별도의 재원을 설정해 문중에서 관리하도록 하고 있는 것이다. 이 사료는 유교 문화의 진전에 따른 변화상을 보여주고 있다.

이 글의 내용은 집필자의 개인적 견해이며, 국사편찬위원회의 공식적 견해와 다를 수 있습니다.

참고문헌

논문

고민정, 「17~18세기 재산상속의 방식과 출계자의 위치」, 『영남학』 89, 2024.
김우진, 「유교 상속의 공정성: 분재기를 중심으로」, 『퇴계학논집』 23, 2018.
문숙자, 「조선시대 재산상속문서의 연구현황과 과제-가족사 연구의 진전을 위한 제언-」, 『영남학』10, 2006.
문숙자, 「성암고서박물관 소장 임란이전의 분재기」, 『서지학보』8, 1992.
배재홍, 「조선시대 첩자녀의 재산상속과 존재양태: 분재기 분석에 의한 접근」, 『대구사학』39, 1990.
안승준, 「태조 이성계가 자식에게 남긴 분재기」, 『문헌과 해석』2, 1998.
안승준, 「남은 견서의 고문서학적 검토」, 『고문서연구』9·10합, 1996.
옥영정, 「고문서 분재기의 목록작성 방향설정에 관한 고찰」, 『서지학연구』20, 2000.
이광규, 「조선왕조시대의 재산상속」, 『한국학보』3, 1976.
정구복, 「김무의 분재기(1429)에 관한 연구」, 『고문서연구』1, 1991.
정수환, 「왜란과 호란기 매매와 분재, 그리고 가계운영 –평산신씨 申磼 宗家 고문서 사례」, 『역사와 실학』66, 2018.
최재석, 「조선시대의 상속제에 관한 연구 -분재기의 분석에 의한 접근-」, 『역사학보』53·54합, 1972.
한복룡, 「전환기의 조선초기 상속법」, 『법학논총』 42(3), 2018.
이수건, 「조선전기의 사회변동과 상속제도」, 『역사학보』 129, 1991.
전경목, 「분재기를 통해서 본 분재와 봉사 관행의 변천」, 『고문서연구』 22, 2003.

저서

마크 피터슨, 『유교사회의 창출: 조선중기 입양제와 상속제의 변화』, 일조각, 2000.
문숙자, 『조선시대 재산상속과 가족』, 경인문화사, 2004.
박용숙, 『조선후기 향촌사회사 연구』, 혜안, 2007.
박원석, 『함양박씨 묵재종가 고문서-서촌·과곡·마곡서원-』, 묵재선생기념사업회, 2008.
안승준, 『조선전기 사노비

의 사회 경제적 성격』, 경인문화사, 2007.

편저

문숙자 외, 『분재기에 나타난 조선 중기 상속 문화와 가족제도』, 새물결, 2019.
한국학중앙연구원 장서각 엮음, 『조선시대 재산상속문서 분재기 – 공정과 합리의 장을 되짚어 보다-』, 한국학중앙연구원, 2014.
김봉좌 외, 『한국 고문서 입문 2』, 국사편찬위원회, 2021.

관련사이트

[http://www.heritage.go.kr/heri/cul/culSelectDetail.do?pageNo=11&ccbaCpno=1121104770000] 「율곡선생남매분재기」, 문화재청

[https://www.history.go.kr/contents/contentsPage.do?groupId=000000000571&menuId=000000000574&pageId=000000000213]
저작권 정책

[https://www.history.go.kr/contents/contentsPage.do?groupId=000000000931&menuId=000000000992&pageId=000000000541]
데이터 개방

[https://www.history.go.kr/contents/contentsPage.do?groupId=000000000571&menuId=000000000572&pageId=000000000211]
개인정보처리방침

13809 경기도 과천시 교육원로 86 국사편찬위원회

COPYRIGHT © NATIONAL INSTITUTE OF KOREAN HISTORY ALL RIGHT RESERVED.

오류신고

본 사이트 자료 중 잘못된 정보를 발견하였거나 사용 중 불편한 사항이 있을 경우 알려주십시오. 이용자의 참여가 사이트 가치 향상에 큰 도움이 됩니다.

사이트 하단의 ‘오류신고’ 메뉴를 이용하시면 신고 내용의 적용여부를 확인하실 수 있습니다.

개인정보는 삭제하오니 유념하시기 바랍니다.

자료명

사료로 본 한국사

자료위치

https://contents.history.go.kr/id/hm_086_0060

제목

오류유형

오류내용

이름

자동입력 방지문자

소개

한국사를 이해하는 데 토대가 되는 주요 사료를 각 시대와 분야별로 선별하여, 원문과 번역문, 해설과 참고 자료를 함께 서비스하고 있습니다.
이를 통해 어려운 역사 자료에 좀 더 쉽게 접근할 수 있도록 하였습니다.

일러두기

1.한 편의 사료는 국문, 원문, 해설, 참고자료의 4가지 요소로 구성하였습니다.

2.사료의 종류는 [삼국사기], [삼국유사], 『고려사』, 『조선왕조실록』 등의 1차 사료(史料)를 비롯해 개인 문집, 금석문, 신문, 판결문, 선언문 등에 이르기까지 매우 다양합니다.

3.국문은 원문에 수록된 사료를 우리말로 번역하여 수록하였습니다. 사료의 상당수는 한문이며, 영어, 일본어 등도 포함되어 있습니다. 또한 근·현대 사료 또한 한자를 많이 사용하여 일반인이 접근하기가 어려우므로 이를 이용자가 쉽게 이해할 수 있도록 현대 한국어에 맞게 번역하였습니다.

4.해설 중에서 추가 설명이 필요한 역사 용어의 경우 글자를 별색으로 표기하였습니다. 보라색은 해당 글자에 마우스를 갖다 대면 간략한 설명이 제공되며, 파란색은 클릭하면 ‘교과서 용어 해설’ 및 ‘한국사 연대기’ 등의 관련 자료로 연계되도록 하였습니다.

5.참고 자료에서는 사료와 관련된 연구 논문과 저서 목록을 수록하였고, 해당 사료의 원문과 번역문을 직접 확인할 수 있도록 관련 사이트도 연계하였습니다.

DB 구축 참여자(2012~2013)

시기 구분
기획
집필
교열
윤문
자료 총괄
구축 년도

삼국 이전
삼국 시대
전미희
류주희
이규리
문동석
이정빈
이현태
장종진
장청화
이계형
2012

박남수
홍기승
문동석
이현태
장종진
김경복
장청화
2013

통일 신라와 발해
전미희
류주희
이규리
김창겸
김덕원
전경숙
장청화
이계형
2012

박남수
홍기승
문동석
이현태
장종진
김경복
장청화
2013

고려 시대
전미희
류주희
이규리
한정수
손민호
황영수
전경숙
장청화
이계형
2012

류주희
홍기승
한정수
김가람
김경복
장청화
2013

조선 시대
전미희
류주희
이규리
이경찬
박귀미
이기명
이화영
이근호
장청화
이계형
2012

이규리
홍기승
이근호
김가람
김경복
장청화
2013

근대
전미희
류주희
이규리
은정태
홍문기
최보영
장청화
이계형
2012

염복규
은정태
홍동현
김경복
장청화
2013

현대
전미희
류주희
이규리
박미경
이관형
김진흠
장청화
이계형
2012

김점숙
이정은
홍동현
김경복
장청화
2013

DB 구축 참여자(2023~)

시기 구분
기획
집필
교열
감수
구축연도

근대
신재호

이주호

곽금선, 김명섭, 김상연, 김상훈, 김영진, 김진혁, 김호걸, 노성룡, 박주영, 송영화, 이양희, 이지은,

임동현, 최용준, 한보람, 한승훈, 한애라, 한준호, 홍수연

이명학
정일영
2023

현대

곽경상, 김상규, 김상연, 김재웅, 김진혁, 서홍석, 신재준, 예대열, 이길중, 이지완, 정무용

김태윤
김아람

근대
신재호

이주호

곽금선, 박주영, 박한민, 이양희, 이지은, 임동현,

주동빈, 최용준, 한보람, 한승훈, 한애라, 한준호

이명학
양진아
2024

현대

김상연, 김청강, 예대열, 이길중, 이지완

김아람

삼국
신재호

홍선이

권순홍, 김기민, 김지현, 나유정, 이종록

이준성
이정빈
2025

DB 고도화 참여자(2022~)

시기 구분
기획
해설 집필
해설 교열
감수
구축연도

근대
신재호

이홍구

곽금선, 김기성, 김명섭, 김명재, 김명환, 김상훈, 김소영, 김영진, 김헌주, 남기현, 류동연, 박순섭,

박주영, 박한민, 성주현, 송영화, 심철기, 양진아, 이성우, 이양희, 이지은, 임인재, 최보민, 최보영,

최우석, 한보람, 한승훈, 한준호

박은숙

정일영

한승훈
김도형
2022

현대

김대현, 김동주, 문민기, 박경렬, 이재석, 이지완

박광명

임광순
김아람

김태우

조선 전기
신재호

이주호

신동훈, 양정현, 윤승희, 이경동, 이상민, 이지훈

서민주
나영훈
2024

조선 후기

도주경, 문광균, 오승관, 윤민경, 임성수, 채홍병

이행묵
박범

삼국 이전
신재호

홍선이

권순홍, 김기민, 김세진, 김지현, 나유정, 이종록

이준성
이정빈
2025

고려

김도연, 김보광, 김수연, 김종혁, 김지영, 김진곤,
김효섭, 박수찬, 안주영, 오경석, 오치훈, 이민기,
이바른, 이상민, 이창섭, 정동훈, 최은규, 현수진

이현경

황향주
한정수

최종석

메인 화면

1.교양 우리 역사 메뉴 내의 콘텐츠로 이동할 수 있습니다.

2.시대별 분야에 따른 사료 목록을 확인할 수 있습니다.

3.사료로 본 한국사 내 자료를 검색할 수 있습니다.

분류별 목록 화면

1.시대에 따른 분야별 목록을 확인할 수 있습니다.

2.개별 사료 클릭시 상세화면으로 이동합니다.

상세 화면 – 한면으로 보기

1.시대별/분야별 목차를 확인할 수 있고, 다른 사료로 바로 이동할 수 있습니다. 숨기기/열기 버튼을 이용해 닫거나 열어볼 수 있습니다.

2.각 사료에 대한 국문, 원문, 해설, 참고자료 정보를 4개의 탭으로 열람할 수 있습니다.

3.두 가지 정보를 비교해 볼 수 있는 ‘나란히 보기’ 화면으로 이동합니다. 드롭박스를 통해 열람하고자 하는 정보를 선택할 수 있습니다.

4.폰트 조정, 인쇄, 목록, 오류신고, 이전/다음 사료로 이동 등의 툴바 기능을 이용할 수 있습니다.

목록화면

1.시대에 따른 분야별 사료 목록이 배열됩니다.

2.메인 화면 및 시대별 목록을 열람할 수 있습니다.

3.상세 사료 목록을 펼침/닫힘 버튼을 통해 이용할 수 있습니다.",,,,https://contents.history.go.kr/front/hm/view.do?levelId=hm_086_0060,사료로 본 한국사\items\hm_age_50_조선 전기\hm_ty_030_사회\hm_086_0060_조선 전기의 재산 상속.md
517,hm_age_50,조선 전기,hm_ty_030,사회,hm_086_0070,율곡 이이의 청소년 교육,조선 전기 > 사회 > 유교적 사회 윤리의 보급 > 율곡 이이의 청소년 교육,"학자는 반드시 성심으로 도를 향하고, 세속의 잡다한 일로써 자기의 뜻을 어지럽히지 않은 뒤에야 학문의 기초가 이루어졌다고 할 수 있다. …(중략)… 몸과 마음을 가다듬는 데는 구용(九容)보다 더 절실한 것이 없으며, 학문을 진취시키고 지혜를 더하는 데는 구사(九思)보다 더 절실한 것이 없다. 이른바 구용(九容)이란 다음과 같다.

이른바 구용(九容)이란 다음과 같다. 걸음걸이는 무겁게 하라[足容重].
【거동을 가볍게 하지 마라. 만약 어른 앞을 지나갈 적에는 여기에 구애되지 않아야 한다.】
손가짐을 공손히 하라[手容恭].
【손은 아무렇게나 놓아 두어서는 안 된다. 일이 없을 때는 단정히 모으고 함부로 움직여서는 안 된다.】
눈 모양은 단정히 하라[目容端].
【눈을 바르게 두어야 하고 흘겨보거나 간사하게 보지 말아야 한다.】
입은 가만히 다물라[口容止].
【말을 하거나 음식을 먹을 때를 제외하고는 항상 움직이지 말아야 한다.】
말소리는 조용히 하라[聲容靜].
【소리와 기운을 잘 가다듬어야 하며 재채기나 가래 등의 잡소리를 내지 말아야 한다.】
머리 모양은 항상 똑바로 두라[頭容直].
【머리를 항상 곧게 하고 몸을 반듯이 세워야 하며 한쪽으로 기울이거나 비스듬하게 하지 말아야 한다.】
숨쉬기를 정숙히 하라[氣容肅].
【숨쉬기를 잘 조절하고 소리를 내서는 안 된다.】
설 때는 덕스럽게 하라[立容德].
【한쪽으로 비뚤어지게 서지 말고 똑바로 서서 덕스러운 기상이 있어야 한다.】
얼굴 모습은 장엄하게 하라[色容莊].
【얼굴 모습을 가다듬고 태만한 기색이 없어야 한다.】

이른바 구사(九思)라는 것은 다음과 같다. 밝게 보기를 생각할 것[視思明].
【보는 데 가려짐이 없으면 환하여 보이지 않는 것이 없다.】
총명하게 듣기를 생각할 것[聽思聦].
【듣는 데 막힘이 없다면 분명하여 듣지 못하는 것이 없다.】
안색은 온화하게 하기를 생각할 것[色思溫].
【안색은 온화하게 하여 노한 기색이 없음이다.】
모습은 공손히 하기를 생각할 것[貌思恭].
【몸에 단정하지 않은 데가 없는 것이다.】
말하는 데는 충(忠)을 생각할 것[言思忠].
【한마디 말을 하더라도 충신(忠信)하지 않음이 없음이다.】
일하는 데는 경건하게 할 것을 생각할 것[事思敬].
【한 가지 일이라도 경건하게 하지 않음이 없음이다.】
의문이 있을 때는 묻기를 생각할 것[疑思問].
【마음에 의심나는 것이 있으면 선각에게 나아가 아낌없이 모르는 것을 묻는다.】
분할 때에는 어려움이 닥칠 것을 생각할 것[忿思難].
【성이 나거든 잘 다스려 이성으로 억제하여야 한다.】
이득을 얻으면 의에 합당한지를 생각할 것[見得思義].
【재물을 보거든 의리인지 이익인지를 분명히 가려 의에 합당한 연후에 취해야 한다는 것.】
항상 구용·구사를 마음에 두고 몸가짐을 추슬러 잠시라도 방심해서는 안 된다. 또 앉는 한쪽에 써 두고 수시로 쳐다보아야 할 것이다.

예가 아니거든 보지 말며[非禮勿視], 예가 아니거든 듣지 말며[非禮勿聽], 예가 아니거든 말하지 말며[非禮勿言], 예가 아니거든 움직이지 마라[非禮勿動]는 이 4가지 말은 수신(修身)하는 요점이다. 예와 예가 아닌 것을, 초학자로서는 분별하기 어려우므로 반드시 이치를 궁구하여[窮理] 밝혀야 한다. 이미 아는 데에서 힘써 행하기만 하면 도의 경지에 반 이상은 넘었다고 할 수 있을 것이다.

학문하는 것은 일상생활 속에 있으니, 만일 평소에 공손하게 거하고 공경스럽게 일을 처리하며 충(忠)으로 남을 대하면 이를 학문이라 할 것이니, 글을 읽는 것은 이러한 이치를 밝히고자 해서일 뿐이다.

의복은 사치스럽게 입어서는 안 되니 추위를 막는 정도면 된다. 음식은 맛있는 것을 찾아서는 안 되니 주림을 면할 정도면 된다. 거처는 안락한 것을 구해서는 안 되니 병이 나지 않을 정도면 된다. 오직 학문에 대한 노력과, 마음을 바르게 함과, 예의를 법도에 맞게 지키는 일은 날마다 힘쓰고 힘써야 하며 스스로 만족해서는 안 된다.

자기의 사욕을 이기는[克己] 공부가 일상생활에서 가장 절실하다. 이른바 사욕[己]이라는 것은 내 마음이 좋아하는 바가 천리(天理)에 합당하지 않는 것을 말한다. 반드시 내 마음이 색(色)을 좋아하는가, 이(利)를 좋아하는가, 명예를 좋아하는가, 벼슬을 좋아하는가, 편안하게 지내기를 좋아하는가, 잔치하며 놀기를 좋아하는가, 진기한 보배를 좋아하는가를 살펴야 한다. 모든 좋아하는 것들이 이치에 맞지 않으면, 한 번에 모든 것을 깨끗이 없애 버려 싹도 남겨 두지 않은 뒤에야 내 마음이 좋아하는 것이 비로소 의리에 합당하여 이겨 낼 사욕이 없게 될 것이다.

말 많고[多言] 생각 많은 것[多慮]이 마음에 가장 해로우니, 일이 없으면 정좌(靜坐)하여 존심(存心)하고, 남들을 접대할 때는 마땅히 말을 가려서 간결하고 신중하게 해야 한다. 때에 맞게 말하면 말이 간결하지 않을 수 없으니, 말이 간결한 자는 도에 가깝다. 선왕의 법복(法服)이 아니면 감히 입을 수 없고, 선왕의 법언(法言)이 아니면 감히 말할 수 없으며, 선왕의 덕행이 아니면 감히 행할 수 없는 것이니, 이를 일생토록 명심해야 할 것이다.

학문하는 자는 한결같이 도를 향해야 할 것이니, 외물에 지배되어서는 안 되니 바르지 못한 외물은 일절 마음에 담아두지 말아야 한다. 고을 사람들이 모여서 만일 바둑·장기·쌍륙 등의 유희를 즐기거든 눈길도 주지 말고 물러나야 할 것이며, 창기(倡妓)들이 가무하는 것을 보거든 마땅히 피해 가야 할 것이다. 고을의 큰 모임에서 고을 어른이 억지로 붙잡아 피해 물러날 수 없거든, 자리에 있더라도 용모를 바로 하고 마음을 깨끗이 하여서, 간성(奸聲)과 난색(亂色)이 나를 범하지 못하도록 해야 한다. 잔치에서 술을 마시더라도 잔뜩 취하지 않도록 하고 알맞게 마신 뒤에는 그만 마시는 것이 좋다. 음식은 적당히 먹어야 하니, 마음껏 먹다가 기(氣)를 손상해서는 안 된다. 말과 웃음은 간결하고 신중히 해야 하며 시끄럽게 떠들며 법도를 잃는 일이 없어야 한다. 행동거지는 차분해야 하니, 엄벙덤벙하여 몸가짐을 흩뜨려서는 안 된다.

어떤 일이 생기면 이치에 맞게 처리해야 하고, 글을 읽을 적에는 정성을 다해 이치를 따져야 한다. 이 2가지 외에도 정좌하여 마음을 가다듬어 고요한 가운데 복잡하게 일어나는 생각이 없이 항상 깨어 있어 멍청해지는 일이 없어야 할 것이다. 이른바 “경으로 마음을 곧게 하라[敬以直內]”는 말이 이와 같은 뜻이다.

마땅히 몸과 마음을 바르게 하여 안팎이 같아야 하며 그윽한 데서도 드러난 데서와 같이 하며, 혼자 있을 때에도 여러 사람이 있을 때와 같이하여, 이 마음을 사람들이 맑은 하늘의 밝은 태양을 볼 수 있는 것처럼 해야 한다. 항상 “한 가지 불의를 저지르고, 한 사람이라도 죄 없는 사람을 죽여서 천하를 얻는다 해도 그것을 하지 않겠다[行一不義 殺一不辜, 而得天下, 不爲]”는 뜻을 가슴속에 간직해야 할 것이다. 경에 거하여[居敬] 그 근본을 세우며, 이치를 궁구하여 선(善)을 밝히며, 힘써 행하여 실천해야 하니, 이 3가지는 평생 해야 할 일이다. ‘생각에 사특함이 없다[思無邪]’는 구절과 ‘공경하지 않음이 없다[毋不敬]’는 구절은 일생 동안 쓰더라도 다하지 못할 것이니 마땅히 벽에 걸어 두고 잠깐이라도 잊지 말아야 할 것이다. ‘마음을 보존하지 못한 것은 아닌가’, ‘배움에 진전이 없지는 않은가’, ‘행실에 힘쓰지 않은 점이 있는가’ 하고 매일 자주 점검하여, 이런 점이 있으면 고치고, 없으면 더욱 힘써서 죽을 때까지 부지런히 하고 게을리하지 말아야 할 것이다.

『율곡전서』권27, 『격몽요결』 지신장 제3

學者必誠心向道, 不以世俗雜事亂其志, 然後爲學有基址. …(中略)… 收斂身心, 莫切於九容, 進學益智, 莫切於九思. 所謂九容者. 足容重.
【不輕擧也. 若趨于尊長之前, 則不可拘此】
. 手容恭.
【手無慢弛, 無事則當端拱. 不妄動】
. 目容端,
【定其眼睫, 視瞻當正, 不可流眄邪睇】
. 口容止.
【非言語飮食之時, 則口常不動】
. 聲容靜.
【當整攝形氣, 不可出噦咳等雜聲】
, 頭容直.
【當正頭直身, 不可傾回偏倚】
. 氣容肅.
【當調和鼻息, 不可使有聲氣】
. 立容德.
【中立不倚, 儼然有德之氣像】
. 色容莊.
【顏色整齊, 無怠慢之氣】
. 所謂九思者. 視思明.
【視無所蔽, 則明無不見】
. 聽思聰.
【聽無所壅, 則聰無不聞】
. 色思溫.
【容色和舒, 無忿厲之氣】
. 貌思恭.
【一身儀形, 無不端莊】
. 言思忠.
【一言之發, 無不忠信】
. 事思敬.
【一事之作, 無不敬愼】
. 疑思問.
【有疑于心, 必就先覺審問, 不知, 不措】
. 忿思難.
【有忿必懲, 以理自勝】
. 見得思義.
【臨財必明義利之辨, 合義然後取之】
. 常以九容·九思, 存於心而檢其身, 不可頃刻放捨. 且書諸座隅, 時時寓目.

非禮勿視, 非禮勿聽, 非禮勿言, 非禮勿動, 四者修身之要也. 禮與非禮, 初學難辨, 必須窮理而明之. 但於已知處力行之, 則思過半矣.

爲學在於日用行事之間, 若於平居, 居處恭, 執事敬, 與人忠, 則是名爲學, 讀書者, 欲明此理而已.

衣服不可華侈, 禦寒而已. 飮食不可甘美, 救飢而已. 居處不可安泰, 不病而已. 惟是學問之功, 心術之正, 威儀之則, 則日勉勉而不可自足也.

克己工夫, 最切於日用. 所謂己者, 吾心所好, 不合天理之謂也. 必須檢察吾心, 好色乎, 好利乎, 好名譽乎, 好仕宦乎, 好安逸乎, 好宴樂乎, 好珍玩乎. 凡百所好, 若不合理, 則一切痛斷, 不留苗脈, 然後吾心所好, 始在於義理, 而無己可克矣.

多言多慮, 最害心術, 無事則當靜坐存心, 接人則當擇言簡重. 時然後言, 則言不得不簡, 言簡者近道. 非先王之法服, 不敢服, 非先王之法言, 不敢道, 非先王之德行, 不敢行, 此當終身服膺者也.

爲學者一味向道, 不可爲外物所勝, 外物之不正者, 當一切不留於心. 鄕人會處, 若設博奕樗蒲等戲, 則當不寓目, 逡巡引退, 若遇倡妓作歌舞, 則必須避去. 如値鄕中大會, 或尊長强留, 不能避退, 則雖在座, 而整容淸心, 不可使奸聲亂色有干於我. 當宴飮酒, 不可沈醉, 浹洽而止可也. 凡飮食當適中, 不可快意有傷乎氣. 言笑當簡重, 不可喧譁以過其節. 動止當安詳, 不可粗率以失其儀.

有事則以理應事, 讀書則以誠窮理. 除二者外, 靜坐收斂此心, 使寂寂無紛起之念, 惺惺無昏昧之失可也. 所謂敬以直內者如此.

當正身心, 表裏如一, 處幽如顯, 處獨如衆, 使此心如靑天白日, 人得而見之. 常以行一不義, 殺一不辜, 而得天下, 不爲, 底意思, 存諸胸中. 居敬以立其本, 窮理以明乎善, 力行以踐其實, 三者, 終身事業也. 思無邪, 毋不敬, 只此二句, 一生受用不盡, 當揭諸壁上, 須臾不可忘也. 每日頻自點檢, 心不存乎, 學不進乎, 行不力乎, 有則改之, 無則加勉, 孜孜毋怠, 斃而後已.

『栗谷全書』卷27, 『擊蒙要訣』, 持身章 第3

이 사료는 율곡(栗谷) 이이

(李珥, 1536~1584)의 저술인 『격몽요결(擊蒙要訣)』중 일부인 제3장 ‘지신(持身)’조의 내용이다. 『격몽요결』은 1577년(선조

10) 이이

가 청소년들에게 도학

(道學)의 입문을 지시하기 위해서 펴낸 일종의 교과서와 같은 교재다. 이 책을 저술할 당시 이이

는 42세로 부제학을 사퇴하고 그 해 10월 해주 석담(石潭)으로 가서 은병정사(隱屛精舍)를 짓고 제자를 가르칠 때이다.

『격몽요결』은 어린 자제들의 독서와 학문 생활 및 일상생활의 윤리 등에 관해 자세히 분류하고, 이에 대한 의견을 서술하는 형식으로 구성되어 있다. 이이

가 서문에서 밝혔듯이 해주의 은병정사에서 제자들을 가르칠 때, 초학(初學)의 향방을 정하지 못하여 굳은 뜻이 없는 제자들에게 뜻을 세우고 몸을 삼가며, 부모를 봉양하고 남을 접대하는 방법을 가르치기 위해서 출간하였다. 구성은 2권 1책에 10장으로 나누어져 있는데, 그 내용은 편차(編次)와 입지(立志)·혁구습(革舊習)·지신(持身)·독서(讀書)·사친(事親)·상제(喪制)·제례(祭禮)·거가(居家)·접인(接人)·처세(處世) 등이다. 그리고 책 끝에 사당도(祠堂圖)·시제도(時祭圖)·설찬도(設饌圖)와 제의(祭儀)에서의 출입의(出入儀)·참례의(參禮儀)·천헌의(薦獻儀)·고사의(古事儀)·시제의(時祭儀)·기제의(忌祭儀)·묘제의(墓祭儀)·상복중행제의(喪服中行祭儀) 등을 수록하였다.

이를 장별로 살펴보면, 우선 제1장 ‘입지’에서는 처음 배우는 이가 먼저 뜻을 세워서 스스로 성인이 될 것을 기약하고, 스스로 작게 여겨 물러가려는 생각을 일으키지 말 것을 강조했다. 제2장 ‘혁구습’에서는 사람이 학문에 뜻을 두어 열심히 노력하여도 성취하지 못하는 것은 구습이 있기 때문임을 밝히고, 구습의 종류로서 ‘뜻을 게으른 데 둔 것’ 등 8가지를 들고 있다. 제3장 ‘지신’에서는 9용(九容)으로 몸과 마음을 지키고, 9사(九思)로써 학문을 진취시키는 뜻을 세울 것을 강조하였다. 제4장 ‘독서’에서는 이치를 연구하기 위해 먼저 독서를 해야 하며, 독서를 하되 반드시 책 한 권을 선택한 후 충분히 뜻을 헤아리며 읽어 통달한 뒤 다른 책으로 바꿔 읽을 것과, 다독에 빠져서 쓸데없이 힘을 소모하는 것을 경계하였다. 여기에서는 책을 읽는 순서를 밝히고 있다.

먼저 『소학(小學)』을 읽고, 그 다음에는 『대학(大學)』 및 『혹문(或問)』을 읽어서 마음을 바르게 하고, 다음에는 『맹자(孟子)』를 읽어서 의리를 밝게 분별하여 인욕을 막고, 『중용(中庸)』을 읽어서 성정의 덕과 위육(位育)의 묘를 음미할 것을 권하였다. 다음에는 『시경(詩經)』과 『예경(禮經)』, 『서경(書經)』 등을 차례로 읽어 요순(堯舜)과 문왕(文王)이 천하를 다스린 경륜을 살피고, 다음에 『주역(周易)』을 읽어서 길흉·존망·진퇴·성쇠의 기미를 관찰, 음미할 것과 『춘추(春秋)』를 읽어서 착한 것은 상을 주고 악한 것은 벌하며, 어떤 이는 억누르고 어떤 이는 높여 주는 화법과 심오한 뜻의 깨달음을 가르쳤다. 이 밖에도 선현들이 지은 『근사록(近思錄)』·『가례

(嘉禮)』·『이정전서(二程全書)』·『주자대전(朱子大全)』·『주자어류(朱子語類)』와 성리학

설을 정독할 것을 강조하였다. 제5장 ‘사친’에서는 효도의 당위성을 강조하여 잠시도 효를 잊지 말 것을 밝혔고, 제6장 ‘상제’에서는 상례를 주희(朱熹)의 『가례

』에 따를 것 등을 밝히고 있다. 제7장 ‘제례’에서는 『가례

』에 의해서 사당을 세우고 조상의 신주를 모시며, 제전(祭田)을 두고 제기를 갖출 것과 사당에 대한 예의 등을 밝혔다. 제8장 ‘거가’에서는 부부 간의 예의를 중심으로 집안 다스리는 방법을 설명하였고, 제9장 ‘접인’에서는 부드럽고 공경하는 마음으로 사람을 접대할 것과 학문을 믿고 스스로 교만해지는 것을 경계하라고 가르쳤다. 제10장 ‘처세’에서는 벼슬을 위해 학문하지 말 것과 도를 행할 수 없으면 벼슬에서 물러날 것을 깨우치고 있다.

이 사료는 제3장 ‘지신’으로서 구용(九容)으로 몸과 마음을 지키고, 구사(九思)로써 학문을 진취시키는 뜻을 세울 것을 강조하고 있다. 9용이란, ①걸음걸이는 무겁게 하라[足容重], ②손가짐을 공손히 하라[手容恭], ③눈 모양은 단정히 하라[目容端], ④입은 가만히 다물라[口容止], ⑤말소리는 조용히 하라[聲容靜], ⑥머리 모양은 항상 똑바로 두라[頭容直], ⑦숨쉬기를 정숙히 하라[氣容肅], ⑧설 때는 덕스럽게 하라[立容德], ⑨얼굴 모습은 장엄하게 하라[色容莊] 등이다. 전반적으로 행동거지에 관련된 것으로, 바른 행동으로서 바른 마음을 가져야 한다는 것을 강조하고 있다.

구사는 ①밝게 보기를 생각할 것[視思明], ②총명하게 듣기를 생각할 것[聽思聦], ③안색은 온화하게 하기를 생각할 것[色思溫], ④모습은 공손히 할 것[貌思恭], ⑤말하는 데는 충(忠)을 생각할 것[言思忠], ⑥일하는 데는 경건하게 할 것을 생각할 것[事思敬], ⑦의문이 있을 때는 묻기를 생각할 것[疑思問], ⑧분할 때에는 어려움이 닥칠 것을 생각할 것[忿思難], ⑨이득을 얻으면 의에 합당한지를 생각할 것[見得思義] 등이다. 구용과 달리 구사는 늘 생각해야 할 9가지를 기술했다.

이이

가 『격몽요결』을 통해 청소년 교육을 강화한 것은 교화(敎化)와 밀접한 관련성이 있다. 조선은 유교 가치관을 가진 인간의 육성과 그에 입각한 사회 질서 수립을 목표로 하였고, 그러한 점에서 교육·교화는 곧 위정자의 필수적인 의무로 인식되었다. 이이

에게 있어 왕이 학문을 닦아 인격을 함양하고 백성에게 교화를 베풀어 유교적 사회 질서를 확립하게 함은 신하로서 중요한 목표였다. 백성의 교화를 위해 국가에서는 『삼강행실도(三綱行實圖)』와 『소학』과 같은 유교 서적을 출판하여 보급하였고, 이와 별도로 이이

는 학자의 입장에서 『격몽요결』을 저술하여 유교 가치관의 확산에 힘을 기울였던 것이다. 이 책은 후에 『천자문(千字文)』·『동몽선습(童蒙先習)』·『훈몽자회(訓蒙字會)』 등과 함께 초학자들에게 필독의 교재로 교육되었다.

이이

는 구용과 구사를 항상 생각하고 행하며, 문구를 벽에 걸어 두고 앉아 있을 때에도 수시로 읽을 수 있도록 해야 한다고 했다. 이이

는 항상 옳은 일을 해야 한다고 했는데, 여기서 옳은 일이란 천리(天理)에 부합하는 것이라 했다. 구용과 구사는 오늘날에도 유용한 내용이다. 삶을 살아가면서 지녀야 할 마음가짐과 행동거지를 판단할 때 기준점이 되어주기 때문이다.

이 글의 내용은 집필자의 개인적 견해이며, 국사편찬위원회의 공식적 견해와 다를 수 있습니다.

참고문헌

논문

김경호, 「조선 후기 율곡교육사상의 전승과 변용 -「격몽요결」을 중심으로-」, 『율곡사상연구』22, 2011.
김원중, 「율곡 교육관에 있어서의 유가적 사유의 수용과 발전 -『격몽요결』을 중심으로-」, 『동북아문화연구』 49, 2016.
김희, 「율곡의 수양론과 계몽의 일상성 의미 연구 -『동호문답』·『성학집요』·『격몽요결』을 중심으로-」, 『율곡학연구』 42, 2020.
박영완, 「율곡교서연구; 격몽요결」, 『관동어문학』5, 1986.
박익환, 「율곡 이이의 교육사상」, 『역사교육』23, 1978.
이민경, 「율곡 이이의 『격몽요결』 편찬과 성리학적 이념의 실천」, 『율곡학연구』 42, 2020.

저서

손인수, 『율곡사상의 이해;교육사상을 중심으로』, 교육과학사, 1995.
손인수, 『율곡의 교육사상』, 박영사, 1976.
신창호, 『율곡 이이의 교육론: 조선의 지도자교육과 국민교육론 이해』, 경인문화사, 2015.
함현찬, 『격몽요결』, 전통문화연구회, 2010.

편저

김무진, 「유교문화와 농민사회」, 국사편찬위원회 편, 『(신편) 한국사 31: 조선 중기의 사회와 문화』, 1998.
이병휴, 「도학정치의 추구」, 국사편찬위원회 편, 『(신편) 한국사 28: 조선 중기 사림세력의 등장과 활동』, 1996.

관련사이트

[http://db.itkc.or.kr/inLink?DCI=ITKC_BT_0201B_0230_010_0040_2009_001_XML] 『율곡전서』권27, 『격몽요결』 지신장 제3, 한국고전번역원 한국고전종합DB",,,,https://contents.history.go.kr/front/hm/view.do?levelId=hm_086_0070,사료로 본 한국사\items\hm_age_50_조선 전기\hm_ty_030_사회\hm_086_0070_율곡 이이의 청소년 교육.md
518,hm_age_50,조선 전기,hm_ty_030,사회,hm_087_0010,퇴계 향약 약문,조선 전기 > 사회 > 향약의 보급 > 퇴계 향약 약문,"퇴계선생문집 권42

서(序)

향촌에서 약조를 세운 것에 대한 서문.
【약조를 붙임.】

옛날 향대부(鄕大夫)들의 직분은 덕행과 도예(道藝)로써 백성을 인도하고 따르지 않는 자는 형벌로써 규탄한다. 선비 된 자는 또한 반드시 집에서 닦아 고을에서 드러난 후에 나라에 등용되니, 이와 같음은 어째서인

가? 효제(孝悌)와 충신은 인도(人道)의 큰 근본이요, 집과 향당

(鄕黨)은 실제로 그것을 행하는 곳이기 때문이다. 선왕의 가르침은 효제충신을 중하게 여기기 때문에 그 법을 세우기를 이와 같이 하였다. 후세에 이르러 법제(法制)는 비록 폐하였으나, 사람으로서 지켜야 할 도리는 진실로 그대로 있으니, 어찌 고금(古今)의 마땅함을 참작해서 권하고 징계하지 아니하겠는가. 지금의 유향소

(留鄕所)는 바로 옛날 향대부(鄕大夫)가 남긴 제도이다. 알맞은 사람을 얻으면 한 고을이 화평해지고, 알맞은 사람이 아니면 온 고을이 해체가 된다. 더욱이 시골은 왕의 존엄함[王靈]이 멀어서 좋아하고 미워하는 자들이 서로 공격하고, 강하고 약한 자들이 서로 알력을 벌이고 있으니 혹시라도 효제충신의 도가 저지되어 행해지지 못하면 예의를 버리고 염치가 없어지는 것이 날로 심해져서 점점 이적(夷狄)이나 금수(禽獸)의 세계로 돌아갈 것이니, 이것이 실로 왕정(王政)의 큰 걱정이다. 그 규탄하고 바로잡는 책임이 이제는 유향소

로 돌아오니, 아아, 그 또한 중하다.

우리 고을은 비록 땅은 작으나 본래 문헌(文獻)의 고을로 이름이 났고 유현(儒賢)이 많이 나서, 왕조에 빛나는 자가 대대로 자취를 잇대었으므로 보고 느끼고 배우고 본떠서 고을의 풍속이 매우 아름답더니, 근년에는 운수가 좋지 못하여 덕이 높아 존경받는 여러 공(公)들이 서로 잇달아 돌아갔다. 그러나 오히려 오래된 집 안에 남아 전하는 법도가 있어 문의(文義)가 높고 성하니, 이를 서로 따라서 올바른 나라가 되는 것이 어찌 불가하겠는가. 그런데 어찌하여 인심이 고르지 않고 습속이 점점 그릇되어 맑은 향기는 드물게 풍기고, 재앙의 싹[櫱芽]이 사이사이에서 돋아나니, 지금 막지 않으면 그 끝이 장차 이르지 않을 바가 없을 것이다.

그러므로 숭정대부(崇政大夫) 지중추부사(知中樞府事) 농암(聾巖) 이현보(李賢輔) 선생이 이러함을 근심하여 일찍이 약조를 세워서 풍속을 바로잡으려 노력하였으나 미처 이루지 못하였다. 지금 지사(知事)의 여러 아들이 방금 경내(境內)에서 거상(居喪)하고 나 역시 병으로 전원(田園)에 돌아와 있는데, 고을 어른들이 다 우리 몇 사람으로 하여금 속히 선생의 뜻을 이룩하라고 책임 지우는 것이 매우 지극하였다. 사양했으나 되지 않아 이에 서로 함께 의논하여, 그 대강만 들어서 이 같이 하고, 다시 고을 사람에게 두루 보여 가부를 살핀 뒤에 정하였으니, 영원토록 행하여도 폐단이 없을 것이다.

혹은 이르기를, “먼저 가르침을 세우지 않고 다만 형벌을 사용하는 것은 의심된다” 하니, 그 말이 진실로 그럴듯하다. 그러나 효제와 충신은 사람이 타고난 성품에 근본하였고, 더구나 나라에서 상(庠)과 서(序)를 베풀어 가르쳐서 권하고 인도하는 방법이 아님이 없으니, 어찌 우리가 지금 특별한 조목을 세우겠는가. 맹자가 말하기를, “도가 가까운 데 있는데 먼 데서 구하고, 일이 쉬운 데 있는데 어려운 데서 구하는도다. 사람마다 부모를 사랑하고 그 어른을 존대하면 천하가 편안해진다” 하였으니, 이것은 공자의 이른바 지덕(至德)이며 요도(要道)요, 선왕이 인심을 착하게 하였던 것이다.

이제부터는 우리 고을의 모든 선비들이 성명(性命)의 이(理)를 근본하고 국가의 가르침을 따라서 집에 있어서나 고을에 있어서나 각기 사람의 도리를 다하면, 곧 이것은 나라의 좋은 선비가 되어서 혹은 궁하거나 달하거나 서로 힘입을 것이니, 오직 반드시 특별한 조목을 세워서 권할 것이 아닐 뿐 아니라, 역시 형벌로 쓸 바가 없을 것이다. 만약 이 같이 함을 알지 못하고 예의(禮義)를 침범하여 우리 고을의 풍속을 허물면, 이는 바로 하늘이 버린 백성이니 아무리 형벌을 가하지 않고자 하나 그렇게 되겠는가. 이 점이 오늘날 약조를 세우지 않을 수 없는 이유이다.

가정 병진년(1556, 명종

11) 12월에 고을 사람 이황

은 서한다.

부모에게 불순한 자 불효한 죄는 나라에서 정한 형벌이 있으므로 우선 그 다음 죄만 들었다.

형제가 서로 싸우는 자 형이 잘못하고 아우가 옳으면 균등하게 벌하고, 형이 옳고 아우가 잘못하였으면 아우만 벌하며, 잘못과 옳음이 서로 비슷하면 형은 가볍고 아우는 중하게 처벌한다.

가도(家道)를 어지럽히는 자 부처(夫妻)가 치고 싸우는 일, 정처(正妻)를 쫓아내는 일, 아내가 사납게 거역한 경우는 죄를 감등한다. 남녀 분별이 없는 일, 적첩(嫡妾)을 뒤바꾼 일, 첩으로 처를 삼은 일, 서얼[孼]로 적자[適]를 삼은 일, 적자가 서얼

을 사랑하지 않는 일, 서얼

이 도리어 적자를 능멸하는 일

일이 관부(官府)에 간섭되고 향풍(鄕風)에 관계되는 자

망녕되이 위세를 부려 관을 흔들며 자기 마음대로 행하는 자

향장(鄕長)을 능욕하는 자

수절(守節)하는 상부(孀婦)를 유인하여 더럽히는 자

이상은 극벌(極罰)에 해당한다. 상·중·하의 구분이 있다.

친척과 화목하지 않는 자

본처[正妻]를 박대하는 자 처에게 죄가 있는 경우는 감등한다.

이웃과 화합하지 않는 자

동무들과 서로 치고 싸우는 자

염치를 돌보지 않고 사풍(士風)을 허물고 더럽히는 자

강(强)함을 믿고 약한 이를 능멸하고 침탈(侵奪)하여 다투는 자

무뢰배와 당을 만들어 횡포한 일을 많이 행하는 자

공사(公私)의 모임에서 관정(官政)을 시비하는 자

말을 만들고 거짓으로 사람을 죄에 빠뜨리게 하는 자

환란(患亂)을 보고 힘이 미치는 데도 가만히 보기만 하고 구하지 않는 자

관가의 임명을 받고 공무를 빙자하여 폐해를 만드는 자

혼인(婚姻)과 상제(喪祭)에 아무 이유 없이 시기를 넘기는 자

집강(執綱) 좌수(座首)을 업신여기며 유향소

의 명령을 따르지 않는 자

유향소

의 의논에 복종하지 않고 도리어 원망을 품는 자

집강(執綱)이 사사로이 향안(鄕案)에 들인 자

구관(舊官)을 전송하는데 연고 없이 참석하지 않는 자

이상은 중벌(中罰)에 해당한다. 상·중·하의 구분이 있다.

공회(公會)에 늦게 이른 자

문란하게 앉아 예의를 잃은 자

좌중에서 떠들썩하게 다투는 자

자리를 비워 놓고 물러가 편리한 대로 하는 자

연고 없이 먼저 나가는 자

이상은 하벌(下罰)에 해당한다. 상·중·하의 구분이 있다.

(지위를 이용하여 악행을 저지르는) 원악 향리

(元惡鄕吏)

아전으로서 민가(民家)에 폐를 끼치는 자

공물

(貢物) 값을 범람하게 징수하는 자

서인

(庶人)이 문벌 있는 자손을 능멸하는 자

『퇴계선생문집』권42, 서, 향입약조서

退溪先生文集 卷之四十二

序

鄕立約條序
【附約條】

古者鄕大夫之職, 導之以德行道藝, 而糾之以不率之刑. 爲士者, 亦必修於家,著於鄕而後, 得以賓興於國, 若是者何哉. 孝悌忠信, 人道之大本, 而家與鄕黨, 實其所行之地也. 先王之敎, 以是爲重, 故其立法如是. 至於後世, 法制雖廢, 而彝倫之則, 固自若也, 惡可不酌古今之宜, 而爲之勸懲也哉. 今之留鄕, 卽古鄕大夫之遺意也. 得人則一鄕肅然, 匪人則一鄕解體. 而況鄕俗之間, 遠於王靈, 好惡相攻, 强弱相軋, 使孝悌忠信之道, 或尼而不行, 則棄禮義捐廉恥日甚, 流而爲夷狄禽獸之歸, 此實王政之大患也. 而其糾正之責, 乃歸之鄕所, 嗚呼, 其亦重矣.

吾鄕雖壤地褊小, 素號文獻之邦, 儒先輩出, 羽儀王朝者, 前後接踵, 觀感薰陶, 鄕風最美, 頃年以來, 運値不淑, 達尊諸公, 相繼逝沒. 然猶有故家遺範, 文義蔚然, 以是相率而爲善國, 豈不可也. 柰何人心無恆, 習俗漸訛, 淸芬罕聞而櫱芽間作, 玆不防遏, 厥終將無所不至矣.

故崇政知事聾巖先生, 患是然也, 嘗欲爲之立約條, 以厲風俗, 鄭重而未及焉. 于今知事諸胤, 方居喪境內, 滉亦守病田間, 鄕丈皆欲令我輩數人, 遂成先生之志, 委責甚至. 辭不獲已, 乃相與商議, 而擧其挭槩如此, 復以徧示鄕人而審可否, 然後乃定, 庶幾期行於久遠而無弊也.

或者以不先立敎, 而徒用罰爲疑, 是固然矣. 然而孝悌忠信, 原於降衷秉彝之性, 加之以國家設庠序以敎之, 無非勸導之方, 奚待於我輩別立條耶. 孟子曰, 道在邇而求諸遠, 事在易而求諸難. 人人親其親長其長而天下平, 此孔子所謂至德要道, 而先王之所以淑人心也.

自今以往, 凡我鄕士, 本性命之理, 遵國家之敎, 在家在鄕, 各盡夫彝倫之則, 則斯爲王國之吉士, 或窮或達, 無不胥賴, 非唯不必別立條以勸之, 亦無所用罰矣. 苟不知出此而犯義侵禮, 以壞我鄕俗者, 是乃天之弊民也, 雖欲無罰, 得乎. 此今日約條之所以不得不立也.

嘉靖丙辰臘, 鄕人李滉, 序.

父母不順者, 不孝之罪, 邦有常刑, 故姑擧其次.

兄弟相鬩者, 兄曲弟直, 均罰, 兄直弟曲, 止罰弟, 曲直相半, 兄輕弟重.

家道悖亂者, 夫妻敺罵, 黜其正妻, 妻悍逆者, 減等. 男女無別, 嫡妾倒置, 以妾爲妻, 以孼爲適, 適不撫孼, 孼反陵適.

事涉官府, 有關鄕風者.

妄作威勢, 擾官行私者.

鄕長陵辱者.

守身孀婦, 誘脅汚奸者.

已上極罰上中下.

親戚不睦者.

正妻疎薄者, 妻有罪者, 減等.

隣里不和者.

儕輩相敺罵者.

不顧廉恥, 汚壞士風者.

恃强陵弱, 侵奪起爭者.

無賴結黨, 多行狂悖者.

公私聚會, 是非官政者.

造言構虛, 陷人罪累者.

患難力及, 坐視不救者.

受官差任, 憑公作弊者.

婚姻喪祭, 無故過時者.

不有執綱, 不從鄕令者.

不伏鄕論, 反懷仇怨者.

執綱徇私, 冒入鄕參者.

舊官餞亭, 無故不參者.

已上中罰上中下.

公會晩到者.

紊坐失儀者.

座中喧爭者.

空坐退便者.

無故先出者.

已上下罰上中下.

元惡鄕吏.

人吏民間作弊者.

貢物使濫徵價物者.

庶人陵蔑士族者.

『退溪先生文集』卷42, 序, 鄕立約條序

이 사료는 퇴계(退溪) 이황

(李滉, 1501~1570)이 1556년(명종

11) 예안향약(禮安鄕約)을 일으키고 경상도 예안 지방의 향촌을 교화하기 위해 자치 규약으로 쓴 것이다. ‘퇴계향약 약문(約文)’이라고 한다.

향약

은 향촌 규약(鄕村規約)의 준말이다. 향약

은 원칙적으로 조선 시대 양반들의 향촌 자치와 이를 통해 일반 백성들을 통제하기 위한 목적이 강했지만, 다른 한편으로는 성리학

적 기본 질서 확립이라는 전제 아래 유교적 예절과 풍속을 향촌 사회에 보급하려는 의도도 있었다. 아울러 각종 재난을 당했을 때 상부상조하는 규정을 두어 향촌 사회의 안정을 꾀하였다.

우리나라에 향약

이 소개된 것은 16세기 이후 「주자증손여씨향약(朱子增損呂氏鄕約)」이 전국적으로 시행, 보급되면서부터이다. 이 여씨향약은 중국 북송 때 섬서성(陝西省) 남전현(藍田縣)에 거주하던 도학자

여씨(呂氏) 4형제가 시행한 것이다. 여씨 형제들은 일가친척과 향리 사람들을 교화·선도하기 위하여 덕업상권(德業相勸)·과실상규(過失相規)·예속상교(禮俗相交)·환난상휼(患難相恤)이라는 4대 강목을 내걸고 시행하였는데, 남송 때 주자(朱子)가 이 향약

을 가감 증보한 「주자증손여씨향약」을 그의 문집인 『주자대전』에 수록하면서 성리학

적 향촌 질서를 추구하는 실천 규범으로 자리 잡게 되었다. 이것이 우리나라에 알려졌고, 중종

(中宗, 재위 1506~1544) 때 여씨향약

을 실시하여 풍속 교정 임무를 수행하였다.

향약

약문을 작성한 이황

은 조선 시대를 대표하는 성리학

자이다. 1528년(중종

23) 사마시

에 급제한 후 성균관

에 들어가 여러 인사들과 교유하였다. 1534년(중종

29) 문과에 급제한 후 박사·지평 등을 거쳐 세자시강원문학·성균관

사성 등을 역임하였다. 1548년(명종

3) 단양 군수가 되었다가 곧 풍기 군수로 옮겼다. 풍기 군수 재임 중 주세붕

(周世鵬, 1495~1554)이 세운 백운동서원

에 편액(扁額)·서적(書籍)·학전(學田)을 내려 줄 것을 청하여 실현시켰다. 이것이 조선 시대 사액 서원

의 시초가 된 소수서원(紹修書院)이다. 1552년(명종

7) 성균관

대사성으로 임명되었으며, 1560년(명종

15) 도산서당(陶山書堂)을 짓고 아호를 도옹(陶翁)이라 정하고, 많은 제자를 길렀다. 1568년(선조

1) 선조

(宣祖, 재위 1567~1608)가 즉위하자 대제학 등을 역임하고, 임금에게 「무진육조소(戊辰六條疏)」를 올렸다. 그 뒤 『성학십도(聖學十圖)』를 저술하였다.

이 향약

약문은 퇴계 이황

이 향촌에 머물 때 예안향약을 일으키면서 작성한 것이다. 퇴계향약

은 그 약문에 의하면 농암(聾巖) 이현보(李賢寶, 1467~1555)의 영향을 받아 그가 살아생전에 이루지 못한 뜻을 그 후손들과 퇴계, 그리고 해당 지역에 세력 기반을 둔 재지 사족(在地士族)의 공론으로 실현하고 있다.

퇴계향약은 30여 개 조목으로 구성되어 있다. 조문을 구체적으로 살펴보면, 부모에게 불순한 자부터 시작해서 가족의 화목을 깨뜨리는 사람, 관·향풍(鄕風)에 관계되는 사람, 과부의 지조를 깨뜨리는 자 등은 극벌에 처하고 있다. 다음으로 친척, 부부, 이웃, 동무 간 화합하지 않는 사람, 사풍(士風)을 더럽히는 사람, 사적인 모임을 만들어 횡포를 벌이는 사람, 남을 속이는 사람, 남을 돕지 않는 사람 등 마을 공동체의 화목을 깨뜨리는 자 등은 중벌에 처하고 있다. 그리고 마을 모임에 지각한 사람, 모임에서 떠든 사람 등 모임에서 회의 분위기를 저해하는 사람의 경우 하벌에 처하고 있다.

조문의 내용을 보았을 때 가족 윤리를 해치는 사람에게 가장 무거운 벌을, 가족을 벗어나 친지, 친구, 마을 등 향중(鄕中)의 정서를 해치는 사람에게 그 다음의 벌을 내리고 있으며, 마을 모임과 관련된 사람에게 가장 낮은 벌을 내리고 있다. 이는 가족 윤리를 무엇보다 중요하게 생각했던 조선 사회의 특징을 잘 보여주고 있다고 할 수 있다. 또, 중벌에 해당하는 조항이 가장 많은데, 이는 향중의 정서 또한 중요하게 생각했다는 것을 보여준다. 여기에는 하층민에 대한 직접적인 지배와 통제보다는 사족 자신들의 유교적 생활 규범 확립과 수령의 행정, 그리고 하층민에 대한 무단적 행위 규제 등이 나타나있다. 따라서 이를 통해 향촌 사회의 안정을 확립하고자 하였다.

그런데 퇴계향약은 유향소를 통해 실질적인 기능을 발휘하도록 되어 있었으나 이는 실행되지 못한 듯 보인다. 이와 관련해 「퇴계연보(退溪年譜)」에 “이때 나라에서 향도의 명령(香徒之令)이 있어서 행해지지 못하였다”고 기록되어 있는 것은 이를 방증해 준다. 퇴계의 약문은 퇴계의 제자인 금난수(琴蘭秀, 1530~1604)가 약조를 향사당(鄕射堂)에 걸어 두려고 하였으나 이 역시 고을 사람들의 견해가 통일되지 않아 이루지 못하였고, 임진왜란 이후인 1598년(선조

31) 다시 문집에서 그 내용을 베껴 향사당에 게시할 수 있었다.

퇴계향약은 1603년(선조

36) 퇴계의 제자인 북애(北厓) 김기(金圻, 1547~1603)에 의해 한층 발전되어 덕업상권·예속상교·과실상규·환난상휼의 4강목을 갖추게 되었고, 이후 김기가 주창한 향약

은 영남 지역에서 실시되는 향약

의 모범이 되었다.

이 글의 내용은 집필자의 개인적 견해이며, 국사편찬위원회의 공식적 견해와 다를 수 있습니다.

참고문헌

논문

김용덕, 「동계고」, 『두계이병도박사구순기념 한국사학논총』, 1988.
김용덕, 「향약과 향규」, 『한국사상』16, 1978.
김용덕, 「향규연구」, 『한국사연구』54, 1986.
김인걸, 「17·18세기 향촌사회 신분 구조변동과 향·유」, 『한국문화』11, 1990.
김필동, 「계의 역사적 분화·발전과정에 관한 시론」, 『한국사회사연구회논문집』17, 1990.
김필동, 「조선전기 향약의 보급과 의미」, 한국정신문화연구원 사회민속연구실 편, 『조선의 사회와 문화 10: 조선 후기의 체제위기와 사회운동』, 한국정신문화연구원, 1989.
김현영, 「(가정 경인) 좌목」의 분석」, 『택와허선도교수정년기념 한국사학논총』, 1992.
김형수, 「17세기 초 퇴계학파의 향촌복구책과 향약 시행」, 『국학연구논총』 32, 2023.
김형수, 「서한으로 본 이황의 향촌관과 성리학적 공동체 모색」, 『국학연구』 52, 2023.
박익환, 「조선 전기 여씨향약 보급운동과 그 성격」, 『우인김용덕박사정년기념 사학논총』, 1988.
박익환, 「조선전기 향규고」, 『사학연구』39, 1987.
박익환, 「15세기 광주향약의 향규약적 성격」, 『용암차문섭교수화갑기념논총 조선시대사연구』, 1989.
신영우, 「19세기 영남 김산의 양반지주층과 향내사정」, 『동방학지』70, 1991.
심재우, 「조선시대 향촌 사회조직 연구의 현황과 과제 –향약⋅계에 관한 성과를 중심으로-」, 『조선시대사학보』 90, 2019.
유홍렬, 「조선에 있어서의 향약의 성립」, 『진단학보』9, 1938.
이광우, 「조선후기 향약 운영과 성격 –정부⋅지방관⋅재지사족 등 운영 주체를 중심으로-」, 영남대학교 박사학위논문, 2018.
이태진, 「사림파의 향약보급운동」, 『한국문화』4, 1983.
정진영, 「16세기 향촌문제와 재지사족의 대응: 예안향약을 중심으로」, 『민족문화논총』7, 1986.
정진영, 「조선후기 영남향약의 특성」, 『향토사연구』4, 1992.
정진영, 「16세기 안동지방의 동계」, 『교남사학』1, 1985.
정진영, 「향약, 퇴계가 꿈군 이상사회」, 『안동학연구』 12, 2013.
정진영, 「한국의 향약 –외래문화의 수용과 변용의 한 모습-」, 『안동학』 15, 2016.
한상권, 「17세기 향약의 기구와 성격」, 『진단학보』58, 1984.

저서

이광우, 『조선시대 사람들의 더불어 살기, 향약』, 세창출판사, 2023.
정진영, 『조선시대 향촌사회사』, 한길사, 1998.

편저

김인걸 외, 『조선시대사회사연구사료총서』, 보경문화사, 1986.
이규대 외, 『영동지방향토사연구자료총서: 향약·계편』, 관동대학교 출판부, 1989.
정진영 외, 『영남향약자료집성』, 영남대학교 출판부, 1987.

관련사이트

[http://db.itkc.or.kr/inLink?DCI=ITKC_BT_0144B_0310_010_0020_2009_002_XML] 『퇴계선생문집』권42, 서, 향입약조서, 한국고전번역원 한국고전종합DB",,,,https://contents.history.go.kr/front/hm/view.do?levelId=hm_087_0010,사료로 본 한국사\items\hm_age_50_조선 전기\hm_ty_030_사회\hm_087_0010_퇴계 향약 약문.md
519,hm_age_50,조선 전기,hm_ty_030,사회,hm_087_0020,해주 향약,조선 전기 > 사회 > 향약의 보급 > 해주 향약,"해주향약(海州鄕約)

입약범례(立約凡例)

1. 처음 향약

을 정할 때 약문을 동지에게 두루 보이고 그 마음을 바로잡고, 몸가짐을 단속하고, 착하게 살고, 허물을 고치기 위해 약계(約契)에 참례하기를 원하는 자 몇 사람을 가려 서원(書院)

에 모아 놓고 약법(約法)을 의논하여 정한 다음 도약정(都約正), 부약정 및 직월(直月)·사화(司貨)를 선출한다.

1. 여러 사람들은 나이와 덕망과 학술(學術)이 있는 한 사람을 추대하여 도약정으로 삼고, 학문과 덕행이 있는 두 사람을 부약정으로 추대한다. 약중(約中)에서 교대로 직월과 사화를 맡는데 직월은 반드시 부릴 노복

이 있어 사령(使令)이 가능한 사람으로 삼고 사화는 반드시 서원

유생으로 삼는다. 도정과 부정은 사고가 있지 않으면 바꾸지 않고, 직월은 모임이 있을 때마다 교대로 바꾸며, 사화는 1년에 한 번씩 바꾼다.

1. 세 가지 장부를 두어 입약(入約)을 원하는 사람을 하나의 장부에 기록하고 덕업(德業)이 볼 만한 사람을 또 하나의 장부에 기록하며, 과실이 있는 사람을 또 하나의 장부에 기록하여 직월이 맡았다가 매번 모임이 있을 때 약정에게 알려서 각각 그 차례를 매긴다.

1. 처음 규약을 정할 때 서원

에 모인다. 【예를 행하는 의식은 뒤에 보인다.】 선성(先聖)과 선사(先師)의 지방(紙榜)을 설치하고 향을 피우며 두 번 절하고는 직월이 맹세를 고하는 글을 가지고 【그 글은 미리 지어서 동약

인에게 두루 보인다.】 도약정의 왼쪽에 꿇어앉는다. 도약정과 그 자리에 있는 이가 다 꿇어앉고 직월이 고문 읽기를 마치면 약정 【도약정을 줄여서 약정이라 한다. 뒤에도 이와 같다.】 및 그 자리에 있는 이가 모두 두 번 절한다. 만약 추후로 향약

에 참여하려는 자일지라도 모임이 있을 때 선성과 선사에게 예를 마치고 나서 새로 들어온 자는 두 계단 사이의 서편에 꿇어앉고 직월은 또 고문을 가지고 【그 글도 미리 만든다.】 그 왼편에 꿇어앉아서 읽는다. 【약정 이하 및 자리에 있는 이는 꿇어앉지 않는다.】 읽기를 마치면 처음 들어온 자는 두 번 절한다. 그 밖의 자리에 앉아 있는 자는 절을 하지 않는다.

1. 뒤를 따라 입약(入約)하기를 원하는 자에게는 반드시 먼저 규약문을 보여 두어 달 동안 잘 생각해서 스스로의 판단에 반드시 처음부터 끝까지 힘써 실행할 수 있다고 헤아려 본 뒤에 가입하기를 청한다. 가입을 청하는 이는 반드시 단자를 갖추어 참여하기를 원하는 뜻을 갖추어서 모임이 있을 때 진술하고 사람을 시켜 약정에게 올리며 약정은 여러 사람에게 물어서 허락할 만하다고 한 뒤에야 답장을 띄워 다음 모임에 참여하도록 한다. 만약 서로 알되 잘 알지 못하는 사람이나 먼저 몸조심을 하지 않은 자가 들어오기를 원한다면 반드시 규약문을 베껴 자세히 읽어서 그 뜻을 알게 하고 규약문에 의하여 한두 해 동안 몸을 다스려서 선을 행하고 허물을 고쳐 착해진 것을 여러 사람이 명백하게 알 때까지 기다린 뒤에야 신청하게 한다.

1. 같은 약원(約員)은 한 달 건너 초하룻날에 모이니 즉 1월·3월·5월·7월·9월·11월의 초하룻날이다. 초하룻날 사고가 있으면 미리 기일을 정하되 초순이 넘지 않아야 한다. 만약 약원이 먼 지방에 살면 한 해에 한두 번씩 모이고 기타 길사(吉事)와 흉사(凶事) 때의 모임은 임시로 날을 정한다.

1. 모임이 있을 때 병으로 참여할 수 없으면 반드시 사유를 갖추어서 단자(單子)를 만들어 그날 이른 아침에 자제를 시킨다. 【자제가 없으면 일 보는 종을 시킨다.】 직월(直月)에게 올리게 하여 여러 사람에게 돌려 보인다. 만약 고의적인 핑계로 빠진 것이 밝혀지면 직월이 약정에게 고하여 규약을 위반한 것으로 논하고 만약 먼 지방에 사는 자라면 단자를 올리지 않아도 된다.

1. 선적(善籍)

착한 일을 기록한 장부

·악적(惡籍)

악한 일을 기록한 장부

은 모두 스스로 향약

에 참여한 뒤부터 기록하고 그 이전에는 과실이 있었더라도 모두 말소하여 다시 논하지 않고 반드시 예전 그대로 고치지 않은 뒤에야 장부에 기록한다. 악적에 기록된 것은 허물을 고친 것을 명백히 안 뒤에야 모임 때 공론

으로 말소하고, 선적에 기록된 것은 비록 허물이 있더라도 말소하지 않고 반드시 부모에게 불효하거나, 형제에게 우애하지 못하거나, 음간(淫姦)으로 금령을 범하거나, 부정한 재물을 취하여 몸을 욕되게 하는 등의 크게 패륜한 행실이 있은 뒤에야 선적에서 말소하고 약에서 쫓아낸다.

1. 직월이 만약 같은 약원의 착한 행실이나 악한 행실을 들으면 상세하게 묻고 실정을 알아서 사사로이 장부에 기록하였다가 모임이 있는 날 뭇사람에게 보고한다. 만약 직월이 알고도 고하지 않으면 약정과 부약정이 그 까닭을 문책하여 규약을 위반한 것으로 논하고, 약원의 과실을 기록한 것이 말소되지 않은 것이 세 번이 되도록 끝내 고치지 않으면 여러 사람이 의논하여 약에서 쫓아내되 약에서 쫓겨난 자가 스스로 뉘우치고 허물을 고치면 다시 들어오는 것을 허락한다. 【처음 들어오는 예(例)와 같다.】

1. 처음 향약

을 세울 때 약에 참여한 사람은 각각 무명

한 필, 삼베 한 필, 쌀 한 말씩 내어 사화(司貨)에게 위임하여 서원

에 간직해 두고, 근실한 재직(齋直)

서원을 지키는 사람

을 선발하여 그 출납을 맡겨 뒷날 길사나 흉사 때 구휼(救恤)하는 자금으로 삼는다. 또 매년 11월의 모임 때는 같은 약원들이 각각 쌀 한 말씩 내어서 사화에게 맡기면 사화는 거두고 저장하는 것을 맡아 용도에 댄다. 만약 쓰고 남는 것이 있으면 백성에게 놓아서 10분지 2의 이식을 받아 사창법(社倉法)

과 같이 하고, 부족하면 같은 약원이 적당히 헤아려 출자를 더하여 보충한다. 베는 거둬들인 것을 이식을 놓지 말고 용도가 다하려 하면 또 각각 한 필씩 내서 용도에 충당하게 한다. 만약 쌀의 저축이 점점 많아지면 베로 바꾸어서 저축해도 되지만 여러 해 동안 묵어 저축한 것이 점점 여유 있게 되면 물자를 거둘 일이 있을 때 같은 약원에게 거두지 않고 사화가 저장한 것으로 쓴다. 추후로 향약

에 들어온 자도 처음에 세운 약원의 예(例)에 의하여 쌀과 베를 낸다.

1. 경사(慶事)에 기증할 때는 예(禮)의 크고 작은 데 따라 예물의 다소(多少)를 정하는데, 많으면 무명

다섯 필과 쌀 열 말, 그 다음은 무명

세 필과 쌀 다섯 말이며, 적으면 무명

한 필과 쌀 세　말로 한다. 대과(大科) 급제와 같은 경우가 대례(大禮)이고 생원·진사가 그 다음이며, 그 나머지 아들의 관례(冠禮)나 처음 하는 벼슬, 품계가 오르는 따위가 소례(小禮)이다. 혼례에는 무명

세 필과 쌀 다섯 말을 부조한다.

1. 상사(喪事)에는 물건을 부조함이 있고, 몸으로 일 돕는 것이 있는데 물건으로 부조할 때 만약 약원의 상사라면 초상에는 사화가 약정에게 고하여 삼베 세 필을 보내고, 같은 약원들은 각각 쌀 다섯 되와 빈 거적때기 세 닢씩 내어서 치상(治喪)을 돕는다. 또 제물(祭物)을 보낼 때는 사화가 소장한 무명

다섯 필과 쌀 열 말을 부장(賻狀)

부물을 적은 단자

을 갖추어서 같이 보낸다. 장례를 지낼 때는 각각 힘센 종 한 명을 보내되 사흘 양식을 지니고 가서 일을 돕게 한다. 만약 약원의 부모의 상(喪)이라면 초상에 삼베 두 필을 보내고 약원들은 각각 쌀 서 되와 빈 거적때기 두 닢씩 내고 다음으로 무명

세 필과 쌀 다섯 말을 부조한다. 장례에는 각각 힘센 종 한 명씩 보내되 이틀 양식을 지니고 가서 일을 돕게 한다. 만약 처자(妻子)의 상이라면, 【아들의 나이가 열 살 미만이면 조문(吊問)하고 부물은 없다.】 초상에는 삼베 한 필을 보내고 약원들은 각각 쌀 한 되와 빈 거적때기 한 닢씩 내며 다음으로 무명

한 필과 쌀 서 말을 부조한다. 장례를 지낼 때는 각각 힘센 종 한 명씩 보내되 하루 양식을 지니고 가서 일을 돕게 한다.

1. 불이 나서 그 집을 다 태운 경우에는 약원들이 의논하여 지붕에 덮을 풀 세 마름과 재목 두 조(條) 씩 각각 내고 또 힘센 종 한 사람씩 보내되 사흘 양식을 지니고 가서 집 짓는 일을 돕게 한다.

1. 같은 약원의 상사에 제물을 보낼 때는 약원들이 각각 쌀 서 되를 내어 술·반찬·떡 등을 준비하는데 기일 이전에 미리 모아야 한다.

1. 같은 약원으로서 한 고을에 살지 않으면 대개 길사나 흉사에 친히 가지 않고 다만 글을 갖추어 약원들이 연명하여 사람을 보낸다. 이를테면 급제인 경우에 보내는 물품은 무명

다섯 필, 생원

·진사

인 경우에는 무명

세 필로 하고, 그 외 작은 경사에는 글만 보내고 물품은 없다. 보낼 물품이 있으면 하인을 보내고 하인이 없으면 반드시 믿을 만한 자를 고용하여 품값을 주어 보내며 보낼 물품이 없으면 글은 인편으로 전해 보낸다. 상사에도 친히 가지 못하고 다만 부물과 같은 약원이 연명한 조장(弔狀)을 갖추어 보낸다. 같은 약원 당사자의 상이라면 부물로 무명

다섯 필과 삼베 세 필을 보내고, 부모의 상에는 부물로 무명

세 필과 삼베 두 필을 보내고, 처자의 상에는 무명

과 삼베 각 한 필 씩 보낸다. 약원 당사자의 상에는 반드시 약원 중에서 어리고 젊은이를 보내되 제사를 올릴 제물을 싸 가지고 가서 제를 지내게 하는데 그 제물은 약원들이 각각 쌀 서 되를 내어 준비해 보낸다. 그 나머지 규휼(救恤) 등의 일은 다 힘이 닿을 수 없다. 【힘이 닿을 수 있으면 해도 된다.】

1. 다른 지방에 사는 약원이 약원 중의 길사나 흉사를 들으면 다만 글을 써서 축하와 위문을 하되 사람을 보내기도 하고 인편으로도 하는데 각기 형편에 따라서 한다. 다만 약원인 당사자의 상사에 만약 여러 사람을 따라서 같이 제물을 보내지 못했으면 반드시 스스로 전에 올릴 제물을 갖추어 제를 지내야 한다. 장사한 뒤라면 묘에 가서 하되 반드시 제문을 갖춘다. 그 외 구휼하는 등의 일은 힘이 미칠 수 없다. 【힘이 닿을 만한 것은 해도 된다. 】

1. 다른 지방에 사는 약원은 매년 쌀을 낼 수 없으니 3년에 무명

한 필을 내거나 3년에 삼베 한 필을 내되 돌려 가면서 내는 것을 상례로 한다. 그 나머지 불시에 물품을 모으는 등의 일에 다 참여할 수 없다.

1. 약원의 모임에서 물품을 모으는 것이나 일을 돕는 일들은 다 직월이 맡는다. 대개 모임이 있을 때는 직월이 약정이나 존자(尊者)의 집에 친히 가서 까닭을 물은 뒤에 【여기에 존자는 직월의 나이로 계산한 것이다. 뒤에도 마찬가지이다.】 부약정에게 통고하고 【부약정이 직월보다 어른이면 역시 친히 가야 한다. 뒤에도 마찬가지이다.】 한곳에 모여 그 기일을 정하고 회문(回文)을 돌려 약원에게 통고한다. 부약정과 직월이 같이 서명한다. 【약정은 서명하지 않는다.】 약원이 부약정보다 나이가 많은 자면 회문으로 쓰지 않고 약정도 회문으로 쓰지 않으며 직월이 친히 가서 기일을 고한다. 약원의 대부분이 일이 없으면 비록 두세 사람이 일이 있어도 모인다.

길사나 흉사에 기증과 부물이 정한 수량이 있는 경우에는 직월이 사화에게 통고하여 예에 의거하여 단자(單子)를 갖추어, 직월과 사화가 먼저 서명한 뒤에 부약정에게 서명을 받고, 서명이 끝나면 직월이 약정의 집에 가지고 가서 서명을 받아 사화(司貨)가 보관하고 있는 쌀과 베를 보낸다. 만약 더 보내야 할 것이 있으면 직월과 사화가 부약정과 함께 약정의 집에 가서 의논해서 결정한 뒤에 비로소 단자를 갖추어 아래에서부터 차례로 서명한다. 만약 회문을 하여 물품을 모을 적에 그 수량이 이미 정해진 것은 직월이 상례에 따라 회문을 쓰고 일이 급한 경우에는 회문을 두 벌 써서 동서(東西)로 나누어서 거두는데 직월이 먼저 서명하고 나서 부약정에게 서명을 받고 곧 약정의 집에 가지고 가서 서명을 받는다. 이런 회문에는 비록 존자라도 모두 서명한다. 만약 물품을 거두어야 하거나 그 수량이 정해지지 않은 경우라면 직월이 반드시 부약정과 함께 약정의 집에 가서 그 수량을 의논하여 정한 뒤에 회문을 낸다.

약정도 스스로 정하기 어려운 것은 모임이 있을 때 여럿에게 물어서 의논하여 정하고 만약 일이 급하면 직월을 시켜 약원 중의 존자(尊者) 다섯 사람에게 물어서 자세히 참작 의논하여 정하게 한다. 일을 도와주는 것을 감독하려면 직월은 일하는 장소에서 떠나지 못하며 그 태만한 것을 단속하되 나오지 않은 이는 장부에 기록한다. 일을 도울 때도 회문(回文)을 내는데 위의 예와 같이 하고 한꺼번에 와서 일을 돕게 할 것이며 먼저 하고 뒤에 해서는 안 된다. 이 같은 일을 직월이 규약대로 수행하지 못하면 부약정이 바로잡고 부약정이 바로잡지 못하면 역시 규약을 어긴 것으로 논죄해야 한다.

『율곡전서』권16, 잡저, 해주향약

海州鄕約

立約凡例

一. 初立約時, 以約文徧示同志, 擇其願操心檢身, 遷善改過, 以參約契者若干人, 會于書院, 議定約法, 選定都副約正及直月司貨.

一. 衆推一人有齒德學術者, 爲都約正, 以有學行者二人副之. 約中輪回爲直月司貨, 直月必以有奴僕可使令者爲之, 司貨必以書院儒生爲之, 都副正非有故則不遞, 直月每會輪遞, 司貨一年輪遞.

一. 置三籍, 凡願入約者, 書于一籍, 德業可觀者, 書于一籍, 過失可規者, 書于一籍, 直月掌之, 每會以告于約正而授其次.

一. 初立約時, 會于書院. 行禮之儀, 見後. 設先聖先師紙榜, 焚香再拜訖, 直月持誓告之文, 右文預撰, 徧示同約. 跪于都約正之左, 都約正及在位者皆跪, 直月讀告文畢, 約正都約正省文稱約正. 後倣此. 及在位者皆再拜. 若隨後參約者, 則亦於會時, 禮先聖先師畢, 初入者跪于兩階閒少西, 直月亦持告文, 文亦預撰跪于其左讀之. 約正以下及在位者不跪. 讀畢, 初入者再拜. 他在位者不拜.

一. 凡隨後願入約者, 必先示以約文, 使之數月商量, 自度必能終始力行, 然後乃請入. 請入者, 必具單子, 陳其願參之意, 於會集時, 使人呈于約正, 約正詢于衆, 以爲可許, 然後乃答書, 使於後會得參. 若相知未熟之人及先不操持者願入, 則必使謄寫約文, 熟讀解義, 依約文治身一兩年, 待衆人明知遷善改過, 然後乃請入.

一. 同約之人, 每閒一月朔日一會, 謂正月三月五月七月九月十一月之朔日也. 朔日有故, 則預定期日, 不出初旬,　可也. 若約員居于遠地, 則一歲一再至, 若其他慶弔之會, 則臨時定日.

一. 凡會集時, 有病故不能參, 則必具由成單子, 其日早朝, 使子弟, 無子弟則使幹奴. 呈于直月, 傳示諸位. 若明知託故, 則直月告于約正, 論以犯約, 若居遠地者, 則不必呈單子.

一. 凡善惡之籍, 皆自參約後書之, 約前雖有過失, 皆許令洗滌, 不復論說, 必仍舊不改, 然後乃書于籍. 惡籍則明知改過, 然後於會集時, 僉議爻周, 善籍則雖有過, 亦不爻, 必有不孝父母, 不友兄弟, 淫姦犯禁, 贓汚辱身等大段悖理之行, 然後乃爻善籍而黜約.

一. 直月若聞同約善惡之行, 則細詢得實, 私作簿記, 於會日衆中告之. 若直月知而不告, 則約正副正詰其故, 論以犯約, 約員籍過未爻, 至三而終不改, 則僉議黜約, 黜約者內訟悛改, 則許令復入. 如初入例.

一. 初立約時, 參約之人, 各出綿布麻布各一疋米一斗, 委司貨藏于書院, 擇齋直謹幹者, 掌其出入, 以爲後日慶弔救恤之資. 又每年十一月會時, 同約各出米一斗, 委于司貨, 司貨監收藏之, 以續用度. 若用之有餘, 則糶米于民, 取其息十分之二, 如社倉之法, 若用之不足, 則同約僉議, 量宜加出以補之. 布則不斂散, 用之將盡, 則又各出一疋以足用. 若米積漸多, 則亦可貿布以儲, 若年久儲蓄漸裕, 則有可裒物時, 不收合于同約, 可以司貨所藏用之. 隨後入約者, 亦依初立約例出米布.

一. 凡慶事有贈, 以禮之大小, 定幣之多少, 多則綿布五疋米十斗, 次則綿布三疋米五斗, 少則綿布一疋米三斗, 如及第爲大禮, 生進次之, 其餘冠子筮仕加階之類, 爲小禮. 若婚禮則助以綿布三疋米五斗.

一. 凡喪事, 有賻物, 有助役, 賻物者, 若約員之喪, 則初喪, 司貨告于約正, 送麻布三疋, 同約各出米五升, 空石三葉, 以助治喪. 又於致奠時, 以司貨所藏綿布五疋米十斗, 具賻狀同呈. 臨葬, 各出壯奴一名, 齎三日糧往役. 若同約父母之喪, 則初喪送麻布二疋, 同約各出米三升, 空石二葉, 次賻以綿布三疋米五斗. 臨葬, 各出壯奴一名, 齎二日糧往役. 若妻子之喪, 則子年未滿十歲則弔而不賻. 初喪, 送麻布一疋, 同約各出米一升, 空石一葉, 次賻以綿布一疋米三斗. 臨葬, 各出壯奴一名, 齎一日糧往役.

一. 凡失火, 盡燒其家者, 則同約僉議, 裒蓋草各三編, 材木各二條, 且出壯奴一人, 持三日糧, 往助構屋之役.

一. 同約員之喪, 致奠時, 同約各出米三升, 備酒饌餅果, 須先期預裒.

一. 同約之人, 非居一鄕, 則凡慶弔, 不能親往, 只送人具書同約連名. 若及第則贈物綿布五疋, 生進則綿布三疋, 其餘小慶, 則只致書無贈. 有送物則專伻人, 若無可送之人, 則必雇可信者, 給價以送, 無送物則因便傳送. 若死喪, 亦不能親往, 只送賻物, 具弔狀同約連名. 當身之喪, 則送賻綿布五疋, 麻布三疋, 父母之喪, 則送賻綿布三疋, 麻布二疋, 妻子之喪, 則送綿布麻布各一疋. 當身之喪, 則必遣約中幼少者, 齎奠資致奠, 奠資則同約各出米三升備送. 其餘救恤等事, 皆力所不能接也. 力所可接者, 或可圖之,

一. 同約居異鄕者, 聞約中吉凶之報, 則只具書慶弔, 或專人, 或因便, 各隨其情勢. 但於約員當身之喪, 若不能隨衆同致奠, 則必自具奠物致奠. 已葬後則奠于墓, 必具祭文. 其餘救恤等事, 則力所不能接也. 力所可接者, 或可圖之.

一. 同約居異鄕者, 則不能於每年出米斗, 只於三年出綿布一疋, 又三年出麻布一疋, 循環爲常. 其餘不時裒物等事, 則皆不能參也.

一. 凡約中會集裒物助役等事, 皆直月掌之. 凡當會集, 直月於約正及尊者之家, 皆親進問故, 此所謂尊者, 則以直月之年訃之. 後倣此. 然後通于副正, 副正於直月爲尊者, 則亦當親進. 後倣此. 會于一處, 定其期日, 出回文通諭. 副正直月同署名. 約正則不署. 若約員於副正爲尊者, 則不書于回文, 約正亦不書于回文, 直月當親進告期. 約員大槪無故, 則雖數三人有故, 亦可會也. 若慶弔贈賻有定數者, 則直月通于司貨, 依例具單子, 直月司貨先署名後, 受署名于副正, 訖, 直月持進約正家受署名, 以司貨所藏米布送之. 若有可加送者, 則直月司貨, 須與副正進約正家議定, 始具單子, 自下次次署名. 若回文裒物, 而其數前定者, 則直月依例書回文, 若事急者, 則書回文二度, 分東西收合, 直月先署名, 後受署于副正訖, 乃持進約正家受署. 此回文則雖尊者皆書. 若當裒物而其數不定者, 則直月必須與副正, 詣約正家, 議定其數, 然後乃出回文. 約正亦難於自定者, 則於會時, 詢衆定議, 若事急者, 則使直月稟于約中尊者五員, 參詳定議. 若董役則直月不離役所, 檢其怠慢未到者則籍之. 凡助役時, 亦出回文如上例, 使之一時助役, 不可先後. 此等事, 直月不能如法, 則副正糾之, 副正不能糾, 則亦當論以犯約.

『栗谷全書』卷16, 雜著, 海州鄕約

이 사료는 1574년(선조

7) 율곡(栗谷) 이이

(李珥, 1536~1584)가 황해도 관찰사

로 부임한 후 실시했던 향약

조문이다. 우리나라 향약

은 중국 송나라의 남전 여씨(藍田呂氏) 문중에서 그 향리

를 교도하기 위해 만든 여씨향약

(呂氏鄕約)에서 영향을 받은 것이다. 이를 주자가 가감·증보하여 「주자증손여씨향약

(朱子增損呂氏鄕約)」으로 만들었다. 기본 덕목은 덕업상권(德業相勸)·과실상규(過失相規)·예속상교(禮俗相交)·환난상휼(患亂相恤) 등이었다. 이 덕목은 중종

(中宗, 재위 1506~1544) 때 조광조

(趙光祖, 1482~1519)·김식(金湜, 1482~1520) 등의 건의로 향약

이 전국적으로 보급되면서 유학자들 사이에 널리 파급되었고, 이후 이황

(李滉, 1501~1570)·이이

등에 의해 우리 실정에 맞게 재조정되었다.

해주향약

은 1574년 이이가 황해도 관찰사로 부임한 후 지역민을 위한 사창(社倉)을 설치하고, 이를 바탕으로 향약을 실시한 데서 유래했다. 당시 향약 내용은 해주향약

·해주일향약속(海州一鄕約束)·사창계약속(社倉契約束)의 세 가지로 나누어진다. 이 사료는 이 가운데 해주향약

에 해당한다.

구체적으로 내용을 살펴보면, 전체적으로 모임에 가입한 사람들 간의 상부상조 규정에 집중되어 있음을 알 수 있다. 전반부에는 모임의 운영진 선출 및 활동 기간, 규약 선정, 가입 조건 및 방법 등을 서술하고 있고, 중반부부터 약원(約員)들 간의 찬조·부조 원칙 및 구체적 사례 등을 나열하고 있다.

이 가운데 선적(善籍)·악적(惡籍)을 만들고 이를 통해 약원들 스스로의 교화를 이끈다는 부분이 주목된다. 특히“악적에 기록된 것은 허물을 고친 것을 명백히 안 뒤에야 모임 때 공론으로 말소하고, 선적에 기록된 것은 비록 허물이 있더라도 말소하지 않고 반드시 (중략) 크게 패륜한 행실이 있은 뒤에야 선적에서 말소하고 약에서 쫓아낸다”라는 대목에서, 선·악적의 운영 취지가 처벌보다는 포상을 통한 약원들 스스로의 감화라는 것을 알 수 있다. 이는 향약의 취지가 처벌보다는 감화에 있다는 것을 보여주는 것으로, 문책으로서 향약에서 쫓겨났다고 하더라도 스스로 뉘우쳤음이 확인되면 재가입을 받아주는 것에서도 잘 드러난다.

한편, 약원들 간의 혼례, 상·장례 등 관혼상제마다 서로 도와야 하는 물품 등을 상세히 기술해 놓은 것도 주목된다. 한 고을에 거주할 때와 그렇지 않을 때, 상장례의 경우 상주의 나이, 대과·소과 급제의 차이 등등 세부적인 규정 또한 마련되었다.

약원들간의 상호부조에서 주목되는 것은 상·장례를 제외하고도, 여러 상황에서의 약원 간 부조를 언급하고 있다는 점이다. 예를 들면, 약원의 집이 화재로 소실되었을 때, 지붕에 덮을 풀 세마름과 재목 두 조(條)씩 내고, 3일 먹을 양식과 함께 일꾼 1명씩을 보내도록 했다. 이러한 대목은 해주 향약이 단순 의례만을 위한 것이 아니라, 생활 속의 재난을 함께 극복하는 취지였음을 보여준다고 할 수 있다.

더욱이 공동 관리 자산에서 지출해야 할 경우 정해진 절차에 따라 물품을 지급했고, 기타 규정되지 않은 일의 경우 회원들의 중론을 모아 지급 여부를 결정하도록 했다. 엄격한 지출 관리 규정을 통해 소수의 전횡을 막으려 했던 것이다.

이러한 해주향약

은 가족과 마을 단위의 윤리를 강조하고 상벌로서 약원들의 교화를 이끌었던 퇴계향약과 다른 면모를 보여준다. 해주향약

은 약원들의 길흉 시 서로 간의 찬·부조를 중심으로 약원들의 화합을 도모하고 있기 때문이다.

자세한 세부 규정을 마련한 해주향약

은 이이

가 5개월 정도 봉직한 뒤 황해도 감사

자리를 내놓았기 때문에 원래 취지와는 달리 제대로 시행되지 못한 것으로 보인다. 하지만 이이

의 해주향약

은 뒷날 퇴계 이황

의 예안향약

과 더불어 향약

운동의 모델이 되었다.

이 글의 내용은 집필자의 개인적 견해이며, 국사편찬위원회의 공식적 견해와 다를 수 있습니다.

참고문헌

논문

고승제, 「근세 향촌제도의 성립과 촌락사회의 구조적 변화」, 『백산학보』18, 1975.
김경래, 「宣祖代 초반의 鄕約 시행 논란과 栗谷 李珥의 “迂儒” 비판」, 『한국학연구』 46, 2017.
김무진, 「율곡 향약의 사회적 성격」, 『학림』5, 1983.
김승태, 「율곡 이이의 향약 변용; 서원향약과 해주향약을 중심으로」, 『홍익사학』 창간호, 1984.
김영돈, 「율곡향약의 정신과 그 영향에 대한 고찰」, 『명대논문집』7, 1974.
김용덕, 「동계고」, 『두계이병도박사구순기념 한국사학논총』, 1988.
김용덕, 「향약과 향규」, 『한국사상』16, 1978.
김용덕, 「향규연구」, 『한국사연구』54, 1986.
김필동, 「계의 역사적 분화·발전과정에 관한 시론」, 『한국사회사연구회논문집』17, 1990.
김필동, 「조선전기 향약의 보급과 의미」, 한국정신문화연구원 사회민속연구실 편, 『조선의 사회와 문화 10: 조선 후기의 체제위기와 사회운동』, 한국정신문화연구원, 1989.
박익환, 「조선전기 여씨향약 보급운동과 그 성격」, 『우인김용덕박사정년기념 사학논총』, 1988.
박익환, 「조선전기 향규고」, 『사학연구』39, 1987.
박익환, 「15세기 광주향약의 향규약적 성격」, 『용암차문섭교수화갑기념논총 조선시대사연구』, 1989.
심재우, 「조선시대 향촌 사회조직 연구의 현황과 과제 –향약·계에 관한 성과를 중심으로-」, 『조선시대사학보』 90, 2019.
안유경, 이상열, 「율곡의 향약에 보이는 협동조합의 정신」, 『민족문화』 52, 2018.
유홍렬, 「조선에 있어서의 향약의 성립」, 『진단학보』9, 1938.
이경동, 「16세기 율곡 향정론의 구조와 특징」, 『율곡학연구』 55, 2024.
이광우, 「조선후기 향약 운영과 성격 –정부·지방관·재지사족 등 운영 주체를 중심으로-」, 영남대학교 국사학과 박사학위논문, 2018.
이태진, 「사림파의 향약보급운동」, 『한국문화』4, 1983.
전승길, 「주문공증손향약통변」, 『국학자료』9, 1973.
정진영, 「16세기 향촌문제와 재지사족의 대응: 예안향약을 중심으로」, 『민족문화논총』7, 1986.
정진영, 「한국의 향약 –외래문화의 수용과 변용의 한 모습-」, 『안동학』 15, 2016.
정형우, 「조선 향약의 구성과 그 조직-주자향약과 퇴계·율곡향약을 대비하여-」, 『이홍직박사회갑기념 한국사학논총』, 1969.

저서

이광우, 『조선시대 사람들의 더불어 살기, 향약』, 세창출판사, 2023.
정진영, 『조선시대 향촌사회사』, 한길사, 1998.

편저

김인걸 외, 『조선시대사회사연구사료총서』, 보경문화사, 1986.

관련사이트

[http://db.itkc.or.kr/inLink?DCI=ITKC_BT_0201B_0140_010_0010_2009_001_XML] 『율곡전서』권16, 잡저, 해주향약, 한국고전번역원 한국고전종합DB",,,,https://contents.history.go.kr/front/hm/view.do?levelId=hm_087_0020,사료로 본 한국사\items\hm_age_50_조선 전기\hm_ty_030_사회\hm_087_0020_해주 향약.md
520,hm_age_50,조선 전기,hm_ty_030,사회,hm_087_0030,여씨 향약의 보급,조선 전기 > 사회 > 향약의 보급 > 여씨 향약의 보급,"함양 사람 김인범(金仁範)이 상소

하기를, “여씨향약

(呂氏鄕約)을 준행하여 풍속을 바꾸도록 하소서” 하니, 정원

에 전교하기를, “내가 함양 유생 김인범의 소

(疏)를 보건대, 초야의 한미한 사람으로 인심과 풍속이 날로 경박하게 되는 것을 탄식한 나머지, 천박한 풍속을 바꾸어 당우지치(唐虞之治)

요·순 시대의 정치

를 회복하려는 것이니 그 뜻이 또한 가상하다. 근래 인심과 풍속이 달라진 것은 나 역시 걱정스러워 필경 어찌해야 할 것을 모르겠거니와 그 까닭을 따져보건대 어찌 연유가 없겠는가? 내가 박덕한 몸으로 조종(祖宗)의 통서(統緖)를 이어받은 지 12년이나 되건만, 선정(善政)이 아래에 미친 바 없고 허물만이 내 몸에 가득 쌓여서 민원(民冤)이 사무쳐 재변(災變)이 거듭되니, 박한 풍속을 고쳐 후한 풍속으로 돌리기가 참으로 어렵구나. 이는 비록 나의 교화(敎化)가 밝지 못한 탓이기도 하지만, 대신은 보필하는 지위에 있으니 그 책임이 어찌 중요하고 크지 않겠는가?

본원(本源)이 확립되지 못하면 말류(末流)를 구하기 어려운 것이니, 근본을 바로잡고 밝게 하는 일은 나와 경 등이 다 함께 맡아야 할 책무인 것이다. 어찌 크게 한번 혁신해서 만민의 모범이 될 것을 생각하지 않을 수 있겠는가? 경 등은 한낱 포의(布衣)의 오활한 말이라고만 여기지 말고 풍속을 바꿀 방도를 강론해서 상하가 서로 힘쓰도록 하라. 그리하여 인심과 풍속이 모두 후하고 질박한 데로 돌아가서, 위로는 충후(忠厚)한 풍속이 있고 아래로는 탄식하는 소리가 없게 된다면 이 또한 아름답지 않겠는가?” 하였다.

『중종실록』권28, 12년 6월 30일 갑술

동지중추부사 김안국

(金安國)이 아뢰기를, “신이 경상도 관찰사

가 되었을 때 그 도의 인심과 풍속을 보니 퇴폐함이 형언할 수 없었습니다. 지금 성상께서 풍속을 변화시킴에 뜻을 두시므로, 신이 그 지극하신 의도를 본받아 완악한 풍속을 변혁하고자 하는데, 가만히 그 방법을 생각해보니 옛사람의 책 중에서 풍속을 바로잡을 수 있는 것을 택하여 거기에 언해(諺解)

한문으로 된 원전에 한글 현토를 달거나, 한글로 번역함

를 붙여 도내에 반포하여 가르치게 하는 것이었습니다. 신이 이 책들을 수찬하기로 마음먹고 있으나 사무가 번잡하고 많아 미처 자세히 살피지 못하였으므로 반드시 착오가 많을 것으로 봅니다. 지금 별도로 찬집청(撰集廳)을 설치하여 문적(文籍)을 인출하고 있으니, 이 책들을 다시 교정하여 팔도에 반포하게 하면 풍속 교화를 고취시킴에 조금이나마 도움이 있을 것입니다.

『여씨향약

(呂氏鄕約)』이나 『정속(正俗)』같은 책은 곧 풍속을 순후하게 하는 책입니다. 『여씨향약

』이 비록 『성리대전(性理大全)』에 실려 있으나 주해(註解)가 없어 우리나라 사람들은 쉽게 이해하지 못합니다. 그러므로 신이 곧 그 언해를 상세하게 만들어 사람마다 보는 즉시 이해하게 하고, 『정속』 역시 언자(諺字)로 번역하였습니다. 농서(農書)와 잠서(蠶書) 등도 의식(衣食)에 대한 큰 정사이기 때문에 세종

조에 이어(俚語)

본래는 천한 말의 뜻으로, 여기서는 ‘한글’을 뜻함

로 번역하고 8도에서 개간(開刊)하였습니다. 지금 역시 농업을 힘쓰는 일에 뜻을 두기 때문에 신 또한 언해를 붙이게 되었고 『이륜행실(二倫行實)』은 신이 전에 승지(承旨)로 있을 때 개간을 청하였습니다. 삼강(三綱)이 중요함은 비록 어리석은 사람들도 모두 알거니와, 붕우형제(朋友兄弟)의 윤리에 대해서는 보통 사람은 알지 못하는 이가 있기 때문에 신이 『삼강행실도(三綱行實圖)』에 의하여 유별로 뽑아 엮어서 개간하였습니다.

『벽온방(辟瘟方)』 같은 것은 온역질(瘟疫疾)은 전염되기 쉽고 사람이 많이 그로 인해 죽기 때문에, 세종

조에서는 생명을 중히 여기고 아끼는 뜻에서 이를 이어(俚語)로 번역하여 경향에 인포(印布)하였는데, 지금은 희귀해졌기로 신이 또한 언해를 붙여 개간하였습니다.

『창진방(瘡疹方)』에 대해서는 이미 번역하여 개간하였으나 경향에 반포하지 않았으므로 요절하는 사람들이 대부분 이 병으로 죽기 때문에 신이 경상도로 갈 적에 이를 싸 가지고 가서 본도에서 간행하여 반포하였습니다. 바라건대 구급에 간편한 비방을 널리 반포하던 성종

조의 전례를 따라 많이 개간하여 널리 반포하소서” 하니, 전교하기를, “경이 그 도에 있으면서 학교와 풍속을 변화시키는 일에 전심한다는 말을 듣고 가상히 여겼다. 또 아울러 이러한 책들을 엮어 가르친다 하는데, 이 책은 모두 풍교(風敎)에 관계되는 것이라 찬집청에 보내 개간하여 널리 반포하게 하라” 하였다.

『중종실록』권32, 13년 4월 1일 기사

咸陽人金仁範上疏, 謂 “遵行『呂氏鄕約』, 以變風俗” 傳于政府曰 “予觀咸陽儒生金仁範之疏, 以草野寒生, 傷嘆人心日偸, 風俗日惡, 欲變薄俗, 而回唐·虞之治, 其志亦可嘉也. 近來人心·風俗之非, 予亦憂慮, 不知畢竟當何如也. 究厥所以, 豈無其由? 予以涼德, 纉承祖宗丕緖, 十有二載, 善政不聞於下, 過愆充積於己, 民冤籲天, 災變疊臻, 反薄歸厚, 難可期望. 是雖予敎化不明之所致, 大臣在承弼之地, 責望亦豈不重且大乎? 本源不立, 則末流難救, 端本淸源, 予與卿等所當共任其責. 盍思所以丕變之, 以爲萬民之先乎? 卿等勿以爲布衣之迂言, 而講論移風易俗之方, 上下交勵. 使人心歸厚, 風俗反朴, 上有忠厚之風, 下無愁嘆之聲, 不亦美乎?”

『中宗實錄』卷28, 12年 6月 30日 甲戌

○己巳朔/同知中樞府事金安國啓曰: “臣爲慶尙道觀察使, 觀其道人心·風俗, 頹弊乃極. 今者上方有志於轉移風俗, 故臣欲體至意, 變革頑風, 而竊思其要, 取古人之書, 可以善俗者, 詳加諺解, 頒道內以敎之. 此等書冊, 臣有志修撰, 而第緣事務煩劇, 未遑詳悉, 錯誤必多. 今方別設撰集廳, 印出文籍, 此等書, 使之更加讎校, 印頒八道, 則於淬勵風化, 庶有小益也.

如『呂氏鄕約』·『正俗』等書, 乃敦厚風俗之書也. 『鄕約』雖載於『性理大全』, 而無註解, 遐方之人, 未易通曉. 故臣乃詳其諺解, 使人接目便解, 『正俗』亦飜以諺字. 如農書·蠶書, 乃衣食之大政, 故世宗朝翻以俚語, 開刊八道. 今亦頗致意務本之事, 故臣亦加諺解, 如『二倫行實』, 臣前爲承旨時, 請開刊. 如三綱之重, 雖愚夫愚婦, 皆知之, 至於朋友·兄弟之倫, 凡常之人, 或有不知, 故臣依『三綱行實』, 撰類以刊之.

如『辟瘟方』, 則瘟疫之疾, 易於傳染, 人多死傷, 故在世宗朝, 重惜人命, 飜以俚語, 印頒中外, 今則稀罕, 故臣亦加諺解以刊.

至如『瘡疹方』, 曾已翻譯開刊, 而不頒布于中外, 人之夭札者, 多以此疾, 故臣往慶尙道時賫去, 刊印於本道, 已頒布矣. 願依成宗朝廣頒『救急簡易方』例, 多印廣布”

傳曰: “卿在其道, 盡心於學校·轉移風俗之事, 予聞之嘉美. 又復撰此等書以敎之. 此書皆有關於風敎, 其下撰集廳, 開刊廣布”

『中宗實錄』卷32, 13年 4月 1日 己巳

이 사료들은 중종

대 향약

보급을 말해준다. 첫 번째 사료는 함양 유생 김인범(金仁範, ?~?)이 향약

시행 요청이 담긴 상소문을 올리자, 중종

이 이에 대한 구체적 대응 방안을 마련하라는 내용이 담겨 있다. 1517년(중종

12) 6월 김인범이 여씨향약(呂氏鄕約)을 준행하여 풍속을 바꾸자는 상소를 올렸고, 중종

은 김인범의 뜻이 좋다고 하면서 나날이 경박해지는 인심과 천박한 풍속을 바꿀 방도를 강구하라고 의정부

에 전교하였다. 이 사료는 향촌 질서를 확립하는 방법으로 향약

이 본격적으로 논의되기 시작했다는 데 의의가 있다.

두 번째 사료에는 김안국

(金安國, 1478~1543)이 『여씨향약』 보급 등을 제기한 내용이 담겨 있다. 김안국

은 사림파

계열인 김굉필

(金宏弼, 1454~1504)의 문인으로 1503년(연산군

9) 문과에 급제, 대사간이나 공조판서·경상도 관찰사

·병조판서 등을 역임한 인물이다. 김안국

은 경상도 관찰사

로 재직할 때 각 향교

에 『소학(小學)』을 권하고, 『농서언해(農書諺解)』·『잠서언해(蠶書諺解)』등의 언해서와 『벽온방(薜瘟方)』·『창진방(瘡疹方)』 등을 간행하여 널리 보급했다.

특히 1518년(중종

13) 김안국

이 경상도 관찰사

를 마치고 돌아와 『주자증손여씨향약(朱子增損呂氏鄕約)』·『정속』을 비롯한 『이륜행실도』, 각종 농서·의서 등 백성의 예속을 바로잡는 데 도움이 될 수 있는 책들을 언해하여 널리 유포할 것을 건의하였다. 이는 송나라 여대균(呂大鈞)의 여씨향약, 원나라 때 왕지화(王至和)의 정속 등이 향촌 질서에 직접적으로 관계되었음을 강조한 것과 같은 의도에서 이루어진 것이다. 그러한 사실을 엿볼 수 있는 것이 두 번째 사료의 내용이다.

김안국

은 향약

보급 뿐 아니라, 『벽온방』·『창진방』 등 의료 서적 보급 또한 함께 요청하고 있다는 것을 주목해야 한다. 즉, 향약

을 통한 풍속 교화의 목적은 서로를 구제해 더불어 살아가는 삶의 구현에 있었다는 점이다.

한편, 중종

대 향약

보급 운동은 당시 사림 세력의 사회 안정화 방안과 맥락을 같이하는 것이었다. 이들은 사회적으로는 향촌 사회의 재구성을 모색했던 것이고, 사상적으로는 성리학이 정착될 수 있는 사회적인 토대를 닦는 과정이었다. 그런데 시행 과정에서 반대 여론이 많이 나타났다. 가장 큰 이유는 『여씨향약』은 향촌 단위에서 시행하는 것이라는 점이다. 다시 말해, 향촌 단위에서 자체적으로 시행하는 것은 권장 사항이지만, 이를 국가적으로 확장해 시행하는 국가의 교화책으로는 맞지 않다는 것이었다.

또, 만약 향약

을 시행할 경우 국법과 향약

의 규정이 충돌해 사람들이 혼란을 느낄 수 있다는 의견도 제기되었다. 퇴계 이황의 예안 향약

조문에 ‘불효에 관한 사항은 국법이 있기에 공손하지 못한 것부터 언급한다’라는 내용이 있는데, 여기서 국법과 충돌을 피하려는 모습을 확인할 수 있다.

이후 기묘사화

(己卯士禍)로 조광조

등 이른바 기묘사림들이 몰락하면서 중단되었지만, 향약

시행은 간헐적으로 논의되었다. 명종 대에는 기존의 향도(香徒)를 활용해 향약

을 시행할 수 있도록 하자는 방안도 논의되었다. 이후 사림 세력이 정치를 주도하게 되면서 퇴계 이황

과 율곡 이이

에 이르러 향약

이 본격적으로 시행되기에 이른다.

이 글의 내용은 집필자의 개인적 견해이며, 국사편찬위원회의 공식적 견해와 다를 수 있습니다.

참고문헌

논문

김상근, 「여씨향약재한국 상」, 『중화문화부흥』월간 3-4, 1970.
김상근, 「여씨향약재한국 하」, 『중화문화부흥』월간 3-5, 1970.
김정신, 「16세기 朝鮮의 朱子學 鄕政論 수용과 鄕約 -鄕約의 시행 방식과 성격의 分岐를 중심으로-」, 『동방학지』 185, 2018.
김필동, 「조선전기 향약의 보급과 의미」, 한국정신문화연구원 사회민속연구실 편, 『조선의 사회와 문화 10: 조선 후기의 체제위기와 사회운동』, 한국정신문화연구원, 1989.
류홍렬, 「조선향약의 성립」, 『진단학보』9, 1938.
박돈, 「조선전기 광주지방의 향약과 동계」, 『동서사학』5, 1999.
박익환, 「조선전기 여씨향약 보급운동과 그 성격」, 『우인김용덕박사정년기념 사학논총』, 1988.
백승아, 「중종대 향약 논의의 전개와 지방통치」, 『규장각』 64, 2024.
심재우, 「조선시대 향촌 사회조직 연구의 현황과 과제 –향약·계에 관한 성과를 중심으로-」, 『조선시대사학보』 90, 2019.
안병희, 「여씨향약언해의 원간본에 대하여」, 『학술원논문집』14, 1975.
윤인숙, 「16세기 전반의 鄕約의 성격과 이해 : ‘소학실천자들’의 향약론을 중심으로」, 『한국사상사학』 39, 2011.
이광우, 「조선후기 향약 운영과 성격 –정부·지방관·재지사족 등 운영 주체를 중심으로-」, 영남대학교 박사학위논문, 2018.
이성무, 「여씨향약과 주자증손여씨향약」, 『진단학보』71·72합, 1991.
이태진, 「사림파의 향약보급운동; 16세기의 경제변동과 관련하여」, 『한국문화』4, 1983.
정진영, 「한국의 향약 –외래문화의 수용과 변용의 한 모습-」, 『안동학』 15, 2016.
차용걸, 「향약의 성립과 시행과정」, 『한국사론』8, 1980.
허준, 「조선 중종-선조대 향약 시행 논의의 정치적 의미」, 『지역과 역사』 47, 2020.
이근명, 「주희의 ‘증손여씨향약’과 조선사회-조선 향약의 특성에 대한 검토를 중심으로」, 『중국학보』 45, 2002.

저서

박익환, 『조선향촌자치사회사; 유향소와 향규 향촌자치규약을 중심으로』, 삼영사, 1995.
이광우, 『조선시대 사람들의 더불어 살기, 향약』, 세창출판사, 2023.
정진영, 『조선시대 향촌사회사』, 한길사, 1998.

관련사이트

[https://sillok.history.go.kr/id/kka_11206030_003] 『중종실록』권28, 12년 6월 30일 갑술, 국사편찬위원회 조선왕조실록

[https://sillok.history.go.kr/id/kka_11304001_001] 『중종실록』권32, 13년 4월 1일 기사, 국사편찬위원회 조선왕조실록

[https://www.history.go.kr/contents/contentsPage.do?groupId=000000000571&menuId=000000000574&pageId=000000000213]
저작권 정책

[https://www.history.go.kr/contents/contentsPage.do?groupId=000000000931&menuId=000000000992&pageId=000000000541]
데이터 개방

[https://www.history.go.kr/contents/contentsPage.do?groupId=000000000571&menuId=000000000572&pageId=000000000211]
개인정보처리방침

13809 경기도 과천시 교육원로 86 국사편찬위원회

COPYRIGHT © NATIONAL INSTITUTE OF KOREAN HISTORY ALL RIGHT RESERVED.",,,,https://contents.history.go.kr/front/hm/view.do?levelId=hm_087_0030,사료로 본 한국사\items\hm_age_50_조선 전기\hm_ty_030_사회\hm_087_0030_여씨 향약의 보급.md
521,hm_age_50,조선 전기,hm_ty_030,사회,hm_088_0010,신문고 설치,조선 전기 > 사회 > 사회 정책과 사회 제도 > 신문고 설치,"고(告)할 데가 없는 백성으로 원통하고 억울한 일을 품은 자는 나와서 등문고(登聞鼓)를 치라고 명령하였다. 의정부

에서 상소

하기를, “서울과 외방의 고할 데 없는 백성이 원통하고 억울한 일을 소재지의 관사(官司)에 고하였으나, 소재지의 관사에서 이를 처리해 주지 않는 자는 나와서 등문고를 치도록 허락하고, 등문(登聞)한 일은 헌사(憲司)

사헌부

로 하여금 추궁해 밝혀서 아뢰어 처결하여 원통하고 억울한 것을 펴게 하소서. 그리고 그 중에 사사로움을 끼고 원망을 품어서 감히 무고(誣告)를 행하는 자는 반좌율(反坐律)

무고로 남에게 죄를 입힌 자는 그 죄로 당한 만큼의 죄과를 받는 형률

을 적용하여 참소하고 간사한 것을 막으소서” 하여, 그대로 따르고, 등문고를 고쳐 신문고

(申聞鼓)라 하였다.

『태종실록』권2, 1년 8월 1일 정사

교서를 내렸다. 교서에서 말하기를, “나는 부덕(否德)한 사람으로 대통[丞緖]을 이어받았으니, 밤낮으로 두려워하면서 태평(太平)에 이르기를 기약하여 쉴 겨를도 없었다. 그러나 눈과 귀가 샅샅이 미치지 못하여 옹폐(壅蔽)

임금의 총명을 가리움

의 근심에 이르지 않을까 두려워하여 이제 옛 법을 상고하여 신문고

(申聞鼓)를 설치한다. 모든 정치의 득과 실, 민생의 편안함과 근심됨을 아뢰고자 하는 자로서, 의정부

에 글을 올려도 위에 아뢰지 않는 경우에는 즉시 와서 북을 치라. 말이 쓸 만하면 바로 채택하여 받아들이고, 비록 말이 맞지 않는다 하더라도 또한 용서하겠다. 무릇 억울함을 펴지 못하여 호소하고자 하는 사람은, 서울 안에서는 주무 관청에, 외방에서는 수령·감사

에게 글을 올리되, 이들이 따져서 다스리지 아니하면 사헌부에 올리고, 사헌부에서도 따져 다스리지 아니한다면, 바로 와서 북을 치라. 원통하고 억울함이 명확하게 밝혀질 것이다.

위의 관사(官司)에서 따져서 다스리지 아니한 자는 율(律)에 따라 죄를 줄 것이요, 백성으로 월소(越訴)

절차를 거치지 않고 왕에게 직접 호소하던 일

한 자도 또한 율(律)에 따라 죄를 논할 것이다. 혹시 반역을 은밀히 도모하여 나라[社稷]를 위태롭게 하거나, 종친과 훈구

(勳舊)를 모해(謀害)하여 화란(禍亂)의 실마리를 만드는 자가 있다면 여러 사람이 직접 와서 북치는 것을 허용한다. 말한 바가 사실이면 토지 200결과 노비

20명을 상으로 주고 관직이 있는 자는 3등을 뛰어 올려 녹용(錄用)하고, 관직이 없는 자는 곧바로 6품직에 임명할 것이며, 공사 노비

도 양민

(良民)이 되게 하는 동시에 곧바로 7품직에 임명하겠다. 그리고 범인의 집과 재물과 종과 우마(牛馬)를 주되 많고 적음을 관계하지 않을 것이나, 무고한 자가 있다면 반좌율(反坐律)로써 죄줄 것이다. 아! 아랫사람의 정(情)을 상달(上達)케 하고자 함에 금조(禁條)를 마련한 것은 범죄가 없기를 기약함이니, 오직 중외(中外)의 대소 신료(臣僚)와 군민(軍民)들은 더욱 조심하여 함께 태평한 즐거움을 누리게 하라”

의정부

에서 상소

하기를, “신문고

는 순군(巡軍)의 영사(令史) 한 명과 나장(螺匠) 한 명으로 지키게 하소서. 와서 치려는 사람이 있으면 영사는 달려가 관리에게 고하여 그 북을 치려는 사유를 물어, 만약 역적을 음모한 일이면 바로 치게 하고, 또 정치의 득실과 원통하고 억울함을 펴지 못한 등의 일에 대하여서는, 그것이 월소(越訴)가 아니면 실정을 자세히 물어서 사실을 진술한 말을 받아들이고, 즉시 나장에게 그의 주소를 알게 한 뒤에 북을 치도록 하소서” 하니, 임금이 말하기를 “먼저 북을 치게 한 뒤에 사람을 시켜 그 사는 곳을 알게 하라” 하였다.

『태종실록』권3, 2년 1월 26일 기유

命無告之民銜冤抑者, 進擊登聞鼓. 議政府上疏曰 : 京外無告之民, 以其冤抑, 告所在官司, 所在官司, 不受治者, 則許令進擊登聞鼓, 其所登聞之事, 令憲司推明, 申聞決折, 以伸冤抑. 其中挾私懷怨, 敢行誣告者反坐, 以杜讒佞. 從之, 改登聞鼓爲申聞鼓.

『太宗實錄』卷2, 1年 8月 1日 丁巳

下敎書 敎曰 予以否德, 纉承丕緖, 夙夜祗懼, 期致乂安, 罔敢或遑. 然而耳目有所不及, 恐致壅蔽之患, 爰稽古典, 設申聞鼓. 凡欲告政治得失·民生休戚者, 呈議政府, 不爲申聞, 卽來擊鼓. 言之可用, 卽加採納, 雖或不中, 亦且優容. 凡欲告冤抑未伸者, 京中主掌官, 外方則呈守令監司, 不爲究治, 則呈司憲府, 司憲府不爲究治, 乃來擊鼓.　冤抑灼然. 上項官司, 不爲究治者, 照律坐罪; 越訴者, 亦行照律論罪. 或有陰謀不軌, 將危社稷, 謀害宗親勳舊, 以階禍亂者, 許諸人直來擊鼓. 言之有實, 賞田二百結·奴婢二十口, 有職者超三等錄用, 無職者直拜六品, 公私賤口, 許通爲良, 直拜七品, 仍給犯人家舍財物奴婢牛馬, 不拘多少, 其有誣告者, 抵罪反坐. 於戲! 下情欲其上達, 設禁期於無犯, 惟爾中外大小臣僚軍民人等, 尙其敬愼, 共享隆平之樂.

議政府上疏曰, 申聞之鼓, 俾巡軍令史一名, 螺匠一名守之. 有來擊者, 令史奔告官吏, 問其所擊之故, 若陰謀不軌之事, 卽令擊之, 又政治得失 冤抑未伸等事, 非其越訴, 則備問其情, 收納招辭, 卽以螺匠知其所居, 然後乃許擊鼓.

上曰 使先擊鼓, 然後使人知其所居.

『太宗實錄』卷3, 2年 1月 26일 己酉

이 사료는 1401년(태종

1) 신문고 설치

와 관련된 내용이다. 여기에 따르면 신문고 설치

는 고할 데 없는 백성이 억울하고 원통한 일을 호소할 수 있도록 시행한 것이었다.

신문고

는 중국의 제도를 본받은 것으로 중국 요임금이 아랫사람의 의견을 듣기 위해 감간지고(敢諫之鼓)를 두었다는 고사에서 유래한 것이다. 이후 중국에서는 남조와 당나라를 거치면서 조당(朝堂)에 등문고를 설치했으며, 송나라와 명나라에도 계승되었다.

신문고

는 중국의 제도를 본받은 것으로 중국 요임금이 아랫사람의 의견을 듣기 위해 감간지고(敢諫之鼓)

백성들의 비판을 듣기 위해 궁궐 문 앞에 단 큰 북

를 두었다는 고사에서 유래한 것이다. 이후 중국에서는 남조와 당나라를 거치면서 조당(朝堂)

조정(朝廷). 임금이 나라의 정치를 신하들과 의논하거나 집행하는 곳

에 등문고를 설치했으며, 송나라와 명나라에도 계승되었다.

조선에서는 1401년 7월 송나라 제도를 모방하여 등문고를 설치하였다 같은 해 8월 신문고

로 이름을 바꾸었으며, 11월에 신문고

를 통한 청원·상소

·고발 등의 처리 규정을 마련하였다.

신문고

의 설치 목적은 정치의 득실(得失)과 민생(民生)의 휴척(休戚), 원억(冤抑), 반역 및 종친·공신 모해(謀害) 등에 백성의 목소리를 듣기 위한 것이었으며, 그 배경은 백성이 원통하고 억울한 일을 관할 관청에 말해도 들어주지 않는 일이 발생했기 때문이었다. 이에 따라 의정부

에서는 억울한 일이 있는 사람은 신문고

를 치도록 허락하고, 해당 사연은 사헌부가 조사해 처리하자고 건의했다. 아울러 남을 무고하는 사람은 무고죄로서 처벌하자고 했다.

태종

은 의정부

의 건의를 수용하여 신문고 설치

교서를 내렸는데, 이것이 두 번째 사료이다. 이 교서에는 신문고

를 치기 위한 절차가 소개되어 있다. 즉 먼저 억울한 일이 발생하면, 수령→감사→사헌부 순서로 진정을 넣어야 했다. 그럼에도 불구하고, 해소되지 않는 일이 있으면 그때 비로소 신문고를 칠 수 있었다.

의정부

는 신문고

에 순군(巡軍)의 영사(令史) 1명과 나장(螺匠) 1명을 배치하고, 신문고

를 치려는 사람이 있으면 영사는 관리에게 알림과 동시에 치려는 사람의 사유를 물어 모반을 꾀한 일이면 바로 치게 하고, 정치의 득실과 원억을 펴는 일이면 월소가 아니면 실정을 물어 사연을 접수하고 북을 치게 한 뒤, 그 사람의 신원을 파악하자고 했다. 이에 대해 태종

은 북을 먼저 칠 수 있게 하자고 했다.

이렇게 보았을 때, 신문고

란 ‘북을 쳐서 최고 권력자인 왕을 소환해 억울함을 알리면, 왕은 백성의 억울한 점을 듣고 해결해 준다.’는 상징성이 있으면서도, 다른 한편으로는 신문고를 치기 위한 행정 절차가 자세하게 갖춰져 있었다는 것을 알 수 있다.

신문고

는 설치 초기를 제외하면 사실상 행정으로 이뤄졌다. 그래서 갖춰야 할 서류 요건을 확보하는 것이 중요했다. 울려 퍼지는 신문고

소리는 누군가의 원억이 왕에게 도달했다는 것을 나타내는 알림이었다. 서류 접수처는 신문고

가 걸려있던 의금부 당직청의 당직 관원이었다. 접수된 원억은 문서로 정리되어 의금부 당직, 승정원을 거쳐 왕에게 보고되었다.

서류 확보가 어려워 백성들이 신문고

를 치기 어렵다는 문제가 제기되자, 성종은 관련 규정을 간소화했다. 백성들의 억울한 내용에 대해 관련 부서의 빠른 회신을 명령한 것이었다. 간소화된 행정 요건과 관련 부서의 빠른 답변은 백성들의 더 많은 신문고

활용을 불러왔다. 그렇지만 간소화된 행정 요건이 더 많은 백성들의신문고

원억 접수를 불러일으키며, 적체 현상이 발생했다.

걸려있던 북은 연산군

대를 거치면서 없어진 것으로 보인다. 북이 없어졌다고 해서 백성들의 소원을 해소해 주는 제도가 없어진 것은 아니었다. 조선후기 들어 다시 북이 걸렸다. 이는 백성들의 목소리를 듣겠다는 것을 상징적으로 보여준 것이었다.

이 글의 내용은 집필자의 개인적 견해이며, 국사편찬위원회의 공식적 견해와 다를 수 있습니다.

참고문헌

논문

심희기, 「한국적 전통성과 시민적 덕성-부민고소금지법과 세종의 고뇌-」, 『세종시대 문화의 현대적 의미』, 1998.
주성철, 「1771년 신문고의 재설치에 대하여」, 『력사과학』, 1994.
채웅석, 「고려후기 사송(詞訟)의 범람과 국가의 대책」, 『한국사연구』 187, 2019.
한상권, 「민소(民訴)의 활성화와 민본정치」, 『역사비평』37, 1997.

저서

배항섭, 『조선시대 민중의 시위 문화-신문고에서 복합상소까지』, 서해문집, 2008.
한상권, 『조선후기 사회와 소원제도 : 상언·격쟁 연구』, 일조각, 1996.
한우근, 『한우근전집 7-조선시대의 언권』, 한국학술정보㈜, 2001.
최승희, 『조선초기 언관·언론연구』, 서울대학교 출판부, 1976.
최승희, 『조선초기 언론사연구』, 지식산업사, 2004.
최이돈, 『조선전기 공공통치』, 경인문화사, 2017.

관련사이트

[https://sillok.history.go.kr/id/kca_10108001_001] 『태종실록』권2, 1년 8월 1일 정사, 국사편찬위원회 조선왕조실록

[https://sillok.history.go.kr/id/kca_10201026_002] 『태종실록』권3, 2년 1월 26일 기유, 국사편찬위원회 조선왕조실록

[https://www.history.go.kr/contents/contentsPage.do?groupId=000000000571&menuId=000000000574&pageId=000000000213]
저작권 정책

[https://www.history.go.kr/contents/contentsPage.do?groupId=000000000931&menuId=000000000992&pageId=000000000541]
데이터 개방

[https://www.history.go.kr/contents/contentsPage.do?groupId=000000000571&menuId=000000000572&pageId=000000000211]
개인정보처리방침

13809 경기도 과천시 교육원로 86 국사편찬위원회

COPYRIGHT © NATIONAL INSTITUTE OF KOREAN HISTORY ALL RIGHT RESERVED.",,,,https://contents.history.go.kr/front/hm/view.do?levelId=hm_088_0010,사료로 본 한국사\items\hm_age_50_조선 전기\hm_ty_030_사회\hm_088_0010_신문고 설치.md
522,hm_age_50,조선 전기,hm_ty_030,사회,hm_088_0020,굶주린 사람을 구휼하는 법,조선 전기 > 사회 > 사회 정책과 사회 제도 > 굶주린 사람을 구휼하는 법,"군기부정(軍器副正) 권준(權蹲)을 경기도의 굶주린 백성을 구난하기 위한 경차관[京畿飢民賑濟敬差官]으로 삼고, 시행할 사목(事目)을 내려 주었다.

1. 기민 가운데 나이가 많거나 병이 있어 관청에 왕래하여 환자

(還上)나 진제(賑濟)를 받을 수 없는 자는 자세하게 조사하여 수령에게 몸소 직접 가서 구휼하도록 하라.

1. 각 고을 수령이 지난해의 환자

에 대하여 헛 수량을 문서에 기록하고 그 수량을 충당하려고 꾀하여, 이번 진제를 지급해 줄 때에 조금씩이라도 감하려 하는 폐단이 없지 않을 것이니, 백성들의 받는 수량을 자세하게 물어서 사실을 조사하라.

1. 푸성귀는 겨울철에 벌써 다 먹고 지금 해가 긴 때를 당하여 단지 진제장(賑濟場)의 미곡만으로는 필시 굶주린 배를 채울 수가 없을 것이다. 그렇다고 한정이 있는 쌀을 더 주기도 역시 어려우니, 더덕·도라지 등 산나물을 많이 캐어서 섞어 먹게 하라.

1. 여러 날 굶어 지쳐서 쓰러진 기민은 좁쌀죽을 먹이면 즉시 죽는 법이니, 먼저 흰 죽물을 식힌 후 서서히 삼켜서 점차 주린 배를 축인 뒤에 먹을 것을 주도록 하라

1. 떠돌아다니는 인물들은 그 머물러 있는 곳에 조용히 모이게 하여 진제하여 구휼하고 농사 때가 되거든 원적지로 돌려보내도록 하라.

1. 고을 경계가 개이빨같이 들쭉날쭉하여 제 고을에서 멀리 사는 백성으로 제때에 환곡

를 받아 가지 못하는 자는 우선 가까운 고을의 환곡

이나 진제로 제급(題給)

관아에서 공문서나 백성의 소장·청원서 같은 데에 제사를 적어 내어 줌

하여 구휼하라.

1. 생각하지 못했던 곳에서 나오는, 깊은 산골이나 궁벽한 촌구석에 사는 기민을 우선 조사하여서 살펴보라.

1. 모든 진휼하는 일에 감고(監考)

지방의 전세·공물 징수를 담당하던 하급 관리

나 색장(色掌)으로서 마음을 쓰지 않는 자는 그 범행의 경중을 따라서 논죄하고, 수령이면 문초하여 위에 아뢴 뒤에 처벌할 것이다.

『세종실록』권107, 27년 2월 3일 정미

以軍器副正權蹲爲京畿飢民賑濟敬差官, 仍授事目.

一, 飢民內年老有病, 不能來往官門, 受還上賑濟者, 備悉推考題給, 守令躬親救恤.

一, 各官守令, 往年還上, 虛數載錄, 謀欲充數, 今賑濟題給時, 不無刻減之弊, 人民所受之數, 細問閱實.

一, 草食冬節盡喫, 今當日長時, 只以賑濟米穀, 必不充飢. 然有限之米, 加給亦難, 山蔘(菩)〔桔〕莄菜蔬, 多採兼食.

一, 累日絶食, 疲困飢民, 飮漿水則卽死. 先將粥水, 待冷徐徐投下, 漸致充飢, 然後給食.

一, 流移人物, 於所止處, 安集賑濟救恤, 臨農則發還元籍.

一, 犬牙斜入本官隔遠人民等, 不得趁時受出還上者, 姑以附近官還上賑濟, 題給救恤.

一, 出其不意, 幽深山谷及窮村僻巷飢民, 爲先考察.

一, 凡賑恤事, 監考色掌不用心者, 隨其所犯輕重論決, 守令則推考啓聞科罪.

『世宗實錄』卷107, 27年 2月 3日 丁未

이 사료는 경기에서 발생한 기민(飢民), 곧 굶주린 백성을 구제하기 위해 세종

(世宗, 재위 1418~1450)이 권준(權蹲, ?~1459)을 경차관으로 임명한 뒤 그가 시행할 사항을 일러 준 내용이다. 여기에는 기민 상황을 직접 백성에게 물어 자세히 조사할 것과, 더불어 쌀이 부족한 상황에서 다른 산나물 등을 통해 구제하도록 한 점, 많이 굶주린 자들, 제때 구제 받지 못한 자들에 대한 구제, 떠도는 자에 대한 구제 및 구제 업무에 충실하지 않았던 수령을 비롯한 여러 인물에 대한 논죄 문제 등이 담겨 있다.

세종

이 권준에게 내려준 사목의 내용을 구체적으로 살펴보면 다음과 같다. 첫 번째 조항은 백성이 관을 오갈 수 없을 만큼 상황이 좋지 않으면 관에서 직접 찾아가 진휼하라는 것이다. 이는 오늘날에도 복지가 필요한 사람을 사회복지사들이 직접 찾아가는 것과 마찬가지라 할 수 있다.

두 번째 조항은 환곡을 빌미로 한 수령들의 장부 조작 여부를 살펴보라는 것이었다. 쌀이 오가는 현장에서 장부 조작 가능성을 염두에 둔 것이었다. 당시 쌀은 음식이지만 현물화폐이기도 했다. 따라서 착복, 횡령, 조작 등의 발생 가능성이 있었고, 세종

은 이러한 부분에 대한 감찰을 지시한 것이었다.

세 번째는 한정된 미곡으로 인해 산나물을 활용하라는 것으로, 한정된 예산의 극복 방안을 지시한 것이었다.

네 번째는 중증 환자를 대하는 방법을 알려준 것이다. 오늘날에도 병원식으로 흰쌀 죽이 나오는 경우를 볼 수 있다. 이 조항도 환자들에게 흰쌀 죽부터 급식할 것을 지시하고 있다.

다섯 번째는 고향에 정착하지 못하고 떠돌아다니는 사람들도 보살펴 줄 것을 말하고 있다. 오늘날에 복지 대상의 주소 여부를 가지고 책임 여부를 따지는 경우를 볼 수 있다. 세종

은 우선적으로 백성을 살리기 위해 이러한 조건을 따지지 말라고 지시한 것이다.

여섯 번째는 견아상입지(犬牙相入地)나 월경지(越境地)지에 거주함으로 인하여 본적지 관아로부터 혜택을 입지 못하는 경우를 지시한 것이다. 거리가 멀어 쌀 지급 등의 혜택을 누리지 못한다면, 가까운 관아로부터 혜택을 받을 수 있도록 한 것이다.

일곱 번째는 깊은 산골 등에 거주하는 기민을 우선 조사하라는 것으로, 이는 관아에서 가장 먼 데 사는 백성들부터 살피라는 것이었다. 세종

의 뜻은 진휼 혜택이 닫기 어려운 곳에서부터 진휼하라는 뜻으로, 오늘날 언급되는 복지 사각지대의 중요성과 상통하는 것이라 할 수 있다.

마지막, 여덟 번째는 관료들의 마음가짐에 대해 이야기 하고 있다. 위와 같은 조항들을 가지고 지휘·감독한다고 하더라도, 현장에서 백성들을 대하는 관료들의 마음가짐에 따라 진휼의 성과는 얼마든지 달라 질 수 있었기 때문이다.

한편, 자연재해는 사람의 능력으로 막기 어려운데, 전근대 농업 위주의 사회에서 수재·한재 등은 흉작과 기근으로 이어졌다. 이에 발생한 기민을 위해 나라에서는 적극적인 진휼 정책을 펼쳤지만, 충분히 구제받지 못한 이들은 고향을 떠나 다른 지역을 떠돌거나 굶주림에 시달려 죽거나 질병에 걸려 죽기도 하였다.

조선 왕조는 농업을 나라의 중심 산업으로 삼고 이를 안정, 발전시키기 위해 여러 정책을 펼쳤다. 이는 크게 3가지로 나눠 볼 수 있는데, 농업을 장려하는 권농(勸農), 농사를 감독하고 농사 형편을 파악하는 감농(監農), 흉년을 대비하거나 백성을 구제하는 황정(荒政)이다.

자연재해는 예고 없이 찾아오기 때문에 황정은 시기를 따로 두지 않고 어느 때든지 해야 할 일이었다. 국왕은 가뭄 같은 자연재해를 하늘의 뜻으로 알고 정치를 바르게 하라는 경계로 받아들여 가뭄이나 재해가 닥치면 널리 왕명을 내려 잘못된 정사를 바로잡을 좋은 방법을 신하에게 묻기도 하였다. 자연재해가 발생하여 흉년이 되면 진대(賑貸), 진휼(賑恤), 시식(施食), 구료(救療), 상장(喪葬) 등의 대책을 시행하였다. 진대는 가난한 백성에게 창고의 곡물을 대여하고 추수 후에 환납하도록 한 제도였다. 진휼은 기민에게 식량 또는 염장(鹽藏 )

음식을 오랫동안 보관하기 위해 소금에 절이는 것

, 의포(衣布) 등을 주는 것으로 진대와 달리 회수하지는 못했다. 시식은 기민을 일정한 장소에 모아 놓고 밥이나 죽을 먹여 응급 구제하는 것이었다. 구료는 기아로 말미암은 노약자나 환자

를 모아 치료하는 것이며, 상장은 연고가 없는 사망자를 국가에서 직접 매장해 주는 것이었다.

이 외에도 국가에서는 진휼의 성과를 높이기 위해 응급적인 특별 대책을 강구하여 시행하기도 하였다. 양곡 절약, 진곡 보충, 노역 중단, 구황식물 비축 등이 여기에 해당한다. 양곡 절약은 일상생활에 긴요하지 않은 소비나 경비의 지출을 감축하는 것으로 금주, 연회의 중단, 또는 녹봉

감소 등이 있었다. 진곡을 보충하는 방법으로는 과전의 감축 방안을 의논하여 시행하기도 하였다. 노역 중단은 적극적이고 효과적인 대책은 아니었지만 그런대로 기근을 극복하기 위한 방안으로 시행되었으며, 구황식물 비축은 흉황(凶荒)

곡식 농사가 망함

이 너무 심해 구제하기 어려운 경우 다시 논의하여 시행하며 다양한 구황식물을 채취하여 비축하고자 하였다.

진휼 기구는 곡물을 저장, 보관하여 기민을 구제하는 창제(倉制)와 환자를 치료하고 병사자는 매장하는 역할을 하는 구료소(救療所) 등이 있었다. 이러한 기구들은 사업의 성격에 따라 상설 또는 임시로 설치되었다. 창제는 상평창

(常平倉)·의창

(義倉)·사창

(社倉) 등을 꼽을 수 있다. 상평창

은 한성과 일부 시가지에 설치 운영되었고, 의창

은 지방 각 관에 설치된 읍창이며, 사창

은 각 마을에 설치되어 의창

의 보급적인 성격을 띠었다. 3창은 필요할 때만 사무를 보았기 때문에 대개가 겸직이었다. 하지만 16세기에 들어서면서 의창

은 마련해 놓은 곡물이 바닥나고 해결책이 따로 없어 제 기능을 못하게 되었다. 이에 흉년 구제 사업은 환곡제

위주로 운영되었다. 그러나 이것마저도 운영 과정에서 많은 문제점을 드러냈다.

백성을 구료하는 기구로는 혜민서(惠民署)

, 활인서

(活人署) 등을 들 수 있다. 혜민서는 의약과 일반 서민의 치료를 맡아보았으며, 활인서

는 한양 도성 내 기민의 질병을 전담 치료하는 동시에 갈 곳이 없는 사람을 수용하였다. 그 외에 구황청

(救荒廳)은 진휼 사업을 총괄하는 기구이고, 진제장(賑濟場)은 기민·거지 중에서 구급을 요하는 사람을 먹여 주는 임시 기구였다.

이 글의 내용은 집필자의 개인적 견해이며, 국사편찬위원회의 공식적 견해와 다를 수 있습니다.

참고문헌

논문

김훈식, 「조선초기 의창 제도 연구」, 서울대학교 박사학위논문, 1993.
오종록, 「15세기 자연재해의 특성과 대책」, 『역사와 현실』5, 1991.
원재영, 「조선후기 황정 연구」, 연세대학교 박사학위논문, 2014.
이정호, 「여말선초 자연재해 발생과 고려·조선 정부의 대책」, 『한국사학보』 40, 2010.
조규환, 「16세기 환곡 운영과 진자조달방식의 변화」, 『한국사론』37, 1997.
조규환, 「16세기 진제 정책의 변화」, 『한성사학』10, 1998.
허은철, 「조선전기 長利 연구」, 한국교원대학교 박사학위논문, 2019.

저서

김덕진, 『대기근 조선을 뒤덮다 – 우리가 몰랐던 17세기의 또 다른 역사』, 푸른역사, 2008.
이문수, 『조선전기 사회복지정책 연구』, 혜안, 2000.
이호철, 『조선전기농업경제사』, 한길사, 1986.

편저

김진봉, 「진휼제도」, 국사편찬위원회, 2003.

관련사이트

[https://sillok.history.go.kr/id/kda_12702003_002] 『세종실록』권107, 27년 2월 3일 정미, 국사편찬위원회 조선왕조실록",,,,https://contents.history.go.kr/front/hm/view.do?levelId=hm_088_0020,사료로 본 한국사\items\hm_age_50_조선 전기\hm_ty_030_사회\hm_088_0020_굶주린 사람을 구휼하는 법.md
523,hm_age_50,조선 전기,hm_ty_030,사회,hm_089_0010,이응태 부인의 한글 편지,조선 전기 > 사회 > 조선 전기 여성의 삶 > 이응태 부인의 한글 편지,"당신이 늘 나에게 말하기를 둘이 머리가 세도록 살다가 함께 죽자고 하시더니, 어찌 나를 두고 당신은 먼저 가셨나요? 나하고 자식은 누구의 말을 듣고 어떻게 살라고 다 버리고 당신 먼저 가시나요?

당신은 나에게 마음을 어떻게 가졌고 나는 당신에 대하여 마음을 어떻게 가졌나요? 매번 나는 당신에게 함께 누워 “여보, 다른 사람들도 우리처럼 서로 어여삐 여기고 사랑할까요? 남들도 우리 같을까요?”라고 했는데, 어떻게 그런 일을 생각하지도 않고 나를 버리고 먼저 가시나요?

당신을 여의고는 아무리 해도 나는 살 수 없어요. 빨리 당신에게 가고 싶으니 날 데려가 주세요. 당신 향한 마음을 이승에서 잊을 수 없고, 아무리 해도 서러운 뜻이 한이 없어요. 이 내 마음속은 어디다 두고 자식을 데리고 당신을 그리며 살 수 있을까 생각합니다.

이 편지를 보시고 내 꿈에 와서 자세히 말해 주세요. 꿈에서 이 편지를 보시고 하는 말을 자세히 듣고 싶어 이렇게 썼습니다. 자세히 보시고 나에게 일러 주세요.

당신, 내 뱃속의 자식을 낳으면 누구를 아버지라 부르라고 할까요. 아무리 한들 내 마음 같을까요. 이런 세상천지에 잔혹한 일이 하늘 아래 또 있을까요. 당신은 한갓 그곳에 가 계실 뿐이니 아무리 한들 내 마음같이 서러울까요.

안타깝고 끝이 없어 다 못 쓰고 대강만 적습니다. 이 편지 자세히 보시고 내 꿈에 와서 자세히 말해 주세요. 나는 꿈에 당신을 볼 수 있다고 믿어요. 몰래 와서 보여 주세요. (하고 싶은 말이) 끝이 없어 이만 적습니다.

병술년 유월 초하룻날 집에서

원이 아버지에게 드림

「원이 아버지에게」

(내면)

자내 샹해 날려 닐오듸 둘히 머리 셰도

록 사다가  죽쟈 시더니 엇디

야 나 두고 자내 몬져 가시 날고

식며 뉘 긔걸야 엇디 야 살라

야 다 더디고 자내 몬져 가시고 자내

날 향 믈 엇디 가지며 나 자내 향

 믈 엇디 가지던고 믜양 자내려 내

닐오 듸 누어셔 이 보소 도 우리

티 서 에엿 녀겨 랑리 도

우리 가 야 자내려 니더니 엇디

그런 이 각디 아녀 나 리고 몬져

가시고 자내 여고 아려 내 살 셰 업

니 수이 자내 듸 가교져 니 날 

려 가소 자내 향 믈  니 줄

리 업니 아려 셜운 디 이 업

니 이 내 안 어듸다가 두고 식

리고 자내 그려 살려뇨 노이

다 이 내 유무 보시고 내 메 셰 와 니

소 내 메 이 보신 말 셰 듣고져 야

이리 서 년뇌 셰 보시고 날려 니

소 자내 내  식 나거든 누

아바 라 시고 아려 

내 안 가 이런 텬디 온 이리

(내면 위쪽 여백)

하 아래  이실가 자내 갓 그리 가 겨실 거니와 아려  내 안

티 셜울가 그지그지 이 업서 다 몯 서 대강만 뎍뇌 이 유무 셰 보

시고 내 메 셰 와 뵈고 셰 니소 나 자내 보려 믿고 인뇌이다 몰태[래] 뵈쇼셔

(내면 오른쪽 여백)

하 그지그지 업서 이만 뎍뇌이다.

(내면 오른쪽 여백)

병슐 뉴월 초날 지븨셔

워늬아바님 샹

「원이 아버지에게」

이 사료는 일명 ‘원이 아버지께’라고 불리는 한글

편지다. 1998년 4월 24일 경상북도 안동시 정상동 택지 조성 공사를 하던 중 안동대학교 박물관 조사팀이 50여 점의 의복 자료와 함께 발견한 문서다. 당시 발굴된 이응태(李應台, 1555~1586)의 무덤에서는 모두 18종의 편지가 발견되었는데, 이 사료는 그 중 하나이다. 이응태는 고성 이씨(固城李氏)로, 이요신(李堯臣)의 2남 3녀 중 둘째 아들이다.

이 편지는 1586년(선조

19)에 작성한 것으로 추정되며, 가로 58㎝, 세로 34㎝ 한지에 붓으로 써 내려갔다. 작성한 부인에 대해서는 잘 알려져 있지 않다. 다만 편지 중 ‘원이’라는 아이의 이름이 등장하므로 ‘원이 엄마’로 불린다. 이 편지에서 원이 엄마는 한평생 같이 살자고 약속해 놓고 먼저 세상을 떠난 남편에 대한 그리움을 애잔하게 묘사하였다. 편지와 함께 미투리도 발견되었는데, 미투리는 삼이나 모시 껍질로 만든 신발을 말한다. 이 미투리는 원이 엄마가 병석에 있는 남편의 쾌유를 빌면서 만든 것으로 추정된다.

이 편지는 16세기 사회의 관행을 보여 주는 자료로도 잘 알려져 있다. 남편을 ‘자내’라고 표현한 것이라든지, 문장을 끝맺는 어투도 친구나 아랫사람에게 말하듯 ‘~소’나 ‘~네’라고 한 것 등이 주목된다. 이들 표현은 동등한 입장에서 쓰는 어투로, 당시 여성들이 가정에서 적지 않은 영향력을 가졌던 사회 모습이 반영되어 있다.

이런 모습은 16세기까지의 사회 관행과도 밀접한 관련을 갖는다. 조선 사회는 건국 이후 가부장적인 종법

(宗法) 질서를 정착시키기 위해 각종 법령 등을 제정하였다. 처첩(妻妾)의 분간이나 첩의 자식이 관직에 나아갈 수 없게 한 서얼

금고법 제정 등이 그 예이다. 그러나 당시 실제 사회 운영과 규범 사이에는 차이가 있었다. 예를 들어 혼인의 경우 조선 전기부터 금지하였던 여러 명의 처를 두는 다처제나 같은 성씨를 가진 사람들끼리 결혼하는 동성혼이 여전히 남아 있었다. 17세기 전반기의 기록인 이수광

(李睟光, 1563~1628)의 『지봉유설

』에는 중국인들이 조선 사람의 동성혼을 비웃는다는 표현이 등장할 정도였다. 남성이 여성과 혼인한 뒤에 처갓집에서 장기간 머무르며 생활하는 남귀 여가혼(男歸女家婚)의 관행도 사회적으로 확산되어 있었다.

이런 사회적 관행은 당시 족보

편찬에도 영향을 미쳤다. 조선 전기에 간행된 안동 권씨(安東權氏)의 족보

나 문화 유씨(文化柳氏) 등의 족보

를 보면 몇 가지 특징을 확인할 수 있다. 먼저 친계의 성씨를 계속 기록하고 있었다는 점이다. 유씨나 권씨의 족보

임에도 계속해서 자신들의 성씨인 유씨나 권씨를 다른 성씨들과 함께 기록하고 있었다. 자녀의 기재 순서도 출생 순서대로 기록하고 있었다. 17세기 후반 이후 아들을 먼저 기록하고 이어서 딸을 기록하는 방식과는 차이를 보인다. 이는 인륜의 질서를 우선시하는 태도가 반영된 결과였다. 외손의 경우도 편찬 당대까지 모두 기록하고 있다는 점이 특징이다. 그 결과 조선 전기에 간행된 족보

에는 상당수 다른 성씨들이 등재되었다. 조선 전기의 족보

를 친손과 외손을 모두 수록하는 자손보(子孫譜)로 평가하는 것은 이런 이유 때문이다.

혼인 관행이나 족보

에 나타나는 이러한 모습은 조선 전기 사회가 아직은 가부장적 유교 질서인 종법

질서가 확립되지 않았음을 보여 주는 것이다. 이런 모습은 제사 계승 및 재산 상속에도 영향을 미쳤다. 제사의 경우 자손들이 돌아가면서 제사를 담당하는 윤회 봉사(輪回奉祀)가 행해지는가 하면, 외손 봉사도 적지 않게 시행되었다. 재산 상속의 경우도 토지와 노비

모두 남녀 균분 상속이 이루어졌다. 그 결과 여성은 적지 않은 경제력과 함께 재산에 대한 처분 및 관리의 권한도 가졌다.

이 같은 사회 관행 속에서 여성들은 자신의 삶을 확장하려는 노력을 기울이기도 하였다. 이러한 모습은 성주 이씨(星州李氏) 이문건(李文楗, 1494~1567)의 손녀인 이숙희(李淑禧)의 생활에서 잘 나타나 있다. 이숙희는 1547년(명종

2)에 태어났다. 어린 시절 병약하였음에도 6세 때에 할아버지 이문건에게 언문 교본을 써 달라고 요청할 정도로 공부에 대한 열망이 강하였다. 결국 할아버지의 도움을 받아 언문이나 『천자문』, 『삼강행실도』, 『소학』 등을 익히며 한문과 유교적 소양을 갖추게 되었다. 이를 바탕으로 이숙희는 남성의 학문 세계를 넘나들며 소통하고 그들로부터 존중을 받으려는 적극적인 모습을 보이기도 하였다.

이 글의 내용은 집필자의 개인적 견해이며, 국사편찬위원회의 공식적 견해와 다를 수 있습니다.

참고문헌

논문

김선경, 「공부와 경계 확장의 욕망: 16세기 여성 이숙희 이야기」, 『역사연구』 17, 역사학연구소, 2007.
안귀남, 「고성이씨이응태묘 출토 편지」, 『문헌과해석』 6, 문헌과해석사, 1999.
이숙인, 「조선중기 사회의 여성인식 -정절 개념을 중심으로」, 『한국문화』 46, 서울대학교 규장각한국학연구원, 2009.
이숙인, 「조선전기 가족 담론 - 이념과 현실의 작용과 반작용」, 『국학연구』 47, 한국국학진흥원, 2022.
윤재흥, 「조선시대 한글보급과 여성 - 한글편지(諺簡)를 중심으로 -」, 『한국교육사학』 44-4, 한국교육사학회.

저서

강명관, 『열녀의 탄생 -가부장제와 조선 여성의 잔혹한 역사』, 돌베개, 2009.
김정경, 『조선 후기 여성 한글 산문 연구』, 서강대학교출판부. 2016.
박경, 『조선시대 양반의 부부 생활과 이혼』, 세창출판사, 2023.

편저

최재석, 「가족제도」, 국사편찬위원회, 1994.",,,,https://contents.history.go.kr/front/hm/view.do?levelId=hm_089_0010,사료로 본 한국사\items\hm_age_50_조선 전기\hm_ty_030_사회\hm_089_0010_이응태 부인의 한글 편지.md
524,hm_age_50,조선 전기,hm_ty_030,사회,hm_089_0020,여성들의 문예 활동,조선 전기 > 사회 > 조선 전기 여성의 삶 > 여성들의 문예 활동,"이는 고(故) 증찬성(贈贊成) 이원수(李元秀)의 부인 신씨(申氏)가 그린 것이다. 그 손가락 끝에서 나온 그림이 이처럼 원만하고 자연스러우니 마치 사람의 힘이 들어가지 않은 것 같다. 하물며 오행(五行)의 뛰어남을 얻고 원기(元氣)의 융화(融和)가 모여서 진정한 조화(造化)를 이루었으랴. 율곡 이이

(李珥) 선생을 낳았음이 마땅하다. 선생의 종증손(從曾孫)

형제의 증손자

동명(東溟) 이백종(李百宗)이 조정에서 평안도 관찰사

(平安道觀察使)의 막좌(幕佐)

종5품 도사(都事)

로 나가기에 앞서 이 첩(帖)을 나에게 보이며 그 위에 글을 써 달라고 하였다.

이 첩이 인가(人家)에 돌아다녀서 이씨의 소유가 되지 않은 지 여러 해인데, 이백종이 힘써 찾아다니다가, 올해 모월 모일에 한양의 이씨 성을 가진 사람에게서 얻어 전과 같도록 수선하고 꾸며 다시 영원토록 집안 대대로의 보물로 삼았으니, 그 뜻이 간절하고도 지극하다 하겠다.

일찍이 들으니 율곡 이이

선생이 겨우 말을 하게 되었을 때 스스로 아들이 부모를 섬기는 모습과 당(唐)나라 때 장공예(張公藝)1)

1)

당(唐)나라 사람으로 9세(世)가 한 집에 살았다. 당나라 고종(高宗)이 근처를 지나다 그 집에 들러 화목하게 사는 이유를 물으니 장공예는 ‘인(忍)’ 100여 자를 써서 바쳤다. 이에 당 고종이 아름답게 여겨 비단을 내렸다고 한다.

의 9대(代)가 한집에 살았던 그림을 그려 놓고 단정히 앉아서 묵묵히 보았다고 한다. (신사임당

이 그린) 이 그림은 다행히 없어지지 않고 남았으니, 이 첩 밑에 붙여서 사람들로 하여금 부인의 어머니 됨과 선생의 아들 됨이 실로 뿌리와 줄기가 서로 이어진 것임을 알게 하여, 상곡군(上谷君)2)

2)

상곡군군(上谷郡君)에 추봉(追封)된 송(宋)나라 정호(程顥)의 어머니 후씨(侯氏)를 가리킨다. 후 부인(侯夫人)은 부덕(婦德)이 출중하여 가도(家道)를 일으키고, 아들 정호와 정이(程頤) 등의 도학자

(道學者)를 길러 냈다.

의 집안만이 전대(前代)에 홀로 빛나게 하지 말아야 할 것이다. 이백종은 소홀이 하지 말지어다. 숭정(崇禎)

중국 명나라의 마지막 황제인 의종(毅宗)의 연호

기해년(현종

즉위년, 1659) 섣달에 송시열

(宋時烈)이 삼가 쓴다.

『송자대전』권146, 발, 「사임당화난발」

당(唐)나라 사람으로 9세(世)가 한 집에 살았다. 당나라 고종(高宗)이 근처를 지나다 그 집에 들러 화목하게 사는 이유를 물으니 장공예는 ‘인(忍)’ 100여 자를 써서 바쳤다. 이에 당 고종이 아름답게 여겨 비단을 내렸다고 한다. [https://contents.history.go.kr#fsid_1]

상곡군군(上谷郡君)에 추봉(追封)된 송(宋)나라 정호(程顥)의 어머니 후씨(侯氏)를 가리킨다. 후 부인(侯夫人)은 부덕(婦德)이 출중하여 가도(家道)를 일으키고, 아들 정호와 정이(程頤) 등의 도학자

(道學者)를 길러 냈다. [https://contents.history.go.kr#fsid_2]

此故贈贊成李公夫人申氏之所作也. 其見於指下者, 猶能渾然天成, 若不犯人力也如此, 況得五行之精秀, 會元氣之融和, 以成眞造化哉. 宜其生栗谷先生也. 先生從曾孫東溟百宗, 以從班出佐西幕, 將行, 以此帖示余, 俾余題其上. 蓋此帖流落人家, 不爲李氏有者有年矣, 百宗尋求不已, 今年月日, 得之於漢陽李姓人, 粧繕如舊, 復爲家傳百世之寶, 其意可謂勤且至矣. 抑嘗聞栗谷先生甫能言, 自作子事父母及張公九世同居圖, 端坐而默觀之. 此圖幸存而不泯乎, 則粘綴此帖之下, 使人知夫人之爲母先生之爲子, 寔是源委相承, 不使上谷君家專美於前可也. 百宗其毋忽之哉. 時崇禎己亥臘, 恩津宋時烈敬書.

『宋子大全』卷146, 跋, 「師任堂畵蘭跋」

이 사료는 송시열

(宋時烈, 1607~1689)이 신사임당

(申師任堂, 1504~1551)이 그린 난초 그림에 대해 쓴 발문이다. 사료의 내용은 이이

의 종증손(從曾孫) 동명(東溟) 이백종(李百宗, ?~?)이 신사임당

의 그림첩을 구해 가보로 삼았고, 여기에 본인(송시열

)에게 부탁해 써줬다는 내용이다. 송시열

은 그림첩의 주인공인 신사임당

에 대해 말하면서도, 그녀의 일생과 그림에 대한 이야기보다는 현모양처로서의 사임당을 강조하고 있다.

사료에 따르면 송시열

의 그림 칭찬에서 알 수 있듯, 오늘날 현대의 평가와 마찬가지로 당대에도 사임당의 그림은 시중에서 인기가 높았던 것으로 보인다. “첩이 인가(人家)에 돌아다녀서 이씨의 소유가 되지 않은 지 여러 해인데”라고 했기 때문이다. 신사임당

이 그린 그림들이 낱장으로 시중에 유출되어 첩으로 묶였을 수도, 혹은 첩으로 묶인 그림들이 시중에 유추되었을 수도 있다. 그러나 여기서 중요한 것은 이 그림첩의 주인이 여러 번 바뀌어 시중에 돌아다니고 있었다는 것이다. 이러한 점은 이백종이 힘써 찾아다녔다는 대목에서도 다시 한번 드러난다.

송시열

은 그림첩을 힘겹게 구해 문중의 보물로 삼으려는 이백종을 칭찬하며, 그의 부탁을 들어 글을 써줬다. 그런데 흥미로운 것은 그림첩의 발문에 사임당과 이이

의 관계를 언급하며 어머니로서의 사임당을 부각시키고 있다는 점이다.

사실, 이 첩은 신사임당

의 그림첩이기에 화가로서 신사임당

의 그림 세계에 대한 평가가 이어지는 것이 자연스럽다고 할 수 있다. 그러나 송시열

은 신사임당

의 그림보다는 ‘율곡 이이

가 말을 하게 되었을 때, 그녀가 장공예의 그림을 걸어 놓고 묵묵히 바라보았다’는 일화를 소개했다. 그는 이 일화를 통해 아들의 미래를 생각하며 훌륭한 자녀 양육을 다짐하는 신사임당

의 이미지를 부각시킨 것이다.

특히 “부인의 어머니 됨과 선생(이이

)의 아들 됨이 실로 뿌리와 줄기가 서로 이어진 것”이라는 대목에서, 여성으로서의 사임당이 아니라 어머니로서의 사임당을 강조하려는 송시열

의 의도가 잘 드러난다. 오늘날 우리가 알고 있는 사임당의 이미지는 송시열

에 의해 창출되었던 것이다.

신사임당

은 어려서부터 조선 전기 화가인 안견(安堅)의 화풍을 습득하여, 산수화를 비롯해 새와 동물을 소재로 한 영모화(翎毛畵) 이 외에도 포도 및 화훼, 대나무, 초충 등 다양한 주제의 그림을 그렸다. 다만, 대부분의 작품에 낙관이 결여되어 있어 주로 전칭(傳稱)

누구의 것으로 전해지는 작품

작품으로 불린다.

신사임당

의 전칭 작품 중 주목되는 것은 「초충도」이다. 현재 국립중앙박물관에 소장된 「초충도」는 병풍으로 꾸며져 있다. 그림의 구성은 ① 수박과 들쥐, ② 가지와 벌, ③ 오이와 개구리, ④ 양귀비와 도마뱀, ⑤ 맨드라미와 쇠똥구리, ⑥ 산나리와 매미, ⑦ 어승이와 개구리, ⑧ 산차조기와 사마귀 등으로 되어 있다. 그림은 비교적 단순한 구도와 구성을 보이면서도 아름답고 차분한 색채, 그리고 여성적이고 섬세한 묘사가 특징이다. 특히 몰골법(沒骨法)을 위주로 한 표현을 사용하였는데, 몰골법이란 윤곽선 없이 색채나 수묵(水墨)을 사용하여 형태를 그리는 화법을 말한다.

조선 시대 여성들의 문예 활동은 당시의 시대 상황으로 인해 제한적일 수밖에 없었다. 이런 상황에서 신사임당

은 많은 미술 작품을 남겼다는 은 주목할 만하다. 최근에는 신사임당

의 그림과 어머니로서의 신사임당

에서 더 나아가, 그녀가 어떻게 현모양처의 이미지를 갖게 되었는지에 대한 연구가 활발히 진행되고 있다. 이러한 연구들을 통해 조선후기 만들어진 현모양처 신사임당

의 기존 인식에서 벗어나, 당대를 살아갔던 신사임당

의 삶이 재조명될 것으로 기대한다.

이 글의 내용은 집필자의 개인적 견해이며, 국사편찬위원회의 공식적 견해와 다를 수 있습니다.

참고문헌

논문

박경, 「‘신사임당’ 이미지 형성과 소비에 대한 통시대적 접근」, 『역사와 현실』 111, 2019.
유정은, 「율곡의 「선비행장」에 나타난 신사임당 연구」, 『율곡학연구』 40, 2019.
이성미, 「조선시대 여류화가 연구」, 『미술자료』51, 1993.
이숙인, 「신사임당: 서인-노론의 성모(聖母) 프로젝트」, 『내일을 여는 역사』 54, 2014.
유정은, 「율곡의 「경포대부」에 숨겨진 신사임당의 사상 연구」, 『율곡학연구』 52, 2003.

저서

고연희 외, 『신사임당, 그녀를 위한 변명』, 다산기획, 2016.
유정은, 『사임당 평전』, 리베르, 2016.
이숙인, 『신사임당–화가로 살고 어머니로 기억된 여인』, 문학동네, 2017.

편저

안휘준, 「회화」, 국사편찬위원회, 1996.
강원도민일보 편, 『진화하는 신사임당』, 강릉시, 강원도민일보, 2009.

관련사이트

[http://db.itkc.or.kr/inLink?DCI=ITKC_BT_0367B_1480_010_0010_2005_008_XML] 『송자대전』권146, 발, 「사임당화난발」, 한국고전번역원 한국고전종합DB",,,,https://contents.history.go.kr/front/hm/view.do?levelId=hm_089_0020,사료로 본 한국사\items\hm_age_50_조선 전기\hm_ty_030_사회\hm_089_0020_여성들의 문예 활동.md
