순번,시대코드,시대,분야코드,분야,자료ID,제목,목차경로,국문,원문,해설,참고자료,상세URL,Markdown파일
34,hm_age_20,삼국 시대,hm_ty_010,정치,hm_008_0010,부여의 건국 이야기,삼국 시대 > 정치 > 신비로운 건국 이야기의 세계 > 부여의 건국 이야기,"북이(北夷) 탁리국왕(橐离国王)의 시비(侍婢)가 임신을 하였다. 왕이 그를 죽이려고 하자 시비가 대답하여 말하기를 “크기가 달걀만 한 기운이 있었는데 하늘로부터 저에게 내려왔으므로 임신을 하였습니다” 후에 아들을 낳으니, (왕은) 돼지우리에 버렸지만, 돼지가 입김을 불어 넣어 죽지 않았다. 다시 마구간에 옮겨 두어 말이 밟아 죽였으면 했지만 말이 다시 입김을 불어 넣어서 죽지 않았다. 왕은 (아이가) 하늘의 아들[天子]이 아닐까 의심하고, 그 어미로 하여금 거두도록 하고 노비로 삼아 길렀다. 이름을 동명(東明)이라고 하고 그로 하여금 소와 말을 기르도록 하였다. 동명이 활을 잘 쏘자 왕은 나라를 빼앗길까 두려워하여 그를 죽이고자 하였다. 동명은 달아나 남쪽 엄호수(掩淲水)에 이르렀다. 활로써 물을 치니, 물고기와 자라가 떠올라 다리를 만들었다. 동명이 (엄호수를) 건너자 물고기와 자라가 흩어져 추격 병은 이를 건널 수 없었다. 이로 인하여 도읍하고 부여의 왕이 되었다. 그러한 까닭에 북이에 부여국(夫餘國)이 있는 것이다.

『논형』권2, 「길험편」

北夷橐離国王侍婢有娠. 王欲殺之. 婢對曰. 有氣大如鷄子, 從天而下我, 故有娠. 後産子, 捐於猪溷中, 猪以口氣噓之, 不死. 復徙置馬欄中, 欲使馬藉殺之, 馬復以口氣噓之, 不死. 王疑以爲天子, 令其母收取奴畜之. 名東明, 令牧牛馬. 東明善射, 王恐奪其國也, 欲殺之. 東明走, 南至掩淲水, 以弓擊水, 魚鼈浮爲橋, 東明得渡, 魚鼈解散, 追兵不得渡. 因都王夫餘, 故北夷有夫餘國焉.

『論衡』卷2, 「吉驗篇」

이 사료는 『논형(論衡)』에 보이는 부여(夫餘)의 건국 신화이다. 『논형』은 중국 후한(後漢)의 사상가 왕충(王充, 27~100?)의 저서로, 유교의 여러 학설뿐 아니라 전국시대 제자백가(諸子百家)의 학설을 비롯해 당시의 정치⋅습속⋅속설(俗說)과 같은 다방면의 문제를 다루고 있다.

부여의 건국 신화는 『삼국지(三國志)』 「동이전(東夷傳)」에 인용된 『위략(魏略)』을 포함해 후대의 많은 사서에도 전해 온다. 하지만 후대의 사서마다 지명 등에서 차이가 나는데, 예컨대 『위략』의 경우 동명(東明)의 출신국이 탁리국(橐离国)이 아니라 고리국(高離國)으로 나오며, 엄호수(掩淲水)를 시엄수(施掩水)라고 하였다. 그렇지만 동명의 출생과 탈출, 그리고 부여의 건국이라는 전체적인 이야기 구조와 내용은 동일하다.

그런데 이와 같은 이야기 구조는 고구려의 건국 신화와도 비슷한 점이 많다. 더욱이 고구려의 시조 주몽(朱蒙)

은 동명성왕(東明聖王)

으로 그 이름마저 같다. 그 결과 위의 사료를 두고 많은 논란이 있었다. 특히 부여의 건국 신화가 실제로 존재했는지가 논쟁의 핵심이었다. 고구려의 건국 신화를 잘못 기재한 것이라고 보기도 하며, 부여의 독자적인 건국 신화가 존재하였다고 이해하기도 한다. 후자의 경우 두 나라가 동일한 신화를 공유했다고 보거나 고구려가 부여 방면으로 진출하며 부여 지역에 대한 지배를 합리화하기 위하여 그 건국 신화를 전유하였다고 이해하는 등 여러 견해로 다시 나누어 진다.

이 글의 내용은 집필자의 개인적 견해이며, 국사편찬위원회의 공식적 견해와 다를 수 있습니다.

참고문헌

저서

『고구려사 연구』, 노태돈, 사계절, 1999.
『설화와 역사』, 최내옥 외, 집문당, 2000.

편저

『단군과 고조선사』, 노태돈 편저, 사계절, 2000.
『단군-그 이해와 자료-』, 윤이흠 외 공저, 서울대학교 출판부, 1994.

관련사이트

[http://db.history.go.kr/id/ko_016_0020_0010] 국사편찬위원회 한국사데이터베이스",,,,https://contents.history.go.kr/front/hm/view.do?levelId=hm_008_0010,사료로 본 한국사\items\hm_age_20_삼국 시대\hm_ty_010_정치\hm_008_0010_부여의 건국 이야기.md
35,hm_age_20,삼국 시대,hm_ty_010,정치,hm_008_0020,고구려의 건국 이야기,삼국 시대 > 정치 > 신비로운 건국 이야기의 세계 > 고구려의 건국 이야기,"시조(始祖) 동명성왕(東明聖王)

의 성은 고(高)씨, 휘(諱)는 주몽(朱蒙)

이다.
【혹은 추모(鄒牟)

혹은 중해(衆解)

라고 하였다】

……(중략)……

금와(金蛙)가 (동부여(東扶餘)의) 왕위를 계승하였다. 이때 (금와 왕은) 태백산(太白山) 남쪽 우발수(優渤水)에서 여자를 만났는데, 그녀에게 사정을 물어 보니 다음과 같이 말하였다. “저는 하백(河伯)의 딸로 이름은 유화(柳花)라고 합니다. 어느 날 여러 동생들과 놀러 나갔는데, 이때 한 남자가 스스로 천제(天帝)의 아들 해모수(解慕漱)라면서 웅심산(熊心山) 아래에서 저를 유혹해 압록강 변의 집에서 그와 사통(私通)하고는 곧바로 가 버려 돌아오지 않았습니다. 부모님께서는 제가 중매 없이 남을 좇았다고 책망하여, 마침내 우발수로 귀양을 보냈습니다.” 금와 왕이 이를 이상히 여기고 그녀를 궁실 가운데 깊이 가뒀는데, 햇빛이 비춰 몸을 움직여 피하여도 햇살이 따라와 그녀를 비췄다. 이로 인해 임신하여 하나의 알을 낳았는데 크기가 다섯 되만 하였다. 왕이 이를 버려 개와 돼지에게 주었는데 모두 먹지 않았고, 다시 길가에 버렸지만 소와 말이 이를 피하였다. 이후에 알을 들에다 버렸더니 새가 날개로 품었다. 왕이 알을 쪼개려 하였지만 깨트릴 수 없었다. 그리하여 마침내 그 어머니에게 돌려주었다. 그 어머니가 물건으로 알을 감싸서 따뜻한 곳에 두었더니 한 남자 아이가 껍질을 깨고 나왔는데 영특하고 잘생겼다. 나이가 겨우 일곱 살이었을 때 남달리 뛰어나 스스로 활과 화살을 만들어 쏘았는데 백발백중이었다. 부여의 속어에 활을 잘 쏘는 이를 주몽(朱蒙)이라고 하였으므로 이를 이름으로 삼았다.

금와 왕에게는 7명의 왕자가 있어 항상 주몽

과 어울려 놀았지만, 그 재주가 모두 주몽

에 미치지 못하였다. 그 장자(長子) 대소(帶素)가 금와 왕에게 말하였다. “주몽

은 사람의 소생이 아니고 그 사람됨이 용맹하니 일찍 도모하지 않는다면 후환이 있을까 걱정됩니다. 청컨대 제거하십시오.” 왕은 듣지 않고 주몽

으로 하여금 말을 기르도록 하였다. 주몽

은 그 중에서 준마를 알아보고 먹이를 줄여 야위도록 하고 둔한 말은 잘 먹여 살찌웠다. 왕은 살찐 말은 자신이 타고 야윈 말은 주몽에게 주었다. 이후 왕이 들판에서 사냥을 하였는데, 주몽

이 활을 잘 쏘므로 그에게 화살을 적게 주었지만 그가 잡은 짐승이 매우 많았다. 왕자와 여러 신료가 다시 주몽을 죽이고자 모의했는데, 주몽

의 어머니가 이를 몰래 알고 말하였다. “나라 사람들이 장차 너를 해치려 한다. 너의 재주와 지략이라면 어디에 가든 문제가 없을 것이다. 지체하여 머물다가 욕보는 것보다 멀리 가서 뜻을 이루는 것이 나을 것이다.”

주몽

은 이에 오이(烏伊)⋅마리(摩離)⋅협보(陜父) 등 세 사람과 벗을 하고 길을 나서 엄호수(淹淲水)
【일명 개사수(盖斯水)로 지금의 압록 동북쪽에 있다】
에 도착하였는데, 이를 건너고자 하였지만 다리가 없었다. 주몽

은 추격병이 가까이 올까 걱정하고 엄리수에 말하였다. “나는 천제의 아들이요, 하백의 외손자다. 오늘 도망치고 있는데 추격자가 다가오고 있으니 어찌하면 좋겠는가?” 이에 물고기와 자라가 떠올라 다리를 만들어 주몽

은 건널 수 있었다. 이내 물고기와 자라가 흩어져 추격하던 기병들은 건널 수 없었다. 주몽

은 모둔곡(毛屯谷)
【위서(魏書)에서는 보술수(普述水)에 이르렀다고 하였다】
에 이르러 3명을 만났는데, 제각기 마의(麻衣), 납의(衲衣), 수조의(水藻衣)를 입고 있었다. 주몽

이 물어 보았다. “그대들은 어디서 온 사람이고 이름이 무엇이요?” 마의를 입은 자는 이름을 재사(再思)라고 하였고, 납의를 입은 자는 이름을 무골(武骨)이라고 하였고, 수조의를 입은 자는 이름을 묵거(默居)라고 하였는데 성(姓)은 말하지 않았다. 주몽

은 재사들에게 극씨(克氏)⋅무골에게 중실씨(仲室氏), 묵거에게 소설씨(少室氏)의 성을 만들어 주었다. 이에 주몽

이 여러 사람에게 이르기를, “내가 이제 하늘의 크나큰 명을 받들어 나라의 기틀을 열고자 하는데, 여기 3명의 현인(賢人)을 우연히 만난 것은 어찌 하늘이 내려 준 것이라고 아니할 수 있겠는가!” 마침내 그 능력을 헤아려 각기 임무를 주고 그들과 함께 졸본천(卒本川)
【『위서』에는 홀승골성(紇升骨城)에 이르렀다고 하였다.】
에 이르렀다. 그 토양이 비옥하고 아름다우며 산하(山河)가 험하고 견고하여 마침내 도읍으로 삼고자 하였지만, 미처 궁실을 지을 겨를이 없었으므로 단지 비류수(沸流水)가에 오두막을 짓고 살았다. 국호(國號)를 고구려(高句麗)라고 하고 고(高)를 성으로 삼았다.

『삼국사기

』권13, 「고구려본기」1 동명성왕

始祖東明聖王, 姓髙氏, 諱朱蒙
【一云鄒■1)

1)

주자본⋅을해목활자본⋅정덕본 모두 글자가 누락되어 있다. 「광개토왕비

」와 《삼국사기

》 백제본기를 참고하여 보충하였다.

, 一云衆解】
.

……(中略)……

金蛙嗣位, 於是時, 得女子於大白山南優㴾水, 問之, 曰, 我是河伯之女, 名柳花. 與諸弟出遊, 時有一男子, 自言天帝子解慕漱, 誘我於熊心山下, 鴨淥邊室中私之, 卽徃不返. 父母責我無媒而從人, 遂謫居優㴾水. 金蛙異之, 幽閉於室中, 爲日所炤, 引身避之, 日影又逐而炤之. 因而有孕, 生一卵, 大如五升許, 王棄之與犬豕, 皆不食, 又棄之路中, 牛馬避之. 後棄之野, 鳥覆翼之. 王欲剖之, 不能破. 遂還其母, 其母以物褁之, 置於暖處, 有一男兒, 破殼而出, 骨表英奇. 年甫七歲, 嶷然異常, 自作弓矢射之, 百發百中. 扶餘俗語, 善射爲朱蒙, 故以名云.

金蛙有七子, 常與朱蒙遊戲, 其伎能皆不及朱蒙. 其長子帶素言於王曰, 朱蒙非人所生. 其爲人也勇, 若不早圖, 恐有後患, 請除之. 王不聽, 使之養馬. 朱蒙知其駿者, 而减食令瘦, 駑者善養令肥. 王以肥者自乗, 瘦者給朱蒙. 後, 獵于野, 以朱蒙善射, 與其矢小, 而朱蒙殪獸甚多. 王子及諸臣又謀殺之, 朱蒙母隂知之, 告曰. 國人將害汝, 以汝才略, 何徃而不可. 與其遟留而受辱, 不若逺適以有爲. 朱蒙乃與烏伊摩離陜父等三人爲友, 行至淹淲水
【一名盖斯水, 在今鴨綠東北】
, 欲渡無梁. 恐爲追兵所迫, 告水曰. 我是天帝子, 何2)

2)

주자본과 을해목활자본에는 河로 되어 있다.

伯外孫, 今日逃走, 追者垂及如何. 於是, 魚鼈浮出成橋, 朱蒙得渡. 魚鼈乃解, 追騎不得渡. 朱蒙行至毛屯谷
【魏書云至普述水】
, 遇三人. 其一人着麻衣, 一人着衲衣, 一人着水藻衣. 朱蒙問曰. 子等何許人也, 何姓何名乎. 麻衣者曰, 名再思, 衲衣者曰, 名武骨, 水藻衣者曰, 名默居, 而不言姓. 朱蒙賜再思姓克氏, 武骨仲室氏, 默居少室氏. 乃告於衆曰, 我方承景命, 欲啓元基, 而適遇此三賢, 豈非天賜乎. 遂揆其能, 各任以事. 與之俱至卒夲3)

3)

주자본과 을해목활자본에는 卒本으로 되어 있다.

川
【魏書云至紇升骨城】
. 觀其土壤肥美4)

4)

주자본과 을해목활자본에는 美로 되어 있다.

, 山河險固, 遂欲都焉, 而未遑作宮室, 但結廬於沸流水上居之, 國號高句麗, 因以高爲氏.

『三國史記』卷13, 「高句麗本紀」1 東明聖王

주자본⋅을해목활자본⋅정덕본 모두 글자가 누락되어 있다. 「광개토왕비

」와 《삼국사기

》 백제본기를 참고하여 보충하였다. [https://contents.history.go.kr#csid_1]

주자본과 을해목활자본에는 河로 되어 있다. [https://contents.history.go.kr#csid_2]

주자본과 을해목활자본에는 卒本으로 되어 있다. [https://contents.history.go.kr#csid_3]

주자본과 을해목활자본에는 美로 되어 있다. [https://contents.history.go.kr#csid_4]

이 사료는 『삼국사기

』 「고구려본기(高句麗本紀)」에 기록된 고구려 건국

신화의 일부이다. 이를 흔히 주몽(朱蒙)

신화라고 하는데, 다른 나라의 건국 신화와 비교해 내용이 풍부하고 구성이 복합할 뿐 아니라 국가 형성의 중요한 사실도 적지 않게 반영되어 있다고 평가된다.

현재 주몽 신화와 관련한 가장 오래된 기록은 5세기 대의 「광개토왕비문(廣開土王碑文)

」이며, 같은 시기 「모두루묘지명(牟頭婁墓誌銘)」과 6세기 중반 편찬된 『위서(魏書)』 「고구려전(高句麗傳)」에서도 이를 전하고 있다. 그러므로 주몽 신화는 후대의 창작물이 아니라 고구려 당대 사람에게 널리 알려져 있었다고 할 수 있다.

주몽 신화는 고려시대의 『삼국사기

』와 『삼국유사(三國遺事)

』 및 『동국이상국집(東國李相國集)

』 「동명왕편(東明王篇)

」에도 실려 있는데, 전체적인 줄거리는 대체로 비슷하지만 세부적인 내용에서 약간의 차이가 있다. 이러한 내용상의 차이는 신화가 정리된 시대적 상황과 밀접한 관련이 있다.

주몽 신화에서 주몽

은 해모수(解慕漱)와 유화(柳花) 부인의 아들로 나온다. 해모수는 천제(天帝)의 아들이고 유화 부인은 하백(河伯)의 딸이었다고 한다. 주몽

은 하늘의 신과 물의 신의 손자로 신성한 혈통이다. 건국자의 혈통을 신성시한 것은 우리나라뿐 아니라 세계 여러 나라 건국 신화도 유사한데, 대개 신(神)이 자연적 존재[自然神]였다는 점이 특징이다. 원시⋅고대인의 삶은 자연이 좌우했다. 인간의 기술력과 생산력이 높지 못했기 때문에 자연의 영향이 절대적이었던 것이다. 특히 자연재해와 이변(異變)은 원시⋅고대인의 삶을 송두리째 뒤바꿀 수 있었다. 이에 따라 세계 각지의 많은 문화에서 하늘⋅태양⋅바다⋅강 혹은 산천과 같은 중요한 자연물은 초월적인 존재, 즉 신(神)으로 신앙되었다. 그러므로 주몽 역시 하늘과 물의 신처럼 자연신의 자손으로 그려졌다고 할 수 있다.

원시⋅고대인에게 신의 자손은 자연과 소통할 수 있는 존재로 여겨졌다. 주몽

이 엄호수(淹淲水)에서 “나는 천제의 아들이요, 하백의 외손자다.”라고 외치자 물고기와 자라가 떠오른 것도 이러한 측면에서 이해된다. 신화 속의 주몽

은 신성한 혈통으로 자연물과 소통하고 조정할 수 있었다. 이에 고구려 백성들은 주몽이 자신들의 삶을 평안하도록 조정할 수 있는 능력을 가졌다고 믿었으며, 그 믿음은 왕권에 정당성을 부여하였다. 물론 이러한 능력은 주몽

뿐 아니라 그의 혈통을 이은 고구려의 왕이 모두 마찬가지였다고 믿어졌을 것이다. 그러므로 주몽 신화는 고구려 왕권을 물리적 강제력만 아니라 그 정당성, 즉 권위의 측면에서 뒷받침했을 것이다.

그런데 주몽 신화는 왕권만 정당화한 것이 아니었다. 이 사료에는 주몽

을 따라 나선 오이(烏伊)⋅마리(摩離)⋅협보(陜父)나 재사(再思)⋅무골(武骨)⋅묵거(默居) 등 여러 인물이 등장한다. 이들은 여러 귀족 가문의 시조(始祖)였다고 추정된다. 예컨대 「모두루묘지명」에 따르면, 그의 가문 시조가 주몽

을 부여(扶餘)에서부터 수행했다고 하는데, 주몽 신화에 나오는 인물들 역시 여러 귀족 가문의 시조로서 가문의 자랑이었을 것이다. 고구려의 여러 귀족 가문은 건국 때부터 왕실을 모셨다는 사실을 강조하고, 이를 바탕으로 가문의 권위를 내세웠을 것이다. 이처럼 왕실과 여러 귀족 가문의 기원과 현실적 특권이 공고히 결합된 고구려의 건국 신화는 현실의 지배 권력을 정당화하는 역할을 했다고 이해된다.

한편 주몽 신화에 보이는 중요한 내용 중 하나는 주몽

이 부여에서 성장했고, 그곳을 벗어나 고구려를 건국했다는 것이다. 이는 고구려의 건국 집단이 부여에서 기원하였다는 사실을 반영한다고 이해된다. 그런데 고고학적으로는 부여에서 고구려로의 주민 집단과 이동이 뚜렷하게 확인되지 않는다. 부여 지역은 돌널무덤[石棺墓]과 널무덤[土壙墓]을 사용했지만, 고구려 지역에서는 일찍부터 돌무지무덤[積石塚]

이 유행하고 그것이 지속되었기 때문이다. 다만 이 사료에서 주몽

이 남하하면서 재사⋅무골⋅묵거와 같은 토착 세력을 만났다는 것은 부여 출신의 세력과 토착 세력의 연합을 통해 고구려가 건국되었음을 짐작하게 한다. 또한 주몽

집단의 남하 과정이 급진적인 대규모 주민 이동이 아니라 점진적인 일부 집단의 이동이었다고 볼 수도 있다. 그러므로 신화의 내용이 고고 자료와 부합하지 않는다고 해서 이를 부정할 수는 없다.

이 글의 내용은 집필자의 개인적 견해이며, 국사편찬위원회의 공식적 견해와 다를 수 있습니다.

참고문헌

저서

『고구려사 연구』, 노태돈, 사계절, 1999.
『한국고대 신관념의 사회적 의미』, 서영대, 서울대학교 박사학위논문, 1991.
『한국고대사연구』, 이병도, 박영사, 1976.
『고구려의 역사』, 이종욱, 김영사, 2005.
『고구려 정치사 연구』, 임기환, 한나래, 2004.

편저

「고구려의 성립과 발전」, 여호규, 국사편찬위원회, 1995.

관련사이트

[http://db.history.go.kr/id/sg_013_0020_0010] 국사편찬위원회 한국사데이터베이스",,,,https://contents.history.go.kr/front/hm/view.do?levelId=hm_008_0020,사료로 본 한국사\items\hm_age_20_삼국 시대\hm_ty_010_정치\hm_008_0020_고구려의 건국 이야기.md
36,hm_age_20,삼국 시대,hm_ty_010,정치,hm_008_0030,백제의 건국 이야기,삼국 시대 > 정치 > 신비로운 건국 이야기의 세계 > 백제의 건국 이야기,"백제(百濟) 시조 온조왕(溫祚王)

의 아버지는 추모(鄒牟)

인데 혹은 주몽(朱蒙)

이라고도 하였다. 북부여(北扶餘)에서 난을 피해 졸본부여(卒本扶餘)에 이르렀다. 부여왕은 아들이 없고 딸만 세 명이 있었는데 주몽

을 보고는 보통 사람이 아니라는 것을 알고 둘째 딸을 아내로 삼도록 하였다. 얼마 지나지 않아 부여왕이 죽자 주몽

이 왕위를 이었다. 두 아들을 낳았는데 맏아들은 비류(沸流)라 하였고, 둘째 아들은 온조(溫祚)

라 하였다.
【혹은 주몽이 졸본에 도착하여 월군(越郡)의 여자를 아내로 맞아들여 두 아들을 낳았다고도 한다.】

주몽이 북부여에 있을 때 낳은 아들이 와서 태자가 되자, 비류와 온조

는 태자에게 용납되지 못할까 두려워하며 마침내 오간(烏干)⋅마려(馬黎) 등 10명의 신하와 함께 남쪽으로 갔는데 백성 중 따르는 자가 많았다. 드디어 한산(漢山)에 이르러 부아악(負兒嶽)에 올라 살 만한 곳을 바라보았다. 비류가 바닷가에 살고자 하니 열 명의 신하가 간하였다. “이 강 남쪽의 땅은 북쪽으로는 한수(漢水)를 띠처럼 두르고 있고, 동쪽으로는 높은 산을 의지하였으며, 남쪽으로는 비옥한 벌판을 바라보고, 서쪽으로는 큰 바다에 막혔으니 이렇듯 하늘이 내려 준 험준함과 지세의 이점은 얻기 어려운 형세입니다. 여기에 도읍을 세우는 것이 또한 좋지 않겠습니까?” 그런데 비류는 이를 듣지 않고 그 백성을 나누어 미추홀(彌鄒忽)로 돌아가 살았다. 온조

는 강 남쪽 위례성(慰禮城)

에 도읍을 정하고 10명의 신하를 보좌로 삼아 국호를 십제(十濟)라 하였다. 이때가 전한(前漢) 성제(成帝) 홍가(鴻嘉) 3년이었다.

비류는 미추홀의 땅이 습하고 물이 짜서 편안히 살 수 없었다. 위례

에 돌아와 보니 도읍은 안정되고 백성들도 평안하므로 마침내 부끄러워하고 후회하다 죽었다. 그의 신하와 백성들은 모두 위례

에 귀부(歸附)하였다. 훗날 내려올 때에 백성들이 즐겨 따랐다고 하여 국호를 백제(百濟)라 고쳤다. 그 계통은 고구려와 더불어 부여에서 같이 나왔기 때문에 부여를 성씨(姓氏)로 삼았다.
【또는 다음과 같이 말하였다. 시조 비류왕(沸流王)은 그 아버지는 우태(優台)로 북부여왕(北夫餘王) 해부루(解夫婁)의 서손(庶孫)이었고, 어머니는 소서노(召西奴)로 졸본인(卒本人) 연타발(延陀勃)의 딸이었다. 처음에 우태에게 시집가서 아들 둘을 낳았는데 큰 아들은 비류라 하였고, 둘째는 온조

라 하였다. 우태가 죽자 졸본에서 과부로 지냈다. 뒤에 주몽

이 부여에서 용납되지 못하자 전한 건소(建昭) 2년(기원전 37년), 봄 2월에 남쪽으로 도망하여 졸본에 이르러 도읍을 세우고 국호를 고구려(高句麗)라고 하고, 소서노를 맞아들여 왕비로 하였다.】

【주몽

은 그녀가 나라를 창업하는 데 잘 도와주었기 때문에 총애하고 대접하는 것이 특히 후하였고 비류 등을 자기 자식처럼 대하였다. 주몽이 부여에 있을 때 예씨(禮氏)에게서 낳은 아들 유류(孺留)가 오자 그를 태자로 삼고 왕위를 잇기에 이르렀다. 이에 비류가 동생 온조

에게 말하였다. “처음 대왕께서 부여의 난을 피하여 이곳으로 도망쳐 왔을 때, 우리 어머니가 가산을 내주어 나라의 기초를 세우는 위업을 도와 어머니의 조력과 공로가 크다. 그런데 대왕께서 돌아가시자 나라가 유류에게 돌아갔다. 우리가 공연히 여기에 있으면서 쓸모 없는 사람같이 답답하고 우울하게 지내는 것보다는, 차라리 어머님을 모시고 남쪽으로 내려가 살 곳을 선택하여 별도로 도읍을 세우는 것이 좋겠다.”고 하였다.】

【마침내 그의 아우와 함께 무리를 이끌고 패수(浿水)와 대수(帶水) 두 강을 건너 미추홀에 와서 살았다고 한다. 『북사(北史)』와 『수서(隋書)』에는 모두 “동명(東明)의 후손 중에 구태(仇台)라는 사람이 있었는데 사람이 어질고 신의가 돈독하였다. 그가 처음으로 대방(帶方)

옛 땅에 나라를 세웠는데, 한(漢) 요동태수(遼東太守) 공손도(公孫度)가 자기 딸을 아내로 삼도록 하였으며, 마침내 동이(東夷)의 강국이 되었다.”라고 기록되어 있으니, 어느 주장이 옳은지 알지 못하겠다.】

『삼국사기

』권23 「백제본기」1 온조왕

百濟始祖温祚王, 其父鄒牟, 或云朱蒙. 自北扶餘逃難至卒本扶餘. 扶餘王無子, 只有三女子, 見朱蒙, 知非常人, 以弟二女妻之未幾. 扶餘王薨, 朱蒙嗣位, 生二子長曰沸流, 次曰温祚.
【或云, 朱蒙到卒夲, 娶越郡女, 生二子.】

及朱蒙在北扶餘, 所生子來爲太子, 沸流⋅温祚恐爲太子所不容, 遂與烏干⋅馬黎等十臣南行, 百姓從之者多. 遂至漢山登負兒嶽, 望可居之地. 沸流欲居於海濵, 十臣諌曰. 惟此河南之地, 北帶漢水, 東據髙岳, 南望沃澤, 西阻大海, 其天險地利難得之勢. 作都於斯不亦冝乎. 沸流不聽分, 其民歸弥鄒忽以居之. 温祚都河南慰禮城, 以十臣爲輔翼, 國號十濟. 是前漢成帝鴻嘉三年也.

沸流以彌鄒圡濕水鹹, 不得安居. 歸見慰禮都邑, 鼎定人民安泰, 遂慙悔而死. 其臣民皆歸於慰禮. 後以來時, 百姓樂從, 改號百濟. 其世系與髙句麗同出扶餘, 故以扶餘爲氏.

【一云. 始祖沸流王, 其父優台, 北扶餘王觧扶婁庻孫, 母召西奴, 卒夲人延陁勃之女. 始歸于優台生子二人, 長曰沸流, 次曰温祚. 優台死, 寡居于卒本. 後朱蒙不容於扶餘, 以前漢䢖昭二年春二月, 南奔至卒夲, 立部號髙句麗, 娶召西奴爲妃.】

【其於間基創業頗有内助, 故朱蒙寵接之特厚, 待沸流等如己子. 及朱蒙在扶餘, 所生禮氏子孺留來, 立之爲大子, 以至嗣位焉. 於是沸流謂弟温祚曰. 始大王避扶餘之難, 逃歸至此, 我母氏傾家財助成邦業, 其助成郅業其勤勞多矣. 及大王猒丗, 國家屬於孺留, 吾等徒在此欝欝如疣贅, 不如奉母氏, 南遊卜地别立國都.】

【遂與弟率黨類, 渡浿帶二水, 至彌鄒忽, 以居之. 北史及隋書皆云, 東明之後有仇台, 篤於仁信. 初立國于帶方故地, 漢遼東大守公孫度, 以女妻之, 遂爲東夷強國, 未知孰是.】

『三國史記』卷23 「百濟本紀」1 溫祚王

이 사료는 『삼국사기

』에 전하는 백제 건국 신화이다. 백제 건국 시조는 다양한 사료에서 전한다. 『삼국사기

』 온조왕(溫祚王)

즉위조에서는 백제 시조를 온조

라고 하였으나, 그 주(注)에서는 온조가 아닌 비류(沸流)로 전하고 있다. 한편 『삼국유사

』 기이(紀異)편 남부여조에서는 온조

로 되어 있다. 이 밖에 『수서(隋書)』⋅『북사(北史)』 백제전(百濟傳)에는 “동명(東明)의 후예인 구태(仇台)가 대방(帶方)

의 옛 땅에 나라를 세웠다.”라고 하여 온조

나 비류가 아닌 구태가 백제를 세웠다고 기록하고 있다. 또한 『속일본기(續日本記)』 환무천황(桓武天皇) 8⋅9년조에는 “백제 태조 도모대왕(都慕大王)”으로 기록되어 온조

⋅비류⋅구태가 아닌 도모라는 또 다른 백제의 시조에 대해 전하고 있다.

이처럼 백제 시조에 대한 신화가 다양한 것은 백제의 건국 과정에 여러 세력이 참여하였거나, 당시 각 세력마다 독자적인 건국 신화를 가졌기 때문으로 추정된다. 따라서 백제의 시조 전승에 대한 사료는 단순한 건국 신화가 아니라 백제가 건국되는 과정과 그 이후 역사 전개과정에서 어떻게 이들에 대한 전승이 신화로서 자리매김하였는지를 보여 주는 매우 중요한 기록이라 할 수 있다.

특히 2명의 백제 시조에 대해 전하고 있는 『삼국사기

』의 내용은 백제의 건국 및 초기 사회의 모습을 복원하는 데 중요한 단서가 된다. 『삼국사기

』 온조

왕조의 기록은 크게 두 부분으로 나눌 수 있다. 하나는 주몽(朱蒙)-온조

로 이어지는 부계 관계를 중심으로 한 건국 신화이다. 이 기록에서는 주로 온조

아버지인 주몽과의 관계, 유류(孺留)의 등장으로 인한 남하, 그 후 위례성(慰禮城)

에 정착하여 백제를 건국하기까지 온조

를 중심으로 서술된 부분이다. 또 다른 하나는 본문에 이어 나오는 할주(割註)

본문 사이에 두 줄로 잘게 단 주

부분으로, 이에 따르면 비류와 온조

의 아버지가 주몽이 아닌 우태(優台)로 기록되어 있다. 이 기사는 앞서 보이는 주몽-온조계 중심의 서술에 비하여 일관되게 부여 계통임을 강조하고 있으며, 그 서술의 중심 역시 온조

보다 비류에 맞추는 점이 특징이다.

여러 기록을 종합하여 본다면 비류와 온조

세력은 고구려에서 남하한 이후 각각 미추홀(彌鄒忽)과 위례에 정착하여 소국(小國)을 세우고 한강 중⋅하류 지역에서 세력 증대를 꾀한 것으로 볼 수 있다. 이후 이들 세력은 한강을 매개로 하여 보다 확대된 연맹체를 형성하였고, 이는 백제가 성립될 수 있는 토대가 되었다고 할 수 있다. 이는 건국 설화에서 비류와 온조

가 형제라고 표현된 것을 통해서도 알 수 있다. 둘이 실제 혈연상의 형제보다는 두 집단이 연맹을 형성하고 그 관계를 보다 공고히 하는 과정에서 이들을 ‘형제’로 결합시킨 것으로 볼 수 있다. 결국 미추홀에 남아 있던 비류 세력이 귀부해 오고 온조왕

이 토착 마한(馬韓) 세력을 통합하여 국호를 십제(十濟)에서 백제(百濟)로 바꿨다는 것은 백제의 성장을 의미한다고 할 수 있다.

한편 백제의 시조가 온조

라면 비류를 시조로 하는 전승이 언제, 어떻게 하여 형성되었는지 의문이 남는다. 이와 관련하여 백제의 왕계 변화를 살펴볼 필요가 있다. 비류와 온조

를 각각 시조로 받드는 전승은 초고왕(肖古王, 재위 166~214)계와 고이왕(古爾王, 재위 234~286)계의 교립(交立)에 따른 현실적 영향에 의한 것이라는 견해가 지배적이다. 백제 초기 왕위 계승은 개루왕(蓋婁王, 재위 128~166) 이후 초고계와 고이계가 양립하면서 전개되는데, 특히 『삼국사기

』 백제본기에 전하는 고이왕의 즉위 과정에 대한 기록은 그가 왕이 되는 과정이 결코 순탄치 않았음을 보여 준다. 더욱이 고이왕은 이전의 왕들과는 달리 전 왕의 아들이 아닌 초고왕의 ‘모제(母弟)’로 즉위하여 기존의 왕계와 다른 존재로 표현된 점에서 고이계와 초고계의 교립을 왕실 세력의 교체로 받아들이기도 한다. 이 때문에 비류와 온조

시조 전승은 각각 고이왕계(우태-비류-고이왕계)와 초고왕계(주몽-온조

-초고왕계)로 나누어 성립되었을 가능성이 크다.

그러나 대체로 백제 왕실은 고이왕계가 계왕(契王)을 끝으로 단절되고 근초고왕(近肖古王, 재위 346~375)이 즉위하면서 다시 초고계로 이어진다. 더욱이 근초고왕 대에 백제의 사서인 『서기(書記)

』가 편찬되면서 백제사는 온조

를 중심으로 하는 시조 전승으로 재편되어 정착되었을 가능성이 높다. 따라서 단편적이기는 하지만 『삼국사기

』에 전하는 백제의 건국 설화는 백제의 건국과정과 이에 참여한 다양한 세력 및 그 성격에 대한 파악이 가능하다는 점에서 매우 중요한 의미를 가진다고 할 수 있다. 또한 단순히 건국과정에서의 문제뿐만 아니라 이후 전개되는 백제 왕실과 관련해서도 생각할 거리를 우리에게 안겨 준다.

이 글의 내용은 집필자의 개인적 견해이며, 국사편찬위원회의 공식적 견해와 다를 수 있습니다.

참고문헌

논문

노명호,「백제 건국신화의 형성과 성립배경」,『백제연구』20,충남대학교 백제연구소,1989.
문창로,「백제 시조전승 연구의 성과와 과제」,『한국학논총』34,국민대학교 한국학연구소,2010.
박현숙,「백제 건국신화의 형성과정과 그 의미」,『한국고대사연구』39,한국고대사학회,2005.

저서

『백제정치사연구』, 노중국, 일조각, 1988.

관련사이트

[http://db.history.go.kr/id/sg_023r_0020_0010] 국사편찬위원회 한국사데이터베이스",,,,https://contents.history.go.kr/front/hm/view.do?levelId=hm_008_0030,사료로 본 한국사\items\hm_age_20_삼국 시대\hm_ty_010_정치\hm_008_0030_백제의 건국 이야기.md
37,hm_age_20,삼국 시대,hm_ty_010,정치,hm_008_0040,신라의 건국과 시조 이야기,삼국 시대 > 정치 > 신비로운 건국 이야기의 세계 > 신라의 건국과 시조 이야기,"시조는 성(姓)이 박씨(朴氏)이고 이름은 혁거세(赫居世)

이다. 전한(前漢) 효선제(孝宣帝) 오봉(五鳳) 원년 갑자(甲子, 기원전 57년) 4월 병진
【혹은 정월 15일이라고도 한다】
에 즉위하여 거서간(居西干)

이라 일컬었는데, 이때 나이 13세였고 나라 이름을 서나벌(徐那伐)이라고 하였다. ……(중략) …… 고허촌장(高墟村長) 소벌공(蘇伐公)이 양산 기슭을 바라보다가 나정(蘿井) 근처의 숲 속에서 말이 울고 있어서 가서 보니 문득 말은 보이지 않고 단지 큰 알만 있었다. 이를 쪼개니 어린아이가 나와서 거둬 길렀다. 나이가 10여 세에 이르자 영리하고 지혜로우며 어른스러웠다. 6부

사람들은 출생이 신비하고 기이하여 그를 받들어 존경하였는데, 이때에 이르러 그를 임금으로 세웠다. 진한(辰韓) 사람들은 박(瓠)을 일러 박(朴)이라고 하는데, 처음에 큰 알이 박과 같았기 때문에 박(朴)을 성으로 삼았다.

『삼국사기

』권1, 「신라본기」1 혁거세거서간

가락국의 바다에 어떤 배가 와서 정박하였다. 그 나라 수로왕(首露王)

이 신하 및 백성들과 함께 북을 치며 맞이하여 머물도록 했지만, 배는 그만 쏜살같이 달아나 계림(雞林)의 동쪽 하서지촌(下西知村) 아진포(阿珍浦)에 이르렀다.
【지금도 상서지(上西知)와 하서지(下西知)란 촌의 이름이 남아 있다】
그때 포구 주변에 한 할머니가 있어 이름을 아진의선(阿珍義先)이라 하였는데, 곧 혁거세왕

의 해척(海尺)

바다에서 고기잡이를 주업으로 하는 어부

어멈이다. 아진의선이 배를 바라보며 이르기를, “이 바닷속에는 바위가 없는데 무슨 까닭으로 까치가 모여서 울고 있는가?”라고 하며 배를 끌어당겨 살펴보았다. 까치가 배 위로 모여들고 배 안에 상자 하나가 있었는데 길이는 20자이고 너비는 13자였다. 배를 끌어다 나무 숲 아래에 두고는 이것이 흉한 것인지, 길한 것인지 몰라 하늘을 향해 고하였다. 잠시 후 상자를 열어 보니 단정히 생긴 사내아이가 있고, 또 7가지 보물과 노비가 그 속에 가득히 실려 있었다. …… (중략) ……노례왕(弩禮王)

유리왕(儒理王)

이 세상을 떠나자 광호제(光虎帝)

한(漢)나라 광무제(光武帝)

중원(中元) 2년(서기 2년) 정사(丁巳) 6월에 탈해(脫解)가 왕위에 올랐다.

『삼국유사

』권1, 「기이」1 제4 탈해왕

호공(瓠公)이 밤에 월성(月城) 서쪽 마을을 가다가 시림(始林)
【혹은 구림(鳩林)이라고도 한다】
속에서 크고 밝은 빛이 나는 것을 보았는데, 자주색 구름이 하늘에서 땅으로 뻗쳐 있었다. 구름 속에는 황금 상자가 나뭇가지에 걸려 있었고 빛은 상자로부터 나왔으며 또한 흰 닭이 나무 아래에서 울고 있었다. 호공이 이러한 정황을 왕에게 아뢰니, 왕이 친히 그 숲에 가서 상자를 열어 보니 사내아이가 있었으며, 아이가 누워 있다가 바로 일어났다. 이는 혁거세(赫居世)

의 고사와 같으므로 그 말로 인해 알지(閼智)라고 이름 지었다.

『삼국유사

』권1, 「기이」1 김알지 탈해왕대

始祖姓朴氏, 諱赫居世. 前漢孝宣帝五鳳元年甲子四月丙辰
【一曰正月十五日】
卽位, 號居西干, 時年十三, 囯號徐那伐. ……(中略)…… 高墟村長蘇伐公, 望楊山麓, 蘿井傍林間, 有馬跪而嘶, 則徃觀之, 忽不見馬, 只有大卵. 剖之, 有嬰兒出焉, 則收而養之. 及年十餘歲, 岐嶷然夙成. 六部人以其生神異, 推尊之, 至是立爲君焉. 辰人謂瓠爲朴, 以初大卵如瓠, 故以朴爲姓.

『三國史記』卷1, 「新羅本紀」1 赫居世居西干

駕洛國海中有舩來泊. 其國首露王, 與臣民鼓譟而迎, 将欲留之, 而舡乃飛走, 至於雞林東下西知村阿珎浦
【仐有上西知下西知村名.】
. 時浦邉有一嫗, 名阿珎義先, 乃赫居王之海尺之母. 望之謂曰, 此海中元無石嵓, 何因鵲集而鳴, 拏舡尋之. 鵲集一舡上, 舡中有一樻1)

1)

《삼국사기

》권1, 신라본기(新羅本紀) 탈해이사금

(脫解尼師今)조에는 櫝으로 되어 있다.

子, 長二十尺, 廣十三尺. 曳其舩置於一樹林下, 而未知凶乎吉乎, 向天而誓爾. 俄而乃開見, 有端正男子, 并七寳奴婢滿載其中. ……(中略)…… 及弩礼王崩, 以光虎帝中元二年丁巳六月, 乃登王位.

『三國遺事』卷1, 「紀異」1 第四 脫解王

瓠公夜行月城西里, 見大光明於始林中
【一作鳩林】
, 有紫雲從天垂地. 雲中有黃金樻2)

2)

《삼국사기

》권1, 신라본기(新羅本紀) 탈해이사금

(脫解尼師今)조에는 櫝으로 되어 있다.

掛於樹枝, 光自樻岀, 亦有白雞鳴於樹下. 以状聞於王, 駕幸其林, 開樻有童男, 卧而即起. 如赫居世之故事, 故因其言, 以閼智名之.

『三國遺事』卷1, 「紀異」1 金閼智 脫解王代

《삼국사기

》권1, 신라본기(新羅本紀) 탈해이사금

(脫解尼師今)조에는 櫝으로 되어 있다. [https://contents.history.go.kr#csid_1]

《삼국사기

》권1, 신라본기(新羅本紀) 탈해이사금

(脫解尼師今)조에는 櫝으로 되어 있다. [https://contents.history.go.kr#csid_2]

이 사료는 신라의 건국 신화인 동시에 시조 신화인 혁거세(赫居世)

신화, 시조 신화에 해당하는 석탈해(昔脫解)와 김알지(金閼智) 신화를 보여 준다. 신라는 다른 고대 국가와 달리 박(朴)⋅석(昔)⋅김(金) 등 세 성씨가 번갈아 가면서 왕위에 올랐기 때문에 이렇듯 다양한 시조 신화가 전승되어 왔다. 신화에는 어느 정도의 역사적 사실과 저마다의 특징이 담겨 있는데 신라의 신화 역시 마찬가지이다. 신라의 시조 신화가 3개나 되는 것은 당시 신라사의 특수한 사정이 반영되어 있을 가능성이 높다.

『삼국사기

』에 따르면, 혁거세

는 말이 울던 자리에 놓여 있던 큰 알에서 깨어났다고 한다. 여기서 등장하는 말은 혁거세

의 탄생을 예고하는 동시에 천상(天上)과 지상(地上)을 연결하는 매개자로 볼 수 있다. 알에서 태어났다는 혁거세

신화는 기본적으로 난생(卵生)적인 요소를 가지고 있으며, 사료에 분명하게 나타나 있지는 않지만, 말은 하늘에서 내려온 것으로 여겨지므로 천강(天降)적인 요소도 포함되어 있다. 이는 혁거세

가 신성한 인물임을 뒷받침해 주는 근거로 작용하였다. 6부

사람들이 혁거세

의 출생이 신비하고 기이하여 그를 존경하다가 임금으로 세웠다고 한 부분에서 잘 드러난다. 또한 혁거세

가 하늘에서 내려온 말이 낳은 알에서 태어났다는 점은 그가 경주

일대에서 살고 있던 고허촌장(高墟村長) 소벌공(蘇伐公)을 비롯한 6촌장

과는 다른 유이민 세력임을 말해 준다. 다만 혁거세

가 즉위하는 과정에서 6촌장

을 비롯한 토착 세력과 충돌한 흔적은 보이지 않기 때문에 토착 세력과 유이민 세력의 연합으로 즉위하였음을 짐작하게 한다.

석탈해나 김알지 역시 토착 세력이 아니긴 마찬가지였다. 사료에 따르면 외국에서 건너온 배가 가락국을 거쳐 아진포(阿珍浦)에 도착하자, 한 할머니가 배 안에 있는 상자를 열어서는 어린아이(석탈해)가 있는 것을 발견했고, 김알지의 경우도 하늘에서 드리운 구름 속에서 나뭇가지에 걸려 있는 상자를 열어 보니 사내아이(김알지)가 있었다고 한다. 이렇듯 신라의 왕을 배출한 세 집단 모두 토착 세력이 아니라 유이민 집단이라는 점은 다른 나라의 건국 신화와도 상통하는 부분으로, 신라가 외부에서 들어온 유이민 세력에 의해 한층 성장하고 발전하였음을 시사한다.

세 시조 신화 사이의 공통점은 다른 부분에서도 확인되는데, 석탈해 신화에서는 까치가 배 위에 모여듦으로써 포구에 있던 할머니의 관심을 유도한 반면에 김알지 신화에서는 흰 닭이 등장한다. 이는 혁거세

신화에서 말의 울음소리를 통해 소벌공의 관심을 끈 것과 비슷한 양상을 띠는데, 말과 까치, 흰 닭은 모두 주인공의 등장을 암시하는 매개체였다. 이를 통해 주인공은 예사롭지 않은 분위기에서 등장하여 신성성을 한층 더 강조하고 있다.

주인공을 신성하게 만든 것은 이뿐이 아니다. 혁거세

가 알에서 태어났다는 점을 이용해 일반인과 차별화 한 것이다. 또한 석탈해는 길이 20자, 너비 13자라는 굉장히 큰 상자에, 김알지는 황금 상자 안에 들어 있었다. 둘이 예사롭지 않은 상자에서 발견되었다는 점에서 다른 인물들과 달리 귀하고 신성하다는 것을 보여 준다. 이처럼 신라의 시조 신화에 등장하는 주인공은 다양한 유형의 장치를 통해 모두 신성한 인물로 그려지고 있다.

세 시조 신화는 동일한 내용은 아니지만 전체적인 구조면에서 크게 다르지 않다. 한 국가에서 여러 계통의 신화가 나타나는 것은 고구려나 백제에서는 찾아보기 힘든 신라만의 특징이라 할 수 있다. 여러 계통의 신화가 남아 있다는 것은 신라 문화가 그만큼 복합적이고 중층적이라는 점을 보여 준다. 특히 고구려나 백제의 시조가 능동적이고 영웅적 측면이 강하였던 것과 달리 혁거세

와 석탈해, 김알지는 그러한 면이 없다. 아마도 신라는 고구려나 백제처럼 한 세력이 다른 세력을 정복하면서 건국된 것이 아니라 여러 세력이 모여 합의로 세운 나라였기 때문에 시조의 영웅적인 모습이 잘 나타나지 않는 것으로 보인다.

그런데 혁거세

와 석탈해, 김알지는 서로 기반이 달랐던 듯하다. 석탈해는 사료에 나와 있는 것처럼 바다를 거쳐 신라에 도착하였다는 점에서 해양 세력과 연관되어 있는 것으로 보인다. 반면 김알지는 황금 상자에 담겨 있었다고 하는데, 황금 상자를 만들기 위해서는 철기와 제련 기술 확보가 필수적이므로, 김알지는 발전된 야금(冶金) 기술을 확보하고 있던 북방 세력과 관련되어 있는 것으로 이해된다.

신라의 세 시조 신화에는 주인공이 모두 신성하게 그려져 있을 뿐 아니라 유이민이라는 공통점이 있다. 다만 개개의 세력 기반이 다르고 신성성을 강조하는 모티프도 조금씩 차이가 있다. 아울러 혁거세

가 난생인 반면 김알지는 태생(胎生)이라는 점에서 한층 사실적이라 할 수 있다. 이는 결국 세 시조 신화가 일시에 형성된 것이 아니라 신라가 국가의 모습을 갖추어 나가는 과정에서 점진적으로 형성되어 갔음을 말해 준다.

이 글의 내용은 집필자의 개인적 견해이며, 국사편찬위원회의 공식적 견해와 다를 수 있습니다.

참고문헌

논문

「신라 건국 설화의 연구」,『민족문화논총』6,김화경,영남대학교 민족문화연구소,1984.
「신라의 건국신화와 의례」,『한국고대사연구』39,나희라,한국고대사학회,2005.
「신라건국설화의 연구」,『대구사학』4,문경현,대구사학회,1972.
「건국신화에 대한 일고찰-고구려⋅신라를 중심으로-」,『부산사학』19,장지훈,부산사학회,1990.

저서

『한국고대의 건국신화와 제의』, 김두진, 일조각, 1999.
『신라의 역사』1⋅2, 이종욱, 김영사, 2002.

편저

『신라와 가야의 건국신화』, 박상란, 한국학술정보(주), 2005.
『뿌리 깊은 한국사 샘이 깊은 이야기』1(고조선⋅삼국), 서의식⋅강봉룡, 솔출판사, 2002.
「건국신화와 시조 신화」, 최광식, 국사편찬위원회, 2003.

관련사이트

[http://db.history.go.kr/id/sg_001r_0020_0010] 국사편찬위원회 한국사데이터베이스

[https://www.history.go.kr/contents/contentsPage.do?groupId=000000000571&menuId=000000000574&pageId=000000000213]
저작권 정책

[https://www.history.go.kr/contents/contentsPage.do?groupId=000000000931&menuId=000000000992&pageId=000000000541]
데이터 개방

[https://www.history.go.kr/contents/contentsPage.do?groupId=000000000571&menuId=000000000572&pageId=000000000211]
개인정보처리방침

13809 경기도 과천시 교육원로 86 국사편찬위원회

COPYRIGHT © NATIONAL INSTITUTE OF KOREAN HISTORY ALL RIGHT RESERVED.

오류신고

본 사이트 자료 중 잘못된 정보를 발견하였거나 사용 중 불편한 사항이 있을 경우 알려주십시오. 이용자의 참여가 사이트 가치 향상에 큰 도움이 됩니다.

사이트 하단의 ‘오류신고’ 메뉴를 이용하시면 신고 내용의 적용여부를 확인하실 수 있습니다.

개인정보는 삭제하오니 유념하시기 바랍니다.

자료명

사료로 본 한국사

자료위치

https://contents.history.go.kr/id/hm_008_0040

제목

오류유형

오류내용

이름

자동입력 방지문자

소개

한국사를 이해하는 데 토대가 되는 주요 사료를 각 시대와 분야별로 선별하여, 원문과 번역문, 해설과 참고 자료를 함께 서비스하고 있습니다.
이를 통해 어려운 역사 자료에 좀 더 쉽게 접근할 수 있도록 하였습니다.

일러두기

1.한 편의 사료는 국문, 원문, 해설, 참고자료의 4가지 요소로 구성하였습니다.

2.사료의 종류는 [삼국사기], [삼국유사], 『고려사』, 『조선왕조실록』 등의 1차 사료(史料)를 비롯해 개인 문집, 금석문, 신문, 판결문, 선언문 등에 이르기까지 매우 다양합니다.

3.국문은 원문에 수록된 사료를 우리말로 번역하여 수록하였습니다. 사료의 상당수는 한문이며, 영어, 일본어 등도 포함되어 있습니다. 또한 근·현대 사료 또한 한자를 많이 사용하여 일반인이 접근하기가 어려우므로 이를 이용자가 쉽게 이해할 수 있도록 현대 한국어에 맞게 번역하였습니다.

4.해설 중에서 추가 설명이 필요한 역사 용어의 경우 글자를 별색으로 표기하였습니다. 보라색은 해당 글자에 마우스를 갖다 대면 간략한 설명이 제공되며, 파란색은 클릭하면 ‘교과서 용어 해설’ 및 ‘한국사 연대기’ 등의 관련 자료로 연계되도록 하였습니다.

5.참고 자료에서는 사료와 관련된 연구 논문과 저서 목록을 수록하였고, 해당 사료의 원문과 번역문을 직접 확인할 수 있도록 관련 사이트도 연계하였습니다.

DB 구축 참여자(2012~2013)

시기 구분
기획
집필
교열
윤문
자료 총괄
구축 년도

삼국 이전
삼국 시대
전미희
류주희
이규리
문동석
이정빈
이현태
장종진
장청화
이계형
2012

박남수
홍기승
문동석
이현태
장종진
김경복
장청화
2013

통일 신라와 발해
전미희
류주희
이규리
김창겸
김덕원
전경숙
장청화
이계형
2012

박남수
홍기승
문동석
이현태
장종진
김경복
장청화
2013

고려 시대
전미희
류주희
이규리
한정수
손민호
황영수
전경숙
장청화
이계형
2012

류주희
홍기승
한정수
김가람
김경복
장청화
2013

조선 시대
전미희
류주희
이규리
이경찬
박귀미
이기명
이화영
이근호
장청화
이계형
2012

이규리
홍기승
이근호
김가람
김경복
장청화
2013

근대
전미희
류주희
이규리
은정태
홍문기
최보영
장청화
이계형
2012

염복규
은정태
홍동현
김경복
장청화
2013

현대
전미희
류주희
이규리
박미경
이관형
김진흠
장청화
이계형
2012

김점숙
이정은
홍동현
김경복
장청화
2013

DB 구축 참여자(2023~)

시기 구분
기획
집필
교열
감수
구축연도

근대
신재호

이주호

곽금선, 김명섭, 김상연, 김상훈, 김영진, 김진혁, 김호걸, 노성룡, 박주영, 송영화, 이양희, 이지은,

임동현, 최용준, 한보람, 한승훈, 한애라, 한준호, 홍수연

이명학
정일영
2023

현대

곽경상, 김상규, 김상연, 김재웅, 김진혁, 서홍석, 신재준, 예대열, 이길중, 이지완, 정무용

김태윤
김아람

근대
신재호

이주호

곽금선, 박주영, 박한민, 이양희, 이지은, 임동현,

주동빈, 최용준, 한보람, 한승훈, 한애라, 한준호

이명학
양진아
2024

현대

김상연, 김청강, 예대열, 이길중, 이지완

김아람

삼국
신재호

홍선이

권순홍, 김기민, 김지현, 나유정, 이종록

이준성
이정빈
2025

DB 고도화 참여자(2022~)

시기 구분
기획
해설 집필
해설 교열
감수
구축연도

근대
신재호

이홍구

곽금선, 김기성, 김명섭, 김명재, 김명환, 김상훈, 김소영, 김영진, 김헌주, 남기현, 류동연, 박순섭,

박주영, 박한민, 성주현, 송영화, 심철기, 양진아, 이성우, 이양희, 이지은, 임인재, 최보민, 최보영,

최우석, 한보람, 한승훈, 한준호

박은숙

정일영

한승훈
김도형
2022

현대

김대현, 김동주, 문민기, 박경렬, 이재석, 이지완

박광명

임광순
김아람

김태우

조선 전기
신재호

이주호

신동훈, 양정현, 윤승희, 이경동, 이상민, 이지훈

서민주
나영훈
2024

조선 후기

도주경, 문광균, 오승관, 윤민경, 임성수, 채홍병

이행묵
박범

삼국 이전
신재호

홍선이

권순홍, 김기민, 김세진, 김지현, 나유정, 이종록

이준성
이정빈
2025

고려

김도연, 김보광, 김수연, 김종혁, 김지영, 김진곤,
김효섭, 박수찬, 안주영, 오경석, 오치훈, 이민기,
이바른, 이상민, 이창섭, 정동훈, 최은규, 현수진

이현경

황향주
한정수

최종석

메인 화면

1.교양 우리 역사 메뉴 내의 콘텐츠로 이동할 수 있습니다.

2.시대별 분야에 따른 사료 목록을 확인할 수 있습니다.

3.사료로 본 한국사 내 자료를 검색할 수 있습니다.

분류별 목록 화면

1.시대에 따른 분야별 목록을 확인할 수 있습니다.

2.개별 사료 클릭시 상세화면으로 이동합니다.

상세 화면 – 한면으로 보기

1.시대별/분야별 목차를 확인할 수 있고, 다른 사료로 바로 이동할 수 있습니다. 숨기기/열기 버튼을 이용해 닫거나 열어볼 수 있습니다.

2.각 사료에 대한 국문, 원문, 해설, 참고자료 정보를 4개의 탭으로 열람할 수 있습니다.

3.두 가지 정보를 비교해 볼 수 있는 ‘나란히 보기’ 화면으로 이동합니다. 드롭박스를 통해 열람하고자 하는 정보를 선택할 수 있습니다.

4.폰트 조정, 인쇄, 목록, 오류신고, 이전/다음 사료로 이동 등의 툴바 기능을 이용할 수 있습니다.

목록화면

1.시대에 따른 분야별 사료 목록이 배열됩니다.

2.메인 화면 및 시대별 목록을 열람할 수 있습니다.

3.상세 사료 목록을 펼침/닫힘 버튼을 통해 이용할 수 있습니다.",,,,https://contents.history.go.kr/front/hm/view.do?levelId=hm_008_0040,사료로 본 한국사\items\hm_age_20_삼국 시대\hm_ty_010_정치\hm_008_0040_신라의 건국과 시조 이야기.md
38,hm_age_20,삼국 시대,hm_ty_010,정치,hm_008_0050,금관가야의 건국 이야기,삼국 시대 > 정치 > 신비로운 건국 이야기의 세계 > 금관가야의 건국 이야기,"(천지가) 개벽한 뒤 이 땅에는 아직 나라의 이름이 없었고 또한 군신(君臣)의 칭호도 없었다. (이때를) 지나 아도간(我刀干)⋅여도간(汝刀干)⋅피도간(彼刀干)⋅오도간(五刀干)⋅유수간(留水干)⋅유천간(留天干)⋅신천간(神天干)⋅오천간(五天干)⋅신귀간(神鬼干) 등 9간(干)이라는 자들이 있었다. 이들 추장(酋長)이 백성을 통솔하였으니 모두 100호에 7만 5000명이었다. 많은 사람이 산과 들에 스스로 모여 우물을 파 (물을) 마시고 밭을 일궈 (곡식을) 먹었다.

때마침 후한(後漢)의 세조(世祖) 광무제(光武帝) 건무(建武) 18년(42년) 임인(壬寅) 3월 계욕(禊浴)

목욕을 통해 몸과 마음의 부정을 쫓아내는 의례.

하는 날에 마을 북쪽 구지(龜旨)
【이는 산봉우리의 이름인데 여러 마리 (거북이) 엎드린 모양과 같아 그렇게 불렀다】
에서 수상한 소리로 부르는 기척이 있었다. 2~300명이 이곳에 모여 있었는데 사람 소리 같은 것이 있었다. 그 모습은 숨기고 소리만 내며 말하기를, “여기에 사람이 있느냐?”라고 묻자, 9간 등이 이르기를, “저희들이 있습니다.”라고 하였다. 또 말하기를, “우리들이 있는 곳이 어디인가?”라고 묻자, 대답하기를 “구지(龜旨)입니다.”라고 하였다. 또 말하기를, “하늘이 우리에게 명하기를, ‘이곳에 가서 새로운 나라를 세우고 임금을 만들라.’고 하였기 때문에 내려온 것이다. 너희들은 모름지기 산봉우리 꼭대기의 흙을 파면서, ‘거북아 거북아, 머리를 내밀어라. 만일 내밀지 않으면 구워먹으리.’라고 노래를 부르면서 발을 구르고 춤추어라. 그러면 대왕을 맞이하게 되어 기뻐서 춤추게 될 것이다”라고 하였다.

9간 등은 그들 말과 같이 모두 기뻐하면서 노래하고 춤추었다. 얼마 지나지 않아 우러러 쳐다보니 오직 자주색 줄이 하늘에서 드리워져 땅에 닿아 있었다. 줄의 끝을 찾아보니 뜻밖에 붉은 보자기로 싸여 있는 금으로 된 상자가 나타났다. 열어 보니 황금알 6개가 있었는데 둥근 것이 해와 같았다. 무리는 모두 놀라고 기뻐서 함께 수없이 절을 하였다. 이윽고 다시 싸서 안고서 아도간의 집으로 돌아와 침상 위에 두었으며 무리는 흩어졌다.

12일이 지난 이튿날 아침 사람들이 다시 모여 상자를 열어 보니 6개의 알이 변하여 동자가 되어 있었는데 용모가 매우 훤칠하였다. 이에 침상에 앉히고 사람들이 공손히 예를 올렸으며 공경함이 그칠 줄 몰랐다. (그들은) 나날이 자라 10여 일이 지나자 키가 9척이어서 곧 은(殷)나라의 천을(天乙)

탕왕(湯王)을 가리킴

과 같았고 얼굴은 용과 닮아서 곧 한(漢)나라의 고조(高祖)

유방(劉邦)을 가리킴

와 같았다. 눈썹이 8가지 색깔인 것은 곧 중국의 고(高)

요(堯) 임금을 가리킴

와 같았고 눈이 쌍겹눈인 것은 곧 우(虞)나라의 순(舜)임금과 같았다. 그달 보름에 즉위하였으며, 처음 나타났다고 해서 이름을 수로(首露)

라고 하였는데, 혹 수릉(首陵)

【수릉은 죽은 뒤의 시호이다】
으로도 불렀다.

나라는 대가락(大駕洛)이라 부르고 또한 가야국(伽耶國)으로도 불렀으니 곧 6가야(伽耶) 중 하나다. 나머지 다섯 사람은 각기 돌아가 5가야의 임금이 되었으니, 동쪽은 황산강(黃山江), 서남쪽은 창해(滄海), 서북쪽은 지리산(地理山), 동북쪽은 가야산(伽耶山)으로 (경계를 지었고) 남쪽은 나라의 끝이었다. 임시 궁궐을 세우게 하고 들어가 거처하였는데, 다만 소박하고 검소한 것을 원하여 지붕을 이은 짚도 자르지 않았고 흙으로 된 계단은 3척이었다.

『삼국유사

』권2, 「기이」2 가락국기

開闢之後, 此地未有邦國之號, 亦無君臣之稱. 越有我刀干⋅汝刀干⋅彼刀干⋅五刀干⋅留水干⋅留天干⋅神天干⋅五天干⋅神鬼干等九干者, 是酋長, 領緫百姓, 凢一百戶, 七万五千人. 多以自都山野, 鑿井而飲, 耕田而食.

屬後漢世祖光㱏帝建㱏十八年壬寅三月禊洛之日, 所居北龜㫖
【是峯巒之稱, 若十明1)

1)

조병순 소장본에는 朋으로 되어 있다.

伏之状, 故云也.】
有殊常聲氣呼喚. 衆庻二三百人, 集會於此, 有如人音. 隠其形, 而發其音曰, 此有人否, 九干等云, 吾徒在. 又曰, 吾所在為何, 對云, 龜旨也. 又曰, 皇天所以命我者, 御是處惟新家邦爲君后, 爲兹故降矣. 你等湏掘峯頂撮土, 歌之云, 龜何龜何, 首其現也, 若不現也, 燔灼而喫也, 以之蹈舞. 則是迎大王, 歡喜踴躍之也.

九干等如其言, 咸忻而歌舞. 未㡬仰而観之, 唯紫䋲自天垂而着地. 尋䋲之下, 乃見紅幅褁金合子. 開而視之, 有黄金卵六, 圎如日者. 衆人悉皆驚喜, 俱伸百拜. 尋還, 褁著抱持, 而歸我刀家, 寘榻上, 其衆各散.

過浹辰, 翌日平明, 衆庻復相聚集開合, 而六卵化爲童子, 容皃甚偉. 仍坐於床, 衆庻拜賀, 盡恭敬止. 日日而大, 踰十餘晨昏, 身長九尺, 則殷之天乙, 顔如龍焉, 則漢之髙祖. 眉之八彩, 則有唐之髙, 眼之重瞳, 則有虞之舜. 其於月望日即位也, 始現故諱首露, 或云首陵
【首陵是崩後謚也】
.

國稱大駕洛, 又稱伽耶國, 即六伽耶之一也. 餘五人各歸爲五伽耶主, 東以黄山江, 西南以滄海, 西北以地理山, 東北以伽耶山, 南而爲國尾. 俾創假宫而入御, 但要質儉, 茅茨不剪, 土階三尺.

『三國遺事』卷2, 「紀異」2 駕洛國記

조병순 소장본에는 朋으로 되어 있다. [https://contents.history.go.kr#csid_1]

이 사료는 금관가야(金官伽倻)의 건국 신화이다. 『가락국기(駕洛國記)』는 『삼국유사

』에 실려 있지만 일연(一然, 1206~1289)

이 지은 것은 아니다. 『가락국기』의 주(注)에 의하면, 고려 문종(文宗, 1047~1083)

대 금관(金官)의 지주사(知州事)로 있던 어느 문인(文人)이 지은 것을 줄여 싣는다고 기록되어 있다. 따라서 금관가야의 건국 신화는 11세기에 작성되었음을 알 수 있는데, 여느 건국 신화와 마찬가지로 그 내용을 기록 그대로를 믿기는 어렵다. 그렇지만 9간(干) 등이 구지봉(龜旨峯)에 모여 노래를 부르자 황금알 6개가 하늘에서 내려왔고, 알이 동자로 변하자 그 중 1명을 추대하여 수로왕

이 되었다고 하는 줄거리에는 일정한 역사성이 반영되어 있다.

우선 가야국이 건국하기 이전 아도간(我刀干) 등 9명의 간이 백성을 통솔했다고 하는데, 이들은 김해 지역의 토착 지배 세력이라 할 수 있다. 이는 신라의 건국 설화에 등장하는 6촌장

에 비견된다고 하겠다. 반면 수로(首露)

등은 하늘에서 내려왔기 때문에 9간과는 계통을 달리하는 유이민 세력인 셈이다. 그런데 하늘에서 내려온 알에서 깨어난 수로

가 토착 세력인 9간의 추대에 힘입어 왕위에 올랐다는 점이 주목된다. 이는 곧 수로

로 대표되는 유이민 세력이 토착 세력을 누르고 지배권을 차지하였음을 의미하기 때문이다. 다만 수로

등은 물리력을 동원해 9간으로 대표되는 토착 세력을 제압한 것이 아니라 추대라는 절차를 밟은 점으로 보아 토착 세력이 지니고 있던 문화를 압도할 만한 경제⋅문화적 선진성을 가지고 있었던 것이 아닌가 추정된다. 여하튼 수로

는 큰 충돌 없이 토착 세력의 추대로 왕위에 올라 지배의 정당성을 인정받았던 것으로 보인다.

다음으로 수로

역시 하늘에서 내려온 금으로 된 상자 안에 담겨 있던 6개의 황금알 중 하나에서 깨어났다는 점이 흥미롭다. 이는 하늘에서 내려왔다는 천강(天降)적인 요소와 더불어 알에서 태어났다는 난생(卵生)적 요소가 모두 반영되어 있다. 천강이나 난생의 요소는 고조선이나 고구려 계통 신화에서도 찾아볼 수 있다. 이는 가야국의 지배층이 신성하게 여겨지도록 설정한 모티프가 한반도 북방 계통의 지배층과 크게 다르지 않았음을 뜻한다. 다만 수로왕

보다 9간이 먼저 나오는 점은 고조선이나 고구려 계통의 천신(天神)이 먼저 나오는 이른바 정복형 신화와는 다른 측면이다. 또한 9간을 포함해 200~300명이 구지봉에 모여 노래를 부르며 함께 춤을 췄다는 것은 일종의 협력 체제를 갖추고 있었음을 알려 주는데, 이 역시 다른 건국 신화와 차이가 나는 부분이다.

하지만 이 사료의 내용이 모두 수로

가 즉위할 무렵의 상황을 반영한 것은 아니다. 황금 상자 안에 6개의 알이 담겨 있었다는 부분은 가장 대표적인 사례다. 6개의 알 중 수로

가 깨어난 1개의 알을 제외한 나머지 5개의 알은 신화와의 연관성을 찾기 어렵다. 알에서 깨어난 5명이 다른 지역으로 건너가 지배권을 행사했는지도 의문이다. 학계에서는 ‘6가야 연맹’을 형성한 후대의 경험이 건국 신화에 반영되었거나, 금관가야가 다른 5가야와의 연맹 관계를 설명하기 위해 당초 알이 1개였지만 어느 시점부터 6개로 늘어난 것으로 이해하고 있다. 또한 금관가야의 건국 시기를 후한(後漢) 건무(建武) 18년(42년)이라고 한 점 역시 그대로 받아들이기 어렵다.

이렇듯 금관가야의 건국 신화 속에는 후대에 추가된 부분이 적지 않다. 그렇지만 이 사료는 금관가야의 건국 과정을 알려 주는 가장 핵심적인 자료로서 완전한 허구가 아니다. 사료 속에서 후대에 추가된 부분이 무엇이고 어떤 연유로 추가되었는지를 밝힌다면 금관가야를 포함한 6가야의 실체가 분명해질 것이다. 이 때문에 『삼국유사

』에 실려 있는 이 사료에 대한 이해는 금관가야의 건국 신화뿐 아니라 6가야를 이해하기 위해서는 필수적이라고 할 수 있다.

이 글의 내용은 집필자의 개인적 견해이며, 국사편찬위원회의 공식적 견해와 다를 수 있습니다.

참고문헌

논문

「가야의 건국신화와 제의」,『한국고대사연구』39,남재우,한국고대사학회,2005.

저서

『한국고대의 건국신화와 제의』, 김두진, 일조각, 1999.
『신라와 가야의 건국신화』, 박상란, 한국학술정보(주), 2005.

편저

「가야의 건국 설화」, 김태식, 국사편찬위원회, 2003.
「수로왕은 하늘에서，허왕후는 바다에서…」, 백승충, 가야사정책연구위원회 엮음, 헤안, 2004.
「가야 건국신화의 재조명」, 백승충, 부산대 한국민족문화연구소 편, 혜안, 2001.

관련사이트

[http://db.history.go.kr/id/sy_002r_0010_0230_0010] 국사편찬위원회 한국사데이터베이스",,,,https://contents.history.go.kr/front/hm/view.do?levelId=hm_008_0050,사료로 본 한국사\items\hm_age_20_삼국 시대\hm_ty_010_정치\hm_008_0050_금관가야의 건국 이야기.md
39,hm_age_20,삼국 시대,hm_ty_010,정치,hm_008_0060,대가야의 건국 이야기,삼국 시대 > 정치 > 신비로운 건국 이야기의 세계 > 대가야의 건국 이야기,"(고령은) 본래 대가야국(大伽倻國)이다
【자세한 것은 김해부(金海府)의 산천(山川)조 이하를 보라】
. 시조 이진아시왕(伊珍阿豉王)
【내진주지(內珍朱智)라고도 한다】
부터 도설지왕(道設智王)까지 무릇 16세 520년이다
【최치원(崔致遠)의 『석이정전(釋利貞傳)』을 살펴보면, 「가야산신(伽倻山神) 정견모주(正見母主)는 곧 천신(天神)인 이비가지(夷毗訶之)에게 감응되어 대가야(大伽倻)의 왕 뇌질주일(惱窒朱日)과 금관국(金官國)의 왕 뇌질청예(惱窒靑裔) 두 사람을 낳았다」고 되어 있으니, 즉, 뇌질주일은 이진아시왕의 별칭이고 뇌질청예는 수로왕(首露王)

의 별칭이 된다. 그러나 이는 가락국(駕洛國) 고기(古記)의 여섯 알 전설과 더불어 모두 근거가 없고 허황되어 믿을 수 없다. 또한 『석순응전(釋順應傳)』에 대가야국의 월광태자(月光太子)는 곧 정견(正見)의 10세손이요 그의 아버지는 이뇌왕(異腦王)이라고 하며, 신라에 결혼을 청하여 이찬(夷粲) 비지배(比枝輩)의 딸을 맞아 태자를 낳았다고 되어 있으니 이뇌왕은 곧 뇌질주일의 8세손이다. 그러나 이 또한 참고할 것이 못 된다】
.

『신증동국여지승람』권29 「경상도」 고령현 건치연혁

本大伽倻國
【詳見金海府山川下.】
. 自始祖伊珍阿豉王
【一云內珍朱智.】
, 至道設智王, 凡十六世五百二十年
【按崔致遠, 釋利貞傳云, 伽倻山神正見母主, 乃爲天神夷毗訶之所感, 生大伽倻王惱窒朱日⋅金官國王惱窒靑裔二人, 則惱窒朱日爲伊珍阿豉王之別稱, 靑裔爲首露王之別稱. 然與駕洛國古記六卵之說, 俱荒誕不可信. 又釋順應傳, 大伽倻國月光太子, 乃正見之十世孫, 父曰異腦王, 求婚于新羅, 迎夷粲比枝軰之女, 而生太子, 則異腦王乃惱窒朱日之八世孫也. 然亦不可考】
.

『新增東國輿地勝覽』卷29 「慶尙道」 高靈縣 建置沿革

이 사료는 조선 전기에 편찬된 인문 지리지인 『신증동국여지승람(新增東國輿地勝覽)』 중 경상도 고령현의 연혁을 전하는 기사로 대가야(大伽倻)의 건국 신화를 전하고 있어 주목된다. 대가야의 건국 신화는 흔히 이진아시왕(伊珍阿豉王, ?~?) 신화라고도 하는데, 금관가야(金官伽倻)의 수로왕(首露王, 재위 42~199)

신화와 더불어 가야의 건국 신화를 대표한다. 다른 나라의 건국 신화와 달리 가야의 경우 복수의 건국 신화가 남아 있는 것은 가야가 여러 소국으로 이루어진 연맹체였기 때문이다. 다만, 금관가야와 대가야의 건국 신화만 남아 있다는 점은 이들이 가야 연맹의 맹주국이었음을 시사한다고 볼 수 있다. 대가야의 건국 신화는 다른 나라 건국 신화에 비해 내용이나 구조가 간략하다. 하지만 대가야는 물론이고 가야 연맹의 체제나 성격을 이해하는 데는 중요한 사료이다.

대가야의 건국 신화는 『신증동국여지승람』 고령현 건치연혁(建置沿革)조에 수록되어 있다. 이에 따르면 대가야의 시조인 이진아시왕의 별칭은 뇌질주일(惱窒朱日)인데, 그는 산신(山神)인 정견모주(正見母主)와 천신(天神)인 이비가지(夷毗訶之)의 결합으로 태어났다고 한다. 그러므로 대가야의 건국 신화는 천신과 지모신의 결합에 의한 출생 신화라는 점에서 다른 건국 신화와 비슷한 면이 있으며, 천신과 산신의 후손임을 강조해 지배 세력의 위치를 확고히 하려는 목적을 갖고 있었던 것으로 보인다.

그런데 다른 건국 신화는 주인공이 알에서 태어났다는 난생(卵生)적 요소를 지니고 있지만, 대가야의 건국 신화에서는 그러한 요소가 보이지 않는다. 물론 정견모주가 알을 2개 낳았다는 민간전승이 남아 있는 것으로 미루어 대가야의 건국 신화에도 원래 난생 요소가 있었을 것이다. 그렇지만 다른 건국 신화와 달리 대가야의 건국 신화는 난생적 요소에 의존하지 않고 가야 산신인 정견모주를 강조하고 있다는 점이 가장 큰 특징이다.

최치원(崔致遠, 857~?)이 지은 『석이정전(釋利貞傳)』과 『석순응전(釋順應傳)』에 의하면 천신(天神)인 이비가지보다 가야산의 산신인 정견모주의 권위가 앞설 뿐 아니라 대가야의 왕계(王系) 또한 정견모주를 기준으로 파악되고 있다. 이는 고령 지방에 토착 세력이 대가야의 중심 세력으로 부상하였음을 의미하며, 수로왕

신화를 비롯해 다른 건국 신화에서 주인공이 외래문화를 바탕으로 성장하였던 점과 대비된다. 또한 대가야와 금관가야를 이끌던 중심 세력이 서로 계통을 달리하였음을 보여 준다고 해석할 수도 있다.

그런데 『석이정전』에 기록된 것처럼 대가야 왕 뇌질주일과 금관가야 왕 뇌질청예(惱窒靑裔)가 형제 관계로 설정되어 있는 점이 흥미롭다. 기왕에는 이 대목을 중시하여 가야가 5가야 내지 6가야 연맹체를 형성한 근거로 삼기도 하였지만, 근래에는 대가야가 성장하면서 금관가야 세력을 포섭하기 위해 내걸었던 전략적 표현일 뿐이라는 주장이 제기되기도 하였다. 학계에서는 처음에는 금관가야가 가야 연맹의 맹주였지만, 대체로 5세기 후반 무렵부터 대가야가 새로운 맹주로 부상한 것으로 파악하고 있는 게 일반적이다. 따라서 새롭게 성장한 대가야가 이전 시기의 맹주였던 금관가야와의 혈연적 유대 관계를 내세움으로써 지배의 정당성을 확보하려는 목적으로, 뇌질주일과 뇌질청예를 형제 관계로 설정한 것으로 여겨진다.

다만 대가야의 건국 신화는 『신증동국여지승람』 고령현 건치연혁조를 제외하면 관련 문헌이 없기 때문에 건국 신화의 형성 과정을 추적하기가 어렵고, 더욱이 고령현 건치연혁조의 상당 부분은 최치원의 『석이정전』과 『석순응전』을 옮겨 놓은 것에 불과하다. 최치원이 지은 『석순응전』과 『석이정전』은 9세기 전반에 활동했던 승려 순응(順應, ?~?)과 이정(利貞, ?~?)의 전기인데, 이들은 9세기 초에 해인사(海印寺)를 창건한 인물로 알려져 있다. 그렇다면 승려의 전기에 대가야의 건국 신화가 수록된 것은 무엇 때문일까? 아마도 순응과 이정이 창건한 해인사가 가야산에 자리 잡고 있다 보니, 두 승려의 전기를 찬술하는 과정에서 최치원이 가야산과 관련되어 있는 대가야의 건국 신화를 언급하게 된 것이 아닌가 짐작된다. 아울러 정견모주의 ‘정견(正見)’이나 ‘월광태자(月光太子)’ 등의 인명에서 불교적 색채가 강하게 묻어나는 점이나 ‘가야’라는 국명이 가야 당대에는 보이지 않는다는 점, 그리고 가야산이라는 명칭으로 미루어 이 사료와 같은 형태로 대가야의 건국 신화가 정형화된 시기를 해인사가 창건되던 9세기 초로 보는 견해도 있다. 해인사를 개창한 순응과 이정의 전기를 지은 최치원이 말년을 해인사에서 보냈다는 점을 고려하면 그럴 가능성이 높다고 생각된다.

이처럼 대가야의 건국 신화는 대체로 가야 연맹의 패권이 대가야로 옮겨 간 이후의 사정을 반영한다. 또한 여타의 건국 신화와 달리 외래 세력보다 토착 세력을 더 강조하고 있다는 점이 눈길을 끈다. 다만 이 설화 역시 원형 그대로의 모습이 아니라 후대에 덧붙여진 부분이 있는 만큼, 적절한 사료 비판과 더불어 그러한 요소가 신화에 덧붙여지게 된 배경에 주목한다면 한층 더 대가야 건국 신화의 원형에 다가설 수 있을 것이다. 그리고 더 나아가 대가야의 건국 신화가 어떤 과정을 거치며 전승되었는지도 밝혀 낼 수 있을 것이다.

이 글의 내용은 집필자의 개인적 견해이며, 국사편찬위원회의 공식적 견해와 다를 수 있습니다.

참고문헌

논문

「대가야의 세계와 도설지」,『진단학보』81,김태식,진단학회,1996.
「가야의 건국신화와 제의」,『한국고대사연구』39,남재우,한국고대사학회,2005.
「가야의 개국설화에 대한 검토」,『역사와 현실』33,백승충,한국역사연구회,1999.
「대가야의 신앙과 제의」,『가야사연구 : 대가야의 정치와 문화』,최광식⋅노중국 외 공저,한국고대사연구회,1995.

저서

『한국고대의 건국신화와 제의』, 김두진, 일조각, 1999.
『가야연맹사』, 김태식, 일조각, 1993.
『신라와 가야의 건국신화』, 박상란, 한국학술정보(주), 2005.
『대가야의 형성과 발전 연구』, 이형기, 경인문화사, 2009.

편저

「가야의 건국 설화」, 김태식, 국사편찬위원회, 2003.
「가야 건국신화의 재조명」, 백승충, 부산대 한국민족문화연구소 편, 혜안, 2001.

관련사이트

[http://db.itkc.or.kr/inLink?DCI=ITKC_BT_B001A_0300_010_0050_2000_004_XML] 한국고전번역원 한국고전종합DB",,,,https://contents.history.go.kr/front/hm/view.do?levelId=hm_008_0060,사료로 본 한국사\items\hm_age_20_삼국 시대\hm_ty_010_정치\hm_008_0060_대가야의 건국 이야기.md
40,hm_age_20,삼국 시대,hm_ty_010,정치,hm_008_0070,백제의 기원과 부여 계승 의식,삼국 시대 > 정치 > 신비로운 건국 이야기의 세계 > 백제의 기원과 부여 계승 의식,"백제(百濟)는 그 선대가 대체로 마한(馬韓)의 속국이었고, 부여(夫餘)의 별종이었다. 구태(仇台)란 사람이 있어, 처음으로 대방(帶方)에 나라를 세웠다. 그 땅의 경계는 동쪽으로 신라(新羅)에 닿고 북쪽으로 고구려(高句麗)와 접하며, 서쪽과 남쪽으로는 모두 큰 바다에 닿는다. 동서의 길이는 450리이고, 남북은 900여 리이다. 도읍은 고마성(固麻城)이다.

지방에는 다시 5방(方)이 있으니, 중방(中方)은 고사성(古沙城)·동방(東方)은 득안성(得安城)·남방(南方)은 구지하성(久知下城)·서방(西方)은 도선성(刀先城)·북방(北方)은 웅진성(熊津城)이다.

『주서』 권49, 열전41, 이역 상, 백제

백제국은 그 선조가 부여로부터 나왔다.

그 나라는 북쪽으로 고구려와 천여 리가 떨어져 있고 작은 바다의 남쪽에 위치하였다.

그 백성들은 정착 생활을 하는데, 지대가 대부분 낮고 습하여 모두 산에서 산다. 오곡(五穀)이 생산되고, 의복과 음식은 고구려와 같다.

『위서』 권100, 열전, 백제","百濟者, 其先蓋馬韓之屬國, 夫餘之別種. 有仇台者, 始國於帶方. 故其地界東極新羅, 北接高句麗, 西南俱限大海. 東西四百五十里, 南北九百餘里. 治 固麻城 其外更有五方: 中方曰古沙城. 東方曰得安城,南方曰久知下城, 西方曰刀先城, 北方曰熊津城.

『周書』 卷49, 列傳41, 異域 上, 百濟

百濟國 其先出自夫餘 其國北去高句麗千餘里 處小海之南. 其民土著, 地多下濕, 率皆山居 有五穀, 其衣服飮食與高句麗同

『魏書』 卷100, 列傳, 百濟","두 사료는 『주서(周書)』와 『위서(魏書)』에 기록된 백제의 기원과 관련된 자료이다. 특히 주목되는 것은 『주서』에 보이는 시조 구태(仇台)의 존재이다. 고구려와 신라와 달리 백제는 시조 전승이 복수로 전한다. 『삼국사기

(三國史記)』 백제본기(百濟本記)에는 온조

(溫祚)와 비류(沸流)가 시조로 기록되어 있는데, 그 계통에도 차이가 있다. 온조

는 북부여(北扶餘)에서 도망하여 고구려를 세운 주몽(朱蒙)의 아들로, 비류는 북부여왕 해부루(解夫婁)의 서손(庶孫)인 우태(優台)의 아들이라 하였다. 이처럼 백제의 시조 전승이 다양한 것은 백제의 건국 과정에서 몇 개의 경쟁 세력이 나름의 건국 신화를 형성시켰다고 보거나, 백제가 여러 계통의 세력이 연합하여 이루어졌기 때문으로 이해할 수 있다.

중국 사서에는 『삼국사기

』에 보이는 온조

와 비류에 의한 백제 건국 기사가 확인되지 않는다. 이와 반대로 636년에 편찬된 『주서』에는 백제의 건국자로서 구태라는 인물이 등장하고 있다. 『주서』는 7세기 당(唐)나라 태종(太宗) 정관(貞觀) 연간에 찬술되었지만, 기사가 가리키는 실상은 백제의 위덕왕(威德王, 525~598, 재위 544~598) 대의 사정을 전한 것으로 이해된다. 『주서』 이래로 시조 구태의 존재는 북조(北朝) 계통의 사서에서만 나타난다. 『수서(隋書)』가 대표적인데, 『주서』와는 약간의 차이를 보인다. 『수서』에는 구태를 동명(東明)의 후손이라 하였고, 그 외에도 『주서』와는 다르거나 보완된 정보들이 등장하는데, 이는 『수서』가 『동번풍속기(東藩風俗記)』를 비롯한 새로운 자료를 토대로 서술하였기 때문으로 추정된다.

중국 사서에 보이는 구태의 존재는 백제의 기원과 관련하여 쟁점이 되었다. 이에 구태를 『삼국사기

』에 보이는 온조

와 비류 그리고 고이왕(古爾王)과 연결해 보려는 시도들이 이루어졌다. 그 근거로는 대체로 음운의 유사성을 들었다. 또한 비류 설화에 보이는 우태와 동일한 인물로 파악하기도 한다. 이 외에도 위의 사료에서 구태가 대방(帶方)에 나라를 세웠다는 사실에 주목하여 그 지역을 공략한 근초고왕(近肖古王, ?~375, 재위 346~375)으로 보는 시각도 제시되었다. 이처럼 구태를 『삼국사기

』에 보이는 여러 인물에 투영하여 백제의 성립과 왕계의 변화를 설명하려는 노력이 이루어졌다. 그렇지만 중국 문헌에 나오는 구태와 『삼국사기

』의 시조와 관련된 인물을 연결하는 것은 주의해야 한다는 의견 또한 적지 않다.

『주서』에 보이는 구태 전승에는 그가 대방에 나라를 세웠다는 사실이 기재되어 있다. 『수서』에는 이를 대방고지(帶方故地)로 표기하였다. 이를 통해 옛 대방군 일대에 기반을 두고 백제의 건국 세력이 존재했다고 보는 견해가 있었다. 그러나 위 사료에서 보이는 대방은 6세기 후반 북제(北齊)·북주(北周)의 북조로부터 수당(隋唐) 시기까지 백제를 지칭하는 표현으로 사용되었고, 백제 위덕왕이 ‘대방군공백제왕(帶方郡公百濟王)’으로 책봉된 사례에서 대방은 단순히 백제의 영역을 의미할 뿐이라고 보는 비판적인 입장도 있다.

구태 전승에서 또 하나 중요한 점은 부여(夫餘)와 관련되어 있다는 점이다. 이는 백제의 부여 계승의식과도 연결되어 있다. 중국 문헌에서 백제가 부여계에서 나왔다는 인식이 최초로 확인되는 것은 위의 두 번째 기록에 보이는 『위서』이다. 『위서』에서 이러한 인식이 나타난 배경에는 백제의 개로왕(蓋鹵王, ?~475, 재위 455~475)이 472년 북위(北魏)로 보낸 표문에 근거한 것으로 이해된다. 개로왕이 보낸 표문에는 백제가 고구려와 함께 부여에서 나왔다고 기재되어 있는데, 이러한 인식이 『위서』에 반영된 것으로 파악된다.

백제의 부여 계승의식은 『삼국사기

』에서도 확인된다. 대표적인 사례가 성왕(聖王)이 웅진에서 사비로 천도하면서 국호를 남부여(南扶餘)라 칭한 것이다. 『주서』에 보이는 부여에서 나온 구태가 백제의 시조라는 전승 역시 이러한 역사적 상황과 연결되어 있다고 볼 수 있다.

그렇다면 구태 전승과 더불어 백제의 부여 계승의 의식은 어떠한 맥락을 통해 나타나게 된 것일까. 이에 대해서는 당시 백제와 고구려의 경쟁 상황에 주목하기도 한다. 백제와 고구려의 갈등은 4세기 초반 낙랑(樂浪)과 대방(帶方)군이 물러나면서 해당 지역의 주도권을 둔 전쟁으로부터 본격적으로 시작되었다.

이후 475년 고구려 장수왕(長壽王, 394~491, 재위 413~490)

의 공격으로 개로왕이 죽으면서, 백제는 웅진으로 천도하게 된다. 백제는 웅진으로 천도한 이후에도 고구려에 반격을 가하기 위해 움직였으며, 무령왕(武寧王, 462~523, 재위 501~523) 시기에는 그러한 모습이 본격적으로 확인된다. 이러한 상황 속에서 494년 고구려는 부여를 병합하였다. 이 사건은 자신들의 뿌리를 부여에 둔 백제의 정통성에 타격을 주었을 것으로 보인다. 이에 백제는 부여에서 출자했다는 인식 대신 부여를 계승하였다는 방향으로 강조점을 전환함으로써 정통성을 강화하고자 하였고, 그 일환으로 구태 시조설이 성립되었다고 이해되기도 한다.

이처럼 위의 사료를 둘러싸고 복잡한 쟁점들이 다루어지고 있다. 구태 전승의 해석이 복잡한 쟁점을 동반하지만, 백제의 기원과 정통성 인식이라는 두 가지 측면에서 중요한 의미가 있다.

이 글의 내용은 집필자의 개인적 견해이며, 국사편찬위원회의 공식적 견해와 다를 수 있습니다.

참고문헌

논문

박현숙, 「백제 건국신화의 형성과정과 그 의미」, 『한국고대사연구』 39, 2005.
정재윤, 「구태 시조설의 성립 배경과 그 의미」, 『한국고대사연구』 51, 2008.
강진원, 「중국 문헌 소재 백제 건국 전승의 실체와 배경」, 『동서인문학』 58, 2020.
임기환, 「백제 시조전승의 형성과 변천에 관한 고찰」, 『백제연구』 28, 1998.

저서

노중국, 『백제정치사』, 일조각, 2018.
이홍직, 『韓國古代史의 硏究』, 神丘文化社, 1971.

이형기, 『대가야의 형성과 발전 연구』, 경인문화사, 2009.

편저

노중국 외, 『백제건국론』, 광진문화원, 2019.
노중국 외, 『백제학연구총서 쟁점백제사 1 - 백제, 누가 언제 세웠나』, 한성백제박물관, 2013.
동북아역사재단 한국고중세사연구소 편, 『초기 백제사의 제문제』, 동북아역사재단, 2018.

관련사이트

[https://db.history.go.kr/id/jo_010r_0010_0020_0010] 『주서』 권49, 열전41, 이역 상, 백제, 국사편찬위원회 한국사데이터베이스

[https://db.history.go.kr/id/jo_009r_0010_0020_0010] 『위서』 권100, 열전, 백제, 국사편찬위원회 한국사데이터베이스",,https://contents.history.go.kr/front/hm/view.do?levelId=hm_008_0070,사료로 본 한국사\items\hm_age_20_삼국 시대\hm_ty_010_정치\hm_008_0070_백제의 기원과 부여 계승 의식.md
41,hm_age_20,삼국 시대,hm_ty_010,정치,hm_009_0010,고구려의 왕실 인식과 왕계,삼국 시대 > 정치 > 고구려의 체제 정비와 영토 확장 > 고구려의 왕실 인식과 왕계,"이이모(伊夷模)는 아들이 없었는데, 관노부(灌奴部) (출신의 여인과) 사통(私通)하여 아들을 낳았으니, 이름을 위궁(位宮)이라고 하였다. 이이모가 죽자 (위궁을) 세워 왕으로 삼았는데 지금 고구려 왕 궁(宮)이다. 그 증조(曾祖)의 이름도 궁(宮)이었는데 태어나면서부터 눈을 뜨고 볼 수 있었으니, 그 나라 사람들이 그를 미워하였다. 그가 성장하자 과연 흉학하여 여러 차례 (중국을) 침략하였다가 도리어 고구려가 피해를 입었다. 지금 왕도 태어나면서부터 또한 눈을 뜨고 다른 사람을 볼 수 있었다. 고구려에서는 서로 닮은 것을 가리켜 ‘위(位)’라고 하는데, 그 증조부와 닮았기 때문에 그에게 위궁이라는 이름을 붙였다. 위궁은 힘이 세고 씩씩하였으며, 말을 잘 타고 사냥을 잘했다.

『삼국지』권30, 「위서」30 오환선비동이전

伊夷模無子, 淫灌奴部, 生子名位宮. 伊夷模死, 立以爲王, 今句麗王宮是也. 其曾祖名宮, 生能開目視, 其國人惡之. 及長大, 果凶虐, 數寇鈔, 國見殘破. 今王生墮地, 亦能開目視人. 句麗呼相似爲位, 似其祖, 故名之爲位宮. 位宮有力勇, 便鞍馬, 善獵射.

『三國志』卷30, 「魏書」30 烏丸鮮卑東夷傳

이 사료는 『삼국지(三國志)』 「동이전(東夷傳)」의 것으로, 3세기 중반 고구려의 왕위 계승을 전하고 있다. 고구려 왕이었던 이이모(伊夷模)가 죽은 후 그의 아들인 위궁(位宮)이 즉위한 사실을 기술하고 있는데, 여기서 위궁의 출생과 관련한 내용, 즉 이이모가 관노부(灌奴部) 여인과 사통하였다는 사실은 『삼국사기

』 「고구려본기」에서도 찾아볼 수 있다. 「고구려본기」에서는 산상왕(山上王, 재위 197~227)이 주통촌(酒桶村)의 여인과 사통해 동천왕(東川王, 재위 227~248)을 낳았다고 전하고 있다. 이 점에서 이이모는 산상왕, 위궁은 동천왕으로 이해할 수 있다. 특히 동천왕의 이름이 위궁이라고 하여 태조왕(太祖王, 재위 53~146)

궁(宮)과 닮았다고 한 점이나, 동천왕이 그의 이름을 이어받았다고 기술한 점이 흥미롭다.

태조왕

은 ‘태조(太祖)’라는 명칭이 ‘큰할아버지’라는 뜻을 갖고 있는 데서도 짐작할 수 있듯이 왕조의 개창자라는 의미를 갖는다. 그런데 「고구려본기」에 따르면, 고구려 시조는 동명성왕(東明聖王, 재위 기원전 37~기원전 19)

주몽이며, 그 이후 4명의 왕이 더 있었다. 따라서 태조왕

과 그 이전 왕들의 계보를 어떻게 이해할 지가 문제가 된다. 이에 대해서는 왕을 배출하는 그의 소속 부(部)가 교체되었다고 보기도 하며, 왕을 배출하였던 계루부(桂婁部) 내의 방계(傍系)가 즉위한 것으로 보기도 한다.

이처럼 태조왕

이 고구려 왕계에서 갖는 특성을 고려해 보면, 동천왕이 그와 닮았다고 인식된 점이나 그의 이름을 딴 것은 특별한 이유가 있었던 것으로 이해할 수 있다. 적어도 동천왕 대에는 태조왕

을 왕실의 중요한 시조로 인식되었다고 짐작할 수 있는 것이다. 하지만 4세기 중반 소수림왕(小獸林王, 재위 371~384)

대 종묘(宗廟)를 수리하였다는 기록으로 보아 이 무렵에는 주몽을 시조로 하는 왕실 계보의 정리가 일단락되었다고 생각된다. 5세기에 건립된 「광개토왕 비문(廣開土王碑文)

」 첫머리에 주몽이 시조로 나오는 것도 이러한 변화의 결과였다고 할 수 있다.

이 글의 내용은 집필자의 개인적 견해이며, 국사편찬위원회의 공식적 견해와 다를 수 있습니다.

참고문헌

논문

「4⋅5세기 고구려 왕실의 세계인식 변화」,『한국고대사연구』4,조인성,한국고대사학회,1990.

저서

『고구려사 연구』, 노태돈, 사계절, 1999.
『한국고대정치사회사연구』, 이기백, 일조각, 1996.

관련사이트

[http://db.history.go.kr/id/jo_004r_0010_0030_0120] 국사편찬위원회 한국사데이터베이스",,,,https://contents.history.go.kr/front/hm/view.do?levelId=hm_009_0010,사료로 본 한국사\items\hm_age_20_삼국 시대\hm_ty_010_정치\hm_009_0010_고구려의 왕실 인식과 왕계.md
42,hm_age_20,삼국 시대,hm_ty_010,정치,hm_009_0020,국상 을파소의 등용,삼국 시대 > 정치 > 고구려의 체제 정비와 영토 확장 > 국상 을파소의 등용,"(고국천왕(故國川王) 12년(190), …… (중략) …… 중외대부(中畏大夫) 패자(沛者) 어비류(於畀留)와 평자(評者) 좌가려(左可慮)는 모두 왕후(王后)의 친척으로 나라의 권세를 잡았다.. 그 자제는 모두 세력을 믿고 교만하고 사치하였으며 남의 자녀와 전택(田宅)을 약탈하여 나라 사람들이 원망하고 분개하였다. 왕이 이를 듣고 노하여 그들을 주살하려고 하자, 좌가려 등은 4연나(四椽那)와 함께 반란(叛亂)을 도모하였다.

13년(191) 여름 4월, (좌가려 등이) 무리를 모아 왕도(王都)를 공격하니 왕이 기내(畿內)의 병마(兵馬)를 징발해 그들을 평정하고 마침내 영(令)을 내렸다. “요즘 관직을 총애로써 주고 관위에 덕이 없어도 승진토록 하니 그 해독이 백성까지 흘렀고 우리 왕가(王家)를 요동하도록 했다. 이는 과인(寡人)이 현명하지 못한 까닭이다. 지금 너희 4부(部)는 각기 현명하고 어진 아랫사람을 천거하라!” 이에 4부가 모두 동부(東部) 안류(晏留)를 추천하니, 왕이 그를 불러 국정(國政)을 맡겼다. 안류가 왕에게 말하기를, “저는 용렬하고 어리석어 본래 큰 정치에 참여하기 부족합니다. 서압록곡(西鴨淥谷) 좌물촌(左勿村)의 을파소(乙巴素)는 유리왕(琉璃王)대 대신(大臣)인 을소(乙素)의 후손으로 성품이 강직하고 지혜와 사려가 깊지만, 세상에 쓰이지 못하고 힘들여 밭을 갈아 스스로 먹고 있습니다. 대왕께서 만약 나라를 다스리고자 하신다면, 이 사람이 아니고서는 어렵습니다.”라고 하였다.

왕이 사신을 보내 겸손히 말하고 예의를 갖추어 그를 초빙하고는 중외대부(中畏大夫)의 벼슬을 내리고 관작(官爵)을 더하여 우태(于台)로 하였으며 다음과 같이 말하였다. “과인은 외람되이 선왕의 왕업을 이어 신민(臣民)의 윗자리에 있으나, 덕이 부족하고 재주가 짧아서 다스리는 데 부족함이 많소. 선생께서는 재주와 지혜를 감추고 구석진 초야에 묻혀 계신지 오래되었소. 지금 나를 버리지 않고 서둘러 와 주셨으니 비단 과인의 기쁨과 행운만이 아니라 사직(社稷)과 백성의 복이오. 가르침을 받들려 하니 공께서 그 마음을 다해 주기를 바랍니다.”

을파소는 비록 나라에 관직을 맡을 생각을 하였지만, 받은 관직이 일을 처리하기 부족하다 생각하여 대답하기를, “신은 우둔하여 감히 엄명(嚴命)을 감당하기 어렵습니다. 대왕께서 현명하고 어진 이를 선발하여 높은 관직을 제수하시어 대업(大業)을 이루시기 바랍니다”라고 하였다. 왕은 그의 뜻을 알고 이에 국상(國相)에 제수하고 정사(政事)를 맡겼다. 이에 조정의 신료와 왕실의 종척(宗戚)은 을파소가 신진으로서 구신(舊臣)을 함부로 한다고 생각하여 그를 미워하였다.

왕이 교(敎)를 내려, “귀천(貴賤)을 막론하고 진실로 국상을 따르지 않는 자는 씨족을 멸할 것이다!”라고 말하였다. 을파소가 물러나와 사람들에게 말하기를, “때를 만나지 못한 즉 은둔하고 때를 만난 즉 벼슬하는 것이 선비의 떳떳한 도리인데, 오늘 임금께서 나를 대우해 주시는 뜻이 깊으니, 어찌 예전의 은둔을 다시 생각할 수 있으리오.”라고 하였다. 이에 정성을 다하여 나라의 일을 받듦으로써 정교(政敎)를 밝히고, 상벌을 신중하게 하니, 인민이 평안하여 안팎이 무사하였다.

『삼국사기

』권16, 「고구려본기」4 고국천왕 13년

十二年, ……(中略)…… 中畏大夫沛者於畀留評者左可慮, 皆以王后親戚, 執國權柄, 其子弟並恃勢驕侈. 掠人子女, 奪人田宅, 國人怨憤. 王聞之, 怒欲誅之, 左可慮等與四椽那謀叛.

十三年, 夏四月, 聚衆攻王都, 王徵幾1)

1)

주자본⋅을해목활자본에는 畿로 되어 있다.

內兵馬, 平之, 遂下令曰. 近者, 官以寵授, 位非徳進, 毒流百姓, 動我王家. 此寡人不明所致也. 今汝四部, 各舉賢良在下者. 於是, 四部共舉東部晏留, 王徴之, 委以國政. 晏留言於王曰. 微臣庸愚, 固不足以叅大政. 西鴨淥谷左勿村乙巴素者, 琉璃王大臣乙素之孫也, 性質剛毅, 智慮淵深, 不見用於丗2)

2)

주자본⋅을해목활자본에는 世로 되어 있다.

, 力田自給. 大王若欲理國, 非此人則不可.

王遣使以卑辭重禮聘之, 拜中畏大夫, 加爵爲于台, 謂曰. 孤叨承先業, 處臣民之上, 德薄材短, 未濟於理. 先生藏用晦明, 窮處草澤者久矣. 今不我棄, 幡然而來, 非獨孤之喜幸, 社㮨3)

3)

주자본⋅을해목활자본에는 稷으로 되어 있다.

生民之福也. 請安承敎, 公其盡心. 巴素意雖許國, 謂所受職不足以濟事, 乃對曰. 臣之駑蹇, 不敢當嚴命. 願大王選賢良, 授高官以成大業. 王知其意, 乃除爲國相, 令知政事. 於是, 朝臣國戚, 謂素以新閒舊, 疾之.

王有教曰. 無貴賤, 苟不從國相者, 族之. 素退而告人曰, 不逢時則隱, 逢時則仕, 士之常也. 今上待我以厚意, 其可復念舊隱乎. 乃以至誠奉國, 明政教, 慎賞罰, 人民以安, 內外無事.

『三國史記』卷16, 「高句麗本紀」4 故國川王 13年

주자본⋅을해목활자본에는 畿로 되어 있다. [https://contents.history.go.kr#csid_1]

주자본⋅을해목활자본에는 世로 되어 있다. [https://contents.history.go.kr#csid_2]

주자본⋅을해목활자본에는 稷으로 되어 있다. [https://contents.history.go.kr#csid_3]

이 사료는 좌가려(左可慮)로 대표되는 연나부(椽那部) 세력의 모반과 평정, 그리고 을파소(乙巴素)의 국상(國相) 임명 과정을 전하고 있다. 이 중에서 을파소와 관련한 내용은 『삼국사기

』 을파소전(乙巴素傳)에서도 전하는 데 대체로 내용은 동일하다.

고국천왕(故國川王, 재위 179~197)은 즉위한 다음 해(180년)에 우씨(于氏)를 왕후로 삼았는데, 우씨는 제나부(提那部) 출신이었다고 한다. 흔히 여기서 제나부는 연나부의 오기(誤記)로 이해한다. 고구려는 산상왕(山上王, 재위 197~227)부터 서천왕(西川王, 재위 270~292)에 이르기까지 연나부에서 대대로 왕비를 배출한 이른바 연나부 왕비족(王妃族) 시대가 시작되었다.

고국천왕 대는 신대왕(新大王, 재위 165~179년) 이후 부자 상속의 왕위 계승이 차츰 안정되어 가던 시점이었다. 고국천왕은 왕비족 연나부와 연합함으로써 왕위를 계승하고 왕권을 안정시키는 동시에 연나부를 억제하며 왕권을 더욱 강화하고자 노력하였다. 좌가려를 비롯한 연나부 세력의 모반은 이 과정에서 발생하였다. 이를 평정한 고국천왕은 국왕 중심의 정치 질서를 더욱 공고히 구축할 수 있었다고 보이는데, 이 사료에서부터 동부(東部)라는 방위명의 부명이 본격적으로 등장한다는 점도 이와 무관치 않다고 이해된다.

고구려는 왕실 계루부(桂婁部)와 4개의 나부(那部)

비류나부(沸流那部)⋅연나부⋅환나부(桓那部)⋅관나부(貫那部)

를 중심으로 국가를 형성하였다. 고구려 초기 지배층의 많은 수가 나부 출신이었다. 하지만 고국천왕 대 이후 동부⋅서부⋅남부⋅북부의 방위명부 출신의 정치 세력이 점차 증가한 반면, 나부 출신은 3세기 후반에 거의 소멸하였다. 방위명부는 고국천왕이 4연나의 모반을 평정하기 위하여 병마를 징발한 기내(畿內) 지역에 두었는데, 중앙의 왕실을 중심으로 한 행정적인 통치단위였다고 이해된다. 따라서 방위명부 등장과 나부의 소멸은 고구려가 국왕 중심의 정치 체제로 나아가고 있었음을 말해 준다. 연나부 세력의 모반은 바로 이와 같은 정치적 변화에 따른 반발로 생각된다.

국상의 임명도 이러한 맥락에서 이해할 수 있다. 현재 국상의 성격에 관해서는 크게 두 가지 견해가 제시되고 있다. 국상이 제가 회의(諸加會議)

의 의장(議長)으로 제가 세력을 대표하였다고 보는 견해와 이와 달리 국왕 직속의 관료 집단 수장으로 왕권을 뒷받침하였다는 견해가 그것이다. 후자의 경우 을파소가 유력한 대가가 아니라 스스로 농사를 짓던 한미한 가문 출신이라는 점, 국상의 임명이 어디까지나 국왕을 통해 이루어졌다는 점, 국상의 정치적 활동이 왕권과 밀접하였다는 점을 주목한다. 반면 전자의 경우 국상이 종신직이라는 점에 무게를 둔다. 또한 국상이 국왕의 임명을 받았다고 기록되어 있지만, 사실상 국왕에게 임면권(任免權)이 없었고 제가 회의

를 통해 선출되었고, 제가 세력을 대표하였다고 이해한다. 을파소의 국상 임명이 비록 형식에 그치고 말았지만 4부의 추천을 통해 결정되었던 것도 그러한 일면을 보여 준다.

국상의 성격에 대해서는 논란의 여지가 있지만, 국상이란 관직의 설치가 왕권이 이전보다 강화되었음을 의미한다는 데에는 이견이 없다. 국상을 제가 회의

의 의장으로 보는 견해에서도 국상이 설치되기 이전까지 국왕은 제가의 하나로 제가 회의

에 참석해 국정을 결정하였지만, 국상이 설치됨으로써 제가 회의

는 국왕 대신 국상이 이끌고 제가 회의

의 결정 사항은 국상을 통해 보고받음으로써 국왕은 제가 세력을 초월한 존재로 부상하였다고 이해한다.

이 글의 내용은 집필자의 개인적 견해이며, 국사편찬위원회의 공식적 견해와 다를 수 있습니다.

참고문헌

논문

「고구려국상고(상)⋅(하)」,『한국학보』16⋅17,노중국,일지사,1979.
「고구려초기의 좌⋅우보와 국상」,『전해종박사 화갑기념 사학논총』,이종욱,일조각,1979.

저서

『고구려 전기 정치사 연구』, 금경숙, 고려대학교 민족문화연구원, 2004.
『고구려사 연구』, 노태돈, 사계절, 1999.
『한국고대정치사회사연구』, 이기백, 일조각, 1997.
『고구려의 역사』, 이종욱, 김영사, 2005.
『고구려 정치사 연구』, 임기환, 한나래, 2004.

관련사이트

[http://db.history.go.kr/id/sg_016r_0030_0100] 국사편찬위원회 한국사데이터베이스",,,,https://contents.history.go.kr/front/hm/view.do?levelId=hm_009_0020,사료로 본 한국사\items\hm_age_20_삼국 시대\hm_ty_010_정치\hm_009_0020_국상 을파소의 등용.md
43,hm_age_20,삼국 시대,hm_ty_010,정치,hm_009_0030,소수림왕의 체제 정비,삼국 시대 > 정치 > 고구려의 체제 정비와 영토 확장 > 소수림왕의 체제 정비,"[소수림왕

] 2년(372) 여름 6월, 진왕(秦王) 부견(苻堅)이 사신과 승려 순도(順道)를 보내 불상과 경전을 전하였다. 왕이 사신을 보내 회사(廻謝)하고 방물(方物)을 바쳤다. 태학(太學)

을 세우고 자제(子弟)를 교육시켰다.

3년(373), 처음으로 율령(律令)을 반포

하였다.

4년(374), 승려 아도(阿道)가 왔다.

5년(375) 봄 2월, 처음으로 초문사(肖門寺)를 창건하고 순도(順道)를 두었으며, 또한 이불란사(伊弗蘭寺)를 창건하고 아도를 두니, 이것이 해동(海東) 불법(佛法)의 시초였다.

『삼국사기

』권18, 「고구려본기」6 소수림왕

2⋅3⋅4⋅5년

二年, 夏六月, 秦王符堅, 遣使及浮屠順道, 送佛像經文. 王遣使迴謝, 以貢方物.

立大2)

2)

주자본과 을해목활자본에는 太로 되어 있다.

學, 敎育子弟.

三年, 始頒律令.

四年, 僧阿道来.

五年, 春二月, 始創肖門寺, 以置順道. 又創伊弗蘭寺, 以置阿道, 此海東佛法之始.

『三國史記』卷18, 「高句麗本紀」6 小獸林王 2⋅3⋅4⋅5年

주자본과 을해목활자본에는 太로 되어 있다. [https://contents.history.go.kr#csid_2]

이 사료는 4세기 후반 소수림왕(小獸林王, 재위 371~384)

대 불교의 수용과 태학(太學)

설치, 그리고 율령(律令)의 반포

에 대해 전하고 있다. 소수림왕

이전의 고구려는 대내외적인 위기 상황에 직면해 있었다. 4세기 전반까지 지속적인 영토 확장을 기반으로 국왕 중심의 중앙 집권적 국가 체제를 지향해 나갔지만 제도의 정비가 수반되지 못하면서 여러 방면에서 그 한계가 드러났던 것이다. 특히 고국원왕(故國原王, 331~371)은 서방의 전연(前燕)과 남방의 백제를 맞아 고전을 면치 못하였다. 심지어 국왕 자신이 백제의 공격을 방어하다 전사하기까지 하였다. 고국원왕의 뒤를 이은 소수림왕

은 왕실의 권위를 회복하고 국가 체제를 정비해 위기를 극복하고자 하였는데, 이 사료에 보이는 일련의 조치가 바로 이를 목적으로 하였다고 이해된다.

먼저 불교 수용이 주목된다. 이 사료에서 고구려는 전진(前秦)으로부터 불교를 수용한 것으로 나온다. 그런데 이보다 앞서 동진(東晋)의 승려 지둔도림(支遁道林, 314~366)이 고구려의 한 도인(道人)에게 편지를 보냈다는 기록이 있다. 이로 보아 고구려는 늦어도 4세기 전반부터 불교를 접하고 있었다고 짐작할 수 있다. 더욱이 고구려는 일찍부터 낙랑(樂浪)

⋅대방(帶方)

과 교류하였을 뿐 아니라 314년에는 이 지역을 완전히 장악하였다. 그러므로 고구려의 불교 전래 시점은 4세기보다 이른 시기로 올라갈 가능성도 충분하다. 다만, 이 사료에 보이는 불교 수용은 국가의 공인(公認)을 의미하는 것으로, 이전의 불교 전래와는 구분된다.

소수림왕

대에 고구려 최초의 사찰인 초문사(肖門寺)와 이불란사(伊弗蘭寺)를 창건할 정도로 국가가 불교를 적극적으로 지원하기 시작했다. 이 점에서 고구려가 불교를 수용한 의미는 국가 권력과의 관계에서 찾아볼 수 있다. 비단 고구려뿐이 아니라 한국 고대 여러 나라의 불교 수용은 국가권력과 밀접한 관계에 있었다. 불교 수용 이전까지 고대의 종교와 신앙은 주로 샤머니즘이었으나, 이는 지역적 특색이 강해서 국가의 사상적 구심점으로 기능하기가 어려웠다. 고구려가 수용한 전진의 불교는 호국불교(護國佛敎)로 국왕 중심의 정치 이념과 부합하였다. 따라서 국왕 중심의 중앙 집권적 국가 체제를 추구한 소수림왕

의 정치적 목적과 통하는 면이 있었기에 귀족 세력보다 국왕이 앞장섰던 불교를 수용한 것으로 이해된다.

물론 고구려로 수용된 이후 불교가 줄곧 국왕의 정치 이념만 수식한 것은 아니었다. 불교의 업(業)⋅윤회(輪回) 사상은 신분제 질서를 합리화 하는 면이 있었다. 불교에서는 현세(現世)의 사회적 지위가 전세(前世)의 업으로 설명되었고, 현세에서의 괴로움이 내세(來世)를 통해 해소될 수 있다고 보았다. 그러므로 불교는 기본적으로 국왕 중심의 정치 이념을 수식하였을 뿐 아니라 여러 귀족 세력의 환영을 받았다. 그 결과 고구려를 비롯한 삼국의 불교는 귀족 세력의 신앙으로 정착하며 지배 이념으로 기능하였다.

다음으로 태학

이 주목된다. 태학

은 유교의 교육기관이다. 고대의 유교 사상은 주로 충⋅효를 강조하였는데, 이는 정치적으로 국왕 중심의 정치 질서를 지향하였다. 그러므로 태학

의 설립과 교육을 통해 유교적 인재를 배출함으로써 왕권을 지지하는 관료 집단을 확보할 수 있었다. 또한 유교 교육은 이념적으로만 아니라 정치적 실무 능력을 구비하는 데에도 도움이 되었다.

마지막으로 율령

은 중국에서 성립, 발전한 성문법의 일종으로 각종 관료 규정과 공적 업무의 처리 절차, 조세 제도와 의례를 비롯한 정치 운영과 사회생활 전반을 국가가 수립한 기준과 원리 속에 규정한 것이다. 이에 율령

의 반포는 국가 운영의 제도적 장치가 완비되었음을 의미한다. 소수림왕

대 불교의 수용과 태학

의 설립이 거의 동시에 이루어진 이유도 여기서 찾아진다. 따라서 불교의 수용과 태학

의 설립, 그리고 율령의 반포

는 서로 다른 사상을 기반으로 하였고 또한 그 직접적인 목적에는 차이가 있었지만, 모두 국가 체제의 제도적 정비를 지향하고 있었던 것이다.

이 글의 내용은 집필자의 개인적 견해이며, 국사편찬위원회의 공식적 견해와 다를 수 있습니다.

참고문헌

논문

「고구려율령에 관한 일시론」,『동방학지』21,노중국,연세대학교 국학연구원, 연세대학교 출판부,1979.

저서

『고구려 전기 정치사 연구』, 금경숙, 고려대학교 민족문화연구원, 2004.
『고구려사 연구』, 노태돈, 사계절, 1999.
『신라사상사연구』, 이기백, 일조각, 1986.
『한국고대정치사회사연구』, 이기백, 일조각, 1996.
『고구려의 역사』, 이종욱, 김영사, 2005.
『고구려 정치사 연구』, 임기환, 한나래, 2004.
『고구려 불교사 연구』, 정선여, 서경문화사, 2007.

편저

「체제정비」, 김현숙, 국사편찬위원회, 1996.

관련사이트

[http://db.history.go.kr/id/sg_018r_0030_0030] 국사편찬위원회 한국사데이터베이스",,,,https://contents.history.go.kr/front/hm/view.do?levelId=hm_009_0030,사료로 본 한국사\items\hm_age_20_삼국 시대\hm_ty_010_정치\hm_009_0030_소수림왕의 체제 정비.md
44,hm_age_20,삼국 시대,hm_ty_010,정치,hm_009_0040,광개토왕의 영역확장,삼국 시대 > 정치 > 고구려의 체제 정비와 영토 확장 > 광개토왕의 영역확장,"(고구려의 왕위가) 17세손(世孫) 국강상광개토경평안호태왕(國岡上廣開土境平安好太王)

에 이르렀는데, (태왕께서는) 18세에 왕위에 올라 영락대왕(永樂大王)이라고 하였다. (태왕의) 은택(恩澤)이 황천(皇天)까지 미쳤고 무위(武威)는 사해(四海)에 달하였다. …… 쓸어서 없애니, 백성이 각기 그 생업에 힘쓰고 편안히 살게 되었다. 나라는 부강해지고 백성은 번성하였으며, 오곡이 풍성하게 익었다. (하지만) 하늘이 (이 나라를) 어여삐 여기지 아니하시어 (태왕께서는) 39세에 세상을 버리고 떠나시니, 갑인년(甲寅年) 9월 29일 을유(乙酉)에 산릉(山陵)으로 모시었다. 이에 비를 세우고 공훈을 기록하여 후세에 보이고자 한다. 그 말씀은 아래와 같다.

영락 5년(395) 을미인 해에 왕은 패려(稗麗)가 …… 하지 않는다고 생각하고 친히 군사를 이끌고 가서 토벌하였다. 부산(富山)⋅부산(負山)을 지나 염수(鹽水) 가에 이르렀다. 그 3개의 부락 600~700영(營)을 격파하니, 노획한 소⋅말⋅양의 수가 헤아릴 수 없이 많았다. 이에 왕이 행차를 돌려 양평도(襄平道)의 동래성(東來城)⋅□성⋅역성(力城)⋅북풍(北豊)⋅오비(五備)□를 지나며 영토를 살펴보고, 수렵을 한 후에 돌아왔다.

백잔(百殘)과 신라(新羅)는 예로부터 속민(屬民)으로 (고구려에) 조공(朝貢)하였다. 그런데 왜(倭)가 신묘년(辛卯年, 391)에 건너와 백잔을 공파하고 …… 신라 …… 하여 신민(臣民)으로 삼았다. 이에 6년(396) 병신(丙申)에 왕이 몸소 군사를 이끌고 잔국을 토벌하였다. …… 영팔성(寧八城)⋅구모로성(臼模盧城)⋅각모로성(各模盧城)⋅간저리성(幹氐利城)⋅□□성⋅각미성(閣彌城)⋅모로성(牟盧城)⋅미사성(彌沙城)⋅□사조성(舍蔦城)⋅아단성(阿旦城)⋅고리성(古利城)⋅□리성(利城)⋅잡진성(雜珍城)⋅오리성(奧利城)⋅구모성(勾牟城)⋅고모야라성(古模耶羅城)⋅수(頁)□□□□성⋅□이야라성(而耶羅城)⋅전성(瑑城)⋅어리성(於利城)⋅□□성⋅두노성(豆奴城)⋅비리성(沸利城)⋅미추성(彌鄒城)⋅야리성(也利城)⋅태산한성(太山韓城)⋅소가성(掃加城)⋅돈발성(敦拔城)⋅□□□성⋅누매성(婁賣城)⋅산나성(散那城)⋅나단성(那旦城)⋅세성(細城)⋅모루성(牟婁城)⋅우루성(于婁城)⋅소회⋅연루성(蘇灰燕婁城)⋅석지리성(析支利城)⋅엄문□성(巖門□城)⋅임성(林城)⋅□□□□□□□리성(利城)⋅취추성(就鄒城)⋅□발성(拔城)⋅고모루성(古牟婁城)⋅윤노성(閏奴城)⋅관노성(貫奴城)⋅삼양성(彡穰城)⋅증□성(曾□城)⋅□□노성(盧城)⋅구천성(仇天城) ……을 공취하고, 그 국성(國城)을 …… 하였다. 백잔이 의(義)에 복종하지 않고 감히 나와 여러 차례 전투하였다. 왕위(王威)가 격노하여 아리수(阿利水)를 건너니, 창끝을 보내 성을 압박한 것과 같았다. □□귀혈(歸穴) …… 다시 성을 포위하니, 백잔의 군주가 곤경에 직면해 남녀 1천인과 세포(細布) 1000필을 바치며 왕에게 꿇어앉아 스스로 맹세하기를 지금 이후부터 영원히 노객(奴客)이 되겠다고 하였다. 태왕께서는 은혜로 어리석은 허물을 용서하고, (항복한) 이후의 정성을 받았다. 이에 58성 700촌을 획득하고 백제 군주의 아우 및 대신 10인을 데리고 군사를 돌려 도성으로 돌아왔다.

8년(398) 무술(戊戌)에 편사(偏師)

소규모 군대

를 파견하여 신(愼)의 영토와 산곡을 관찰하도록 하였는데, 막□라성(莫□羅城) 가태라곡(加太羅谷)의 남녀 300여 인이 잡혀 갔기 때문이었다. 이후 (신은) 고구려 조정에 조공하는 일을 논의하였다.

9년(399) 기해(己亥)에 백잔이 맹세를 어기고 왜와 화통(和通)하였다. 왕이 평양으로 행차하여 내려갔다. 신라 왕이 사신을 보내어 아뢰기를, “왜인이 그 국경에 가득 차 성지(城池)를 부수고 노객(奴客)을 민으로 삼으려 하니, 이에 왕께 귀의하니 구원해 주시기를 바랍니다.”라고 하였다. 태왕의 은혜와 자애로 그 충성을 아끼어 사신을 보내 돌아가 (고구려의) 계책을 알려 주도록 하였다.

10년(400년) 경자(庚子)에 왕이 보병과 기병 5만 명을 보내 신라를 구원하게 하였다. (고구려군이) 남거성(男居城)을 통해 신라성(新羅城)에 이르렀는데 그곳에 왜가 가득하였다. 관군(官軍)이 바야흐로 도착하자 왜적이 퇴각하였다. 그 뒤를 급히 추격하여 임나가라(任那加羅)의 종발성(從拔城)에 이르니 성이 곧 항복하였다. 안라인수병(安羅人戍兵) …… 신라성⋅□성 …… 하였고, 왜구

가 크게 무너졌다. 예전에는 신라 매금(寐錦)

이 몸소 고구려에 와 일을 논의한 적이 없었는데, 국강상광개토경호태왕 …… 매금

이 …… 하여 조공하였다.

14년(404) 갑신(甲辰)에 왜가 법도를 어기고 대방(帶方)

의 경계를 침범하였다. …… 석성(石城), 배를 이어 ……　왕이 몸소 …… 이끌고 …… 평양을 거쳐 …… 서로 조우하였다. 왕의 군대[王幢]가 요로(要路)의 길을 끊고 공격하니 왜구

가 궤멸하였다. 참살한 것이 무수하였다.

17년(407) 정미(丁未)에 왕의 명령으로 보병과 기병 5만을 파견하여 …… 전투하여 모조리 살상하였다. 노획한 (적병의) 갑옷이 1만여 벌이었고, 얻은 군수 물자와 기계는 수를 헤아릴 수 없었다. 돌아가 사구성(沙溝城)⋅누성(婁城)⋅□주성(□住城) □성□□□□□□성을 공파하였다.

20년(410) 경술(庚戌) 동부여(東夫餘)는 예로부터 추모왕(鄒牟王)의 속민(屬民)이었는데, 중간에 배반하여 조공을 하지 않았다. 왕이 친히 군대를 이끌고 가서 토벌하였다. 군대가 여성(餘城)

동부여의 왕성

에 도달하자, 부여의 나라가 놀라 …… 왕의 은덕이 두루 미치자 이에 군사를 돌려 돌아왔다. 또한 그 나라에서 왕의 교화를 사모하여 관군을 따라온 자가 미구루(味仇婁)⋅압로(鴨盧)⋅비사마압로(卑斯麻鴨盧)⋅타사루압로(椯社婁鴨盧)⋅숙사사압로(肅斯舍鴨盧)⋅□□□압로였다. 무릇 [태왕께서] 공파한 성이 64개, 촌이 1400개였다.

「광개토왕 비문

」

至十七世孫國𦊆上廣開土境平安好太王, 二九登祚, 號爲永樂大王. 恩澤洽于皇天, 武威振被四海. 掃除□□, 庶寧其業. 國富民殷, 五穀豊熟. 昊天不弔, 卅有九, 寔駕棄國, 以甲寅年九月廿九日乙酉遷就山陵. 於是立碑, 銘記勳績, 以示後世焉. 其詞曰.

永樂五年歲在乙未, 王以稗麗不□□人, 躬率往討. 過富山⋅負山, 至鹽水上. 破其三部洛六七百營, 牛馬群羊, 不可稱數. 於是旋駕, 因過襄平道⋅東來□城⋅力城⋅北豊⋅五備□, 遊觀土境, 田獵而還.

百殘⋅新羅, 舊是屬民由來朝貢. 而倭以辛卯年, 來渡□破百殘□□ 新羅以爲臣民. 以六年丙申, 王躬率□軍, 討伐殘國. 軍□□首攻取寧八城⋅臼模盧城⋅各模盧城⋅幹氐利城⋅□□城⋅閣彌城⋅牟盧城⋅彌沙城⋅□舍蔦城⋅阿旦城⋅古利城⋅□利城⋅雜珍城⋅奧利城⋅勾牟城⋅古模耶羅城⋅頁□□□□城⋅□而耶羅城⋅瑑城⋅於利城⋅□□城⋅豆奴城⋅沸□□利城⋅彌鄒城⋅也利城⋅太山韓城⋅掃加城⋅敦拔城⋅□□□城⋅婁賣城⋅散那城⋅那旦城⋅細城⋅牟婁城⋅于婁城⋅蘇灰城⋅燕婁城⋅析支利城⋅巖門□城⋅林城⋅□□□□□□□利城⋅就鄒城⋅□拔城⋅古牟婁城⋅閏奴城⋅貫奴城⋅彡穰城⋅曾□城⋅□□盧城⋅仇天城⋅□□□□□其國城. 殘不服義, 敢出百戰. 王威赫怒, 渡阿利水, 遣刺迫城. □□歸穴 □便圍城, 而殘主困逼, 獻出男女生口一千人, 細布千匹, 跪王自誓, 從今以後, 永爲奴客. 太王恩赦□迷之愆, 錄其後順之誠. 於是得五十八城村七百, 將殘主弟幷大臣十人, 旋師還都.

八年戊戌, 敎遣偏師, 觀愼土谷, 因便抄得莫□羅城⋅加太羅谷男女三百餘人. 自此以來, 朝貢論事.

九年己亥, 百殘違誓與倭和通, 王巡下平穰. 而新羅遣使白王云, 倭人滿其國境, 潰破城池, 以奴客爲民, 歸王請命. 太王恩慈, 矜其忠誠, □遣使還告以□計.

十年庚子, 敎遣步騎五萬, 往救新羅. 從男居城, 至新羅城, 倭滿其中. 官軍方至, 倭賊退. □□背急追至任那加羅從拔城, 城卽歸服. 安羅人戍兵□新羅城 □城, 倭寇大潰. 城□□□盡□□□安羅人戍兵新□□□□其□□□□□□□言□□□□□□□□□□□□□□□□□□□□□□□□□□辭□□□□□□□□□□□□□潰□□□□安羅人戍兵. 昔新羅寐錦未有身來論事□, 國𦊆上廣開土境好太王□□□□寐錦□□僕勾□□□□朝貢.

十四年甲辰, 而倭不軌, 侵入帶方界. □□□□□石城□連船□□□, 王躬率□□, 從平穰□□□鋒相遇. 王幢要截盪刺, 倭寇潰敗. 斬煞無數.

十七年丁未, 敎遣步騎五萬, □□□□□□□□□師□□合戰, 斬煞蕩盡. 所獲鎧鉀一萬餘領, 軍資器械不可稱數. 還破沙溝城, 婁城, □住城, □城, □□□□□□城.

廿年庚戌, 東夫餘舊是鄒牟王屬民, 中叛不貢. 王躬率往討. 軍到餘城, 而餘□國駭□□□□□□□□□王恩普覆, 於是旋還. 又其慕化隨官來者, 味仇婁⋅鴨盧⋅卑斯麻鴨盧⋅椯社婁鴨盧⋅肅斯舍鴨盧⋅□□□鴨盧. 凡所攻破城六十四, 村一千四百.

「廣開土王陵碑文」

이 사료는 광개토왕(廣開土王, 재위 391~413)

의 간략한 생애와 업적을 담고 있다. 고구려는 4~5세기에 영역을 급속히 확장할 수 있었는데, 특히 광개토왕

대에 성과가 두드러졌음이 「광개토왕 비문(廣開土王碑文)

」에 잘 나타나 있다. 「광개토왕 비문

」은 크게 세 단락으로 구분해 볼 수 있다. 첫째 건국 신화와 왕실의 계보, 둘째 광개토왕

의 업적, 셋째 수묘인(守墓人) 규정으로, 이 중에서 둘째 단락에 광개토왕

대의 영역 확장 내용이 자세하다.

이 사료에서 광개토왕

대의 대외 전쟁은 크게 두 가지 형태로 구분된다. 왕이 직접 군대를 이끌고 전쟁을 한 친솔형(親率形)과 왕이 장수를 파견해 전쟁을 한 교견형(敎遣形)이 그것이다. 그 중 친솔형의 비중이 적지 않은데, 이 점은 고대 국가의 특징으로 국왕의 군사적 능력이 왕권의 중요한 요소였음을 보여 준다. 또한 「광개토왕

비문」에 기록된 전쟁의 이유는 마땅히 고구려에 속민(屬民)이어야 할 주변 여러 나라가 이러한 도리를 어겼거나 왜(倭)와 같은 외부 세력이 이를 침범하였기 때문이었다 이는 고구려 중심의 천하 질서를 상정하고, 이러한 질서 속에서 전쟁의 명분을 찾은 것이다.

이 사료에 보이는 5세기 전후 고구려의 국제 관계는 고구려-신라와 백제-왜의 대립 구도로 이해할 수 있다. 4세기 전반 고구려와 백제는 각각 낙랑

⋅대방

지역의 북⋅남방 지역을 차지하며 국경을 마주하였으며, 이후 양국의 대립이 시작되었다. 『삼국사기

』에 고구려와 백제의 군사적 충돌은 369년(고구려 고국원왕 39년, 백제 근초고왕 24년)에 처음으로 나타난다. 고구려가 백제 방면으로 남진을 시도한 것이다. 하지만 백제의 근초고왕(近肖古王, 재위 346~375)이 오히려 반격을 가해 고구려는 고전을 면치 못하였다. 심지어 371년 고구려의 고국원왕(故國原王, 재위 331~371)은 백제의 공격으로 평양성에서 전사하기까지 하였다.

그럼에도 불구하고 소수림왕(小獸林王, 재위 371~384)

대에 체제를 정비하고, 이를 바탕으로 광개토왕

대에는 백제와의 전쟁에서 군사적 우위를 차지하고, 임진강-예성강 유역에서 한강 유역까지 남진할 수 있었다. 특히 396년(고구려 광개토왕

6년, 백제 아신왕 5년) 고구려는 백제의 왕성(王城)

풍납토성⋅몽촌토성

을 공격해 아신왕(阿莘王, 재위 392~405)으로부터 항복을 받아냈을 뿐 아니라 58성⋅700촌을 새롭게 차지하였다.

전쟁에서 패한 백제는 재기를 도모하며 399년(아신왕 8년) 왜 및 가야와 연합해 신라를 공격하였다. 다급해진 신라는 고구려에 구원을 요청하였고, 광개토왕

은 이를 받아들여 대대적인 반격에 나서면서 고구려는 신라⋅가야 지역까지 진출하게 되었다. 이어서 404년(광개토왕

14년) 왜가 대방

을 침범하자 고구려는 이를 막아냈을 뿐 아니라 407년(고구려 광개토왕

17년, 백제 전지왕 3년) 백제 사구성(沙溝城)을 비롯한 북방의 경계 지역을 공격하였다. 이처럼 광개토왕

은 백제-왜-가야와의 전쟁에서 군사적 우위를 차지하고 동북아시아 지역에서 패권(覇權)을 장악하였다.

한편 고구려는 북방의 패려(稗麗)⋅신(愼)⋅동부여(東夫餘) 역시 복속하도록 하였다. 패려의 실체는 분명치 않지만, 고구려가 공격한 지명이나 소⋅말⋅양과 같은 가축을 성과로 얻었다고 한 점으로 미루어 거란(契丹)의 일부 유목 세력으로 추정된다. 신은 일반적으로 숙신(肅愼)으로 이해하는데, 숙신은 만주 지역의 수렵 종족으로 이후 읍루(挹婁)⋅말갈(靺鞨)⋅여진(女眞) 등으로 변모한 것으로 추정된다. 동부여는 부여가 동쪽으로 이동해 세운 나라로 두만강 하류 지역에 있었다. 부여는 3세기 전반까지 지금의 길림시 지역을 중심지로 세력을 떨쳤지만, 3세기 후반 모용외(慕容廆)의 침공으로 타격을 받자 지배층의 일부가 두만강 하류 북옥저 지역으로 이동했던 것이다.

이 글의 내용은 집필자의 개인적 견해이며, 국사편찬위원회의 공식적 견해와 다를 수 있습니다.

참고문헌

저서

『고구려 영역확장사 연구』, 공석구, 서경문화사, 1998.
『고구려사 연구』, 노태돈, 사계절, 1999.
『고구려 광개토왕릉비문 연구』, 이도학, 서경문화사, 2006.
『만들어진 고대』, 이성시 저⋅박경희 역, 삼인, 2001.
『고구려의 대외정복 연구』, 이인철, 백산자료원, 2000.
『고구려의 역사』, 이종욱, 김영사, 2005.
『고구려 정치사 연구』, 임기환, 한나래, 2004.

관련사이트

[http://contents.history.go.kr/id/ki_020_01800] 국사편찬위원회 우리역사넷 한국사 이미지 자료

[http://contents.history.go.kr/id/kc_r100300] 국사편찬위원회 우리역사넷 한국사연대기 : 광개토대왕릉비

[http://contents.history.go.kr/id/kc_i100610] 국사편찬위원회 우리역사넷 한국사연대기 : 광개토왕의 정복활동

[http://db.history.go.kr/id/gskh_001_0010_0010_0030] 국사편찬위원회 한국사데이터베이스",,,,https://contents.history.go.kr/front/hm/view.do?levelId=hm_009_0040,사료로 본 한국사\items\hm_age_20_삼국 시대\hm_ty_010_정치\hm_009_0040_광개토왕의 영역확장.md
45,hm_age_20,삼국 시대,hm_ty_010,정치,hm_009_0050,평양 천도와 남진,삼국 시대 > 정치 > 고구려의 체제 정비와 영토 확장 > 평양 천도와 남진,"(장수왕

) 15년(427) 평양으로 도읍을 옮겼다.

『삼국사기

』권18, 「고구려본기」6 장수왕

15년

(개로왕) 21년(475) 가을 9월에 고구려 왕 거련(巨璉)이 군사 3만 명을 이끌고 왕도(王都) 한성(漢城)

을 포위하였다. 왕은 성문을 닫고 나가 싸우지 않았다. 고구려인이 군사를 네 방향으로 나누어 협공하였고, 또한 바람을 타고 불을 놓아 성문을 불태웠다. (이에) 인심이 대단히 불안해져서 혹 나가서 항복하려는 자도 있었다. 왕은 곤궁하여 어찌 할 바를 모르다가, 기병 수십을 거느리고 성문을 나가 서쪽으로 도망쳤다. 고구려인이 쫓아가 그를 살해하였다. …… (중략) …… 이때에 이르러 고구려의 대로(對盧)

제우(齊于)⋅재증걸루(再曾桀婁)⋅고이만년(古尒萬年)
【재증(再曾)과 고이(古尒)는 모두 복성(複姓)이었다】
등이 군사를 거느리고 와서 북성(北城)을 공격하여 7일 만에 함락시켰다. (군사를) 남성(南城)으로 옮겨 공격하였으니, 성안은 위태롭고 두려워하였다. 왕이 (성을) 나가 도망치자 고구려의 장수 걸루 등은 왕을 보고는 말에서 내려 절한 다음 왕의 얼굴을 향하여 세 번 침을 뱉었다. 이어 그 죄를 책망하고, (개로왕을) 포박하여 아차성(阿且城) 아래로 보내 죽였다. 걸루와 만년은 본래 백제인이었는데 죄를 짓고 고구려로 도망쳤다.

『삼국사기

』권25, 「백제본기」3 개로왕 21년

十五年, 移都平壤.

『三國史記』卷18, 「高句麗本紀」6 長壽王 15年

二十一年秋九月, 麗王巨璉, 帥兵三萬, 來圍王都漢城. 王閉城門, 不能出戰. 麗人分兵爲四道夾攻, 又乗風縱火, 焚燒城門. 人心危懼, 或有欲出降者. 王窘不知所圖, 領數十騎, 出門西走. 麗人追而害之. ……(中略)…… 至是高句麗對盧齊于⋅再曽桀婁⋅古尓萬年
【再曽古尓皆複姓.】
等帥兵, 來攻北城, 七日而拔之. 移攻南城, 城中危恐. 王出逃, 麗將桀婁等見王, 下馬拜已, 向王面三唾之. 乃數其罪, 縛送於阿且城下戕之. 桀婁⋅萬年夲國人也, 獲罪逃竄高句麗.

『三國史記』卷25, 「百濟本紀」3 蓋鹵王 21年

이 사료는 고구려 장수왕(長壽王, 재위 413~491)

대의 평양 천도와 남진 정책을 전하고 있다. 일반적으로 427년(장수왕

15년) 고구려는 평양으로 천도하고, 이를 계기로 남진 정책을 본격적으로 추진하였다고 이해한다. 고구려는 평양 천도를 통해 국내성(國內城)

을 기반으로 귀족 세력을 견제하고 한반도 지역의 높은 농업 생산력을 확보하려 했던 것으로 생각된다.

고구려의 이와 같은 움직임에 위기감을 느낀 백제와 신라는 433년(고구려 장수왕

21년, 신라 눌지왕 17년, 백제 비유왕 7년) 나제동맹(羅濟同盟)

을 맺었다. 백제는 신라와 힘을 모아 고구려의 남진을 저지하는 한편, 북위(北魏)와 교섭하며 고구려를 견제해 줄 것을 요청하는 등 고구려를 봉쇄하고자 했다. 하지만 이 사료에서 보듯 475년(고구려 장수왕

63년, 백제 개로왕 21년) 고구려가 대대적으로 백제를 공격해 한성

을 함락시키면서 한강 유역을 차지하였다. 그런데 자료마다 연도가 각기 다르게 되어 있다. 『신라본기」에는 474년, 『일본서기』에는 476년, 『백제기(百濟記)』에는 475년으로 각기 다르다. 『백제기』의 경우 백제 측의 원전을 바탕으로 쓰였기 때문에 대부분 475년으로 이해하고 있다.

한편 이 사료에서는 생략되어 있지만, 고구려의 한성

공격에는 승려 도림(道琳)의 역할이 컸다고 전한다. 그는 고구려 승려로 백제의 내정을 정탐하고 국력을 약화시키기 위해 첩자로 파견되어, 개로왕(蓋鹵王, 재위 455~475)의 국정 운영을 어지럽게 하였다.

고구려의 한강 유역 확보는 남진 정책의 중요한 계기가 되었다. 고구려는 이를 기반으로 현재의 남양만에서 충청도 북부 지역까지 영역을 확장할 수 있었다. 『삼국사기

』 「지리지」의 경기⋅충청도 지역에 고구려 지명이 많이 등장하는 사실은 고구려 세력의 확장을 잘 보여준다. 고구려에 도성인 한성

을 빼앗긴 백제는 국가적 위기 상황 속에서 도성을 웅진(熊津), 즉 지금의 공주 지역으로 옮기고 중흥을 도모하였다.

이 글의 내용은 집필자의 개인적 견해이며, 국사편찬위원회의 공식적 견해와 다를 수 있습니다.

참고문헌

논문

「나제동맹에 관한 연구」,『한국사연구』46,김병주,한국사연구회,1984.
「고구려 평양천도의 동기」,『한국문화』3,서영대,서울대학교 한국문화연구소,1981.

저서

『고구려 영역확장사 연구』, 공석구, 서경문화사, 1998.
『고구려사 연구』, 노태돈, 사계절, 1999.
『고구려 광개토왕릉비문 연구』, 이도학, 서경문화사, 2006.
『고구려의 대외정복 연구』, 이인철, 백산자료원, 2000.
『고구려의 역사』, 이종욱, 김영사, 2005.
『고구려 정치사 연구』, 임기환, 한나래, 2004.

편저

『고구려 남진 경영사의 연구』, 박성봉 편, 백산자료원, 1995.

관련사이트

[http://db.history.go.kr/id/sg_025r_0070_0060] 국사편찬위원회 한국사데이터베이스

[https://www.history.go.kr/contents/contentsPage.do?groupId=000000000571&menuId=000000000574&pageId=000000000213]
저작권 정책

[https://www.history.go.kr/contents/contentsPage.do?groupId=000000000931&menuId=000000000992&pageId=000000000541]
데이터 개방

[https://www.history.go.kr/contents/contentsPage.do?groupId=000000000571&menuId=000000000572&pageId=000000000211]
개인정보처리방침

13809 경기도 과천시 교육원로 86 국사편찬위원회

COPYRIGHT © NATIONAL INSTITUTE OF KOREAN HISTORY ALL RIGHT RESERVED.",,,,https://contents.history.go.kr/front/hm/view.do?levelId=hm_009_0050,사료로 본 한국사\items\hm_age_20_삼국 시대\hm_ty_010_정치\hm_009_0050_평양 천도와 남진.md
46,hm_age_20,삼국 시대,hm_ty_010,정치,hm_009_0060,충주 고구려비와 중원 지역,삼국 시대 > 정치 > 고구려의 체제 정비와 영토 확장 > 충주 고구려비와 중원 지역,"5월에 고려 대왕(高麗大王)의 상왕공(相王公)과 신라 매금(寐錦)

은 대대로 형제같이 지내고 상하(上下)가 화목하게 천도(天道)를 지키기를 원하여 동쪽으로 왔다. ……(중략)…… 12월 23일 갑인(甲寅)에 동이매금

(東夷寐錦)의 상하가 우벌성(于伐城)에 와서 교(敎)를 내렸다. 전부(前部) 대사자(大使者) 다우환노(多亐桓奴)와 주부(主簿) □□□□이 국경 근처에서 300명을 모았다. 신라토내당주(新羅土內幢主) 하부(下部) 발위사자(拔位使者) 보노(補奴)와 □□노(奴)와 □□□□개로(盖盧)가 함께 신라 영토 내의 여러 사람을 모아서 움직였다.

「충주 고구려비」

五月中, 高麗大王相王公□新羅寐錦, 世世爲願, 如兄如弟, 上下相和, 守天, 東來之. ……(中略)…… 十二月廿三日甲寅, 東夷寐錦上下至于伐城敎來. 前部大使者多亐桓奴, 主簿□□□□境□募人三百. 新羅土內幢主下部拔位使者補奴□□奴□□□□盖盧, 共□募人新羅土內衆人拜動□.

「忠州高句麗碑」

이 사료는 「충주 고구려비(忠州高句麗碑)

」의 일부이다. 「충주 고구려비

」는 충청북도 충주시에서 1979년 조사에서 알려진 석비(石碑)로, 충주의 옛 지명에 따라 「중원 고구려비(中原高句麗碑)

」로도 불리며 남한 지역에 유일하게 남아 있는 고구려의 비석이다. 현재 「충주 고구려비

」의 건립 연대는 논란이 많지만, 대체로 5세기 중반 내지 후반 고구려와 신라의 관계를 전하고 있다고 이해된다.

4세기 후반~5세기 전반 고구려는 동북아시아 최고의 강국으로 부상했다. 이때 고구려는 낙동강 유역까지 진출해 백제⋅가야⋅왜 연합군의 침범을 받은 신라를 구원하였다. 이후로 신라는 5세기 중반 내지 후반까지 고구려의 영향력 아래 놓이게 되었다. 이 사료에 보이는 ‘신라 토내 당주(新羅土內幢主)’라는 표현은 그러한 사정을 잘 보여 준다. ‘신라 토내 당주’는 신라 땅에 있는 고구려의 관료와 군인을 가리키는 말로, 당시 고구려가 신라에 군사를 파견하고 있었음을 의미한다. 이들은 신라의 국내 정치에도 깊이 관여한 것으로 보이는데, “고구려 군사가 신라 실성왕을 죽이고 눌지왕을 세웠다.”는 『삼국유사

』의 일화는 이러한 사정을 잘 말해 준다.

이처럼 5세기 정치⋅군사적으로 우위에 선 고구려는 신라에 강한 영향력을 행사했다. 그리고 이를 바탕으로 신라를 비롯한 주변 국가들에 차등적인 복속 관계를 설정했다. 이 사료에서 고구려의 상왕공(相王公)과 신라 매금(寐錦)

은 각각 형과 동생으로서 관계를 맺고 있다. 상왕공은 고구려의 국왕 또는 재상급 신료를, 매금

은 신라의 국왕을 가리키는 것으로 이해된다. 이는 신라 국왕이 동생으로서 아랫사람이 되는 것을 의미한다. 이 사료 외에 「광개토왕 비문(廣開土王碑文)

」에서도 고구려가 신라를 속민(屬民)으로, 즉 고구려에 조공을 바치던 나라로 인식하던 모습을 엿볼 수 있다. 강한 국력을 가진 5세기 고구려인은 고구려가 중심이 되어 주변 국가들을 이끌어 가는 세계를 설정하고 있었던 것이다.

한편 『삼국사기

』 고구려 본기에 따르면, 고구려는 427년(장수왕

10) 압록강 변에 있던 국내성(國內城)

에서 평양(平壤)으로 도읍을 옮겼다. 이를 통해 고구려는 남진 정책(南進政策)을 펼치며 남방 지역에 대한 영향력을 확대해 갔다. 이때 고구려 남진 정책의 중심지는 국원성(國原城), 즉 지금의 충청북도 충주 지역이었다. 남한강(南漢江) 중류에 위치한 충주 지역은 강의 물길을 이용한 수운(水運) 교통의 요충지로, 고구려와 신라의 경계도 이 지역을 중심으로 형성되었던 것으로 추정된다. 그렇기 때문에 5세기 고구려와 신라의 관계를 전하는 「충주 고구려비

」가 지금의 충주시에 세워졌던 것이다.

이 글의 내용은 집필자의 개인적 견해이며, 국사편찬위원회의 공식적 견해와 다를 수 있습니다.

참고문헌

편저

「영토 확장」, 공석구, 국사편찬위원회, 1997.

관련사이트

[http://contents.history.go.kr/id/ki_020_02000] 국사편찬위원회 우리역사넷 한국사 이미지 자료

[http://contents.history.go.kr/id/kc_r100500] 국사편찬위원회 우리역사넷 한국사연대기

[http://db.history.go.kr/id/gskh_001_0010_0030_0030] 국사편찬위원회 한국사데이터베이스",,,,https://contents.history.go.kr/front/hm/view.do?levelId=hm_009_0060,사료로 본 한국사\items\hm_age_20_삼국 시대\hm_ty_010_정치\hm_009_0060_충주 고구려비와 중원 지역.md
47,hm_age_20,삼국 시대,hm_ty_010,정치,hm_009_0070,귀족 세력의 분열과 갈등,삼국 시대 > 정치 > 고구려의 체제 정비와 영토 확장 > 귀족 세력의 분열과 갈등,"[흠명천황 6년(545)] 이 해에 고구려에서 큰 난리가 일어나 피살된 자가 많았다.
【『백제본기(百濟本記)』에서는 다음과 같이 전한다. 12월 갑오(甲午)에 고구려국의 세군(細群)과 추군(麤群)이 궁문(宮門)에서 싸웠는데 북을 치며 전투하였다. 세군은 패하였지만 3일이나 군사를 해산하지 않았고 세군의 자손은 모조리 잡혀 죽임을 당했다. 무술(戊戌)에 박국향강상왕(狛國香岡上王)이 훙(薨)하였다.】

이 해(546)에 고구려에서 난리가 크게 일어나 싸우다 죽은 자가 2000여 인이었다.
【『백제본기』에서는 다음과 같이 전한다. 고구려에서는 정월 병오(丙午)에 중부인(中夫人)의 아들을 왕으로 삼았는데 나이가 8세였다. 박왕(狛王)에게는 3명의 부인이 있었는데 정부인(正夫人)은 아들이 없었고, 중부인은 세자(世子)를 낳았는데 그 외가(外家)가 추군이었다. 소부인(小夫人)도 아들을 낳았는데 그 외가가 세군이었다. 박왕의 병이 심해지자 추군과 세군이 각자 그 부인의 아들을 왕위에 세우고자 하였으니, 그런 까닭에 세군에서 죽은 자가 2000여 인이었다.】

『일본서기』권19, 「흠명천황」

[欽命天皇 六年] 是年, 高麗大亂, 被誅殺者衆.
【百濟本記云. 十二月甲午, 高麗國細群與麤群, 戰于宮門. 伐鼓戰鬪. 細群敗, 不解兵三日, 盡捕誅細群子孫. 戊戌, 狛國香岡上王薨也】

[七年] 是歲, 高麗大亂, 凡鬪死者二千餘.
【百濟本記云. 高麗以正月丙午, 立中夫人子爲王, 年八歲. 狛王有三夫人, 正夫人無子, 中夫人生世子, 其舅氏麤群也. 小夫人生子, 其舅氏細群也. 及狛王疾篤, 細群⋅麤群, 各欲立其夫人之子, 故細群死者, 二千餘人也.】

『日本書紀』卷19, 「欽命天皇」

이 사료는 고구려 안원왕(安原王, 재위 531~545)의 사망을 즈음하여 왕위 문제를 둘러싼 외척 세력 간의 내전(內戰)을 기술하고 있다. 이를 통해 6세기 중반을 전후로 고구려의 정치 체제가 국왕 중심에서 귀족 연합적 정치 체제로 전환되는 과정을 엿볼 수 있다.

이 사료에서는 고구려의 대란을 545년과 546년의 기사로 나누어 기술하고 있지만, 그 내용은 거의 일치한다. 이 때문에 두 기사는 서로 다른 두 개의 사건이 아니라 하나의 사건을 분리해서 기술한 것으로 볼 수 있다. 다만 545년 기사는 안원왕의 사망을 중심으로, 546년의 기사는 양원왕(陽原王, 재위 545~559)의 즉위를 중심으로 그 배경을 설명한 것으로 생각된다. 한편 『삼국사기

』에서 안원왕의 사망은 545년 겨울 10월로 나오고, 『양서(梁書)』에서는 548년으로 나오는데, 이는 「고구려본기」의 분주에서 지적하였듯이 『양서』의 오류로 판단된다.

『삼국사기

』에는 안원왕의 사망과 관련하여 어떠한 정치적 변란의 흔적도 보이지 않고 안장왕⋅안원왕⋅양원왕의 왕위 계승은 순탄하였다고 기술하고 있다. 반면 『일본서기』는 안장왕 역시 피살되는 등 세 왕의 사망과 왕위 계승은 모두 정치적 변란의 결과였다고 전한다. 이와 관련해 『삼국사기

』 거칠부

전(居柒夫傳)이 참고된다. 551년(양원왕 7년) 혜량법사(惠亮法師)는 거칠부

에게 “금일 우리나라의 정치가 혼란하여 멸망의 날이 얼마 남지 않았다”고 하여, 당시 고구려의 정치가 불안정함을 말하고 있다. 또한 대외적으로도 6세기 중반 고구려는 위기에 처해 있었다. 당시 고구려는 백제⋅신라 연합군에게 한강 유역을 상실하고, 특히 신라에 죽령(竹嶺) 이북의 여러 군현을 빼앗길 만큼 대외적인 위기에 처해 있었다. 이러한 대외적인 위기는 정치적 혼란과 무관하지 않았을 것이라 판단된다. 이렇듯 각종 자료를 종합해 보면, 6세기 중반 고구려의 정치적 상황은 안정적이지 못했는데, 『일본서기』에 보이듯 왕위 계승 분쟁이 전개되며 정치적 불안이 지속되고 있었던 것으로 이해할 수 있다.

6세기 중반의 정치적 불안은 왕위 계승 문제를 둘러싸고 전개되었지만, 여기에는 여러 가지 요인이 복합적으로 작용했을 것이다. 예컨대 평양 천도 이후 고구려의 중앙 정계에서는 국내성

에서 도읍하였을 때부터 활동한 기존의 귀족 세력이 여전히 요직을 차지했지만, 새롭게 부상한 귀족 세력도 비중이 적지 않았던 것으로 여겨진다. 즉 낙랑

⋅대방

의 지배 세력과 중국계 망명인, 그리고 4~5세기 군공(軍功)을 통해 성장한 무인 세력 등이 상정된다. 이 점에서 기존의 전통적 귀족 세력과 신진 귀족 세력 사이에 대립 구도가 형성되었고, 그것이 왕위 계승 분쟁으로 이어졌다고 생각할 수 있다.

이 글의 내용은 집필자의 개인적 견해이며, 국사편찬위원회의 공식적 견해와 다를 수 있습니다.

참고문헌

논문

「고구려 평양천도의 동기」,『한국문화』3,서영대,서울대학교 한국문화연구소,1981.

저서

『고구려사 연구』, 노태돈, 사계절, 1999.
『고구려의 역사』, 이종욱, 김영사, 2005.
『한국고대사의 연구』, 이홍직, 신구문화사, 1971.
『고구려 정치사 연구』, 임기환, 한나래, 2004.

편저

『일본서기 한국관계기사 연구(2)』, 김현구 외, 일지사, 2003.

관련사이트

[http://db.history.go.kr/id/jm_001r_0160_0240] 국사편찬위원회 한국사데이터베이스 : 545년 기사

[http://db.history.go.kr/id/jm_001r_0160_0270] 국사편찬위원회 한국사데이터베이스 : 546년 기사",,,,https://contents.history.go.kr/front/hm/view.do?levelId=hm_009_0070,사료로 본 한국사\items\hm_age_20_삼국 시대\hm_ty_010_정치\hm_009_0070_귀족 세력의 분열과 갈등.md
48,hm_age_20,삼국 시대,hm_ty_010,정치,hm_009_0080,한강 유역 상실과 수복 의지,삼국 시대 > 정치 > 고구려의 체제 정비와 영토 확장 > 한강 유역 상실과 수복 의지,"영양왕(嬰陽王, 재위 590~618)이 즉위하자 온달(溫達)이 아뢰었다. “생각하건대 신라가 우리 한북(漢北)의 땅을 빼앗아 군현(郡縣)으로 삼아, 백성들이 가슴 아파하고 원망스러워하며 부모의 나라를 잊은 적이 없습니다. 원컨대 대왕께서 저를 어리석고 못나다 생각하지 마시고 저에게 군사를 주신다면, 한번 가서 반드시 우리 땅을 되찾겠습니다” 왕이 허락하였다. 출전에 즈음하여 맹세하며 말하기를, “계립현(鷄立峴)⋅죽령(竹嶺)의 서쪽 지역을 우리나라로 되돌려 놓지 못한다면, 돌아오지 않겠다!”라고 하였다. 마침내 출전하여 신라군과 아단성(阿旦城) 아래에서 전투하였는데, 날아오는 화살에 맞아 쓰려져 죽었다. (온달의) 장례를 치르려고 하였지만 관이 움직이지 않았다. 공주(公主)가 와서 관을 어루만지며, “죽음과 삶이 이미 결정되었으니, 아아! 돌아가시지요.”라고 말하자 드디어 관을 들어서 장례를 지낼 수 있었다. 대왕이 이를 듣고 비통해 했다.

『삼국사기

』권45, 「열전」5 온달전

王即位, 温達奏曰. 惟新羅, 割我漢北之地, 爲郡縣, 百姓痛恨, 未嘗忘父母之國. 願大王不以愚不肖, 授之以兵, 一徃必還吾地. 王許焉. 臨行誓曰, 鷄立峴⋅竹嶺已西, 不歸於我, 則不返也. 遂行, 與羅軍戰於阿旦城之下, 爲流矢所中, 路1)

1)

성암본에는 踣로 되어 있다.

而死. 欲葬, 柩不肯動. 公主來撫棺曰, 死生㳏矣, 於乎歸矣, 遂舉而窆. 大王聞之悲慟.

『三國史記』卷45, 「列傳」5 溫達傳

성암본에는 踣로 되어 있다. [https://contents.history.go.kr#csid_1]

이 사료는 온달 장군에 관한 내용이다. 『삼국사기

』 온달전(溫達傳)은 바보 온달과 평강 공주(平岡公主)의 결혼으로 유명하지만, 설화적인 색채가 강하여 모두 역사적 사실로 보기에는 어렵다. 그럼에도 불구하고 온달이 군공을 세워 출세하고 신라로부터 상실한 영토를 수복하기 위해 출정했다는 내용만큼은 대체로 역사적 사실로 인정되고 있다.

551년(고구려 양원왕 7년, 백제 성왕 29년, 신라 진흥왕

12년) 고구려는 백제와 신라 연합군에 의해 한강 유역을 상실한 뒤 이를 수복하기 위해 많은 노력을 기울였다. 온달의 출정은 그 가운데 하나라 할 수 있다. 온달은 이 지역을 되찾지 못하면 전쟁에서 돌아오지 않겠다고 맹세하였는데, 결국 뜻을 이루지 못한 채 전사하였다고 한다.

온달전의 내용은 한강 유역을 포함한 고구려가 상실한 죽령(竹嶺) 이북의 영토를 수복하려 했던 그의 집념이 얼마큼 컸는지를 잘 보여 준다. 이는 비단 온달 개인의 의지만은 아니었을 것이다. 지배층 대부분은 한강 유역의 전략⋅경제적 가치를 충분히 인지하고 있었기 때문에 이를 수복하고자 했던 것으로 보인다. 예컨대 642년(신라 선덕여왕 11년) 김춘추(金春秋, ?~661)가 고구려와 동맹을 체결하고자 보장왕(寶藏王, 재위 642~668년)과 면담하였을 때에도 동맹의 전제 조건은 죽령 서북 영토의 반환이었다. 고구려는 7세기 중반까지 한강 유역을 포함한 죽령 이북의 영토를 수복하려는 의지를 갖고 있었던 것이다.

이 글의 내용은 집필자의 개인적 견해이며, 국사편찬위원회의 공식적 견해와 다를 수 있습니다.

참고문헌

논문

「고구려 평양천도의 동기」,『한국문화』3,서영대,서울대학교 한국문화연구소,1981.

저서

『고구려사 연구』, 노태돈, 사계절, 1999.
『고구려의 역사』, 이종욱, 김영사, 2005.
『한국고대사의 연구』, 이홍직, 신구문화사, 1971.
『고구려 정치사 연구』, 임기환, 한나래, 2004.

편저

『일본서기 한국관계기사 연구(2)』, 김현구 외, 일지사, 2003.

관련사이트

[http://db.history.go.kr/id/sg_045r_0100_0180] 국사편찬위원회 한국사데이터베이스",,,,https://contents.history.go.kr/front/hm/view.do?levelId=hm_009_0080,사료로 본 한국사\items\hm_age_20_삼국 시대\hm_ty_010_정치\hm_009_0080_한강 유역 상실과 수복 의지.md
49,hm_age_20,삼국 시대,hm_ty_010,정치,hm_009_0090,연개소문의 집권,삼국 시대 > 정치 > 고구려의 체제 정비와 영토 확장 > 연개소문의 집권,"개소문(蓋蘇文)

【혹은 개금(蓋金)

이라고 한다】
의 성(姓)은 천씨(泉氏)이다. 스스로 “물속에서 태어났다.”라고 하여 사람들을 현혹하였다. 외모가 웅장하면서 기품이 있었고 적극적이고 호방하였다. 그 아버지 동부(東部)
【혹은 서부(西部)라고 한다】
대인(大人) 대대로(大對盧)

가 죽자 개소문

은 마땅히 그의 지위를 계승하고자 하였지만, 국인(國人)은 (개소문

의) 성격이 잔인하고 포악하다고 하여 그를 미워하였기 때문에 그 지위에 오를 수 없었다. 개소문

은 머리를 조아리며 여러 사람에게 사죄하고 관직에 나갈 수 있도록 부탁하였으며, 만일 잘못된 점이 있으면 비록 내쫓더라도 후회하지 않겠다고 하였다. 여러 사람이 그를 애처롭게 여겨 마침내 (아버지의) 지위를 계승할 수 있도록 허락하였으나, (개소문

은) 흉악하고 잔인하였으며 도리를 지키지 않았다.

여러 대인(大人)과 왕은 몰래 (개소문

을) 죽이고자 논의하였는데 일이 새어 나갔다. 개소문

은 부병(部兵)을 모두 모아 놓고 마치 군대를 사열할 것처럼 꾸몄다. 그리고 성 남쪽에다 술과 안주를 성대히 차려 두고, 여러 대신(大臣)를 불러 함께 (사열식을) 보자고 하였다. 손님들이 이르자 모두 살해하니 모두 100여 명이었다. (그리고) 말을 달려 궁궐로 들어가 왕을 시해하고, (왕의 시신을) 잘라 여러 토막으로 내고 도랑에 버렸다.

(개소문

은) 왕의 동생의 아들 장(臧)을 왕으로 세우고 스스로 막리지(莫離支)

가 되었다. 그 관직은 당나라 병부상서(兵部尙書) 겸 중서령(中書令)의 관직과 같았다. 이에 (개소문

은) 전국을 호령하였고 나라의 일을 마음대로 하였다.

『삼국사기

』권49, 「열전」9 개소문전

蓋蘇文
【或云蓋金】
, 姓泉氏. 自云生氷1)

1)

성암본⋅《삼국사절요》⋅을해목활자본에는 水로 되어 있다.

中, 以惑衆. 儀表雄偉, 意氣豪逸. 其父東部
【或云西部】
大人大對盧死, 蓋蘇文當嗣, 而國人以性忍暴, 惡之, 不得立. 蘇文頓首謝衆, 請攝職, 如有不可, 雖廢無悔. 衆哀之, 遂許嗣位, 而凶殘不道.

諸大人與王, 密議欲誅, 事洩. 蘇文悉集部兵, 若將校閱者. 并盛陳酒饌於城南, 召諸大臣共臨視. 賔至, 盡殺之, 凡百餘人. 馳入宫, 弑王斷爲數段, 弃之溝中.

立王弟之子臧爲王, 自爲莫離攴. 其官如唐兵部尚書兼中書令職也. 於是號令逺近, 専制國事.

『三國史記』卷49, 「列傳」9 蓋蘇文傳

성암본⋅《삼국사절요》⋅을해목활자본에는 水로 되어 있다. [https://contents.history.go.kr#csid_1]

이 사료는 연개소문(淵蓋蘇文, ?~665)

의 정변과 집권에 대해 전하고 있다. 그 내용은 대부분 『신당서(新唐書)』와 『자치통감(資治通鑑)』을 비롯한 중국 측의 기록을 가져온 것으로, 고구려의 정치 변동에 대한 당나라의 시각이 반영되어 있다. 연개소문

에 관해서는 중국 측 사서뿐 아니라 남생(男生, 634~679)과 헌성(獻誠, 659~701)의 묘지명에도 중요한 정보가 많다. 이들 묘지명에 따르면 연개소문

의 조부 자유(子遊)와 부친 대조(大祚)가 모두 막리지(莫離支)

를 역임했고, 대대로 병권을 장악했다고 한다.

이 사료에서 연개소문

은 스스로 물에서 태어났다고 하였는데, 「천남생묘지명(泉男生墓誌銘)」에 따르면, 그의 가문이 그러한 전승을 가졌던 것으로 이해된다. 이처럼 물과 관련한 출생 설화는 비단 연개소문

만 아니라 동북아시아 지역의 고대 설화에서 널리 찾아볼 수 있다. 이는 왕실과 아무런 연관이 없어 보인다는 점에서 4~5세기 귀족 가문의 전승과 차이가 있다. 이러한 점에서 연개소문

가문은 적어도 조부 때부터 고위 귀족 가문으로 활동하였다고 할 수 있는데, 고구려 초기부터 이어져 온 전통 귀족 세력이기보다는 평양 천도 이후 새롭게 성장한 가문으로 생각된다.

연개소문

은 부친의 사후 국인(國人)으로부터 인정을 받지 못하고 배척을 당했다고 하는데, 이때의 국인은 고구려의 주요 귀족 세력을 가리킨다. 양자의 갈등은 연개소문

정변의 배경으로 생각되는데, 여기에 대해서는 크게 두 가지 견해가 있다. 먼저 주요 귀족 세력의 대당 온건 노선과 연개소문

세력의 대당 강경 노선이 대립한 것이라고 보는 시각이다. 다음으로 연개소문

이 신진 귀족 세력으로 여겨지듯 주요 귀족 세력과 정치적 기반이 다른 데서 갈등이 발생하였다고 보는 견해가 있다. 물론 두 가지가 복합적으로 작용하였을 가능성도 있지만, 어느 쪽으로 보더라도 연개소문

의 집권을 전후해 정치 구조 및 운영 방식이 크게 변하였다는 데에는 의견을 같이 한다.

연개소문

정권의 정치 구조는 그가 차지한 관직의 성격을 둘러싸고 많은 논의가 이뤄졌다. 이 사료에서 연개소문

은 부친의 관직, 즉 동부대인(東部大人) 대대로(大對盧)

를 계승하고자 하는데, 정변 이후 그가 취임한 관직은 막리지(莫離支)

였다고 한다. 남생의 묘지명에도 연개소문

의 부친은 막리지

였다고 나온다. 다른 한편으로는 연개소문

이 태대대로(太大對盧)

였다고 나오기도 한다. 이에 따라 대대로

와 막리지

가 동일 관직인지 아닌지, 막리지

가 어떠한 성격의 관직이었는지를 두고 다양한 견해가 제기되기도 하였다.

이 글의 내용은 집필자의 개인적 견해이며, 국사편찬위원회의 공식적 견해와 다를 수 있습니다.

참고문헌

논문

「연개소문의 집권과 도교」,『역사학보』99⋅100합,이내옥,역사학회,1983.
「연개소문의 집권과 그 정권의 성격」,『이기백선생 고희기념 한국사학논총(상)』,전미희,일조각,1994.

저서

『고구려사 연구』, 노태돈, 사계절, 1999.
『고구려의 역사』, 이종욱, 김영사, 2005.
『한국고대사의 연구』, 이홍직, 신구문화사, 1971.
『고구려 정치사 연구』, 임기환, 한나래, 2004.

관련사이트

[http://db.history.go.kr/id/sg_049r_0030_0010] 국사편찬위원회 한국사데이터베이스",,,,https://contents.history.go.kr/front/hm/view.do?levelId=hm_009_0090,사료로 본 한국사\items\hm_age_20_삼국 시대\hm_ty_010_정치\hm_009_0090_연개소문의 집권.md
50,hm_age_20,삼국 시대,hm_ty_010,정치,hm_009_0100,고국양왕대 고구려의 발전,삼국 시대 > 정치 > 고구려의 체제 정비와 영토 확장 > 고국양왕대 고구려의 발전,"(고국양왕) 9년 봄에 사신을 보내 우호를 약속하니 신라 왕이 조카 실성(實聖)을 인질로 보냈다.

『삼국사기』 권18, 고구려본기6, 고국양왕 9년

3월에 교서를 내려 불교를 믿고 숭상하며 복을 구하게 했다.

『삼국사기』 권18, 고구려본기6, 고국양왕 9년

담당 관청에 명하여 국사(國社)을 세우고 종묘(宗廟)를 수건(修建)하게 했다.

『삼국사기』권18, 고구려본기6, 고국양왕 9년","九年, 春, 遣使新羅修好, 新羅王遣姪實聖為質.

『三國史記 』卷18, 髙句麗本紀 6, 故國壤王 9年

三月, 下教, 崇信佛法求福.

『三國史記』 卷18, 髙句麗本紀 6, 故國壤王 9年

命有司, 立國社, 修宗廟.

『三國史記』 卷18 髙句麗本紀 第6 故國壤王 9年","이 사료들은 고국양왕 9년(392) 봄 신라와의 화친 성립과, 같은 해 추진된 고구려 내부의 체제 정비를 전한다. 고국양왕(故國壤王, ?~391, 재위 384~391)의 시기 고구려는 선대인 소수림왕

(小獸林王, ?~384, 재위 371~384) 시기 불교의 공인, 태학

설립, 율령

반포 등으로 대표되는 체제 정비가 지속되었던 동시에, 고구려가 강력한 왕권을 갖춘 중앙집권적 국가의 구조 한층 더 진전되고 있었다. 또 미천왕 시기부터 촉발된 백제·전연(前燕) 등 주변 세력과의 경쟁도 한층 더 치열하게 전개되었다. 특히 고국양왕 시기는 남쪽으로 확대된 대 백제전의 여파로 고구려-신라와의 연대가 성립하는 계기가 되었다.

본래 『삼국사기

』 고구려본기에서는 고국양왕 9년 고구려와 신라가 화친을 맺으면서, 이때 신라의 왕이 조카 실성을 보내와 고구려에서 볼모로 삼았다고 한다. 당시 신라의 왕은 17대 내물이사금(奈勿尼師今, 재위 356~402)으로, 조카 실성은 이후 신라의 실성이사금으로 즉위한다. 그런데 같은 책의 신라본기는 고구려본기의 기록과 조금 차이를 보이는데, 실성이 왕의 조카가 아니라 신라의 이찬(伊湌)인 대서지(大西知)라는 인물의 아들이라는 것이다.

다만 기록상의 차이에도 불구하고 이 무렵 고구려와 신라 사이에 화친이 성립되었음은 인정된다. 그리고 그 대가로 신라가 왕족 혹은 유력 인사를 고구려에게 인질로 보내야 했던 모습에서 이 화친이 고구려 우위의 외교관계였다고 보는 데에는 학자들의 견해가 일치한다. 이와 같이 상대국에 일종의 인질로 볼모를 보냈던 것은 고구려-신라만이 아니라 중국의 5호 16국의 외교관계에서 일상적이었으며, 실제로 고구려도 355년 전연과의 전쟁에서 패배한 후 화친을 맺으면서 볼모를 보내야 했다.

당시 신라는 373년 백제의 독산성 성주가 신라로 투항했던 사건이 계기가 되어, 기존에 연대하고 있었던 백제와의 관계가 단절되고 말았다. 더불어 신라는 남쪽으로는 백제와 동맹을 맺은 왜(倭)의 위협을 받고 있었기 때문에 자연 백제와의 대립에서 이 시기 우세를 차지하고 있던 고구려에게 의존할 수밖에 없었다. 또 신라 내의 내부 세력 간 경쟁도 실성의 인질 파견에 영향을 주고 있었을 가능성도 엿보인다. 즉 당시 신라에서 실성은 석씨(石氏)와 연결되어 김씨계인 내물이사금과 경쟁하고 있었으며, 이에 따라 내물이사금은 실성을 견제하기 위해 그를 볼모로 파견했던 것으로 볼 수도 있다.

한편 고구려의 입장에서 신라와 연대했던 것은 백제와의 대결을 준비하는 과정에서 신라를 자국의 영향력 아래 두기 위한 전략적 필요 때문이었다. 신라가 고구려의 세력권에 편입됨으로써 백제의 전력을 분산시킬 수 있었고, 이러한 이해관계가 맞물려 양국은 화친을 맺게 되었다. 그러나 국력의 격차로 인해 관계는 대등하지 않았으며, 신라는 인질 파견을 통해 반(半)종속적인 위치에 놓였던 것이다.

이처럼 신라에 대한 우위를 점한 후 고국양왕은 내부적으로도 다양한 체제 정비를 추진하였는데, 소수림왕

시기 공인된 불교를 한층 더 장려하는 정책도 그 일환이었다. 고구려에서는 소수림왕

4년인 374년에 승려 아도(阿道)가 고구려를 방문하고, 이듬해인 375년에 초문사(肖門寺)와 이불란사(伊弗蘭寺)를 창건하여 불교가 본격적으로 성행하고 있었다. 이후 십여년이 지난 고국양왕 9년(392) 국가 차원에서 불교를 장려하고 있는 모습은 또 다른 중요한 의미가 있다. 이미 귀족들의 일상 속에서 통용되던 불교를 민간 차원에까지 권장하고 있었던 것으로, 기존의 고구려인들과 새롭게 편입된 주민들을 대상으로 종교와 사상을 통한 단합을 모색했던 과정으로 이해된다.

같은 해에 이루어 진 국사(國社) 건립과 종묘(宗廟) 수리 역시 같은 의도가 있었다. 국사에서 사(社)는 토지신을 의미하며, 곧 여기에서의 국사란 국가 차원에서 토지의 신에게 제사를 지내는 시설을 의미했다. 전통적으로 동아시아에서는 농경에 의미가 큰 토지의 신인 사와 곡식의 신인 직(稷)에게 지내는 제사가 국가적으로 매우 중요하게 행해지고 있었으며, 두 단어를 합친 사직(社稷)이 곧 국가 그 자체를 의미하기도 했다. 그렇기에 위의 기록에서는 ‘국사’를 세웠다고 하여 사 만을 이야기하고 있지만, 일반적인 당시의 제사 의식을 감안하면 ‘직’을 모시는 시설도 함께 건립하였을 것으로 이해된다.

그런데 중국의 역사서인 『삼국지』 등의 기록에 따르면 고구려는 3세기 이전 이미 사직에게 제사를 지내는 시설이 있었다고 전한다. 그렇지만 이때 고구려에서는 왕실인 계루부(桂婁部) 만이 아니라 연노부(涓奴部), 즉 고구려 5부 중 하나인 소노부(消奴部)와 같은 하위 세력까지 별도로 사직을 두어 제사를 지내고 있었다고 한다. 즉 3세기까지 사직에 대한 제사는 각 지역이 개별적으로 지낼 수 있었고, 왕실의 사직 제사가 고구려 전체에서 독점적인 권위를 가지지는 못했던 것이다. 그렇기 때문에 고국양왕 392년에 건립한 국사를 통해 국왕 중심의 사직 제사가 확립한 것으로 보기도 한다. 곧 종교와 제사 의식을 통해 국가 전체의 통합 수단으로 삼은 한편 이를 독점한 국왕 중심의 권력을 강화하기 위한 작업이었다는 것이다. 혹은 이와 같은 사직 제사나 뒤의 종묘 수리 등이 기본적으로 유교 이념을 기반으로 한 의식이었다는 점을 감안하여, 소수림왕

대부터 이어진 고구려의 국가 전반에 대한 유교화 과정의 연장선상으로 보기도 한다.

이 해의 중요한 사업으로 종묘(宗廟)의 수리가 있었다. 종묘란 동아시아의 유교 사회에서 역대 국왕들의 위패(位牌)를 모신 사당을 일컫는다. 앞의 국사의 경우 새로운 건축인 반면, 종묘는 원문에서 “수(修)” 했다고 하여 기존에 있었던 시설을 수리했던 것으로 이해된다. 이 용어를 고려하여 이때 종묘는 기존의 건물을 확장했던 것이거나 일부 과거의 국왕을 종묘에 새로 모시는 등의 조치를 의미하는 것으로 보기도 하지만, 종묘를 실질적으로 새롭게 단장하였던 조치로 보는 의견도 있다.

그런데 그 정확한 의미와는 별개로 이와 같은 기록이 나타난다는 것은 종묘의 중요성을 생각한다면 단순히 시설의 수리로 그치지는 않았을 것이다. 곧 고구려에서는 자신들의 역대 국왕들에 대한 제사 체계에 대대적인 개편이 있었으며, 더 나아가 왕실의 계보와 시조 의식까지 재편했을 가능성이 엿보인다. 그렇기 때문에 학자들은 이 시기 주몽

(동명성왕)을 시조로 하는 건국 설화 및 초기 국왕들의 계보를 처음 정립했다고 추정하기도 한다. 혹은 그때까지 왕릉에서만 제사를 지내는 형태의 선대 국왕에 대한 제의를 종묘라는 사당을 통한 제사의 형식으로 바뀌었다는 견해도 있다.

비록 종묘와 국사에 대한 재편 내지 설립은 그 자세한 내용까지 알기 어렵다. 그러나 당시 고구려에서는 선대 소수림왕

의 태학

설립에서 나타나는 것처럼 유교 이념을 중심으로 하는 여러 국가 의례 및 제도를 정비하고 있었던 것으로 나타나며, 392년에 이루어진 종묘와 국사 또한 이들의 연장선상에서 추진된 사업으로 이해할 수 있다. 위의 기록에서 전하는 것처럼 392년은 고구려에게 대외적으로 신라에 대한 우위를 확보하는 한편, 내부적으로는 종교의식에 이르기까지 다양한 체제의 재정비가 이루어졌던 중요한 기점이었다고 할 수 있다.

다만 이 사업들과 고국양왕의 사망까지 모두 재위 9년째인 392년의 일로 기록한 『삼국사기

』와는 달리, 「광개토왕릉비

(廣開土王陵碑)」의 비문에서는 그 후계자인 광개토왕

(廣開土王, 374~412, 재위 391~413)이 391년에 즉위했다고 하여 1년의 차이가 있다. 그렇기 때문에 위 기록을 모두 391년(고국양왕 8)의 사실로 연대를 수정하거나, 이들이 실제로는 광개토왕

재위 기간에 진행된 사업이었다고 보는 견해도 있다.

이 글의 내용은 집필자의 개인적 견해이며, 국사편찬위원회의 공식적 견해와 다를 수 있습니다.

참고문헌

논문

강진원, 「고구려 시조묘 제사 연구」, 『한국사론』 54, 2008.
박승범, 「고구려의 국가제사」, 『史學志』 34, 2001.
申東河, 「高句麗의 寺院 造成과 그 意味」, 『한국사론』 19(金哲埈博士停年紀念號), 1988.
선석열, 「신라 실성왕의 즉위과정 －국제정세의 변동과 관련하여－」, 『지역과 역사』 34, 2014.
신종원, 「三國史記 祭祀志 硏究」, 『史學硏究』 38, 1984.
조우연, 「고구려의 社稷祭祀」, 『동아시아고대학』 29, 2012.
조인성, 「4·5세기 고구려 王室의 世系認識 변화」, 『한국고대사연구』 4, 1991.
최일례, 「4~5세기 고구려의 王室 神聖化 관념에 대한 검토」, 『한국고대사탐구』 39, 2021.

저서

김철준, 『韓國古代社會硏究』, 서울대학교 출판부, 1990.
노태돈, 『고구려사 연구』, 사계절, 1999.
장창은, 『신라 상고기 정치변동과 고구려 관계』, 신서원, 2008.
조우연, 『天帝之子: 고구려의 왕권전승과 국가제사』, 민속원, 2019.

편저

서영대 외, 「고구려의 社稷과 靈星에 대하여」, 『고구려의 사상과 문화』, 고구려연구재단, 2005.

관련사이트

[http://db.history.go.kr/id/sg_018r_0040_0130] 『삼국사기』 권18, 고구려본기6, 고국양왕 9년, 국사편찬위원회 한국사데이터베이스

[http://db.history.go.kr/id/sg_018r_0040_0140] 『삼국사기』 권18, 고구려본기6, 고국양왕 9년, 국사편찬위원회 한국사데이터베이스

[http://db.history.go.kr/id/sg_018r_0040_0141] 『삼국사기』 권18, 고구려본기6, 고국양왕 9년, 국사편찬위원회 한국사데이터베이스",,https://contents.history.go.kr/front/hm/view.do?levelId=hm_009_0100,사료로 본 한국사\items\hm_age_20_삼국 시대\hm_ty_010_정치\hm_009_0100_고국양왕대 고구려의 발전.md
51,hm_age_20,삼국 시대,hm_ty_010,정치,hm_009_0110,고구려 중·후기 관직,삼국 시대 > 정치 > 고구려의 체제 정비와 영토 확장 > 고구려 중·후기 관직,"官은 모두 12등급이 있다. (첫째 관은) 대대로

(大對盧)인데 혹은 토졸(吐捽)이라고도 한다. (그 다음은) 울절(鬱折)이라고 하는데, 지도와 호적 등 문서를 관장한다. (다음은) 태대사자(太大使者)라고 한다. (다음은) 조의두대형(帛衣頭大兄)이라고 하는데, 이른바 조의(帛衣)라는 것은 선인(先人)을 말한다. (대대로

는) 국정을 총괄하며, 3년에 1번 바꾸는데, 직책을 잘 수행하면 바꾸지 않기도 한다. 무릇 교체하는 날 불복(不服)하면 서로 공격한다. 왕은 궁문을 닫고 지키다가 이긴 자를 인정하여 준다. (다음은) 대사자(大使者)라고 한다. (다음은) 대형(大兄)이라고 한다. (다음은) 상위사자(上位使者)라고 한다. (다음은) 제형(諸兄)이라고 한다. (다음은) 소사자(小使者)라고 한다. (다음은) 과절(過節)이라고 한다. (다음은) 선인(先人)이라고 한다. (다음은) 고추대가(古鄒大加)라고 한다.

고구려의 주현(州縣)은 60개로, 큰 성(城)에는 녹살(傉薩) 한 명을 두는데, (당나라의) 도독(都督)과 비슷하다. 나머지의 성(城)에는 처려근지(處閭近支)를 두는데, 도사(道使)라고도 하며, (당나라의) 자사(刺史)와 비슷하다. 그리고 보좌하는 속료(屬僚)를 두어 일을 분담시킨다. (또) 대모달(大模達)이 있는데, (당나라의) 위장군(衛將軍)과 비슷하고, 말객(末客)은 (당나라의) 중랑장(中郞將)과 비슷하다.

5부(部)로 나뉘어 있다. 내부(內部)는 곧 한나라 때 (고구려의) 계루부(桂婁部)이다. 황부(黃部)라고도 한다. 북부(北部)는 곧 (한나라 때 고구려의) 절노부(絶奴部)로서 후부(後部)라고도 한다. 동부(東部)는 곧 (한나라 때 고구려의) 순노부(順奴部)로서 좌부(左部)라고도 한다. 남부(南部)는 곧 (한나라 때 고구려의) 관노부(灌奴部)로서 전부(前部)라고도 한다. 서부(西部)는 곧 (한나라 때 고구려의) 소노부(消奴部)이다.

『신당서 』권220, 열전145, 동이, 고구려

고구려는 관을 설치할 때 대로(對盧)가 있으면 패자(沛者)를 두지 않고, 패자가 있으면 대로를 두지 않는다. 왕의 종족(宗族)으로서 대가(大加)인 자는 모두 고추가(古雛加)로 불리운다. 연노부(涓奴部)는 본래 국주(國主)였으므로 지금은 비록 왕이 되지 못하지만 그 적통(適統)을 이은 대인(大人)은 고추가의 칭호를 얻었으며, (자체의) 종묘(宗廟)를 세우고 영성(靈星)과 사직(社稷)에게 (따로) 제사지낼 수 있다. 절노부(絶奴部)는 대대로 왕실과 혼인을 하였으므로 (그 대인은) 고추가의 칭호를 더하였다. 여러 대가들은 스스로 사자·조의·선인을 두었는데, 그 명단은 모두 왕에게 보고하여야 한다. (대가의 사자·조의·선인은) 마치 (중국의) 경(卿)이나 대부(大夫)의 가신(家臣)과 같은 것으로, 회합(會合)할 때의 좌석 차례에선 왕가(王家)의 사자·조의·선인과 같은 열(列)에는 앉지 못한다.

그 나라의 대가(大家)들은 농사를 짓지 않으므로, 앉아서 먹는 인구(坐食者)가 만여 명이나 되는데, 하호(下戶)들이 먼 곳에서 식량·물고기·소금을 운반해다가 그들에게 공급한다.

『삼국지』 권30, 위서30, 동이전 고구려

높은 관으로는 대대로

(大對盧)가 있고, 다음으로 태대형(太大兄)·대형(大兄)·소형(小兄)·의사사(意俟奢)·오졸(烏拙)·태대사자(太大使者)·대사자(大使者)·소사자(小使者)·욕사(褥奢)·예속(翳屬)·선인(仙人)이 있고, 욕살(褥薩)을 포함하여 모두 열세 등급으로 안팎의 일을 나누어 관장한다. 대대로는 (세력의) 강약에 따라 서로 싸워 (이기면) 빼앗아 스스로 되고, 왕의 임명을 거치지 않는다.

『주서』 권49, 열전41, 이역 상, 고려

그 나라의 관에서 높은 것은 대대로

라고 부르는데, (당나라의) 1품(品)과 비슷하며, 국사(國事)의 전반을 총괄한다. 3년에 한 번 바꾸는데, 직책을 잘 수행하면 연한에 구애받지 않는다. 교체하는 날에 혹시 승복하지 않으면, 모두 병사를 이끌고 서로 공격하여 이긴 자가 (대대로

가) 된다. 왕은 다만 궁문을 닫고 스스로 지킬 뿐, 제어할 수 없었다.

『구당서』 권99, 열전149상, 동이, 고려","官凡十二級: 曰大對盧, 或曰吐捽, 曰鬱折, 主圖簿者, 曰太大使者, 曰帛衣頭大兄, 所謂帛衣者, 先人也, 秉國政, 三歲一易, 善職則否, 凡代日, 有不服則相攻, 王爲閉宮守, 勝者聽爲之, 曰大使者, 曰大兄, 曰上位使者, 曰諸兄, 曰小使者, 曰過節, 曰先人, 曰古鄒大加. 其州縣六十. 大城置 傉薩一, 比都督, 餘城置處閭近支, 亦號道使, 比刺史. 有參佐, 分幹. 有 大模達, 比衛將軍, 末 客, 比中郞將.

分五部: 曰內部, 卽漢桂 婁部也, 亦號黃部, 曰北部, 卽絶奴部也, 或號後部, 曰東部, 卽順奴部也, 或號左部, 曰南部, 卽灌奴部也, 亦號前部, 曰西部, 卽 消奴部也.

『新唐書』 卷220, 列傳145, 東夷, 高句麗

其置官, 有對盧則不置沛者, 有沛者則不置對盧. 王之宗族, 其大加皆稱古雛加. 涓奴部本國主, 今雖不爲王, 適統大人, 得稱古雛加, 亦得立宗廟, 祠靈星·社稷. 絶奴部世與王婚,註 加古雛之號. 諸大加亦自置使者·皁衣先人, 名皆達於王, 如卿大夫之家臣, 會同坐起, 不得與王家使者·皁衣先人同列. 其國中大家不佃作, 坐食者萬餘口, 下戶遠擔米糧魚鹽供給之.

『三國志』 卷30, 魏書30, 東夷傳 高句麗

大官有大對盧, 次有太大兄·大兄·小兄·意俟奢·意俟奢 隋書本傳作 「意侯奢」, 北史作 「竟侯奢」. 烏拙·太大使者·大使者·小使者·褥奢·翳屬·仙人幷褥薩凡 十三等, 分掌內外事焉. 其大對盧, 則以彊弱相陵, 奪而自爲之, 不由王之署置也

『周書』 卷49, 列傳41, 異域 上, 高句麗

其官大者號大對盧, 比一品, 總知國事, 三年一代, 若稱職者, 不拘年限. 交替之日, 或不相祗服, 皆勒兵相攻, 勝者爲之. 其王但閉宮自守, 不能制禦.

『舊唐書』 卷99, 列傳149上, 東夷, 高句麗","고구려의 초기 관등제는 지배권력이 일원화되지 않았던 초기 정치체제의 구조와 운영양상이 반영되어, 왕권의 지배력을 뒷받침하던 관등과 함께 나부(那部) 등 귀족들의 독자적 권한을 대표하던 관등이 병존하였다. 3세기 중반까지의 사실을 전하는 두 번째 사료 『삼국지』에서 확인되듯이, 고구려 초기 각 나부의 권력자인 여러 대가(大加)들은 왕과 마찬가지로 각각의 가신과 같은 존재로서 사자(使者), 조의(皂衣), 선인(先人) 등의 관인을 둘 수 있었고, 그들의 명단만 왕에게 보고할 뿐, 그들의 임면권은 대가들이 각자 가지고 있었다.

그러나 3세기 후반 이래 왕권이 강화되며 이러한 정치체제가 해체되고 국왕 중심의 지배체제가 확립되면서, 패자(沛者), 우태(于台, 優台), 조의(皂衣) 등의 나부를 대표하던 관등이 소멸되고, 왕의 지배력을 뒷받침하는 형(兄)계와 사자(使者)계 관등을 중심으로 일원화되었다.

첫 번째의 『신당서』와 세 번째의 『주서』는 고구려의 후기 관등제를 전하고 있는데, 사소한 글자 차이 외에도 세 가지 차이가 있다. 첫째, 『신당서』가 고구려 후기의 관등을 12급(級)으로 전하는 반면, 『주서』는 13등(等)으로 전한다. 한편, 『수서』와 『구당서』 등에도 『신당서』와 마찬가지로 12등급으로 나오는 반면, 연개소문의 아들 남산(男産)의 묘지명인 「천남산묘지명(泉男産墓誌銘)」에는 『주서』와 마찬가지로 13등급으로 나온다. 둘째, 『신당서』에 있는 울절, 조의두대형, 상위사자, 과절이 『주서』에는 없고, 반대로 『주서』에 있는 태대형, 의사사, 오졸, 욕사가 『신당서』에는 없다. 셋째, 『신당서』는 형계 관등과 사자계 관등의 등급이 섞여 있지만, 『주서』는 형계 관등이 사자계 관등보다 높은 등급으로 되어 있다. 단, 『주서』 등에서 형계 관등이 사자계 관등보다 높은 등급으로 기재된 것은 실제 관등 순이 아니라, 형계와 사자계를 구분하여 기재한 것으로 이해된다. 즉, 실제 관등의 순서는 『신당서』와 같이 형계 관등과 사자계 관등이 서로 교차했을 가능성이 높다.

『신당서』와 『주서』를 포함하여 고구려 후기 관등순서를 전하는 자료는 아래 표와 같다. 『신당서』에서 마지막에 전하는 고추대가는 후기의 관등으로 보기 어렵고, 『주서』의 마지막에 전하는 욕살은 관등이 아니라, 지방관명이므로 관등명에서는 제외해야 한다. 또, 『신당서』와 『고려기』에 나오는 과절과 부절의 경우, 정식 관등이 아닌, 임시 관등으로 이해된다. 『삼국사기』에 전하는 자위의 경우, 선인에 오르지 못한 자에게 준 유외품(流外品)으로 풀이된다.

주서(13등)
수서(12등)
신당서(12급)
고려기(9등)
삼국사기

대대로

1. 대대로(토졸)
1품
토졸(대대로)

태대형

대형

소형

의사사

오졸

태대사자

대사자

소사자

욕사

예속
1. 태대형

2. 대형

3. 소형

4. 대로

5. 의후사

6. 오졸

7. 태대사자

8. 대사자

9. 소사자

10. 욕사

11. 예속

2품
태대형(막하하라지)

2. 울절
울절(주부)
주부

3. 태대사자
3품
대부사자(알사)
대상

4. 조의두대형
조의두대형(중리조의두대형)
위두대형

5. 대사자
4품
대사자(대사)
종대상

6. 대형
5품
대형가(힐지)

발위사자(유사)
소상

7. 상위사자
6품
상위사자(계달사사자, 을사)
적상

7품
소형(실지)
소형

8. 제형
제형(예속, 이소, 하소환)
제형

9. 소사자

10. 과절
8품
과절

부절

선인
12. 선인
11. 선인
9품
선인(실원, 서인)
선인

욕살

12. 고추대가

자위

고구려 후기 관등제를 전하는 이상의 사료와 더불어, 중·후기 관등을 단편적으로 전하는 「충주 고구려비(忠州 高句麗碑)」, 「모두루 묘지(牟頭婁 墓誌)」, 「덕흥리고분묵서명(德興里古墳墓誌銘墨書銘)」, 「농오리 산성 마애석각(籠吾里 山城 磨崖石刻)」, 「평양성 석각(平壤城 石刻)」 등의 금석문·묵서 등을 참고하여 고구려 후기 관등을 아래와 같이 복원할 수 있다. A안은 제10관등으로 소사자를 두면서 13등급으로 복원한 것이고, B안은 소사자를 제8관등 발위사자의 이칭으로 해석하며 12등급으로 복원한 것이다.

A안
B안

1. 대대로
토졸
1. 대대로
토졸

2. 태대형
막하하라지
2. 태대형
막하하라지

3. 주부
울절, 오졸
3. 주부
울절, 오졸

4. 태대사자
알사, 대상, 태상
4. 태대사자
알사, 대상, 태상

5. 위두대형
조의두대형
5. 위두대형
조의두대형

6. 대사자
대사, 소대사자, 종대상
6. 대사자
대사, 소대사자, 종대상

7. 대형
힐지
7. 대형
힐지

8. 수위사자
유사, 욕사
8. 발위사자
유사, 을사, 을상, 소상, 소사자

9. 상위사자
의사사, 계달사사자, 적상
9. 상위사자
의사사, 계달사사자, 적상, 욕사

10. 소사자
소상, 을사

11. 소형
실지
10. 소형
실지

12. 제형
예속, 이소, 하소환
11. 제형
예속, 이소, 하소환

13. 선인
실원, 서인
12. 선인
실원, 서인

한편, 고구려는 6세기 중반을 전후하여 국왕 중심의 지배체제가 이완됨에 따라, 이른바 귀족연립정권이 등장하였다. 안장왕의 피살과 이어진 귀족 간의 왕위쟁탈전 등의 내분으로 인해 왕권은 약화되었고, 귀족세력을 통제하기 어려웠다. 『주서』와 『신당서』, 『구당서』에 모두 전하듯, 유력 귀족세력들은 독자의 군사력을 바탕으로 왕의 임명과 무관하게 고구려 후기 최상위 관등인 대대로

를 장악함으로써 국정을 좌우하였다.

이 글의 내용은 집필자의 개인적 견해이며, 국사편찬위원회의 공식적 견해와 다를 수 있습니다.

참고문헌

논문

이규호, 「고구려 관제 연구」, 동국대학교 박사학위논문, 2021.

저서

금경숙, 『고구려 전기 정치사 연구』, 고려대학교 민족문화연구원, 2004.
김철준, 『한국고대사회연구』, 지식산업사, 1975.
노태돈, 『고구려사 연구』, 사계절, 1999.
다케다 유키오(武田幸男), 『고구려사와 동아시아(高句麗史と東アジア)』, 이와나미쇼텡(岩波書店), 1989.
여호규, 『고구려 초기 정치사 연구』, 신서원, 2014.
이동훈, 『고구려 중·후기 지배체제 연구』, 서경문화사, 2019.
임기환, 『고구려 정치사 연구』, 한나래, 2004.

관련사이트

[https://db.history.go.kr/id/jo_015r_0020_0010_0020] 『신당서』 권220, 열전145, 동이, 고구려, 국사편찬위원회 한국사데이터베이스

[http://db.history.go.kr/id/jo_004r_0010_0030_0040] 『삼국지』 권30, 위서30, 동이전 고구려, 국사편찬위원회 한국사데이터베이스

[http://db.history.go.kr/id/jo_010r_0010_0010_0030] 『주서』 권49, 열전41, 이역 상, 고구려, 국사편찬위원회 한국사데이터베이스

[http://db.history.go.kr/id/jo_014r_0010_0010_0020] 『구당서』 권99, 열전149상, 동이, 고려, 국사편찬위원회 한국사데이터베이스

[https://www.history.go.kr/contents/contentsPage.do?groupId=000000000571&menuId=000000000574&pageId=000000000213]
저작권 정책

[https://www.history.go.kr/contents/contentsPage.do?groupId=000000000931&menuId=000000000992&pageId=000000000541]
데이터 개방

[https://www.history.go.kr/contents/contentsPage.do?groupId=000000000571&menuId=000000000572&pageId=000000000211]
개인정보처리방침

13809 경기도 과천시 교육원로 86 국사편찬위원회

COPYRIGHT © NATIONAL INSTITUTE OF KOREAN HISTORY ALL RIGHT RESERVED.

오류신고

본 사이트 자료 중 잘못된 정보를 발견하였거나 사용 중 불편한 사항이 있을 경우 알려주십시오. 이용자의 참여가 사이트 가치 향상에 큰 도움이 됩니다.

사이트 하단의 ‘오류신고’ 메뉴를 이용하시면 신고 내용의 적용여부를 확인하실 수 있습니다.

개인정보는 삭제하오니 유념하시기 바랍니다.

자료명

사료로 본 한국사

자료위치

https://contents.history.go.kr/id/hm_009_0110

제목

오류유형

오류내용

이름

자동입력 방지문자

소개

한국사를 이해하는 데 토대가 되는 주요 사료를 각 시대와 분야별로 선별하여, 원문과 번역문, 해설과 참고 자료를 함께 서비스하고 있습니다.
이를 통해 어려운 역사 자료에 좀 더 쉽게 접근할 수 있도록 하였습니다.

일러두기

1.한 편의 사료는 국문, 원문, 해설, 참고자료의 4가지 요소로 구성하였습니다.

2.사료의 종류는 [삼국사기], [삼국유사], 『고려사』, 『조선왕조실록』 등의 1차 사료(史料)를 비롯해 개인 문집, 금석문, 신문, 판결문, 선언문 등에 이르기까지 매우 다양합니다.

3.국문은 원문에 수록된 사료를 우리말로 번역하여 수록하였습니다. 사료의 상당수는 한문이며, 영어, 일본어 등도 포함되어 있습니다. 또한 근·현대 사료 또한 한자를 많이 사용하여 일반인이 접근하기가 어려우므로 이를 이용자가 쉽게 이해할 수 있도록 현대 한국어에 맞게 번역하였습니다.

4.해설 중에서 추가 설명이 필요한 역사 용어의 경우 글자를 별색으로 표기하였습니다. 보라색은 해당 글자에 마우스를 갖다 대면 간략한 설명이 제공되며, 파란색은 클릭하면 ‘교과서 용어 해설’ 및 ‘한국사 연대기’ 등의 관련 자료로 연계되도록 하였습니다.

5.참고 자료에서는 사료와 관련된 연구 논문과 저서 목록을 수록하였고, 해당 사료의 원문과 번역문을 직접 확인할 수 있도록 관련 사이트도 연계하였습니다.

DB 구축 참여자(2012~2013)

시기 구분
기획
집필
교열
윤문
자료 총괄
구축 년도

삼국 이전
삼국 시대
전미희
류주희
이규리
문동석
이정빈
이현태
장종진
장청화
이계형
2012

박남수
홍기승
문동석
이현태
장종진
김경복
장청화
2013

통일 신라와 발해
전미희
류주희
이규리
김창겸
김덕원
전경숙
장청화
이계형
2012

박남수
홍기승
문동석
이현태
장종진
김경복
장청화
2013

고려 시대
전미희
류주희
이규리
한정수
손민호
황영수
전경숙
장청화
이계형
2012

류주희
홍기승
한정수
김가람
김경복
장청화
2013

조선 시대
전미희
류주희
이규리
이경찬
박귀미
이기명
이화영
이근호
장청화
이계형
2012

이규리
홍기승
이근호
김가람
김경복
장청화
2013

근대
전미희
류주희
이규리
은정태
홍문기
최보영
장청화
이계형
2012

염복규
은정태
홍동현
김경복
장청화
2013

현대
전미희
류주희
이규리
박미경
이관형
김진흠
장청화
이계형
2012

김점숙
이정은
홍동현
김경복
장청화
2013

DB 구축 참여자(2023~)

시기 구분
기획
집필
교열
감수
구축연도

근대
신재호

이주호

곽금선, 김명섭, 김상연, 김상훈, 김영진, 김진혁, 김호걸, 노성룡, 박주영, 송영화, 이양희, 이지은,

임동현, 최용준, 한보람, 한승훈, 한애라, 한준호, 홍수연

이명학
정일영
2023

현대

곽경상, 김상규, 김상연, 김재웅, 김진혁, 서홍석, 신재준, 예대열, 이길중, 이지완, 정무용

김태윤
김아람

근대
신재호

이주호

곽금선, 박주영, 박한민, 이양희, 이지은, 임동현,

주동빈, 최용준, 한보람, 한승훈, 한애라, 한준호

이명학
양진아
2024

현대

김상연, 김청강, 예대열, 이길중, 이지완

김아람

삼국
신재호

홍선이

권순홍, 김기민, 김지현, 나유정, 이종록

이준성
이정빈
2025

DB 고도화 참여자(2022~)

시기 구분
기획
해설 집필
해설 교열
감수
구축연도

근대
신재호

이홍구

곽금선, 김기성, 김명섭, 김명재, 김명환, 김상훈, 김소영, 김영진, 김헌주, 남기현, 류동연, 박순섭,

박주영, 박한민, 성주현, 송영화, 심철기, 양진아, 이성우, 이양희, 이지은, 임인재, 최보민, 최보영,

최우석, 한보람, 한승훈, 한준호

박은숙

정일영

한승훈
김도형
2022

현대

김대현, 김동주, 문민기, 박경렬, 이재석, 이지완

박광명

임광순
김아람

김태우

조선 전기
신재호

이주호

신동훈, 양정현, 윤승희, 이경동, 이상민, 이지훈

서민주
나영훈
2024

조선 후기

도주경, 문광균, 오승관, 윤민경, 임성수, 채홍병

이행묵
박범

삼국 이전
신재호

홍선이

권순홍, 김기민, 김세진, 김지현, 나유정, 이종록

이준성
이정빈
2025

고려

김도연, 김보광, 김수연, 김종혁, 김지영, 김진곤,
김효섭, 박수찬, 안주영, 오경석, 오치훈, 이민기,
이바른, 이상민, 이창섭, 정동훈, 최은규, 현수진

이현경

황향주
한정수

최종석

메인 화면

1.교양 우리 역사 메뉴 내의 콘텐츠로 이동할 수 있습니다.

2.시대별 분야에 따른 사료 목록을 확인할 수 있습니다.

3.사료로 본 한국사 내 자료를 검색할 수 있습니다.

분류별 목록 화면

1.시대에 따른 분야별 목록을 확인할 수 있습니다.

2.개별 사료 클릭시 상세화면으로 이동합니다.

상세 화면 – 한면으로 보기

1.시대별/분야별 목차를 확인할 수 있고, 다른 사료로 바로 이동할 수 있습니다. 숨기기/열기 버튼을 이용해 닫거나 열어볼 수 있습니다.

2.각 사료에 대한 국문, 원문, 해설, 참고자료 정보를 4개의 탭으로 열람할 수 있습니다.

3.두 가지 정보를 비교해 볼 수 있는 ‘나란히 보기’ 화면으로 이동합니다. 드롭박스를 통해 열람하고자 하는 정보를 선택할 수 있습니다.

4.폰트 조정, 인쇄, 목록, 오류신고, 이전/다음 사료로 이동 등의 툴바 기능을 이용할 수 있습니다.

목록화면

1.시대에 따른 분야별 사료 목록이 배열됩니다.

2.메인 화면 및 시대별 목록을 열람할 수 있습니다.

3.상세 사료 목록을 펼침/닫힘 버튼을 통해 이용할 수 있습니다.",,https://contents.history.go.kr/front/hm/view.do?levelId=hm_009_0110,사료로 본 한국사\items\hm_age_20_삼국 시대\hm_ty_010_정치\hm_009_0110_고구려 중·후기 관직.md
52,hm_age_20,삼국 시대,hm_ty_010,정치,hm_009_0120,고구려 환도성 함락과 평양성 천도,삼국 시대 > 정치 > 고구려의 체제 정비와 영토 확장 > 고구려 환도성 함락과 평양성 천도,"21년(247) 봄 2월에 왕이 환도성이 전란을 겪어 다시 도읍으로 삼을 수 없다고 여겨, 평양성(平壤城)을 쌓고 민(民)과 종묘(宗廟)와 사직(社稷)을 옮겼다. 평양은 본래 선인(仙人) 왕검(王儉)의 땅이다. 다른 기록에는 “왕이 되어 왕험(王險)에 도읍하였다.”라고 하였다.

『삼국사기』 권17, 고구려본기5, 동천왕 21년

〔20년(246)〕 겨울 10월에 관구검이 환도성을 공격하여 함락시키고 성 안을 도륙하였으며 장군 왕기(王頎)를 보내 고구려 왕을 추격하였다. 왕이 남옥저(南沃沮)로 달아나 죽령(竹嶺)에 이르렀는데, 군사들은 흩어져 거의 다 없어지고, 오직 동부(東部)의 밀우(密友)만이 홀로 옆을 지키고 있다가 왕에게 말하기를, “지금 추격해오는 적병이 가까이 닥쳐오니, 이 형세를 벗어날 수 없습니다. 청컨대 신이 결사적으로 막을 것이니 왕께서는 달아나소서.”라고 하였다. 마침내 결사대[死士]를 모아 그들과 함께 적진으로 가서 힘껏 싸웠다. 왕이 샛길로 달아나 산골짜기에 의지하여 흩어진 군졸을 모아 스스로 방비하면서 말하기를, “만약 밀우를 데려올 수 있는 사람이 있다면 후하게 상을 주겠다.”라고 하였다. 하부(下部)의 유옥구(劉屋句)가 앞으로 나아가 대답하여 말하기를, “신이 가보겠습니다.”라고 하였다. 마침내 전투가 벌어진 곳에서 밀우가 땅에 쓰러져 있는 것을 발견하고 곧 업고 돌아왔다. 왕이 그를 무릎에 눕혔더니 한참 만에 깨어났다.

왕이 샛길로 이리저리 돌아다니며 남옥저에 이르렀으나 위군(魏軍)은 추격을 멈추지 않았다. 왕이 계책이 궁하고 기세가 꺾이어 어찌할 바를 모르고 있는데, 동부 사람 유유(紐由)가 나서서 말하기를, “형세가 매우 위태롭고 급박하나 헛되이 죽을 수는 없습니다. 신에게 어리석은 계략이 있습니다. 청컨대 음식을 가지고 가서 위나라 군사에게 대접하면서 틈을 엿보아 저들의 장수를 찔러 죽이겠습니다. 만일 신의 계략이 성공하면, 왕께서는 힘껏 공격하여 반드시 승리를 거두소서.”라고 하였다. 왕이 말하기를, “그렇게 하겠다.”라고 하였다.

유유가 위군에 들어가 거짓으로 항복하여 말하기를, “우리 임금[寡君]이 큰 나라에 죄를 얻고 도망쳐 바닷가에 이르렀는데 몸 둘 땅이 없어서 장차 진영 앞에서 항복을 청하고 죽음을 사구(司寇)에게 맡기려고 하는데, 먼저 소신(小臣)을 보내 변변치 못한 물건이라도 드려 부하들의 음식 거리나 되고자 합니다.”라고 하였다. 위(魏)의 장수가 이 말을 듣고 그 항복을 받으려 하였다. 유유가 식기에 칼을 감추고 앞으로 나아가 칼을 빼서 위나라 장수의 가슴을 찌르고 그와 함께 죽으니, 위군이 마침내 혼란해졌다. 왕이 군사를 세 길로 나누어 빠르게 이들을 공격하니, 위군이 어수선하고 어지러워서 진(陳)을 이루지 못하고, 드디어 낙랑(樂浪)에서 퇴각하였다.

『삼국사기』권17 고구려본기5 동천왕 20년","二十一年, 春二月, 王以丸都城經亂, 不可復都, 築平壤城, 移民及廟社. 平壤者, 夲仙人王儉之宅也. 或云, “王之都王險.”

『三國史記』 卷17, 髙句麗本紀5, 東川王 21年

冬十月, 儉攻䧟丸都城, 屠之, 乃遣將軍王頎追王. 王奔南沃沮, 至于竹嶺, 軍士分散殆盡, 唯東部宻友獨在側, 謂王曰, “今追兵甚迫, 勢不可脫. 臣請决死而禦之, 王可遯矣.” 遂募死士, 與之赴敵力戰. 王間行脫而去, 依山谷聚散卒自衞, 謂曰, “若有能取宻友者, 厚賞之.” 下部劉屋句前對曰, “臣試徃焉.” 遂於戰地, 見宻友伏地, 乃負而至. 王枕之以股, 久而乃蘇. 王間行轉輾, 至南沃沮, 魏軍追不止. 王計窮勢屈, 不知所爲, 東部人紐由進曰, “勢甚危迫, 不可徒死. 臣有愚計, 請以飮食牲犒魏軍, 因伺隙, 刺殺彼將. 若臣計得成, 則王可奮擊, 決勝矣.” 王曰, “諾.” 紐由入魏軍詐降曰, “寡君獲罪於大國, 逃至海濵, 措躬無地, 將以請降於陣前, 歸死司寇, 先遣小臣, 致不腆之物, 爲從者羞.” 魏將聞之, 將受其降. 紐由隱刀食器, 進前拔刀, 刺魏將胷, 與之俱死, 魏軍遂亂. 王分軍爲三道, 急擊之, 魏軍擾亂, 不能陳, 遂自樂浪而退.

『三國史記』 卷17 髙句麗本紀5 東川王 20년","이 사료는 조위(曹魏)의 공격으로 당시 고구려의 도성이 함락되고, 왕이 피난한 상황, 그리고 귀환 후 새로운 도성을 건설하여 천도하는 과정을 전하고 있다. 『삼국지(三國志)』와 『삼국사기

(三國史記)』에 따르면, 242년에 고구려는 당시 압록강 하구에 위치하던 요동군(遼東郡)의 서안평현(西安平縣)을 공격하였다. 「관구검기공비(毌丘儉紀功碑)」에 따르면, 조위는 고구려의 서안평 공격을 ‘반란’으로 규정하고 이를 빌미로 고구려를 침공하였다.

조위의 고구려 침공 시점은 사료마다 차이가 있는데, 『삼국지』 고구려전에는 244년의 일로 전하는 반면, 『삼국지』 삼소제기(三少帝紀) 및 『자치통감(資治通鑑)』에는 246년의 일로 전한다. 『삼국지』 관구검(毌丘儉)전에는 정시(正始, 240~248) 초에 1차 침공이 있었고, 정시 6년(245)에 2차 침공이 있었다고 전한다. 한편, 「관구검기공비」에는 244년에 침공하여 245년에 돌아갔다고 전한다. 이로써 조위의 고구려 침공은 244년에 시작되어 245년까지의 1차 침공과 246년에 시작되어 247년까지의 2차 침공이 있었던 것으로 이해된다. 『삼국사기

』는 『자치통감』의 해석에 따라 246년의 일로 전하고 있다.

조위의 유주자사(幽州刺史) 관구검은 지금의 중국 랴오닝(遼寧)성 훈강(渾江)으로 비정되는 비류수(沸流水)와 타이즈허(太子河) 유역으로 비정되는 양구(梁口)에서 고구려군과 전투를 벌인 뒤, 남하하여 고구려 도성을 공격하였고, 환도성을 함락시켰다. 『삼국지』 관구검전에 따르면, 환도성을 공략하던 조위군은 말과 수레를 멈추고 환도산을 올라 함락시켰다고 전한다. 환도성은 지금의 중국 지린(吉林)성 지안(集安)시에 위치하는 산성자산성(山城子山城)으로 비정되는데, 1906년, 산성자산성의 서북쪽 소판차령(小板岔嶺)에서 「관구검기공비」가 발견되기도 하였다.

환도성은 지안의 시가지로부터 북쪽으로 약 2.5km 떨어져 있는 해발 676m의 환도산의 남쪽 경사면에 위치한다. 남쪽으로 흐르는 계곡을 품으며 산 능선을 따라 돌로 성벽을 쌓은 포곡식 산성으로, 성벽의 전체 둘레는 약 7km이다. 산성에서 흘러나온 계곡은 성의 남쪽에서 곧바로 통구하(通口河)와 합류한다. 198년, 고구려가 공손씨(公孫氏)의 침입에 대비하여 축조하였고, 환도성으로 천도한 209년 이래, 도성의 역할도 수행했던 곳이다. 동천왕 당시에도 도성이었다.

이 사료를 통해 알 수 있듯이, 동천왕은 도성이 함락되기 전에 피신하여, 동쪽으로 향하였다. 『삼국사기

』에는 남옥저로 도망하였다고 전하지만, 『삼국지』 관구검전에는 매구(買溝)를 거쳐 숙신(肅愼)의 남쪽 경계까지, 『삼국지』 동옥저(東沃沮)전에는 북옥저(北沃沮)로 도망하였다고 전한다. 대체로 함경북도 함흥일대로 비정되는 남옥저/동옥저를 거쳐, 두만강 하류로 비정되는 북옥저까지 피신했던 것으로 이해된다.

247년, 전쟁이 끝나고 도성으로 북귀한 동천왕은 조위군에 의해 파손된 환도성을 복구하는 대신, 새로운 도성으로서 평양성을 건설하였다. 이때 평양성의 위치를 『삼국사기

』는 현재의 북한 평양으로 간주하고, 왕검과 관련지었다. 그러나 “평양은 본래 선인 왕검의 땅이었다. 다른 기록에는 ‘왕이 되어 왕험에 도읍하였다’라고 하였다”는 기록은 비록 현재 전하는 판본에는 본문으로 기록되었지만, 고려시대의 인식이 반영된 주석으로 이해된다. 뿐만 아니라, 3세기 중반경에는 여전히 낙랑군이 현재의 평양을 차지하고 있었으므로, 현재의 동천왕이 축조한 평양성을 현재의 평양으로 보기는 어렵다. 이에 따라 평안북도 강계, 중국 지린성 지안시 동쪽의 량민(良民), 중국 랴오닝성 환런(桓仁) 등으로 비정하기도 하지만, 국내성(國內城)으로 알려진 지안시의 평지성으로 비정하는 견해가 많다.

한편, 동천왕의 피신 과정에서 활약하는 밀우(密友)와 유옥구(劉屋句), 유유(紐由) 등의 출신이 주목된다. 모두 동부(東部), 하부(下部) 등 소위 ‘방위부(方位部)’ 출신이기 때문이다. 방위부는 도성의 행정단위로 이해되며, 방위부가 본격적으로 등장하는 동천왕대 즉 2세기 중반 경부터 왕권의 집중을 바탕으로 하는 도성의 행정적 편제가 이루어진 것으로 이해된다.

이와 같은 맥락에서 동천왕이 새로운 평양성을 건설한 뒤, 백성과 함께 묘사(廟社) 즉, 종묘(宗廟)와 사직(社稷)을 옮겼다는 기사도 주목된다. 종묘는 고구려 왕실의 조상제사를 위한 사당이고, 건국시조 이래 체계적으로 정리된 왕실계보의 존재, 바꿔 말해 독보적인 왕실의 정통성을 암시하기 때문이다. 왕권 강화를 바탕으로 도성의 행정 편제와 함께 고구려의 도성 경관이 갖추어진 일면으로 보여준다. 단, 『삼국지』 고구려전에 따르면, 같은 시기 전왕족이었던 연노부/소노부(涓奴部/消奴部) 역시 종묘을 세우고 영성(靈星)과 사직에 따로 제사를 지낼 수 있었던 것으로 보아, 동천왕대는 이를 일원적으로 정비해가는 과정이었던 것으로 추측된다.

이 글의 내용은 집필자의 개인적 견해이며, 국사편찬위원회의 공식적 견해와 다를 수 있습니다.

참고문헌

논문

권순홍, 「고구려 ‘평양’의 변천과 전기 평양성의 위치에 관한 쟁점 검토」, 『역사문화연구』 70, 2019.
기경량, 「환도성, 국내성의 성격과 집안 지역 왕도 공간의 구성」, 『사학잡지』 129, 2018.
서영대, 「고구려의 사직과 영성에 대하여」, 『고구려의 사상과 문화』, 2005.
여호규, 「3세기 전반 동아시아 국제정세와 고구려의 대외정책」, 『역사학보』 194, 2007.
이승호, 「「관구검기공비」의 해석과 고구려·위 전쟁의 재구성」, 『목간과 문자』 15, 2015.

저서

여호규, 『고구려 초기 정치사 연구』, 신서원, 2014.
이케우치 히로시(池內宏), 『만선사연구-상세편-』, 요시카와코분칸(吉川弘文館), 1951.
임기환, 『고구려 정치사 연구』, 한나래, 2004.

관련사이트

[http://db.history.go.kr/id/sg_017r_0020_0160] 『삼국사기』 권17, 고구려본기5, 동천왕 21년, 국사편찬위원회 한국사데이터베이스

[https://db.history.go.kr/id/sg_017_0020_0150] 『삼국사기』 권17 고구려본기5 동천왕, 국사편찬위원회 한국사데이터베이스",,https://contents.history.go.kr/front/hm/view.do?levelId=hm_009_0120,사료로 본 한국사\items\hm_age_20_삼국 시대\hm_ty_010_정치\hm_009_0120_고구려 환도성 함락과 평양성 천도.md
53,hm_age_20,삼국 시대,hm_ty_010,정치,hm_010_0010,백제 고이왕의 체제 정비,삼국 시대 > 정치 > 백제의 체제 정비와 영토 확장 > 백제 고이왕의 체제 정비,"(고이왕(古爾王)) 27년(260) 봄 정월, 내신좌평

(內臣佐平)을 두어 왕명의 출납 일을 맡도록 하고, 내두좌평

(內頭佐平)을 두어 창고와 재정에 대한 일을 맡게 하고, 내법좌평

(內法佐平)을 두어 예법과 의례에 대한 일을 맡게 하고, 위사좌평

(衛士佐平)을 두어 숙위 군사에 대한 일을 맡게 하고, 조정좌평

(朝廷佐平)을 두어 형벌과 감옥에 대한 일을 맡게 하고, 병관좌평

(兵官佐平)을 두어 지방의 군사에 대한 일을 맡도록 하였다.

또한 달솔(達率)⋅은솔(恩率)⋅덕솔(德率)⋅한솔(扞率)⋅나솔(奈率)⋅장덕(將德)⋅시덕(施德)⋅고덕(固德)⋅계덕(季德)⋅대덕(對德)⋅문독(文督)⋅무독(武督)⋅좌군(佐軍)⋅진무(振武)⋅극우(剋虞)를 두었다. 6좌평

은 모두 1품, 달솔은 2품, 은솔은 3품, 덕솔은 4품, 한솔은 5품, 나솔은 6품, 장덕은 7품, 시덕은 8품, 고덕은 9품, 계덕은 10품, 대덕은 11품, 문독은 12품, 무독은 13품, 좌군은 14품, 진무는 15품, 극우는 16품이었다.

2월에 6품 이상은 자줏빛 옷을 입고 은화(銀花)로 관(冠)을 장식하고, 11품 이상은 붉은 옷을 입으며, 16품 이상은 푸른 옷을 입도록 하라는 명령을 내렸다.

3월, 왕의 동생 우수(優壽)를 내신좌평

으로 삼았다.

『삼국사기

』권24, 「백제본기」2 고이왕 27년

二十七年春正月, 置内臣佐平掌宣納事, 内頭佐平掌庫藏事, 内法佐平掌禮儀事, 衛士佐平掌宿衛兵事, 朝廷佐平掌刑獄事, 兵官佐平掌外兵馬事. 又置逹率⋅恩率⋅德率⋅扞率⋅奈率, 及將德⋅施德⋅固德⋅季德⋅對德⋅文督⋅武督⋅佐軍⋅振武⋅克虞. 六佐平並一品, 逹率二品, 恩率三品, 德率四品, 扞率五品, 奈率六品, 將德七品, 施德八品, 固德九品, 季德十品, 對德十一品, 文督十二品, 武督十三品, 佐軍十四品, 振武十五品, 克虞十六品.

二月, 下令, 六品已上服紫, 以銀花餙冠, 十一品已上服緋, 十六品已上服青.

三月, 以王弟優壽爲内臣佐平.

『三國史記』卷24, 「百濟本紀」2 古爾王 27年

이 사료는 백제 고이왕(古爾王, 재위 234~286) 대에 이루어진 체제의 정비에 대해 전하는 자료이다. 고이왕은 사반왕(沙伴王, 재위 234)을 폐위하고 즉위했기 때문에 이를 계기로 백제 왕실 내에서 지배 세력의 교체가 있었을 것이라는 점은 현재 통설로 인정되고 있다. 따라서 고이왕은 즉위 후 왕권의 안정과 강화를 위한 정책을 보다 적극적으로 추진할 필요가 있었고, 이는 일련의 집권 과정에서 확인된다.

먼저 『삼국사기

』 고이왕 7년(240)조에 보이는 좌장(左將) 설치 기사다. 좌장은 ‘내외병마사(內外兵馬事)’를 관장하였는데 고이왕은 이러한 좌장의 설치를 계기로 기존에 우보(右輔)에게 집중되었던 병권을 왕권 아래 집중시키고자 하였던 것으로 보인다. 한편 우보의 종신적 성격을 제한하여 왕권을 보다 확대하는 한편, 242년(고이왕 9년)에는 남택(南澤)을 논으로 개발하여 농업 생산력을 높이려 노력하는 등 제도를 정비하기 위해 애썼다.

260년(고이왕 27년)에는 중앙 관부 조직으로 6좌평(佐平)

의 역할을 정하는 한편, 중앙 관직을 16품의 관등으로 정비하고 관등의 고하에 따라 관리의 복색을 정하였다. 중앙의 관등 체계가 마련되었다는 것은 신분 제도가 정비되었음을 의미하며, 이에 따른 복색의 구분은 관리들의 신분 질서가 구체적으로 갖추어졌음을 뜻한다.

그런데 6좌평

과 16관등제

가 고이왕 대에 정비된 것이 아니라, 사비 시대 이후에 완비된 것을 고이왕 대에 부회(府會)하여 기록한 것이라는 견해가 지배적이다. 『삼국사기

』 「신라본기」에도 유리이사금

(儒理尼師今) 9년(32)조에 17관등

을 설치했다는 기사가 있지만, 이는 실제 17관등

전체가 아닌 관등제의 기원이 되는 특정 관등을 설치했다는 기사이다. 나머지는 율령 반포

이전의 후대 사실이 소급된 것으로 보는 것과 같은 맥락에서 이해할 수 있다. 즉 고이왕 대에 이루어진 좌평

과 관등제의 정비는 실제로 이 시기에 완비된 것이 아니라 좌평

및 솔계(率系) 관등 중 일부가 설치되면서 관등제가 시작되었음을 알리는 기사라고 할 수 있다.

그렇다면 왜 고이왕 대에 관등제 정비와 같은 체제 정비와 관련한 사실이 기록되었을까? 고이왕 대는 백제사에서 실질적으로 고대 국가의 틀을 갖춰 가는 시기라 할 수 있다. 마한(馬韓)의 한 소국으로 존재했던 백제는 3세기 중엽 중국 한군현(漢郡縣)과의 전투를 이끌고 점차 주변 세력을 병합함으로써 비로소 초기 고대 국가로서의 기틀을 마련하였다고 볼 수 있기 때문이다. 『삼국지』 「동이전(東夷傳)」에 전하는 대방군(帶方郡)

기리영(崎離營) 전투가 그 대표적인 사례이다. 즉 대방

을 비롯한 한군현과의 대립 과정에서 주도적 역할을 하였던 백제는 대방군

과의 전투를 실질적으로 이끌면서 주변 소국을 통합해 나갔던 것으로 보인다. 또한 「백제본기」 온조왕

27년(기원 9)에 백제가 웅천책(雄川柵)을 넘어가 마한을 멸망시킨 것도 실제로는 고이왕 대의 일로 추정된다. 이러한 과정을 거쳐 백제는 마한 소국의 일부를 자신의 세력권 안에 편입시키면서 영역을 확대할 수 있었을 것이다. 결국 고이왕 27년을 기점으로 이루어진 일련의 체제 정비 과정은 새롭게 편입된 마한 소국들을 재편하는 과정에서 불가피한 일이었던 것이다.

물론 고이왕 27년을 기점으로 서술된 일련의 체제 정비 기사는 이미 앞서 말했듯이 사실 그대로 받아들이기 어렵다. 다만 고이왕 대에 이러한 기사들이 일괄하여 수록되었다는 것은 백제사에서 고이왕 대가 그만큼 역사적으로 변혁을 꾀했던 시기인 것만큼은 확실하다. 이는 관계(官階)

관리나 벼슬의 등급

를 비롯한 일정한 체제 정비가 시작되었을 의미한다.

이 글의 내용은 집필자의 개인적 견해이며, 국사편찬위원회의 공식적 견해와 다를 수 있습니다.

참고문헌

논문

「3세기 마한과 백제국」,『백제연구논총 5-백제의 중앙과 지방』,이현혜,충남대학교 백제연구소,1997.
「백제 초기 관제의 성립과정」,『역사와 현실』70,정동준,한국역사연구회,2008.

저서

『백제정치사연구』, 노중국, 일조각, 1988.

편저

「백제의 기원과 건국」, 김두진, 서울특별시사편찬위원회 편, 2008.
「마한사회의 형성과 백제의 건국」, 문창로, 충남역사문화연구원 편, 2008.

관련사이트

[http://db.history.go.kr/id/sg_024r_0030_0260] 국사편찬위원회 한국사데이터베이스",,,,https://contents.history.go.kr/front/hm/view.do?levelId=hm_010_0010,사료로 본 한국사\items\hm_age_20_삼국 시대\hm_ty_010_정치\hm_010_0010_백제 고이왕의 체제 정비.md
54,hm_age_20,삼국 시대,hm_ty_010,정치,hm_010_0020,백제 근초고왕의 영토 확장,삼국 시대 > 정치 > 백제의 체제 정비와 영토 확장 > 백제 근초고왕의 영토 확장,"(근초고왕) 24년(369) 가을 9월에 고구려 왕 사유(斯由)

고국원왕(故國原王, 재위 331~371)

가 보병과 기병 2만 명을 거느리고 치양(雉壤)에 와서 진을 치고 군사를 나누어 민가를 약탈하였다. 왕이 태자를 보내어 군사를 (거느리고) 지름길로 가서 치양에 이르렀다. 불시에 공격하여 그들을 격파하고 적병 5000여 명의 머리를 베었다. 사로잡은 적들은 장병들에게 나누어 주었다.

26년(371)에 고구려가 군사를 동원하여 공격해 왔다. 왕이 이를 듣고 패하(浿河)에 복병을 배치하고 (그들이) 오기를 기다렸다가 불시에 공격하였다. 고구려 군사가 패배하였다. 겨울에 왕이 태자와 함께 정예군 3만 명을 거느리고 고구려에 침입하여 평양성을 공격하였다. 고구려 왕 사유가 힘을 다해 싸워 이를 막았으나 날아오는 화살에 맞아 죽었다. 왕이 군사를 이끌고 물러났다.

30년(375) 가을 7월에 고구려가 북쪽 변방의 수곡성(水谷城)을 공격하여 함락시켰다. 왕이 장수를 보내 방어하게 하였으나 승리하지 못했다. 왕이 다시 군사를 크게 동원하여 보복하려 했으나, 흉년이 들었기 때문에 실행하지 못했다.

『삼국사기

』권24, 「백제본기」2 근초고왕 24⋅26⋅30년

二十四年秋九月, 髙句麗王斯由, 帥歩騎二萬來屯雉壤, 分兵侵奪民戸. 王遣太子以兵徑至雉壤. 急擊破之獲五千餘級. 其虜獲分賜將士.

二十六年, 髙句麗舉兵來. 王聞之伏兵於浿河上, 俟其至, 急擊之. 髙句麗兵敗北. 冬王與太子帥精兵三萬, 侵髙句麗攻平壤城. 麗王斯由力戰拒之, 中流矢死. 王引軍退.

三十年秋七月, 髙句麗來攻北鄙水谷城, 陷之. 王遣將拒之不克. 王又將大舉兵 報之, 以年荒不果.

『三國史記』卷24, 「百濟本紀」2 近肖古王 24⋅26⋅30年

이 사료는 4세기 중후반 백제의 영토 확장 과정을 보여준다. 백제는 고이왕(古爾王, 재위 234~286) 대 체제를 정비한 후 마한(馬韓)과 목지국(目支國)

을 병합하여 한반도 중부에서 중심 세력으로 부상하고, 이후 근초고왕(近肖古王, 재위 346~375) 대에 들어서면서 본격적으로 주변 지역으로 세력을 확대해 갔다.

백제는 건국 직후부터 말갈(靺鞨), 낙랑(樂浪)

등 북방 세력의 침략을 계속해서 받았는데, 이들 지역을 고구려가 병합하면서 서로 마주하게 되었다. 백제의 고구려에 대한 대응은 이 기사에서 보이는 것과 같이 근초고왕 대에 활발하게 전개되었다. 이는 고구려의 남진을 막는 한편, 더 나아가 적극적인 북방 진출의 시도라는 형태로 이뤄졌다. 양국의 전쟁이 본격화된 것은 「백제본기」에 따르면 고구려의 선제공격에서 비롯되었다. 근초고왕 24년(369) 백제의 세력이 점차 커지는 것을 우려한 고구려 왕 사유(斯由)

고국원왕(故國原王, 재위 331~371)

가 치양(雉壤)을 공격하였다.

한편, 『일본서기(日本書紀)』 「신공기(神功紀)」 49년조에 따르면, 백제 왕 부자(근초고왕과 근구수(近仇首))가 남만 침미다례(南蠻忱彌多禮)

지금의 해남

를 평정하자, 비리(比利)⋅벽중(辟中)⋅포미지(布彌支)⋅반고(半古) 등 4읍이 항복을 했다고 한다. 이와 관련해 실제 근초고왕 대에 이 지역을 백제가 직접 통치했는지에 대해서는 논란이 있으나, 백제의 영향력이 미쳤음을 추정할 수 있다. 이와 같이 백제의 남방 진출이 활발해지자 고구려는 백제가 주변국으로 정치적 영향력을 확대하는 것을 견제하기 위해 남쪽으로 진출할 필요가 있었다.

백제가 고구려에 가장 우세했던 시기는 근초고왕 26년(371)이었다. 근초고왕은 태자 근구수와 함께 고구려 평양성을 공격하여 고국원왕을 전사시켰다. 이후 백제가 도읍을 한산(漢山)으로 옮겼다는 기사가 「백제본기」 근초고왕 26년조에 전한다. 하지만 실제로는 도읍을 옮겼다기보다 고구려와의 전쟁 과정에서 일시적으로 운영된 일종의 군사령부와 같은 부서를 두었을 가능성이 크다.

그러나 이후 백제는 북방 지역으로의 진출이 여의치 않아 보인다. 근초고왕 30년(375)의 기사에 따르면 백제가 차지하고 있던 최북단은 예성강 일대로 추정되는 수곡성(水谷城)이었던 듯하다. 백제는 평양성까지 공격하였으나 그곳에 군사를 주둔시키는 등 실질적인 지배권을 행사하지는 못한 것 같다. 다만 수곡성에 진출하였고, 이 지역까지 영향력을 미쳤을 뿐이다. 백제는 수곡성을 상실할 때까지 이곳을 경계로 고구려와 맞섰던 것이다.

이 글의 내용은 집필자의 개인적 견해이며, 국사편찬위원회의 공식적 견해와 다를 수 있습니다.

참고문헌

저서

『백제와 근초고왕』, 김기섭, 학연문화사, 2000.
『백제정치사연구』, 노중국, 일조각, 1988.

편저

「한성백제의 영역확장」, 김두진, 서울특별시사편찬위원회 편, 2008.

관련사이트

[http://db.history.go.kr/id/sg_024r_0080_0060] 국사편찬위원회 한국사데이터베이스",,,,https://contents.history.go.kr/front/hm/view.do?levelId=hm_010_0020,사료로 본 한국사\items\hm_age_20_삼국 시대\hm_ty_010_정치\hm_010_0020_백제 근초고왕의 영토 확장.md
55,hm_age_20,삼국 시대,hm_ty_010,정치,hm_010_0030,개로왕이 위나라에 고구려 정벌을 요청한 외교문서,삼국 시대 > 정치 > 백제의 체제 정비와 영토 확장 > 개로왕이 위나라에 고구려 정벌을 요청한 외교문서,"연흥(延興) 2년(472, 개로왕(蓋鹵王) 18)에 [백제(百濟)] 왕 여경(餘慶)

개로왕

이 처음으로 사신을 보내 표를 올려 다음과 같이 말하였다. “신이 동쪽 끝에 나라를 세워 승냥이와 이리들에게 길이 막히니, 비록 대대로 신령하신 교화를 받았으나 번신(藩臣)의 예를 받들 길이 없었습니다. 천자의 궁궐을 그려 우러러보면서 달려가는 마음 끝이 없습니다. 소슬한 바람이 살며시 일어나는데 엎드려 생각건대 황제 폐하께서는 시절의 변화에 잘 조화하시는지 우러러 사모하는 정을 억누를 길 없습니다. 삼가 [제가] 사사로이 관직을 준 관군장군(冠軍將軍) 부마도위(駙馬都尉) 불사후(弗斯侯) 장사(長史) 여례(餘禮)와 용양장군(龍驤將軍) 대방

태수(帶方太守) 사마(司馬) 장무(張茂) 등을 보내어 파도에 배를 던져 망망한 바닷길을 더듬게 하였습니다. 하늘에 운명을 맡기고 만분의 일이나마 조그만 정성을 올리오니, 바라옵건대 귀신의 감응이 내리고 황제의 위령(威靈)이 크게 감싸주어 폐하의 대궐에 도착하여 신의 뜻이 퍼진다면, 아침에 그 말을 듣고서 저녁에 죽는다 하여도 영원히 여한이 없을 것입니다.”

또한 다음과 같이 말하였다. “신은 고구려(高句麗)와 함께 부여(夫餘)에서 나왔으므로 선대(先代)에는 우의를 매우 돈독히 하였습니다. 그런데 그들의 선조인 쇠(釗)

고구려 고국원왕(故國原王)

가 이웃 간의 우호를 가볍게 깨뜨리고 몸소 군사를 거느리고 신의 국경을 짓밟았습니다. 그리하여 신의 선조인 수(須)

백제 근구수왕(近仇首王)

가 군사를 정돈하고 번개처럼 달려가서 기회를 타 돌풍처럼 공격하여, 화살과 돌이 오고 간지 잠깐 만에 쇠(釗)의 머리를 베어 높이 매달으니, 그 이후부터는 감히 남쪽을 엿보지 못하였습니다. 그런데 풍씨(馮氏)의 국운이 다하여 그 유민이 [고구려로] 도망하여 온 후로부터 추악한 무리가 점점 강성하여져 끝내 침략과 위협을 당하여 원한이 얽히고 전화(戰禍)가 연이은 것이 30여 년입니다. 물자도 다되고 힘도 떨어져서 자꾸만 쇠잔해지고 있습니다. 만일 천자의 인자와 간절한 긍휼이 멀리라도 미치지 않는 곳이 없다면 급히 장수 한 사람을 보내어 신의 나라를 구원하여 주십시오. 마땅히 저의 딸을 보내어 후궁에서 청소를 하게 하고, 아울러 자제들을 보내어 마구간에서 말을 먹이게 하겠으며, 한 치의 땅이나 한 사람의 필부라도 감히 저의 것이라 생각하지 않겠습니다.”

또 다음과 같이 말하였다. “지금 연(璉)

고구려 장수왕(長壽王)

의 죄로 나라는 어육(魚肉)이 되었고, 대신(大臣)과 강족(强族)들의 살육됨이 끝이 없어 죄악이 가득히 쌓였으며, 백성들은 이리저리 흩어지고 있습니다. 이는 멸망의 시기이며 도움을 받아야 할 때입니다. 또 풍씨 일족의 사람과 말에게는 조축지련(鳥畜之戀)

새와 짐승이 그 주인을 따르는 정

이 있고, 낙랑(樂浪) 등 여러 군(郡)은 수구지심(首丘之心)

자기 근본, 고향을 그리워한다는 뜻이다. 『예기(禮記)』 「단궁 상(檀弓上)」의 ‘여우가 죽을 때 머리를 제 굴 언덕으로 향함이 인(仁)이다. (狐死正 丘首仁也)’라는 말에서 유래하였다.

을 품고 있습니다. 폐하의 위엄을 한번 발동하면 정벌만이 있고 전쟁은 없을 것입니다. 신은 비록 명민하지 못하더라도 몸과 마음을 다 바쳐 당연히 휘하의 군사를 거느리고 가르침을 받아 움직일 것입니다. 또한 고구려의 불의와 잘못은 하나뿐이 아닙니다. 겉으로는 외효(隗囂)처럼 번병(藩屛)

변방의 제후국

의 겸손한 말을 지껄이면서도1)

1)

겉으로는 제후를 자처하면서 속으로는 다른 뜻을 품고 있다는 의미이다. 외효(隗囂)는 전한이 멸망하고 왕망(王莽)이 신(新)을 세운 이후 중국 땅을 할거한 군웅 중의 한 명이다. 황실 종친 유수는 낙양에서 제위에 올라 후한 광무제가 된 후 지방에 할거하던 반란 세력을 하나씩 토벌하고, 마지막으로 서쪽 변방인 농서(隴西)의 외효(隗囂)와 촉(蜀)의 공손술(公孫述)만이 남아 있었다. 외효는 광무제 유수와 수교하고 서주상장군(西州上將軍)의 호칭을 받았으나, 광무제의 세력이 점점 커지자 위협을 느꼈다. 이에 촉의 공손술에게 사신을 보내어 광무제에게 대항하는 동맹을 맺기를 청하였으나 거절당하였으며, 다시 광무제에게 사신을 보냈으나 신하가 될 것을 요구받았다. 중신들이 광무제에게 두 세력을 토벌할 것을 요청하였으나, 광무제는 이미 중원이 평정되었으므로, “이 둘은 문제 삼을 것이 없다[度外視).”라며 거절하였다. 외효는 서기 33년(건무 9년) 병으로 죽고 그 아들 외구순(隗寇恂)이 항복하여 농서는 후한에 복속되었다.

속으로는 흉악한 짐승의 저돌적인 행위를 품고 있습니다. 남쪽으로는 유씨(劉氏)

남조의 유송(劉宋)을 지칭

와 통호하기도 하고, 북쪽으로는 연연(蠕蠕)

유연(柔然)을 지칭

과 맹약하기도 하여 서로 순치(脣齒)의 관계를 이루면서 왕략(王略)을 짓밟으려 하고 있습니다. 옛 요(堯)임금과 같이 더 없는 성군(聖君)도 [남만(南蠻)을] 단수(丹水)에서 쳐서 벌하셨고, 맹상군(孟嘗君)처럼 어질다는 사람도 비웃는 길손을 그대로 두지 않았습니다. 한 방울씩 새어 나오는 물이라도 마땅히 일찍 막아야 하니, 지금 취하지 않으실 것 같으면 뒷날 후회를 남기실 것입니다. 지난 경진(庚辰)년 이후, 신의 나라 서쪽 국경에 있는 소석산(小石山)의 북쪽 바다에서 10여 구의 시체를 발견함과 아울러 옷과 기물⋅안장⋅굴레 등을 얻었사온데, 살펴보니 고구려의 물건들이 아니었습니다. 뒤에 들으니 이는 폐하의 사신이 신의 나라로 오는 것을 뱀처럼 흉악한 것들이 길을 막고 바다에 침몰시킨 것이었습니다. 확실히 그렇게 하였는지는 알지 못하겠으나, 깊이 분노를 느낍니다. 옛 [춘추시대] 송(宋)나라에서 신주(申舟)를 살해하자 초(楚)나라 장왕(莊王)은 맨발로 뛰쳐나갔고, 매가 놓아 준 비둘기를 덮치자 신릉군(信陵君)은 끼니를 굶었습니다. 적을 이겨 명예를 세움은 더할 수 없는 훌륭한 것입니다. 구구하게 외진 조그마한 나라에서도 만대(萬代)의 신의를 사모하는데, 하물며 폐하께서는 천지의 기운을 모으셨고 형세는 산해를 기울일 만한데, 어찌하여 조그마한 어린아이가 폐하께 가는 길을 걸터앉아 막게 하십니까? 이제 주운 안장 하나를 올려 증거로 삼으려 합니다.”

『위서』권100, 「열전」88, 백제

겉으로는 제후를 자처하면서 속으로는 다른 뜻을 품고 있다는 의미이다. 외효(隗囂)는 전한이 멸망하고 왕망(王莽)이 신(新)을 세운 이후 중국 땅을 할거한 군웅 중의 한 명이다. 황실 종친 유수는 낙양에서 제위에 올라 후한 광무제가 된 후 지방에 할거하던 반란 세력을 하나씩 토벌하고, 마지막으로 서쪽 변방인 농서(隴西)의 외효(隗囂)와 촉(蜀)의 공손술(公孫述)만이 남아 있었다. 외효는 광무제 유수와 수교하고 서주상장군(西州上將軍)의 호칭을 받았으나, 광무제의 세력이 점점 커지자 위협을 느꼈다. 이에 촉의 공손술에게 사신을 보내어 광무제에게 대항하는 동맹을 맺기를 청하였으나 거절당하였으며, 다시 광무제에게 사신을 보냈으나 신하가 될 것을 요구받았다. 중신들이 광무제에게 두 세력을 토벌할 것을 요청하였으나, 광무제는 이미 중원이 평정되었으므로, “이 둘은 문제 삼을 것이 없다[度外視).”라며 거절하였다. 외효는 서기 33년(건무 9년) 병으로 죽고 그 아들 외구순(隗寇恂)이 항복하여 농서는 후한에 복속되었다. [https://contents.history.go.kr#fsid_1]

延興二年, 其王餘慶, 始遣使, 上表曰. 臣建國東極, 豺狼隔路, 雖世承靈化, 莫由奉藩. 瞻望雲闕, 馳情罔極. 涼風微應, 伏惟皇帝陛下協和天休, 不勝係仰之情. 謹遣私署, 冠軍將軍⋅駙馬都尉⋅弗斯侯⋅長史餘禮, 龍驤將軍⋅帶方太守⋅司馬⋅張茂等, 投舫波阻, 搜徑玄津. 託命自然之運, 遣進萬一之誠. 冀神祇垂感, 皇靈洪覆, 克達天庭, 宣暢臣志, 雖旦聞夕沒, 永無餘恨.

又云. 臣與高句麗源出夫餘, 先世之時, 篤崇舊款. 其祖釗輕廢隣好, 親率士衆, 陵踐臣境. 臣祖須整旅電邁, 應機馳擊, 矢石暫交, 梟斬釗首, 自爾已來. 莫敢南顧. 自馮氏數終, 餘燼奔竄, 醜類漸盛, 遂見陵逼, 構怨連禍, 三十餘載. 財殫力竭, 轉自孱踧. 若天慈曲矜, 遠及無外, 速遣一將, 來救臣國. 當奉送鄙女, 執掃後宮, 幷遣子弟, 牧圉外廐, 尺壤匹夫不敢自有.

又云. 今璉有罪, 國自魚肉, 大臣强族, 戮殺無已, 罪盈惡積, 民庶崩離. 是滅亡之期, 假手之秋也. 且馮族士馬, 有鳥畜之戀, 樂浪諸郡 懷首丘之心. 天威一擧, 有征無戰. 臣雖不敏, 志效畢力, 當率所統, 承風響應. 且高麗不義, 逆詐非一. 外慕隗囂藩卑之辭, 內懷兇禍豕突之行. 或南通劉氏, 或北約蠕蠕, 共相脣齒, 謀陵王略. 昔唐堯至聖, 致罰丹水, 孟嘗稱仁, 不捨塗詈. 涓流之水, 宜早壅塞, 今若不取, 將貽後悔. 去庚辰年後, 臣西界小石山北國海中見屍十餘, 幷得衣器鞍勒, 視之非高麗之物. 後聞乃是王人來降臣國, 長蛇隔路 以沉于海. 雖未委當, 深懷憤恚. 昔宋戮申舟, 楚莊徒跣, 鷂撮放鳩, 信陵不食. 克敵建名, 美隆無已. 夫以區區偏鄙, 猶慕萬代之信, 況陛下合氣天地, 勢傾山海, 豈令小竪, 跨塞天逵. 今上所得鞍一 以爲實驗.

『魏書』卷100, 「列傳」88 百濟

이 사료는 백제 개로왕(蓋鹵王, 재위 455~475)이 북위(北魏)에 고구려를 공격해 달라고 요청하는 내용을 담고 있다. 동일한 내용이 『삼국사기(三國史記)

』권25 개로왕 18년(472)조에도 전하고 있다.

백제는 근초고왕(近肖古王, 재위 346~375)이 고구려의 평양성을 공격하여 고국원왕(故國原王, 재위 331~371)을 살해한 이후 고구려와 공방을 이어갔다. 그런데 소수림왕(小獸林王, 재위 371~384)

대 이후 이루어지는 고구려의 체제 정비와 이를 바탕으로 한 광개토왕(廣開土王, 재위 391~412)

과 장수왕(長壽王, 재위 412~491)

대의 활발한 팽창정책으로 인해 근초고왕 대와는 달리 남진해 오는 고구려의 압박을 감당하기가 어려웠다. 결국 아신왕(阿莘王, 392~405)은 396년(아신왕 5년) 고구려군에게 58성 700촌을 빼앗기고 항복한 후, 왕제와 대신을 고구려에 보내는 등의 수모를 당하였다.

이후 백제는 전지왕(腆支王, 재위 405~420)과 비유왕(毘有王, 재위 427~455)을 거치면서 왜(倭) 혹은 중국 남조와 교류를 하는 한편, 신라와 화호(和好)를 맺으면서 국력을 회복하려고 노력하였다. 한편 고구려는 장수왕

이 평양 천도 등을 통해 대내 안정을 꾀하면서 양국 사이의 대결은 얼마간 소강상태에 접어들었다.

그러나 양국의 긴장 관계가 완전한 해소되지 않은 상황에서, 427년(고구려 장수왕

16년, 백제 비유왕 1년) 이루어진 평양 천도는 백제에게 큰 위협으로 다가왔을 것이다. 여기에 대응하기 위해 백제는 왜, 가야(加耶), 신라와 함께 공동의 방어선을 구축하는 한편 대중국 외교를 강화하기 위해 남조 송(宋)나라에 사신을 보내 비유왕이 책봉을 받는 등의 노력도 강구하였다.

비유왕에 이어 즉위한 개로왕은 여기(餘紀)

문주왕(文周王), 재위 475~477

와 여곤(餘昆)

곤지(昆支), ?~477

을 비롯한 11명의 인사에게 왕⋅후호를 제수함으로써 왕권의 위상을 높이고자 하였다. 그리고 461년(개로왕 7년)에는 여곤을 왜에 파견하여 왜와의 우호 관계를 공고히 하는 등 대외 관계를 강화하였다.

점차 국력을 회복한 개로왕은 469년(개로왕 15년)에 고구려에 대한 선제공격을 단행하였다. 백제와 고구려의 전쟁이 재개된 것과 관련하여, 472년 개로왕이 북위에 보낸 상표문은 매우 중요한 의미를 지닌다. 당시 고구려는 462년(장수왕

51년) 북위와 교섭을 재개하고, 465년(장수왕

54년) 이후 매년 북위와 사신을 교환할 정도로 긴밀한 관계를 맺고 있었다. 그럼에도 백제가 북위에 대해 사신을 파견하여 고구려에 대한 공격을 요청한 것은 백제 대내적인 왕권 안정 및 백제-신라-가야-왜로 이어지는 남방 지역에서의 대 고구려 방어선이 구축되면서 고구려에 대한 대항이 어느 정도 가능하다는 판단이 섰기 때문으로 보인다. 그러나 고구려에 대한 대응 전략이 구축되었다고 하더라도 당시 동북아시아에서 강력한 힘을 구축했던 고구려에 대항하기에는 역부족이었을 것으로 보인다. 따라서 백제는 북위에 사신을 보내 고구려에 대한 견제 혹은 공격을 요청했던 것이라고 볼 수 있다.

백제가 북위로부터 원병을 끌어내기 위해 보낸 상표문은 북위를 자극하는 내용을 포함하고 있다. 예를 들어 고구려가 남으로 송나라와 북으로 연연(蠕蠕)과 통하고 있으며, 또 북위의 사신을 고의로 물에 빠뜨려 죽였으므로 마땅히 응징해야 한다고 주장하였다. 이러한 백제의 요청에 대하여 북위는 고구려와의 전통적인 우호 관계를 내세워 끝내 응하지 않았다. 북위의 원병 거부에 백제는 결국 북위와의 교섭을 중단한 것으로 보인다. 이러한 백제의 대북위 외교 실패는 사실상 외교전에서 고구려에게 패배했음을 뜻한다.

개로왕 대에 이루어진 북위와의 교섭은 아신왕 이후 실추되었던 왕권 강화를 위한 노력의 일환에서 전개되었다. 개로왕은 국내에서는 왕족을 비롯한 일부 인사에 왕⋅후호의 사여를 통해 자신이 초월적 왕권을 가졌음을 과시하는 한편, 북위 등과의 교섭을 통해 이를 대내외적으로 확인 받고자 하였다. 그러나 이러한 개로왕의 노력은 결국 실패로 돌아갔고, 이는 오히려 고구려를 자극하는 결과를 가져 왔다. 더욱이 백제의 노력에도 불구하고 북위는 결과적으로는 고구려의 편을 들어 주고, 475년 장수왕

이 한성

을 침략하면서 백제의 한성

시대는 결국 마감하였다.

이 글의 내용은 집필자의 개인적 견해이며, 국사편찬위원회의 공식적 견해와 다를 수 있습니다.

참고문헌

논문

「5～6세기 고구려와 백제의 관계-고구려의 한강유역 점령과 상실을 중심으로-」,『북방사논총』11,노중국,동북아역사재단,2005.
「고구려⋅백제⋅신라 사이의 역관계 변화에 대한 일고찰」,『동방학지』28,노중국,연세대학교 국학연구원, 연세대학교 출판부,1981.

저서

『백제정치사연구』, 노중국, 일조각, 1988.

편저

「수도 한성의 함락과 웅진천도」, 양기석, 서울특별시사편찬위원회 편, 2008.

관련사이트

[http://db.history.go.kr/id/jo_009r_0010_0020_0020] 국사편찬위원회 한국사데이터베이스",,,,https://contents.history.go.kr/front/hm/view.do?levelId=hm_010_0030,사료로 본 한국사\items\hm_age_20_삼국 시대\hm_ty_010_정치\hm_010_0030_개로왕이 위나라에 고구려 정벌을 요청한 외교문서.md
56,hm_age_20,삼국 시대,hm_ty_010,정치,hm_010_0040,부활하는 백제,삼국 시대 > 정치 > 백제의 체제 정비와 영토 확장 > 부활하는 백제,"[무령왕] 21년(521) 겨울 11월, 사신을 양(梁)나라에 보내 조공하였다. 이보다 앞서 고구려에게 격파당하여 쇠약해진 지가 여러 해였다. 이때 이르러 표를 올려, “여러 차례 고구려를 깨뜨려 비로소 우호를 통하였으며 다시 강한 나라가 되었다”라고 일컬었다. 12월에 양나라 고조(高祖)가 조서(詔書)를 보내 왕을 책봉하여 다음과 같이 말하였다. “행(行) 도독(都督) 백제제군사(百濟諸軍事) 진동대장군(鎭東大將軍) 백제 왕 여융(餘隆)은 해외에서 번병(藩屛)을 지키며 멀리 와서 조공을 바치니 그의 정성이 지극하여 짐은 이를 가상히 여긴다. 마땅히 옛 법에 따라 이 영광스러운 책명을 보내는 바, 사지절(使持節) 도독(都督) 백제제군사(百濟諸軍事) 영동대장군(寧東大將軍)으로 봉함이 가하다.”

『삼국사기

』권26, 「백제본기」4, 무령왕 21년

[성왕(聖王) 즉위년(523)] 가을 8월에 고구려 군사가 패수(浿水)에 이르자 왕이 좌장(左將) 지충(志忠)에게 명하여 보병과 기병 1만 명을 이끌고 출전케 하니 그가 이를 물리쳤다.

2년(524)에 양(梁)나라 고조(高祖)가 조서를 보내 왕을 지절(持節) 도독 백제제군사(百濟諸軍事) 수동장군(綏東將軍) 백제 왕으로 책봉하였다.

3년(525) 봄 2월에 신라와 서로 예방하였다.

4년(526) 겨울 10월에 웅진성(熊津城)을 수축하고 사정책(沙井柵)을 세웠다.

7년(529) 겨울 10월에 고구려 왕 흥안(興安)

안장왕(安藏王)

이 직접 군사를 거느리고 침입하여 북쪽 변경 혈성(穴城)을 함락시켰다. 좌평

연모(燕謨)에게 명령하여 보병과 기병 3만 명을 거느리고 오곡(五谷) 벌판에서 항전하게 하였으나 이기지 못하였다. 사망자가 2000여 명이었다.

16년(538) 봄에 도읍을 사비(泗沘)
【소부리(所夫里)라고도 한다】
로 옮기고, 국호를 남부여라고 하였다.

18년(540) 가을 9월에 왕이 장군 연회(燕會)에게 명령하여 고구려의 우산성(牛山城)을 치게 하였으나 승리하지 못하였다.

26년(546) 봄 정월에 고구려 왕 평성(平成)

양원왕(陽原王)

이 예(濊)와 공모하여 한수(漢水) 이북의 독산성(獨山城)을 공격해 왔다. 왕이 신라에 사신을 보내 구원을 요청하니 신라 왕이 장군 주진(朱珍)을 시켜 병사 3000명을 거느리고 떠나게 하였다. 주진은 밤낮으로 행군하여 독산성 아래에 이르러, 그곳에서 고구려 군사들과 일전(一戰)을 벌려 크게 이겼다.

28년(548) 봄 정월에 왕이 장군 달기(達己)를 보내 군사 1만 명을 거느리고 고구려의 도살성(道薩城)을 공격케 하여 이를 함락시켰다. 3월에 고구려 군사가 금현성(金峴城)을 포위하였다.

『삼국사기

』권26, 「백제본기」4, 성왕

[武寧王]二十一年冬十一月, 遣使入梁朝貢. 先是爲髙句麗所破衰弱累年. 至是上表稱, 累破髙句麗, 始與通好而更爲強國. 十二月, 髙祖詔冊王曰. 行都督百濟諸軍事鎮東大將軍百濟王餘隆守藩海外, 遠修貢職, 廼誠款到, 朕有嘉焉. 冝率舊章, 授兹榮命可使持節都督百濟諸軍事寧東大將軍.

『三國史記』卷26, 「百濟本紀」4, 武寧王 21年

[聖王]秋八月, 髙勾麗兵至浿水, 王命左將志忠, 帥歩騎一萬出戰退之.

二年, 梁髙祖詔冊王爲持節都督百濟諸軍事綏東將軍百濟王.

三年春二月, 與新羅交聘.

四年冬十月, 修葺熊津城, 立沙井柵.

七年冬十月, 髙句麗王興安躬帥兵馬來侵, 拔北鄙穴城. 命佐平燕謨領歩騎三萬, 拒戰於五谷之原, 不克. 死者二千餘人.

十六年春, 移都於泗沘
【一名所夫里】
, 國號南扶餘.

十八年秋九月, 王命將軍燕㑹, 攻髙句麗牛山城, 不克.

二十六年春正月, 髙勾麗王平成與濊謀, 攻漢北獨山城. 王遣使請救於新羅, 羅王命将軍朱珍, 領甲卒三千發之. 朱珍日夜兼程至獨山城下, 與麗兵一戰大破之.

二十八年春五月, 王遣將軍逹己, 領兵一萬, 攻取髙句麗道薩城. 三月, 髙句麗兵圍金峴城.

『三國史記』卷26, 「百濟本紀」4 聖王

위 기사는 475년(개로왕 21년) 백제가 수도 한성(漢城)

이 함락되어 멸망 직전까지 이른 이후, 동성왕(東城王, 재위 479~501)과 무령왕(武寧王, 재위 501~523) 대에 이루어진 체제 정비를 통해 중흥의 길로 들어섰음을 보여 주는 사료이다.

무령왕은 제도를 정비하며 왕권의 안정을 꾀하였다. 특히 제방을 축조하고 떠도는 백성을 귀농(歸農)시키는 등 경제 기반을 확보하고자 하였다. 이를 통해 세수(稅收)를 확보함으로써 나라의 힘을 키우고 왕권을 튼튼히 할 수 있었을 것이다.

또한 무령왕은 나라 밖으로도 눈을 돌려, 그동안의 수세에서 벗어나 고구려에 대한 공세를 펼쳤다. 502년(무령왕 2년) 고구려 수곡성(水谷城) 공격부터 시작된 대 고구려 공세는 점차 한강 유역으로의 진출로 이어졌다.

521년(무령왕 21년)에 남조 양(梁)나라에 보낸 국서(國書)는 당시 무령왕의 자신감을 상징적으로 보여 준다. 무령왕은 백제가 한성

함락의 위기를 극복하고 고구려에 대적할 정도의 국력을 회복할 힘을 가지게 되었음을 대내외에 공표하였던 것이다.

이러한 대 고구려 공세는 성왕 대까지 이어진다. 성왕 대는 지금까지 알려진 백제의 관제(官制), 지방 제도 등이 완비되어 가는 시기였다. 260년(고이왕 27년)에 이루어진 것으로 기록된 16관등

의 정비는 대체로 이때쯤 완성된 것으로 추정된다. 이는 『삼국사기(三國史記)

』를 제외하고, 6세기 이후에 편찬된 『주서(周書)』와 『일본서기(日本書紀)』 등에 관련 기록이 기술되어 있기 때문이다. 더욱이 성왕 대에 22부사(部司)

가 만들어지면서 중앙관제가 정비된 것으로 보아 관등제 역시 이 시기에 정비되었을 가능성이 크다.

대내적으로 정국을 안정시킨 성왕은 538년(성왕 16년)에 사비(泗沘)

현 충청남도 부여

천도를 단행한다. 사비 천도는 고구려에 의해 한성

이 함락되면서 갑작스럽게 이루어진 웅진(熊津)

현 충청남도 공주

천도와 달리 오랜 기간 준비한 끝에 이루어진 것으로 볼 수 있다. 『삼국사기

』권26 동성왕 23년(501)조에 기록된 사비성 동쪽에서의 사냥 기사는 이미 동성왕 대부터 사비 천도가 준비되었음을 보여 준다.

고대 국가에서 도성은 정치, 경제, 문화, 국방의 중심지로서 상징성을 가진다. 그런데 고구려 장수왕

의 공격으로 인해 갑작스레 천도가 이루어진 웅진은 국방상 유리함은 있으나 협소한 공간과 잦은 물난리 등으로 인해 수도로서 한계를 지니는 곳이었다. 또한 웅진은 쫓겨 온 도성이라는 상징성이 있어 웅진 시기의 왕들은 백제 부흥을 위해서라도 새로운 도성이 필요했을 것이다. 이러한 필요에 의해 시작된 천도 계획은 무령왕 대에 이루어진 제방 축조, 귀농 정책 등을 통해 경제적 기반과 양나라에서 도입한 선진 기술 축적을 통해 가능했을 것으로 보인다.

사비 지역은 웅진 지역과 마찬가지로 금강을 중심으로 한 방어선 구축이 유리하였다. 그러나 웅진과는 달리 넓은 평야지대를 마주하고 있어 경제적으로도 수도에 더 적합한 지역이라고 할 수 있다. 또한 고구려에 빼앗긴 한강 유역을 회복하기 위한 교통로상의 이점도 지니고 있었다. 이와 함께 동성왕 대 이후 지속적으로 사비 지역이 도성 후보로 거론된 점도 성왕이 사비로 천도하는 데 결정적인 역할을 하였을 것이다.

이러한 여러 사항을 고려하여 성왕은 사비로 천도를 단행하였다. 이를 통해 전통적으로 재지 기반을 가지고 있던 귀족들과의 차별성을 확립함으로써 왕권을 보다 강화할 수 있는 틀을 마련한 것으로 볼 수 있다. 또한 수도 5부(部)제를 정비하는 한편 국호를 남부여(南夫餘)로 고쳤다. 왕도 5부제 실시는 도성을 5부로 나누어 각각의 부에 귀족들을 분거시킴으로써 이에 대한 통제를 용이하게 할 수 있다는 점에서 일원화된 정치체제를 형성하는 데 유리했을 것이다. 그리고 국호 개칭은 기존에 멸망 직전까지 갔던 백제라는 이름을 버리는 한편, 백제를 멸망 직전까지 이르게 만든 고구려에 대응하여 진정한 부여 계승국으로서 백제의 출발을 알린 것이라고 할 수 있다.

이와 같이 백제 중흥의 기틀을 마련한 성왕은 백제의 오랜 염원이라 할 수 있는 한강 유역으로의 진출을 본격화하기 시작한다. 이를 위해 신라와 화호를 맺고 대 고구려 공세를 시작하였다. 성왕은 551년(성왕 29년) 신라, 가야와 연합하여 고구려를 공격해 한성

지역 6군(郡)을 회복하기도 하였다. 이는 백제가 오랫동안 준비했던 한강 유역 회복을 일시적이나마 이루었음을 보여 주는 상징적인 사건이라 할 수 있다.

이 글의 내용은 집필자의 개인적 견해이며, 국사편찬위원회의 공식적 견해와 다를 수 있습니다.

참고문헌

논문

「사비천도의 단행과 왕권중심체제의 확립-사비천도의 단행」,『백제문화사대계5-사비도읍기의 백제-』,강종원,충남역사문화원 편,2008.
「백제 웅진전도와 귀족세력의 동향」,『한국고대사연구』52,강종원,한국고대사학회,2008.
「백제 성왕대의 정치개혁과 그 성격」,『한국고대사연구』4,양기석,한국고대사학회,1990.
「웅진시대 백제의 정치세력」,『백제연구』2,이기백,충남대학교 백제연구소,1982.

저서

『백제정치사연구』, 노중국, 일조각, 1988.

관련사이트

[http://db.history.go.kr/id/sg_026r_0050_0200] 국사편찬위원회 한국사데이터베이스

[https://www.history.go.kr/contents/contentsPage.do?groupId=000000000571&menuId=000000000574&pageId=000000000213]
저작권 정책

[https://www.history.go.kr/contents/contentsPage.do?groupId=000000000931&menuId=000000000992&pageId=000000000541]
데이터 개방

[https://www.history.go.kr/contents/contentsPage.do?groupId=000000000571&menuId=000000000572&pageId=000000000211]
개인정보처리방침

13809 경기도 과천시 교육원로 86 국사편찬위원회

COPYRIGHT © NATIONAL INSTITUTE OF KOREAN HISTORY ALL RIGHT RESERVED.",,,,https://contents.history.go.kr/front/hm/view.do?levelId=hm_010_0040,사료로 본 한국사\items\hm_age_20_삼국 시대\hm_ty_010_정치\hm_010_0040_부활하는 백제.md
57,hm_age_20,삼국 시대,hm_ty_010,정치,hm_010_0050,성왕의 죽음과 백제의 위기,삼국 시대 > 정치 > 백제의 체제 정비와 영토 확장 > 성왕의 죽음과 백제의 위기,"겨울 12월, 백제가 하부(下部)의 간솔(杆率) 문사간노(汶斯干奴)를 보내 표를 올렸다. “백제 왕 신 명(明)

성왕(聖王)

과 안라(安羅)에 있는 왜신(倭臣)들, 임나(任那) 여러 나라의 한기(旱岐)들은 아룁니다. 사라(斯羅)가 무도하여 천황을 두려워하지 않고 박(狛)

고구려

과 마음을 함께하여 바다 북쪽의 미야케(彌移居)

관가(官家)

를 멸망시키려 합니다. 신들이 함께 의논하기를 유지신(有至臣) 등을 보내 우러러 군사를 청해 사라를 정벌하려고 하였습니다. 이에 천황께서 유지신을 보내시니, (그가) 군사를 거느리고 6월에 와서 신들은 매우 기뻤습니다. 12월 9일에 사라를 공격하러 보내면서, 신이 먼저 동방(東方)의 영(領)인 물부막기무련(物部莫奇武連)을 보내 자기 방(方)의 군사를 거느리고 함산성(函山城)

관산성(管山城)

을 공격토록 했는데, 유지신이 데리고 온 백성 죽사물부막기위사기(竹斯物部莫奇委沙奇)가 불화살을 잘 쏘았습니다. 천황의 위령의 도움을 받아, 이 달 9일 유시(酉時)에 성을 불태우고 빼앗았기 때문에 한 사람의 사신을 보내 배를 달려 아룁니다.”

따로 아뢰었다. “만약 신라뿐이라면 유지신이 데리고 온 군사로도 충분할 것입니다. 그러나 박이 사라와 마음을 함께 하고 힘을 합했기 때문에 성공하기 어렵습니다. 죽사도(竹斯島)에 있는 군사들을 빨리 보내, (그들이) 와서 신의 나라와 임나를 돕기를 바랍니다. 그렇게 한다면 일을 이룰 수 있을 것입니다”라고 하였다. 또한 “신이 따로 군사 1만 명을 보내 임나를 돕겠습니다. 아울러 아룁니다. 이번 일이 매우 급하여 한 척의 배를 보내 아뢰며, 단지 좋은 비단 2필, 탑등 1개, 도끼 300개, 사로잡은 성의 백성 남자 둘과 여자 다섯을 바칩니다. (보낸 물건이) 적어 송구합니다.”

여창(餘昌)

위덕왕(威德王)

이 신라를 정벌하려고 계획을 세우자 기로(耆老)가 “하늘이 함께 하지 않으니 화가 미칠까 두렵습니다.”라고 간하였다. 여창이 말했다. “늙었구려. 어찌 겁내시오. 우리는 대국을 섬기고 있으니 어찌 겁낼 것이 있겠소.” 드디어 신라국에 들어가 구타모라(久陀牟羅)에 보루를 쌓았다. 그 아버지 명왕은 여창이 행군에 오랫동안 고통을 겪고 한참 동안 잠자고 먹지 못했음을 걱정하였다. 아버지의 자애로움이 매우 부족하면 아들의 효도가 이루어지기 어렵다 생각하고 스스로 가서 위로하였다. 신라는 명왕(明王)이 직접 왔음을 듣고 나라 안의 모든 군사를 내어 길을 끊고 격파하였다. 이때 신라에서 좌지촌(佐知村)의 사마노(飼馬奴) 고도(苦都)
【다른 이름은 곡지(谷智)이다】
가 말하길 “고도는 천한 노비이고 명왕은 뛰어난 군주이다. 이제 천한 노비로 하여금 뛰어난 군주를 죽이게 하여 후세에 전해져 사람들의 입에서 잊히지 않기를 바란다”라고 하였다.

얼마 후 고도가 명왕을 사로잡아 두 번 절하고, “왕의 머리를 베기를 청합니다”라고 하였다. 명왕이 “왕의 머리를 노비의 손에 내줄 수 없다.”라고 하였다. 고도가 “우리나라의 법에는 맹세한 것을 어기면 비록 국왕이라 할지라도 노비의 손에 죽습니다.”라고 하였다.
【다른 책에는 “명왕이 호상에 걸터앉아 차고 있던 칼을 곡지에게 풀어 주어 베게 했다.”라고 하였다.】
명왕이 하늘을 우러러 크게 탄식하고 눈물 흘리며 허락하기를 “과인이 생각할 때마다 늘 고통이 골수에 사무쳤다. 돌이켜 생각해 보아도 구차히 살 수는 없다.”라고 하고 머리를 내밀어 참수당했다. 고도는 머리를 베어 죽이고 구덩이를 파묻었다.
【다른 책에는 “신라가 명왕의 두골은 남겨 두고 나머지 뼈를 백제에 예를 갖춰 보냈다. 지금 신라 왕이 명왕의 뼈를 북청 계단 아래에 묻었는데, 이 관청을 도당(都堂)이라 한다”고 하였다.】

여창은 포위당하자 빠져 나오려 하였으나 나올 수 없었는데 사졸들은 놀라 어찌 할 줄 몰랐다. 활을 잘 쏘는 사람인 축자국조(筑紫國造)가 나아가 활을 당겨 신라의 말 탄 군졸 중 가장 용감하고 씩씩한 사람을 골라 쏘아 떨어뜨렸다. 쏜 화살이 날카로워 타고 있던 안장의 앞뒤 가로지른 나무[鞍橋]를 뚫었고, 입고 있던 갑옷의 옷깃을 맞췄다. 계속 화살을 날려 비 오듯 하였고 더욱 힘쓰고 게을리 하지 않아 포위한 군대를 활로 물리쳤다. 이로 말미암아 여창과 여러 장수가 샛길로 도망쳐 돌아왔다. 여창이 축자국조가 활로 포위한 군대를 물리친 것을 칭찬하고 높여 ‘안교군(鞍橋君)’이라 이름하였다.
【안교는 우리 말로 쿠로지[矩羅膩]라 한다.】
이때 신라 장수들이 백제가 지쳤음을 모두 알고 드디어 멸망시켜 남겨 두지 않으려 했다. 한 장수가 “안 된다. 일본 천황이 임나의 일 때문에 여러 번 우리나라를 책망하였다. 하물며 다시 백제관가를 멸망시키기를 꾀한다면 반드시 후환을 부르게 될 것이다”라고 하였으므로, 그만두었다.

『일본서기』권19, 「흠명천황」 16년

冬十二月, 百濟遣下部杆率汶斯干奴, 上表曰. 百濟王臣明, 及在安羅諸倭臣等, 任那諸國旱岐等奏. 以斯羅無道, 不畏天皇, 與狛同心, 欲殘滅海北彌移居. 臣等共議, 遣有至臣等, 仰乞軍士, 征伐斯羅. 而天皇遣有至臣, 帥軍以六月至來, 臣等深用歡喜. 以十二月九日, 遣攻斯羅, 臣先遣東方領物部莫奇武連, 領其方軍士, 攻函山城, 有至臣所將來民竹斯物部莫奇委沙奇, 能射火箭. 蒙天皇威靈, 以月九日酉時, 焚城拔之, 故遣單使馳船奏聞.

別奏. 若但斯羅者, 有至臣所將軍士亦可足矣. 今狛與斯羅, 同心戮力, 難可成功. 伏願, 速遣竹斯嶋上諸軍士, 來助臣國, 又助任那. 則事可成. 又奏, 臣別遣軍士萬人, 助任那. 幷以奏聞. 今事方急, 單船遣奏, 但奉好錦二匹⋅毾㲪一領⋅斧三百口, 及所獲城民男二女五. 輕薄追用悚懼.

餘昌謀伐新羅, 耆老諫曰, 天未與, 懼禍及. 餘昌曰. 老矣, 何怯也. 我事大國, 有何懼也. 遂入新羅國, 築久陀牟羅塞. 其父明王憂慮, 餘昌長苦行陣, 久廢眠食, 父玆[慈]多闕. 子孝希成, 乃自往迎慰勞. 新羅聞明王親來, 悉發國中兵, 斷道擊破. 是時, 新羅謂佐知村飼馬奴苦都
【更名谷智】
曰. 苦都賤奴也, 明王名主也. 今使賤奴殺名主, 冀傳後世, 莫忘於口.

已而苦都, 乃獲明王, 再拜曰, 請斬王首. 明王對曰, 王頭不合受奴手. 苦都曰, 我國法, 違背所盟, 雖曰國王, 當受奴手
【一本云, 明王乘踞胡床, 解授佩刀, 於谷知令斬.】
. 明王仰天, 大息涕泣, 許諾曰. 寡人每念, 常痛入骨髓. 顧計不可苟活. 乃延首受斬. 苦都斬首而殺, 掘坎而埋
【一本云, 新羅留理明王頭骨, 而以禮送餘骨於百濟. 今新羅王埋明王骨於北廳階下, 名此廳曰都堂.】
.

餘昌遂見圍繞, 欲出不得, 士卒遑駭, 不知所圖. 有能射人筑紫國造, 進而彎弓, 占擬射落新羅騎卒最勇壯者. 發箭之利, 通所乘鞍前後橋, 及其被甲領會也. 復續發箭如雨, 彌厲不懈, 射却圍軍. 由是餘昌及諸將等, 得從間道逃歸. 餘昌讚國造射却圍軍, 尊而名曰鞍橋君
【鞍橋, 此云矩羅膩.】
. 於是新羅將等, 具知百濟疲盡, 遂欲謀滅無餘. 有一將云, 不可. 日本天皇以任那事, 屢責吾國. 況復謀滅百濟官家, 必招後患. 故止之.

『日本書紀』卷19, 「欽明天皇」15年

이 사료는 백제의 부흥을 이끌었던 성왕(聖王, 재위 523~554)의 죽음에 관한 내용을 담고 있다. 성왕의 죽음에 대해서는 『삼국사기

』 「백제본기」 성왕 22년조와 「신라본기」 진흥왕(眞興王)

15년조에도 각각 전하고 있다. 「백제본기」에서는 성왕이 보병과 기병 50명을 이끌고 신라를 공격하러 갔지만, 신라군에게 습격을 받고 난 상처에 의하여 죽었다는 간단한 내용만을 전하고 있다. 하지만 「신라본기」에서는 신라 비장(裨將)인 삼년산군(三年山郡) 고간(高干)과 도도(都刀)가 성왕을 참수하고 좌평(佐平)

4명을 비롯한 백제군 2만 9600명의 목을 베었다고 서술하고 있다.

『삼국사기

』에는 비교적 단편적인 사실만을 전하고 있지만 『일본서기(日本書紀)』에는 관산성(管山城) 전투의 주체, 성왕의 전사(戰死) 과정 및 전후 처리 과정이 비교적 상세히 남아 있다. 여기에 따르면 성왕 대에 신라가 일본 천황의 뜻을 거역하고 고구려와 연합하여 관가(官家)를 공격하자, 백제가 임나(任那)

가야(伽倻)

의 군사들과 함께 신라의 함산성(函山城)

관산성(管山城)

을 쳤다고 되어 있다. 그러나 이는 『일본서기』가 편찬되는 과정에서 윤색된 것이다. 실제 백제가 관산성을 친 이유는 553년(백제 성왕 31년, 신라 진흥왕

14년)에 신라가 고구려로부터 수복한 한강 유역의 땅을 빼앗아 신주(新州)를 설치하였기 때문이었다.

백제는 한강 유역을 고구려로부터 회복하기 위해 성왕 대에 신라와 화호를 맺었다. 그러나 백제의 의도와는 달리 신라는 적극적으로 백제에 도움을 주지 않았으며, 오히려 백제가 회복한 한강 유역의 땅을 빼앗기까지 했던 것이다. 이에 성왕은 553년에 자신의 딸을 신라에 보내 화해를 꾀하기도 한다. 이는 백제의 실질적인 대외 전략이 한강 유역의 회복에 초점을 맞추고 있었기 때문이었다. 그러나 이러한 성왕의 노력은 오래 가지 못했고, 결국 한강 유역 일대를 확보하기 위해서는 신라와의 일전이 불가피했던 것이다.

그런데 한 가지 주목할 점은 관산성 전투

가 실제로는 성왕의 주도 하에 이루어진 것이 아니라는 점이다. 관산성 전투

를 주도한 이는 훗날 위덕왕(威德王, 재위 554~598)이 되는 성왕의 아들 여창(餘昌)이었으며, 성왕은 이를 응원하기 위해 가던 도중 신라군에 습격을 당한 것으로 보인다. 이는 성왕 대에 이미 위덕왕이 군사(軍事)에서 주도적 역할을 하고 있었음을 보여 주는 것이며, 성왕이 위덕왕을 중심으로 군권을 왕권 아래 일원화시키고자 하는 노력을 행했음을 알 수 있다. 또한 위덕왕 역시 군사를 직접 이끌고 전장에서 활약함으로써 자신이 즉위하기 위한 무력 기반을 확립하는 데 도움이 되었을 것이다.

한편 여창의 관산성 전투

에는 ‘기로(耆老)’로 표현되는 이들의 반대가 있었던 것으로 보인다. 기로가 어떤 이들인지는 분명치 않으나 관산성 패배에 대한 책임을 묻는 것으로 볼 때, 이들은 당시 백제 중앙 정계의 귀족들 중 일부로 파악된다. 이들의 활동에 대해서는 성왕 대 권력 강화를 위한 조치가 변화하였다는 견해가 있다. 즉, 22부사(部司)

와 수도 정비, 이를 통한 5부제 실시, 그리고 위덕왕을 중심으로 한 군사력 확보 등을 통해 안정된 왕권을 구축하고자 하였으나, 관산성에서의 패전으로 인해 귀족들의 힘이 다시 강해지면서 이전 왕권 중심 체제에 대해 귀족들이 대항하게 된 결과를 가져 왔다는 것이다.

결국 관산성 전투

에서 성왕이 죽고 위덕왕이 패전의 책임을 진 채 왕위에 오르면서, 중흥의 기틀을 마련한 듯 보였던 백제는 다시 한 번 위기를 맞이하였다. 이 기사는 이러한 일련의 과정을 자세하게 전함으로써 이후 전개되는 백제의 정치⋅외교사에 대한 연구에 여러 가지 시사점을 주고 있다는 점에서 의미를 가진다.

이 글의 내용은 집필자의 개인적 견해이며, 국사편찬위원회의 공식적 견해와 다를 수 있습니다.

참고문헌

논문

「백제 성왕대 관산성 전투의 의미」,『전북사학』36,김병남,전북사학회,2010.
「백제 위덕왕대의 정치상황과 대외관계」,『한국상고사학보』43,김병남,한국상고사학회,2004.
「백제 위덕왕의 정치와 외교」,『한국인물사연구』2,김수태,한국인물사연구소,2004.
「백제 위덕왕대 왕권의 존재양태와 성격」,『백제연구』21,양기석,충남대학교 백제연구소,1990.
「백제 위덕왕대 왕흥사의 창건과 배경」,『문화사학』31,양기석,한국문화사학회,2009.

저서

『백제 사비시대 정치사연구』, 김주성, 전남대학교 박사학위논문, 1990.
『백제정치사연구』, 노중국, 일조각, 1988.

관련사이트

[http://db.history.go.kr/id/jm_001r_0160_0530] 국사편찬위원회 한국사데이터베이스",,,,https://contents.history.go.kr/front/hm/view.do?levelId=hm_010_0050,사료로 본 한국사\items\hm_age_20_삼국 시대\hm_ty_010_정치\hm_010_0050_성왕의 죽음과 백제의 위기.md
58,hm_age_20,삼국 시대,hm_ty_010,정치,hm_010_0060,백제 관제,삼국 시대 > 정치 > 백제의 체제 정비와 영토 확장 > 백제 관제,"관으로는 내신좌평(內臣佐平)이 있어서 왕명(王命)을 출납(出納)하고, 내두좌평(內頭佐平)은 창고와 세금을 주관하며, 내법좌평(內法佐平)은 예(禮)를 주관하고, 위사좌평(衛士佐平)은 숙위군을 맡고, 조정좌평(朝廷佐平)은 형옥(刑獄)을 주관하고, 병관좌평(兵官佐平)은 지방군을 관장한다. 6방(方)이 있는데, 1방이 10개 군(郡)을 통섭케 하였다. 큰 성씨는 8개가 있는데, 사씨(沙氏)·연씨(燕氏)·협씨(劦氏)·해씨(解氏)·정씨(貞氏)·국씨(國氏)·목씨(木氏)·백씨(䒤氏)이다.

『신당서』 권220, 열전145, 동이, 백제

좌보(左輔)·우보(右輔)·좌장(左將)·상좌평(上佐平)·북문두(北門頭). 이상은 본국의 고기(古記)에 보인다.

『삼국사기』 권40 잡지9 외관 고기의 백제 관제","官有內臣佐平者宣納號令, 內頭佐平主帑聚, 內法佐平主禮, 衛士佐平典衛兵, 朝廷佐平主獄, 兵官佐平掌 外兵 有六方, 方統十郡 大姓有 八: 沙氏, 燕氏, 劦氏, 劦氏 「劦」, 十行·汲·殿·局本均作 「刕」. 通典卷一八五及寰宇記卷一七二作 「劦」, 注並謂 「劦音狹」. 解氏, 貞氏, 國氏, 木氏, 䒤氏.

『新唐書』 卷220, 列傳145, 東夷, 百濟

左輔·右輔·左將·上佐平·北門頭. 右見本國古記.

『三國史記』 卷40 雜志9 外官 고기의 백제 관제","좌평(佐平)은 백제의 관명(官名)으로, 세 가지 사료 계통에서 확인된다. 첫째, 관직적 성격의 좌평이다. 『삼국사기

』 고이왕대 기사와 『구당서(舊唐書)』·『신당서(新唐書)』 등에서는 내신좌평·내두좌평·내법좌평·위사좌평·조정좌평·병관좌평의 6좌평이 확인된다. 이는 특정 직무를 분담하여 수행하는 실무 관직의 성격을 지닌다. 둘째, 관등적 성격의 좌평이다. 두 번째 사료나 『삼국사기

』 백제본기의 전지왕대부터는 상좌평(上佐平)이 등장한다. 또, 『일본서기』 흠명기(欽明紀)에는 상·중·하의 3좌평이 보인다. 이때 3좌평은 좌평회의를 구성하는 최고위 관등으로 파악된다. 모두 좌평에서 분화된 것으로 이해된다. 셋째, 『주서(周書)』·『수서(隋書)』·『괄지지(括地志)』에 전하는 좌평이다. 이 경우 좌평이 관직인지 관등인지 단정하기 어렵지만, 대체로 6좌평이 정비되기 이전의 모습을 반영한 것으로 본다.

이처럼 성격이 다른 세 가지 계통의 좌평에 관해서는 크게 두 가지 문제에 대한 해석 차이로 인해 견해가 나뉘고 있다. 첫째, 『삼국사기

』 고이왕대 기사에 대한 해석이다. 『삼국사기

』 백제본기는 고이왕(234~286) 시기에 이미 6좌평이 설치되었다고 전하고 있다. 이 기사를 있는 그대로 믿어, 3세기에 고도로 발달한 관직제(6좌평-22부사)가 확립된 것으로 이해하기도 하지만, 그대로 믿기 어렵다고 보면서 고이왕대 기사는 『구당서』 등 후대의 관련 기사가 부회된 것으로 보기도 한다. 단, 이 경우 6좌평 설치가 고이왕대로 특정된 이유는 바로 그 시점이 관등으로서의 좌평이 처음 등장한 시점이었기 때문이라고 본다.

둘째, 『주서』와 『괄지지』에 나오는 5좌평에 대한 해석이다. 두 사료에는 똑같이 백제의 “관(官)에는 16품(品)이 있는데, 좌평 5인은 1품”이라고 전한다. 이때 품은 관등을 가리키고, 좌평 이후에는 달솔(達率), 은솔(恩率) 등 백제의 관등이 나열되고 있으므로, 이때 좌평 역시 관등으로 보는 견해가 있다. 반면, 6좌평이 일시에 완성되었다고 보기 어려울 뿐만 아니라, 『일본서기』에 단편적으로 등장하는 ‘내두(內頭)’, ‘내신(內臣)’ 등의 사례를 통해 6세기에 이미 관직으로 분화된 좌평이 있었다고 파악하고, 근초고왕대 이래 관직으로 분화된 좌평이 하나씩 설치되기 시작했다고 추정하기도 한다. 이 경우, 『주서』 등의 5좌평은 관직으로 해석되고, 6좌평이 확립되기 이전의 과도기적 상태로 해석된다.

이와 같은 해석의 차이로 인해, 6좌평의 설치 시기 역시, 고이왕대(3세기)설, 근초고왕대(4세기)~6세기설, 무왕대(7세기)설 등 크게 세 가지 견해로 나뉜다. 먼저, 고이왕대설은 『삼국사기

』 고이왕대 기사를 중시하는 반면, 5좌평을 전하는 『주서』 등의 사료적 가치는 낮게 본다. 다음, 근초고왕대~6세기설은 『삼국사기

』 백제본기의 초기기록을 비판적으로 보면서, 『일본서기』의 사례를 방증삼아 『주서』 등의 5좌평을 관직으로 이해한다. 끝으로, 무왕대설은 마찬가지로 『삼국사기

』 백제본기의 초기기록을 비판적으로 보면서, 『주서』 등의 5좌평을 좌평에서 분화한 관등으로 보고, 무왕대 왕권강화와 체제개편에 주목한다.

이 글의 내용은 집필자의 개인적 견해이며, 국사편찬위원회의 공식적 견해와 다를 수 있습니다.

참고문헌

논문

김영심, 「한성시대 백제 좌평제의 전개」, 『서울학연구』 8, 1997.
김주성, 「백제 사비시대의 정치사 연구」, 전남대학교 박사학위논문, 1990.
다케다 유키오(武田幸男), 「6세기 조선삼국의 국가체제(六世紀における朝鮮三國の國家體制)」, 『동아시아세계에서의 일본고대사강좌(東アジア世界における日本古代史講座) 4』, 1980.
문동석, 「4세기 백제의 지배체제와 좌평」, 『역사와 현실』 42, 2001.
이종욱, 「백제의 좌평」, 『진단학보』 45, 1978.
이창현, 「백제 6좌평 설치 배경과 그 성격 시론」, 『백제학보』 51, 2025.
전우식, 「백제 무왕대 6좌평제의 운영과 그 의미」, 『한국학논총』 34, 2010.

저서

강종원, 『4세기 백제사 연구』, 서경문화사, 2002.
김기섭, 『백제와 근초고왕』, 학연문화사, 2000.
노중국, 『백제정치사연구』, 일조각, 1988.
양기석, 『백제 정치사의 전개과정』, 서경문화사, 2013.
정동준, 『동아시아 속의 백제 정치제도』, 일지사, 2013.

관련사이트

[https://db.history.go.kr/id/jo_015r_0020_0020_0010] 『신당서』 권220, 열전145, 동이, 백제, 국사편찬위원회 한국사데이터베이스

[https://db.history.go.kr/id/sg_040_0030_0790] 『삼국사기』 권40 잡지9 외관 고기의 백제 관제, 국사편찬위원회 한국사데이터베이스",,https://contents.history.go.kr/front/hm/view.do?levelId=hm_010_0060,사료로 본 한국사\items\hm_age_20_삼국 시대\hm_ty_010_정치\hm_010_0060_백제 관제.md
59,hm_age_20,삼국 시대,hm_ty_010,정치,hm_011_0010,왕호의 변화로 본 신라의 성장,삼국 시대 > 정치 > 신라의 체제 정비와 영토 확장 > 왕호의 변화로 본 신라의 성장,"『삼국사(三國史)』를 살펴보면 (다음과 같이) 말하였다. “신라에서는 왕을 부르기를 거서간(居西干)

이라고 하는데, 진(辰)

진한(辰韓)을 일컬음

의 말로 왕이며 혹 귀인(貴人)을 부르는 칭호라고도 한다. 또 차차웅(次次雄)

혹은 자충(慈充)

이라고도 한다. 김대문(金大問)은 말하기를, “차차웅

은 방언에서 무당을 이른다. 세상 사람들이 무당은 귀신을 섬기고 제사를 숭상하므로 그를 두려워하면서도 공경하게 되어 마침내 존장자(尊長者)를 일컬어 자충(慈充)

이라 하였다. 또 이사금(尼師今)

이라고도 하는데, 잇금을 이른 말이다.”라고 하였다. 처음 남해왕(南解王)이 돌아가시자 아들인 노례(弩禮)

제3대 유리왕을 가리킴

가 왕위를 탈해(脫解)에게 사양하였다. (탈)해가 이르기를, “나는 성스럽고 지혜로운 사람은 이빨이 많다고 들었다.”고 하면서 이에 떡을 물어 시험하였다. 예로부터 이와 같이 전한다. 혹자는 (왕을) 마립간(麻立干)

【입(立)은 수(袖)라고도 쓴다】
이라고도 부른다. 김대문이 말하기를, “마립(麻立)이라는 것은 방언으로 궐(橛)

말뚝을 가리킴

이라고도 하는데, 궐표(橛標)는 벼슬에 따라 설치되므로 곧 왕의 궐이 위(位)를 따라 설치하므로 왕의 궐이 주(主)가 되고 신하의 궐은 아래에 배열하게 되어 이로 인해 이름 붙여졌다.”라고 하였다.

사론(史論)에서 말하기를, “신라에서 거서간

과 차차웅

으로 불린 사람이 1명, 이사금

으로 불린 사람이 16명, 마립간

으로 불린 사람이 4명이다. 신라 말의 이름난 학자인 최치원(崔致遠)이 『제왕연대력(帝王年代曆)』을 지으면서 모두 무슨 왕[某王]이라 칭하고 거서간

등은 언급하지 않았는데, 어찌 그 말이 야비하므로 부르기에 적합하지 않다고 하겠는가? 지금 신라의 일을 기록하면서 방언을 그대로 두는 것 또한 마땅하다. 신라인들은 무릇 추봉(追封)된 사람을 갈문왕(葛文王)으로 부르는데, 자세하지는 않다.”라고 하였다.

『삼국유사

』권1, 「기이」2 제2남해왕

按三國史云. 新羅稱王曰居西干, 辰言王也, 或云呼貴人之稱. 或曰次次雄, 或作慈充. 金大問云, 次次雄方言謂巫也. 世人以巫事鬼神尚祭祀, 故畏敬之, 遂稱尊長者爲慈充. 或云尼師今, 言謂齒理也. 初南解王薨, 子弩禮讓位於脫解. 解云, 吾聞聖智人多齒, 乃試以餅噬之. 古傳如此. 或曰麻立干
【立一作䄂】
. 金大問云, 麻立者, 方言謂橛也, 橛標准位而置, 則王橛爲主, 臣橛列於下, 因以名之.

史論曰, 新羅稱居西干⋅次次雄者一, 尼師今者十六, 麻立干者四. 羅末名儒崔致逺, 作帝王年代暦, 皆稱某王, 不言居西干等, 豈以其言鄙野不足稱之也. 今記新羅事, 具存方言, 亦冝矣. 羅人凢追封者, 稱葛文王, 未詳.

『三國遺事』卷1, 「紀異」2 第二南解王

이 사료는 다양한 신라 왕호의 유래와 의미에 대해 설명하고 있다. 신라에서는 거서간(居西干)

⋅차차웅(次次雄)

⋅이사금(尼師今)

⋅마립간(麻立干)

등 다양한 왕호(王號)가 사용되었다.

사료에 따르면 거서간

은 진한(辰韓)의 말로 왕을 가리킨다고 하는데, 거서간

의 구체적인 어원은 분명치 않다. 원래 간(干)이란 용어는 고대 동북아시아 여러 부족 사이에서 수장(首長)을 지칭하는 것으로 알려져 있다. 거서간

으로 불린 혁거세

가 6촌장

의 추대로 왕위에 올랐음을 감안하면 거서간

은 6촌장

을 비롯한 여러 간을 대표하는 간, 즉 여러 간이 대표로 받드는 수장이란 의미를 담고 있다고 보아도 좋을 것이다. 그런데 『삼국유사

』 권1의 왕력(王曆)편에 따르면 남해 차차웅

을 거서간

으로 부르기도 하였다고 한다. 이는 곧 거서간

과 차차웅

의 성격이 크게 다르지 않았음을 알려 준다. 김대문은 차차웅

이 무당을 일컫는 방언이라고 하였는데, 이는 당시의 왕이 제사장적인 성격을 지니고 있었음을 시사한다. 따라서 적어도 남해 차차웅

때까지는 왕이 수장이란 의미와 함께 제사장의 역할도 겸하고 있었다고 볼 수 있다. 나아가 당시의 신라가 제정일치 사회였음은 물론이고 신정정치(神政政治, Theocracy)적인 성격이 강한 사회였음을 나타낸다고 생각된다.

이와 달리 이사금

의 경우 김대문은 이가 많은 연장자의 의미로 풀이하였다. 여기에 대해 이사금

은 선왕의 대를 물려받은 임금이란 의미의 사왕(嗣王)으로 이해해야 한다는 반론도 있지만, 어쨌든 유리가 탈해(脫解)보다 나이가 많아 먼저 왕위에 올랐다는 설화는 여러 부족장이 모여 자신들을 대표하는 장을 선출하는 전통이 있었음을 말해 준다. 물론 무조건 나이가 많은 사람을 장으로 선출했다고 보기는 어렵겠지만, 대등한 인물이 있을 경우 연장자를 선출하는 경향이 있었던 것으로 이해해도 무리는 없지 않을까 한다. 그렇다면 왕호를 이사금

으로 부르던 시기는 씨족사회 이래로 혈연관계에서 우위를 점하고 연령에 따른 풍부한 경험을 가진 사람을 대표자로 선정하던 연로 정치(年老政治, Gerontocracy)의 성격을 띠고 있었음을 알 수 있다.

김대문은 마립간

의 마립(麻立)은 방언으로 ‘말뚝’이란 뜻을 가지는데, 말뚝은 위계에 따라 설치되므로 왕의 말뚝이 주(主)가 되고 신하의 말뚝은 그 아래에 배열되었기 때문에 마립간

이란 용어가 생겨났다고 설명하였다. 하지만 근래에는 마립간

을 우리말의 머리[頭]나 마루[宗] 등과 어원이 같다고 이해하는 견해가 많다. 즉, 마립간

은 으뜸이 되는 간(干) 또는 우두머리 간으로 볼 수 있으므로, 대수장(大首長) 내지 최고 지배자라는 뜻을 담고 있다 하겠다. 『삼국유사

』에서는 17대 나물왕

/내물왕(奈勿王)

부터, 『삼국사기

』에서는 19대 눌지왕(訥祗王)부터 각각 마립간

으로 불리기 시작한 것으로 기록되어 있는데, 어느 쪽을 따르더라도 마립간

이란 왕호의 등장은 김씨의 왕위 세습을 비롯해 이전에 비해 왕권이 한층 강화된 때라는 점에서 흥미롭다. 따라서 마립간

은 연장자의 의미를 지닌 이사금

에 비해 정치 지배력이 더욱 강화된 통치자의 의미를 지녔다고 이해된다. 다만 마립간

에 대한 김대문의 해석도 전혀 의미 없는 것은 아니다. 김대문의 해석에 주목하면 바로 신라의 합좌(合坐) 제도에 대한 일면을 엿볼 수 있기 때문이다. 그러므로 왕호의 유래나 의미에 대한 김대문의 해석은 그것의 옳고 그름을 떠나 신라 사회의 여러 복합적 양상이 반영되어 있다는 점에서 마땅히 관심을 가질 수밖에 없다.

신라의 왕호는 시간이 지남에 따라 거서간

→차차웅

→이사금

→마립간

순으로 변화하였다. 이러한 왕호의 변화는 단순한 칭호의 변화에 국한되는 것은 아니었다. 왕호에는 신라의 발전 과정과 그에 따른 왕권의 성장 과정이 고스란히 담겨 있다는 점에서 초기 신라사를 이해하기 위해서는 반드시 짚고 넘어가야 할 문제 중 하나라고 할 수 있다.

이 글의 내용은 집필자의 개인적 견해이며, 국사편찬위원회의 공식적 견해와 다를 수 있습니다.

참고문헌

논문

「신라 상고기의 왕권과 관등」,『동국사학』30,김희만,동국사학회,1996.
「김대문과 그의 사학」,『역사학보』77,이기백,역사학회,1978.

저서

『한국사학의 방향』, 이기백, 일조각, 1978.
『한국고대사연구』, 이병도, 박영사, 1976.

편저

『뿌리 깊은 한국사 샘이 깊은 이야기』1(고조선⋅삼국), 서의식⋅강봉룡, 솔출판사, 2002.
「성립과 발전」 ; 「나제동맹의 결성과 정치적 발전」, 이우태, 국사편찬위원회, 2003.

관련사이트

[http://db.history.go.kr/id/sy_001r_0020_0200_0020] 국사편찬위원회 한국사데이터베이스",,,,https://contents.history.go.kr/front/hm/view.do?levelId=hm_011_0010,사료로 본 한국사\items\hm_age_20_삼국 시대\hm_ty_010_정치\hm_011_0010_왕호의 변화로 본 신라의 성장.md
60,hm_age_20,삼국 시대,hm_ty_010,정치,hm_011_0020,지증왕의 정치 개혁,삼국 시대 > 정치 > 신라의 체제 정비와 영토 확장 > 지증왕의 정치 개혁,"(지증마립간

) 4년(503) 겨울 10월에 여러 신하들이 아뢰었다. “시조(始祖)께서 나라를 세우신 이래 나라 이름을 정하지 않아 혹은 사라(斯羅)라고도 칭하고, 혹은 사로(斯盧) 또는 신라(新羅)라고도 칭하였습니다. 신(臣) 등의 생각으로는 신(新)은 ‘덕업(德業)이 날로 새로워진다.’는 뜻이고, 라(羅)는 ‘사방(四方)을 망라한다.’는 뜻이므로 이를 나라 이름으로 삼는 것이 마땅하다고 여겨집니다. 또한 살펴보건대 옛날부터 국가를 가진 이는 모두 제(帝)나 왕(王)을 칭하였는데, 우리 시조께서 나라를 세운 지 지금 22대에 이르기까지 단지 방언(方言)만을 칭하고 높이는 호칭을 정하지 못하였습니다. 이제 여러 신하들이 한 마음으로 삼가 ‘신라 국왕(新羅國王)’이라는 칭호를 올립니다.” 왕이 이를 따랐다.

『삼국사기

』권4, 「신라본기」4 지증왕 4년

四年冬十月, 羣臣上言. 始祖創業已來國名未定, 或稱斯羅, 或稱斯盧, 或言新羅. 臣等以爲新者德業日新, 羅者網羅四方之義, 則其爲國號宜矣. 又觀自古有國家者, 皆稱帝稱王, 自我始祖立國, 至今二十二丗伹, 稱方言未正尊號. 今羣臣一意, 謹上號新羅國王. 王從之.

『三國史記』卷4, 「新羅本紀」4 智證王 4年

이 사료는 『삼국사기

』 「신라본기」 지증왕 4년조로, 신라의 국호 및 존호(尊號) 제정에 대한 내용을 담고 있다. 지증왕(智證王, 재위 500~514) 대 신라는 여러 방면에서 주목할 만한 일련의 국가 체제 정비가 이루어졌다.

502년(지증왕 3)에 지증왕은 순장(殉葬)을 금지하는 법령을 내렸고, 주군(州郡)에 명해 농업을 권장하도록 하였으며, 이와 함께 우경(牛耕)

을 시행하도록 하였다. 이러한 지증왕의 조치는 농업 생산력의 증대를 기대한 것으로, 이로부터 신라는 한층 안정적인 농업 수취의 기반을 마련하였다.

또한 505년(지증왕 6)에는 국내의 주(州)⋅군(郡)⋅현(縣)을 정했고, 514년(지증왕 15)에는 아시촌(阿尸村)에 소경(小京)

을 설치하였다. 이러한 정책은 모두 지방 제도를 정비한 것이다. 물론 이때 신라가 전국의 지방을 모두 주⋅군⋅현으로 구분하고, 그러한 행정 단위마다 지방관을 파견하였다고 볼 수는 없다. 아직까지 현은 설치되지 않았고, 주⋅군 역시 주요 거점을 중심으로 설치된 군사적 성격의 기구였다고 파악된다. 다만 위와 같은 지증왕 대의 지방 제도 정비로 신라의 중앙 정부는 지방에 대한 체계적인 통치를 실시하는 데 중요한 토대를 마련하였던 것이다.

위 시기 국호 및 존호의 제정 역시 국가 체제 정비의 일면을 보여 준다. 이 사료에 기술된 것처럼 신라는 ‘사라(斯羅)’라고도 칭하고 혹은 ‘사로(斯盧)’라고 칭하였다. 이 밖에도 신라의 국호는 『삼국유사

』를 비롯한 여러 사서에 ‘서나벌(徐那伐)⋅서야벌(徐耶伐)⋅서라벌(徐羅伐)⋅서벌(徐伐)⋅계림(鷄林)⋅계귀(鷄貴)⋅구구타예설라(矩矩吒䃜說羅)⋅시라(尸羅)’ 등으로 나오는데, 이렇듯 다양한 신라의 국호가 지증왕 대에 ‘신라’로 공식화된 것이다. 신라는 한식(漢式), 즉 중국의 한자어를 써서 의미를 새로 부여한 명칭으로, ‘신(新)은 ‘덕업(德業)이 날로 새로워진다’는 뜻이고, 라(羅)는 ‘사방(四方)을 망라한다’라는 뜻을 가졌다.

신라에서는 국왕의 호칭 역시 다양하였다. 지증왕 대까지 신라의 왕호는 ‘거서간(居西干)

⋅차차웅(次次雄)

⋅마립간(麻立干)

’ 등의 호칭이 사용되었는데, 이러한 국왕에 관한 여러 호칭에는 국왕의 성격과 위상이 반영되어 있었다. 그런데 이것이 지증왕 대에 ‘왕’으로 공식화된 것은 신라라는 국호와 마찬가지로 한식(漢式), 즉 중국식으로 정리한 것이었다.

이상과 같이 중국식 국호와 왕호의 제정은 단순한 명칭의 변화만을 뜻하는 것이 아니었다. 중국식 국호와 왕호의 사용은 신라의 국가 체제가 한자(漢子)를 바탕으로 한 문서 행정(文書行政) 체계를 정비한 것과 무관하지 않았다. 그리고 문서 행정 체계는 국왕을 중심으로 한 중앙 집권적 국가 체제의 운용을 의미했다. 그러므로 국호 및 존호 제정은 앞서 언급한 농업 생산력의 증대와 지방 제도의 정비와 아울러 지증왕 대 신라가 중앙 집권적 국가 체제를 마련해 간 사실을 반영한다고 할 수 있다.

이 글의 내용은 집필자의 개인적 견해이며, 국사편찬위원회의 공식적 견해와 다를 수 있습니다.

참고문헌

저서

『역주 삼국사기』3, 정구복 외, 한국정신문화연구원, 1997.

편저

「정치체제의 정비」, 이우태, 국사편찬위원회, 1997.

관련사이트

[http://db.history.go.kr/id/sg_004r_0020_0060] 국사편찬위원회 한국사데이터베이스",,,,https://contents.history.go.kr/front/hm/view.do?levelId=hm_011_0020,사료로 본 한국사\items\hm_age_20_삼국 시대\hm_ty_010_정치\hm_011_0020_지증왕의 정치 개혁.md
61,hm_age_20,삼국 시대,hm_ty_010,정치,hm_011_0030,신라의 우산국 정복,삼국 시대 > 정치 > 신라의 체제 정비와 영토 확장 > 신라의 우산국 정복,"(지증마립간

) 13년(512) 여름 6월, 우산국(于山國)이 항복해 와 해마다 토산물을 공물로 바치기로 하였다. 우산국은 명주(溟州)

지금의 강릉 일대

의 정동쪽 바다에 있는 섬이며, 혹 울릉도(鬱陵島)라고 부르기도 한다. 땅은 사방 100리인데, (지세가) 험한 것을 믿고 항복하지 않았다. 이찬(伊湌) 이사부(異斯夫)

가 하슬라주(何瑟羅州)

지금의 강릉 일대

군주(軍主)가 되어 이르기를, “우산국 사람들은 어리석고 사나워 힘으로 복속시키기는 어렵지만 꾀로써 복속시킬 수 있다.”라고 하였다. 이에 나무 사자를 많이 만들어 전선(戰船)에 나누어 싣고 그 나라의 해안에 이르러 거짓으로 말하기를, “너희가 만약 항복하지 않으면 이 사나운 짐승을 풀어 밟아 죽이겠다.”라고 하니, (그) 나라 사람들이 두려워하며 곧 항복하였다.

『삼국사기

』권4, 「신라본기」4 지증마립간

13년

또 아슬라주(阿瑟羅州)

지금의 명주(溟州)

의 동쪽 바다 가운데 순풍으로 이틀 정도 (걸리는 거리에) 우릉도(于陵島)
【지금은 우릉(羽陵)이라고도 한다】
가 있었다. 둘레가 2만 6730보였는데 섬사람[島夷]들은 바닷물이 깊다는 것을 믿고 건방지게 신하로서의 도리를 지키지 않았다. 왕은 이찬(伊喰) 박이종(朴伊宗)에게 명하여 군사를 거느리고 그들을 토벌케 하였다. 박이종은 나무 사자를 만들어 큰 배 위에 싣고 그들을 위협하며 말하기를, “항복하지 않으면 이 짐승을 풀겠다.”고 하자, 섬사람들이 두려워 항복하였다. (왕은) 박이종에게 상을 내려 주(州)의 장관으로 삼았다.

『삼국유사

』권1, 「기이」2 지철로왕

十三年, 夏六月, 于山國歸服, 歲以土宜爲貢. 于山國在溟州正東海島, 或名鬱陵島. 地方一百里, 恃嶮不服. 伊湌異斯夫爲何瑟羅州軍主謂, 于山人愚悍, 難以威來, 可以計服. 乃多造木偶師子, 分載戰舩, 柢其國海岸, 誑告曰, 汝若不服, 則放此猛獸踏殺之, 國人恐懼, 則降.

『三國史記』卷4, 「新羅本紀」4 智證麻立干 13年

又阿瑟羅州
【仐溟州】
, 東海中, 便風二日程有亐陵島
【今作羽陵】
. 周迴二万六千七百三十歩, 島夷恃其水深, 憍傲不臣. 王命伊喰朴伊宗將兵討之. 宗作木偶師子, 載於大艦之上, 威之云, 不降則放此獸, 島夷畏而降. 賞伊宗爲州伯.

『三國遺事』卷1, 「紀異」2 智哲老王

이 사료는 신라가 우산국을 정벌하게 된 배경과 이사부(異斯夫, ?~?)

의 전략 등에 대해 보여 준다. 지증왕(智證王, 재위 500~514) 13년(512) 이사부

가 우산국(于山國)을 정벌하였음은 잘 알려진 사실이다. 이사부

가 우산국을 정벌하기 위해 출항지(出港地)로 삼은 곳이 지금의 강릉 일대였는데, 이는 우산국 정벌이 신라의 동북 지역 진출과 무관하지 않았음을 말해 준다.

우산국은 이사부

가 정벌하기 전까지 섬이라는 지형적 이점을 믿고서 항복하지 않고 신하의 도리를 지키지 않았다고 한다. 이렇게 우산국이 신라에 복속하지 않고 맞설 수 있었던 것은 우산국이 경제력이나 군사력을 어느 정도 갖춘 해상 세력이었기 때문일 것이다. 이는 우산국을 힘으로 복속시키기는 어렵다는 이사부

의 언급을 통해서도 짐작할 수 있다. 그래서 이사부

는 무력으로 우산국을 제압하는 방법 대신 나무로 만든 사자를 배에 실어서 사람들을 위협하는 기만전술을 채택하였는데, 그 전략이 주효하여 마침내 우산국을 정복할 수 있었다.

강릉에서 우산국까지는 상당히 떨어져 있을 뿐 아니라 연안항로가 아니라 동해를 횡단해야 하는 위험을 안고 있었기에 항해 기술이 어느 정도 확보되지 않으면 정벌하기가 쉽지 않았다. 그럼에도 불구하고 신라에서 나물왕

/내물왕(奈勿王, 재위 356~402)

의 4세손인 이사부

를 파견하여 우산국을 정벌하려 한 것은 우산국이 지닌 지정학적 위치 때문이었다. 우산국은 고구려와 왜가 교역하던 해상 교통로의 중간 경유지였다. 이사부

의 우산국 정벌은 단순히 우산국에서 나는 토산물을 얻는다는 경제적 측면뿐만 아니라 고구려와 왜(倭)의 교역 항로를 차단하여 동해의 제해권을 장악하려는 정치⋅군사적인 목적이 담겨 있었음을 알 수 있다.

한편 『삼국유사

』에서는 이사부

를 박이종(朴伊宗)이라고 표현하였는데, 이사부

의 성은 박씨가 아닌 김씨였다. 박제상(朴堤上)이 『삼국유사

』에 김제상(金堤上)으로 되어 있는 것처럼 『삼국유사

』를 찬술하는 과정에서 착오가 있었던 듯하다. 이사부(異斯夫)

가 이종(伊宗)으로 표기된 것은 훈독(訓讀)에 따른 것으로 추정된다.

이 글의 내용은 집필자의 개인적 견해이며, 국사편찬위원회의 공식적 견해와 다를 수 있습니다.

참고문헌

논문

「이사부 생애와 활동의 역사적 의의」,『이사부와 동해』1,강봉룡,한국이사부학회,2010.
「신라의 동북방 진출과 이사부의 우산국 정복 출항지」,『사학연구』101,김창겸,한국사학회,2011.
「신라의 우산국 복속과 이사부」,『역사교육』111,김창석,역사교육연구회,2009.
「삼국시대 신라의 동해안 제해권 확보의 의미」,『대구사학』65,김호동,대구사학회,2001.
「사로국의 실직국 병합과 동해 해상권의 장악」,『신라문화』21,서영일,동국대학교 신라문화연구소,2003.
「신라 중고기의 장수 이사부고」,『신라문화제학술논문집』25,이명식,동국대학교 신라문화연구소,2004.

관련사이트

[http://db.history.go.kr/id/sg_004r_0020_0180] 국사편찬위원회 한국사데이터베이스

[https://www.history.go.kr/contents/contentsPage.do?groupId=000000000571&menuId=000000000574&pageId=000000000213]
저작권 정책

[https://www.history.go.kr/contents/contentsPage.do?groupId=000000000931&menuId=000000000992&pageId=000000000541]
데이터 개방

[https://www.history.go.kr/contents/contentsPage.do?groupId=000000000571&menuId=000000000572&pageId=000000000211]
개인정보처리방침

13809 경기도 과천시 교육원로 86 국사편찬위원회

COPYRIGHT © NATIONAL INSTITUTE OF KOREAN HISTORY ALL RIGHT RESERVED.",,,,https://contents.history.go.kr/front/hm/view.do?levelId=hm_011_0030,사료로 본 한국사\items\hm_age_20_삼국 시대\hm_ty_010_정치\hm_011_0030_신라의 우산국 정복.md
62,hm_age_20,삼국 시대,hm_ty_010,정치,hm_011_0040,법흥왕의 체제 정비와 금관가야 정복,삼국 시대 > 정치 > 신라의 체제 정비와 영토 확장 > 법흥왕의 체제 정비와 금관가야 정복,"(법흥왕) 4년(517) 여름 4월 처음으로 병부(兵部)

를 설치하였다.

7년(520) 봄 정월 율령(律令)을 반포

하고 처음으로 모든 관리의 공복(公服)을 만들어 붉은색과 자주색으로 위계를 정하였다.

9년(522) 봄 3월 가야국(加耶國) 왕이 사신을 보내 혼인을 청하였으므로, 왕이 이찬(伊湌) 비조부(比助夫)의 누이를 그에게 보냈다.

11년(524) 가을 9월 왕이 나아가 남쪽 변경의 개척지를 순행하였는데 가야국 왕이 찾아와 만났다.

18년(531) 봄 3월 담당 관청[有司]에 명하여 제방을 수리하게 하였다. 여름 4월에 이찬 철부(哲夫)를 상대등(上大等)

으로 삼아 나라의 일을 총괄하게 하였다. 상대등

의 관직은 이때 처음 생겼으니, 지금(고려)의 재상(宰相)과 같다.

19년(532) 금관국(金官國)의 왕 김구해(金仇亥)가 왕비와 세 아들, 즉 큰아들은 노종(奴宗)이라 하고, 둘째 아들은 무덕(武德)이라 하고, 막내아들은 무력(武力)이라 하였는데, (이들과) 함께 나라의 재산[國帑]과 보물을 가지고 와 항복하였다. 왕이 예로써 그들을 대우하고 높은 관등을 주었으며 본국을 식읍(食邑)으로 삼도록 하였다. 아들 무력은 벼슬이 각간(角干)에 이르렀다.

23년(536) 처음으로 연호를 칭하여 건원(建元) 원년이라 하였다.

『삼국사기

』권4, 「신라본기」4 법흥왕 4⋅7⋅9⋅11⋅18⋅19⋅23년

四年, 夏四月, 始置兵部.

七年, 春正月, 頒示律令, 始制百官公服, 朱紫之秩.

九年, 春三月, 加耶國王遣使請婚, 王以伊湌比助夫之妹送之.

十一年, 秋九月, 王出巡南境拓地, 加耶國王來會.

十八年, 春三月, 命有司修理隄防. 夏四月, 拜伊湌哲夫爲上大等, 摠知國事. 上大等官, 始於此, 如今之宰相.

十九年, 金官國主金仇亥, 與妃及三子, 長曰奴宗, 仲曰武德, 季曰武力, 以國帑寶物來降. 王禮待之, 授位上等, 以本國爲食邑. 子武力仕至角干.

二十三年, 始稱年號, 云建元元年.

『三國史記』卷4, 「新羅本紀」4 法興王 4⋅7⋅9⋅11⋅18⋅19⋅23年

이 사료는 법흥왕(法興王, 재위 514~540) 대에 실시한 율령(律令) 반포

와 관제 신설, 연호 사용 등을 보여 준다. 『삼국유사

』의 신라사 시기 구분에는 법흥왕 대부터 중고기가 시작되는 것으로 나와 있다. 일연

이 이처럼 법흥왕 대를 하나의 분기점으로 설정한 것은 이와 같이 당시에 이루어진 일련의 체제를 중시했기 때문일 가능성이 높다.

법흥왕은 517년에 지금의 국방부에 해당하는 병부(兵部)

를 설치하는 한편, 531년에는 상대등(上大等)

을 신설하였다. 병부

는 문헌 자료에 나타난 최초의 신라 관부라는 점에서 의미가 있다. 그리고 지증왕(智證王, 재위 500~514) 대에 이르면 대규모 병력을 동원하는 기사가 사료에 자주 나타난다. 대규모 병력 동원은 전국적인 규모로 군사 제도가 정비되지 않고서는 이루어지기 어렵다. 법흥왕은 이러한 점을 염두에 두고 여러 관부 가운데서도 병부

를 가장 먼저 설치하였던 것으로 여겨진다. 학계에서는 병부

설치를 계기로 군정(軍政)과 군령(軍令)을 분리시킴으로써 병권(兵權)의 분산성을 극복하고 이를 왕권 아래에 통속시켰던 것으로 파악하고 있다. 병부

설치가 전국적인 군사력의 동원과 관련되어 있었다면, 상대등

의 설치는 중앙의 귀족 세력과 연관된다.

『삼국사기

』의 찬자는 상대등

이 고려의 재상(宰相)과 같다고 하였는데, 귀족 세력의 대표로서 화백 회의(和白會議)

의 의장이 바로 상대등

이었다고 보기도 하고, 국정을 총괄하는 수상이 상대등

이었다는 견해도 있다. 상대등

의 역할에 대해 약간의 이견이 있기는 하지만, 상대등

의 설치가 중앙 관부의 정비와 더불어 통치 체제의 확립과 맥을 같이한다는 점은 의심의 여지가 없다.

법흥왕 대의 여러 조치 중 가장 주목되는 것은 율령의 반포

이다. 율령

은 오늘날의 형법에 해당하는 율(律)과 제도에 대한 각종 규정을 담고 있는 영(令)이 합쳐진 것으로, 고대 동아시아 사회를 규정짓는 핵심적 요소 가운데 하나였다. 과거 일본 학자들은 법흥왕 대에 율령

을 시행하였다는 사료를 그다지 신뢰하지 않았다. 그러나 1988년에 524년(법흥왕 11년)에 건립된 「울진 봉평리 신라비(蔚珍鳳坪里新羅碑)」가 발견되고, 이 비문에 ‘노인법(奴人法)’⋅‘전시왕대교법(前時王大敎法)’ 등의 내용이 확인되면서 법흥왕대 율령

이 시행되었음은 분명해졌다. 520년(법흥왕 7년)에 반포하였다는 율령

의 구체적인 내용이나 체계는 알 수 없고, 그것이 어느 나라 율령

의 영향을 받은 것인지도 확실치 않다. 단지 율령의 반포

와 더불어 처음으로 관리의 공복(公服)을 만들고 붉은색과 자주색으로 위계를 정하였다는 기록으로 미루어, 적어도 공복제(公服制)가 율령

속에 담겨 있었음을 짐작하는 정도이다.

한편 법흥왕은 적극적인 남진 정책을 추진하였다. 522년(법흥왕 9년) 가야국(加耶國)의 왕이 사신을 보내 혼인을 청하였다거나 524년(법흥왕 11년) 법흥왕이 남쪽 변경 개척지를 순행하고 있을 때 가야국의 왕이 찾아왔다는 사료가 이를 말해 준다. 이미 법흥왕 대에 이르면 양국 간의 힘의 균형이 깨어지고 신라가 우위를 점하는데, 신라의 압박을 견디지 못한 금관가야(金官加倻) 김구해(金仇亥)는 마침내 532년(법흥왕 19년)에 신라에 항복하였다. 사료에는 김구해에게 본국을 식읍(食邑)으로 하사하였다고 하지만, 『삼국유사

』권2의 「가락국기(駕洛國記)」에는 그의 동생인 탈지(脫知)에게 김해의 실질적 지배를 맡겼다고 전한다. 즉 법흥왕은 항복해 온 금관가야의 왕에게 본국을 식읍으로 하사하여 마치 우대한 것처럼 보이지만, 실질적으로는 김구해 일가를 경주

로 이주시켜 금관가야를 완전히 해체시킴으로써 혹시나 일어나지도 모를 반란의 불씨를 애초에 제거하고자 했던 것으로 생각된다.

이렇듯 법흥왕은 안으로는 관제를 신설하고 율령을 반포

하여 국가 체제를 정비하는 동시에 밖으로는 금관가야를 복속시키는 등 영토를 확장해 나갔다. 이와 같은 법흥왕의 자신감은 건원(建元)이라는 독자적인 연호의 사용으로 이어졌다. 연호의 사용은 대내적으로 강력한 왕권이 확립되었음을 공표하는 기념비적 조치이자, 대외적으로는 신라가 중국과 대등한 국가임을 과시한 것으로 볼 수 있다.

이 글의 내용은 집필자의 개인적 견해이며, 국사편찬위원회의 공식적 견해와 다를 수 있습니다.

참고문헌

논문

「신라 법흥왕대의 율령반포를 둘러싼 몇 가지 문제」,『가라문화』1,김용선,경남대학교 가라문화연구소,1982.
「신라 지증⋅법흥왕대의 정치개혁과 그 성격」,『경북사학』23,김희만,경북사학회,2000.
「법흥왕대의 국가체제 강화」,『통일기의 신라사회 연구』,노중국,동국대학교 신라문화연구소⋅경상북도 편,1987.
「상대등고」,『역사학보』19,이기백,역사학회,1962.
「신라 귀족회의와 상대등」,『한국고대사연구』6,이영호,한국고대사학회,1992.
「신라 법흥왕대의 건원의 배경에 대하여」,『한국학논총』1,이종항,국민대학교 한국학연구소,1979.
「울진봉평신라비와 법흥왕대 율령」,『한국고대사연구』2,주보돈,한국고대사학회,1989.

저서

『신라의 역사』1⋅2, 이종욱, 김영사, 2002.

편저

「귀족국가의 형성과 발전」, 이기동, 이기백⋅이기동 공저, 일조각, 1982.
「신라의 융성」, 이우태, 국사편찬위원회, 2003.

관련사이트

[http://db.history.go.kr/id/sg_004r_0030_0040] 국사편찬위원회 한국사데이터베이스",,,,https://contents.history.go.kr/front/hm/view.do?levelId=hm_011_0040,사료로 본 한국사\items\hm_age_20_삼국 시대\hm_ty_010_정치\hm_011_0040_법흥왕의 체제 정비와 금관가야 정복.md
63,hm_age_20,삼국 시대,hm_ty_010,정치,hm_011_0050,진평왕의 관제 정비,삼국 시대 > 정치 > 신라의 체제 정비와 영토 확장 > 진평왕의 관제 정비,"(진평왕

) 3년(581) 봄 정월에 처음으로 위화부(位和府)

를 설치하였다. 이는 지금의 이부(吏部)와 같다.

『삼국사기

』권4, 「신라본기」4 진평왕

3년

(진평왕

) 5년(583) 봄 정월에 처음으로 선부(船府)의 관서(官署)를 설치하고, 대감(大監)⋅제감(弟監) 각 1명을 두었다.

『삼국사기

』권4, 「신라본기」4 진평왕

5년

(진평왕

6년) 3월에 조부(調府)

에 영(令) 1명을 두어 공부(貢賦)를 관장하도록 하였고, 승부(乘府)에 영(令) 1명을 두어 수레[車乘]에 대한 일을 관장하도록 하였다.

『삼국사기

』권4, 「신라본기」4 진평왕

6년

(진평왕

) 8년(586) 봄 정월에 예부(禮部)에 영(令) 2명을 두었다.

『삼국사기

』권4, 「신라본기」4 진평왕

8년

(진평왕

) 13년(591) 봄 2월에 영객부(領客府)에 영(令) 2명을 두었다.

『삼국사기

』권4, 「신라본기」4 진평왕

13년

(진평왕

) 44년(622) 2월에 이찬(伊湌) 용수(龍樹)를 내성

사신(內省私臣)으로 삼았다. 처음 (진평)왕 7년에 대궁(大宮)⋅양궁(梁宮)⋅사량궁(沙梁宮) 3곳에 각각 사신(私臣)을 두었는데, 이때에 이르러 내성

사신 1명을 두고, 3궁의 일을 아울러 관장하도록 하였다.

『삼국사기

』권4, 「신라본기」4 진평왕

44년

(진평왕

) 45년(623) 봄 정월에 병부(兵部)

에 대감(大監) 2명을 두었다.

『삼국사기

』권4, 「신라본기」4 진평왕

45년

(진평왕

) 46년(624) 봄 정월에 시위부(侍衛府)에 대감(大監) 6명을 두고, 상사서(賞賜署)에 대정(大正) 1명, 대도서(大道署)에 대정(大正) 1명을 두었다.

『삼국사기

』권4, 「신라본기」4 진평왕

46년

[眞平王] 三年, 春正月, 始置位和府. 如今吏部.

『三國史記』卷4, 「新羅本紀」4 眞平王 3年

[眞平王] 五年, 春正月, 始置船府署, 大監⋅弟監各一員.

『三國史記』卷4, 「新羅本紀」4 眞平王 5年

[眞平王 六年] 三月, 置調府令一員, 掌貢賦, 乘府令一員, 掌車乘.

『三國史記』卷4, 「新羅本紀」4 眞平王 6年

[眞平王] 八年, 春正月, 置禮部令二員.

『三國史記』卷4, 「新羅本紀」4 眞平王 8年

[眞平王] 十三年, 春二月, 置領客府令二員.

『三國史記』卷4, 「新羅本紀」4 眞平王 13年

[眞平王] 四十四年, 二月, 以伊湌龍樹爲內省私臣. 初王七年, 大宮⋅梁宮⋅沙梁宮三所 各置私臣, 至是置內省私臣一人, 兼掌三宮.

『三國史記』卷4, 「新羅本紀」4 眞平王 44年

[眞平王] 四十五年, 春正月, 置兵部大監二員.

『三國史記』卷4, 「新羅本紀」4 眞平王 45年

[眞平王] 四十六年, 春正月, 置侍衛府大監六員, 賞賜署大正一員, 大道署大正一員.

『三國史記』卷4, 「新羅本紀」4 眞平王 46年

이 사료는 『삼국사기

』 「신라본기」에서 진평왕(眞平王, 재위 579～632)

대에 이루어진 신라의 관제 정비와 관련한 내용을 뽑은 것이다. 신라의 관제는 6세기부터 본격적으로 정비되기 시작했는데, 그 중요한 시점의 하나가 진평왕

대였다.

이 사료에서 보이듯 진평왕

3년(581)에는 위화부(位和府)

를 설치하였고, 5년(583)에는 선부(船府)를 설치하였다. 6년(584)에는 조부(調府)

와 승부(乘府)에 각각 영(令) 1명을 두었고, 8년(586)에는 예부(禮部)에 영(令) 2명을 두었으며, 13년(591)에는 영객부(領客府)에 영(令) 2명을 두었다고 한다. 또한 44년(622)에는 내성(內省)

에 사신(私臣)을 두었고, 45년(623)에는 병부(兵部)

에 대감(大監) 2명을 두었으며, 46년(624)에는 시위부(侍衛府)에 대감(大監) 6명을 두었고, 상사서(賞賜署)와 대도서(大道署)에 각각 대정(大正) 1명을 두었다고 한다.

이처럼 진평왕

재위 기간에는 대대적으로 관부가 설치되고, 담당 관리가 배치되었다. 위화부

는 『삼국사기

』의 편찬자가 지금, 즉 고려 시대의 이부(吏部)와 같다고 한 것처럼 관리의 인사를 담당한 관청이었다. 선부(船府)는 선박 운항을 관장하는 관청으로 보인다. 또한 조부(調府)

는 공부(貢賦), 즉 공납과 부세(賦稅)를 맡았고, 승부(乘府)는 수레에 대한 일을 관장하였다고 한다. 그 명칭이나 활동으로 미루어 보아 예부(禮部)는 교육과 의례(儀禮)에 관한 업무를 담당하였고, 영객부(領客府)는 외국 사신을 접대하던 관청으로 파악된다. 병부(兵部)

는 군사 업무를 담당하였고, 시위부(侍衛府)는 국왕과 궁궐의 수비 및 의장(儀仗)을 책임졌다. 상사서(賞賜署)는 창부(倉部) 소속의 관청으로, 공이 있는 자에 대한 포상 업무를 맡았던 것으로 짐작되며, 대도서(大道署)는 예부 소속의 관청이었다.

이상과 같은 관부의 설치 및 담당 관료 배치는 신라의 국가 체제가 확대되고, 그 업무가 증대된 결과였다. 상사서와 대도서처럼 상급 관부에 소속된 하급 관부까지 담당 관리가 배치된 사실이 이를 잘 보여 준다고 할 수 있다. 국가의 업무가 증대됨에 따라 업무의 내용이 세분화되었고, 그러한 업무를 책임질 전문적인 관부 및 관리가 요구되었던 것이다.

한편 내성(內省)

은 왕실 업무를 총괄하던 관청이었다. 본래 신라에는 대궁(大宮)⋅양궁(梁宮)⋅사량궁(沙梁宮) 등의 궁궐이 있었고, 궁궐마다 사신(私臣)이 배치되어 있었다고 한다. 그런데 진평왕

대에 그러한 왕실 업무를 내성

으로 하여금 총괄하도록 하고, 그 업무를 관장할 장관(長官)도 1명을 둔 것이다. 이러한 내성

사신의 설치는 왕실의 업무가 국왕을 중심으로 개편되고 있었음을 말해 준다.

이 글의 내용은 집필자의 개인적 견해이며, 국사편찬위원회의 공식적 견해와 다를 수 있습니다.

참고문헌

저서

『역주 삼국사기』3, 정구복 외, 한국정신문화연구원, 1997.

편저

「중앙통치조직」, 주보돈, 국사편찬위원회, 1997.

관련사이트

[http://db.history.go.kr/id/sg_004r_0060_0060] 국사편찬위원회 한국사데이터베이스

[https://www.history.go.kr/contents/contentsPage.do?groupId=000000000571&menuId=000000000574&pageId=000000000213]
저작권 정책

[https://www.history.go.kr/contents/contentsPage.do?groupId=000000000931&menuId=000000000992&pageId=000000000541]
데이터 개방

[https://www.history.go.kr/contents/contentsPage.do?groupId=000000000571&menuId=000000000572&pageId=000000000211]
개인정보처리방침

13809 경기도 과천시 교육원로 86 국사편찬위원회

COPYRIGHT © NATIONAL INSTITUTE OF KOREAN HISTORY ALL RIGHT RESERVED.

오류신고

본 사이트 자료 중 잘못된 정보를 발견하였거나 사용 중 불편한 사항이 있을 경우 알려주십시오. 이용자의 참여가 사이트 가치 향상에 큰 도움이 됩니다.

사이트 하단의 ‘오류신고’ 메뉴를 이용하시면 신고 내용의 적용여부를 확인하실 수 있습니다.

개인정보는 삭제하오니 유념하시기 바랍니다.

자료명

사료로 본 한국사

자료위치

https://contents.history.go.kr/id/hm_011_0050

제목

오류유형

오류내용

이름

자동입력 방지문자

소개

한국사를 이해하는 데 토대가 되는 주요 사료를 각 시대와 분야별로 선별하여, 원문과 번역문, 해설과 참고 자료를 함께 서비스하고 있습니다.
이를 통해 어려운 역사 자료에 좀 더 쉽게 접근할 수 있도록 하였습니다.

일러두기

1.한 편의 사료는 국문, 원문, 해설, 참고자료의 4가지 요소로 구성하였습니다.

2.사료의 종류는 [삼국사기], [삼국유사], 『고려사』, 『조선왕조실록』 등의 1차 사료(史料)를 비롯해 개인 문집, 금석문, 신문, 판결문, 선언문 등에 이르기까지 매우 다양합니다.

3.국문은 원문에 수록된 사료를 우리말로 번역하여 수록하였습니다. 사료의 상당수는 한문이며, 영어, 일본어 등도 포함되어 있습니다. 또한 근·현대 사료 또한 한자를 많이 사용하여 일반인이 접근하기가 어려우므로 이를 이용자가 쉽게 이해할 수 있도록 현대 한국어에 맞게 번역하였습니다.

4.해설 중에서 추가 설명이 필요한 역사 용어의 경우 글자를 별색으로 표기하였습니다. 보라색은 해당 글자에 마우스를 갖다 대면 간략한 설명이 제공되며, 파란색은 클릭하면 ‘교과서 용어 해설’ 및 ‘한국사 연대기’ 등의 관련 자료로 연계되도록 하였습니다.

5.참고 자료에서는 사료와 관련된 연구 논문과 저서 목록을 수록하였고, 해당 사료의 원문과 번역문을 직접 확인할 수 있도록 관련 사이트도 연계하였습니다.

DB 구축 참여자(2012~2013)

시기 구분
기획
집필
교열
윤문
자료 총괄
구축 년도

삼국 이전
삼국 시대
전미희
류주희
이규리
문동석
이정빈
이현태
장종진
장청화
이계형
2012

박남수
홍기승
문동석
이현태
장종진
김경복
장청화
2013

통일 신라와 발해
전미희
류주희
이규리
김창겸
김덕원
전경숙
장청화
이계형
2012

박남수
홍기승
문동석
이현태
장종진
김경복
장청화
2013

고려 시대
전미희
류주희
이규리
한정수
손민호
황영수
전경숙
장청화
이계형
2012

류주희
홍기승
한정수
김가람
김경복
장청화
2013

조선 시대
전미희
류주희
이규리
이경찬
박귀미
이기명
이화영
이근호
장청화
이계형
2012

이규리
홍기승
이근호
김가람
김경복
장청화
2013

근대
전미희
류주희
이규리
은정태
홍문기
최보영
장청화
이계형
2012

염복규
은정태
홍동현
김경복
장청화
2013

현대
전미희
류주희
이규리
박미경
이관형
김진흠
장청화
이계형
2012

김점숙
이정은
홍동현
김경복
장청화
2013

DB 구축 참여자(2023~)

시기 구분
기획
집필
교열
감수
구축연도

근대
신재호

이주호

곽금선, 김명섭, 김상연, 김상훈, 김영진, 김진혁, 김호걸, 노성룡, 박주영, 송영화, 이양희, 이지은,

임동현, 최용준, 한보람, 한승훈, 한애라, 한준호, 홍수연

이명학
정일영
2023

현대

곽경상, 김상규, 김상연, 김재웅, 김진혁, 서홍석, 신재준, 예대열, 이길중, 이지완, 정무용

김태윤
김아람

근대
신재호

이주호

곽금선, 박주영, 박한민, 이양희, 이지은, 임동현,

주동빈, 최용준, 한보람, 한승훈, 한애라, 한준호

이명학
양진아
2024

현대

김상연, 김청강, 예대열, 이길중, 이지완

김아람

삼국
신재호

홍선이

권순홍, 김기민, 김지현, 나유정, 이종록

이준성
이정빈
2025

DB 고도화 참여자(2022~)

시기 구분
기획
해설 집필
해설 교열
감수
구축연도

근대
신재호

이홍구

곽금선, 김기성, 김명섭, 김명재, 김명환, 김상훈, 김소영, 김영진, 김헌주, 남기현, 류동연, 박순섭,

박주영, 박한민, 성주현, 송영화, 심철기, 양진아, 이성우, 이양희, 이지은, 임인재, 최보민, 최보영,

최우석, 한보람, 한승훈, 한준호

박은숙

정일영

한승훈
김도형
2022

현대

김대현, 김동주, 문민기, 박경렬, 이재석, 이지완

박광명

임광순
김아람

김태우

조선 전기
신재호

이주호

신동훈, 양정현, 윤승희, 이경동, 이상민, 이지훈

서민주
나영훈
2024

조선 후기

도주경, 문광균, 오승관, 윤민경, 임성수, 채홍병

이행묵
박범

삼국 이전
신재호

홍선이

권순홍, 김기민, 김세진, 김지현, 나유정, 이종록

이준성
이정빈
2025

고려

김도연, 김보광, 김수연, 김종혁, 김지영, 김진곤,
김효섭, 박수찬, 안주영, 오경석, 오치훈, 이민기,
이바른, 이상민, 이창섭, 정동훈, 최은규, 현수진

이현경

황향주
한정수

최종석

메인 화면

1.교양 우리 역사 메뉴 내의 콘텐츠로 이동할 수 있습니다.

2.시대별 분야에 따른 사료 목록을 확인할 수 있습니다.

3.사료로 본 한국사 내 자료를 검색할 수 있습니다.

분류별 목록 화면

1.시대에 따른 분야별 목록을 확인할 수 있습니다.

2.개별 사료 클릭시 상세화면으로 이동합니다.

상세 화면 – 한면으로 보기

1.시대별/분야별 목차를 확인할 수 있고, 다른 사료로 바로 이동할 수 있습니다. 숨기기/열기 버튼을 이용해 닫거나 열어볼 수 있습니다.

2.각 사료에 대한 국문, 원문, 해설, 참고자료 정보를 4개의 탭으로 열람할 수 있습니다.

3.두 가지 정보를 비교해 볼 수 있는 ‘나란히 보기’ 화면으로 이동합니다. 드롭박스를 통해 열람하고자 하는 정보를 선택할 수 있습니다.

4.폰트 조정, 인쇄, 목록, 오류신고, 이전/다음 사료로 이동 등의 툴바 기능을 이용할 수 있습니다.

목록화면

1.시대에 따른 분야별 사료 목록이 배열됩니다.

2.메인 화면 및 시대별 목록을 열람할 수 있습니다.

3.상세 사료 목록을 펼침/닫힘 버튼을 통해 이용할 수 있습니다.",,,,https://contents.history.go.kr/front/hm/view.do?levelId=hm_011_0050,사료로 본 한국사\items\hm_age_20_삼국 시대\hm_ty_010_정치\hm_011_0050_진평왕의 관제 정비.md
64,hm_age_20,삼국 시대,hm_ty_010,정치,hm_011_0060,진덕왕의 관제 정비,삼국 시대 > 정치 > 신라의 체제 정비와 영토 확장 > 진덕왕의 관제 정비,"(진덕왕) 3년(649) 봄 정월에 비로소 중국의 의관(衣冠)을 착용하였다

『삼국사기

』권5, 「신라본기」5 진덕왕 3년

(진덕왕) 5년(651) 봄 정월에 왕이 조원전(朝元殿)에 직접 행차하여 백관(百官)으로부터 신년 인사를 받았다. 하정(賀正)의 예(禮)는 이로부터 시작되었다.

『삼국사기

』권5, 「신라본기」5 진덕왕 5년

(진덕왕 5년) 2월에 품주(稟主)

를 고쳐 집사부(執事部)

로 하였다. 이어 파진찬(波珍湌) 죽지(竹旨)를 집사 중시(執事中侍)

에 임명하고, 기밀 사무(機密事務)를 관장하도록 하였다.

『삼국사기

』권5, 「신라본기」5 진덕왕 5년

[眞德王] 三年, 春正月, 始服中朝衣冠.

『三國史記』卷5, 「新羅本紀」5 眞德王 3年

[眞德王] 五年, 春正月朔, 王御朝元殿, 受百官正賀. 賀正之禮始於此.

『三國史記』卷5, 「新羅本紀」5 眞德王 5年

[眞德王 五年] 二月, 改稟主爲執事部. 仍拜波珍湌竹旨爲執事中侍, 以掌機密事務.

『三國史記』卷5, 「新羅本紀」5 眞德王 5年

이 사료는 『삼국사기

』 「신라본기」에서 진덕왕(眞德王, 재위 647~654) 대에 이루어진 관제 정비와 관련한 내용을 뽑은 것이다. 진덕왕은 신라 시대 세 명의 여왕 가운데 한 사람으로 선덕왕(善德王, 재위 632∼647)의 뒤를 이어 즉위하였다.

진덕왕은 재위 기간이 길지 않지만, 즉위 초부터 정치 제도를 정비하고자 노력하였다. 먼저 이 사료에 보이는 것처럼 649년(진덕왕 3)에 중국의 의관 제도를 수용하였고, 하정례(賀正禮)를 시행하였다.

중국의 의관 제도는 당(唐)나라의 복식(服飾)을 말하는데, 구체적으로 관복(官服) 제도를 의미한다. 신라에서는 이보다 앞선 520년(법흥왕 7)에 백관(百官)의 공복(公服)을 제정하였다. 그런데 648년(진덕왕 2) 김춘추(金春秋, 603~661)가 당나라에 사신으로 가서 신라와 당나라의 동맹을 체결하고자 당나라의 문물을 적극적으로 수용하려는 의지를 보였고, 그 결과 이때 중국의 관복 제도를 받아들여 법흥왕 대에 이루어진 공복 제도를 다시 개편한 것이다.

하지만 진덕왕 대의 당나라 관복 제도 수용이 단순히 중국 문화의 일방적인 적용은 아니었던 것으로 보인다. 이는 이 사료에서 관복 제도를 바꾸고 이어 하정례를 수용한 데서 짐작할 수 있다. 하정례 역시 당나라의 제도를 수용해 신라의 전통적인 신년 의례를 개편한 것으로 여겨지는데, 당나라의 하정례는 황제를 정점으로 한 국가 체제를 가시적으로 드러내 보이고자 한 의식이었다. 그러므로 당나라의 하정례 수용은 국왕을 중심으로 한 정치 질서를 구축하는 데 그 목적이 있었고, 관복 제도의 수용도 국왕을 중심으로 한 신료 집단의 위계 질서를 공고히 하려는 목적에서 이루어졌다고 이해된다.

이와 관련하여 이 사료에서 품주(稟主)

를 집사부(執事部)

로 개편한 사실이 주목된다. 본래 품주

는 조조(租調), 즉 세금을 관리하는 관부로 국왕의 직접적인 통제를 받는 일종의 가신적(家臣的) 기구였다. 이후 신라가 성장한 국가의 규모에 맞추어 행정조직을 정비하는 과정에서 품주

의 각종 재정과 수취 관련 업무는 조부(調府)

와 창부(倉部)가 맡게 되었고, 품주

는 진덕왕 대 집사부

로 개편되었다. 그 결과 집사부

는 이제 국가의 기밀 사무(機密事務)를 담당하는 부서로서, 위로는 국왕의 명을 받들고 아래로는 여러 관부를 총괄하는 역할을 하게 되었다. 이는 신라가 국가 체제를 국왕을 중심으로 정비했던 것과 같은 맥락이라 할 수 있다.

이 글의 내용은 집필자의 개인적 견해이며, 국사편찬위원회의 공식적 견해와 다를 수 있습니다.

참고문헌

저서

『역주 삼국사기』3, 정구복 외, 한국정신문화연구원, 1997.

편저

「중앙통치조직」, 주보돈, 국사편찬위원회, 1997.

관련사이트

[http://db.history.go.kr/id/sg_005r_0030_0140] 국사편찬위원회 한국사데이터베이스

[https://www.history.go.kr/contents/contentsPage.do?groupId=000000000571&menuId=000000000574&pageId=000000000213]
저작권 정책

[https://www.history.go.kr/contents/contentsPage.do?groupId=000000000931&menuId=000000000992&pageId=000000000541]
데이터 개방

[https://www.history.go.kr/contents/contentsPage.do?groupId=000000000571&menuId=000000000572&pageId=000000000211]
개인정보처리방침

13809 경기도 과천시 교육원로 86 국사편찬위원회

COPYRIGHT © NATIONAL INSTITUTE OF KOREAN HISTORY ALL RIGHT RESERVED.

오류신고

본 사이트 자료 중 잘못된 정보를 발견하였거나 사용 중 불편한 사항이 있을 경우 알려주십시오. 이용자의 참여가 사이트 가치 향상에 큰 도움이 됩니다.

사이트 하단의 ‘오류신고’ 메뉴를 이용하시면 신고 내용의 적용여부를 확인하실 수 있습니다.

개인정보는 삭제하오니 유념하시기 바랍니다.

자료명

사료로 본 한국사

자료위치

https://contents.history.go.kr/id/hm_011_0060

제목

오류유형

오류내용

이름

자동입력 방지문자

소개

한국사를 이해하는 데 토대가 되는 주요 사료를 각 시대와 분야별로 선별하여, 원문과 번역문, 해설과 참고 자료를 함께 서비스하고 있습니다.
이를 통해 어려운 역사 자료에 좀 더 쉽게 접근할 수 있도록 하였습니다.

일러두기

1.한 편의 사료는 국문, 원문, 해설, 참고자료의 4가지 요소로 구성하였습니다.

2.사료의 종류는 [삼국사기], [삼국유사], 『고려사』, 『조선왕조실록』 등의 1차 사료(史料)를 비롯해 개인 문집, 금석문, 신문, 판결문, 선언문 등에 이르기까지 매우 다양합니다.

3.국문은 원문에 수록된 사료를 우리말로 번역하여 수록하였습니다. 사료의 상당수는 한문이며, 영어, 일본어 등도 포함되어 있습니다. 또한 근·현대 사료 또한 한자를 많이 사용하여 일반인이 접근하기가 어려우므로 이를 이용자가 쉽게 이해할 수 있도록 현대 한국어에 맞게 번역하였습니다.

4.해설 중에서 추가 설명이 필요한 역사 용어의 경우 글자를 별색으로 표기하였습니다. 보라색은 해당 글자에 마우스를 갖다 대면 간략한 설명이 제공되며, 파란색은 클릭하면 ‘교과서 용어 해설’ 및 ‘한국사 연대기’ 등의 관련 자료로 연계되도록 하였습니다.

5.참고 자료에서는 사료와 관련된 연구 논문과 저서 목록을 수록하였고, 해당 사료의 원문과 번역문을 직접 확인할 수 있도록 관련 사이트도 연계하였습니다.

DB 구축 참여자(2012~2013)

시기 구분
기획
집필
교열
윤문
자료 총괄
구축 년도

삼국 이전
삼국 시대
전미희
류주희
이규리
문동석
이정빈
이현태
장종진
장청화
이계형
2012

박남수
홍기승
문동석
이현태
장종진
김경복
장청화
2013

통일 신라와 발해
전미희
류주희
이규리
김창겸
김덕원
전경숙
장청화
이계형
2012

박남수
홍기승
문동석
이현태
장종진
김경복
장청화
2013

고려 시대
전미희
류주희
이규리
한정수
손민호
황영수
전경숙
장청화
이계형
2012

류주희
홍기승
한정수
김가람
김경복
장청화
2013

조선 시대
전미희
류주희
이규리
이경찬
박귀미
이기명
이화영
이근호
장청화
이계형
2012

이규리
홍기승
이근호
김가람
김경복
장청화
2013

근대
전미희
류주희
이규리
은정태
홍문기
최보영
장청화
이계형
2012

염복규
은정태
홍동현
김경복
장청화
2013

현대
전미희
류주희
이규리
박미경
이관형
김진흠
장청화
이계형
2012

김점숙
이정은
홍동현
김경복
장청화
2013

DB 구축 참여자(2023~)

시기 구분
기획
집필
교열
감수
구축연도

근대
신재호

이주호

곽금선, 김명섭, 김상연, 김상훈, 김영진, 김진혁, 김호걸, 노성룡, 박주영, 송영화, 이양희, 이지은,

임동현, 최용준, 한보람, 한승훈, 한애라, 한준호, 홍수연

이명학
정일영
2023

현대

곽경상, 김상규, 김상연, 김재웅, 김진혁, 서홍석, 신재준, 예대열, 이길중, 이지완, 정무용

김태윤
김아람

근대
신재호

이주호

곽금선, 박주영, 박한민, 이양희, 이지은, 임동현,

주동빈, 최용준, 한보람, 한승훈, 한애라, 한준호

이명학
양진아
2024

현대

김상연, 김청강, 예대열, 이길중, 이지완

김아람

삼국
신재호

홍선이

권순홍, 김기민, 김지현, 나유정, 이종록

이준성
이정빈
2025

DB 고도화 참여자(2022~)

시기 구분
기획
해설 집필
해설 교열
감수
구축연도

근대
신재호

이홍구

곽금선, 김기성, 김명섭, 김명재, 김명환, 김상훈, 김소영, 김영진, 김헌주, 남기현, 류동연, 박순섭,

박주영, 박한민, 성주현, 송영화, 심철기, 양진아, 이성우, 이양희, 이지은, 임인재, 최보민, 최보영,

최우석, 한보람, 한승훈, 한준호

박은숙

정일영

한승훈
김도형
2022

현대

김대현, 김동주, 문민기, 박경렬, 이재석, 이지완

박광명

임광순
김아람

김태우

조선 전기
신재호

이주호

신동훈, 양정현, 윤승희, 이경동, 이상민, 이지훈

서민주
나영훈
2024

조선 후기

도주경, 문광균, 오승관, 윤민경, 임성수, 채홍병

이행묵
박범

삼국 이전
신재호

홍선이

권순홍, 김기민, 김세진, 김지현, 나유정, 이종록

이준성
이정빈
2025

고려

김도연, 김보광, 김수연, 김종혁, 김지영, 김진곤,
김효섭, 박수찬, 안주영, 오경석, 오치훈, 이민기,
이바른, 이상민, 이창섭, 정동훈, 최은규, 현수진

이현경

황향주
한정수

최종석

메인 화면

1.교양 우리 역사 메뉴 내의 콘텐츠로 이동할 수 있습니다.

2.시대별 분야에 따른 사료 목록을 확인할 수 있습니다.

3.사료로 본 한국사 내 자료를 검색할 수 있습니다.

분류별 목록 화면

1.시대에 따른 분야별 목록을 확인할 수 있습니다.

2.개별 사료 클릭시 상세화면으로 이동합니다.

상세 화면 – 한면으로 보기

1.시대별/분야별 목차를 확인할 수 있고, 다른 사료로 바로 이동할 수 있습니다. 숨기기/열기 버튼을 이용해 닫거나 열어볼 수 있습니다.

2.각 사료에 대한 국문, 원문, 해설, 참고자료 정보를 4개의 탭으로 열람할 수 있습니다.

3.두 가지 정보를 비교해 볼 수 있는 ‘나란히 보기’ 화면으로 이동합니다. 드롭박스를 통해 열람하고자 하는 정보를 선택할 수 있습니다.

4.폰트 조정, 인쇄, 목록, 오류신고, 이전/다음 사료로 이동 등의 툴바 기능을 이용할 수 있습니다.

목록화면

1.시대에 따른 분야별 사료 목록이 배열됩니다.

2.메인 화면 및 시대별 목록을 열람할 수 있습니다.

3.상세 사료 목록을 펼침/닫힘 버튼을 통해 이용할 수 있습니다.",,,,https://contents.history.go.kr/front/hm/view.do?levelId=hm_011_0060,사료로 본 한국사\items\hm_age_20_삼국 시대\hm_ty_010_정치\hm_011_0060_진덕왕의 관제 정비.md
65,hm_age_20,삼국 시대,hm_ty_010,정치,hm_011_0070,진흥왕의 영토 확장,삼국 시대 > 정치 > 신라의 체제 정비와 영토 확장 > 진흥왕의 영토 확장,"(진흥왕(眞興王)

) 9년(548) 봄 2월, 고구려가 예인(穢人)과 함께 백제 독산성(獨山城)을 공격하였다. 백제가 구원을 청하자 왕이 장군 주영(朱玲)을 보내 굳센 군사 3000명을 거느리고 그들을 공격하게 하였는데, 죽이거나 사로잡은 사람이 매우 많았다.

11년(550) 봄 정월 백제가 고구려 도살성(道薩城)을 빼앗았다. 3월 고구려가 백제 금현성(金峴城)을 함락시켰다. 왕은 두 나라의 군사가 피로한 틈을 타 이찬(伊湌) 이사부(異斯夫)

에게 명하여 군사를 내어 그 성을 공격하게 하였다. 두 성을 빼앗아 증축하고 무장한 군사(甲士) 1000명을 머물게 하여 지키도록 하였다.

12년(551) ……(중략)……왕이 거칠부(居柒夫)

등에게 명하여 고구려를 침범하도록 하였는데, 승기를 타고 10개 군(郡)을 빼앗았다.

14년(553) ……(중략)……가을 7월 백제의 동북쪽 변방을 빼앗아 신주(新州)를 설치하고 아찬(阿湌) 무력(武力)을 군주(軍主)로 삼았다.

15년(554) ……(중략)…… 백제 왕인 명농(明襛)

성왕을 가리킴

이 가량(加良)과 함께 관산성(管山城)을 공격하였다. 군주(軍主)인 각간(角干) 우덕(于德)과 이찬 탐지(耽知) 등이 역습하여 싸웠으나 전세가 불리하였다. 신주군주(新州軍主)인 김무력(金武力)이 주(州)의 군사를 이끌고 나아가 교전을 벌였고, 비장(裨將)인 삼년산군(三年山郡)의 고간(高干) 도도(都刀)가 재빠르게 공격하여 백제 왕을 죽였다. 이에 여러 군사가 승기를 타면서 크게 이겼는데, 좌평(佐平)

4명과 군사 2만 9600명을 죽였고 말은 되돌아 간 것이 없었다.

16년(555) 봄 정월 완산주(完山州)를 비사벌(比斯伐)에 설치하였다. 겨울 10월에 왕이 북한산(北漢山)에 순행하여 강역을 확장하고 국경을 정하였다. 11월에 (왕이) 북한산에서 돌아왔는데, 지나온 주군(州郡)에 교(敎)를 내려 1년간의 조세를 면제해 주고 (해당 지역의) 죄수 중 두 가지 죄(二罪)

강도와 절도를 가리킴

를 제외하고는 모두 풀어 주었다.

17년(556) 가을 7월 비열홀주(比列忽州)를 설치하고 사찬(沙湌) 성종(成宗)

을 군주(軍主)로 삼았다.

18년(557) 국원(國原)을 소경(小京)

으로 삼았다. 사벌주(沙伐州)를 폐지하고 감문주(甘文州)를 설치하여 사찬 기종(起宗)을 군주(軍主)로 삼았으며, 신주(新州)를 폐지하고 북한산주(北漢山州)를 설치하였다.

23년(562) 가을 7월 백제가 변방의 민가를 침략하자 왕이 군사를 내어 그들을 막도록 하였는데, 1000여 명을 죽이거나 사로잡았다. 9월 가야(伽倻)가 반란을 일으키자 왕이 이사부

에 명하여 그들을 토벌하게 하였는데, (이때) 사다함(斯多含)이 그를 보좌하였다. 사다함이 5000명의 기병을 거느리고 앞서 달려가 전단문(栴檀門)에 들어가서 흰 깃발을 세우자 성안 (사람들이) 몹시 두려워하여 어찌 할 바를 몰랐다. 이사부

가 군사를 이끌고 그곳에 이르자 일시에 모두 항복하였다.

『삼국사기

』권4, 「신라본기」4 진흥왕

9⋅11⋅12⋅14⋅15⋅16⋅17⋅18⋅23년

九年, 春二月, 高句麗與穢人, 攻百濟獨山城. 百濟請救, 王遣將軍朱玲, 領勁卒三千擊之, 殺獲甚衆.

十一年, 春正月, 百濟拔高句麗道薩城. 三月, 高句麗陷百濟金峴城. 王乘兩國兵疲, 命伊湌異斯夫, 出兵擊之. 取二城增築, 留甲士一千戍之.

十二年, ……(中略)…… 王命居柒夫等, 侵高句麗, 乘勝取十郡.

十四年, ……(中略)…… 秋七月, 取百濟東北鄙, 置新州, 以阿湌武力爲軍主.

十五年, ……(中略)…… 百濟王明襛與加良, 來攻管山城. 軍主角干于德⋅伊湌耽知等, 逆戰失利. 新州軍主金武力, 以州兵赴之, 及交戰, 裨將三年山郡高干都刀, 急擊殺百濟王. 於是諸軍乘勝, 大克之, 斬佐平四人⋅士卒二萬九千六百人, 匹馬無反者.

十六年, 春正月, 置完山州於比斯伐. 冬十月, 王巡幸北漢山, 拓定封疆. 十一月, 至自北漢山, 敎所經州郡, 復一年租調, 曲赦, 除二罪, 皆原之.

十七年, 秋七月, 置比列忽州, 以沙湌成宗爲軍主.

十八年, 以國原爲小京. 廢沙伐州, 置甘文州, 以沙湌起宗爲軍主. 廢新州, 置北漢山州.

二十三年, 秋七月, 百濟侵掠邊戶, 王出師拒之, 殺獲一千餘人. 九月, 加耶叛, 王命異斯夫討之, 斯多含副之. 斯多含領五千騎先馳, 入栴檀門, 立白旗, 城中恐懼, 不知所爲. 異斯夫引兵臨之, 一時盡降.

『三國史記』卷4, 「新羅本紀」4 眞興王 9⋅11⋅12⋅14⋅15⋅16⋅17⋅18⋅23年

이 사료는 진흥왕

이 영토를 확장해 가는 모습을 담고 있다. 진흥왕(眞興王, 재위 540~576)

은 신라의 영토를 비약적으로 확장한 왕으로 잘 알려져 있는데, 『삼국사기(三國史記)

』권4의 진흥왕

조는 진흥왕

의 영토 확장 기사로 이루어져 있다고 해도 과언이 아니다. 이 사료에도 나타나 있듯이 진흥왕

은 548년(진흥왕

9년)부터 거의 매년 백제나 고구려와 전투를 벌이는 한편 가야를 정벌하였다.

진흥왕

의 영토 확장은 크게 세 방면으로 나누어 진행되었던 것 같다. 우선 진흥왕

은 548년부터 한강 유역을 차지하기 위해 끊임없이 노력하였다. 처음에는 백제와 연합하여 고구려에 대응하면서 죽령(竹嶺) 이북 일대를 장악하였다. 특히 551년(진흥왕

12년) 거칠부(居柒夫)

등이 고구려를 공격해 10개의 군을 빼앗았는데, 이러한 사실은 「단양 신라 적성비(丹陽新羅赤城碑, 국보)」에도 잘 나타나 있다. 그런데 신라는 그 2년 뒤인 553년 백제의 동북 지방을 공격하여 신주(新州)를 설치하였다. 신라의 배신에 대응하여 553년(고려 진흥왕

14년, 백제 성왕 31년) 백제 성왕이 친히 관산성(管山城)을 공격하였지만, 오히려 성왕이 이 전투에서 전사하고 백제가 크게 패하면서 한강 유역은 완전히 신라의 차지가 되었다. 신라의 한강 유역 차지는 단순한 영토 확장을 넘어 중국과 직접 교역할 수 있는 통로를 마련하였다는 점에서 의미가 크다.

다음으로 진흥왕

은 한반도 동북방 지역으로 진출하는 데도 힘을 쏟아 556년(진흥왕

17년) 비열홀주(比列忽州)를 설치하였다. 비열홀주는 지금의 함경남도 안변 일대로 추정되므로 당시 신라가 함경남도까지 진출했음을 알 수 있다. 이를 뒷받침하는 것이 바로 「황초령 신라 진흥왕 순수비(黃草嶺新羅眞興王巡狩碑)

」와 「마운령 진흥왕 순수비(摩雲嶺眞興王巡狩碑)

」이다. 황초령은 함경남도 함주군 일대고, 마운령은 함경남도 이원군 일대다. 비문에 따르면 함주군과 이원군 일대까지 영토를 확장한 진흥왕

은 친히 신하를 거느리고 방문해 이를 확인하고 백성을 교화(敎化)하였다고 한다.

마지막으로 진흥왕

은 낙동강 방면으로도 영토를 확장하였다. 562년(진흥왕

23년) 가야가 반란을 일으키자 이사부(異斯夫)

와 사다함(斯多含)을 보내 이들을 항복시켰다. 이 기사에 등장하는 가야는 대가야(大加耶)를 가리킨다고 이해되는데, 이전부터 신라에 거의 복속되다시피 한 대가야를 공격해 완전히 멸망시킨 것이다. 이후 진흥왕

은 고령 일대를 교두보로 삼아 지금의 서부 경남 일대를 완전히 장악하였던 것으로 추정되며, 이러한 사정은 진흥왕

이 세운 「창녕 신라 진흥왕 척경비(昌寧新羅眞興王拓境碑, 국보)

」에 고스란히 남아 있다.

이 글의 내용은 집필자의 개인적 견해이며, 국사편찬위원회의 공식적 견해와 다를 수 있습니다.

참고문헌

논문

「신라시대 순수의 성격」,『민족문화연구』4,김영하,고려대학교 민족문화연구소,1979.
「순행을 통해본 삼국시대의 왕」,『한국학보』5,신형식,일지사,1981.
「고구려⋅신라의 한강유역진출 문제」,『사학지』8,이호영,단국대학교 사학회,1984.

저서

『고신라 금석문의 연구』, 김창호, 서경문화사, 2007.
『신라진흥왕순수비연구』, 노용필, 일조각, 1996.
『한국고대사연구』, 이병도, 박영사, 1976.
『신라의 역사』1⋅2, 이종욱, 김영사, 2002.
『금석문과 신라사』, 주보돈, 지식산업사, 2002.

편저

「순수비에 담긴 진흥왕의 꿈과 야망」, 강봉룡, 한국역사연구회 고대사분과 편, 푸른역사, 2003.

관련사이트

[http://db.history.go.kr/id/sg_004r_0040_0100] 국사편찬위원회 한국사데이터베이스",,,,https://contents.history.go.kr/front/hm/view.do?levelId=hm_011_0070,사료로 본 한국사\items\hm_age_20_삼국 시대\hm_ty_010_정치\hm_011_0070_진흥왕의 영토 확장.md
66,hm_age_20,삼국 시대,hm_ty_010,정치,hm_011_0080,신라 지방통치체제의 성립과 운영,삼국 시대 > 정치 > 신라의 체제 정비와 영토 확장 > 신라 지방통치체제의 성립과 운영,"외관(外官).

도독(都督). 9명이다. 지증왕(智證王) 6년(505)에 이사부

(異斯夫)를 실직주(悉直州) 군주(軍主)로 삼았다. 문무왕(文武王) 원년(661)에 총관(摠官)으로 바꾸었다가 원성왕(元聖王) 원년(785)에 도독으로 칭하였다. 관등이 급찬(級飡)에서 이찬(伊飡)까지인 자를 임명하였다.

사신(仕臣)
【혹은 사대등(仕大等)이라고도 하였다.】
5명이다. 진흥왕(眞興王) 25년(564)에 처음 두었다. 관등이 급찬에서 파진찬(波珍飡)까지인 자를 임명하였다.

주조(州助)
【혹은 주보(州輔)라고도 하였다.】
9명이다. 관등이 나마(奈麻)에서 중아찬(重阿飡)까지인 자를 임명하였다.

군태수(郡太守). 115명이다. 관등이 사지(舍知)에서 중아찬까지인 자를 임명하였다.

장사(長史)
【혹은 사마(司馬)라고도 하였다.】
9명이다. 관등이 사지에서 대나마(大奈麻)까지인 자를 임명하였다.

사대사(仕大舍)
【혹은 소윤(少尹)이라고도 하였다.】
5명이다. 관등이 사지에서 대나마까지인 자를 임명하였다.

외사정(外司正). 133명이다. 문무왕 13년(673)에 두었고, 관등은 자세히 알 수 없다.

소수(少守)
【혹은 제수(制守)라고도 하였다.】
85명이다. 관등이 당(幢)에서 대나마까지인 자를 임명하였다.

현령(縣令). 201명이다. 관등이 선저지(先沮知)에서 사찬(沙飡)까지인 자를 임명하였다.

『삼국사기 』권40, 잡지9, 직관 하

6년(505) 봄 2월에 왕이 친히 나라 안의 주(州)·군(郡)·현(縣)을 정하였다.

『삼국사기』 권4, 신라본기4, 지증마립간 6년(505)

실직주(悉直州)를 설치하고, 이사부

(異斯夫)를 군주(軍主)로 삼았다. 군주라는 명칭은 이로부터 시작되었다.

『삼국사기』 권4, 신라본기4, 지증마립간 6년(505)

9월에 완산주(完山州)를 폐하고, 대야주(大耶州)를 설치하였다.

『삼국사기』 권4, 신라본기4, 진흥왕 26년(565)

겨울 10월에 북한산주(北漢山州)를 폐하고 남천주(南川州)를 설치하였다. 또한 비열홀주(比列忽州)를 폐하고 달홀주(達忽州)를 설치하였다.

『삼국사기』 권4, 신라본기4, 진흥왕 29년(568)","都督九人. 智證王六年, 以異斯夫爲悉直州軍主. 文武王元年, 攺爲揔管, 元聖王元年, 稱都督. 位自級湌至伊湌爲之.

仕臣
【或云仕大等】
五人. 眞興王二十五年始置. 位自級湌至波珍湌爲之.

州助
【或云州輔】
九人. 位自奈麻至重阿湌爲之.

郡大守百十五人. 位自舎知至重阿湌爲之.

長史
【或云司馬】
九人. 位自舎知至大奈麻爲之.

仕大舎
【或云少尹】
五人. 位自舎知至大奈麻爲之.

外司正百三十三人. 文武王十三年置. 位未詳.

少守
【或云制守】
八十五人. 位自幢至大奈麻爲之.

縣令二百一人. 位自先沮知至沙湌爲之.

『三國史記』 卷40, 雜志9, 職官 下

六年, 春二月, 王親定國內州郡縣.

『三國史記』 卷4, 新羅本紀4, 智證麻立干 6年(505)

置悉直州, 以異斯夫爲軍主. 軍主之名始於此.

『三國史記』 卷4, 新羅本紀4, 智證麻立干 6年(505)

九月, 廢完山州, 置大耶州.

『三國史記』 卷4, 新羅本紀4, 眞興王 26年(565)

冬十月, 廢北漢山州, 置南川州. 又廢比列忽州, 置達忽州.

『三國史記』 卷4, 新羅本紀4, 眞興王 29年(568)","이 사료는 신라가 지방통치체제를 구축하기 시작한 배경과 그를 정비 과정을 보여준다. 지증왕(智證王, 재위 500~514) 대는 국가적 체제 정비가 본격화된 시기로, 이를 기반으로 법흥왕(法興王, 재위 514~540)대에는 병부 설치(516), 율령 반포 및 공복 제정(520), 불교 공인(528), 독자적 연호 사용(534) 등이 이루어졌다. 진흥왕

(眞興王, 재위 540~576)대에는 한강 유역 확보와 대가야 병합(562)으로 국가적 외연이 확대되면서 지방통치체제 역시 완비되었다.

505년(지증왕 6)에 지증왕은 주(州)·군(郡)·현(縣)을 정하였다고 한다. 같은 해, 실직주(悉直州)를 설치하고 이사부

(異斯夫)를 군주(軍主)로 삼아 실직주에 파견하였다. 그러나 문면 그대로 이때 주군현제가 완비되었다고 보는 입장은 거의 없다. 524년 「울진 봉평리 신라비(蔚珍 鳳坪里 新羅碑)」에는 주와 군에 대한 언급이 전혀 없기 때문이다. 군은 551년 「경주 명활산비(慶州 明活城碑)」에 처음 등장하며, 현은 7세기에 들어서야 확인된다. 이러한 까닭에 530년 무렵이 되어서야 주와 군제가 신설·정비되었다고 보기도 한다.

이와 관련하여 기존 연구를 살펴보면, 크게 세 가지 견해로 나뉜다. 첫째, 지증왕대에는 실직주 설치와 군주 파견만 있었을 뿐 군·현은 이후에 정비되었다는 견해, 둘째, 이미 신라 고유의 지방제가 존재했으며 지증왕대 조치는 중국식 명칭을 수용한 것에 불과하다는 견해, 셋째, 주제와 군제는 시행되었으나 현은 결여되어 있었으므로 ‘주군제’라 할 수 있다는 견해이다.

다만 적어도 지증왕 6년에는 지방에 대한 체계적인 통치를 실시하는 토대가 마련되고 있었음은 분명하다. 중고기 신라 지방통치는 (성)촌을 기본 단위로 하여 점차 주군제가 정비되었으며, 본격적인 주군현제는 7세기 이후에야 확립되었다.

당시에는 주와 군이 제한적으로 운영되었으며 군사적 성격의 기구였던 것으로 판단된다. 실직주의 성격 역시 후대의 광역적 주와는 달리, 군단의 주둔지인 정(停)의 성격을 가졌던 것으로 보인다. 또한 군주의 직임은 시기에 따라 군사적 지휘관에서 행정 총괄자로 확대되었고, 주의 장관 명칭도 군주에서 총관, 총관에서 도독으로 변하였다.

『삼국사기

』에는 주(州) 설치와 폐지 기록이 보인다. 진흥왕

대 완산주의 폐지와 대야주(大耶州)의 설치, 그리고 북한산주(北漢山州)·비열홀주(比列忽州)의 폐지와 남천주(南川州)·달홀주(達忽州) 등의 설치 기사가 그것이다. 이러한 내용은 실제로는 정군단(停軍團)의 주둔지를 이동한 것이 반영되었다고 이해된다. 완산주의 경우, 비사벌 지역에서 정군단을 대야 지역으로 옮긴 사실을 반영한 기록으로 해석되며, 남천주와 북한산주의 설치·폐지도 신주(新州)의 주치와 정군단을 한 지역에서 다른 지역으로 이치시킨 사실을 보여준다. 이러한 과정은 신라가 확보한 영토를 안정적으로 관리하기 위해 후방 군사력을 공고히 다지고자 했음을 시사한다. 즉 진흥왕

대에 이미 주 설치와 정군단 조정이 지방통치 운영의 핵심 수단으로 활용되었다고 여겨진다.

따라서 지증왕대의 정비는 신라 지방제의 효시로서 중앙의 지방관 파견을 통한 직접 지배의 개시라는 점에 의의가 있으며, 진흥왕

대의 정군단 이동과 주 설치는 이를 확장·운영한 사례로 이해할 수 있다. 이후 6세기 중반 성·촌의 확대와 군제 정비가 이루어져갔으며, 통일 전쟁 이후에는 획득한 영토와 민을 보다 효율적으로 지배하기 위해 주군현제를 확대함으로써 점차 중앙집권적 통치체제를 완성해 나갔다.

이 글의 내용은 집필자의 개인적 견해이며, 국사편찬위원회의 공식적 견해와 다를 수 있습니다.

참고문헌

논문

강봉룡, 「6~7세기 신라의 병제와 지방통치조직의 재편」, 『역사와 현실』 4, 1990.
강봉룡, 「신라 중고기의 주군제와 지방관」, 『경주사학』 16, 1997.
김창석, 「신라 현제(縣制)의 성립과 기능」, 『한국고대사연구』 48, 2007.
전덕재, 「신라 중고기 주의 성격변화와 군주」, 『역사와 현실』 40, 2001.
전덕재, 「이사부의 가계와 정치적 위상」, 『사학연구』 115, 2014.

저서

주보돈, 『신라 지방통치체제의 정비과정과 촌락』, 신서원, 1998.
전덕재, 『신라지방통치제도사』, 학연문화사, 2023.

편저

문창로, 「신라 중고기의 지방통치조직」, 『한국 고대사 연구의 새 동향』, 서경문화사, 2007.

관련사이트

[https://db.history.go.kr/id/sg_040r_0030_0010] 『삼국사기』 권40, 잡지9, 직관 하, 국사편찬위원회 한국사데이터베이스

[https://db.history.go.kr/id/sg_004r_0020_0090] 『삼국사기』 권4, 신라본기4, 지증마립간 6년, 국사편찬위원회 한국사데이터베이스

[https://db.history.go.kr/id/sg_004r_0020_0100] 『삼국사기』 권4, 신라본기4, 진흥왕 26년, 국사편찬위원회 한국사데이터베이스

[https://db.history.go.kr/id/sg_004r_0040_0360] 『삼국사기』 권4, 신라본기4, 진흥왕 29년, 국사편찬위원회 한국사데이터베이스",,https://contents.history.go.kr/front/hm/view.do?levelId=hm_011_0080,사료로 본 한국사\items\hm_age_20_삼국 시대\hm_ty_010_정치\hm_011_0080_신라 지방통치체제의 성립과 운영.md
67,hm_age_20,삼국 시대,hm_ty_010,정치,hm_011_0090,신라 성골과 진골,삼국 시대 > 정치 > 신라의 체제 정비와 영토 확장 > 신라 성골과 진골,"국인(國人)이 시조(始祖) 혁거세(赫居世)부터 진덕왕(眞德王)까지 28왕을 이르기를 성골(聖骨)이라 하고 무열왕(武烈王)부터 마지막 왕에 이르기까지를 일컬어 진골(眞骨)이라 한다. 당나라 사람 영호징이 지은 『신라기(新羅記)』에는 “그 나라의 왕족은 제1골(骨)이라 하고, 나머지 귀족은 제2골(骨)이다.”라고 전한다.

『삼국사기』 권5, 신라본기5, 진덕왕 8년

대관대감(大官大監)은 진흥왕 10년에 두었는데 ...(중략)... 진골은 사지(舍知)부터 아찬(阿飡)까지 임명되며, 차품(此品)은 나마(奈麻)에서 사중아찬(四重阿飡)까지 임명된다.

『삼국사기』 권40, 잡지9, 무관

진덕왕 4년 여름 4월 왕이 교를 내리기를, 진골로서 직위를 가진 사람은 아홀(牙笏)을 들고 있도록 했다.

『삼국사기』 권5, 신라본기5, 진덕왕 4년","國人謂始祖赫居世至眞德二十八王, 謂之聖骨, 自武烈至永王, 謂之眞骨. 唐 令狐澄 新羅記曰, “其國王族, 謂之第一骨, 餘貴族第二骨.

『三國史記』 卷5, 新羅本紀5, 眞德王 8年

大官大監, 眞與王十年置 (중략) 眞骨位自舎知至阿湌爲之, 次品自奈麻至四重阿湌爲之.

『三國史記』 卷40, 雜志9, 武官

四年, 夏四月, 下敎, 以眞骨在位者, 執牙笏.

『三國史記』 卷5, 新羅本紀5, 眞德王 4年","골품제의 성립과 완비 시점에 대해서는 논란이 있었지만 755년 작성된 신라백지묵서 대방광불화엄경주본(新羅白紙墨書 大方廣佛華嚴經 周本)의 발문이 발견되고 그 내용에서 ‘육두품’의 존재가 확인되면서 8세기 중반 신라에 육두품이 존재했음이 확실해졌다. 골품제라는 신라 신분제도에서 성골과 진골은 전통적인 주축이었다. 성골과 진골의 존재를 명확히 하는 사료는 다음과 같다. 『삼국사기

』 진덕왕 8년조에서 신라 56대 왕들 중 절반인 28명은 성골, 나머지 28명은 진골로 기록하고 있는 것과 더불어 『삼국유사』에서 법흥왕부터 진덕왕까지 중고(中古)라고 구분하고, 23대인 법흥왕부터 성골(6명이 성골), 하대 28명이 진골이라는 기록이다. 또한 『삼국유사』권 1 왕력편에서 선덕여왕에 성골 남자가 다한 까닭에 여자가 왕이 되었다고 기록하고 있다.

성골은 신라 신분제에서 가장 최상위 계층으로 왕족을 지칭한다. 다만 왕족 가운데서도 진골로 분류된 사례가 확인되는데, 나물이사금의 7세손인 사다함과 진지왕의 손자인 김춘추가 대표적이다. 또한 진덕왕 이후 왕이 진골인 것으로 보아 왕보다 높은 성골은 있다고 보기 어렵다. 그럼에도 9세기 후반에 만들어진 비석인 「보령 성주사지 낭혜화상탑비(保寧 聖住寺址 郞慧和尙塔碑)」에서는 성골의 존재가 확인된다. 이에 주로 초창기 일본 학자들은 성골의 존재를 부정적으로 보고, 성골과 진골이 같다고 이해했다. 이 외에도 성골은 관념적인 것이라는 견해도 있었지만, 이후 연구자들은 성골이 혼인과 밀접한 관련이 있으며, 부계와 모계 모두 왕족일 경우가 성골에 해당한다고 이해했다. 구체적인 성골의 성립과 소멸시기, 이에 따른 진골의 위상변화 등은 여전히 논의가 분분하다.

성골의 성립 시기는 대체로 법흥왕대 불교 공인과 관련하여 파악하면서 불교와 관련 있을 것이라는 점에는 동의하는 추세이다. 구체적으로는 법흥왕대, 진흥왕대, 진평왕대로 나뉘고 있다. 다음으로 진골의 경우는 중고기 이후 사료에서 명확히 등장하지만 그 이전에도 존재했을지는 불분명하다. 이에 최근 연구에서는 진골이 중고기 이전부터 존재하였는가 하는 문제가 제기된 상황이다. 다만 진덕왕 이후 왕통이 진골로 바뀌었다는 것은 명확하다고 할 수 있다.

『삼국사기

』 진덕왕 8년 기사 말미에 당나라 사람인 영호징이 『신라기』찬술한 것으로 나오지만, 영호징은 『신라국기』의 내용 일부를 다른 책에 인용한 것으로, 실제 『신라기』는 『신라국기(新羅國記)』와 동일한 책으로 보인다. 또한 『신라국기』의 찬자는 고음(顧愔)으로, 8세기 신라를 방문하고 다시 당나라로 돌아가 저술한 것이다. 다만 실물은 현재 전하지 않는다.

『신당서』 신라전에는 신라가 왕의 친속을 상위직에 임명하며, 그 족을 제1골, 제2골의 이름을 붙여 구별하는데 왕족이 1골이며 1골은 2골과 결혼하지 않는다고 기록되어 있다. 이때 1골은 성골, 2골은 진골을 뜻하는 것으로 보인다. 다만 이전 연구에서는 1골을 진골로 파악하기도 했다. 진골이 실제 왕족이며 정치적인 신라 실권을 장악한 최고 신분이 되기 때문이다. 『신당서』에서 관리(官吏)는 모두 17등급이 있는데 제2골이 관직을 맡는다고 기록되어 있다. 이후 조선시기 역사서인 『동사강목(東史綱目)』에서는 왕통의 계승자를 일컬어 성골로, 그 외의 왕족을 진골(=1골), 나머지 귀족을 2골로 이해했다. 따라서 성골과 진골의 구분은 명확한 듯 하지만 연구에 따라 성립 시기, 양자의 우위 관계 등을 다르게 이해하고 있다.

진골과 성골을 나누는 신라의 신분제는 단순히 관직의 임명뿐 아니라 의복의 색, 집의 크기, 그릇의 사용까지도 위계에 따라 제한했다. 관료의 경우 등급에 따라 입을 수 있는 복식의 색도 달랐으며, 이러한 차이로 위계가 구분되었다. 사료에서 보이는 ‘홀(笏)’이라고 하는 것은 관료들이 손에 드는 것으로 윗부분이 둥글고 아래는 직사각형 모양인 좁고 긴 판이다. 제작 재료에 따라 아홀(牙笏)은 상아로 만든 홀을 뜻한다. 이러한 홀을 든 관료의 복식 양상은 중국 당나라의 제도와 유사한 것으로, 신라는 당나라 제도의 영향을 받아 위계와 권위를 시각화하였다.

이 글의 내용은 집필자의 개인적 견해이며, 국사편찬위원회의 공식적 견해와 다를 수 있습니다.

참고문헌

논문

今西龍, 「新羅 骨品考」, 『史林』 7, 1921.
金基興, 「新羅의 聖骨」, 『歷史學報』 164, 1999.
金哲俊, 「新羅 上代社會의 Dual Organization」, 『歷史學報』 1·2, 1952.
李基東, 「新羅 骨品制 硏究의 現況과 그 課題」, 『歷史學報』 74, 1977.
李基白, 「新羅 六頭品 硏究」, 『省谷論叢』 2, 1971.
李鍾旭, 「新羅中古時代의 骨品制」, 『歷史學報』 99·100, 1983.
木村誠, 「6世紀新羅における骨品制の成立」, 『歷史學硏究』 428, 1976.
武田幸男, 「新羅骨品制の再檢討」, 『東洋文化硏究所紀要』 67, 1975.
文暻鉉, 「新羅王族의 骨制」, 『大丘史學』 11, 1976.
박수진, 「신라 경문왕가(景文王家)와 성골의 재등장」, 『역사와 현실』 111, 2019.
박수진, 「신라 中古期 骨制의 성립과 운영」, 『사림』 39, 2011.
三品彰英, 「骨品制社會」, 『古代史講座』 7, 1963.
徐毅植, 「新羅 上代의 王位繼承과 聖骨」, 『韓國史硏究』 86, 1994.
宣石悅, 「新羅 骨品制의 成立基盤과 그 構造」, 『釜山史學』 11, 1987.
성준선, 「신라 진흥왕 대 성골의 출현과 그 배경」, 『대구사학』, 143, 2021.
小宮秀陵, 「한국 고대국가의 「國記」에 대하여-편찬과 그 배경을 중심으로-」,『동서인문학』 50, 2015.
申東河, 「新羅 骨品制의 形成科程」, 『韓國史論』 5, 1979.
윤선태, 「新羅 骨品制의 構造와 基盤」, 『韓國史論』 30, 1993.
李基東, 「新羅 奈勿王系의 血緣意識」, 『歷史學報』 53·54, 1972.

이동윤, 「신라 骨制의 변화와 ‘聖而眞骨’」, 『역사와 경계』 112, 2019.
이재환, 「新羅 眞骨 硏究」, 서울대학교 박사학위논문, 2015.
전덕재, 「7세기 중반 관직에 대한 관등규정의 정비와 골품제의 확립」, 『한국고대의 신분제와 관등제』, 2000.
田美姬, 「新羅의 聖骨과 眞骨 -그 實體와 王統의 骨轉換의 의미-」, 『韓國史硏究』 102, 1998.
朱甫暾, 「新羅骨品制社會とその變化」, 『朝鮮學報』 196, 2005.
池內宏, 「新羅の骨品制と王統」, 『東洋學報』 28, 1941.
하일식, 「신라의 得難 신분과 阿飡 重位制」, 『한국고대사연구』 82, 2016.

저서

李基白, 『新羅政治社會史硏究』, 一潮閣, 1974.
李鍾旭, 『新羅骨品制硏究』, 一潮閣, 1999.
李鍾旭, 『新羅骨品制硏究』, 一潮閣, 1999.
末松保和, 『新羅史の諸問題』, 東洋文庫, 1954.
徐毅植, 『新羅의 政治構造와 身分編制』, 혜안, 2010.
李基東, 『新羅骨品制社會와 花郞徒』, 一潮閣, 1984.
井上秀雄, 『新羅史基礎硏究』, 東出版株式會社, 1974.

관련사이트

[http://db.history.go.kr/id/sg_005r_0030_0280] 『삼국사기』 권5, 신라본기5, 진덕왕 8년, 국사편찬위원회 한국사데이터베이스

[http://db.history.go.kr/id/sg_040r_0020_0080] 『삼국사기』 권40, 잡지9, 무관, 국사편찬위원회 한국사데이터베이스

[http://db.history.go.kr/id/sg_005r_0030_0160] 『삼국사기』 권5, 신라본기5, 진덕왕 4년, 국사편찬위원회 한국사데이터베이스",,https://contents.history.go.kr/front/hm/view.do?levelId=hm_011_0090,사료로 본 한국사\items\hm_age_20_삼국 시대\hm_ty_010_정치\hm_011_0090_신라 성골과 진골.md
68,hm_age_20,삼국 시대,hm_ty_010,정치,hm_012_0010,고구려의 제가 회의,삼국 시대 > 정치 > 삼국의 귀족회의 > 고구려의 제가 회의,"뇌옥(牢獄)이 없고, 죄를 지은 자가 있으면 제가(諸加)가 평의(評議)하여 곧바로 그를 죽이고 죄인의 처자(妻子)는 몰입(沒入)하여 노비(奴婢)로 삼는다.

『삼국지』권30, 「위서」30 오환선비동이전

無牢獄, 有罪諸加評議, 便殺之, 沒入妻子爲奴婢.

『三國志』卷30, 「魏書」30 烏丸鮮卑東夷傳

이 사료는 3세기 중반 고구려의 재판에 관한 내용을 담고 있다. 사료에 따르면 고구려에서는 죄인이 있을 때 제가(諸加)가 평의(評議)를 통해 처벌하였다고 한다. 일반적으로 고대 국가에서 죄의 여부를 판결하는 사법은 정치⋅행정과 엄밀히 구분되지는 않았다. 때문에 고구려 초기의 정치도 제가의 평의, 즉 제가 회의

를 통해 이루어졌다고 할 수 있다. 다만 고구려 국가 형성 단계의 제가와 3세기 중반의 제가가 동일했을지는 의문이다. 이 점은 5부[那部]

의 성격 및 변화와 밀접한 관련이 있다.

이와 관련해 ‘뇌옥이 없었다.’라고 한 사실에 주목할 필요가 있다. 뇌옥은 강제 구금 시설을 의미한다. 하지만 고대의 뇌옥은 근대의 감옥과 동일하지 않았다. 근대의 감옥은 형벌의 일종으로 일정 기간 구금함으로써 죄를 벌하는 시설이지만, 고대와 중세의 뇌옥은 형벌을 받기 전까지 구금해 두는 곳으로 지금의 구치소 같은 시설이었다. 이 점에서 고구려에 뇌옥이 없었다는 사실은 바로 뒤의 문장에 제가가 죄인을 곧바로 처결했다고 한 것과 연결해 생각할 수 있다. 제가 회의

를 통한 재판이 즉각적으로 열렸기 때문에 뇌옥이 필요하지 않았던 것이다.

그렇다면 3세기 중반 제가 회의

는 언제든 쉽게 열리는 상설 기구의 성격을 갖고 있었다고 이해된다. 그렇다면 당시 제가란 나부의 지배층이라기보다는 왕경(王京) 혹은 왕기(王畿)의 지배층이었을 가능성이 높다. 그리고 2세기 후반~3세기 초반의 고국천왕(故國川王, 재위 179~197) 대부터 방위 명부가 만들어진 사실을 이와 연관해 볼 수 있다. 즉 나부의 지배층 제가가 왕경 혹은 왕도의 방위 명부로 이주해 오며 중앙 귀족으로 변모해 간 것으로 이해된다. 이 점에서 제가 회의

는 중앙의 귀족을 중심으로 한 귀족 회의였다고 파악되며, 신라의 화백 회의

나 백제의 정사암 회의

에 비견할 수 있다.

이 글의 내용은 집필자의 개인적 견해이며, 국사편찬위원회의 공식적 견해와 다를 수 있습니다.

참고문헌

저서

『고구려의 영역지배방식 연구』, 김현숙, 모시는 사람들, 2005.
『고구려사 연구』, 노태돈, 사계절, 1999.
『1∼4세기 고구려 정치체제 연구』, 여호규, 서울대학교 박사학위논문, 1997.
『고구려 정치사 연구』, 임기환, 한나래, 2004.

관련사이트

[http://db.history.go.kr/id/jo_004r_0010_0030_0050] 국사편찬위원회 한국사데이터베이스",,,,https://contents.history.go.kr/front/hm/view.do?levelId=hm_012_0010,사료로 본 한국사\items\hm_age_20_삼국 시대\hm_ty_010_정치\hm_012_0010_고구려의 제가 회의.md
69,hm_age_20,삼국 시대,hm_ty_010,정치,hm_012_0020,고구려의 대대로 선출,삼국 시대 > 정치 > 삼국의 귀족회의 > 고구려의 대대로 선출,"그 대대로(大對盧)

는 힘으로써 서로 싸우고 빼앗아 스스로 차지하니, 국왕의 임명을 받지 않는다.

『주서』권49, 「이역열전」41 고려

그 나라의 관직으로 높은 자를 대대로(大對盧)

라고 부르는데, 이는 [당(唐)나라의] 1품(品)에 비견된다. [대대로

는] 국사(國事)를 총괄하며 3년에 한 번씩 바꾸는데, 만약 직을 잘 수행하는 자는 연한에 구애받지 않는다. [대대로

를] 교체하는 날, 만약 서로 승복하지 않으면 모두 군대를 이끌고 서로 공격하여 이기는 자가 그 자리를 차지한다. 그 나라의 국왕은 단지 궁문을 닫고 스스로 지킬 뿐 [서로 공격하는 것을] 제어할 수 없다.

『구당서』권199상, 「열전」149상 동이열전 고려

其大對盧, 則以彊弱相陵, 奪而自爲之, 不由王之署置也.

『周書』卷49, 「異域列傳」41 高麗

其官大者號大對盧, 比一品. 總知國事, 三年一代, 若稱職者, 不拘年限. 交替之日, 或不相祗服, 皆勒兵相攻, 勝者爲之. 其王但閉宮自守, 不能制禦.

『舊唐書』卷199上, 「列傳」149上 東夷列傳 高麗

이 사료는 『주서(周書)』와 『구당서(舊唐書)』 고려전(高麗傳)의 일부로, 6~7세기 고구려의 최고 관직이었던 대대로(大對盧)

에 대한 내용을 전하고 있다.

먼저 『주서』에 따르면 고구려의 대대로

는 힘으로써 서로 싸우고 빼앗아 스스로 차지하였고, 국왕이 임명하지 못하였다고 한다. 『구당서』의 내용은 조금 차이가 있는데, 대대로

는 3년마다 한 번씩 교체하는 것이 원칙이었고, 만약 서로 승복하지 않으면 무력을 동원해 이기는 자가 그 자리를 차지했다고 한다. 이처럼 6~7세기 고구려의 최고 관직이었던 대대로

가 국왕이 임명할 수 있는 자리가 아니었다는 사실은 당시 왕권과 귀족 세력과의 관계를 잘 보여 준다.

일찍이 고구려는 3세기 후반 이후 중앙 집권적 국가 체제를 정비하였는데, 그 과정에서 종래 나부(那部)의 지배층이었던 제가(諸加)는 중앙 귀족으로 변모하였다. 그 결과 고구려의 지배층은 국왕 아래의 신료 집단으로 일정한 관등과 관직을 지니고 이를 기반으로 특권을 향유하게 되었다.

이후 4~5세기 고구려의 중앙 정치는 국왕을 중심으로 안정적으로 운영되었다. 그러나 안장왕(安藏王, 재위 519~531) 대에 들어서 장기간의 정치적 안정이 흔들리게 시작했고, 6세기 중반 안원왕(安原王, 재위 531~545)이 세상을 떠난 후 왕위 계승이 정상적으로 이루어지지 않으면서 고구려의 왕권은 약화되었다. 이러한 사정을 잘 보여 주는 것이 『일본서기(日本書紀)』 흠명기(欽明紀)에 나오는 안원왕의 시해와 추군(麤群)과 세군(細群)의 분쟁 기록이다. 이 기록에 의하면 안원왕의 후사 문제를 둘러싸고 고구려 귀족들이 추군과 세군으로 나뉘어 싸우면서 대규모 유혈 분쟁이 발생했다고 한다. 귀족들이 왕위 계승에 개입하게 되면서 왕권은 크게 약화되었고, 대신 귀족 세력이 정치 운영의 중심으로 떠올랐다. 그래서 귀족 세력을 대표하는 최고 관직인 대대로

를 두고 위의 사료처럼 여러 귀족 세력이 다투게 되었던 것이다.

하지만 6~7세기 고구려의 대대로

선출이 이 사료처럼 항상 분쟁의 연속이었던 것은 아니다. 『한원(翰苑)』에 인용된 『고려기(高麗記)』를 보면, 7세기 중반 고구려의 국정(國政)은 상위 다섯 관등 소지자가 논의⋅결정하였다고 한다. 이때 상위 다섯 관등 소지자는 당시 고구려의 핵심 귀족 세력으로, 이들이 국정을 논의한 자리는 일종의 귀족 회의라 할 수 있다. 아마도 이러한 귀족 회의를 통해 여러 귀족 세력들은 각자의 이해 관계를 조정하여 세력 간의 균형을 유지했을 것이다.

이 글의 내용은 집필자의 개인적 견해이며, 국사편찬위원회의 공식적 견해와 다를 수 있습니다.

참고문헌

저서

『고구려사 연구』, 노태돈, 사계절, 1999.
『고구려 정치사 연구』, 임기환, 한나래, 2004.

편저

「중앙통치조직」, 임기환, 국사편찬위원회, 1997.

관련사이트

[http://db.history.go.kr/id/jo_010r_0010_0010_0030] 국사편찬위원회 한국사데이터베이스 : 『주서』권49, 「이역열전」41 고려

[http://db.history.go.kr/id/jo_014r_0010_0010_0020] 국사편찬위원회 한국사데이터베이스 : 『구당서』권199상, 「열전」149상 동이열전 고려

[https://www.history.go.kr/contents/contentsPage.do?groupId=000000000571&menuId=000000000574&pageId=000000000213]
저작권 정책

[https://www.history.go.kr/contents/contentsPage.do?groupId=000000000931&menuId=000000000992&pageId=000000000541]
데이터 개방

[https://www.history.go.kr/contents/contentsPage.do?groupId=000000000571&menuId=000000000572&pageId=000000000211]
개인정보처리방침

13809 경기도 과천시 교육원로 86 국사편찬위원회

COPYRIGHT © NATIONAL INSTITUTE OF KOREAN HISTORY ALL RIGHT RESERVED.",,,,https://contents.history.go.kr/front/hm/view.do?levelId=hm_012_0020,사료로 본 한국사\items\hm_age_20_삼국 시대\hm_ty_010_정치\hm_012_0020_고구려의 대대로 선출.md
70,hm_age_20,삼국 시대,hm_ty_010,정치,hm_012_0030,백제의 관직 선출과 정사암,삼국 시대 > 정치 > 삼국의 귀족회의 > 백제의 관직 선출과 정사암,"또한 호암사(虎嵓寺)에는 정사암(政事嵓)

이 있다. 국가에서 장차 재상(宰相)을 의논할 때 뽑을 만한 사람 서너 명의 이름을 써서 상자에 넣고 봉하여 바위 위에 두었다가 얼마 후에 열어 보아 이름 위에 도장이 찍힌 자국이 있는 사람을 재상으로 삼았기 때문에 그렇게 불렀다.

『삼국유사

』권2, 「기이」2 남부여⋅전백제⋅북부여

又虎嵓寺有政事嵓. 國家將議宰相, 則書當選者名或三四, 凾封置嵓上湏, 臾取看名上有印跡者, 爲相故名之.

『三國遺事』卷2, 「紀異」2 南扶餘⋅前百濟⋅北扶餘

이 사료는 고대 국가 당시 귀족 회의였던 정사암 회의

에 관한 기록이다. 삼국 성립 초기에는 왕이 제도적으로 존재했으나 이들은 대개 주변 소국의 병합 또는 연맹을 통해 형성된 국가의 대표자라는 의미가 컸다. 이로 인해 삼국 초기의 왕권은 연맹 과정에서 지배 계층으로 편입된 귀족 세력과의 관계에 큰 영향을 받았다. 따라서 삼국 초기에는 왕을 중심으로 하는 집권적인 정치 운영보다는 귀족을 중심으로 하는 정치 운영이 이루어졌고, 그러한 형태로 나타난 것이 바로 고구려의 제가 회의

, 신라의 대등 회의(또는 화백 회의

)와 같은 귀족 회의체를 통한 국사 운영이었다. 백제 역시 국가 형성 과정에서 중앙 귀족화된 수장층을 중심으로 한 회의체가 있었으며, 그 회의장소는 ‘남당(南堂)’이라 불렸다.

한편 삼국의 발전과 더불어 귀족 세력이 확대되고 관등이 분화⋅재편되는 과정에서 귀족 회의는 그 구성에 변화를 겪을 수밖에 없었다. 그러나 귀족 회의의 전통은 지속되었으며, 신라의 화백 회의

와 고구려의 오관 회의(五官會議) 등은 최고 귀족 회의체로서 국사를 관장하였던 것으로 보인다. 최고 관등 보유자인 고구려의 국상(國相), 신라의 이벌찬(伊伐湌)이 이러한 귀족 회의체에서 의장을 맡았을 것으로 생각된다.

이와 마찬가지로 백제에서도 귀족 회의가 지속되었던 것으로 보인다. 성왕(聖王, 재위 523~554) 대에 22부사

체제와 관등 체계가 정비되면서 국가 통치는 국왕을 중심으로 한 집권화된 지배 체제 속에서 이루어졌던 것으로 보이나, 그렇다고 국왕의 단독 결정으로 행해질 수 있었던 것은 아니었다. 백제에서는 좌평(佐平)

이 직무를 분담하는 6좌평

체제로 개편되었고, 이들의 합의에 의해 통치가 이루어졌다고 볼 수 있다. 이러한 좌평

을 중심으로 한 귀족 회의에서 재상(宰相) 선출을 비롯한 중요한 국사가 논의되었고, 이를 통해 왕권에 대한 견제도 가능하였던 것으로 보인다. 정사암 회의(政事巖會議)

는 백제에 이러한 귀족 회의체가 있었음을 보여 주는 것이라고 할 수 있다.

한편 이들 귀족 회의에는 회의를 이끌어 갈 의장이 필요했을 것이다. 이와 관련하여 주목되는 것이 정사암 회의

에서 선출된 재상이다. 일반적으로 재상은 최고 관등을 가진 자로서 국사를 총괄하는 이를 지칭한다. 그런 점에서 재상은 귀족 회의 의장직을 겸했을 가능성이 크다. 6좌평

중 명칭이 가장 먼저 보이고 왕명 출납 업무를 담당했던 내신좌평(內臣佐平)

이 재상이었을 것이라고 보기도 한다. 이와 달리 상좌평(上佐平)

의 명칭에 주목해 이를 6좌평

보다 상위에 있는 존재로 보아 재상이라고 추정하기도 한다.

정사암 회의

와 같은 귀족 회의 체제가 집권적 고대 국가가 성립된 이후에도 지속되었다는 것은 고대 국가에서 왕권의 한계성을 보여 주는 것이라고 할 수 있다. 그런 의미로 볼 때 고대 국가의 정치 운영 형태, 혹은 권력 관계에 대한 연구에서 귀족 회의체의 존재는 중요한 의미를 지닌다.

이 글의 내용은 집필자의 개인적 견해이며, 국사편찬위원회의 공식적 견해와 다를 수 있습니다.

참고문헌

논문

「삼국시대의 왕과 권력구조」,『한국사학보』12,김영하,고려사학회,2002.
「백제왕위계승고」,『역사학보』11,이기백,역사학회,1959.
「백제의 좌평」,『진단학보』45,이종욱,진단학회,1978.
「백제 22부사체제의 성립과정과 그 기반」,『한국고대사연구』54,정동준,한국고대사학회,2009.

저서

『백제 사비시대의 정치사 연구』, 김주성, 전남대학교 박사학위논문, 1990.
『백제정치사연구』, 노중국, 일조각, 1988.

관련사이트

[http://db.history.go.kr/id/sy_002r_0010_0200_0050] 국사편찬위원회 한국사데이터베이스",,,,https://contents.history.go.kr/front/hm/view.do?levelId=hm_012_0030,사료로 본 한국사\items\hm_age_20_삼국 시대\hm_ty_010_정치\hm_012_0030_백제의 관직 선출과 정사암.md
71,hm_age_20,삼국 시대,hm_ty_010,정치,hm_012_0040,신라의 화백 회의와 4영지,삼국 시대 > 정치 > 삼국의 귀족회의 > 신라의 화백 회의와 4영지,"왕의 시대에 알천공(閼川公)⋅임종공(林宗公)⋅술종공(述宗公)⋅호림공(虎林公)
【자장(慈藏)의 아버지】
⋅염장공(廉長公)⋅유신공(庾信公)이 있었다. 이들은 남산(南山) 우지암(于知巖)에 모여 나랏일을 논의하였다. 이때 큰 호랑이가 좌중으로 뛰어드니 여러 공들이 놀라 일어섰는데, 알천공은 거의 움직이지 않았고 담소를 나누며 태연하게 호랑이의 꼬리를 붙잡아 땅에 메쳐 죽였다. 알천공의 여력이 이와 같아서 상석에 앉았으나 여러 공들은 유신공의 위엄에 복종하였다.

신라에는 4영지(四靈地)가 있어 장차 나라의 큰일을 논의할 때 대신들이 그곳에 모여 논의하면 그 일이 반드시 이루어졌다. 4영지의 첫째는 동쪽의 청송산(靑松山)이라 하고, 둘째는 남쪽의 우지산(于知山)이라 하며, 셋째는 서쪽의 피전(皮田)이라 하고, 넷째는 북쪽의 금강산(金剛山)이라 하였다. 진덕여왕 때 비로소 설날 아침의 조례[正旦禮]를 행하였고, 처음으로 시랑(侍郞)의 칭호도 쓰기 시작하였다.

『삼국유사

』권1, 「기이」2 진덕왕

王之代有閼川公⋅林宗公⋅述宗公⋅虎林公
【慈藏之父】
⋅廉長公⋅庾信公. 㑹于南山亐知巖, 議國事. 時有大虎, 走入座間, 諸公驚起, 而閼川公略不移動, 談笑自若, 捉虎尾撲於地而殺之. 閼川公膂力如此, 䖏於席首, 然諸公皆服庾信之威.

新羅有四霊地, 將議大事, 則大臣必㑹其地謀之, 則其事必成. 一曰東青松山, 二曰南亐知山, 三曰西皮田, 四曰北金剛山. 是王代, 始行正旦禮, 始行侍郎号.

『三國遺事』卷1, 「紀異」2 眞德王

이 사료는 알천(閼川)을 비롯한 6명의 대신이 남산 우지암(于知巖)에 모여 나랏일을 논의하는 장면을 담고 있다. 특히 신라의 주요 국정을 논의한 화백 회의

가 어디에서 열렸고 또 어떠한 사람들이 회의에 참석하였는지 이 사료에 고스란히 담겨 있어, 화백 회의

를 이해하는 기초 자료로서 이 사료가 갖는 비중은 상당하다고 할 수 있다. 신라에서 국가의 중대사를 결정하기 위해 화백 회의

가 열렸음은 널리 알려진 사실인데, 이 사료에 등장하는 나랏일을 논의하는 자리가 바로 화백 회의

라는 주장이 제기되면서 여러 연구자들이 일찍부터 관심을 가져 왔다.

우선 회의석상에 나타난 호랑이를 알천이 제압한 다음 그가 상석에 앉았다고 한 점이 주목된다. 『삼국사기

』 진덕여왕(眞德女王) 원년(647)조에 따르면 알천은 이해 2월 상대등

에 임명되었는데, 그가 우지암 회의 때 상석에 앉았다는 점을 들어 상대등

이 곧 화백 회의

의장이라는 주장이 제기되었다. 우지암 회의가 열린 시점이 진덕여왕 대라면 그 주장은 설득력이 있지만, 반대로 진덕여왕 대가 아니라면 그 주장은 설득력을 잃는다. 우지암 회의가 열린 시점을 선덕여왕(善德女王, 재위 632~647) 대로 보는 견해도 있지만, 이 사료가 『삼국유사

』 진덕왕조에 수록된 점 등으로 미루어 상당수 연구자들은 진덕여왕 대로 판단하고 있다. 그러므로 알천은 상대등

지위에 있었던 까닭에 우지암 회의의 상석에 앉았던 것으로 볼 수 있다.

또한 상대등

이 주재한 회의에 참석한 이들은 대등(大等)일 가능성이 높다는 점에서, 알천을 제외한 임종(林宗) 등 5명의 인물은 대등으로서 우지암 회의에 참석하였던 것으로 이해된다. 즉 우지암에서 열린 회의를 통해 볼 때 화백 회의

는 여러 대등을 대표하는 상대등

이 주재하고, 대등이 주요 구성원이었던 것이다. 다만 우지암 회의에 국왕이 참석하지 않았는데, 혹 국왕이 회의에 참석하면 국왕이 의장이 되고 상대등

이 부의장이 된다는 견해가 제기되기도 하였지만, 화백 회의

에 국왕이 참석하였는지 여부는 여전히 논란이 분분한 실정이다.

다음으로 알천이 호랑이를 제압하였음에도 여러 참석자들이 김유신(金庾信, 595~673)의 위엄에 복종하였다는 점 역시 흥미로운 부분이다. 이는 우지암 회의 당시 알천이 상대등

지위에 있으면서 상석을 차지하기는 하였지만, 대부분의 회의 참석자들은 실권이 이미 김유신에게 넘어간 것으로 생각하였음을 뜻한다. 특히 김유신이 금관가야 왕의 후손으로 새로이 귀족 세력으로 편입되었음에도 당당히 화백 회의

구성원으로 참석하였다는 점은 화백 회의

에 어떠한 질적 변화가 있었다는 점을 시사한다.

그뿐만 아니라 우지암 회의에 참석한 이들이 고위 관직에 있었으리라는 점은 의심의 여지가 없는데, 그런 이들이 김유신의 위상에 눌릴 정도였다면 당시 김유신의 정치적 지위 역시 상당했을 것이다. 일부 연구자들은 화백 회의

로 여겨지는 우지암 회의에 김유신이 참석하였다는 사실이나 참석자들이 상대등

인 알천보다 김유신의 위엄에 복종하였다는 점 등을 들어 이 회의가 진덕여왕 사후 김춘추(金春秋, 604~661)를 왕으로 추대하기 위한 것이었다고 보기도 한다.

한편 화백 회의

를 비롯해 국가의 중대사를 논의하는 회의는 동⋅서양을 막론하고 산꼭대기나 바위 위, 수풀 속 등 신성한 장소에서 개최하는 경향이 강한데, 백제에서 정사암(政事巖)에 모여 나랏일을 논의하였다는 데서도 그러한 일면을 엿볼 수 있다. 신라에서는 청송산(靑松山)⋅우지산(于知山)⋅피전(皮田)⋅금강산(金剛山) 등 이른바 4영지(四靈地)에서 나라의 큰일을 논의하였다고 한다. 4곳 가운데 3곳이 산이라는 점에서 신라의 4영지도 기본적으로는 신성성을 띠는 장소였던 것으로 보인다.

이 글의 내용은 집필자의 개인적 견해이며, 국사편찬위원회의 공식적 견해와 다를 수 있습니다.

참고문헌

논문

「신라 중고기의 정치과정시론」,『태동고전연구』4,김영하,한림대학교 태동고전연구소,1988.
「신라 화백회의의 인적 구성과 운영」,『신라문화』21,김희만,동국대학교 신라문화연구소,2003.
「신라 화백회의의 기능과 성격」,『수촌박영석교수화갑기념 한국사학논총』(상),박남수,간행위원회 편,1992.
「신라 화백회의 연구현황과 중층적 회의구조」,『신라문화』30,박남수,동국대학교 신라문화연구소,2007.

저서

『신라정치사회사연구』, 이기백, 일조각, 1974.
『신라정치제도사연구』, 이인철, 일지사, 1993.

관련사이트

[http://db.history.go.kr/id/sy_001r_0020_0340_0020] 국사편찬위원회 한국사데이터베이스",,,,https://contents.history.go.kr/front/hm/view.do?levelId=hm_012_0040,사료로 본 한국사\items\hm_age_20_삼국 시대\hm_ty_010_정치\hm_012_0040_신라의 화백 회의와 4영지.md
72,hm_age_20,삼국 시대,hm_ty_010,정치,hm_013_0010,고구려의 천하관,삼국 시대 > 정치 > 삼국의 국제관계 > 고구려의 천하관,"옛날 시조(始祖) 추모왕(鄒牟王)

이 나라를 세우셨다. (추모왕께서는) 북부여(北夫餘)에서 나셨는데 천제(天帝)의 아들이요, 어머니는 하백(河伯)의 따님이셨다. 알을 깨고 세상에 나오시니, 태어나면서부터 성스러운 …이 있으셨다. ……(중략)…… (고구려의 왕위가) 17세손(世孫) 국강상광개토경평안호태왕(國岡上廣開土境平安好太王)

에 이르렀는데, (태왕께서는) 18세에 왕위에 올라 영락대왕(永樂大王)이라고 하였다. (태왕의) 은택(恩澤)이 황천(皇天)까지 미쳤고 무위(武威)는 사해(四海)에 달하였다.

「광개토왕 비문

」

하백의 손자이고 일월(日月)의 아들인 추모성왕(鄒牟聖王)

께서는 원래 북부여에서 태어나셨다. 천하사방(天下四方)이 이 나라가 가장 성스러운 …을 알았다.

「모두루묘지명」

5월 중에 고려대왕(高麗大王) 상왕공(相王公)과 신라의 매금(寐錦)

이 대대로 원하기를 형제처럼 상하가 화목하게 천도(天道)를 지키기를 원하였으니, 동쪽으로 왔다.

「충주고구려비문

」

惟昔始祖鄒牟王之創基也. 出自北夫餘, 天帝之子⋅母河伯女郞. 剖卵降世, 生而有聖□□□□□□ ……(中略)…… 至十七世孫國𦊆上廣開土境平安好太王, 二九登祚, 號爲永樂大王. 恩澤洽于皇天, 武威振被四海.

「廣開土王碑文」

河泊之孫⋅日月之子鄒牟聖王, 元出北夫餘. 天下四方知此國郡最聖亻□□.

「牟頭婁墓誌銘」

五月中, 高麗大王相王公□新羅寐錦, 世世爲願, 如兄如弟, 上下相和, 守天, 東來之.

「忠州高句麗碑文」

이 사료는 모두 5세기 고구려의 금석문으로, 당대 고구려인의 천하관(天下觀)을 잘 보여 주고 있다. 먼저 「광개토왕비문

」은 시조인 추모왕(鄒牟王)

동명성왕(東明聖王), 재위 기원전 37~기원전 19

의 건국과 출생 사실을 전하고, 광개토왕(廣開土王, 재위 391~413)

의 즉위와 업적을 간명히 제시하고 있다. 이 비문에서는 추모왕

이 천제(天帝)와 하백(河伯)의 혈통을 이어 고구려를 세웠다는 사실을 강조하고, 이러한 추모왕의 혈통을 이어받아 황천(皇天)과 사해(四海)까지 광개토왕

의 은택과 무위가 미쳤다고 서술했다.

여기서 사해가 주목되는데, 사해란 특정한 공간이 아니라 고구려를 중심으로 한 세계를 의미한다. 고구려의 왕은 천손(天孫)으로 세계의 지배자였다고 본 것이다. 이 점에서 「광개토왕비문

」에는 고구려 중심의 천하관(天下觀)이 잘 반영되어 있다고 할 수 있다. 이러한 천손 의식과 고구려 중심의 천하관은 비단 왕실뿐 아니라 여러 귀족 가문이 공유하고 있었던 것으로 보인다. 이는 「모두루묘지명(牟頭婁墓誌銘)」을 통해서도 살필 수 있다. 「모두루묘지명」 역시 왕실의 신성함을 찬양하고, 또한 고구려 왕의 권위가 세계에 미치고 있음을 인식하였기 때문이다.

이러한 고구려인의 천하관은 관념적으로만 아니라 현실의 국제 정치에서도 영향을 미치고 있었다. 「광개토왕비문

」에서 고구려의 여러 주변 국가를 속민(屬民)으로 보고, 마땅히 조공(朝貢)을 바쳐야 할 대상으로 본 것이 대표적인 사례이다. 「충주고구려비(忠州高句麗碑)

」에 보이는 고구려와 신라의 관계도 마찬가지이다. 「충주고구려비」에는 고구려 대왕과 신라의 매금(寐錦)

신라 왕을 지칭

이 형제 관계로 설정되어 있는데, 이로써 천도(天道)를 지켜 나갈 것을 기원한다고 하였다. 고구려 왕이 중심이 되고, 신라의 매금

이 그를 따라 여기에 신속(臣屬)해 천(天)의 질서를 형성하였던 것이다. 이와 같은 고구려의 천하관과 국제 관계 인식은 중국의 천하 관념 및 세계 인식에서 영향을 받았다고 생각된다. 그러나 고구려 천하관의 바탕에는 전통적인 건국 신화가 있었고, 이를 당대 확립된 왕권과 고구려 중심의 국제 질서가 현실화하고 있었다고 할 수 있다.

이 글의 내용은 집필자의 개인적 견해이며, 국사편찬위원회의 공식적 견해와 다를 수 있습니다.

참고문헌

논문

「4∼5세기 고구려 왕자의 천하관에 대하여」,『호서사학』11,양기석,호서사학회,1983.

저서

『고구려사 연구』, 노태돈, 사계절, 1999.
『만들어진 고대』, 이성시 저⋅박경희 역, 삼인, 2001.
『고구려의 역사』, 이종욱, 김영사, 2005.
『고구려 정치사 연구』, 임기환, 한나래, 2004.

관련사이트

[http://db.history.go.kr/id/gskh_001_0010_0010_0030] 국사편찬위원회 한국사데이터베이스 : 광개토왕 비문

[http://db.history.go.kr/id/gskh_001_0020_0050_0030] 국사편찬위원회 한국사데이터베이스 : 모두루 묘지

[http://db.history.go.kr/id/gskh_001_0010_0030_0030] 국사편찬위원회 한국사데이터베이스 : 충주 고구려비문

[https://www.history.go.kr/contents/contentsPage.do?groupId=000000000571&menuId=000000000574&pageId=000000000213]
저작권 정책

[https://www.history.go.kr/contents/contentsPage.do?groupId=000000000931&menuId=000000000992&pageId=000000000541]
데이터 개방

[https://www.history.go.kr/contents/contentsPage.do?groupId=000000000571&menuId=000000000572&pageId=000000000211]
개인정보처리방침

13809 경기도 과천시 교육원로 86 국사편찬위원회

COPYRIGHT © NATIONAL INSTITUTE OF KOREAN HISTORY ALL RIGHT RESERVED.

오류신고

본 사이트 자료 중 잘못된 정보를 발견하였거나 사용 중 불편한 사항이 있을 경우 알려주십시오. 이용자의 참여가 사이트 가치 향상에 큰 도움이 됩니다.

사이트 하단의 ‘오류신고’ 메뉴를 이용하시면 신고 내용의 적용여부를 확인하실 수 있습니다.

개인정보는 삭제하오니 유념하시기 바랍니다.

자료명

사료로 본 한국사

자료위치

https://contents.history.go.kr/id/hm_013_0010

제목

오류유형

오류내용

이름

자동입력 방지문자

소개

한국사를 이해하는 데 토대가 되는 주요 사료를 각 시대와 분야별로 선별하여, 원문과 번역문, 해설과 참고 자료를 함께 서비스하고 있습니다.
이를 통해 어려운 역사 자료에 좀 더 쉽게 접근할 수 있도록 하였습니다.

일러두기

1.한 편의 사료는 국문, 원문, 해설, 참고자료의 4가지 요소로 구성하였습니다.

2.사료의 종류는 [삼국사기], [삼국유사], 『고려사』, 『조선왕조실록』 등의 1차 사료(史料)를 비롯해 개인 문집, 금석문, 신문, 판결문, 선언문 등에 이르기까지 매우 다양합니다.

3.국문은 원문에 수록된 사료를 우리말로 번역하여 수록하였습니다. 사료의 상당수는 한문이며, 영어, 일본어 등도 포함되어 있습니다. 또한 근·현대 사료 또한 한자를 많이 사용하여 일반인이 접근하기가 어려우므로 이를 이용자가 쉽게 이해할 수 있도록 현대 한국어에 맞게 번역하였습니다.

4.해설 중에서 추가 설명이 필요한 역사 용어의 경우 글자를 별색으로 표기하였습니다. 보라색은 해당 글자에 마우스를 갖다 대면 간략한 설명이 제공되며, 파란색은 클릭하면 ‘교과서 용어 해설’ 및 ‘한국사 연대기’ 등의 관련 자료로 연계되도록 하였습니다.

5.참고 자료에서는 사료와 관련된 연구 논문과 저서 목록을 수록하였고, 해당 사료의 원문과 번역문을 직접 확인할 수 있도록 관련 사이트도 연계하였습니다.

DB 구축 참여자(2012~2013)

시기 구분
기획
집필
교열
윤문
자료 총괄
구축 년도

삼국 이전
삼국 시대
전미희
류주희
이규리
문동석
이정빈
이현태
장종진
장청화
이계형
2012

박남수
홍기승
문동석
이현태
장종진
김경복
장청화
2013

통일 신라와 발해
전미희
류주희
이규리
김창겸
김덕원
전경숙
장청화
이계형
2012

박남수
홍기승
문동석
이현태
장종진
김경복
장청화
2013

고려 시대
전미희
류주희
이규리
한정수
손민호
황영수
전경숙
장청화
이계형
2012

류주희
홍기승
한정수
김가람
김경복
장청화
2013

조선 시대
전미희
류주희
이규리
이경찬
박귀미
이기명
이화영
이근호
장청화
이계형
2012

이규리
홍기승
이근호
김가람
김경복
장청화
2013

근대
전미희
류주희
이규리
은정태
홍문기
최보영
장청화
이계형
2012

염복규
은정태
홍동현
김경복
장청화
2013

현대
전미희
류주희
이규리
박미경
이관형
김진흠
장청화
이계형
2012

김점숙
이정은
홍동현
김경복
장청화
2013

DB 구축 참여자(2023~)

시기 구분
기획
집필
교열
감수
구축연도

근대
신재호

이주호

곽금선, 김명섭, 김상연, 김상훈, 김영진, 김진혁, 김호걸, 노성룡, 박주영, 송영화, 이양희, 이지은,

임동현, 최용준, 한보람, 한승훈, 한애라, 한준호, 홍수연

이명학
정일영
2023

현대

곽경상, 김상규, 김상연, 김재웅, 김진혁, 서홍석, 신재준, 예대열, 이길중, 이지완, 정무용

김태윤
김아람

근대
신재호

이주호

곽금선, 박주영, 박한민, 이양희, 이지은, 임동현,

주동빈, 최용준, 한보람, 한승훈, 한애라, 한준호

이명학
양진아
2024

현대

김상연, 김청강, 예대열, 이길중, 이지완

김아람

삼국
신재호

홍선이

권순홍, 김기민, 김지현, 나유정, 이종록

이준성
이정빈
2025

DB 고도화 참여자(2022~)

시기 구분
기획
해설 집필
해설 교열
감수
구축연도

근대
신재호

이홍구

곽금선, 김기성, 김명섭, 김명재, 김명환, 김상훈, 김소영, 김영진, 김헌주, 남기현, 류동연, 박순섭,

박주영, 박한민, 성주현, 송영화, 심철기, 양진아, 이성우, 이양희, 이지은, 임인재, 최보민, 최보영,

최우석, 한보람, 한승훈, 한준호

박은숙

정일영

한승훈
김도형
2022

현대

김대현, 김동주, 문민기, 박경렬, 이재석, 이지완

박광명

임광순
김아람

김태우

조선 전기
신재호

이주호

신동훈, 양정현, 윤승희, 이경동, 이상민, 이지훈

서민주
나영훈
2024

조선 후기

도주경, 문광균, 오승관, 윤민경, 임성수, 채홍병

이행묵
박범

삼국 이전
신재호

홍선이

권순홍, 김기민, 김세진, 김지현, 나유정, 이종록

이준성
이정빈
2025

고려

김도연, 김보광, 김수연, 김종혁, 김지영, 김진곤,
김효섭, 박수찬, 안주영, 오경석, 오치훈, 이민기,
이바른, 이상민, 이창섭, 정동훈, 최은규, 현수진

이현경

황향주
한정수

최종석

메인 화면

1.교양 우리 역사 메뉴 내의 콘텐츠로 이동할 수 있습니다.

2.시대별 분야에 따른 사료 목록을 확인할 수 있습니다.

3.사료로 본 한국사 내 자료를 검색할 수 있습니다.

분류별 목록 화면

1.시대에 따른 분야별 목록을 확인할 수 있습니다.

2.개별 사료 클릭시 상세화면으로 이동합니다.

상세 화면 – 한면으로 보기

1.시대별/분야별 목차를 확인할 수 있고, 다른 사료로 바로 이동할 수 있습니다. 숨기기/열기 버튼을 이용해 닫거나 열어볼 수 있습니다.

2.각 사료에 대한 국문, 원문, 해설, 참고자료 정보를 4개의 탭으로 열람할 수 있습니다.

3.두 가지 정보를 비교해 볼 수 있는 ‘나란히 보기’ 화면으로 이동합니다. 드롭박스를 통해 열람하고자 하는 정보를 선택할 수 있습니다.

4.폰트 조정, 인쇄, 목록, 오류신고, 이전/다음 사료로 이동 등의 툴바 기능을 이용할 수 있습니다.

목록화면

1.시대에 따른 분야별 사료 목록이 배열됩니다.

2.메인 화면 및 시대별 목록을 열람할 수 있습니다.

3.상세 사료 목록을 펼침/닫힘 버튼을 통해 이용할 수 있습니다.",,,,https://contents.history.go.kr/front/hm/view.do?levelId=hm_013_0010,사료로 본 한국사\items\hm_age_20_삼국 시대\hm_ty_010_정치\hm_013_0010_고구려의 천하관.md
73,hm_age_20,삼국 시대,hm_ty_010,정치,hm_013_0020,신묘년조 논쟁,삼국 시대 > 정치 > 삼국의 국제관계 > 신묘년조 논쟁,"백잔(百殘)과 신라는 예로부터 속민(屬民)으로 [고구려에] 조공(朝貢)하였다. 그런데 왜가 신묘년(辛卯年, 391)에 건너와 백잔을 공파하고 …신라 … 하여 신민(臣民)으로 삼았다. 이에 [영락(永樂)] 6년(396) 병신(丙申)에 왕이 몸소 군사를 이끌고 [백]잔국(百殘國)을 토벌하였다.

「광개토왕 비문

」

百殘⋅新羅, 舊是屬民由來朝貢. 而倭以辛卯年, 來渡□破百殘□□ 新羅以爲臣民. 以六年丙申, 王躬率□軍, 討伐殘國.

「廣開土王碑文」

이 사료는 이른바 신묘년(辛卯年)조 기사로, 「광개토왕비(廣開土王碑)

」의 발견 이후 학계의 뜨거운 관심이 모아진 구절이다. 사실 「광개토왕비

」에 관해서는 고려 후기 또는 조선 전기부터 집안(集安) 지역을 왕래하던 사람들이 그 존재를 인지하고 있었던 것으로 보인다. 하지만 이때는 그 자세한 내용은 파악하지 못하고 있었다. 더욱이 17세기 만주족이 세운 청(淸)나라가 중원 지역을 장악하고 이 지역을 시조의 탄생지라고 하여 일반인의 거주를 통제(봉금 정책(封禁政策))했기 때문에 「광개토왕비

」는 그 존재마저 잊혀졌다. 그러다 1876년(고종

13) 청나라가 봉금 정책을 해제하여 일반 사람들이 집안 지역으로 이주할 수 있게 되면서 「광개토왕비

」가 다시 발견되었다. 1880년(고종

17년) 무렵 집안 지역의 한 농부가 토지를 개간하다가 이를 찾아 낸 것인데, 이후 1883년(고종

20년)에 일본 육군 참모본부의 사코 가게아키[酒勾景信] 대위가 묵본(墨本)을 입수해 귀국하면서 학계의 논쟁이 시작되었다.

논쟁의 핵심은 「광개토왕비

」에 보이는 왜(倭)의 존재였다. 특히 이 사료에 보이는 왜와 백제⋅신라의 상호 관계가 문제였다. 일본 학계에서는 비문을 신묘년(辛卯年, 391년)에 일본의 야마토[大和] 조정이 군대를 파견해 한반도 남부를 공략하고 백제와 신라를 정복했을 뿐 아니라, 평양 부근까지 진출해 고구려와 전투하였다고 해석하였다. 그리고 이를 고대 일본의 남한경영론(南韓經營論)과 임나일본부설(任那日本府說)의 중요한 논거로 활용하였다. 즉, 일제 식민주의 사학의 핵심적인 근거로 「광개토왕비

」를 바라본 것이다.

한국의 민족주의 역사학자들은 이와 같은 일본 학계의 견해를 반박했다. 정인보(鄭寅普)가 대표적인데, 그의 경우 비문의 주인공이 광개토왕(廣開土王, 재위 391~413)

이라는 점을 강조하였다. 그리고 비문에 주어와 목적어가 생략되어 있다고 추정하였다. 따라서 비문의 주인공을 고구려와 광개토왕

으로 상정하고 고구려의 입장에서 해석을 시도하였는데, 이는 해석 내용에서 다소의 차이가 있지만 남북한의 역사학계에 많은 영향을 미쳤다.

광개토왕 비문

연구에 중요한 전기를 마련한 것은 재일(在日) 역사학자 이진희(李進熙)였다. 그는 비문의 판독 자체에 문제를 제기하였다. 즉, 처음 비문을 입수한 사코 대위가 비문의 내용이 일본 측에 유리하도록 사료를 변조하였다는 ‘비문 변조설’을 주장한 것이다. 또한 이후 일본은 여러 차례 비문을 조사하였는데, 그 과정에서 비문 변조를 은폐하기 위하여 비문에 석회를 발랐으므로 현재의 비문은 학술적 가치가 없다고 하였다.

이와 같은 비문 변조설은 학계뿐 아니라 사회적으로도 커다란 관심을 불러 모았다. 비문의 내용에 아무런 의심을 품지 않고 해석하던 기존의 이해 방식 자체에 문제를 제기하였기 때문이다. 그러나 1981년 중국의 왕건군(王健群)이라는 학자가 면밀한 현지 조사를 진행한 결과, 비문의 곳곳에 석회로 보강한 흔적은 있지만, 조직적인 변조는 확인할 수 없었다고 발표하였다. 그럼에도 불구하고 비문의 변조를 둘러싼 논쟁은 비문의 판독에 대한 연구를 심화하였고, 이를 계기로 비문을 직접 조사하고 새롭게 판독하려는 노력이 계속되었다.

최근의 이 사료에 대한 연구는 비문에 보이는 한⋅일 양국의 해석이 모두 민족주의적 관점에서 자국에 유리한 해석을 시도한 것이라는 점을 반성하고, 비문의 전체적인 논리 구조 속에서 이를 이해하여야 한다는 데 공감대가 형성되고 있다. 예컨대 비문은 광개토왕

의 업적을 강조하려고 한 것이므로 반드시 비문의 내용이 역사적 사실 그대로라고 보기는 어렵다는 지적이 그러하다. 이에 따라 이제 이 사료에 보이는 고구려와 백제⋅신라 그리고 왜의 관계는 ‘고구려가 바라본 5세기 동아시아 세계’라는 관점에서 새로운 견해가 지속적으로 제기되고 있다.

이 글의 내용은 집필자의 개인적 견해이며, 국사편찬위원회의 공식적 견해와 다를 수 있습니다.

참고문헌

저서

『고구려사 연구』, 노태돈, 사계절, 1999.
박경희 역, 이성시, 삼인, 2001.

편저

『광개토호태왕비연구 100년』(『고구려연구』2), 고구려연구회 편, 학연문화사, 1996.
『영향시민강좌』3(광개토왕릉비 특집호), 일조각 편, 일조각, 1988.
「100년 동안의 논쟁, 광개토왕릉비」, 임기환, 한국역사연구회 고대사분과 편, 푸른역사, 2004.

관련사이트

[http://db.history.go.kr/id/gskh_001_0010_0010_0030] 국사편찬위원회 한국사데이터베이스 : 광개토왕릉비

[http://db.history.go.kr/common/imageViewer.do?levelId=gskh_001_0010_0010] 국사편찬위원회 한국사데이터베이스 : 탁본",,,,https://contents.history.go.kr/front/hm/view.do?levelId=hm_013_0020,사료로 본 한국사\items\hm_age_20_삼국 시대\hm_ty_010_정치\hm_013_0020_신묘년조 논쟁.md
74,hm_age_20,삼국 시대,hm_ty_010,정치,hm_013_0030,5세기 전반 고구려와 신라의 관계,삼국 시대 > 정치 > 삼국의 국제관계 > 5세기 전반 고구려와 신라의 관계,"＃, 을묘년(乙卯年) 국강상광개토지호태왕(國罡上廣開土地好太王)

호우(壺杅) 십(十).

「광개토왕

호우」

＃, 乙卯年, 國罡上廣開土地好太王, 壺杅, 十.

「廣開土王壺杅」

이 사료는 광개토왕(廣開土王, 재위 391~413)

대를 전후한 시기 고구려와 신라와의 대외 관계를 살펴볼 수 있는 중요한 자료이다. 이른바 ‘광개토왕

호우(廣開土王壺杅)’라고 불리는 청동 그릇은 1946년 경북 경주시 노서동 140호분을 발굴하는 과정에서 출토되었다. 노서동 140호분의 발굴은 광복 이후 우리 손으로 실시한 첫 발굴 조사란 점에서 대단히 의미가 큰데, 발굴과정에서 ‘＃, 을묘년(乙卯年) 국강상광개토지호태왕(國罡上廣開土地好太王) 호우(壺杅) 십(十)’이란 명문이 새겨진 청동 그릇이 출토됨에 따라 이후 이 고분은 호우총(壺玗塚)으로 불리게 되었다. ‘을묘년’이라는 간지와 ‘국강상광개토지호태왕’이란 광개토왕

의 시호가 함께 들어 있는 것으로 미루어 이 그릇은 415년(장수왕

3년)에 고구려에서 제작한 것으로 추정된다. 명문은 그릇 바깥쪽 바닥에 새겨져 있으며, 서체는 「광개토왕비(廣開土王碑)

」와 비슷하다.

그릇 바닥에 세로로 4자씩 모두 4열의 양각으로 된 명문 상단에는 ‘＃’ 문양이 새겨져 있는데, 이는 벽사(辟邪) 내지 주술적 의미와 관련되어 있는 것으로 이해된다. 명문의 가장 마지막에 등장하는 ‘십(十)’이란 글자는 여백을 메우기 위해 넣은 것으로 판단하기도 하고, 단순한 길상구(吉祥句)로 보기도 하며 10이란 숫자로 이해하고서 이러한 그릇을 10개 만들었음을 뜻한다고 풀이하기도 한다. 이러한 ‘＃’ 문양이나 ‘십(十)’에 대한 해석은 어디까지나 추정일 뿐, 현재로서는 어느 하나로 단정하기가 어렵다.

이 그릇에서 주목할 점은 무엇보다 고구려에서 제작한 그릇이 왜 신라 고분에서 출토되었는가 하는 점이다. 『삼국사기

』와 「광개토왕비

」를 비롯한 여러 자료를 살펴보면 4세기 후반부터 적어도 5세기 중⋅후반까지는 신라가 고구려의 정치⋅군사적 영향력 아래에 놓여 있었던 사실이 확인된다. 특히 신라가 왜(倭)의 침입을 받고 고구려에 도움을 요청하자 광개토왕

이 군사를 보내 왜를 몰아 낸 것을 계기로 고구려는 본격적으로 신라에 대해 지배력을 행사하게 되었고, 심지어 신라의 왕위 계승 문제에까지 관여하였던 것으로 알려져 있다. 호우총에서 광개토왕

호우가 출토된 배경은 바로 이러한 당시의 시대적 상황과 관련 지어 검토되어야 한다.

일부 연구자들은 광개토왕

을 장사 지낸 1년 뒤에 왕릉에서 크게 제사를 지내고 그것을 기념하기 위해 호우를 만들었는데, 그 의식에 조공국의 사절로 신라 사신이 참석하면서 호우가 그들에게 주어져 경주

까지 오게 되었다고 추정하기도 한다. 호우(壺杅)의 ‘호(壺)’는 병 또는 단지를 의미하고 ‘우(杅)’의 경우 잔 또는 물그릇을 의미하므로, 호우는 물이나 술과 같은 액체를 담는 일종의 의례 용기였던 것은 분명한 것 같다. 그렇지만 고구려에서 제작된 의례 용기가 어떤 경로를 거쳐 경주

로 유입되었고, 나아가 신라 고분에 부장되었는지는 앞으로 조금 더 논의가 이루어져야 할 것으로 보인다. 광개토왕

호우에 남겨진 명문은 글자 수가 많지 않음에도 불구하고 5세기 전반 고구려와 신라의 관계를 고스란히 반영하고 있다는 점에서 이 자료의 사료적 가치는 높다고 하겠다.

이 글의 내용은 집필자의 개인적 견해이며, 국사편찬위원회의 공식적 견해와 다를 수 있습니다.

참고문헌

논문

「호우총에서 출토된 호우 명문과 호우총의 연대에 대하여」,『과기고고연구』13,김창호,아주대학교 박물관,2007.

저서

『호우총과 은령총』(국립박물관 고적조사보고 제1책), 김재원, 을유문화사, 1948.
『신라 상고기 정치변동과 고구려 관계』, 장창은, 신서원, 2008.

편저

『금석문자료』1(삼국시대), 국립중앙박물관 편, 국립중앙박물관, 2010.
『호우총 은령총 발굴 60주년 기념 심포지엄 자료집』, 국립중앙박물관 편, 국립중앙박물관, 2006.
「광개토왕호우명문」, 노태돈, 한국고대사회연구소 편, 가락국사적개발연구원, 1992.

관련사이트

[http://contents.history.go.kr/id/ki_020_11600] 국사편찬위원회 우리역사넷 한국사 이미지 자료

[http://db.history.go.kr/id/gskh_001_0060_0010_0010] 국사편찬위원회 한국사데이터베이스",,,,https://contents.history.go.kr/front/hm/view.do?levelId=hm_013_0030,사료로 본 한국사\items\hm_age_20_삼국 시대\hm_ty_010_정치\hm_013_0030_5세기 전반 고구려와 신라의 관계.md
75,hm_age_20,삼국 시대,hm_ty_010,정치,hm_013_0040,6세기 말 고구려와 수나라의 관계,삼국 시대 > 정치 > 삼국의 국제관계 > 6세기 말 고구려와 수나라의 관계,"[수(隋) 문제(文帝)] 17년(597) 상(上)

수 문제를 말함

이 탕(湯)

고구려 평원왕(平原王)

에게 새서(璽書)

옥새(玉璽)를 찍은 문서, 곧 황제의 친서(親書)를 의미

를 내려 말하였다. “짐은 천명을 받아 사랑으로 세상을 다스리는데, 왕에게 바다 한 구석을 위임하고, 조정의 교화를 선양하여 모든 인간으로 하여금 각기 그 마음을 이루도록 하였소. [그런데] 왕은 매번 사신을 보내 해마다 조공하고 비록 번국(藩國)을 칭하지만, 성의를 다하지는 못하였소. 왕은 남의 신하가 되었으면 모름지기 짐의 덕과 같이 베풀어야 하거늘 도리어 말갈(靺鞨)을 핍박하고 거란(契丹)을 통제하였소. 여러 번국이 머리를 조아려 나의 신하가 되고자 하는데, [왕은 이와 같이] 착한 사람이 의리를 사모하는 것을 분개하니 어찌 해로움이 크고 깊다고 하지 않겠소? 태부(太府)의 공인(工人)은 그 수가 적지 않으니 왕이 반드시 그를 필요로 한다면 스스로 [나에게] 주문(奏聞)하면 될 것인데, 몇 해 전에는 몰래 와서 재화로써 이익으로 소인(小人)을 움직여 사사로이 궁수(弩手)를 데리고 그대의 나라로 달아났소. 병기를 수리하는 의도가 착하지 못하므로 바깥소문을 두려워하여 도둑질한 것이 아니겠소? 이때 [짐은] 사자에게 명하여 왕의 번국을 위무하도록 하였는데, 이것은 본래 그대들의 인정을 살펴보고 그 정치방법[政術]을 가르치고자 해서였소. [하지만] 왕은 [사자를] 객관에 앉혀 두고, 엄히 막아 지키면서 그 눈과 귀를 닫고 막도록 하여 끝내 보고 들을 수 없도록 하였소. 어떠한 음흉함이 있어서 다른 이가 알지 못하도록 하고, 관사(官司)를 통제하며 그가 살피는 것을 두려워하였소? 또한 [왕은] 자주 기마(騎馬)를 보내 변방 사람을 살해하고, 여러 번 간계한 계획을 펼쳐 올바르지 못한 낭설을 만들었으니, 신하로서의 마음가짐이 아니었소.

『수서』권81, 「열전」46 동이열전 고려

十七年. 上賜湯璽書曰. 朕受天命, 愛育率土, 委王海隅, 宣揚朝化, 欲使圓首方足, 各遂其心. 王每遣使人, 歲常朝貢, 雖稱藩附, 誠節未盡. 王旣人臣, 須同朕德, 而乃驅逼靺鞨, 固禁契丹. 諸藩頓顙, 爲我臣妾, 忿善人之慕義, 何毒害之情深乎. 太府工人, 其數不少, 王必須之, 自可聞奏. 昔年潛行財貨, 利動小人, 私將弩手逃竄下國. 豈非修理兵器, 意欲不臧, 恐有外聞, 故爲盜竊. 時命使者, 撫慰王藩, 本欲問彼人情, 敎彼政術. 王乃坐之空館, 嚴加防守, 使其閉目塞耳, 永無聞見. 有何陰惡, 弗欲人知, 禁制官司, 畏其訪察. 又數遣馬騎, 殺害邊人, 屢騁姦謀, 動作邪說, 心在不賓.

『隋書』卷81, 「列傳」46 東夷列傳 高麗

이 사료는 수(隋)나라 문제(文帝, 재위 581~604)가 고구려의 평원왕(平原王, 재위 559~590)에게 보낸 새서(璽書)

옥새(玉璽)를 찍은 문서, 곧 황제의 친서(親書)를 의미

의 일부이다. 이 새서는 600년(고구려 영양왕 11년)을 전후해 수나라와 고구려의 관계가 첨예화되는 과정이 잘 드러난다는 점과, 당시 고구려에 대한 수나라의 입장이 직접적으로 드러난다는 점에서 의미가 있다.

해당 사료는 『삼국사기(三國史記)

』 「고구려본기(高句麗本紀)」에도 그대로 실려있는데, 새서를 보낸 시점이 언제인지를 두고 논란이 있다. 『수서(隋書)』 「고려전(高麗傳)」의 경우 개황(開皇) 17년(수 문제 17년), 즉 597년(영양왕 8년)에 보낸 것으로 되어 있다. 그런데 597년은 평원왕 대가 아니라 영양왕(嬰陽王, 재위 590~618) 대이다. 그러므로 새서를 보낸 시점이 잘못되었는지, 아니면 새서의 수신자에 오류가 있었는지에 대해 논란이 있다. 대부분은 시점이 잘못되었다고 이해한다. 『수서』 「고려전」에 따르면 새서를 받은 평원왕이 답서를 준비하다 사망하였다고 했고, 『수서』 「본기(本紀)」에서 평원왕의 사망 시점을 정확히 파악하고 있기 때문이다. 『삼국사기

』 「고구려본기」의 찬자 역시 『수서』 「고려전」의 시점이 잘못되었다고 이해하였다. 따라서 새서의 작성 및 발송 시점을 대부분 590년(영양왕 1년)으로 본다.

새서에서 수나라 문제는 고구려의 적대 행위를 질책하고, 이를 시정하지 않는다면 전쟁이 일어날 수 있음을 경고하고 있다. 수나라는 583년(평원왕 25년) 돌궐(突厥)에 대한 대대적인 공격을 감행하였고, 요서 지역의 고보령(高寶寧) 세력을 제거하고 이 지역으로 진출해 왔다. 이에 따라 고구려와 수나라는 요서 지역에서 국경을 마주하였는데, 이로부터 양국은 우호적 관계에서 비우호적 관계로 변화하였다. 하지만 수나라의 우선적인 관심이 남방의 진(陳)나라에 있었으므로 양국 관계의 악화가 바로 표면에 드러나지는 않았던 것으로 보인다. 하지만 589년 수나라가 진(陳)나라를 통합하면서 상황이 변화하였다. 수나라 중심의 국제 질서를 고구려에 강요하기 시작한 것이다. 이 사료는 그 일면을 보여 준다고 할 수 있다.

수나라 문제가 고구려의 잘못으로 지적한 사항은 크게 4가지였다. 첫째 말갈과 거란 문제, 둘째 고구려의 간첩 활동, 셋째 수나라 사신에 대한 적대적 처우, 넷째 국경 지역에서의 군사 활동이다. 새서의 작성 시점이 590년이라는 점에서, 수나라 문제가 지적한 4가지 사항은 대체로 고구려와 수나라의 국제 관계가 비우호적 양상을 보이기 시작한 580년대 중⋅후반의 사정을 반영하고 있다고 할 수 있다.

새서가 보내진 이후 고구려와 수나라의 국제 관계는 적어도 표면상으로는 어느 정도 회복된 듯 보였다. 양국의 사신이 계속 왕래하고 있었기 때문이다. 그러나 양국의 군사적 긴장은 갈수록 높아졌던 것으로 보인다. 특히 국경 지역의 말갈과 거란을 둘러싸고 양국의 이해관계가 어긋나고 있었다. 이에 따라 598년(영양왕 9년) 고구려의 영양왕은 말갈 기병 1만 명을 동원해 수나라 영주총관부(營州總管府)를 공격했다. 이로써 양국 관계는 전면적인 전쟁 상태로 치달았는데, 이러한 양국 관계의 변화는 이후 612～614년 대규모 전쟁의 단초가 되었다.

이 글의 내용은 집필자의 개인적 견해이며, 국사편찬위원회의 공식적 견해와 다를 수 있습니다.

참고문헌

논문

「6세기말～7세기초 동아시아 국제질서와 고구려 대외정책의 변화-대수관계를 중심으로-」,『역사와 현실』46,여호규,한국역사연구회,2002.
「7세기 동북아시아 국제질서의 변동과 전쟁」,『전쟁과 동북아의 국제질서』,임기환,역사학회 편, 일조각,2006.

저서

『고구려사 연구』, 노태돈, 사계절, 1999.
『고구려의 서방정책 연구』, 이성제, 국학자료원, 2005.

관련사이트

[http://db.history.go.kr/id/jo_013r_0010_0010_0070] 국사편찬위원회 한국사데이터베이스",,,,https://contents.history.go.kr/front/hm/view.do?levelId=hm_013_0040,사료로 본 한국사\items\hm_age_20_삼국 시대\hm_ty_010_정치\hm_013_0040_6세기 말 고구려와 수나라의 관계.md
76,hm_age_20,삼국 시대,hm_ty_010,정치,hm_013_0050,백제의 요서진출,삼국 시대 > 정치 > 삼국의 국제관계 > 백제의 요서진출,"백제국은 본래 고려(高驪)

고구려

와 더불어 요동(遼東)의 동쪽 1000여 리 밖에 있었다. 그 후 고려는 요동을, 백제는 요서(遼西)를 경략하여 차지하였다. 백제가 통치한 곳은 진평군(晋平郡) 진평현(晋平縣)이라 한다.

『송서』권97, 「열전」57, 백제전

이 해에 위(魏)

북위(北魏)

오랑캐가 또다시 기병(騎兵) 수십만을 동원하여 백제를 공격하여 그 경계에 들어가니, 모대(牟大)가 장군 사법명(沙法名)⋅찬수류(賛首流)⋅해례곤(解禮昆)⋅목간나(木干那)를 파견하여 무리를 거느리고 오랑캐군을 기습 공격하여 그들을 크게 무찔렀다.

건무(建武) 2년(495, 백제 동성왕 17년)에 모대가 사신을 보내 표문을 올려 다음과 같이 말하였다. “신(臣)은 봉작(封爵)을 받은 이래 대대로 조정의 영예를 입었고, 더욱이 절부(節符)와 부월(斧鉞)을 받아 모든 변방을 평정하였습니다. 앞서 저근(姐瑾) 등이 모두 영광스러운 관작을 제수받아 신민이 함께 기뻐하였습니다. 지난 경오년(庚午年)에는 험윤(獫狁)이 잘못을 뉘우치지 않고 군사를 일으켜 깊숙이 쳐들어 왔습니다. 신이 사법명 등을 파견하여 군사를 거느리고 역습하게 하여 밤에 번개처럼 기습 공격하니, 흉리(匈梨)가 당황하여 마치 바닷물이 들끓듯 붕괴되었습니다. 이 기회를 타서 쫓아가 베니 시체가 들을 붉게 했습니다. 이로 말미암아 그 예기(銳氣)가 꺾여 고래처럼 사납던 것이 그 흉포함을 감추었습니다. 지금 천하가 조용해진 것은 실상 (사법)명 등의 꾀이오니 그 공훈을 찾아 마땅히 표창해 주어야 할 것입니다. 이제 사법명을 가행정로장군(假行征虜將軍) 매라왕(邁羅王)으로, 찬수류를 가행안국장군(假行安國將軍) 벽중왕(辟中王)으로, 해례곤을 가행무위장군(假行武威將軍) 불중후(弗中侯)로 삼고, 목간나는 과거에 군공(軍功)이 있는 데다 또 성문과 선박을 때려 부수었으므로 행광위장군(行廣威將軍) 면중후(面中侯)로 삼았습니다. 엎드려 바라옵건대 천은(天恩)을 베푸시어 특별히 관작을 제수하여 주십시오”라고 하였다.

『남제서』권58, 「열전」39, 백제전

그 나라는 본래 구려(句驪)

고구려

와 더불어 요동(遼東)의 동쪽에 있었다. 진(晉)나라 때에 이르러 (고)구려가 이미 요동을 경략하자, 백제 역시 요서(遼西)⋅진평(晉平) 두 군(郡)의 땅을 점거하여 스스로 백제군(百濟郡)을 설치하였다.

『양서』권54, 「열전」48 백제전

百濟國, 本與高驪俱在遼東之東千餘里. 其後高驪略有遼東, 百濟略有遼西. 百濟所治, 謂之晋平郡晋平縣.

『宋書』卷97, 「列傳」57, 百濟傳

是歲, 魏虜又發騎數十萬攻百濟, 入其界, 牟大遣將沙法名⋅贊首流⋅解禮昆⋅木干那率衆襲擊虜軍, 大破之.

建武二年, 牟大遣使上表曰. 臣自昔受封, 世被朝榮, 忝荷節鉞, 剋攘列辟. 往姐瑾等竝蒙光除, 臣庶咸泰. 去庚午年, 獫狁弗悛, 擧兵深逼. 臣遣沙法名等領軍逆討, 宵襲霆擊, 匈梨張惶, 崩若海蕩. 乘奔追斬, 僵尸丹野. 由是摧其銳氣, 鯨暴韜凶. 今邦宇謐靜, 實名等之略, 尋其功勳, 宜在襃顯. 今假沙法名行征虜將軍邁羅王, 賛首流爲行安國將軍辟中王, 解禮昆爲行武威將軍弗中侯, 木干那前有軍功, 又拔臺舫, 爲行廣威將軍面中侯. 伏願天恩特愍聽除.

『南齊書』卷58, 「列傳」39, 百濟傳

其國本與句驪在遼東之東. 晉世句驪旣略有遼東, 百濟亦據有遼西⋅晉平二郡地矣, 自置百濟郡.

『梁書』卷54, 「列傳」48 百濟傳

이 사료들은 백제가 특정 시기 중국 요서(遼西) 지방에 진출하였다는 사실을 전하는 기사로, 백제의 대륙 진출과 관련하여 많은 관심을 받았다. 백제의 요서 진출에 대한 사료는 한국 측 사서에서는 보이지 않고 중국 측 사서, 그 중에서도 남조(南朝) 계통의 사서들에서만 전한다. 이 사료적 특징과 사실성 여부에 대해서는 조선 후기 실학자들의 주목을 받았다. 그러나 그 전하는 내용이 매우 소략하여 구체적인 시기와 동기, 내용을 파악하기가 어려워 백제의 요서 진출에 대해서는 긍정론과 부정론이 극명하게 대립하고 있다. 백제가 아닌 마한(馬韓), 부여(夫餘), 낙랑(樂浪)

등 다른 세력이 요서 경략의 주체였다는 견해도 있다.

백제의 요서 경략에 대해 한진서(韓鎭書), 나카 미치요[那珂通世], 이케우치 히로시[池內宏], 이기백, 이기동 등은 부정적인 입장이다. 요서 지역은 백제에서 매우 멀리 떨어져 있어 이곳에 많은 군대를 한꺼번에 파견해야 하는데, 당시 백제의 상황으로 볼 때 전함과 항해술이 뛰어나지 못해 어려운 일이라는 것이다. 또한 당시 요서 지방의 상황을 볼 때 백제 진출은 사실상 어렵다는 주장도 있다. 요서 지역은 3세기 말부터 모용부(慕容部)와 단부(段部) 등이 자리 잡고 있었으며, 4세기 전반에는 전연(前燕)이 있었고, 380년대 중반 다시 후연(後燕)이 자리하였다. 이후 438년 무렵에는 북위(北魏)에 지배권이 넘어갔다. 요서 지역을 장악하였던 이들 국가들은 모두 강력한 군사력을 보유하고 있었기 때문에 백제가 이들 영역을 침략하여 군(郡)을 설치했다고 보기 힘들다는 주장인 것이다.

또한 백제의 요서 진출을 전하는 기록이 모두 남조 측 사료에만 한정되어 있다는 점 역시 요서 진출설을 부정하는 데 중요한 근거가 되고 있다. 즉, 백제가 진출한 요서 지역은 모두 북조(北朝)의 영역이었음에도 불구하고 북조계 사료에는 보이지 않고 오히려 요서 지역에서 멀리 떨어진 남조계 사료에만 거론된다는 것은 어떤 착오에 의한 결과라는 것이다. 또한 6세기 전반에 만들어진 『양직공도(梁職貢圖)』에 따르면 요서 진출의 주체가 백제가 아닌 ‘낙랑

’이라고 적혀 있다. 이에 따라 요서 지역 진출에 대해 백제의 진출을 부정하고 다른 세력, 그 중에서도 낙랑

이라는 의견도 있는데, 이때의 낙랑

은 4세기 전반 고구려의 압력으로 요서 지역의 모용씨 세력에게 귀부한 낙랑군

세력이라고 설명하기도 한다.

이러한 부정론에 대해 긍정론을 피력한 사람은 신경준(申景濬, 1712~1781), 신채호(申采浩, 1880~1936), 김상기, 김철준, 이노우에 히데오[井上秀雄] 등이다. 이들은 중국 측 사료들에 전하는 관련 사실이 비교적 명확하게 기술된 만큼 이 사료를 그대로 인정할 수 있다는 입장이다. 다만 중국 북조계 사서에서 이 서술들이 누락된 것은 북조계 사관들이 이를 수치스럽게 생각하였기 때문이라고 설명하고 있다. 또한 부정론자들이 말하는 바와는 달리 4세기 이후 중국 대륙은 5호16국 시대로 혼란기였고, 백제는 근초고왕(近肖古王, 재위 346~375) 대에 평양성까지 진출할 정도로 강성하였음을 생각할 때, 이 지역에 대한 진출이 충분히 가능했을 것이라고 주장한다.

한편 백제의 중국 지방 진출은 인정하면서도 실제로는 요서 지방을 영유한 것이 아니라 화북(華北) 지방에 진출했던 것이며, 이는 중국의 사민정책(徙民政策)과 관련한 것이라는 견해도 있다.

백제의 요서 지역 진출과 관련하여 이와 같이 많은 이견이 존재하는 것은 결국 이 일을 전하는 사료가 충분하지 않고, 연구자들이 자신의 논지에 유리한 것들을 중심으로 선택적으로 사료를 수용하여 결론을 내린 결과이다. 따라서 앞으로는 당시의 정세를 객관적으로 검토하여 연구할 필요가 있다.

이 글의 내용은 집필자의 개인적 견해이며, 국사편찬위원회의 공식적 견해와 다를 수 있습니다.

참고문헌

논문

「4세기 백제의 요서 지역 진출과 그 배경」,『한국고대사연구』30,강종훈,한국고대사학회,2003.
「백제의 요서진출설 재검토」,『진단학보』91,여호규,진단학회,2001.
「백제약유요서(百濟略有遼西) 기사의 분석」,『백제연구』20,유원재,충남대학교 백제연구소,1989.

편저

「요서지역 진출」, 강종훈, 충남역사문화연구원 편, 2008.

관련사이트

[http://db.history.go.kr/id/jo_006r_0010_0020_0010] 국사편찬위원회 한국사데이터베이스 : 『송서』권97, 「열전」57, 백제전

[http://db.history.go.kr/id/jo_007r_0010_0020_0020] 국사편찬위원회 한국사데이터베이스 : 『남제서』권58, 「열전」39, 백제전

[http://db.history.go.kr/id/jo_008r_0010_0030_0010] 국사편찬위원회 한국사데이터베이스 : 『양서』권54, 「열전」48 백제전

[https://www.history.go.kr/contents/contentsPage.do?groupId=000000000571&menuId=000000000574&pageId=000000000213]
저작권 정책

[https://www.history.go.kr/contents/contentsPage.do?groupId=000000000931&menuId=000000000992&pageId=000000000541]
데이터 개방

[https://www.history.go.kr/contents/contentsPage.do?groupId=000000000571&menuId=000000000572&pageId=000000000211]
개인정보처리방침

13809 경기도 과천시 교육원로 86 국사편찬위원회

COPYRIGHT © NATIONAL INSTITUTE OF KOREAN HISTORY ALL RIGHT RESERVED.

오류신고

본 사이트 자료 중 잘못된 정보를 발견하였거나 사용 중 불편한 사항이 있을 경우 알려주십시오. 이용자의 참여가 사이트 가치 향상에 큰 도움이 됩니다.

사이트 하단의 ‘오류신고’ 메뉴를 이용하시면 신고 내용의 적용여부를 확인하실 수 있습니다.

개인정보는 삭제하오니 유념하시기 바랍니다.

자료명

사료로 본 한국사

자료위치

https://contents.history.go.kr/id/hm_013_0050

제목

오류유형

오류내용

이름

자동입력 방지문자

소개

한국사를 이해하는 데 토대가 되는 주요 사료를 각 시대와 분야별로 선별하여, 원문과 번역문, 해설과 참고 자료를 함께 서비스하고 있습니다.
이를 통해 어려운 역사 자료에 좀 더 쉽게 접근할 수 있도록 하였습니다.

일러두기

1.한 편의 사료는 국문, 원문, 해설, 참고자료의 4가지 요소로 구성하였습니다.

2.사료의 종류는 [삼국사기], [삼국유사], 『고려사』, 『조선왕조실록』 등의 1차 사료(史料)를 비롯해 개인 문집, 금석문, 신문, 판결문, 선언문 등에 이르기까지 매우 다양합니다.

3.국문은 원문에 수록된 사료를 우리말로 번역하여 수록하였습니다. 사료의 상당수는 한문이며, 영어, 일본어 등도 포함되어 있습니다. 또한 근·현대 사료 또한 한자를 많이 사용하여 일반인이 접근하기가 어려우므로 이를 이용자가 쉽게 이해할 수 있도록 현대 한국어에 맞게 번역하였습니다.

4.해설 중에서 추가 설명이 필요한 역사 용어의 경우 글자를 별색으로 표기하였습니다. 보라색은 해당 글자에 마우스를 갖다 대면 간략한 설명이 제공되며, 파란색은 클릭하면 ‘교과서 용어 해설’ 및 ‘한국사 연대기’ 등의 관련 자료로 연계되도록 하였습니다.

5.참고 자료에서는 사료와 관련된 연구 논문과 저서 목록을 수록하였고, 해당 사료의 원문과 번역문을 직접 확인할 수 있도록 관련 사이트도 연계하였습니다.

DB 구축 참여자(2012~2013)

시기 구분
기획
집필
교열
윤문
자료 총괄
구축 년도

삼국 이전
삼국 시대
전미희
류주희
이규리
문동석
이정빈
이현태
장종진
장청화
이계형
2012

박남수
홍기승
문동석
이현태
장종진
김경복
장청화
2013

통일 신라와 발해
전미희
류주희
이규리
김창겸
김덕원
전경숙
장청화
이계형
2012

박남수
홍기승
문동석
이현태
장종진
김경복
장청화
2013

고려 시대
전미희
류주희
이규리
한정수
손민호
황영수
전경숙
장청화
이계형
2012

류주희
홍기승
한정수
김가람
김경복
장청화
2013

조선 시대
전미희
류주희
이규리
이경찬
박귀미
이기명
이화영
이근호
장청화
이계형
2012

이규리
홍기승
이근호
김가람
김경복
장청화
2013

근대
전미희
류주희
이규리
은정태
홍문기
최보영
장청화
이계형
2012

염복규
은정태
홍동현
김경복
장청화
2013

현대
전미희
류주희
이규리
박미경
이관형
김진흠
장청화
이계형
2012

김점숙
이정은
홍동현
김경복
장청화
2013

DB 구축 참여자(2023~)

시기 구분
기획
집필
교열
감수
구축연도

근대
신재호

이주호

곽금선, 김명섭, 김상연, 김상훈, 김영진, 김진혁, 김호걸, 노성룡, 박주영, 송영화, 이양희, 이지은,

임동현, 최용준, 한보람, 한승훈, 한애라, 한준호, 홍수연

이명학
정일영
2023

현대

곽경상, 김상규, 김상연, 김재웅, 김진혁, 서홍석, 신재준, 예대열, 이길중, 이지완, 정무용

김태윤
김아람

근대
신재호

이주호

곽금선, 박주영, 박한민, 이양희, 이지은, 임동현,

주동빈, 최용준, 한보람, 한승훈, 한애라, 한준호

이명학
양진아
2024

현대

김상연, 김청강, 예대열, 이길중, 이지완

김아람

삼국
신재호

홍선이

권순홍, 김기민, 김지현, 나유정, 이종록

이준성
이정빈
2025

DB 고도화 참여자(2022~)

시기 구분
기획
해설 집필
해설 교열
감수
구축연도

근대
신재호

이홍구

곽금선, 김기성, 김명섭, 김명재, 김명환, 김상훈, 김소영, 김영진, 김헌주, 남기현, 류동연, 박순섭,

박주영, 박한민, 성주현, 송영화, 심철기, 양진아, 이성우, 이양희, 이지은, 임인재, 최보민, 최보영,

최우석, 한보람, 한승훈, 한준호

박은숙

정일영

한승훈
김도형
2022

현대

김대현, 김동주, 문민기, 박경렬, 이재석, 이지완

박광명

임광순
김아람

김태우

조선 전기
신재호

이주호

신동훈, 양정현, 윤승희, 이경동, 이상민, 이지훈

서민주
나영훈
2024

조선 후기

도주경, 문광균, 오승관, 윤민경, 임성수, 채홍병

이행묵
박범

삼국 이전
신재호

홍선이

권순홍, 김기민, 김세진, 김지현, 나유정, 이종록

이준성
이정빈
2025

고려

김도연, 김보광, 김수연, 김종혁, 김지영, 김진곤,
김효섭, 박수찬, 안주영, 오경석, 오치훈, 이민기,
이바른, 이상민, 이창섭, 정동훈, 최은규, 현수진

이현경

황향주
한정수

최종석

메인 화면

1.교양 우리 역사 메뉴 내의 콘텐츠로 이동할 수 있습니다.

2.시대별 분야에 따른 사료 목록을 확인할 수 있습니다.

3.사료로 본 한국사 내 자료를 검색할 수 있습니다.

분류별 목록 화면

1.시대에 따른 분야별 목록을 확인할 수 있습니다.

2.개별 사료 클릭시 상세화면으로 이동합니다.

상세 화면 – 한면으로 보기

1.시대별/분야별 목차를 확인할 수 있고, 다른 사료로 바로 이동할 수 있습니다. 숨기기/열기 버튼을 이용해 닫거나 열어볼 수 있습니다.

2.각 사료에 대한 국문, 원문, 해설, 참고자료 정보를 4개의 탭으로 열람할 수 있습니다.

3.두 가지 정보를 비교해 볼 수 있는 ‘나란히 보기’ 화면으로 이동합니다. 드롭박스를 통해 열람하고자 하는 정보를 선택할 수 있습니다.

4.폰트 조정, 인쇄, 목록, 오류신고, 이전/다음 사료로 이동 등의 툴바 기능을 이용할 수 있습니다.

목록화면

1.시대에 따른 분야별 사료 목록이 배열됩니다.

2.메인 화면 및 시대별 목록을 열람할 수 있습니다.

3.상세 사료 목록을 펼침/닫힘 버튼을 통해 이용할 수 있습니다.",,,,https://contents.history.go.kr/front/hm/view.do?levelId=hm_013_0050,사료로 본 한국사\items\hm_age_20_삼국 시대\hm_ty_010_정치\hm_013_0050_백제의 요서진출.md
77,hm_age_20,삼국 시대,hm_ty_010,정치,hm_013_0060,백제와 일본의 관계,삼국 시대 > 정치 > 삼국의 국제관계 > 백제와 일본의 관계,"(앞면)

태화(泰和) 4년 5월 16일 병오(丙午)의 한낮에 백련철(百練鐵)로 된 칠지도(七支刀)를 만들었다. (이 칼은) 백병(白兵)을 피하게 하니 후왕(侯王)에게 주기에 알맞다. □□□□가 만든 것이다.

(뒷면)

선세(先世) 이래 아직까지 이런 칼이 없었는데, 백제 왕세자(百濟王世子)가 갑자기 성음(聖音)이 생기니, 그런 때문에 왜왕(倭王)을 위하여 정교하게 만들었으므로 후세(後世)에 전하여 보이도록 할 것이다.

「칠지도명문」

(前面)

泰和四年五月十六日丙午正陽, 造百練鐵七支刀. 生辟百兵, 宜供供矦王. □□□□作.

(後面)

先世以來, 未有此刀, 百濟王世子奇生聖音, 故爲倭王旨造, 傳示後世.

「七支刀銘文」

이 사료는 고대 한일 관계사를 이해하는 데 매우 중요한 의미를 지닌 칠지도에 관한 내용이다. 칠지도(七支刀)는 현재 일본 나라현[奈良縣] 텐리시[天理市] 이소노카미 신궁[石上神宮]에 소장되어 있는 칼 모양의 철제(鐵製) 의기(儀器)이다. 전체 길이 약 74.9cm로 도신(刀身) 좌우에 3개씩 뿔 모양의 가지가 서로 어긋나게 돋아 있는 형태로, 좌우 뿔 모양 가지와 도신을 합하여 칠지도라고 불린다. 칠지도가 처음 알려진 것은 1873년 이소노카미 신궁의 궁사(宮司)였던 스가 마사토모[管政友]에 의해 칠지도의 칼자루에 새겨진 명문(銘文)이 학계에 알려지면서부터이다.

칠지도와 그 명문이 알려지면서 가장 많은 논의가 이루어졌던 것은 제작 연대와 누가 그것을 만들어서 주었느냐는 문제였다. 먼저 제작 연대와 관련해서는 칠지도의 표면에 보이는 연호(年號)가 가장 문제가 되었는데, 이는 크게 세 가지 견해로 나뉘었다. 먼저 표면 첫 부분에 나오는 연호를 ‘태시(泰始)’로 판독한 경우이다. 이를 중국 서진(西晉, 265~316)의 연호로 이해하여 칠지도 제작 연대를 태시 4년, 즉 268년으로 주장하기도 한다. 이 견해는 일제 강점기 일본 관학자들에 의해 주장되었던 ‘임나일본부설(任那日本府說)’과 깊은 관련이 있다. 『일본서기(日本書紀)』 신공황후(神功皇后) 52년조에 전하는 백제 초고왕(肖古王)이 사신 구저(久氐) 등을 통하여 칠지도 1구와 칠자경(七子鏡) 1면 및 각종 진귀한 보물을 바쳤다는 기사를 방증해 주는 자료라는 입장이다. 이를 통해 일본 학자들은 『일본서기』의 기사가 실제를 전하는 것이며, 당시 백제는 왜(倭)의 종속국으로서 존재하였다는 것을 보여 주는 자료로 활용하였다. 고대 일본이 임나 지역을 200년간 지배하였다는 임나일본부설의 유력한 증거로 본 것이다.

한편, 칠지도의 표면에 새겨진 ‘태□(泰□)’라는 연호는 일본 학자들의 주장과 같이 서진의 태시 연호가 아니라는 주장이 제기되었다. 명문을 자세히 판독한 결과 두 번째 글자가 ‘화(和)’인지는 분명하지 않지만, ‘화(禾)’ 편은 확실하기 때문에 ‘태시’가 아닌 ‘태화(泰和)’로 읽어야 한다는 주장이다. 이 주장은 제기된 이후 지금까지 가장 많은 연구자의 지지를 받고 있다. 그러나 이때 ‘태화’를 어느 나라 연호로 볼 것인가는 많은 논란이 있다. ‘태화’를 중국 동진(東晋)의 연호인 ‘태화(太和)’로 보아야 한다는 견해가 제기되었는데, 이 역시 『일본서기』 신공황후 52년조에 전하는 기록과 관련하여 나온 주장이다. 해당 기사를 120년 내려서 보아야 한다는 기년 비정에 따르면 이때는 372년이 된다. 이에 따른다면 칠지도는 동진 태화 4년, 즉 369년에 제작되어 3년 뒤인 372년에 왜에 보내졌다는 것이다.

여기서 다시 칠지도의 헌상 주체가 문제가 되었다. 일본 학자들은 『일본서기』의 기사에 따라 칠지도는 백제에서 만들어 왜에 헌상된 것이라고 주장하였다. 반면에 이 시기가 백제가 가장 강성한 시기를 구가했던 근초고왕(近肖古王, 재위 346~375) 대라는 점, 칠지도 표면 ‘후왕(侯王)’ 등의 표현은 일반적으로 높은 지위에 있는 사람들에 대한 길상구로 쓰이는 경우가 많음을 보았을 때 백제에서 헌상했다고 보기는 어렵다는 견해가 대치하고 있다.

다음으로는 태화 연호가 동진의 연호가 아닌 백제의 독자적인 연호일 가능성이 제기되었다. 동진의 연호는 ‘태화(泰和)’가 아닌 ‘태화(太和)’로 칠지도에 새겨진 글자와 동진 연호에 사용된 글자가 다르다는 점, 중국에는 ‘태화(泰和)’라는 연호가 쓰인 적이 없다는 점을 들어 백제의 독자 연호설이 제기된 것이다. 이러한 주장에 따르면 고고학적 측면에서 칠지도와 친연 관계에 있는 유지(有枝) 철기의 편년이 6세기 전반으로 추정된다는 점, 칠지도와 함께 왜국에 보내졌다는 칠자경이 무령왕릉(武零王陵)과 일본에서 출토된 원형경 등의 칠수경(七獸鏡)에 해당된다는 점 등을 통해 6세기 초의 사실이 백제가 일본에 복속하였다는 기원 설화 속으로 편입되었다는 주장이다.

고구려와 신라의 경우 독자의 연호를 사용하였으므로, 백제 역시 그러한 개연성을 배제하기는 어렵다. 그러나 백제에서 독자적 연호를 사용한 경우는 아직까지 발견되지 않으며, 또한 『한원(翰苑)』 백제조에 따르면, “그 기년은 별도의 호칭이 없으며, 다만 60갑의 숫자를 차례로 삼는다.”라는 기록이 있어, 백제가 독자적인 연호를 사용하였을 가능성에 대해서는 부정적인 견해가 많다.

칠지도는 고대 한일 관계사를 연구하는 데 매우 중요한 의미를 지녔다고 할 수 있다. 그런 만큼 명문만이 아니라 제작 기법과 용도 등에 대한 다각적 검토가 이루어져야 칠지도가 가지는 진정한 의미를 파악할 수 있을 것이다.

이 글의 내용은 집필자의 개인적 견해이며, 국사편찬위원회의 공식적 견해와 다를 수 있습니다.

참고문헌

논문

「백제 칠지도 명문의 재해석」,『한국학보』60,이도학,일지사,1990.
「백제칠지도고」,『진단학보』38,이병도,진단학회,1974.
「백제 칠지도의 의미」,『한국고대사연구』62,주보돈,한국고대사학회,2011.

저서

『초기조일관계연구』, 김석형, 사회과학원 출판사, 1966.
『고대한일관계사』, 연민수, 혜안, 1998.

편저

「고대 한일 관계사의 민감한 화두，칠지도」, 김태식, 한국역사연구회 고대사분과 편, 푸른역사, 2004.
「백제의 천하인식」, 이도학, 충남역사문화연구소 편, 2008.

관련사이트

[http://contents.history.go.kr/id/ki_020_03800] 국사편찬위원회 우리역사넷 한국사 이미지 자료

[http://db.history.go.kr/id/gskh_002_0070_0070_0010] 국사편찬위원회 한국사데이터베이스",,,,https://contents.history.go.kr/front/hm/view.do?levelId=hm_013_0060,사료로 본 한국사\items\hm_age_20_삼국 시대\hm_ty_010_정치\hm_013_0060_백제와 일본의 관계.md
78,hm_age_20,삼국 시대,hm_ty_010,정치,hm_013_0070,일본의 임나일본부 주장,삼국 시대 > 정치 > 삼국의 국제관계 > 일본의 임나일본부 주장,"[신공황후(神功皇后)] 49년(249) 봄 3월에 황전별(荒田別)과 녹아별(鹿我別)을 장군으로 삼아 구저(久氐) 등과 함께 군대를 거느리고 [바다를] 건너가 탁순국(卓淳國)에 이르러 장차 신라를 습격하려고 하였다. 이때 어떤 사람이 말하기를, “군대가 적어서 신라를 깨뜨릴 수 없으니, 다시 사백(沙白)⋅개로(蓋盧)를 보내어 군사를 늘려 주도록 요청하십시오”라고 하였다. [이에] 곧바로 목라근자(木羅斤資)와 사사노궤(沙沙奴跪)
【두 사람은 그 성(姓)을 모른다. 다만 목라근자는 백제 장군이다】
에게 정병(精兵)을 이끌고 사백⋅개로와 함께 가도록 명하였다. [그리하여] 함께 탁순[국]에 모여 신라를 격파하고, 지바발(比自㶱)⋅남가라(南加羅)⋅녹국(㖨國)⋅안라(安羅)⋅다라(多羅)⋅탁순(卓淳)⋅가라(加羅)의 7국을 평정하였다. 또한 군대를 옮겨 서쪽으로 돌아 고해진(古奚津)에 이르러 남쪽의 오랑캐 침미다례(忱彌多禮)를 무찔러 백제에게 주었다. 이에 백제 왕 초고(肖古)

근초고왕

와 왕자 귀수(貴須

근구수왕

가 군대를 이끌고 와서 만났다. 이때 비리(比利)⋅벽중(辟中)⋅포미지(布彌支)⋅반고(半古)의 4읍이 스스로 항복하였다. 그래서 백제 왕 부자와 황전별⋅목자근자 등이 의류촌(意流村)
【지금은 주류수기(州流須祇)라 한다】
에서 함께 서로 만나 기뻐하고 후하게 대접하여 보냈다. 오직 천웅장언(千熊長彦)과 백제 왕은 백제국에 이르러 벽지산(辟支山)에 올라가 맹세하였다. 다시 고사산(古沙山)에 올라가 함께 반석 위에 앉았다. 백제 왕이 맹세하며 말하기를, “만약 풀을 깔아 자리를 만들면 불에 탈까 두렵고 또 나무로 자리를 만들면 물에 떠내려 갈까 걱정된다. 그러므로 반석에 앉아 맹세하는 것은 오래도록 썩지 않을 것임을 보여 주는 것이니, 지금 이후로는 천년만년 영원토록 늘 [백제를]서번(西蕃)

서쪽의 제후국

이라고 칭하며 봄가을로 [일본 황실에] 조공하겠나이다.”라고 하였다. 그리고 천웅장언을 데리고 도읍에 이르러 후하게 예우를 더하고 구저 등을 보좌하여 보냈다.

『일본서기』권9, 「신공황후」 49년

[神功皇后] 卌九年, 春三月. 以荒田別⋅鹿我別爲將軍, 則與久氐等, 共勒兵而度之, 至卓淳國, 將襲新羅. 時或曰, 兵衆少之, 不可破新羅. 更復奉上沙白⋅蓋盧, 請增軍士. 卽命木羅斤資⋅沙沙奴跪
【是二人, 不知其姓人也. 但木羅斤資者, 百濟將也.】
領精兵, 與沙白⋅蓋盧共遣之. 俱集于卓淳, 擊新羅而破之, 因以平定比自㶱⋅南加羅⋅㖨國⋅安羅⋅多羅⋅卓淳⋅加羅七國. 仍移兵, 西廻至古奚津, 屠南蠻忱彌多禮, 以賜百濟. 於是, 其王肖古及王子貴須, 亦領軍來會. 時比利⋅辟中⋅布彌支⋅半古四邑, 自然降服. 是以, 百濟王父子及荒田別⋅木羅斤資等, 共會意流村
【今云州流須祇】
, 相見欣感, 厚禮送遣之. 唯千熊長彦與百濟王, 至于百濟國, 登辟支山盟之. 復登古沙山, 共居磐石上. 時百濟王盟之曰, 若敷草爲坐, 恐見火燒. 且取木爲坐, 恐爲水流. 故居磐石而盟者, 示長遠之不朽者也, 是以自今以後, 千秋萬歲, 無絶無窮, 常稱西蕃, 春秋朝貢. 則將千熊長彦, 至都下厚加禮遇, 亦副久底等而送之.

『日本書紀』卷9, 「神功皇后」 49年

이 사료는 고대 한일 관계사에서 가장 많은 논란거리를 제공하는 ‘임나일본부(任那日本府)’ 논쟁에 중심이 되는 사료이다. 일본에서 임나일본부에 관한 연구는 에도(江戶) 시대 『대일본사(大日本史)』 임나전(任那傳)이 편찬되면서부터 시작되었다. 이후 일제 강점기에는 식민 지배를 정당화하기 위한 목적에서 임나일본부가 본격적으로 제기되었다. 임나일본부에 관한 연구가 오랜 기간 이루어졌던 만큼 그것의 실체에 대해서는 다양한 견해가 제시되었다. 크게는 임나지배설과 외교교역설로 나뉘며, 각 설 안에서 다시 세부 견해가 나누어진다.

우선 임나지배설은 크게 4가지 견해로 나뉜다. 첫째, 왜(倭)의 출선기관설(出先機關說) 또는 남한경영론(南韓經營論)의 입장이 있다. 이는 369～562년까지 왜가 임나(任那)를 통치했다고 주장하는 설로, 스에마츠 야스카즈[末松保和]가 주장한 이래 일본 학계의 주요 학설로 자리 잡았다. 여기에 따르면 왜 왕권은 금관가야(金官伽倻)에 임나일본부라는 통치기관을 두고 임나(가야) 지역에 대해서는 직접 지배를, 백제와 신라에 대해서는 간접 지배 체제를 구축했다.

둘째, 임나지배설은 인정하지만, 임나일본부의 위치를 다른 곳에서 찾고, 따라서 그 성격 자체에 대해 스에마츠와 다르게 파악한 경우가 있다. 이 설은 임나일본부에 대한 일본 학자들의 견해를 정면으로 반박한 것으로, 김석형(金錫亨)이 주장하였다. 이 설에 따르면 『일본서기』에서 미야케[官家] 또는 내관가(內官家)가 설치되었다고 전하는 신라, 백제, 임나 등은 한반도가 아닌 일본 열도 내에 있던 분국으로 보고 있다. 분국설에서는 임나 문제를 일본의 한반도 경영이 아닌 기나이[畿內]의 야마토 정권[大和政權]에 의한 일본 열도 내 소국 통합 문제로 이해하였다. 즉 6세기 초 이후 야마토를 중심으로 한 왜 정권은 각지에 둔창(屯倉)을 설치하면서 지방 소국을 통합하기 시작했는데, 임나일본부는 그 과정에서 기비[吉備] 지방의 임나 소국에 설치한 지배 기관으로 이해한다.

셋째, 왜계 임나호족설 혹은 위왜(僞倭) 자치집단설이 있다. 이 설은 김석형이 분국설을 제시한 이후, 일본 학계에서 임나일본부설에 문제가 있음을 인정하면서 제기한 학설로, 이노우에 히데오[井上秀雄]가 대표적인 주창자이다. 이 설에 따르면 임나일본부는 신라⋅백제와의 접촉 지대에 있던 ‘일본부의 군현’을 통치하는 기관이었다. 따라서 ‘임나 경영’의 실체는 일본의 중앙 귀족이나 지방 호족과 관계를 가졌던 ‘왜인’으로 칭해진 임나의 지방 호족이 임나 제국(諸國) 연합에 들어가 그 세력을 확대하고, 또한 외교권을 통제할 수 있게 되면서 나타난 양상으로 파악한다.

넷째, 임나의 지배 주체를 왜가 아닌 백제로 보는 설이 있다. 이는 백제군사령부설(百濟軍司令部說)로도 불리며, ‘임나지배설’의 관점에 서면서도 그 지배 주체를 왜가 아닌 백제로 보는 점에서 차이가 있다. 이 견해는 4세기 후반부터 6세기 중엽까지 백제가 가야 지역을 지배했으며, 소위 ‘임나일본부’는 백제의 가야 지배를 위한 파견군 사령부였다고 이해한다.

한편 외교교역설은 임나일본부가 임나 지역에 설치된 외교 교역을 위한 장소였다고 보는 견해이다. 외교교역설 역시 임나일본부의 성격에 따라 크게 4가지 견해가 있다. 첫째, 임나일본부를 교역 기관의 하나로 보는 설이다. 이 설에 의하면 임나일본부는 조선의 왜관(倭館)과 유사한 것으로, 왜국이 가야 제국과의 무역을 위해 설치한 공적 기관이라고 보았다. 그런데 6세기에 들어 가야 제국이 신라의 압력에 못 이겨 왜인의 원조를 구하게 되었고, 이때 임나일본부가 주로 이용되었기 때문에 일종의 군사적 성격을 가진 것으로 보이기도 하였다는 설명이다.

둘째, 임나일본부가 왜가 가야 제국과의 외교 교섭을 위해 임시로 파견한 사신이나 관인, 또는 그 집단이라는 사신단설이다. 이와 달리 임나일본부는 왜에서 안라(安羅)에 파견된 특수 외교 사신으로 보기도 한다. 이들은 집사(執事)-경(卿)-대신(大臣) 등의 직제를 가지나 안라에 반영구적으로 거주하면서 안라의 정책에 따랐기 때문에 실제로는 안라국 소속의 ‘왜계 안라 관료’로 보기도 한다.

셋째는 외교기관설이다. 이에 따르면 임나일본부의 설치 주체는 왜가 아닌 가야이며, 이는 530년대 이후 국가적 위기에 놓여 있던 안라가 자국의 독립 보존을 위해 조직한 외교 기구로 본다. 한편 임나일본부를 백제와 왜 왕권의 중간자적 외교기관으로 보기도 하는데, 이때는 왜 왕권이 공식적인 외교 인력을 양성하지 못한 상태였으므로 임나일본부가 해상을 통한 외교와 교역 시스템의 관리를 왜 왕권으로부터 위임 받았던 것으로 보기도 한다.

넷째는 안라왜신관설(安羅倭臣官說)이다. 이는 외교기관설의 각 입장을 절충한 것으로, 임나일본부란 가야 말기인 530년대 후반부터 550년대까지 존재하였고, 외형상으로는 ‘왜국사절 주재관’의 명분을 지닌다는 것이다. 임나일본부는 설치 초기인 530년대 후반에는 백제가 친(親)백제 왜인 관료를 안라에 들여보내 설치한 백제의 ‘대왜 무역 중개소’와 같은 것이었다. 그러나 540년대 이후로는 남부 가야 연맹의 맹주인 안라왕이 임나일본부 내의 관료를 친안라 왜인 관료로 재편함으로써 안라국의 외교를 지원하는 ‘안라의 특수 외무관서’와 같은 성격으로 변모했다고 본다.

한편 임나일본부에 대한 연구가 진행되면서 현재 한일 양국 학계에서는 왜 왕권, 즉 임나일본부와 가야 제국의 관계를 이해하는 데 있어 종래 일본 학계의 통설에서 말하는 것과 같은 가야 지역에 대한 왜 왕권의 미야케 지배나 이와 유사한 영토적⋅직할지적 지배가 이루어졌을 것이라는 설은 부정하고 있다. 이에 따라 가야 제국과 왜의 관계는 『일본서기』의 신공황후(神功皇后)조나 계체(繼體)⋅흠명(欽明)조 등에 전하는 바와 같은 군사 정벌은 이루어지지 않았으며, 순수한 교역이나 외교 교섭의 형태로 파악하고자 하는 경향이 강하다. 또한 임나일본부 문제를 이해하는 데 있어 그 대상을 왜와 가야에 국한하지 않고 가야와 왜, 백제 삼국 상호간의 정치⋅외교적 상황에 따라 파악하려는 노력이 이루어지고 있다. 그러나 임나일본부를 이해하는 데 있어 중요한 의미를 가지는 임나일본부의 설치 및 운영 주체, 조직, 구성원에 대한 문제에 대해서는 여전히 학자들 사이에서 합의된 의견이 나오지 않는 실정이다.

이 글의 내용은 집필자의 개인적 견해이며, 국사편찬위원회의 공식적 견해와 다를 수 있습니다.

참고문헌

논문

「고대 한일관계 연구사-임나문제를 중심으로-」,『한국고대사연구』27,김태식,한국고대사학회,2002.
「고대 왕권의 성장과 한일관계」,『고대왕권과 한일관계』,김태식,한일관계사연구논집 편찬위원회 편, 경인문화사,2010.
「‘임나일본부’ 연구의 현황과 문제점」,『영향시민강좌』11,김현구,일조각,1992.
「6세기 한일관계의 연구사적 검토」,『임나문제와 한일관계』,나행주,한일관계사연구논집 편집위원회 편, 경인문화사,2005.

저서

『임나일본부연구-한반도남부경영론비판-』, 김현구, 일조각, 1993.
『고대한일관계사』, 연민수, 혜안, 1998.
『고대한일교류사』, 연민수, 혜안, 2003.

관련사이트

[http://db.history.go.kr/id/jm_001r_0050_0090] 국사편찬위원회 한국사데이터베이스",,,,https://contents.history.go.kr/front/hm/view.do?levelId=hm_013_0070,사료로 본 한국사\items\hm_age_20_삼국 시대\hm_ty_010_정치\hm_013_0070_일본의 임나일본부 주장.md
79,hm_age_20,삼국 시대,hm_ty_010,정치,hm_013_0080,6세기 전반 백제의 대외관계,삼국 시대 > 정치 > 삼국의 국제관계 > 6세기 전반 백제의 대외관계,"백제는 예로부터 왔던 오랑캐로 마한의 족속이다. 진(晉)나라 말에 구려(駒麗)

고구려

가 요동을 침략해 점유하자 낙랑 또한 요서 진평현(晋平縣)을 가졌다. 진(晉) 이래로 항상 번진(藩鎭)이 되었으니 의희(義熙) 연간(405~418)에는 그 왕 여전(餘腆)이, 송나라 원가(元嘉) 연간(424~453)에는 그 왕 여비(餘毗)가, 제나라 영명(永明) 연간(483~493)에는 그 왕 여태(餘太)가 모두 중국의 관작을 받았다. 양나라 초에 여태를 정동장군(征東將軍)에 제수하였으나 자주 고구려에게 격파되었다. 보통(普通) 2년(521)년 그 왕 여융(餘隆)이 사신을 보내 표문을 올려 말하기를, “여러 차례 고구려를 물리쳤습니다.”라고 하였다.

도성(都城)을 고마(固麻)라 하였고, 읍(邑)을 이르러 담로(檐魯)

라 하였는데, 중국의 군현에 해당한다. 22개의 담로

가 있어 자제 종족(子弟宗族)을 나누어 그곳에 두었다. 주변에 소국인 반파(叛波)⋅탁(卓)⋅다라(多羅)⋅전라(前羅)⋅사라(斯羅)⋅지미(止迷)⋅마련(麻連)⋅상기문(上己文)⋅하침라(下枕羅) 등이 그에 부속되어 있었다. 언어와 의복은 고(구)려와 거의 같지만, 걸을 때 두 팔을 벌리지 않는 것과 절할 때 한쪽 다리를 펴지 않는다. 모자를 관이라 부르고, 저고리를 복삼, 바지를 곤이라 한다. 그 나라 말에는 중국의 말이 뒤섞여 있으니, 이것 또한 진한의 습속이 남은 때문이라고 한다.

「양직공도」 백제국사조

百濟舊來夷, 馬韓之屬. 晉末駒麗畧有遼東, 樂浪亦有遼西晉平縣. 自晉已來常修蕃貢, 義熙中其王餘腆, 宋元嘉中其王餘毗, 齊永明中其王餘太, 皆受中國官爵. 梁初以太, 爲征東將軍, 尋爲高句麗所破. 普通二年, 其王餘隆遣使奉表云, 累破高麗.

所治城曰固麻, 謂邑曰檐魯, 如中國郡縣. 有二十二檐魯, 分子弟宗族爲之. 旁小國有叛波⋅卓⋅多羅⋅前羅⋅斯羅⋅止迷⋅麻連⋅上己文⋅下枕羅等附之. 言語衣服畧同高麗, 行不張拱拜不申足, 以帽爲冠, 襦曰複衫, 袴曰褌. 其言參諸夏, 亦秦韓之遺俗.

「梁職貢圖」 百濟國使條

이 사료는 6세기 전반 양나라의 원제(元帝) 소역(簫繹, 508~554)이 제작한 화첩으로, 당시 양나라에 온 각국 사신의 모습과 해당 국가의 역사와 문물 등에 대해 간략하게 부기해 놓은 것이다. 여기에는 다른 사서에는 보이지 않는 내용이 포함되어 있어 백제사 연구에 좋은 참고 자료가 되고 있다.

이 사료에서 주목을 끄는 부분은 크게 두 가지다. 먼저, 백제의 대외 관계와 관련한 부분인데, 이는 대중국 관계와 주변 소국과의 관계로 다시 나눌 수 있다. 백제의 대중국 관계로 주목되는 기록은 사료의 첫머리에 보이는 ‘요서경략설(遼西經略說)’이다. 백제의 요서 진출에 대한 기록은 중국 남조(南朝)의 사서에서만 보이는데, 『송서(宋書)』⋅『양서(梁書)』⋅『남제서(南齊書)』에서는 고구려가 요동 지역을 경략한 틈을 타 백제가 요서 지역에 진출하였음을 전하고 있다. 반면 『양직공도』는 요서 지역에 진출한 주체를 백제가 아닌 낙랑으로 기록하고 있어, 백제의 요서 지역 진출설에 대해 중요한 반박 자료로 활용되고 있다.

한편 주변 소국과의 관계는 반파(叛波) 등 9개국이 백제에 부용(附庸)

작은 나라가 큰 나라에 의탁해서 지내는 일

하고 있다는 기록에서 찾아볼 수 있다. 이는 「양직공도」가 편찬되었던 당시 백제 사신의 발언 혹은 상표문에 기초하여 만들어졌던 만큼 주변 제국(諸國)에 대한 백제의 인식을 보여 준다는 점에서 주목을 받았다. 여기서 문제가 되는 부분은 백제에 부용한 나라에 사라(斯羅), 즉 신라가 포함되어 있다는 점이다. 그런데 「양직공도」가 편찬된 연대가 520~530년대로 추정된다는 점을 고려해 본다면, 「양직공도」에 보이는 것과 같이 이 시기에 신라가 백제에 의존하여 사신을 파견했을 가능성은 거의 없다. 이 시기 신라는 점차 고대 국가로 성장해 가면서 가야(加耶) 지역으로 진출함과 동시에, 이 지역을 둘러싸고 백제와 대립이 격화되고 있었기 때문이다. 따라서 「양직공도」에 보이는 부용관은 신라와 대립하던 백제의 기대에 불과한 것으로 보인다.

「양직공도」에는 신라 외에도 여러 나라가 백제에 부용하는 것으로 보이는데, 이들 나라는 『일본서기』 신공황후(神功皇后) 49년조에서 왜군에 의해 평정되거나 항복하였다고 전하는 나라와 유사한 면을 보인다. 왜에 평정되거나 항복한 지역들은 신라⋅지바발(比自㶱)⋅남가라(南加羅)⋅녹국(㖨國)⋅안라(安羅)⋅다라(多羅)⋅탁순(卓淳)⋅가라(加羅)⋅침미다례(忱彌多禮) 등이 보이는데, 이를 『양직공도』에서 나오는 지역과 대응하면 신라-사라, 탁순-탁, 안라-전라, 가라-반파, 침미다례-하침라 등으로 대응할 수 있기 때문이다. 이 지역들은 대개 전라도 일원에 분포하는 지역들로 비정되고 있으며, 이를 통해 6세기 단계에 이 지역에 대한 백제의 진출 혹은 영역화가 이루어졌다고 보기도 한다.

그리고 이 지역들에 대한 백제의 영역화를 뒷받침하는 것으로 담로(檐魯)

또한 주목된다. 담로

는 『양서』 「백제전」에도 보이는데, 백제의 지방 통치 체제의 일환으로 시행된 것으로 설명하고 있다. 그리고 앞서 제시된 지역들과 『남제서』 「백제전」에 보이는 지명이 관칭된 왕(王)⋅후(侯)가 분봉(分封)된 지역이 전라도 일원으로 비정된다는 점을 통해 5세기 말~6세기에 이 지역이 백제의 지배권하에 있었다고 설명하기도 한다. 그러나 이와 달리 6세기 중엽까지 전라도 일원에서는 백제의 중앙 문화와는 다른 고고학적 유물들이 출토된다는 점을 들어 실제 이 지역에 대한 백제의 지배력이 강하지 못했을 것으로 추정하는 견해도 있다.

한편 「양직공도」에는 양나라에 사신으로 간 백제 사신의 모습이 그림으로 남아 있어 백제의 복식과 관등과의 관계를 설명하는 데에 중요한 자료로 활용되고 있다.

이 글의 내용은 집필자의 개인적 견해이며, 국사편찬위원회의 공식적 견해와 다를 수 있습니다.

참고문헌

논문

「웅진⋅사비시기 백제의 영역」,『고대 동아세아와 백제』,김영심,충남대학교 백제연구소 편,2003.
「양직공도의 성립 배경」,『중국고중세사연구』8,김종완,중국고중세사학회,2001.
「백제의 담로제 연구」,『명지사론』11⋅12합,이용빈,명지사학회,2000.
「무왕의 세력기반으로서 익산의 위상과 의미」,『한국고대사연구』60,장미애,한국고대사학회,2010.

저서

『백제지방통치체제연구』, 김영심, 서울대학교 박사학위논문, 1997.
『한국고대사의 연구』, 이홍직, 신구문화사, 1971.

편저

「백제의 요서진출」, 강종훈, 서울특별시사편찬위원회 편, 2008.
「대왜관계와 문물교류」, 연민수, 서울특별시사편찬위원회 편, 2008.

관련사이트

[http://db.history.go.kr/id/ko_043_0010_0010] 국사편찬위원회 한국사데이터베이스",,,,https://contents.history.go.kr/front/hm/view.do?levelId=hm_013_0080,사료로 본 한국사\items\hm_age_20_삼국 시대\hm_ty_010_정치\hm_013_0080_6세기 전반 백제의 대외관계.md
80,hm_age_20,삼국 시대,hm_ty_010,정치,hm_013_0090,원광의 걸사표,삼국 시대 > 정치 > 삼국의 국제관계 > 원광의 걸사표,"(진평왕

) 30년(608) 왕이 고구려가 자주 국경을 침략하는 것을 걱정하여 수나라에 군사를 요청해 고구려를 치고자 원광(圓光)에게 명하여 걸사표(乞師表)를 짓도록 하였다. 원광이 말하기를, “자기가 살고자 남을 멸하는 것은 출가한 승려[沙門]로서 (적합한) 행동은 아니지만, 제가 대왕의 땅에서 살고 대왕의 물과 풀을 먹고 있으니 감히 명을 따르지 않겠습니까.”라고 하면서 (글을) 지어 아뢰었다.

……(중략)…… (611년) 왕이 사신을 수나라에 보내 표(表)를 올려 군사를 청하였는데, 수나라의 양제(煬帝)가 이를 허락하였다. 군사를 움직인 일은 『삼국사기

』 고구려본기에도 실려 있다.

『삼국사기

』권4, 「신라본기」4 진평왕

30⋅33년

王患高句麗屢侵封埸, 欲請隋兵以征高句麗, 命圓光修乞師表. 光曰, 求自存而滅他, 非沙門之行也, 貧道在大王之土地, 食大王之水草, 敢不惟命是從, 乃述以聞.

……(中略)…… 王遣使隋, 奉表請師, 隋煬帝許之. 行兵事在高句麗紀.

『三國史記』卷4, 「新羅本紀」4 眞平王 30⋅33年

이 사료는 원광(圓光)이 수나라에 군사를 요청하는 걸사표(乞師表)를 짓게 된 동기와 과정을 보여 준다. 진평왕(眞平王, 재위 579~632)

은 고구려의 잦은 침략을 물리치기 위해 수나라에 도움을 요청하고자 원광에게 걸사표를 짓도록 하였다. 여기에는 원광이 중국에 유학을 다녀왔다는 점이 크게 고려된 것으로 보인다. 진평왕

의 입장에서는 중국 사정에 밝은 사람이 표문을 짓기를 원하였을 테고, 거기에 적합한 인물 중 한 사람이 바로 원광이었던 것으로 생각된다. 이 점은 반대로 진평왕

대까지만 하더라도 신라에서 외교 문서를 능통하게 작성할 수 있는 사람이 그다지 많지 않았음을 알려 준다.

사료에 나와 있듯이 원광은 고구려를 정벌하기 위해 표문을 짓는 것은 승려로서 적합한 행동이 아니라고 생각했다. 『범강경보살계(梵綱經菩薩戒)』의 11번째 경계(輕戒)에서 승려가 군사 사절(軍事司節)이 되어서는 안 된다고 말한 구절이 있는데, 원광이 말한 승려로서 적합하지 않은 행동이란 이를 가리키는 것으로 볼 수 있다. 그럼에도 불구하고 그는 자신의 행동을 정당화하기보다 오히려 불도(佛道)에 어긋나는 것임을 스스로 인정하였다. 원광의 이러한 태도는 그가 현실과 어느 정도 타협하고 있었음을 보여 준다. 다만 원광이 불법보다 세속의 법을 더 우위에 두고 있었다고 하더라도 승려로서의 도리를 완전히 무시한 것은 아니라는 점에서 그가 걸사표를 짓는 과정에서 얼마나 고뇌하였을지 짐작할 수 있다.

한편 원광은 자신이 표문을 짓게 된 계기가 다름 아닌 국왕의 명에 의한 것이라는 점도 함께 언급하였다. 즉 승려로서의 본분을 다하는 것도 중요하지만 국왕의 명을 따르지 않을 수 없었다는 것이다. 이 점은 단순히 원광에게만 국한된다고 보기는 어렵다. 진평왕

대에 이르면 신라의 영토 내에 살고 있는 사람은 모두 왕의 신민(臣民)이라는 의식이 확고하게 자리 잡았음을 의미한다. 이러한 의식은 국왕에 대한 충성으로 이어지는데, 원광이 중국에서 귀국한 지 얼마 지나지 않아 귀산(貴山) 등에게 지어 주었다는 세속오계(世俗五戒)

의 첫 번째가 사군이충(事君以忠)

충성으로 임금을 섬긴다는 의미

이었다는 사실은 그 좋은 예다. 이와 같은 임금에 대한 충성은 신라가 고구려의 침략을 독자적으로 막아 내기에 역부족이었음에도 불구하고 백제와 고구려를 물리치고 삼국을 통일할 수 있었던 원동력으로 작용하였다고 평가할 수 있다.

이 글의 내용은 집필자의 개인적 견해이며, 국사편찬위원회의 공식적 견해와 다를 수 있습니다.

참고문헌

논문

「원광법사의 행적에 관한 종합적 고찰」,『신라문화』28,김복순,동국대학교 신라문화연구소,2006.
「신라 원광법사의 여래장사상과 교화활동」,『영향상사학』11,박미선,영향상사학회,1998.
「원광과 진평왕대의 점찰법회」,『신라문화제학술발표논문집』12,신종원,동국대학교 신라문화연구소,1991.
「원광법사와 삼기산 금곡사」,『사총』17⋅18합,정영호,고려대학교 사학회,1973.
「원광의 생애와 사상-『삼국유사』「원광전」의 분석을 중심으로-」,『태동고전연구』12,최연식,한림대학교 태동고전연구소,1995.

저서

『신라사상사연구』, 이기백, 일조각, 1986.

편저

「원광과 그의 사상」, 이기백, 전북사학회 영향연구실 편, 1979.

관련사이트

[http://db.history.go.kr/id/sg_004r_0060_0350] 국사편찬위원회 한국사데이터베이스",,,,https://contents.history.go.kr/front/hm/view.do?levelId=hm_013_0090,사료로 본 한국사\items\hm_age_20_삼국 시대\hm_ty_010_정치\hm_013_0090_원광의 걸사표.md
81,hm_age_20,삼국 시대,hm_ty_010,정치,hm_013_0100,"신라와 백제, 그리고 왜의 삼각관계","삼국 시대 > 정치 > 삼국의 국제관계 > 신라와 백제, 그리고 왜의 삼각관계","47년 여름 4월 백제왕이 구저(久氐)·미주류(彌州流)·막고(莫古)를 보내어 조공하게 했다. 이때 신라국의 조사(調使)가 구저와 함께 왔다. 이에 황태후와 태자 예전별존(譽田別尊:호무타와케노미코토)이 매우 기뻐하며 “선왕(先王)이 바라던 나라 사람들이 지금 와서 조공하니, 천황에게까지 미치지 못하는 것이 슬프도다”라 하니, 여러 신하들이 모두 눈물을 흘렸다. 그리고는 두 나라의 공물을 조사하였다. 이에 신라의 공물은 진기한 것이 매우 많았는데, 백제의 공물은 적고 천하여 좋지 않았다. 이에 구저 등에게 “백제의 공물이 신라에 미치지 못하니 무슨 까닭이냐?”고 물었다. “우리들이 길을 잃어서 사비신라(沙比新羅)에 이르렀는데 신라인들이 우리들을 붙잡아 감옥에 가두었습니다. 세 달이 지난 후 죽이고자 하였는데 이 때 구저 등이 하늘을 향하여 저주하였더니 신라인들이 그 저주를 두려워하여 죽이지 않았습니다. 그렇지만 우리 공물을 빼앗아 자기 나라의 공물로 대신하고 신라의 천한 물건을 우리 나라의 공물로 바꾸었습니다. 또 우리들에게 ‘만약 이 일을 말하면 돌아가는 날 너희들을 죽이겠다’고 하였습니다. 그래서 구저 등은 두려워서 그대로 따랐습니다. 이리하여 겨우 천조(天朝)에 도착할 수 있었습니다”고 대답하였다. 이 때 황태후와 예전별존은 신라 사신을 책망하고 천신(天神)에게 기도하여 “누구를 백제에 파견하여 장차 사건의 사실 여부를 조사시키며, 누구를 신라에 파견하여 그 죄를 물으면 좋겠습니까”라 하였다. 천신이 “무내숙녜(武內宿禰:타케우치노스쿠네)로 하여금 의논하도록 하고 천웅장언(千熊長彦:치쿠마나가히코)을 사자로 삼으면 마땅히 소원대로 될 것이다”라고 가르쳐 주었다. 이에 천웅장언을 신라에 보내어 백제가 바치는 물건을

『일본서기』 권9, 신공황후 47년 4월

왜국과 우호관계를 맺고, 내물왕의 아들 미사흔(未斯欣)을 볼모로 삼았다.

『삼국사기』 권3, 신라본기3, 실성이사금 원년 3월","卌七年夏四月 百濟王使久氐·彌州流·莫古 令朝貢 時新羅國調使 與久氐共詣 於是 皇太后·太子譽田別尊 大歡喜之曰 先王所望國人 今來朝之 痛哉 不逮于天皇矣 群臣皆莫不流涕 仍檢校二國之貢物 於是 新羅貢物者 珍異甚多 百濟貢物者 少賤不良 便問久氐等曰 百濟貢物 不及新羅 奈之何 對曰 臣等失道 至沙比新羅 則新羅人捕臣等禁囹圄 經三月而欲殺 時久底等 向天而呪詛之 新羅人怖其呪詛而不殺 則奪我貢物 因以 爲己國之貢物 以新羅賤物 相易爲臣國之貢物 謂臣等曰 若誤此辭者 及于還日 當殺汝等 故久氐等恐怖而從耳 是以 僅得達于天朝 時皇太后 譽田別尊 責新羅使者 因以 祈天神曰 當遣誰人於百濟 將檢事之虛實 當遣誰人於新羅 將推問其罪 便天神誨之曰 令武內宿禰行議 因以千熊長彦爲使者 當如所願 於是 遣千熊長彦于新羅 責以濫百濟之獻物

『日本書紀』 卷9, 神功皇后 47年 4月

元年, 三月, 與倭國通好, 以奈勿王子未斯欣爲質.

『三國史記』 卷3, 新羅本紀3, 實聖尼師今 元年 3月","이 사료는 백제와 신라, 나아가 왜의 관계를 전해주고 있다. 표면적으로는 백제와 신라가 서로 적대하고, 왜가 백제를 두둔하며 신라를 질책하는 장면이 묘사되어 있다. 그러나 이 기록이 당대의 실제 상황을 반영한 것인지에 대해서는 논란이 많다.

사료에 등장하는 구저(久氐)·미주류(彌州流)·막고(莫古) 등의 인물은 백제와 왜의 교섭 과정에서 핵심적인 역할을 맡은 것으로 서술된다. 막고는 『삼국사기

』 백제본기에 보이는 장군 막고해(莫古解)와 동일인물로 여겨지기도 하지만, 단정할 수는 없다. 실제로 이들이 왜에 파견되었는지도 불분명하며, 기사 전체가 사실의 전달보다는 특정한 정치적 목적을 띠고 작성된 것으로 보인다.

특히 『일본서기』 신공황후 47년조는 다른 기록과 달리 장문의 대화체로 구성되어 있으며, 신라가 백제의 공물을 훔쳤다거나 이를 왜의 사자가 질책했다는 등의 확인하기 어려운 사실들이 포함되어 있다. 이러한 점은 이 기사가 『일본서기』 편자에 의한 술작(述作)이 가미되었음을 시사하며, 특히 49년조에 보이는 신라 공격의 정당성을 뒷받침하기 위해 전사(前事)로 설정되었을 가능성이 크다. 신공기(神功紀) 기사 전체가 신라 정토를 목적으로 집필된 것이기에, 그 설화적 성격 또한 고려할 필요가 있다.

그동안 『일본서기』의 기년(紀年)에 대해서는 많은 논의가 있었다. 5세기 후반 웅략천황(雄略天皇) 기사 이전의 기록은 대부분 그 기년이 소급된 것으로 본다. 특히 신공기 기록의 경우 2주갑(周甲), 즉 120년을 낮추어 봐야한다는 입장이 통설로 받아들여지고 있다. 이에 따라 신공황후 47년 기사를 조정해보면 연대는 367년이 되며, 이는 백제 근초고왕 22년에 해당된다.

이 시기 일본 사서에는 백제와 왜가 활발히 교섭하는 정황이 집중적으로 나타난다. 예컨대 신공황후 46년조에는 근초고왕이 왜의 사신을 환대하며 비단·각궁·철정 등을 보냈다는 기사가 있으며, 49년조에도 근초고왕 부자가 왜 사신과 회맹했다는 기록이 보인다. 이러한 내용은 백제와 왜가 긴밀한 관계를 유지했음을 보여준다. 실제로 4세기 후반 백제는 고구려와 치열한 대립 속에서 왜와의 군사적 연대를 강화하고, 남부 해안 세력과의 교류를 통해 외교망을 넓혀 갔다.

한편 이 무렵 백제와 신라의 관계는 기사에 보이는 것처럼 항상 적대적인 것은 아니었다. 『삼국사기

』에 따르면 신라 내물이사금(奈勿尼師今) 11년(366)과 13년(368)에 각각 백제사람이 예물을 가지고 찾아오거나, 좋은 말을 바치는 등 우호적인 기사가 확인된다. 백제가 신라에게 우호적으로 접근한 것은 고구려와 맞서기 위한 외교 전략의 일환이었다. 이렇듯 백제가 왜, 신라와 밀접하게 교류했던 배경에는 당시 국제정세에 따른 군사적 도움이라는 목적이 존재했다.

신라의 경우는 내물이사금 때부터 왜의 침입을 받았고, 광개토왕의 원조를 받아 왜군을 격퇴하였다. 이어 실성이사금(實聖尼師今) 원년(402)에는 왜와 우호를 맺고 미사흔(未斯欣)을 인질로 보냈는데, 백제와 왜 연합을 견제하기 위한 외교적 선택으로 해석된다.

결국 4세기 후반부터 5세기 무렵의 백제·신라·왜 관계는 단순한 적대가 아니라, 고구려와의 세력 균형 속에서 상호견제와 군사 협력을 병행하는 복합적 양상으로 전개되었다. 『일본서기』의 해당 기사는 비록 사실성에는 한계가 있지만, 교차 자료와 함께 검토할 때 삼국과 왜 사이의 긴밀한 외교·군사적 이해관계를 보여주는 중요한 단서가 된다. 또한 이를 통해 동아시아 국제 질서 속에서 한국 고대사의 위상을 살펴볼 수 있다는 점에서 의미가 크다.

이 글의 내용은 집필자의 개인적 견해이며, 국사편찬위원회의 공식적 견해와 다를 수 있습니다.

참고문헌

논문

김기섭, 「4~5세기 동아시아 국제정세와 백제의 외교정책」, 『백제문화』 56, 2017.
김현구, 「「신공기(神功紀)」 가라평정기사(加羅平定記事)에 관한 일고찰(一考察)」, 『사총』 39, 1991.
우재병, 「5~6세기 왜의 백제에 대한 경제적 지원과 그 배경」, 『선사와 고대』 76, 2024.
채미하, 「제상(堤上)의 미사흔(未斯欣) 구출과정과 신라의 성장」, 『신라사학보』 25, 2012.

저서

김현구 외, 『일본서기 한국관계기사 연구 (1)』, 일지사, 2002.
연민수 외, 『역주 일본서기 1』, 동북아역사재단, 2013.

편저

관련사이트

[http://db.history.go.kr/id/jm_001r_0050_0080] 『일본서기』 권9, 신공황후 47년 4월, 국사편찬위원회 한국사데이터베이스

[http://db.history.go.kr/id/sg_003r_0030_0020] 『삼국사기』 권3, 신라본기3, 실성이사금 원년 3월, 국사편찬위원회 한국사데이터베이스",,https://contents.history.go.kr/front/hm/view.do?levelId=hm_013_0100,"사료로 본 한국사\items\hm_age_20_삼국 시대\hm_ty_010_정치\hm_013_0100_신라와 백제, 그리고 왜의 삼각관계.md"
82,hm_age_20,삼국 시대,hm_ty_010,정치,hm_013_0110,4세기 한·일 간 교류,삼국 시대 > 정치 > 삼국의 국제관계 > 4세기 한·일 간 교류,"2년 이 해에 임나(任那) 사람 소나갈질지(蘇那曷叱知)가 자기 나라에 돌아가고 싶다고 청하였다. 아마 선대 천황의 시대에 조공하러 왔다가 돌아가지 않았던 것이다. 그러므로 소나갈질지에게 많은 상을 주고 붉은 비단 1백 필을 가지고 가 임나왕에게 하사하였다. 그러나 신라인이 길에서 그를 막고 빼앗았다. 그 두 나라의 원한은 이 때 처음으로 시작되었다. [다른 이야기가 있는데 다음과 같다. 어간성(御間城) 천황(스진천황) 때에 이마에 뿔이 난 사람이 한 척의 배에 타고 월국(越國) 사반포(笥飯浦)에 정박하였다. 그래서 그 곳을 각록(角鹿)이라고 불렀다. 그에게 “어느 나라 사람인가”라고 물으니, 대답하기를, “의부가라국(意富加羅國) 왕의 아들로, 이름은 도노아아라사등(都怒我阿羅斯等)인데 우사기아리질지간기(于斯岐阿利叱智干岐)라고도 합니다. 일본국(日本國)에 훌륭한 임금이 있다고 전해 들었으므로 귀화하려 합니다. 혈문(穴門)에 도착했을 때, 그 나라에 이도도비고(伊都都比古)라는 사람이 있었는데, 저에게 ‘나는 이 나라의 왕이다. 나를 제외하고 또 다른 왕은 없다. 그러므로 다른 곳으로 가지 말라’고 하였습니다. 그런데 제가 그 사람됨을 자세히 살펴보니 결코 왕이 아님을 알았습니다. 곧 다시 그 곳에서 물러났으나 길을 몰라 섬과 포구에 오랫동안 머물다가 북해(北海)로부터 돌아 출운국(出雲國)을 거쳐 이 곳에 왔습니다”라고 하였다. 이 때 천황이 죽었다. 이곳에 머물며 活目(활목) 천황(스이닌천황)에게 벼슬하길 3년에 이르렀다. 천황이 도노아아라사등에게 “너희 나라로 돌아가고 싶은가”라고 묻자, “매우 바랍니다”라고 답하였다. 천황이 아라사등에게 “네가 길을 잃지 않고 빨리 왔다면 선대 천황을 뵙고 섬겼을 것이다. 그러니 너희 본국의 이름을 고쳐서 어간성천황의 이름(미마키)을 따서 바로 너희 나라 이름으로 하라”고 명하였다. 그리고 붉은 비단을 아라사등에게 주어 본토에 돌아가게 하였다. 그 나라 이름을 미마나국(彌摩那國)이라 부르는 것은 이러한 이유 때문이다. 이때 아라사등은 (그가) 받은 붉은 비단을 자기나라의 군부(郡府)에 보관하였는데, 신라인들이 그것을 듣고 군사를 일으켜 그 나라에 와서 그 붉은 비단을 모두 빼앗았다. 이것이 두 나라가 서로 원한을 맺은 시작이다. 또 다른 설이 있는데 다음과 같다. 과거에 도노아아라사등이 자기 나라에 있을 때에 황소에 농기구를 싣고 시골에 가려고 했는데, 황소가 홀연히 사라져 그 자취를 찾아보니 발자취가 한 관아에서 멈췄다. 이때 한 노인이 “네가 찾는 소는 이 관아 안으로 들어갔다. 그런데 군공(郡公) 등이 ‘소가 짊어진 물건으로 미루어 보니 반드시 잡아먹으려는 것이다. 만약 그 주인이 찾아오면 물건으로 값을 치르자’라 하고 곧 잡아먹었다. 만약 소 값으로 어떤 물건을 얻기를 바라는지 물으면 재물을 바란다고 하지 말고 군(郡)에서 제사 지내는 신(神)을 얻고자 할 뿐이라고 말하라”고 하였다. 얼마 후 군공 등이 와서 “소 값으로 어떤 물건을 얻기를 바라는가”라고 하자, 노인이 가르쳐준 대로 대답하였다. 그들이 제사 지내는 신은 흰 돌이었다. 이에 흰 돌을 소 값으로 주니 가지고 와서 침실 속에 두었더니, 그 신령한 돌이 아름다운 소녀로 변하였다. 이에 아라사등이 크게 기뻐하여 동침하고자 하였다. 그런데 아라사등이 다른 곳에 간 사이 소녀가 홀연히 사라졌다. 아라사등이 크게 놀라 자기 부인에게 “소녀가 어느 곳으로 갔소”라고 물으니, “동쪽을 향했습니다”고 대답하였다. 곧 찾기 시작하여 마침내 멀리 바다를 건너 일본국에 들어왔다. 그가 찾던 소녀는 난파(難波)에 이르러 비매어증사(比賣語曾社)의 신이 되었고 또 풍국(豐國)의 국전군(國前郡)에 이르러 다시 비매어증사의 신이 되었으니, 두 곳에서 함께 제사를 받았다.]

『일본서기』 권6, 스이닌 천황 2년 일서(기원전 28)

3년 봄 3월 신라 왕자 천일창(天日槍)이 와서 귀화했다. 가지고 온 물건은 우태옥(羽太玉) 1개, 족고옥(足高玉) 1개, 제녹녹적석옥(鵜鹿鹿赤石玉) 1개, 출석(出石)의 소도(小刀) 1자루, 출석의 창 1자루, 일경(日鏡) 1개, 웅신리(熊神籬) 1구 등 7가지였는데, 단마국(但馬國)에 보관하여 항상 신물(神物)로 삼았다. [다른 이야기가 있는데 다음과 같다. 처음에 천일창이 작은 배를 타고 파마국(播磨國)에 정박하여 육속읍(宍粟邑)에 있었다. 이때 천황이 삼륜군(三輪君)의 시조 대우주(大友主)와 왜직(倭直)의 시조 장미시(長尾市)를 파마에 보내어 천일창에게, “너는 누구이며, 또 어느 나라 사람인가”라고 물었다. 천일창이, “저는 신라 국왕의 아들입니다. 그런데 일본국에 훌륭한 임금이 있다는 말을 듣고 제 나라를 동생 지고(知古)에게 주고 귀화하였습니다”라 대답하고, 물건을 바쳤는데 엽세주(葉細珠), 족고주(足高珠), 제녹녹적석주(鵜鹿鹿赤石珠), 출석의 칼, 출석의 창, 일경, 웅신리, 담협천(膽狹淺)의 큰 칼 등 8가지였다. 이에 (천황이) 천일창에게, “파마국의 육속읍이나 담로도(淡路島)의 출천읍(出淺邑)의 두 읍을 다스리고 그곳에서 네가 뜻하는 대로 살도록 하라”고 명하였다. 이때 천일창이, “신이 장차 살 곳에 대하여 만일 천은(天恩)을 내리시어 신의 마음이 원하는 곳을 허락하신다면, 신이 직접 여러 나라를 돌아보고 신의 마음에 드는 곳을 지급 받았으면 합니다”라고 아뢰니, 이를 허락하였다. 이때 천일창이 도도하(菟道河)로부터 거슬러 올라가 북쪽으로 근강국(近江國) 오명읍(吾名邑)에 들어가 잠시 머물다가 다시 근강으로부터 약협국(若狹國)을 거쳐 서쪽으로 단마국에 이르러 살 곳을 정하였다. 근강국 경촌(鏡村) 골짜기의 옹기장이는 바로 천일창을 따라온 사람이다. 그러므로 천일창은 단마국 출도(出嶋) 사람 태이(太耳)의 딸 마다오(麻多烏)와 결혼하여 단마제조(但馬諸助)를 낳았다. 제조는 단마일유저(但馬日楢杵)를 낳고 일유저는 청언(淸彦)을 낳았으며 청언은 전도간수(田道間守)를 낳았다.]

『일본서기』 권6, 스이닌 천황 3년(2)","(二年) 是歲 任那人蘇那曷叱智請之 欲歸于國 蓋先皇之世來朝未還歟 故敦賞蘇那曷叱智 仍齎赤絹一百匹 賜任那王 然新羅人遮之於道而奪焉 其二國之怨 始起於是時也 [一云 御間城天皇之世 額有角人 乘一船 泊于越國笥飯浦 故號其處曰角鹿也 問之曰 何國人也 對曰 意富加羅國王之子 名都怒我阿羅斯等 亦名曰于斯岐阿利叱智干岐 傳聞日本國有聖皇 以歸化之 到于穴門時 其國有人 名伊都都比古 謂臣曰 吾則是國王也 除吾復無二王 故勿往他處 然臣究見其爲人 必知非王也 卽更還之 不知道路 留連嶋浦 自北海廻之 經出雲國至於此間也 是時遇天皇崩 便留之 仕活目天皇逮于三年 天皇問都怒我阿羅斯等曰 欲歸汝國耶 對諮 甚望也 天皇詔阿羅斯等曰 汝不迷道必速詣之 遇先皇而仕歟 是以 改汝本國名 追負御間城天皇御名 便爲汝國名 仍以赤織絹給阿羅斯等 返于本土 故號其國謂彌摩那國 其是之緣也 於是 阿羅斯等以所給赤絹 藏于己國郡府 新羅人聞之 起兵至之 皆奪其赤絹 是二國相怨之始也 一云 初都怒我阿羅斯等 有國之時 黃牛負田器 將往田舍 黃牛忽失則尋 迹覓之 跡留一郡家中 時有一老夫曰 汝所求牛者 入於此郡家中 然郡公等曰 由牛所負物而推之 必設殺食 若其主覓至 則以物償耳 卽殺食也 若問牛直欲得何物 莫望財物 便欲得郡內祭神云爾 俄而郡公等到之曰 牛直欲得何物 對如老父之敎 其所祭神 是白石也 乃以白石 授牛直 因以將來置于寢中 其神石化美麗童女 於是 阿羅斯等大歡之欲合 然阿羅斯等去他處之間 童女忽失也 阿羅斯等大驚之 問己婦曰 童女何處去矣 對曰 向東方 則尋追求 遂遠浮海以入日本國 所求童女者 詣于難波爲比賣語曾社神 且至豊國國前郡 復爲比賣語曾社神 竝二處見祭焉]

『日本書紀』 卷6, 垂仁天皇 2年 一書(기원전 28)

三年春三月 新羅王子天日槍來歸焉 將來物 羽太玉一箇 足高玉一箇 鵜鹿鹿赤石玉一箇 出石小刀一口 出石桙一枝 日鏡一面 熊神籬一具 幷七物 則藏于但馬國 常爲神物也 [一云 初天日槍 乘艇泊于播磨國 在於宍粟邑 時天皇遣三輪君祖大友主 與倭直祖長尾市於播磨 而問天日槍曰 汝也誰人 且何國人也 天日槍對曰 僕新羅國主之子也 然聞日本國有聖皇 則以己國授弟知古而化歸之 仍貢獻物 葉細珠 足高珠 鵜鹿鹿赤石珠 出石刀子 出石槍 日鏡 熊神籬 膽狹淺大刀 幷八物 仍詔天日槍曰 播磨國宍粟邑 淡路島出淺邑 是二邑 汝任意居之 時天日槍啓之曰 臣將住處 若垂天恩 聽臣情願地者 臣親歷視諸國 則合于臣心欲被給 乃聽之 於是 天日槍自菟道河泝之 北入近江國吾名邑而暫住 復更自近江經若狹國 西到但馬國則定住處也 是以 近江國鏡村谷陶人 則天日槍之從人也 故天日槍娶但馬國出嶋人 太耳女麻多烏 生丹馬諸助也 諸助生但馬日楢杵 日楢杵生淸彦淸彦生田道間守之]

『日本書紀』 卷6, 卷6, 垂仁天皇 3年(2)","『일본서기(日本書紀)』는 일본 천황의 만세일계(萬世一系)를 입증할 정치적 목적에서 8세기에 편찬된 자료로, 사료로 활용하기에 여러 문제점이 있다. 특히, 5세기 중반 이전의 기록들은 연대를 특정하기 어렵고, 사실과 다른 내용이 많아서 유의할 필요가 있다. 대체로 6세기에 해당하는 권17 계체기(繼體紀) 이후의 기록들만 연대기 사료로 활용하고 있다.

첫 번째와 두 번째 사료는 모두 『일본서기』 권6 수인기(垂仁紀) 기사들로, 기원전후라는 연대는 그대로 믿기 어렵다. 또, 이 기록들에서 사용되고 있는 특정 단어들 예컨대, 천황(天皇), 성황(聖皇), 조(詔), 사(賜), 천은(天恩), 내조(來朝), 공헌(貢獻) 등과 같이, 중국의 영향을 받아 8세기경 만들어진 천황 중심적 세계관이 투영된 단어들은 내용의 사실 여부 역시 의심하게 한다. 다만, 왜(倭)가 일찍부터 바다 건너의 가야/임나(任那)와 신라를 인지하고 있었다는 사실과 그들과 교류하고 있었다는 사실 정도를 추정할 수 있을 뿐이다.

첫 번째 사료는 가야/임나 출신의 인물이 바다 건너 왜와 교류한 내용으로, 본문과 주석을 통해 세 가지 버전의 이야기를 전하고 있다. 임나 출신의 소나갈질지(蘇那曷叱知) 혹은 의부가라국(意富加羅國)의 왕자 도노아아라사등(都怒我阿羅斯等)/우사기아리질지간기(于斯岐阿利叱智干岐)는 동일 인물로 파악된다. 의부가라는 ‘오오가라’로 훈독되어 ‘대가야’로 해석되는데, 고령의 대가야를 의미한다고 보기도 하지만, ‘큰 가야’, 즉 유력한 가야로서 김해의 금관가야/남가라 혹은 함안의 아라가야/안라국을 가리킨다고 보기도 한다. 한편, 도노아아라사등의 인명 중 아라사등은 『일본서기』 계체기와 민달기(敏達紀)에 등장하는 아리사등(阿利斯等/阿利斯登)과 유사한데, 이에 따라 모두 동일인의 인명으로 보기도 하는 반면, 아라사등/아리사등을 위호(位號)로 보아 각기 다른 인물로 보기도 한다. 만약 동일인으로 본다면, 수인기의 이 기사는 후대의 내용이 부회된 것으로 해석될 수 있다.

한편, 이 인물이 왜로 건너간 이유에 대해서는 조공을 위해, 혹은 훌륭한 임금을 좇아 귀화하기 위해, 혹은 사라진 소녀신(小女神)을 찾기 위해 등 세 가지 버전이 모두 다르다. 단, 두 가지 버전에서 결과적으로 이 인물은 다시 가야/임나로 돌아오는데, 이때 붉은 비단을 가지고 돌아온다는 점과 그 비단을 신라가 빼앗았다는 점을 동일하게 전한다. 일본학계는 대체로 『일본서기』에 전하는 수인천황 시대를 일본의 고분시대(古墳時代) 전기, 즉 4세기경으로 비정하는데, 마침 〈광개토왕비

〉에 전하는 4세기 후반 한반도 남부의 국제관계가 고구려-신라의 연합과 가야-왜 연합 간의 대립으로 파악된다는 점에서, 이 사료에서 확인되는 신라에 대한 적대적 묘사를 주목하기도 한다. 다시 말해, 이 사료를 통해 4세기경 가야/임나와 왜의 교류관계 및 가야/임나와 신라의 적대관계가 방증된다고 볼 수 있다.

두 번째 사료는 신라 왕자 천일창(天日槍)이 각종 옥/구슬과 의기(儀器)를 가지고 왜로 건너갔다는 내용이다. 주석에는 전하는 다른 버전이 전하는데, 그와 그의 일행이 신라에서 왜로 이주한 것으로 전하고 있다. 『고사기(古事記)』에 등장하는 신라 왕자 천지일모(天之日矛)와 동일인물로 해석된다. 단, 『고사기』에서 천지일모의 행적은 첫 번째 사료에 등장했던 도노아아라사등의 세 번째 버전, 즉 어린 소녀신을 쫓아서 나니와(難波)에 도달한 내용과 흡사하다. 이뿐만 아니라, 『삼국유사

(三國遺事)』에 전하는 연오랑(延烏郞)과 세오녀(細烏女)의 이주 전승, 『섭진국풍토기(攝津國風土記)』에 전하는 신라인 부부의 이주 전승 등, 천일창 설화와 동일한 모티브의 이주 전승이 여러 형태로 전하고 있다.

특히, 이 사료에 전하듯 천일창이 가져온 것이 옥/구슬과 거울, 칼 등 일본 야요이시대(彌生時代, 기원전 3세기~3세기) 수장(首長)과 같은 지배층을 상징하는 물건들이라는 점과 신라에서 왜로의 이주 주체가 왕자 등의 지배층으로 표현된다는 점 등을 토대로, 신라가 주변 소국을 복속시켜 나가던 2세기 후반, 이른바 신라의 국가형성기에 신라의 팽창에 밀려난 주변 소국의 지배세력이 신라에 흡수되지 않고, 본거지를 떠나 일본 열도로 이주했던 역사적 사실을 반영한다고 보기도 한다.

이 글의 내용은 집필자의 개인적 견해이며, 국사편찬위원회의 공식적 견해와 다를 수 있습니다.

참고문헌

논문

백승옥, 「『일본서기』에 보이는 아라사등의 정체와 그의 외교활동」, 『한국민족문화』 51, 2014.
백승충, 「‘아리사등’ 사료의 기초적 검토」, 『지역과 역사』 43, 2018.
연민수, 「연오랑·세오녀 전승을 통해 본 신라와 왜」, 『일본학보』 97, 2013.
이근우, 「고대의 낙동강 하구와 왜」, 『역사와 세계』 41, 2012.
정동준, 「『일본서기』의 가야 인식과 사료적 활용」, 창원대학교 경남학연구센터, 『가야사의 제문제-가야사 새로 보기-』, 2022.

저서

이재석, 『고대 한일관계와 『일본서기』 : 『일본서기』의 허상과 실상』, 동국아역사재단, 2019.

편저

김현구·박현숙·우재병·이재석, 『일본서기 한국관계기사 연구 (1)』, 일지사, 2002.

관련사이트

[https://db.history.go.kr/id/jm_001r_0030_0010] 『일본서기』 권6, 스이닌 천황 2년 일서(기원전 28), 국사편찬위원회 한국사데이터베이스

[https://db.history.go.kr/id/jm_001r_0030_0020] 『일본서기』 권6, 스이닌 천황 3년(2), 국사편찬위원회 한국사데이터베이스",,https://contents.history.go.kr/front/hm/view.do?levelId=hm_013_0110,사료로 본 한국사\items\hm_age_20_삼국 시대\hm_ty_010_정치\hm_013_0110_4세기 한·일 간 교류.md
83,hm_age_20,삼국 시대,hm_ty_010,정치,hm_013_0120,고구려와 전연의 대립과 위기,삼국 시대 > 정치 > 삼국의 국제관계 > 고구려와 전연의 대립과 위기,"겨울 10월에 연(燕)의 왕 (모용)황이 용성(龍城)으로 도읍을 옮겼다. 입위장군(立威將軍)인 (모용(慕容))한(翰)이 청하기를 먼저 고구려를 공격하여 취하고, 다음으로 우문부(宇文部)를 멸망시킨 연후에야 중원을 도모할 수 있다고 하였다. (당시) 고구려에는 두 개의 길이 있었는데, 북도(北道)는 평평하고 넓고, 남도(南道)는 험하고 좁아 군신(群臣)들은 북도를 경유하려고 하였다. (모용)한이 말하기를, “오랑캐(고구려)는 통상적인 생각으로 헤아려 반드시 대군이 북도를 경유할 것이라 여겨 당연히 북도를 중시하고 남도를 가벼이 여길 것입니다. 왕께서는 마땅히 정예 병력을 거느리고 남도를 따라 (고구려를) 공격하여 그들이 생각하지 못했던 방법으로 나아가신다면 환도(丸都)는 족히 취할 것도 못 됩니다. 별도로 소규모 부대를 보내 북도로 나아간다면 설령 차질이 있더라도 그 심장부가 이미 무너졌으니 팔과 다리(四肢)는 할 수 있는 것이 없을 것입니다.”라고 하였다. 모용황이 그 말을 따랐다.

『삼국사기』 권18, 고구려본기 6, 고국원왕 12년

11월에 (모용)황이 스스로 정예병[勁兵] 40,000명을 거느리고 남도(南道)로 출정하여, 모용한과 모용패(慕容覇)를 선봉으로 삼고, 별도로 장사(長史) 왕우(王寓) 등을 보내 병력 15,000명을 거느리고 북도(北道)로 출정하게 하여 (고구려를) 침공하였다. 왕이 동생 무(武)를 보내 정예병[精兵] 50,000명을 거느리고 북도를 막게 하고, 자신은 약한 병력을 거느리고 남도(南道)를 방어하였다. 모용한 등이 먼저 도착하여 싸우고 [모용]황이 대군으로 계속 이어서 오니 우리 군대가 크게 패하였다. 좌장사(左長史) 한수(韓壽)가 우리 장수 아불화도가(阿佛和度加)의 목을 베니 (전연의) 여러 부대가 승기를 타고 마침내 환도성으로 진입하였다. 왕이 단기(單騎)로 달아나 단웅곡(斷熊谷)으로 들어갔다. 장군 모여니(慕輿埿)가 추격하여 왕의 어머니 주씨(周氏)와 왕비를 사로잡아 돌아갔다. 마침 왕우 등이 북도에서 싸우다가 모두 패하여 죽었다. 이로 말미암아 (모용)황이 다시 끝까지 추격하지 않고 사신을 보내 왕을 불렀으나 왕이 나가지 않았다. (모용)황이 돌아가려 하는데, 한수가 말하기를, “고구려 땅은 지킬 수 없습니다. 지금 그 왕은 도망가고 백성은 흩어져 산골짜기로 들어가 숨어 엎드려 있습니다. 대군이 떠나가면 반드시 다시 결집하여 살아남은 무리를 모을 것이니 오히려 걱정거리가 될 것입니다. 청하옵건대 그 아버지의 시신을 싣고, 생모(生母)를 볼모로 잡아 귀국해서 (고구려왕이) 자기 몸을 묶어 스스로 항복해 오기를 기다린 연후에 돌려주십시오. 은덕과 신뢰로 위무하는 것이 상책입니다.”라고 하였다. (모용)황이 그 말에 따라 미천왕의 묘(廟)를 파서 그 시신을 싣고, 창고에 있던 여러 대의 보물을 거두고, 남녀 5만여 명을 사로잡고, 궁실을 불태우고, 환도성을 파괴하고 돌아갔다.

『삼국사기』 권18, 고구려본기 6, 고국원왕 12년

2년(385) 여름 6월에 왕이 병력 40,000명을 내어 요동을 습격하였다. 이에 앞서 연의 왕 (모용)수가 대방왕(帶方王) (모용)좌(慕容佐)에게 명하여 용성(龍城)을 지키게 하였다. 모용좌는 아군이 요동을 습격하였다는 것을 듣고 사마(司馬) 학경(郝景)을 보내 병력을 거느리고 구원하게 하였다. 아군이 공격하여 (전연의 구원병을) 물리치고, 마침내 요동과 현도를 점령하고, 남녀 10,000명을 포로로 잡아 돌아왔다.

『삼국사기』 권18 고구려본기6 고국양왕

[3년(386)] 가을 8월에 왕이 군대를 일으켜 남쪽으로 백제를 정벌하였다.

『삼국사기』 권18 고구려본기6 고국양왕

9년(392) 봄에 사신을 신라에 보내 화친을 맺으니 신라왕이 조카 실성(實聖)을 보내서 볼모로 삼았다.

『삼국사기』 권18 고구려본기6 고국양왕","冬十月, 燕王皝遷都龍城. 立威將軍翰請先取髙句麗, 後滅宇文, 然後中原可圖. 髙句麗有二道, 其北道平闊, 南道險狹, 衆欲從北道. 翰曰, “虜以常情料之, 必謂大軍從北道, 當重北而輕南. 王冝帥銳兵, 從南道擊之, 出其不意, 北都不足取也. 別遣偏師, 出北道, 縱有蹉跌, 其腹心已潰, 四支無能爲也.” 皝從之.

『三國史記』 卷18, 髙句麗本紀 6, 故國原王 12年

十一月, 皝自將勁兵四萬, 出南道, 以慕容翰·慕容覇爲前鋒, 別遣長史王㝢等, 將兵萬五千, 出北道以來侵. 王遣弟武, 帥精兵五萬, 拒北道, 自帥羸兵, 以偹南道. 慕容翰等先至戰, 皝以大衆繼之, 我兵大敗. 左長史韓壽斬我將阿佛和度加, 諸軍乗勝, 遂入丸都. 王單騎走入斷熊谷. 將軍慕輿埿, 追獲王母周氏及王妃而歸. 㑹王寓等, 戰於北道, 皆敗沒. 由是, 皝不復窮追, 遣使招王, 王不出. 皝將還, 韓壽曰, “髙句麗之地, 不可戍守. 今其主亡, 民散潛伏山谷. 大軍旣去, 必復鳩聚, 收其餘燼, 猶足爲患. 請載其父尸, 囚其生母而歸, 俟其束身自歸, 然後返之. 撫以恩信, 䇿之上也.” 皝從之, 發羙川王廟, 載其尸, 収其府庫累世之寶, 虜男女五萬餘口, 燒其宫室, 毀丸都城而還.

『三國史記』 卷18, 髙句麗本紀 6, 故國原王 12年

二年, 夏六月, 王出兵四萬, 襲遼東. 先是, 燕王垂命帶方王佐, 鎮龍城. 佐聞我軍襲遼東, 遣司馬郝景, 將兵救之. 我軍擊敗之, 遂䧟遼東·玄菟, 虜男女一萬口而還.

『三國史記』 卷18 髙句麗本紀6 故國壤王

秋八月, 王發兵, 南伐百濟.

『三國史記』 卷18 髙句麗本紀6 故國壤王

九年, 春, 遣使新羅修好, 新羅王遣姪實聖為質.

『三國史記』 卷18 髙句麗本紀6 故國壤王","이 사료는 고구려 16대 국왕 고국원왕(故國原王) 시기 전연(前燕)과의 전쟁, 그리고 뒤를 이은 고국양왕(故國壤王) 시기 전연과의 경쟁 및 주변 국가들과의 교섭에 대한 내용이다. 4세기 중국에서는 서진(西晉) 제국의 붕괴와 이에 따른 혼란을 틈타 중국 주변의 유목민족들이 대거 유입되고, 이들이 장강 이북의 중원 땅을 차지하는 ‘오호십육국(五胡十六國) 시대가 열리게 되었다. 동북 방면에서는 오호 중 하나였던 선비족(鮮卑)이 급부상했으며, 그 중 전연은 모용부(慕容部) 선비가 세운 국가였다.

4세기 무렵 모용선비는 세력을 확장하며 중원 지역으로의 침투를 모색하고 있었다. 그 과정에서 같은 선비족 일파인 단부(段部), 우문부(宇文部)와 경쟁하는 한편, 그보다 동쪽에서 세력을 한창 확대하고 있던 고구려와도 충돌하기에 이른다. 고구려와의 충돌은 요동 일대를 둘러싼 경쟁으로 인한 결과로, 이 경쟁은 4세기 고구려의 미천왕(美川王) 대에 들어서 더욱 격심해졌는데, 이때 고구려는 단부, 우문부 세력과 연합하여 모용선비와 격돌하기도 하였다. 비록 연합 세력의 모용부 공격은 실패로 돌아갔으나, 이후에도 요동반도를 둔 고구려와의 경쟁은 이어지게 된다.

미천왕의 뒤를 이은 고국원왕 시기에도 요동을 둘러싼 모용선비와의 대립은 계속되는 한편, 고구려에서는 이들과 경쟁하는 세력과의 연대를 모색하기도 하였다. 고구려는 330년 후조에 사신을 파견하여 호시(楛矢)를 헌상하였고, 332년에도 사신을 파견하였다. 이어서 336년에는 동진(東晉)에 사신을 파견하여 토산물을 바쳤다. 이는 고구려가 전연 주변에 그들과 대립하는 집단과의 연대를 꾀하는 전략의 일환으로 풀이된다. 이러한 고구려의 활동은 중원 진출을 모색하고 있었던 전연에게 큰 부담이었으며, 전연 내에서는 우문부와 고구려를 확고하게 제압해야 한다는 여론이 형성되었다. 그 결과 전연의 국왕 모용황(慕容皝)이 직접 군을 이끌고 고구려를 침공하였다.

이 당시 고구려에서는 수도인 국내성(國內城)으로 통하는 두 개의 길, 남도와 북도가 있었다. 위 기록에서 나타나는 것처럼 북도는 평탄하고 넓은 경로였던 반면, 남도는 험하고 좁은 경로였다고 한다. 그러나 그 외에는 사료상에서 자세한 설명이 없기 때문에, 이 남도와 북도의 정확한 경로에 대해서는 오늘날 학계에서 논란이 분분하다. 남도의 경우 훈허(渾河)·쑤즈허(蘇子河)를 통해 훈강(渾江)을 경유하는 경로, 푸얼 강(富爾江)-훈강(渾江) 등을 경유하는 경로, 타이츠허(太子河)에서 훈 강을 경유하는 경로 등의 설이 제시되었으며, 북도는 훈허·쑤즈허를 통해 훈 강으로 진입하는 경로에서부터 유하(柳河), 혼발하(輝發河)를 경유하는 경로 등 다양한 설이 있다. 비록 정확한 경로에 대해서는 여전히 논란이 있으나, 당시 전연이 차지하고 있던 중국 랴오양(遼陽) 일대에서부터 강을 따라 국내성이 위치한 지안 일대로 나아가는 길이었던 것임은 분명할 것이다.

위의 기록에 따르면 북도는 평탄하여 대군의 진격에 적합하였지만, 전연군은 고구려의 허를 찌르기 위해 모용황이 직접 이끄는 대군이 남도로 진격하고, 북도로는 그보다 적은 수의 별동군이 이동했다고 한다. 전연군의 예상대로 고구려에서는 북도 방면으로 왕의 동생에게 정예군을 거느리고 방어하게 하는 한편, 반대로 남도는 고국원왕 본인이 소규모 병력으로 지키고 있었다. 결국 남도 방면에서 고구려가 패배하면서 수도까지 함락되고 만다. 이때 왕은 도주하였지만, 그의 모친과 왕비가 사로잡히고 부친인 미천왕의 왕릉이 도굴되며 시신을 빼앗긴다. 오늘날 고구려의 왕릉 중 지안시의 서대묘(西大墓)에는 대규모 파손 흔적이 남아있는데, 이를 도굴 흔적으로 파악하면서 미천왕릉에 비정한다.

패전 후 고구려는 한동안 전연에 대해 저자세를 취해야만 했다. 343년 고구려는 왕의 동생을 전연에 보내 신하를 칭하면서 물건을 바치는데, 이때 탈취당한 미천왕의 시신을 돌려받을 수 있었지만, 고국원왕의 모친은 여전히 억류되어 있었다. 이후 355년 고국원왕은 사신을 파견하여 모친을 돌려받는 한편, 전연으로부터 정동대장군(征東大將軍) 영주자사(營州刺史) 낙랑공(樂浪公) 등의 책봉호를 받는 등 신하의 입장을 감내해야만 했다.

고국원왕 대의 고구려는 남쪽의 백제와의 대립에서도 패배를 겪으며 더욱 위기에 몰리게 되었다. 이 시기 백제와의 대립은 미천왕 시기 고구려가 차지한 평안남도의 낙랑군

(樂浪郡)과 황해도 대방군

(帶方郡)의 땅을 둘러싼 각축이었다. 당시 백제는 근초고왕(近肖古王)이 내부 체제를 정비하는 한편, 남쪽의 마한을 비롯한 주변 지역에 대해 활발한 정복 전쟁을 수행하고 있었다. 이 과정에서 중요한 요충지인 낙랑·대방 지역에 진출하려는 백제와, 이를 저지하려는 고구려의 충돌은 피할 수 없는 것이었다. 고국원왕은 직접 평양 지역에 행차하여 백제군과 대립하였으나, 369년 오늘날의 황해도 배천 일대로 비정되는 치양(雉壤)에서의 전투에서 참패를 겪게 된다. 그리고 고국원왕 자신도 이어서 평양성을 공격해 온 백제군의 화살에 맞아 전사하기에 이른다.

이처럼 전연 및 백제와의 경쟁에서 연패를 겪고 국왕까지 사망한 고구려는 열세를 면치 못하고 있었으나, 고국원왕의 뒤를 이은 소수림왕

(小獸林王) 대에 전환점을 맞이하게 된다. 고구려는 소수림왕

2년(372) 태학 설립과 불교 수용, 3년(373) 율령(律令) 반포 등을 통해 대대적으로 국가 체제를 재정비하였으며, 이는 전대에 겪은 주변 세력과의 경쟁과 열세를 극복하기 위한 노력의 일환이었다고 할 수 있다.

소수림왕

과 그 뒤를 이은 고국양왕(故國壤王) 대에도 전연·백제와의 대립은 이어지고 있었다. 그러나 이 시기 고구려는 내부 체제 정비가 결실을 보며 점차 주변 국가들과의 경쟁에서 우위를 차지하게 된다. 위의 사료에서 보이는 것처럼 385년 고국양왕 시기에는 병력 4만을 파견하여 전연과 각축하던 요동군과 현도군의 땅을 차지하였으며, 전연이 파견한 사마(司馬) 학경(郝景)의 반격도 막아낸다. 비록 이 시기 차지한 요동과 현도의 땅은 이 해 전연에게 다시 빼앗겼지만, 이후 고구려는 광개토왕, 장수왕의 시기에 이르기까지 요동 일대에 대한 지배권을 확고하게 다지고, 전연과 뒤를 이은 후연(後燕)에 대해 우세를 차지하기에 이른다.

또 고국양왕 시기 고구려는 남쪽에서도 서서히 우위를 차지하게 되는데, 386년 백제에 대해 공세를 가하는 한편, 신라 국왕의 조카 실성을 인질로 삼으며 신라에 대한 우위까지 점한다. 이처럼 고국원왕 시기 전연의 침략과 패전을 겪으며 위기에 빠졌던 고구려는 소수림왕

대의 체제 정비를 통해 국력을 재정비하고, 고국양왕 시기에는 다시 전연과 백제 등에 대한 우위를 서서히 점하고 있었다. 그리고 이와 같은 우위는 광개토왕

(廣開土王) 시기를 거치면서 절정에 달하게 된다.

이 글의 내용은 집필자의 개인적 견해이며, 국사편찬위원회의 공식적 견해와 다를 수 있습니다.

참고문헌

논문

공석구, 「고구려와 모용‘연’의 전쟁과 그 의미」, 『동북아역사논총』 15, 2007.
기경량, 「4세기 고구려 ‘南道·北道’의 실체와 그 성격」, 『한국문화』 73, 2016.
손영종, 「고구려의 남도·북도와 환도성의 위치에 대하여」, 『력사과학』 1989-3·4, 1989.
여호규, 「3세기 후반~4세기 전반 고구려의 교통로와 지방통치조직」, 『한국사연구』 91, 1995.
여호규, 「4세기 동아시아 국제질서와 고구려 대외정책의 변화」, 『역사와 현실』 36, 2000.
이정빈, 「4세기 전반 고구려의 해양활동과 황해 - 고구려와 후조·모용선비의 관계를 중심으로」, 『歷史와 實學』 59, 2016.
임기환, 「고구려 전기 산성 연구」, 『국사관논총』 82, 1998.
장창은, 「4세기대 고구려의 국제관계와 이주민 동향」, 『고구려발해연구』 77, 2023.
田中俊明, 「성곽시설로 고구려의 방어체계」, 『고구려연구』 8, 1999.
정원철, 「고구려 남도･북도와 고구려 산성의 축성」, 『동국사학』 50, 2011.
지배선, 「고구려와 鮮卑의 전쟁」, 『高句麗硏究』 24, 2006.

저서

지배선, 『中世東北亞史硏究-慕容王國史-』, 일조각, 1986.
여호규, 『고구려 초기 정치사 연구』, 신서원, 2014.
양시은, 『고구려 성 연구』, 진인진, 2016.

관련사이트

[https://db.history.go.kr/id/sg_018r_0020_0130] 『삼국사기』 권18, 고구려본기 6, 고국원왕 12년, 국사편찬위원회 한국사데이터베이스

[https://db.history.go.kr/id/sg_018r_0020_0140] 『삼국사기』 권18, 고구려본기 6, 고국원왕 12년, 한국사데이터베이스

[https://db.history.go.kr/id/sg_018_0040_0020] 『삼국사기』 권18 고구려본기6 고국양왕, 국사편찬위원회 한국사데이터베이스

[https://db.history.go.kr/id/sg_018_0040_0060] 『삼국사기』 권18 고구려본기6 고국양왕, 국사편찬위원회 한국사데이터베이스

[https://db.history.go.kr/id/sg_018_0040_0130] 『삼국사기』 권18 고구려본기6 고국양왕, 국사편찬위원회 한국사데이터베이스",,https://contents.history.go.kr/front/hm/view.do?levelId=hm_013_0120,사료로 본 한국사\items\hm_age_20_삼국 시대\hm_ty_010_정치\hm_013_0120_고구려와 전연의 대립과 위기.md
84,hm_age_20,삼국 시대,hm_ty_010,정치,hm_014_0010,고구려와 수의 전쟁,삼국 시대 > 정치 > 통일로 가는 길 > 고구려와 수의 전쟁,"을지문덕(乙支文德)은 그 계보가 분명하지 않다. 자질이 침착하고 굳세며 지략이 있었고, 아울러 문장을 짓고 해석할 수 있었다. 수나라 개황(開皇) 연간(581~600, 평원왕 23~영양왕 11)에 양제(煬帝)가 조서를 내려 고구려를 정벌하도록 하였다. 이에 좌익위대장군(左翊衛大將軍) 우문술(宇文述)은 부여도(扶餘道)로 나가고, 우익위대장군(右翊衛大將軍) 우중문(于仲文)은 낙랑도(樂浪道)로 나가 9군(九軍)과 함께 압록수(鴨淥水)에 이르렀다.

을지문덕은 왕명을 받고 수나라 군영에 나가 거짓으로 항복하였는데 사실은 그 허실(虛實)을 보기 위해서였다. 이보다 앞서 우문술과 우중문은 (수양제의) 밀지(密旨)를 받았는데, 만약 고구려의 왕이나 을지문덕이 와서 만나거든 이들을 잡으라는 것이었다. 우중문 등은 을지문덕을 억류해 두고자 하였는데, 상서우승(尙書右丞) 유사룡(劉士龍)이 위무사(慰撫使)로 있으면서 강하게 제지하므로 마침내 그의 의견을 따랐다. 우중문 등은 을지문덕이 돌아가자 깊이 후회하였다. 사람을 보내 을지문덕을 속여서 “다시 의논할 것이 있으니 돌아오기 바란다.”라고 전하였으나, 을지문덕은 돌아보지 않고 마침내 압록수를 건너서 돌아갔다. 우문술과 우중문은 이미 을지문덕을 놓쳤다고 여기고 마음속으로 불안해 하였다.

우문술은 군량이 다 떨어졌기 때문에 돌아가고자 하였지만, 우중문은 정예병으로 을지문덕을 추격하면 공을 세울 수 있다고 생각하였다. 우문술이 이를 제지하자, 우중문은 화를 내며 “장군은 10만 병력으로 작은 적조차 패배시키지 못하면서 무슨 낯으로 황제를 알현할 수 있겠는가?”라고 하였다. 우문술은 어쩔 수 없이 우중문의 의견을 따랐다.

수나라 군대는 압록수를 건너 그를 추격하였다. 을지문덕은 수나라 군사가 굶주린 기색이 있음을 보고, 그들을 지치게 만들고자 매번 싸울 때마다 쉽게 패배하였다. 우문술은 하루 동안에도 7번 싸워서 모두 이겼다. 우문술은 이미 여러 차례 승리를 거두었다는 것을 믿고, 또한 여러 사람들의 의견에 쫓겨서 마침내 진군하였다. 동쪽으로 살수(薩水)를 건너 평양성(平壤城)으로부터 30리 떨어진 곳의 산에 의지하여 군영을 세웠다. 을지문덕이 우중문에게 시(詩)를 보냈다. “신묘한 계책은 천문(天文)을 꿰뚫었고 지리(地理)를 다하였네. 싸워서 이긴 공이 이미 높았으니 만족할 줄 안다면 그치면 어떠할까!” 우중문은 답서를 보내 을지문덕을 타일렀다.

을지문덕이 다시 사신을 보내 거짓으로 항복하고 우문술에게 요청하기를, “만약 군사를 돌리신다면, 마땅히 왕을 모시고 행재소(行在所)로 가서 입조(入朝)하겠습니다”라고 하였다. 우문술은 병사들이 지친 것을 보고 다시 싸우기는 힘들다고 여겼고, 또한 평양성의 지형이 험하고 수비가 단단하여 갑자기 함락시키기 어렵다고 생각하였다. 마침내 그 거짓 항복을 이유로 삼아 회군하였다.

수나라 군대는 방형으로 진을 갖추고 행군하였는데, 을지문덕이 군사를 내어 사면(四面)에서 이들을 습격하여 쳐부수었다. 우문술 등은 싸우고 행군하기를 반복하였다. 살수에 이르러 수나라 군대가 살수를 반쯤 건너자, 을지문덕이 군사를 내보내 그 후군(後軍)을 공격하였다. 우둔위장군(右屯衛將軍) 신세웅(辛世雄)을 죽이니, 이에 수나라의 여러 군사가 모두 무너져 막을 수 없었다. 수나라 9군(九軍)의 장수와 병졸이 도망쳐 돌아갔다. 하루 밤낮에 압록수에 이르렀으니, 450리를 이동한 것이었다. 처음 요수(遼水)를 건넜을 때 9군(軍)의 군사가 30만 5000명이었는데, 요동성(遼東城)에 돌아온 것은 단지 2700명이었다.

『삼국사기

』권44, 「열전」4 을지문덕

乙攴文德, 未詳其世系. 資沈鷙有智數, 兼解屬文. 隋開皇中, 煬帝下詔, 征髙句麗. 扵是左翊衛大將軍宇文述出扶餘道, 右翊衛大將軍于仲文出樂浪道, 與九軍至鴨渌水.

文德受王命, 詣其營詐降, 實欲觀其虗實. 述與仲文先奉密旨, 若遇王及文德来, 則執之. 仲文等將留之, 尚書右丞劉士龍爲慰撫使, 固止之, 遂聽. 文德歸, 深悔之. 遣人紿文德曰, 更欲有議, 可復來, 文德不顧, 遂濟鴨渌而歸. 述與仲文既失文德, 内不自安.

述以粮盡欲還, 仲文謂以精銳追文德, 可以有㓛. 述止之, 仲文怒曰, 將軍仗十萬兵, 不能破小賊, 何顔以見帝. 述等不得已而従之.

度鴨渌水追之. 文德見隋軍士有饑色, 欲疲之, 每戰輙北. 述等一日之中七戰皆捷. 既恃驟勝, 又逼群議, 遂進. 東濟薩水, 去平壤城三十里, 因山爲營. 文德遺仲文詩曰. 神䇿究天文, 妙筭窮地理. 戰勝功旣髙, 知足願云止. 仲文荅書諭之.

文德又遣使詐降, 請於述曰, 若旋師者, 當奉王朝行在所. 述見士卒疲弊, 不可復戰, 又平壤城險固, 難以猝柭. 遂因其詐而還.

爲方陣而行, 文德出軍四面鈔擊之. 述等且戰且行, 至薩水. 軍半濟, 文德進軍撃其後軍. 殺右屯衛將軍辛丗雄, 於是諸軍俱潰, 不可禁止. 九軍將士奔還, 一日一夜, 至鴨渌水, 行四百五十里. 初度遼九軍三十萬五千人, 及還至遼東城, 唯二千七百人.

『三國史記』卷44, 「列傳」4 乙支文德

이 사료는 을지문덕(乙支文德, ?~?)이 수나라 양제의 군대를 크게 무찌른 살수대첩(薩水大捷)

에 관한 내용을 전하고 있다. 6세기 후반 수나라가 중원을 통일하면서 동아시아 국제 질서는 전면적으로 변하였다. 4~6세기 중반 중원 지역은 남북조의 여러 나라로 분열되어 있어서 어느 한 나라가 절대적인 우위를 차지하지 못하였다. 남북조의 여러 나라는 물론이고 북방의 유연(柔軟)과 서방의 토욕혼(吐谷渾), 그리고 동방의 고구려 역시 국제 관계의 중요한 축을 담당하며 세력 균형을 이루었지만 수나라가 중원 지역을 통일하며 이 세력 균형이 무너졌다. 수나라는 자국을 중심으로 한 국제 질서를 구축하고자 했고, 이를 위해 주변의 여러 나라를 압박하였다. 고구려 역시 수나라의 압박에 직면하였다.

고구려가 수나라와 국경을 마주한 것은 583년(평원왕 25년)이었다. 수나라는 요서 지역의 고보녕(高寶寧) 세력을 제압하고 이곳으로 진출하여 현재의 조양시(朝陽市)에 영주총관부(營州總管府)를 설치하고 그 영향력을 확대하였다. 590년(평원왕 32년) 수문제(文帝, 재위 581~604)가 고구려의 평원왕(平原王, 재위 559~590)에게 보낸 새서(璽書)

옥새가 찍혀 있는 문서

를 통해 알 수 있듯이 수나라 중심의 국제 질서를 고구려에 강요하였다. 고구려는 가급적 수나라와의 대립을 피하며 기존 동북아시아의 국제 질서를 유지하고자 했지만 수나라의 압박 수위가 점차 높아지자, 598년(고구려 영양왕 9년) 요서 지역에 대한 선제공격을 감행하였다. 이에 수 문제는 30만의 병력을 동원해 고구려를 공격했으나, 수나라의 육군은 여름 장마를 만나 군량 수송에 어려움을 겪어야 했고 전염병마저 발생하였다. 또한 수군(水軍)은 태풍을 만나 크게 고생했다. 결국 수나라는 상당한 병력을 잃고 회군할 수밖에 없었다.

이후 고구려와 수나라의 관계는 표면적으로 안정된 것처럼 보였다. 그러나 수나라는 요서 지역에 군진(軍鎭)을 설치하고 대규모 장기전을 치밀히 계획하였다. 고구려 역시 이를 주시하며 전쟁에 대비하였다. 그리고 612년(영양왕 23년) 수양제(隋煬帝, 재위 604~618년)가 112만 명이라는 역사상 최대의 규모의 병력으로 고구려를 침공하여 일대 전쟁이 시작되었다. 이 전쟁에 관해서는 『수서(隋書)』와 『자치통감(資治通鑑)』의 기록이 가장 중요하고 또한 상세하다. 『삼국사기

』 역시 고구려와 수나라의 전쟁을 기록하였지만 대부분 『수서』와 『자치통감』을 전재한 것이다. 다만 『삼국사기

』 「열전」의 을지문덕전(乙支文德傳)은 전쟁의 승부를 결정한 이른바 살수대첩

에 관한 내용이 요령껏 정리되어 있으므로 간명히 참조하기 편리하다.

이 사료에서도 보이듯이 살수대첩

은 수양제의 112만 대군 중 우중문(于仲文)과 우문술(宇文述)의 별동대를 을지문덕이 대파한 전투였다. 수양제는 요하를 건너 요동 지역에 있는 고구려의 여러 성을 공격하였지만 어느 곳 하나도 함락시키지 못하고 시일만 끌었다. 이에 우중술과 우중문으로 하여금 30만의 별동대를 파견해 평양성을 직접 공격하도록 한 것이다. 그러나 고구려의 을지문덕은 수나라의 별동대가 군수(軍需)에 어려움을 겪고 있음을 알고 그들을 평양성까지 유인한 뒤 군수(軍需) 문제로 퇴각하는 수나라의 별동대를 살수에서 공격해 궤멸시켰다. 결국 612년 수양제가 전군(全軍)을 퇴각시킴으로써 고구려와 수나라의 전쟁은 사실상 승패가 결정되었다.

수양제는 613년(영양왕 24년)과 614년(영양왕 25년)에 고구려를 다시 공격하였다. 그러나 수나라의 무리한 고구려 공격은 경제적 파탄을 초래하였고, 결국 613년 양현감(楊玄感)의 반란을 비롯한 여러 차례의 내란이 이어지면서 마침내 수 왕조는 단명하고, 당(唐) 왕조가 새롭게 수립되었다. 전쟁은 수나라뿐만 아니라 고구려 사회에도 중요한 변화를 가져 왔다. 비록 고구려는 수나라의 공격을 물리침으로써 국제적 위상은 확보할 수 있었지만, 전쟁을 수행하기 위하여 많은 인력과 물자를 소모하지 않을 수 없었다. 특히 자국의 영역이 전쟁터로 쓰이며 사회 생산력이 감소하였다. 이는 향후 대외 정책뿐 아니라 정치 운영에도 중요한 영향을 주었을 것으로 짐작되는데, 아직까지 구체적인 내용에 관해서는 연구가 부족한 실정이다.

한편, 이 사료에는 을지문덕이 우중문에게 보냈다는 시가 전하는 데, 이는 현전하는 우리나라 최초의 오언 고체시(五言古體詩)로 한문학적(漢文學的) 의의도 크다. 겉으로는 상대방을 칭송하듯이 꾸몄지만 반어적(反語的)인 의미로 허세를 꼬집었다고 할 수 있다. 특히 “만족할 줄 안다면 그치면 어떠할까!”라고 한 구절은 『도덕경(道德經)』에서 인용한 것으로 후대의 여러 유학자 역시 높이 평가하고 있다.

이 글의 내용은 집필자의 개인적 견해이며, 국사편찬위원회의 공식적 견해와 다를 수 있습니다.

참고문헌

저서

노태돈, 『고구려사 연구』, 사계절, 1999.
노태돈, 『삼국통일전쟁사』, 서울대학교 출판부, 2009.
서인한, 『고구려 대수⋅당전쟁사』, 국방부 전사편찬연구소, 1991.
이병도, 『한국고대사연구』, 박영사, 1976.
이종욱, 『고구려의 역사』, 김영사, 2005.
임기환, 『고구려 정치사 연구』, 한나래, 2004.

관련사이트

[http://db.history.go.kr/id/sg_044r_0020_0010] 국사편찬위원회 한국사데이터베이스",,,,https://contents.history.go.kr/front/hm/view.do?levelId=hm_014_0010,사료로 본 한국사\items\hm_age_20_삼국 시대\hm_ty_010_정치\hm_014_0010_고구려와 수의 전쟁.md
85,hm_age_20,삼국 시대,hm_ty_010,정치,hm_014_0020,고구려와 당의 전쟁,삼국 시대 > 정치 > 통일로 가는 길 > 고구려와 당의 전쟁,"[보장왕 4년(645)] 여러 장수가 안시성(安市城)을 급히 공격하였다. 황제가 성 안에서 닭과 돼지 소리를 듣고 이세적(李世勣)에게 말하였다. “성을 포위한 지 오래되어 성 안에서 밥 짓는 연기가 날마다 줄어들었는데, 오늘 닭과 돼지가 매우 심하게 우니 이는 반드시 군사를 먹이고 밤에 나와서 우리를 습격하고자 하는 것이다. 마땅히 군사를 엄히 하여 그에 대비하도록 하라!”

그날 밤에 우리 군사 수백 인이 줄을 타고 성을 내려갔다. 황제가 이를 듣고 성 아래에 이르자 군사를 불러 갑자기 공격하니, 우리 군사 중 죽은 자가 수십 인이었고 남은 군사 역시 퇴각하였다. 강하왕(江夏王) 도종(道宗)은 군사를 감독해 성의 동남쪽 모서리에서 토산(土山)을 쌓고 성을 위협하였는데, 성 안에서도 또한 성벽을 높이 쌓고 그에 맞섰다. 사졸(士卒)은 번(番)을 나누어 교대로 전투하였는데, 교전이 하루에 6~7회 있었다. 충차(衝車)와 포석(礮石)으로 그 성첩(樓堞)을 무너뜨리면 성 안에서는 목책(木柵)을 세워서 그 무너진 곳을 막았다. 도종이 발을 다치자 황제가 친히 그에게 침을 놓아 주었다. 토산을 쌓기를 밤낮으로 쉬지 않았으니, 60일 동안 인력을 들인 것이 50만 명이었고 토산의 정상은 성에서 몇 길 떨어져 아래로 성 안을 내려다볼 수 있었다.

도종은 과의(果毅) 부복애(傅伏愛)로 하여금 군사를 거느리고 토산의 정상에 주둔하며 적을 대비하도록 하였는데, 토산이 무너지며 성을 눌러서 성이 무너졌다. 이때 부복애는 사사로이 인솔 부대를 떠나 있었는데, 우리 군사 수백 인은 성이 무너진 곳으로 나아가 싸워 토산을 빼앗고 점거하였으며 해자(垓字)를 파서 이를 지켰다. 황제가 노하여 부복애를 참수하고 이를 두루 돌리고, 여러 장수에게 명하여 안시성을 공격하도록 하였지만 3일 동안 이길 수 없었다.

……(중략)…… 황제는 요동이 일찍 추워져서 풀이 마르고 물이 얼므로 군사와 군마가 오래 머물기 어렵고, 또한 군량이 떨어져갔으므로 명하여 철군(撤軍)하도록 하였다.

『삼국사기

』권21, 「고구려본기」9 보장왕(상) 4년

諸將急攻安市. 帝聞城中雞彘聲, 謂世勣曰. 圍城積久, 城中烟火日微, 今鷄彘甚喧, 此必饗士, 欲夜出襲我. 宜嚴兵備之.

是夜, 我軍數百人, 縋城而下. 帝聞之, 自至城下, 召兵急撃, 我軍死者數十人, 餘軍退走. 江夏王道宗督衆, 築土山於城東南隅, 浸逼其城, 城中亦増高其城, 以拒之. 士卒分番, 交戰日六七合. 衝車⋅礮石壞其樓堞, 城中隨立木柵, 以塞其缺. 道宗傷足, 帝親爲之針. 築山晝夜不息, 九六旬, 用㓛五十萬, 山頂去城數丈, 下臨城中.

道宗使果毅傅伏愛, 將兵屯山頂以備敵, 山頹壓城, 城崩. 會伏愛私離所部, 我軍數百人從城缺出戰, 遂奪㨿1)

1)

주자본과 을해목활자본에는 據으로 되어 있다.

土山, 壍2)

2)

주자본과 을해목활자본에는 塹으로 되어 있다.

而守之. 帝怒斬伏愛以徇, 命諸將攻之, 三日不能克.

……(中略)…… 帝以遼左早寒, 草枯水凍, 士馬難久留, 且糧食將盡, 勑班師.

『三國史記』卷21, 「高句麗本紀」9 寶藏王(上) 4年

주자본과 을해목활자본에는 據으로 되어 있다. [https://contents.history.go.kr#csid_1]

주자본과 을해목활자본에는 塹으로 되어 있다. [https://contents.history.go.kr#csid_2]

이 사료는 645년(보장왕 4년) 고구려와 당나라의 전쟁 중 이른바 ‘안시성(安市城) 전투’와 관련한 『삼국사기(三國史記)

』 「고구려본기(高句麗本紀)」의 기사이다. 내용은 모두 『구당서(舊唐書)』와 『신당서(新唐書)』, 그리고 『자치통감(資治通鑑)』의 기록을 바탕으로 하였지만, ‘우리 군사’라고 표현한 것처럼 고구려의 관점에서 다시 서술하였다.

618년 수(隋)나라의 멸망으로 중원 지역은 혼란에 휩싸였지만, 곧이어 당(唐)나라가 건국되어 이를 수습함으로써 당 중심의 동아시아 국제 질서가 구축되었다. 특히 당나라를 건국한 고조(高祖) 이연(李淵, 재위 618~626)과 그 뒤를 이은 태종(太宗) 이세민(李世民, 재위 626~649)은 전국의 반발 세력을 차례로 제압하고 628년 마침내 중원 지역을 온전히 장악하였으며, 주변의 여러 나라 역시 당 중심의 국제질서 속으로 편입시키고자 노력하였다.

고구려(高句麗)는 이와 같은 국제 정세의 변화를 주시하며 624년(영류왕 7년)부터 연개소문(淵蓋蘇文, ?~666)

으로 하여금 천리장성(千里長城)을 축조해 당나라의 공격에 대비하는 한편, 당나라와 가급적 화친 관계를 유지하고자 하였다. 이후 연개소문

이 정변을 일으켜 정권을 장악하였는데, 그 역시 당나라로부터 도교(道敎)를 수용하고 지속적으로 사신을 파견하며 우호를 다지고자 했다. 당태종 역시 고구려를 공격하고자 했지만, 수나라의 실패가 부담스러워 표면적으로는 화친을 유지하였다. 그런데 당나라는 640년대부터 내정(內政)이 안정되고 643년 신라의 구원 요청을 받자, 645년 당태종이 친히 대규모 군사를 이끌고 고구려를 공격하였다.

당나라는 수나라의 실패를 교훈 삼아 수년 동안 고구려와의 전쟁을 치밀하게 준비했고, 반면 고구려는 전쟁 초기 고전하였다. 당나라는 신성(新城)과 개모성(蓋牟城), 요동성(遼東城)과 백암성(白巖城)을 비롯하여 요동 지역에 자리한 고구려의 주요 군사적 거점을 함락시킨 후, 그 기세를 몰아 대군을 모은 후 안시성으로 대대적인 공세를 감행하였다. 안시성의 위치에 관해서는 일찍부터 논란이 많았지만, 대부분 현재의 영성자산성(英城子山城)으로 비정하고 있다. 영성자산성은 현재 중국 요령성(遼寧省) 해성시(海城市) 동남쪽 8km 지점에 위치하고 있는데, 발해만 방면에서 수암(岫巖)으로 통하는 교통로 상에 위치하며 평원 지대에서 산악 지대로 들어가는 입구에 해당한다. 안시성이 함락될 경우 고구려는 요동 지역의 여러 군사적 거점을 잃을 뿐만 아니라 압록강 너머 평양성까지 공격받을 수 있었다.

이러한 위기 상황 속에서 고구려 조정은 고연수(高延壽)와 고혜진(高惠眞)으로 하여금 15만의 대규모 병력을 이끌고 안시성을 구원하도록 하였다. 그러나 고연수와 고혜진의 15만 군사는 전술적인 판단 착오로 대패하고 당나라에 투항하고 말았다. 이에 따라 안시성은 홀로 당나라의 군대에 맞서야 했다.

당나라는 토산(土山)을 축조해 안시성을 압박하고, 충차(衝車)와 포석(礮石)과 같은 공성(攻城) 무기를 동원해 안시성을 함락하고자 하였다. 그렇지만 안시성에서는 신속하고 정확한 상황 판단으로 이를 막아 냈다. 당나라는 음력 7월 초부터 본격적으로 안시성을 공략했지만, 9월 중순까지 안시성을 함락시킬 수 없었고, 마침내 9월 18일 철군 명령을 내리며 전쟁을 매듭지었다.

645년(보장왕 4년) 고구려와 당나라의 전쟁은 안시성의 성공적인 수성전(守城戰)이 결정적인 역할을 했다. 이 점에서 안시성 전투는 후대까지 널리 회자되었다. 특히 안시성 성주(城主)의 이름이 양만춘(楊萬春)으로 알려지며 유명해졌다. 그러나 대부분의 1차 사료에서 안시성 성주의 성명은 전하지 않고 있으므로 성주가 양만춘이었다고 단언할 수는 없다. 양만춘의 이름은 송준길(宋浚吉, 1606~1672)의 『동춘당 선생 별집(同春堂先生別集)』과 박지원(朴趾源, 1737~1805)의 『열하일기(熱河日記)』와 같은 후대의 기록에서만 찾아볼 수 있다.

이 글의 내용은 집필자의 개인적 견해이며, 국사편찬위원회의 공식적 견해와 다를 수 있습니다.

참고문헌

저서

『고구려사 연구』, 노태돈, 사계절, 1999.
『삼국통일전쟁사』, 노태돈, 서울대학교 출판부, 2009.
『고구려 대수⋅당전쟁사』, 서인한, 국방부 전사편찬연구소, 1991.
『한국고대사연구』, 이병도, 박영사, 1976.
『고구려의 역사』, 이종욱, 김영사, 2005.
『고구려 정치사 연구』, 임기환, 한나래, 2004.

관련사이트

[http://db.history.go.kr/id/sg_021r_0020_0220] 국사편찬위원회 한국사데이터베이스",,,,https://contents.history.go.kr/front/hm/view.do?levelId=hm_014_0020,사료로 본 한국사\items\hm_age_20_삼국 시대\hm_ty_010_정치\hm_014_0020_고구려와 당의 전쟁.md
86,hm_age_20,삼국 시대,hm_ty_010,정치,hm_014_0030,김춘추와 김유신,삼국 시대 > 정치 > 통일로 가는 길 > 김춘추와 김유신,"선덕대왕(善德大王) 11년 임인년(642)에 백제가 대량주(大梁州)를 함락하자 김춘추(春秋) 공의 딸 고타소랑(古陁炤娘)이 남편 김품석(金品釋)을 따라 죽었다. 김춘추는 이를 한스러워하며 고구려의 군사를 청하여 백제에 대한 원한을 갚고자 하였으며, 왕이 이를 허락하였다. 김춘추가 장차 떠나려 할 때 김유신에게 이르기를, “저와 공은 한몸이고 나라의 중신[股肱]이 되었으니 지금 제가 만약 저기에 들어가 해를 입는다면 공은 무심할 수 있겠습니까?”라고 하였다. 김유신이 말하기를, “공이 만약 가서 돌아오지 않는다면 저의 말발굽이 반드시 고구려와 백제 두 왕의 뜰을 짓밟을 것입니다. 진실로 이와 같지 않다면 장차 무슨 면목으로 나라 사람들을 보겠습니까?”라고 하였다. 김춘추는 감격하여 기뻐하여 공과 더불어 손가락을 깨물어 피를 마시며 맹세하면서 말하기를, “제가 날짜를 헤아려보니 60일이면 돌아올 것입니다. 만일 이 기간이 지나도 돌아오지 않는다면 다시 볼 기약이 없을 것입니다.”라고 말하였다. 드디어 서로 헤어졌고, 후에 김유신은 압량주(押梁州) 군주(軍主)가 되었다. ……(중략)……

김춘추가 고구려에 들어가 60일이 지나도록 돌아오지 않으니 김유신은 국내의 날랜 병사 3000명을 뽑아 그들에게 말하기를, “내가 들으니 위태로움을 보면 목숨을 바치며, 어려움이 닥치면 자기 자신을 잊는 것이 열사(烈士)의 뜻이라 한다. 대체로 한 사람이 목숨을 다하면 100명을 당해 낼 수 있고, 100명이 목숨을 다하면 1000명을 당해 낼 수 있고, 1000명이 목숨을 다하면 1만 명을 당해 낼 수 있으니, 3000명이면 곧 천하를 마음대로 할 수 있을 것이다. 지금 나라의 어진 재상이 다른 나라에 억류되어 있으니 두렵다 하여 어려움을 당해 내지 않겠는가?”라고 하였다.

이에 여러 사람이 말하기를, “비록 만 번 죽고 한 번 사는 곳으로 나가더라도 감히 장군의 명령을 따르지 않겠습니까?”라고 말하였다. 드디어 왕에게 청해 출병할 기일을 정하였다. 그때 고구려 첩자인 승려 덕창(德昌)이 사람을 시켜 김유신의 출병 준비 소식을 고구려 왕에게 고하였다. 왕은 앞서 김춘추가 맹세하는 말을 들었고 또 첩자의 이야기를 듣고서 감히 다시 붙잡아 둘 수가 없어 후하게 예우하여 돌려보냈다.

김춘추는 국경을 벗어나자 자신을 안내해 준 사람에게 이르기를, “나는 백제에 대한 원한을 풀고자 군사를 청하러 왔으나 대왕께서는 이를 허락하지 않으시고 도리어 땅을 요구하셨으니 이는 신하가 마음대로 할 수 있는 것이 아니오. 지난 번 대왕께 글을 드린 것은 죽음을 면하기 위함이었을 뿐이오.”라고 하였다
【이는 본기(本記) 진평왕

12년에 적혀 있는 것과 같은 사건이지만 내용은 조금 다르다. 모두 고기(古記)에 전하는 것이므로 둘 다 남겨 둔다】
. ……(중략)……

진덕왕(眞德王) 태화(太和) 원년 무신(648년)에 김춘추는 앞서 고구려에 청병하였으나 이루지 못하여 마침내 당나라에 들어가 군사를 요청하였다. 태종(太宗) 황제가 말하기를, “너희 나라 김유신의 명성을 들었는데 그 사람됨이 어떠하냐?”라고 하였다. 김춘추가 대답하여 말하기를, “김유신은 비록 조금 재주와 지혜가 있지만 만약 천자의 위엄을 빌리지 않는다면 어찌 이웃한 근심거리를 쉽게 없애겠습니까?”라고 하였다. 황제가 말하기를, “진실로 군자의 나라로구나.”라고 하며 이에 청병을 허락하고는 장군 소정방(蘇定方)에게 군사 20만으로 백제를 정벌하러 가라는 조서를 내렸다.

이때 김유신은 압량주 군주(押梁州軍主)로 있었는데, 마치 군사 일에는 뜻이 없는 듯 술을 마시고 풍류를 즐기며 몇 달을 보냈다. 압량주의 사람들이 김유신을 어리석은 장수로 여겨 그를 비방하면서 말하기를, “여러 사람이 편안하게 지낸 날이 오래인지라 힘이 남아 한 번 싸워 볼 만한데도 장군께서는 게으르니 어이할 것인가.”라고 하였다. 김유신이 이를 듣고 백성들을 쓸 수 있음을 알아차리고는 대왕에게 고하기를, “지금 민심을 살펴보니 일을 벌일 만하옵니다. 청컨대 백제를 쳐 대량주에서의 치욕을 갚고자 하나이다.”라고 하였다. 왕이 말하기를, “작은 것이 큰 것을 범하려다가 위태로워지면 장차 어찌하겠는가?”라고 하였다. 김유신이 대답하여 말하기를, “군사가 이기고 지는 것은 크고 작은 데 달려 있는 것이 아니라 다만 사람들의 마음이 어떠한가에 달려 있을 따름이옵니다. 그러므로 주(紂) 임금에게는 아주 많은 사람이 있었지만 마음이 떠나고 덕이 떠났으므로, 주(周)나라의 10명의 어진 신하들이 마음을 합치고 덕을 합친 것만 같지 못하였사옵니다. 지금 저희들은 뜻이 같아서 더불어 죽고 사는 것을 함께 할 수 있으니 저 백제라는 것은 족히 두려할 것이 없나이다.” 하였다. 왕이 이에 허락하였다.

드디어 압량주의 군사들을 선발하여 단련시켜 적에게 나아가게 하여 대량성(大梁城) 밖에 이르렀는데, 백제가 오히려 미리 막고 있었다. 이기지 못하여 도망치는 체하면서 옥문곡(玉門谷)까지 이르니 백제가 그들을 가볍게 여겨 많은 병사를 거느리고 왔다. 복병이 그 앞뒤에서 일어나 공격하여 그들을 크게 물리쳤는데, 백제 장군 8명을 사로잡고 죽이거나 사로잡은 이가 1000명에 달하였다. 이에 사자를 시켜 백제 장군에게 말하기를, “우리 군주(軍主) 김품석과 그 처 김씨의 뼈가 너희 나라 옥중에 묻혀 있다. 그런데 지금 너희 비장(裨將) 8명이 나에게 잡혀 엉금엉금 기면서 살려 달라고 청하는 것을 보니, 나는 여우나 표범도 죽을 때는 머리를 제 살던 곳으로 향한다는 뜻이 생각나 차마 죽이지 못하고 있다. 이제 너희가 죽은 두 사람의 뼈를 보내 살아 있는 여덟 사람과 바꾸는 것이 어떠한가?”라고 하였다.

백제 중상(仲常)
【충상(忠常)이라고도 한다】
좌평(佐平)

이 왕에게 이야기하기를, “신라인의 해골을 가지고 있어도 이로울 것이 없으니 돌려보내는 것이 좋겠습니다. 만약 신라인이 신의를 저버려 우리 여덟 사람이 돌아오지 못한다면 잘못은 저들에게 있고 올바름은 우리에게 있으니 무슨 근심거리가 있겠사옵니까?”라고 하였다. 이에 김품석 부부의 뼈를 파내 관에 넣어 보냈다. 김유신이 말하기를, “하나의 잎이 떨어진다고 무성한 숲이 줄어들 것은 없으며, 하나의 티끌이 모이더라도 큰 산에는 더해지는 것이 없다.”라고 하면서 8명이 살아 돌아가는 것을 허락하였다. 드디어 승기를 타고 백제의 영역으로 들어가 악성(嶽城) 등 12성을 공격하여 빼앗고, 2만 명을 목 베어 죽였으며 9000명을 사로잡았다. 공을 논하여 김유신을 이찬(伊湌)으로 승진시키고 상주행군대총관(上州行軍大摠管)으로 삼았다. 또 적의 영역으로 들어가 진례성(進禮城) 등 9성을 무찔러 9000여 명을 목 베어 죽이고 포로로 600명을 획득하였다.

김춘추가 당나라에 들어갔다가 군사 20만을 청하여 얻고 돌아와 김유신을 보며 말하기를, “죽고 사는 것이 하늘의 뜻에 달려 있습니다. 이제 살아 돌아와 다시 공과 서로 만나게 되었으니 얼마나 다행입니까?”라고 하였다. 김유신이 대답하기를, “저는 나라의 위엄과 신령함에 의지하여 두 차례 백제와 크게 싸워 20성을 빼앗고 3만여 명을 죽이거나 사로잡았으며, 또한 김품석 공과 그 부인의 뼈는 고향으로 되돌아왔습니다. 이는 모두 하늘이 주신 다행스러움이 이른 것이지 제가 무슨 힘이 있었겠습니까?”라고 하였다.

『삼국사기

』권41, 「열전」1 김유신 상

善德大王十一年壬寅, 百濟敗大梁州, 春秋公女子古陁炤娘, 從夫品釋死焉. 春秋恨之, 欲請高句麗兵, 以報百濟之怨, 王許之. 將行, 謂庾信曰, 吾與公同體, 爲國股肱, 今我若入彼見害, 則公其無心乎. 庾信曰, 公若往而不還, 則僕之馬跡, 必踐於麗⋅濟兩王之庭. 苟不如此, 將何面目以見國人乎. 春秋感悅, 與公互噬手指, 歃血以盟曰, 吾計日六旬乃還. 若過此不來, 則無再見之期矣. 遂相別, 後庾信爲押梁州軍主. ……(中略)……

春秋入髙句麗, 過六旬未還, 庾信揀得國內勇士三千人, 相語曰, 吾聞見危致命, 臨難忘身者, 烈士之志也. 夫一人致死當百人, 百人致死當千人, 千人致死當萬人, 則可以橫行天下. 今國之賢相, 被他國之拘執, 其可畏不犯難乎.

於是衆人曰, 雖出萬死一生之中, 敢不從將軍之令乎. 遂請王, 以定行期. 時高句麗諜者浮屠德昌, 使告於王. 王前聞春秋盟辭, 又聞諜者之言, 不敢復留, 厚禮而歸之.

及出境, 謂送者曰, 吾欲釋憾於百濟, 故來請師, 大王不許之, 而反求土地, 此非臣所得專. 嚮與大王書者, 圖逭死耳
【此與本言眞平王十二年所書, 一事而小異. 以皆古記所傳, 故两存之.】
. ……(中略)……

眞德王太和元年戊申, 春秋以不得請於高句麗, 遂入唐乞師. 太宗皇帝曰, 聞爾國庾信之名, 其爲人也如何. 對曰, 庾信雖少有才智, 若不籍天威, 豈易除鄰患. 帝曰, 誠君子之國也, 乃詔許, 勑將軍蘇定方, 以師二十萬, 徂征百濟.

時庾信爲押梁州軍主, 若無意於軍事, 飮酒作樂, 屢經旬月. 州人以庾信爲庸將, 譏謗之曰, 衆人安居日久, 力有餘, 可以一戰, 而將軍慵惰, 如之何. 庾信聞之, 知民可用, 告大王曰, 今觀民心, 可以有事. 請伐百濟, 以報大梁州之役. 王曰, 以小觸大, 危將奈何. 對曰, 兵之勝否, 不在大小, 顧其人心何如耳. 故紂有億兆人, 離心離德, 不如周家十亂同心同德. 今吾人一意, 可與同死生, 彼百濟者不足畏也. 王乃許之.

遂簡練州兵赴敵, 至大梁城外, 百濟逆拒之. 佯北不勝, 至玉門谷, 百濟輕之, 大率衆來. 伏發撃其前後, 大敗之, 獲百濟將軍八人, 斬獲一千級. 於是使告百濟將軍曰, 我軍主品釋及其妻金氏之骨, 埋於爾國獄中. 今爾裨將八人, 見捉於我匍匐請命, 我以狐豹首丘山之意, 未忍殺之. 今爾送死二人之骨, 易生八人, 可乎.

百濟仲常
【一作忠常】
佐平言於王曰, 羅人骸骨, 留之無益, 可以送之. 若羅人失信, 不還我八人, 則曲在彼, 直在我, 何患之有. 乃掘品釋夫妻之骨, 櫝而送之. 庾信曰, 一葉落, 茂林無所損, 一塵集, 大山無所増, 許八人生還. 遂乗勝入百濟之境, 攻拔嶽城等十二城, 斬首二萬餘級, 生獲九千人. 論功増秩伊湌, 爲上州行軍大摠管. 又入賊境, 屠進禮等九城, 斬首九千餘級, 虜得六百人.

春秋入唐, 請得兵二十萬來, 見庾信曰, 死生有命. 故得生還, 復與公相見, 何幸如焉. 庾信對曰, 下臣仗國威靈, 再與百濟大戰, 拔城二十, 斬獲三萬餘人, 又使品釋公及其夫人之骨, 得反鄕里. 此皆天幸所致也, 吾何力焉.

『三國史記』卷41, 「列傳」1 金庾信 上

이 사료는 김춘추(金春秋, 604~661)와 김유신(金庾信, 595~673년)의 각별한 관계를 잘 보여 주는 것으로, 김춘추가 무열왕이 되어 삼국 통일의 초석을 다질 수 있었던 데는 누구보다 김유신의 도움이 컸음을 잘 말해 준다. 642년(신라 선덕왕 11년, 백제 의자왕 2년) 백제군이 지금의 경남 합천 일대인 대량주(大梁州)를 함락했는데, 이때 김춘추의 딸인 고타소랑(古陁炤娘, ?~642)이 남편 김품석(金品釋, ?~642)을 따라 죽었다. 김춘추는 이를 한스러워하며 고구려로부터 지원군을 얻어 백제에 대한 원한을 갚고자 하였다. 고구려로 건너가기에 앞서 김춘추는 김유신과 서로 손가락을 깨물어 피를 마시며 맹세할 정도로 사이가 남달랐다. 더욱이 고구려로 간 김춘추가 예정한 기일을 넘기자 김유신은 그와 약속한 대로 출병을 단행하려고 하였다. 이 점에서도 두 사람 사이의 단단한 결속이 확인된다. 후일 김유신이 대야성(일반인들에게 대야성이 친숙함)을 함락하고 백제 장군 8명을 사로잡아 이들을 김품석⋅고타소랑의 유해와 교환한 사실만 보더라도 김유신과 김춘추의 관계가 어떠했는지를 짐작할 수 있다.

그런데 대야성은 김춘추나 김유신에게 의미가 컸다. 김춘추는 대야성이 백제에 함락되어 사위와 딸을 잃는 비극을 겪게 되지만, 한편으로 그가 외교의 전면에 나서게 되는 계기기 되었다. 개인적 비극을 국가적 차원으로 승화시켜 정치⋅외교에서 눈부신 활약을 펼치며 마침내 왕위에 오르게 되었던 것이다. 반면에 김유신은 대야성을 되찾아 군사적 측면에서의 비중과 영향력을 한층 가중시켰다고 볼 수 있다. 김유신은 대야성 수복을 발판으로 삼아 약 20여 개의 백제 성을 빼앗는 한편 3만 명을 죽이거나 사로잡는 전공을 올리며 백제를 정벌하기 위한 교두보를 마련하였다.

한편 이 자료에서도 나타나 있듯이 김유신의 명성은 이미 당태종(太宗, 재위 626~649)조차 들었을 정도로 자자하였다. 즉, 김유신은 군권(軍權)을 확실하게 장악하고 있었을 뿐만 아니라 사람들로부터 인심까지 얻고 있었던 것이다. 반면 김춘추는 군사적 도움을 요청하기 위해 고구려는 물론이고 당나라에까지 다녀올 만큼 외교나 정치적인 면에서 두각을 나타내고 있었다. 따라서 김춘추와 김유신의 결속은 단순히 두 사람 사이의 연대 차원을 넘어 김춘추가 지닌 정치적 실권과 김유신이 지닌 군사력의 결합이란 의미를 지니고 있었고, 사실상 이 두 사람에 의해 신라 조정이 좌우되는 형태로 이어졌다고 해도 과언은 아니다. 그러면서 본격적인 통일 전쟁 상황으로 돌입하게 되었던 것이다.

이 글의 내용은 집필자의 개인적 견해이며, 국사편찬위원회의 공식적 견해와 다를 수 있습니다.

참고문헌

논문

「6세기 후반~7세기 전반 백제⋅신라의 전쟁과 대야성」,『신라문화』34,김창석,동국대 신라문화연구소,2009.
「연개소문과 김춘추」,『영향시민강좌』5,노태돈,일조각,1989.
「김유신-‘지성’으로 이룩한 삼국통일의 위업-」,『영향시민강좌』30,이기동,일조각,2002.

저서

『신라중고정치사연구』, 김덕원, 경인문화사, 2007.
『삼국통일전쟁사』, 노태돈, 서울대학교 출판부, 2009.
『김춘추의 집권과정 연구』, 박순교, 경북대학교 박사학위논문, 1999.
『한국고대사의 신연구』, 신형식, 일조각, 1984.
『신라삼국통합과 여⋅제패망원인연구』, 이호영, 서경문화사, 1997.

관련사이트

[http://db.history.go.kr/id/sg_041r_0020_0130] 국사편찬위원회 한국사데이터베이스",,,,https://contents.history.go.kr/front/hm/view.do?levelId=hm_014_0030,사료로 본 한국사\items\hm_age_20_삼국 시대\hm_ty_010_정치\hm_014_0030_김춘추와 김유신.md
87,hm_age_20,삼국 시대,hm_ty_010,정치,hm_014_0040,백제의 멸망 과정,삼국 시대 > 정치 > 통일로 가는 길 > 백제의 멸망 과정,"태종무열왕(太宗武烈王) 7년(660) 3월에 당 고종(高宗)이 좌무위대장군(左武衛大將軍) 소정방(蘇定方)을 신구도행군대총관(神丘道行軍大摠管)으로 삼고, 김인문(金仁問)을 부대총관(副大摠管)으로 삼아, 좌효위장군(左驍衛將軍) 유백영(劉伯英) 등 수군과 육군 13만 명을 거느리고 백제를 치게 하였다. 또한 칙명(勅命)으로 태종무열왕을 우이도행군총관(嵎夷道行軍總管)으로 삼아 군사를 거느리고 그들을 응원토록 하였다.

여름 5월 26일에 왕이 유신(庾信)⋅진주(眞珠)⋅천존(天存) 등과 함께 군사를 거느리고 서울을 출발하였다. 6월 18일에 태종무열왕이 남천정(南川停)에 다다랐다. 소정방은 내주(萊州)에서 출발하여 많은 배가 천 리에 이어져서 흐름을 따라 동쪽으로 내려왔다. 21일에 왕이 태자(太子) 법민(法敏)을 보내 병선(兵船) 100척을 거느리고 덕물도(德物島)에서 소정방을 맞이하였다. 소정방이 법민에게 말하기를, “나는 7월 10일에 백제의 남쪽에 이르러 대왕의 군대와 만나서 의자(義慈)의 도성(都城)을 깨뜨리고자 한다.”고 하였다. 법민이 말하기를, “대왕은 지금 대군(大軍)을 초조하게 기다리고 계십니다. 대장군(大將軍)께서 왔다는 것을 들으시면 필시 이부자리에서 새벽 진지를 잡숫고 오실 것입니다.” 하였다. 소정방이 기뻐하며 법민을 돌려보내 신라의 병마(兵馬)를 징발케 하였다. 법민이 돌아와서 소정방의 군대 형세가 매우 성대하다고 말하자 왕이 기쁨을 이기지 못하였다. 또 태자와 대장군 유신, 장군 품일(品日)과 흠춘(欽春)
【춘(春)을 또는 순(純)으로도 썼다.】
등에게 명하여 정예 군사 5만 명을 거느리고 그것에 부응하도록 하고, 왕은 금돌성(今突城)에 가서 머물렀다.

가을 7월 9일에 김유신 등이 황산(黃山) 벌판으로 진군하자 백제의 장군 계백(堦伯)

이 군사를 거느리고 와서 먼저 험한 곳을 차지하여 세 군데에 진영을 설치하고 기다리고 있었다. 김유신 등은 군사를 세 길로 나누어 네 번을 싸웠으나 전세가 불리하고 사졸(士卒)들은 힘이 다하였다. 장군 흠순이 아들 반굴(盤屈)에게 말하기를, “신하된 자로서는 충성만 한 것이 없고 자식으로서는 효도만 한 것이 없다. 이런 위급함을 보고 목숨을 바치면 충과 효, 두 가지 모두를 갖추게 된다.”라고 하였다. 반굴이 “삼가 분부를 알아듣겠습니다.”라고 하고, 곧 적진으로 뛰어들어 힘껏 싸우다가 죽었다.

좌장군(左將軍) 품일이 아들 관장(官狀)
【또는 관창(官昌)이라고도 하였다.】
을 불러서 말 앞에 세우고 여러 장수를 가리키며 말하기를, “내 아들은 나이가 겨우 열여섯이나 의지와 기백이 자못 용감하니, 오늘의 싸움에서 능히 삼군(三軍)의 모범이 되리라!”라고 하였다. 관장이 “예!”라고 하고는 갑옷 입힌 말을 타고 창 한 자루를 가지고 쏜살같이 적진으로 달려갔다가 적에게 사로잡혀서 산 채로 계백

에게 끌려갔다. 계백

이 투구를 벗기게 하였는데, 나이가 어리고 용감함을 아깝게 여겨 차마 해치지 못하고 탄식하며 말하기를, “신라에게 대적할 수 없겠구나. 소년도 오히려 이와 같은데 하물며 장정들이야!”라고 하고 살려서 보내도록 하였다.

관장이 돌아와서 아버지에게 말하기를, “제가 적진 속으로 들어가 장수를 베지도 못하고 깃발을 뽑아 오지도 못한 것은 죽음이 두려워서가 아닙니다.”라고 하였다. 말을 마치자 손으로 우물물을 떠서 마시고 다시 적진으로 가서 날쌔게 싸웠는데, 계백

이 사로잡아 머리를 베어 말안장에 매달아서 보냈다. 품일이 그 머리를 붙잡고 흐르는 피에 옷소매를 적시며 말하기를, “내 아이의 얼굴이 살아 있는 것 같구나! 왕을 위하여 죽을 수 있었으니 다행이다.”라고 하였다. 삼군이 그것을 보고 분에 받쳐서 죽을 마음으로 북을 치고 고함을 지르며 진격하자 백제의 무리가 크게 패하였다. 계백

은 죽고, 좌평(佐平)

충상(忠常)과 상영(常英) 등 20여 명을 사로잡았다.

이날에 정방은 부총관(副摠管) 김인문 등과 함께 기벌포(伎伐浦)에 도착하여 백제의 군사를 만나 맞아 싸워서 크게 깨뜨렸다. 김유신 등이 당나라 군대의 진영에 이르자, 정방은 김유신 등이 약속한 기일보다 늦었다고 하여 신라의 독군(督軍)인 김문영(金文潁)
【또는 영(永)으로도 썼다.】
을 군문(軍門)에서 목을 베려 하였다. 김유신이 무리들에게 말하기를, “대장군(大將軍)이 황산에서의 싸움을 보지도 않고 약속한 날짜에 늦은 것만을 가지고 죄를 삼으려고 하는데, 나는 죄가 없이 모욕을 받을 수 없다. 반드시 먼저 당나라 군사와 결전을 한 후에 백제를 깨뜨리겠다.”라고 하였다. 이에 큰 도끼를 잡고 군문에 섰는데, 성난 머리털이 곧추 서고 허리에 찬 보검이 저절로 칼집에서 튀어나왔다. 정방의 우장(右將)인 동보량(董寶亮)이 발을 밟으며 말하기를, “신라의 군사가 장차 변란을 일으킬 듯합니다.”라고 하자 정방이 곧 김문영을 풀어 주었다.

백제 왕자가 좌평

각가(覺伽)를 시켜서 당나라의 장군에게 글을 보내어 군대를 철수시킬 것을 애걸하였다.

12일에 당나라와 신라의 군사들이 의자의 도성을 에워싸기 위하여 소부리(所夫里) 벌판으로 나갔다. 정방이 꺼리는 바가 있어서 전진하지 않았으므로 유신이 그를 달래서 두 나라의 군사가 용감하게 네 길로 나란히 진격하였다. 백제 왕자가 또 상좌평(上佐平)

을 시켜서 제사에 쓸 가축과 많은 음식을 보냈으나 정방이 거절하였다. 의자왕의 서자(庶子)가 몸소 좌평

여섯 명과 함께 앞에 나와 죄를 빌었으나 그것도 물리쳤다.

13일에 의자왕이 좌우의 측근을 데리고 밤을 타서 도망하여 웅진성(熊津城)에서 몸을 보전하였다. 의자왕의 아들인 융(隆)이 대좌평(大佐平)

천복(千福) 등과 함께 나와서 항복하였다. 법민(法敏)이 융을 말 앞에 꿇어앉히고 얼굴에 침을 뱉으며 꾸짖어 말하기를, “예전에 너의 아비가 나의 누이를 억울하게 죽여서 옥중에 묻은 적이 있다. (그 일은) 나로 하여금 20년 동안 마음이 아프고 골치를 앓게 하였는데, 오늘 너의 목숨은 내 손안에 있구나!”라고 하였다. 융은 땅에 엎드려서 말이 없었다.

18일에 의자왕이 태자와 웅진방령(熊津方領)의 군사 등을 거느리고 웅진성으로부터 와서 항복하였다. 왕이 의자왕이 항복했음을 듣고 29일에 금돌성(今突城)에서 소부리성(所夫里城)에 이르러, 제감(弟監) 천복(天福)을 당나라에 보내 싸움에서 이겼음을 알렸다.

8월 2일에 주연(酒宴)을 크게 베풀고 장병들을 위로하였다. 왕과 정방 및 여러 장수는 당상(堂上)에 앉고, 의자와 그 아들 융은 당 아래에 앉혀서 때로 의자[왕]으로 하여금 술을 따르게 하니, 백제의 좌평

등 여러 신하 중 목이 메어 울지 않는 사람이 없었다.

이날 모척(毛尺)을 붙잡아서 목을 베었다. 모척은 본래 신라 사람으로 백제로 도망한 자인데, 대야성(大耶城)의 검일(黔日)과 함께 도모하여 성이 함락되도록 하였기 때문에 목을 벤 것이다. 또 검일을 잡아서 [죄목을] 헤아리며 말하기를, “네가 대야성에서 모척과 모의하여 백제의 군사를 끌어들이고 창고에 불을 질러서 없앴기 때문에 온 성안에 식량을 모자라게 하여 싸움에 지도록 하였으니 그 죄가 하나이고, 품석(品釋) 부부를 윽박질러서 죽였으니 그 죄가 둘이고, 백제와 더불어서 본국을 공격하였으니 그것이 세 번째 죄이다.”라고 하였다. 이에 사지를 찢어서 그 시체를 강물에 던졌다.

백제의 나머지 적병이 남잠성(南岑城)과 정현성(貞峴城)에서 버텼다. 또 좌평

정무(正武)가 무리를 모아서 두시원악(豆尸原嶽)에 주둔하면서 당나라와 신라 사람들을 노략질하였다.

26일에 임존(任存)의 큰 목책을 공격하였으나 군사가 많고 지세(地勢)가 험하여 이기지 못하고 다만 작은 목책만을 쳐서 깨뜨렸다.

9월 3일에 낭장(郎將) 유인원(劉仁願)이 군사 1만 명으로 사비성(泗泌城)에 남아서 지켰는데, 왕자 인태(仁泰)가 사찬(沙湌) 일원(日原), 급찬(級湌) 길나(吉那)와 함께 군사 7000명으로써 보좌하였다. 정방은 백제 왕 및 왕족⋅신료 93명과 백성 1만 2000명을 데리고 사비에서 배를 타고 당나라로 돌아갔다. 김인문과 사찬 유돈(儒敦), 대나마(大奈麻) 중지(中知) 등이 함께 갔다.

23일에 백제의 남은 적병이 사비성에 들어와서 항복하여 살아남은 사람들을 붙잡아 가려고 하였으므로 유수(留守) 유인원이 당나라와 신라 사람들을 내어 이를 쳐서 쫓았다. 적병이 물러가서 사비의 남쪽 산마루에 올라 네댓 군데에 목책을 세우고 진을 치고 모여서 틈을 엿보아 가며 성읍을 노략질하였는데, 백제 사람들 중에서 배반하여 부응한 것이 20여 성이나 되었다. 당 황제가 좌위중랑장(左衛中郞將) 왕문도(王文度)를 보내서 웅진도독(熊津都督)으로 삼았다.

28일에 왕문도가 삼년산성(三年山城)에 이르러서 조서(詔書)를 전달하였는데, 문도는 동쪽을 향하여 서고, 대왕은 서쪽을 향하여 섰다. 칙명(勅命)을 전한 후에 문도가 당 황제의 예물을 주려고 하다가 갑자기 병이 나서 곧바로 죽었으므로 그를 따라온 사람이 대신하여 일을 마쳤다.

10월 9일에 왕이 태자와 여러 군사들을 이끌고 이례성(尒禮城)을 쳐서 18일에 그 성을 빼앗아 관리를 두어 지키게 하니, 백제의 20여 성이 두려움에 떨고 모두 항복하였다.

30일에 사비 남쪽의 산마루에 있던 군대의 목책을 공격하여 1500명의 목을 베었다.

11월 5일에 왕이 계탄(雞灘)을 건너서 왕흥사잠성(王興寺岑城)을 공격하였는데, 7일에 이겨서 700명의 목을 베었다.

22일에 왕이 백제에서 돌아와서 공을 논하였는데, 계금졸(罽衿卒) 선복(宣服)을 급찬(級湌)으로 삼고, 군사(軍師) 두질(杜迭)을 고간(高干)으로 삼았으며, 전사한 유사지(儒史知)⋅미지활(未知活)⋅보홍이(寶弘伊)⋅설유(屑儒) 등 네 사람에게 관작을 차등 있게 주었다. 백제 사람들도 모두 그 재능을 헤아려서 임용하였는데, 좌평

충상과 상영, 달솔 자간(自簡)은 일길찬(一吉湌)의 관등을 주어 총관(總管)의 직을 맡겼고, 은솔 무수(武守)는 대나마의 관등을 주어 대감(大監)의 직을 맡게 하였으며, 은솔 인수(仁守)는 대나마의 관등을 주어 제감의 직을 맡게 하였다.

『삼국사기

』권5, 「신라본기」5 태종무열왕 7년

三月, 唐高宗命左武衛大將軍蘇定方爲神丘道行軍大摠管, 金仁問爲副大摠管, 帥左驍衛將軍劉伯英等水陸十三萬▣▣1)

1)

정덕본과 을해목활자본에는 결각되어 있다.

伐百濟. 勅王爲嵎夷道行軍摠管使將兵爲之聲援.

夏五月二十六日, 王與庾信⋅眞珠⋅天存等領兵出京. 六月十八日㳄南川停. 定方發自萊州, 舳艫千里隨流東下. 二十一日王遣太子法敏, 領兵舩一百艘迎定方於德物島. 定方謂法敏曰, 吾欲以七月十日至百濟南, 與大王兵會屠破義慈都城. 法敏曰, 大王立待大軍. 如聞大將軍來, 必蓐食而至. 定方喜還遣法敏, 徵新羅兵馬. 法敏至言定方軍勢甚盛, 王喜不自勝. 又命太子與大將軍庾信, 將軍品日⋅欽春
【春或作純】
等率精兵五萬應之, 王次今突城.

秋七月九日, 庾信等進軍於黃山之原, 百濟將軍堦伯擁兵而至先據嶮, 設三營以待. 庾信等分軍爲三道, 四戰不利, 士卒力竭. 將軍欽純謂子盤屈曰, 爲臣莫若忠, 爲子莫若孝. 見危致命, 忠孝兩全. 盤屈曰, 謹聞命矣. 乃入陣力戰死.

左將軍品日喚子官狀
【一云官昌】
, 立於馬前指諸將曰, 吾兒年纔十六, 志氣頗勇, 今日之役, 能爲三軍標的乎. ▣▣官狀曰, 唯, 以甲馬單槍, 徑赴敵陣, 爲賊所擒生致堦伯. 堦伯俾脫胄, 愛其少且勇, 不忍加害, 乃嘆曰, 新羅不可敵也. 少年尙如此, 況壯士乎. 乃許生還官狀.

告父曰, 吾入敵中, 不能斬將搴旗者, 非畏死也. 言訖, 以手掬井水飮之, 更向敵陣疾鬪, 堦伯擒斬首, 繫馬鞍以送之. 品日執其首流血濕袂曰, 吾兒面目如生. 能死於王事幸矣. 三軍見之慷慨, 有死志鼓噪進撃, 百濟衆大敗. 堦伯死之, 虜佐平忠常⋅常永等二十餘人.

是日定方與副摠管金仁問等到伎伐浦, 遇百濟兵逆擊大敗之. 庾信等至唐營, 定方以庾信等後期, 將斬新羅督軍金文穎
【或作永】
於軍門. 庾信言於衆曰, 大將軍不見黃山之役, 將以後期爲罪, 吾不能無罪而受辱. 必先與唐軍決戰, 然後破百濟. 乃杖鉞軍門, 怒髮如植, 其腰間寶劒, 自躍出鞘. 定方右將董寶亮躡足曰, 新羅兵將有變也, 定方乃釋文穎之罪.

百濟王子使佐平覺伽移書於唐將軍, 哀乞退兵.

十二日, 唐羅軍▣▣▣圍義慈都城, 進於所夫里之原. 定方有所忌不能前, 庾信說之, 二軍勇敢四道齊振. 百濟王子又使上佐平致餼豊腆, 定方却之. 王庶子躬與佐平六人, 謂前乞罪, 又揮之.

十三日, 義慈率左右夜遁走, 保熊津城. 義慈子隆與大佐平千福等出降. 法敏跪隆於馬前, 唾面罵曰, 向者汝父枉殺我妹, 埋之獄中. 使我二十年間痛心疾首, 今日汝命, 在吾手中. 隆伏地無言.

十八日, 義慈率太子及熊津方領軍等, 自熊津城来降. 王聞義慈降, 二十九日自今突城至所夫里城, 遣弟監天福, 露布於大唐.

八月二日, 大置酒勞將土. 王與定方及諸將坐於堂上, 坐義慈及子隆於堂下, 或使義慈行酒, 百濟佐平等羣臣, 莫不鳴咽流涕.

是日捕斬毛尺. 毛尺本新羅人, 亡入百濟, 與大耶城黔日同謀陷城, 故斬之. 又捉黔日數曰, 汝在大耶城與毛尺, 謀引百濟之兵, 燒亡倉庫, 令一城乏食致敗罪一也, 逼殺品釋夫妻罪二也, 與百濟來攻本國罪三也. 以四支解, 投其尸於江水.

百濟餘賊據南岑⋅貞峴▣▣▣城. 又佐平正武聚衆, 屯豆尸原嶽, 抄掠唐羅人.

二十六日, 攻任存大柵, 兵多地嶮不能克, 但攻破小柵.

九月三日郞將劉仁願以兵一萬人留鎭泗沘城, 王子仁泰與沙湌日原級湌吉那, 以兵七千副之. 定方以百濟王及王族臣寮九十三人百姓一萬二千人, 自泗沘乘舡廻唐. 金仁問與沙湌儒敦大奈麻中知等偕行.

二十三日, 百濟餘賊入泗沘, 謀掠生降人, 留守仁願出唐羅人擊走之. 賊退上泗沘南嶺, 竪四五柵, 屯聚伺隙抄掠城邑, 百濟人叛而應者二十餘城. 唐皇帝遣左衛中郞將王文度爲熊津都督.

二十八日, 至三年山城傳詔, 文度面東立, 大王面西立. 錫命後, 文度欲以宣物授王, 忽疾作便死, 從者攝位畢事.

十月九日, 王率太子及諸軍攻禮城, 十八日取其城, 置官守, 百濟二十餘城震懼皆降.

三十日, 攻泗沘南嶺軍柵, 斬首一千五百人.

五日, 王行渡雞灘, 攻王興寺岑城, 七日乃克, 斬首七百人.

二十二日, 王來自百濟論功, 以罽衿卒宣服爲級湌, 軍師豆迭爲高于, 戰死儒史知⋅未知活⋅寶弘伊⋅屑儒等四人許職有差. 百濟人員並量才任用, 佐平忠常⋅常永⋅達率自簡授位一吉湌 充職摠管, 恩率武守授位大奈麻充職大監, 恩率仁守授位大奈麻, 充職弟監.

『三國史記』卷5, 「新羅本紀」5 太宗武烈王 7年

정덕본과 을해목활자본에는 결각되어 있다. [https://contents.history.go.kr#csid_1]

이 사료는 나당(羅唐) 연합군이 백제를 멸망시키는 과정을 보여 주는 대표적인 자료이다. 백제의 멸망 과정에 대해서는 『삼국사기

』 「백제본기」 의자왕(義慈王)조와 『구당서(舊唐書)』⋅『신당서(新唐書)』 「동이열전(東夷列傳)」 백제전에도 전하고 있다. 이들 내용은 약간의 차이를 보이지만, 대개 『삼국사기

』가 『구당서』와 『신당서』 등의 중국 사서에서 전하는 기록을 전재한 것이다.

지금까지 백제의 멸망에 대한 논의는 주로 의자왕(義慈王, 재위 641~660) 후반기의 실정(失政)을 중심으로 이루어졌다. 이는 「백제본기」 의자왕 15년(655) 이후 왕이 ‘황음탐락(荒淫耽樂)’에 빠져서 정치를 그르치기 시작했다는 기록과 「당평제비(唐平濟碑)」에 왕이 직신(直臣)을 버리고 요부(妖婦)를 믿었다는 기록, 『일본서기(日本書紀)』 제명천황(齊明天皇) 6년조에 군대부인(君大夫人)인 요녀가 국정을 마음대로 하여 현량(賢良)을 주살함으로써 스스로 멸망하였다는 기록들에 근거한 설명이었다.

그러나 의자왕 대에 대한 연구가 지속되면서, 이러한 기록들이 단순히 의자왕의 실정을 논하는 것이 아니라는 견해가 제시되었다. 이에 따르면 실정 기사는 의자왕 개인의 실정이 아닌 백제 내부의 정치적 변동을 보여 주는 것이라고 한다. 특히 의자왕 전반기의 대표적인 정치 세력으로 등장하는 성충(成忠, ?~656)⋅흥수(興首, ?~?) 등이 왕에게 간하였다가 죽거나 귀양을 간 것으로 전하는 「백제본기」 의자왕 16⋅20년의 기사는 이를 보여 주는 대표적인 예이다. 이러한 정치 세력의 재편은 곧 백제 내부에서 갈등 관계를 형성할 수밖에 없었으며, 의자왕 후반기 정치⋅사회적 문란이나 백제의 멸망을 암시하는 여러 기사들은 이를 전하는 것이라고 한다.

백제의 여러 정치세력들은 나당 연합군이 백제를 공격해 들어왔을 때 어떻게 방어 태세를 갖출 것인지를 두고 극명하게 대립하였다. 이는 「백제본기」에서 의직(義直, ?~?)과 흥수 등은 탄현(炭峴)과 기벌포(伎伐浦)에서 나당 연합군의 진군을 막자고 주장하는 반면, 상영(常永, ?~?)을 비롯한 세력은 신라를 공격함으로써 적의 예봉을 꺾고 시간을 벌면서 전열을 정비하여 나당 연합군을 막을 것을 주장하는 사료를 통해 알 수 있다. 백제의 계백(階伯, ?~660)

이 이끄는 5000 결사대가 김유신(金庾信, 593~673)의 5만 대군을 황산벌에서 맞아 싸우는 기록은 이러한 백제 내부 정치 세력 간의 의견 대립 와중에 나당 연합군의 상륙과 진격이 이루어지면서 나온 궁여지책의 결과라 할 수 있다.

한편 나당 연합군에 의한 백제의 공격 외에도 나당 연합군 내부의 갈등 관계도 이 사료에서 읽을 수 있다. 황산벌 전투로 인해 당나라 군과의 약속한 날짜를 어긴 김유신 군에 대해 소정방(蘇定方)이 김문영(金文穎)의 목을 베어 책임을 물으려 하자 김유신이 당나라 군과의 일전도 불사하겠다고 표명함으로써 일단락시킨 사건이 그것이다. 이는 나당 연합군이 백제의 멸망이라는 공동의 목표를 가지고 손을 잡기는 했으나 그 이면에는 서로 다른 목적도 있었기 때문이다. 당나라는 백제를 멸망시킨 후에 이 지역에 도독부(都督府)를 두어 그 관할 하에 두고자 하였다. 또한 고구려를 멸망시킨 뒤에는 이 지역에 9도독부를 두되 평양에는 안동도호부(安東都護府)

를 두어 삼국을 포함한 동방 전체를 총괄할 계획이었다. 이러한 당나라의 기미주 정책은 독립국으로서의 신라의 입지마저 위태롭게 하는 것이었다. 이로 인해 결국 나당 전쟁이 일어났다고 볼 수 있다.

또한 사료를 통해 신라에 의한 백제 유민의 포섭 과정도 알 수 있다. 신라는 백제와의 전쟁이 끝난 후 논공(論功) 과정에서 포상 외에 백제에서 투항한 자들을 신라 내부로 받아들였다. 이러한 백제 투항인의 임용은 이들을 중심으로 한 백제 유민의 집결을 목적으로 하고 있었다고 볼 수 있다. 그리고 이러한 백제인들에 대한 포섭 정책은 이후 고구려 유민을 대하는 사실에서도 동일하게 나타난다. 신라는 백제와 고구려인들을 포섭함으로써 진정한 삼국 통일의 기틀을 마련하였다고 할 수 있다.

이 글의 내용은 집필자의 개인적 견해이며, 국사편찬위원회의 공식적 견해와 다를 수 있습니다.

참고문헌

논문

「의자왕대 정치변동」,『한국고대사연구』5,김수태,한국고대사학회,1992.
「의자왕대 정치세력의 동향과 백제멸망」,『백제연구』19,김주성,충남대학교 백제연구소,1988.
「무왕⋅의자왕대 정국운영의 연구」,『한국고대사연구』20,박민경,한국고대사학회,2000.
「7세기 중엽의 동아시아」,『백제연구』23,산미행구,충남대학교 백제연구소,1992.
「백제의 대왜외교」,『백제연구』27,연민수,충남대학교 백제연구소,1997.
「7세기 중엽의 백제와 왜」,『백제연구』27,정효운,충남대학교 백제연구소,1997.

저서

『백제정치사연구』, 노중국, 일조각, 1988.

관련사이트

[http://db.history.go.kr/id/sg_005r_0040_0290] 국사편찬위원회 한국사데이터베이스",,,,https://contents.history.go.kr/front/hm/view.do?levelId=hm_014_0040,사료로 본 한국사\items\hm_age_20_삼국 시대\hm_ty_010_정치\hm_014_0040_백제의 멸망 과정.md
88,hm_age_20,삼국 시대,hm_ty_010,정치,hm_014_0050,멸망 이후의 백제,삼국 시대 > 정치 > 통일로 가는 길 > 멸망 이후의 백제,"대당평백제국비명

현경(顯慶) 5년(660) 경신(庚申), 8월 15일, 낙주(洛州) 하남(河南) 사람 권회소(權懷素)가 짓다. ……(중략)……

사지절(使持節) 신구우이마한웅진(神丘嵎夷馬韓熊津) 등 14도(十四道) 대총관(大摠管) 좌무위대장군(左武衛大將軍) 상주국(上柱國) 형국공(邢國公) 소정방(蘇定方)은 증성에서 여러 번 모함을 당하고 위수(委水)에서 긴 파란을 일으켰으며, 뛰어난 계획은 무장(武帳)

군막 안에 무기를 두는 방

에서 맞추었고 빼어난 기개는 문창성[文昌]

학문을 맡은 북두의 첫째 별

에 나타냈으니, 한 무제 때의 흉노를 쳐서 용맹을 날린 위청과 곽거병을 능가하면서도 따라잡지 않으며, 한 고조를 도왔던 팽월과 한신을 굽어보면서도 높게 여긴다. 조운(趙雲)은 일신의 담력으로 용맹이 삼군(三軍)의 으뜸이 되었고 관우(關羽)는 만인(萬人)을 대적할 만한 능력으로 명성이 백대(百代)에 떨쳤다. 자기 목숨을 버리고 나라를 위해 죽을 뜻을 가지고 유적을 무릅쓰면서도 더욱 더 견고해졌고 목숨을 가벼이 하고 의를 중히 여기는 마음으로 앞장을 섰어도 그 마음을 빼앗기는 어려웠다. 마음은 얼음처럼 투명한 거울에 드러나 있어 귀신도 그 형상을 감출 수 없고, 바탕은 절개를 힘써 바람과 서리도 그 색을 고칠 수 없었다. 사졸을 길러 변방 오랑캐를 어루만짐에 이르러서는 사지(四知)1)

1)

하늘이 알고, 땅이 알고, 당신이 알고, 내가 안다는 뜻으로, 비밀은 은폐할 수 없으므로 언행을 삼가야 한다는 의미이다. 『후한서』권54 「양진전(楊秉傳)」에서 형주자사(荊州刺史) 양진(楊震)이 왕밀(王密)이 뇌물로 바친 금을 거절하면서 한 말에서 유래되었다.

를 삼가고 주(酒), 색(色), 재물의 세 가지 유혹[三惑]2)

2)

『후한서』권54 「양병전(楊秉傳)」에서 유래되었다. 청렴한 관리였으며 태위(太尉)까지 올랐던 양병(楊秉)은 “나는 세 가지 미혹되지 않은 것이 있는데 술, 여색, 재물이다[我有三不惑：酒，色，財也]”라는 말을 남겼다.

을 물리쳐 빙천(氷泉)을 고요하게 해서 깨끗함을 드러내고 서리 맞은 잣나무를 품고서 정절을 굳게 하니, 말하지 않아도 『시경』⋅『서경』에 부합하고 행하지 않아도 법도에 들어맞는다. 흰 구름을 거느리고서 상쾌함을 함께 하고, 푸른 소나무와 더불어서 고고함을 다투면서도 멀리 앞 사람을 생각하여 모두 덕이 미치지 못하는 것을 부끄러워함이 있었다.　……(중략)……

부대총관(副大摠管) 좌령군장군(佐領軍將軍) 김인문(金仁問)은 기량이 온화하고 아담하며, 기국과 식견이 침착하고 굳세어서 소인배의 자잘한 행위는 없고 군자의 고매한 풍모만 있었으며, 그의 무(武)는 싸우지 않고도 드러났으며 문(文)도 부드럽고 원대했다.　……(중략)……

그 왕 부여의자 및 태자 융 이외 왕자 (여)효 13인은 대수령 대좌평

사타천복, 국변성 이하 700여 인과 함께 이미 궁궐에 들어가 있다가 모두 사로잡히니, 말가죽을 버리게 하고 우차에 실어다가 잠시 있다가 사훈(司勳)

주(周)나라 때 논공행상의 일을 맡은 벼슬

에 올리고 이에 청묘(淸廟)

주나라 문왕의 종묘

에 드렸다. ……(중략)…… 모두 5도독 37주 250현을 두고 호(戶) 24만, 구(口) 620만을 각각 편호로 정리하여 모두 오랑캐의 풍속을 바꾸게 했다. ……(하략)……

「대당평백제국비명」

하늘이 알고, 땅이 알고, 당신이 알고, 내가 안다는 뜻으로, 비밀은 은폐할 수 없으므로 언행을 삼가야 한다는 의미이다. 『후한서』권54 「양진전(楊秉傳)」에서 형주자사(荊州刺史) 양진(楊震)이 왕밀(王密)이 뇌물로 바친 금을 거절하면서 한 말에서 유래되었다. [https://contents.history.go.kr#fsid_1]

『후한서』권54 「양병전(楊秉傳)」에서 유래되었다. 청렴한 관리였으며 태위(太尉)까지 올랐던 양병(楊秉)은 “나는 세 가지 미혹되지 않은 것이 있는데 술, 여색, 재물이다[我有三不惑：酒，色，財也]”라는 말을 남겼다. [https://contents.history.go.kr#fsid_2]

大唐平百濟國碑銘

顯慶五年歲在庚申, 八月己巳朔十五日癸未, 建洛州河南, 權懷素書. ……(중략)……

使持節神丘嵎夷馬韓熊津等一十四道大總官, 左武衛大將軍, 上柱國, 邢國公, 蘇定方, 疊遠構於曾城, 派長瀾□委水, 叶英圖於武帳, 標秀氣於文昌, 架衛霍而不追, 俯彭韓而高視. 趙雲一身之膽, 勇冠三軍, 關羽萬人之敵, 聲雄百代. 捐軀殉國之志, 冒流鏑而逾堅, 輕生重義之心, 蹈前鋒而難奪. 心懸氷鏡, 鬼神無以秘其形, 質邁松筠, 風霜不能改其色. 至於養士卒撫邊夷, 愼四知去三惑, 頋泳泉以表潔, 含霜栢以凝貞, 不言而合詩書, 不行而中規矩. 將白雲而共爽, 與靑松而竸高, 遠懷前人, 咸有慙德. ……(中略)……

副大總管佐領軍將軍金仁問, 氣度溫雅, 器識沉毅, 無小人之細行, 有君子之高風, 武旣止戈, 文亦柔遠. ……(中略)……

其王扶餘義慈及太子隆, 自外王餘孝一十三人, 幷大首領大佐平沙吒千福國辯成以下七百餘人, 旣入重闈, 並就擒獲, 捨之馬革, 載以牛車, 佇薦司勲, 式獻淸廟. ……(中略)…… 凡置五都督, 卅七州, 二百五十縣, 戶廿四萬, 口六百廿萬, 各齊編戶, 咸變夷風. ……(下略)……

「大唐平百濟國碑銘」

이 사료는 「대당평백제국비명(大唐平百濟國碑銘)」으로, 660년(의자왕 20년) 백제가 나당 연합군에게 멸망한 당시의 기록을 전하고 있다는 점에서 주목된다. 당평제비명(唐平濟碑銘)이라고도 한다. 「대당평백제국비명」은 충남 부여군 부여읍 동남리에 있는 정림사지 5층석탑 제1층의 4면(四面)에 새겨져 있는데, 같은 비문이 새겨져 있는 석제 유물이 옛 부여군아(扶餘郡衙)의 부지 내에서 발견되어 「당평제비」가 두 가지였음이 밝혀졌다. 비가 건립된 시기는 660년 백제 멸망 직후이고, 그 성격은 대체로 소정방(蘇定方, 592~667)의 기공비(紀功碑)이며, 당나라 고종(高宗, 재위 649~683)이 태종무열왕(太宗武烈王, 재위 654~661)과 연합해 백제 사비성(泗泌城)을 함락하고 백제를 멸망시킨 사적을 기록한 것이다.

비문에서는 소정방 등 당나라 주요 장군의 직책과 그 활동 및 백제가 멸망할 당시의 여러 사실을 전하고 있어 소정방을 비롯한 백제 원정군과 당 황제에 대한 수식(修飾)을 제외하면 7세기 중⋅후반 대 백제의 실상을 파악하는 데 도움이 된다. 이러한 점에 유의하여 볼 때 주목을 끄는 것은 백제가 멸망한 직후 왕과 왕족⋅귀족들의 동향을 전하는 부분과 백제 멸망 후 백제 지역에 새롭게 실시한 지방 제도 및 그 규모, 당시의 인구수 등이라고 할 수 있다.

백제가 멸망할 당시의 기록은 『삼국사기

』와 『구당서(舊唐書)』, 『신당서(新唐書)』 등에 비교적 자세히 전하고 있다. 그런데 각각의 사서에 전하는 내용에는 약간의 차이가 있다. 먼저 백제 멸망 당시 의자왕(義慈王, 재위 641~660)의 행적을 보면, 『삼국사기

』 「신라본기」 태종무열왕조에는 측근과 함께 웅진성(熊津城)으로 도망갔다 며칠 후에 항복하였다고 전한다. 이에 반해 「백제본기」 의자왕조에서는 태자 효(孝)와 함께 북쪽 변경으로 달아난 것으로 기록하고 있다. 한편 『신당서』에는 태자 융(隆)과 함께 북쪽 변경으로 달아났다고 기록하고 있다. 이들 자료를 종합하여 보면 대체로 『삼국사기

』 「신라본기」와 중국 측 사서는 그 내용의 가감은 있으나 동일한 사실을 전하는 데 반해, 「백제본기」는 의자왕과 함께 달아난 태자의 이름이 다르게 기록하고 있다. 그런데 백제 멸망 당대에 만들어진 것으로 보이는 「대당평백제국비명」에서 태자를 융으로 기록하고 있는 것을 통해 볼 때, 백제 멸망 당시의 태자는 ‘융’으로 보는 것이 합당할 것으로 보인다.

한편 백제 멸망 당시 의자왕이 북쪽 변경 혹은 웅진성으로 달아났다가 소정방에게 잡히는 것으로 기록된 여타의 사서들과는 달리 「대당평백제국비명」에서는 의자왕이 융, 효를 비롯한 왕자 및 귀족들과 함께 있었던 것으로 기록되어 있어 다소 혼란을 주고 있다. 비문이 당대에 쓰였다는 점에서 볼 때 「당평제비명」의 내용을 취하는 것이 옳다고 볼 수도 있으나 비문의 관련 내용이 소략하다는 점, 이후 소정방이 웅진성 및 사비성에서 사로잡힌 백제의 왕, 왕족 및 귀족들을 모아 함께 당나라로 이송한 점 등을 통해 볼 때 백제의 멸망 과정에 대한 내용을 간략히 하는 과정에서 내용이 누락된 것으로 볼 수 있을 것이다.

이와 함께 비문에서는 백제가 멸망할 당시의 인구 및 군현의 규모를 짐작할 수 있는 내용도 함께 전한다. 백제의 호구(戶口) 수에 대해서는 『구당서』 「백제전(百濟傳)」과 『신당서』 「백제전」 및 『통전(通典)』에는 76만 호로 나온다. 그러나 「대당평백제국비명」에는 “호 24만, 구 620만”으로 나오고 있고, 『삼국유사

』권1 변한(卞韓)⋅백제조에는 “백제가 전성하였을 때에는 15만 2300호”라 나오고 있어 차이를 보인다. 「대당평백제국비명」에 기록된 호구의 숫자를 비교하여 환산하면 한 호당 구(口)의 숫자가 약 26명으로 호당 평균 구의 숫자가 지나치게 많다. 따라서 비문에 기록된 인구수가 멸망 당시 백제의 인구로 보기에는 문제가 있다고 생각한다. 백제의 인구는 이들 기록에 대한 비교 검토와 함께 당시 농업 생산력 대비 인구 부양력 등에 대한 연구가 뒷받침될 때 보다 정확한 결과를 도출해 낼 수 있을 것이다.

이 글의 내용은 집필자의 개인적 견해이며, 국사편찬위원회의 공식적 견해와 다를 수 있습니다.

참고문헌

논문

「「대당평백제국비명」문제에 대한 고찰」,『충북사학』20,배근흥,충북대학교 사학회,2008.

편저

「당평제비」, 김영심, 한국고대사회연구소 편, 가락국사적개발연구원, 1992.

관련사이트

[http://db.history.go.kr/id/gskh_008_0010_0030_0010] 국사편찬위원회 한국사데이터베이스",,,,https://contents.history.go.kr/front/hm/view.do?levelId=hm_014_0050,사료로 본 한국사\items\hm_age_20_삼국 시대\hm_ty_010_정치\hm_014_0050_멸망 이후의 백제.md
89,hm_age_20,삼국 시대,hm_ty_010,정치,hm_014_0060,백제의 부흥 운동,삼국 시대 > 정치 > 통일로 가는 길 > 백제의 부흥 운동,"백제 승려 도침(道琛)과 옛 장수 복신(福信)이 무리를 이끌고 주류성(周留城)에 웅거(雄據)하며 반란을 일으켰다. (도침과 복신은) 사신을 보내 왜국(倭國)에 가서 옛 왕자(王子) 부여풍(扶餘豐)을 맞이하고 그를 세워 왕으로 하였다. 그 서부⋅북부의 모든 성이 여기에 호응하였다. ……(중략)……이에 도침은 스스로 영군장군(領軍將軍)이라고 부르고, 복신은 스스로 상잠장군(霜岑將軍)이라고 부르며, 배반하고 도망간 무리를 불러 꾀어 들이니 그 기세가 더욱 커졌다. ……(중략)…… 이때 복신은 일찍부터 그 병권(兵權)을 장악하였는데 부여풍과 더불어 점차 서로 시기하고 의심하였다. 복신이 병이 있다고 핑계를 대고, 굴실(窟室)에 누워 있으며, 장차 부여풍이 문병 오는 것을 기다렸다가 그를 습격해 죽이기를 도모하였다. 부여풍이 이 사실을 알아차리고는 그의 심복을 거느리고 가서 복신을 덮쳐 죽였다.

『구당서』권199상, 「열전」149상 동이열전 백제전

百濟僧道琛⋅舊將福信率衆據周留城以叛. 遣使往倭國, 迎故王子扶餘豐立爲王. 其西部⋅北部並翻城應之. ……(中略)…… 於是道琛自稱領軍將軍, 福信自稱霜岑將軍, 招誘叛亡, 其勢益張. ……(中略)…… 時福信旣專其兵權, 與扶餘豐漸相猜貳. 福信稱疾, 臥於窟室, 將候扶餘豐問疾, 謀襲殺之. 扶餘豐覺而率其親信, 掩殺福信.

『舊唐書』卷199上, 「列傳」149上 東夷列傳 百濟傳

이 사료는 백제 부흥 운동과 관련한 내용이다. 백제 부흥 운동에 관한 국내의 사서로는 『삼국사기

』가 있고, 일본 측의 사서로는 『일본서기』가 있으며, 금석문 자료로 「당평제비(唐平濟碑)」⋅「당유인원기공비(唐劉仁願紀功碑)」⋅「흑치상지

묘지명(黑齒常之墓誌銘)」⋅「부여융묘지명(扶餘隆墓誌銘)」 등이 있다. 그리고 중국 측 사서로 『구당서(舊唐書)』⋅『신당서(新唐書)』⋅『자치통감(資治通鑑)』 등이 있다. 이 사료는 『구당서』의 것이다.

『삼국사기

』와 중국 측 사서는 신라 및 당나라의 입장에서 서술되었다. 따라서 백제 유민의 시각이 제대로 반영되어 있지 않다. 현전하는 금석문도 대부분 마찬가지이다. 이와 비교해 『일본서기』의 경우 왜(倭)가 백제 부흥 운동 세력과 우호적인 관계에 있었으므로 이와는 차이가 있다. 따라서 백제 부흥 운동에 대한 종합적인 이해를 위해서는 사료에 대한 비판적인 이해가 필수적이며, 『일본서기』를 포함한 여러 사서의 내용을 세밀히 비교⋅검토해 볼 필요가 있다.

사료에 나오듯 백제 부흥 운동의 핵심 인물은 승려 도침(道琛, ?~661)과 장수 복신(福信, ?~663), 그리고 왕자 부여풍(扶餘豐, ?~?)이며, 먼저 주도한 이는 도침과 복신이었다. 사료만으로 부흥 운동의 개시 시점을 확인하기는 어렵지만, 『자치통감』과 「당유인원기공비」를 종합해 보면, 660년(신라 태종무열왕 7년) 8월 무렵으로 파악된다.

부흥군의 거점은 주류성(周留城)으로 나오는데 그 위치는 명확지 않다. 이에 주류성의 위치를 두고 논란이 많은데, (1) 충남 서천군 한산면 부근 (2) 전북 정읍시 고부면 두승산성(豆升山城) (3) 충남 서천군 한산면 건지산성(乾芝山城) (4) 전북 부안군 상서면 위금암산성(位金巖山城) (5) 충남 연기군 금의면 일대 등으로 비정하고 있다. 그런데 「당유인원기공비」와 『일본서기』를 보면, 백제 부흥 운동이 임존성(任存城)을 거점으로 전개되었다고 한 점으로 미뤄 보면, 복신과 도침은 임존성에서 거병(擧兵)하여 세력을 모으고, 이후 주류성으로 거점을 옮겨 본격적으로 활동한 것으로 보인다.

백제 부흥 운동 세력은 부여풍을 왕으로 추대하며 전성기를 맞았다. 이로써 여러 지역의 부흥 운동 세력이 복신과 도침, 그리고 부여풍을 구심점으로 통합되었다. 부여풍은 의자왕(義慈王, 재위 641~660)의 아들로, 『일본서기』에는 풍장(豊璋)이라고 나온다. 631년(백제 무왕 32년) 일본에 파견되어 있다가 백제가 멸망 후 복신과 도침이 부흥 운동을 도모하자 처자와 숙부 충승(忠勝) 등과 함께 왜군 5000명을 이끌고 귀국하여 부흥 백제국의 왕으로 추대되었던 것으로 보인다. 이로써 백제 부흥 운동은 정당한 왕위 계승자를 옹립한다는 명분을 얻었을 뿐 아니라 왜의 지원도 얻어 낼 수 있었다.

하지만 복신과 부여풍의 내분으로 백제 부흥 운동은 쇠락하였다. 사실 이보다 앞서 661년 9월~662년 7월 무렵 복신은 도침을 살해하였는데, 복신이 “병권을 오로지하였다.”라고 한 것은 이때부터였다. 그러다가 662년 말~663년 초 부여풍이 복신을 견제하며 독자적인 세력 기반을 확보하려고 하자 양자의 갈등이 표출되었고, 마침내 부여풍이 복신을 제거하였던 것으로 보인다.

부여풍의 복신 제거는 부흥 운동의 사기를 크게 저하시켰다. 부흥 운동에 참여한 많은 세력이 복신과 도침을 믿고 움직여 왔기 때문이다. 게다가 663년 8월 백강(白江) 전투

에서 백제 부흥 운동을 지원하러 온 왜군이 대패하자 백제 부흥 운동은 더 이상 의지할 세력마저 없어졌고, 9월 나당 연합군에 의해 주류성이 함락되며 그 중심 세력은 무너지고 말았다.

이 글의 내용은 집필자의 개인적 견해이며, 국사편찬위원회의 공식적 견해와 다를 수 있습니다.

참고문헌

저서

『백제 부흥 운동연구』, 김영관, 서경, 2005.
『백제의 역사와 문화』, 김주성⋅유원재, 학연문화사, 1996.
『백제 부흥 운동사』, 노중국, 일조각, 2003.
『백제정치사연구』, 노중국, 일조각, 1998.
『새로 쓰는 백제사』, 이도학, 푸른역사, 1997.

관련사이트

[http://db.history.go.kr/id/jo_014r_0010_0020_0090] 국사편찬위원회 한국사데이터베이스",,,,https://contents.history.go.kr/front/hm/view.do?levelId=hm_014_0060,사료로 본 한국사\items\hm_age_20_삼국 시대\hm_ty_010_정치\hm_014_0060_백제의 부흥 운동.md
90,hm_age_20,삼국 시대,hm_ty_010,정치,hm_014_0070,고구려의 멸망,삼국 시대 > 정치 > 통일로 가는 길 > 고구려의 멸망,"보장왕(寶藏王) 27년(668) 가을 9월에 이적(李勣)

이세적

이 평양을 함락시켰다. 이적이 이미 대행성(大行城)에서 이기자, 다른 길로 나왔던 여러 군대가 모두 이적과 합쳐 진격하여 압록책(鴨淥柵)에 다다랐다. 우리 군사가 맞서 싸웠으나 이적 등이 이를 패배시키고, 200여 리를 쫓아와서 욕이성(辱夷城)을 함락시키니, 여러 성에서 도망하고 항복하는 자들이 이어졌다. 글필하력(契苾何力)이 먼저 군사를 이끌고 평양성 밑에 이르니, 이적의 군대가 뒤를 이어 와서 한 달이 넘도록 평양을 포위하였다.

보장왕은 천남산(泉男産)

연남산(淵男産)

을 보내 수령 98명을 거느리고 흰 기를 들고 이적에게 나아가 항복하였다. 이적이 예로써 접대하였다. 천남건(泉男建)

연남건(淵男建)

은 오히려 문을 닫고 항거하여 지키면서, 자주 군사를 내보내 싸웠으나 모두 패하였다. 남건은 군사의 일을 승려 신성(信誠)에게 맡겼는데, 신성은 소장(小將) 오사(烏沙)와 요묘(饒苗) 등과 함께 몰래 이적에게 사람을 보내 내응하기를 청하였다. 5일이 지난 후 신성이 성문을 여니, 이적이 군사를 놓아 성에 올라가 북치고 소리 지르며 성을 불 질렀다. 남건은 스스로 찔렀으나 죽지 않았다. 당나라 군사가 왕과 남건 등을 사로잡았다.

『삼국사기

』권22, 「고구려본기」10 보장왕(하) 27년

[二十七年] 秋九月, 李勣拔平壤. 勣旣克大行城, 諸軍出他道者, 皆與勣會, 進至鴨渌柵. 我軍拒戰, 勣等敗之, 追奔二百餘里, 拔辱夷城, 諸城遁逃及降者相繼. 契苾何力先引兵至平壤城下, 勣軍繼之. 圍平壤月餘.

王臧遣泉男産, 帥首領九十八人, 持白幡, 詣勣降. 勣以禮接之. 泉男建猶閉門拒守, 頻遣兵出戰, 皆敗. 男建以軍事委浮啚1)

1)

주자본과 을해목활자본에는 圖로 되어 있다.

信誠, 信誠與小將烏沙⋅饒苖等, 密遣人詣勣, 請為內應. 後五日, 信誠開門, 勣兵登城, 皷噪焚城. 男建目刺不死. 執王及男建等.

『三國史記』卷22, 「高句麗本紀」10 寶藏王(下) 27年

주자본과 을해목활자본에는 圖로 되어 있다. [https://contents.history.go.kr#csid_1]

이 사료는 668년(고구려 보장왕 27년) 고구려 평양성이 함락되는 과정을 보여 주고 있다. 사료의 대부분은 『자치통감(資治通鑑)』을 전재한 것이지만, 승려 신성(信誠)이 소장(小將) 오사(烏沙)와 요묘(饒苗) 등과 함께 내응을 청하였다는 대목은 여기서만 찾아진다.

지금까지 고구려 멸망의 원인은 다양한 측면에서 설명되었지만, 연개소문(淵蓋蘇文, ?~665)

사후 남생(男生, 634~679)⋅남건(男建, ?~?)⋅남산(男産, 639~702) 세 형제의 분열이 중요한 계기였다는 데에는 대부분 공감하고 있다. 연개소문

사후 고구려의 정치 권력은 맏아들 남생이 이어받아 국정을 책임졌다. 그런데 666년(보장왕 25년) 남생이 전국의 여러 지역을 순행하기 위하여 평양성을 떠나며 아우 남건과 남산에게 뒷일을 맡겼는데, 이들을 이간질하는 자가 있어 결국 형제간의 분열이 발생하였다. 남건과 남산이 평양성을 장악하자 남생은 국내성(國內城)

으로 달아났다.

권력을 상실한 남생은 당나라에 귀부(歸附)하였다. 당나라 입장에서 고구려의 내분은 절호의 기회였다. 이에 이적(李勣)

이세적(李世勣)

을 고구려 공격의 총사령관으로 삼고, 667년(보장왕 26년)부터 대대적인 고구려 공격에 나섰다. 고구려는 남건의 주도 아래 당나라의 공세를 막았지만, 주요 성이 차례로 함락되면서 당나라와 신라에 투항하여 결국 평양성까지 공격받게 되었다.

평양성의 함락 과정은 몇 단계로 구분해 볼 수 있다. 먼저 당나라 군대가 평양성을 포위한 이후 한 달이 넘도록 당나라와 신라의 공격을 막아 낸 시기가 있었고, 다음으로 남산을 비롯한 지배층의 일부가 항복한 반면 남건의 저항이 지속된 시기가 있었으며, 마지막으로 승려 신성이 이적과 내응하여 평양성이 완전히 함락되기까지의 시기다. 이는 평양성 안의 지배층이 차례로 이탈해 간 과정이기도 하다.

고구려는 이미 평양성을 중심으로 수⋅당나라의 공격을 막아 낸 경험이 있었다. 이를 보면 평양성의 도성 방어 체계는 상당히 공고하였다고 여겨진다. 하지만 668년(보장왕 27년) 나당 연합군의 평양성 공격은 이전과 여러 가지 중요한 차이가 있었다. 고구려의 주요 지역이 이미 당나라 혹은 신라의 수중으로 넘어가 평양성이 고립된 상황이었다. 더욱이 남생 형제의 내분으로 고구려 지배층 내부에서도 불신과 불만이 높았다. 이에 평양성 내부에서도 방어전 수행에 회의적인 세력이 등장하였다. 먼저 남산이 백기를 들고 항복하였다. 남생과 남건⋅남산이 반목(反目)한 이후 남건과 남산 역시 의견을 달리한 셈인데, 이로써 평양성의 함락은 시간 문제일 수밖에 없었다. 그리하여 결국 승려 신성과 소장 오사와 오묘가 당과 내응해 성문을 열며 평양성의 저항은 막을 내렸다.

이 글의 내용은 집필자의 개인적 견해이며, 국사편찬위원회의 공식적 견해와 다를 수 있습니다.

참고문헌

저서

『고구려사 연구』, 노태돈, 사계절, 1999.
『삼국통일전쟁사』, 노태돈, 서울대학교 출판부, 2009.
『고구려 대 수⋅당전쟁사』, 서인한, 국방부 전사편찬위원회, 1991.
『한국고대사연구』, 이병도, 박영사, 1976.
『고구려의 역사』, 이종욱, 김영사, 2005.
『신라의 삼국통합연구』, 이호영, 서경문화사, 1997.
『고구려 정치사 연구』, 임기환, 한나래, 2004.

관련사이트

[http://db.history.go.kr/id/sg_022r_0020_0460] 국사편찬위원회 한국사데이터베이스",,,,https://contents.history.go.kr/front/hm/view.do?levelId=hm_014_0070,사료로 본 한국사\items\hm_age_20_삼국 시대\hm_ty_010_정치\hm_014_0070_고구려의 멸망.md
91,hm_age_20,삼국 시대,hm_ty_010,정치,hm_014_0080,당나라로 투항한 연개소문의 아들 남생,삼국 시대 > 정치 > 통일로 가는 길 > 당나라로 투항한 연개소문의 아들 남생,"공(公)의 성(姓)은 천(泉)이고, 휘(諱)는 남생(男生)이며, 자(字)는 원덕(元德)이다. 요동군(遼東郡) 평양성(平壤城) 사람이다. 그 선조는 본래 샘에서 나왔으니, 애초에 영혼이 잉태됨으로써 복을 받은 것이다. 마침내 태어난 유래로써 가계의 이름을 붙였다. ……(중략)…… 증조(曾祖)는 자유(子遊)이고, 조부는 태조(太祚)로 모두 막리지(莫離支)

를 역임하였다. 부친은 개금(蓋金)

으로 태대대로(太大對盧)

를 역임하였으니, 조부나 부친이나 가업을 이어 모두 병권(兵鈐)을 잡고 나라의 권력을 독점하였다. ……(중략)…… 나이 겨우 9세(642)에 이미 선인(先人)을 수여받았고, 부친의 음덕으로 낭(郞)이 되었다. 진예(榛穢)

덤불과 잡초라는 뜻으로. 옳지 못한 정치를 이름

에 입문해 바른말을 하는 것에 조리가 있었으니 하늘의 일을 대신한 것이었고, 정치를 바로잡는 영예에 오를 수 있었다. 나이 15세(648)에 중리소형(中裏小兄)을 수여받았고, 18세(651)에 중리대형(中裏大兄)을 수여받았다. 나이 23세(656)에 중리위두대형(中裏位頭大兄)에 전임되었다. 24세(657)에 장군(將軍)을 겸하여 수여받았는데 다른 관직은 이전과 같았다. 28세(661)에 막리지(莫離支)

에 임명되었고, 삼군대장군(三軍大將軍)을 겸하여 수여받았으며, 32세(665)에 태막리지(太莫離支)

를 더하여 받아 군사와 나라의 정치를 총괄하였으니, 최고위 재상이었다. ……(중략)…… 공은 일의 어그러짐을 바로잡고자 하였다. 이에 변경의 백성에게 나아가 위무하고 변경 지역을 순행하며 우이(嵎夷)의 옛 영토를 안무하고 희중(羲仲)과 같은 새로운 관직을 요청하고자 하였다.1)

1)

『서경(書經)』 「요전(堯典)」에는 “요(堯)임금이 [신하] 희중(羲仲)에게 명하여 우이(沝夷)의 땅에 자리잡게 하였는데, 양곡(暘谷)이라 한다. [堯命羲仲宅沝夷, 曰暘谷]”라고 전하는데, 양곡은 해 뜨는 곳이라는 뜻으로 동방을 말한다. 따라서 이 말은 천남생이 고구려의 최고위 재상으로서 동방의 옛 땅을 다스리고 그에 대한 관직을 당(唐)나라에 요청하고자 하였다는 의미이다.

[그런데] 두 아우 남산(男産)과 남건(男建)은 하루아침에 흉학하고 패악해져 병력을 일으켜 안에서 항거하였다. 금가락지 낀 어린 아들은 무고하게 살해되었으니, 좋은 음식이 차려진 연회의 자리에서 문득 부모가 자식을 보살피는 것이 멈추어졌다.

공은 형제의 관계가 무너졌다고 여기고, 이윽고 눈물을 흘리며 격문을 급히 보냈다. 동맹(同盟)이 비처럼 모이니 마침내 분연히 창을 들었다. 장차 평양을 무너뜨려 악의 근원을 사로잡고자 하였다. 먼저 오골(烏骨)의 교외에 이르렀고, 또한 크고 견고한 성루(城壘)를 격파하였으며, 그 적을 없애고 북을 치며 행진하였다. 그리고 대형(大兄) 불덕(弗德) 등을 보내 입조하여 표를 올리도록 하고, 그동안의 행적을 아뢰려고 하였는데, 마침 내부에서 이반(離叛)이 있어 불덕은 머무를 수밖에 없었다. 공은 이에 요동에서 군사를 돌려 군대를 해북(海北)으로 옮겼지만, 마음은 황제의 궁궐로 달려가고 있었다. 현도성(玄菟城)에서 몸을 삼가면서 다시 대형(大兄) 염유(冉有)를 보내 거듭 정성스러움을 알렸다. ……(중략)……

건봉(乾封) 원년(666)에 공은 다시 아들 헌성(獻誠)을 보내어 입조하도록 하였다. 황제는 기뻐하며 멀리서 공에게 특진(特進), 예전과 같은 태대형(太大兄)

평양도행군대총관(平壤道行軍大摠管) 겸 사지절(使持節) 안무대사(按撫大使)를 제수하여 고구려[本蕃]의 군대를 이끌도록 하였으며, 아울러 대총관 계필하력(契苾何力) 등과 경략을 맡아 보도록 하였다. 공은 국내성(國內城)

등 6성(城)과 10여만 호(戶)의 서적(書籍)과 군대를 이끌었으며, 또한 목저성(木底城) 등 3성(城)이 교화를 바라며 정성을 함께하니, [이로써] 적은 위태로워졌으며 나날이 궁박해져 갔다. [건봉] 2년(667)에 조서를 받들어 공이 입조하였다. 총장(總章) 원년(668)에 사지절(使特節) 요동대도독(遼東大都督) 상주국(上柱國) 현도군개국공(玄菟郡開國公)을 제수 받고, 식읍(食邑) 2000호(戶)를 받았으며, 나머지 관직을 이전과 같이하였다. 적이 정차 기울어지려고 하였는데, 천자의 명이 있어 개마(蓋馬)의 군영에서 되돌아왔다. 그해 가을, 조서를 받들어 사공(司空) 영국공(英國公) 이적(李勣)과 경략을 책임지고 바람과 번개처럼 달려가 곧바로 평양성에 임하였으니, 앞뒤로 노래 부르고 춤추며 높은 성채를 요동치도록 하였다. 공은 죄인을 벌하고 백성을 위문하고자 생각하여 그 참혹한 죽음을 불쌍히 여겼다. [그리하여] 은밀히 기회를 보아 이 백성과 땅을 구제하고자 하니, 마침내 신성(信誠) 등이 내외에서 상응하였고, 성에 올라 기를 뽑았다. ……(중략)……

의봉(儀鳳) 4년(679) 정월 29일에 [공이] 병을 얻어 안동부(安東府)의 관사(官舍)에서 돌아가시니, 춘추(春秋) 46세였다.

「천남생묘지명」

『서경(書經)』 「요전(堯典)」에는 “요(堯)임금이 [신하] 희중(羲仲)에게 명하여 우이(沝夷)의 땅에 자리잡게 하였는데, 양곡(暘谷)이라 한다. [堯命羲仲宅沝夷, 曰暘谷]”라고 전하는데, 양곡은 해 뜨는 곳이라는 뜻으로 동방을 말한다. 따라서 이 말은 천남생이 고구려의 최고위 재상으로서 동방의 옛 땅을 다스리고 그에 대한 관직을 당(唐)나라에 요청하고자 하였다는 의미이다. [https://contents.history.go.kr#fsid_1]

公姓泉, 諱男生, 字元德. 遼東郡平壤城人也. 原夫遠系, 本出於泉, 旣託神以隤祉. 遂因生以命族. ……(中略)…… 曾祖子遊, 祖太祚, 竝任莫離支. 父蓋金, 任太大對盧. 乃祖乃父, 良冶良弓, 竝執兵鈐, 咸專國柄. ……(中略)…… 年始九歲, 卽授先人, 父任爲郞. 正吐入榛之辯, 天工其代, 方昇結艾之榮. 年十五授中裏小兄, 十八授中裏大兄. 年廿三改任中裏位頭大兄. 廿四兼授將軍, 餘官如故. 廿八任莫離支, 兼授三軍大將軍, 卅二加太莫離支, 摠錄軍國, 阿衡元首. ……(中略)…… 公情思內款, 事乖中執. 方欲出撫邊甿, 外巡荒甸, 按嵎夷之舊壤, 請羲仲之新官. 二弟產⋅建, 一朝兇悖, 能忍無親, 稱兵內拒. 金環幼子, 忽就鯨鯢, 玉膳長筵, 俄辭顧復.

公以共氣星分, 旣飮淚而飛檄. 同盟雨集, 遂銜膽而提戈. 將屠平壤, 用擒元惡. 始達烏骨之郊, 且破瑟堅之壘, 明其爲賊, 鼓行而進. 仍遣大兄弗德等奉表入朝, 陳其事迹, 屬有離叛, 德遂稽留. 公乃反旆遼東, 移軍海北, 馳心丹鳳之闕. 飭躬玄菟之城, 更遣大兄冉有重申誠効. ……(中略)……

乾封元年, 公又遣子獻誠入朝. 帝有嘉焉, 遙拜公特進, 太大兄如故, 平壤道行軍大摠管兼使持節按撫大使, 領本蕃兵, 共大摠管契苾何力等相知經略. 公率國內等六城十餘万戶書籍轅門, 又有木底等三城希風共款, 蕞尒危矣, 日窮月蹙. 二年奉勅追公入朝. 總章元年, 授使特節遼東大都督上柱國玄菟郡開國公, 食邑二千戶, 餘官如故. 小貊未夷, 方傾巢䴏之幕, 大君有命, 還歸蓋馬之營. 其年秋奉勅共司空英國公李勣相知經略, 風驅電激, 直臨平壤之城, 前哥後舞, 遙振崇墉之堞. 公以罰罪吊人, 憫其塗地. 潛機密搆, 濟此膏原, 遂與僧信誠等內外相應, 趙城拔幟. ……(中略)……以儀鳳四年正月廿九日, 遘疾薨於安東府之官舍, 春秋卌有六.

「泉男生墓誌銘」

이 사료는 연개소문(淵蓋蘇文, ?~665?)

의 장남 연남생(淵男生, 634~679)의 묘지명 중 일부다. 묘지명에서는 당 고조(高祖) 이연(李淵, 565~635)의 이름을 피휘(避諱)하여 연남생을 ‘천남생(泉男生)’이라고 하였다. 이 묘지명은 당 고종(高宗) 의봉(儀鳳) 4년(679)에 만들어졌으며, 왕덕진(王德眞)이 찬하고 구양통(歐陽通)이 썼다. 1922년 1월 20일 중국 하남성 낙양시의 북쪽 교외(郊外)인 맹진현 동산 영두촌에서 출토되었는데 비문은 해서체로 47행(行)이며 각 행마다 47자가 있다. 현재 중국 하남성 정주시(鄭州市) 하남박물원(河南博物院)에 소장되어 있다. 이 묘지명은 연개소문

가문의 내력과 고구려 말기의 정치 상황을 구체적으로 보여 주는 자료로 주목된다.

먼저 연개소문

가문이 천(泉), 즉 연(淵)을 성(姓)으로 삼은 이유가 흥미롭다. 『신당서(新唐書)』　「고려전(高麗傳)」을 보면, 연개소문

이 “스스로 물에서 태어났다”라고 말했다고 하였다. 그런데 이 사료를 보면 그 이유가 그의 출생 때문이 아니라 가문의 시조 설화 때문이었다고 이해할 수 있다. 이처럼 물과 관련한 설화는 고대 동북아시아 지역에서 널리 찾아볼 수 있는데, 왕실과의 연관성이 보이지 않는 점은 연개소문

가문이 신흥 귀족이었을 가능성을 말해 준다. 예컨대 모두루(牟頭婁, ?~?)나 고자(高慈, 665~697)의 묘지명을 보더라도, 비교적 유서가 깊은 귀족 가문은 자신들의 시조가 고구려의 건국과 발전에 기여한 사실을 강조한 경향이 있었기 때문이다.

이 사료에서 연개소문

가문은 남생을 기준으로 증조부터 나오는데, 증조와 조부는 막리지(莫離支)

를 역임했다고 밝혔다. 막리지

는 고구려 제2관등인 태대형(太大兄)

이다. 이 점에서 연개소문

가문은 적어도 6세기 후반 무렵에는 고급 귀족 가문으로 정착했다고 할 수 있다. 그런데 남생의 조부가 역임한 관직이 막리지

로 나오는 점은 논쟁의 대상이다. 『신당서』를 비롯한 문헌 기록에 따르면 남생의 조부

, 즉 연개소문

의 부친은 대대로(大對盧)

를 역임했다고 나오기 때문이다. 또한 묘지명에 연개소문

의 관직이 태대대로(太大對盧)

로 나오는 점도 논란거리이다. 각종 문헌 기록에는 연개소문

이 정변을 통해 집권하고 막리지

를 역임한 것으로 나오기 때문이다. 이렇듯 「천남생묘지명(泉男生墓誌銘)」은 기존의 문헌 자료와 내용상 차이가 적지 않은데, 이를 통해 고구려 말기의 최고위 관직 내지 관등으로 알려진 대대로

와 막리지

의 성격과 관계를 해명하는 데 중요한 단서를 제공하고 있다.

이 사료는 고구려의 멸망 과정을 이해하는 데도 주목할 점이 많다. 사료에 따르면 남생이 변경 지대로 순행을 나가기 전부터 대내외적으로 여러 문제에 봉착했을 가능성이 시사되고 있으며, 남건(男建, ?~?)과 남산(男産, 639~702)을 진압하기 위해 봉기한 과정도 여러 문헌 기록에는 보이지 않는 정황이 비교적 자세히 나오기 때문이다. 또한 평양성 함락에서 승려 신성(信誠)과의 내응을 남생이 주도하였다고 한 사실도 눈길을 끄는데, 이는 최근 신성과 함께 내응한 고요묘(高饒苗, ?~673)의 묘지가 발견되며 향후 구체적인 비교⋅검토가 요청되고 있다.

이처럼 「천남생묘지명」은 고구려 말기 정치사 연구에서 사료적 가치가 매우 높은 자료로 지금까지 논의의 중심에 있었고, 앞으로도 그러할 것으로 전망된다. 다만 이 사료를 읽을 때는 「천남생묘지명」이 어디까지나 남생의 입장에서 기록된 자료임을 유념해야 한다. 이 사료에서는 남생의 모든 행위가 도덕적이고 필연적이었음을 강조하는데, 이는 역사적 사실과 반드시 일치하지 않을 수 있기 때문이다.

이 글의 내용은 집필자의 개인적 견해이며, 국사편찬위원회의 공식적 견해와 다를 수 있습니다.

참고문헌

논문

「고구려 유민 고요묘 묘지 검토」,『한국고대사연구』56,김영관,한국고대사학회,2009.
「고구려 붕괴 후 그 유민의 거취 문제」,『한국고대사연구』33,김현숙,한국고대사학회,2004.
「묘지로 본 재당 고구려 유민의 조선(祖先)의식 변화」,『대구사학』100,이문기,대구사학회,2010.

저서

『고구려사 연구』, 노태돈, 사계절, 1999.
『고구려 정치사 연구』, 임기환, 한나래, 2004.

관련사이트

[http://db.history.go.kr/id/gskh_001_0030_0210_0010] 국사편찬위원회 한국사데이터베이스",,,,https://contents.history.go.kr/front/hm/view.do?levelId=hm_014_0080,사료로 본 한국사\items\hm_age_20_삼국 시대\hm_ty_010_정치\hm_014_0080_당나라로 투항한 연개소문의 아들 남생.md
92,hm_age_20,삼국 시대,hm_ty_010,정치,hm_014_0090,고구려의 부흥 운동,삼국 시대 > 정치 > 통일로 가는 길 > 고구려의 부흥 운동,"총장(總章) 2년(669)에 고구려민 3만 명을 강회(江淮)와 남산(山南)으로 옮겼다. 고구려의 대장(大長) 겸모잠(鉗牟岑: 검모잠)이 무리를 거느리고 반란을 일으켜 고장(高藏)

보장왕(寶藏王)

의 외손(外孫) 안순(安舜: 안승)을 세워 왕으로 삼았다. 고간(高偘)을 동주도행군총관(東州道行軍總管)으로 삼고, 이근행(李謹行)을 연산도행군총관(燕山道行軍總管)으로 삼아 토벌케 하였고, 사평태상백(司平太常伯) 양방(楊昉)을 보내어 도망치고 남은 무리를 불러들이도록 하였다. 안순이 겸모잠을 죽이고 신라로 달아났다. 고간은 안동도호부(安東都護府)

의 치소를 요동주(遼東州)로 옮기고, 안시성(安市城)에서 반란병을 격파하였다. 또한 반란 세력을 천산(泉山)에서 쳐부수고 신라의 구원병 2000명을 사로잡았다. 이근행은 그들을 발노하(發盧河)에서 쳐부수고, 다시 싸워서 포로와 참수한 수가 1만에 이르렀다. 이에 평양성의 패잔병은 다시 군대의 진열을 정비할 수 없게 되었고, 함께 어울려 신라로 달아났다. 그리하여 모두 4년 만에 고구려 잔여 세력이 평정되었다.

『신당서』권220, 「열전」145 동이열전 고려전

總章二年, 徙高麗民三萬於江淮⋅山南. 大長鉗牟岑率衆反, 立藏外孫安舜爲王. 詔高偘東州道, 李謹行燕山道, 並爲行軍總管討之, 遣司平太常伯楊昉綏納亡餘. 舜殺鉗牟岑走新羅. 偘徙都護府治遼東州, 破叛兵於安市, 又敗之泉山, 俘新羅援兵二千. 李謹行破之于發盧河, 再戰, 俘馘萬計. 於是平壤痍殘不能軍, 相率奔新羅, 凡四年乃平.

『新唐書』卷220, 「列傳」145 東夷列傳 高麗傳

이 사료는 고구려의 부흥 운동을 보여 주는 자료이다. 668년(신라 문무왕 8년) 9월, 평양성이 함락되며 고구려는 멸망하였다. 하지만 그 뒤에도 적지 않은 고구려인은 당나라와 전쟁을 지속하며 저항하였다. 이른바 고구려 부흥 운동

이 전개된 것이다. 결과적으로 고구려 부흥 운동

은 실패하였으나 당나라의 동북아시아 지배 정책에 중요한 변수로 작용했으며, 한편으로 나당 전쟁(羅唐戰爭)과 밀접히 연관되어 국제 질서의 재편 과정에서 중요한 위치를 차지하였다고 할 수 있다.

고구려 부흥 운동

이 언제부터 시작되었는지 자세히 알 수 없지만, 부흥 운동이 “모두 4년 만에 평정되었다”라고 한 점으로 미뤄 대체로 673년(문무왕 13년) 말부터 674년(문무왕 14년) 초까지가 아닌가 한다. 그렇다면 고구려 부흥 운동

은 평양성이 함락되고 불과 1년도 지나지 않은 시점부터 전개된 것이다. 평양성을 함락한 당나라는 이곳에 안동도호부(安東都護府)

를 설치하고 동북아시아 전역에 지배권을 행사하고자 했지만 고구려 백성 가운데 당나라에 저항하는 자가 많았다. 이에 당나라는 669년(문무왕 9년) 고구려 백성을 당의 황무지로 옮기는 사민을 대대적으로 실시하였다. 그러나 고구려 백성의 저항은 중단되지 않았고, 오히려 고구려 부흥 운동

은 확대되어갔다. 검모잠(劍牟岑 : 또는 겸모잠(鉗牟岑), ?~670)과 안승(安勝, ?~?)은 그 대표적인 세력의 하나였다.

검모잠과 안승은 처음 한성, 즉 지금의 황해도 재령 지역에 근거지를 마련하고, 신라의 지원을 받으며 국가 재건을 도모하였다. 이를 후대 금마저(金馬猪, 지금의 익산 지역)의 보덕국(報德國)과 구분해 ‘한성 고구려국’이라고 부르기도 한다. 『삼국사기

』 「신라본기」에 따르면 그 시점은 670년(문무왕 10년) 6월로 나오는데, 이로부터 황해도 지역을 중심으로 평양 지역까지 진출하며 당나라와 전쟁을 벌였다.

이와 같은 고구려 부흥 운동

세력의 대당 전쟁은 신라와 연합한 것으로 나당 전쟁의 일부이기도 했다. 예컨대 「신라본기」에는 이를 신라가 주도한 것으로 나온다. 그렇지만 한편으로 중국 측의 사서에서는 고구려가 주된 적으로 나오고 있어서 부흥 운동의 세력도 만만치 않았음을 짐작하게 한다. 한편 부흥 운동은 검모잠과 안승뿐 아니라 고연무(高延武, ?~?)와 같은 고구려의 전직 관료도 참여하였고, 안시성(安市城)을 비롯한 요동 지역의 곳곳에서 전개되었다. 이 중에서 고연무는 안승과 합류하였다. 그러나 이들과 안시성 지역이 연합하지는 못했다. 당나라 군대가 다시 파견되며 압록강 이북으로의 진출이 좌절되었기 때문이다.

고구려의 부흥 운동은 안승이 검모잠을 살해하고 신라로 달아나면서 크게 위축된 것으로 보인다. 그럼에도 불구하고 고구려 부흥 운동

세력은 황해도⋅경기도 북부 지역을 중심으로 적어도 673년 후반까지 저항을 지속하였다. 이 사료에 보이는 발로하(發盧河)는 지금의 임진강 유역으로 당시의 시점이 673년 후반이었던 것이다. 이후 부흥 운동 세력은 신라로 달아났다고 하였다. 신라는 당나라와의 전쟁을 마치고 이들을 안승과 함께 금마저 지역에 이주시켰다. 그리고 674년 안승을 보덕국왕(報德國王)으로 책봉하며 고구려의 명맥을 잇도록 한다고 표방하였다. 하지만 보덕국은 신라의 통제에서 벗어나기 어려웠다. 부흥 운동의 남은 세력이 신라 지역으로 들어오면서 고구려의 재건은 사실상 불가능해지고 말았다.

이 글의 내용은 집필자의 개인적 견해이며, 국사편찬위원회의 공식적 견해와 다를 수 있습니다.

참고문헌

논문

「나당전쟁 진행과정에 보이는 고구려유민의 대당전쟁」,『사총』46,양병용,고려대학교 사학회,1997.
「고연무의 고구려 부흥군과 부흥 운동의 전개」,『역사와 현실』72,이정빈,한국역사연구회,2009.

저서

『삼국통일전쟁사』, 노태돈, 서울대학교 출판부, 2009.
『한국고대사의 이론과 쟁점』, 노태돈, 집문당, 2009.
『나당전쟁사 연구』, 서영교, 아세아문화사, 2007.
『한국고대사연구』, 이병도, 박영사, 1976.
『고구려의 역사』, 이종욱, 김영사, 2005.
『신라의 삼국통합연구』, 이호영, 서경문화사, 1997.
『고구려 정치사 연구』, 임기환, 한나래, 2004.

편저

「고구려의 멸망과 부흥 운동의 전개」, 조인성, 동북아역사재단 편, 2007.

관련사이트

[http://db.history.go.kr/id/jo_015r_0020_0010_0440] 국사편찬위원회 한국사데이터베이스",,,,https://contents.history.go.kr/front/hm/view.do?levelId=hm_014_0090,사료로 본 한국사\items\hm_age_20_삼국 시대\hm_ty_010_정치\hm_014_0090_고구려의 부흥 운동.md
93,hm_age_20,삼국 시대,hm_ty_010,정치,hm_014_0100,나당전쟁과 김인문⋅의상,삼국 시대 > 정치 > 통일로 가는 길 > 나당전쟁과 김인문⋅의상,"이때 당의 유병(遊兵)으로 여러 장수와 병졸 중에서 진(鎭)을 치고 주둔하며 장차 우리나라[신라]를 습격하고자 도모하려는 자가 있었다. 문무왕(文武王)이 이를 알고 군사를 일으켰다. 다음 해(669)에 당(唐) 고종(高宗)이 김인문(金仁問) 등을 불러 꾸짖으며 “너희가 우리 군대를 청하여 고구려를 멸망시켰는데, 그 군대를 해치는 것은 어째서인가?”라고 하였다. 그리고 곧 (김인문 등을) 옥사(獄舍)에 가두고 군사 50만을 훈련시켜 설방(薛邦)을 장수로 삼아 신라를 정벌하고자 하였다. 이때 의상법사(義相法師)가 서쪽으로 유학하고자 당나라로 들어가 있었는데, 찾아와 김인문을 만나보니, 김인문이 (옥사에 갇힌) 사정을 그에게 알려 주었다. 의상은 이에 동쪽(신라)으로 돌아와 문무왕에게 보고하였다. 문무왕이 이를 매우 걱정하며 여러 신료를 모아 방어의 계책을 물어 보았다.

『삼국유사

』권2, 「기이」2 문호왕법민

時唐之游兵諸將兵, 有留鎮而將謀襲我者. 王覺之, 發兵之. 明年, 高宗使召仁問等讓之曰, 爾請我兵以滅麗, 害之何耶. 乃下圎扉, 錬兵五十万, 以薛邦爲帥, 欲伐新羅. 時義相師西學入唐, 來見仁問, 仁問以事諭之. 相乃東還上聞. 王甚憚之, 會群臣問防禦策.

『三國遺事』卷2, 「紀異」2 文虎王法敏

이 사료는 나당 전쟁이 발발하기 직전의 분위기를 보여 준다. 당나라 총사령관 이적(李勣)이 고구려의 평양성을 함락하고 보장왕(寶藏王, ?~682)을 데리고 귀국하였는데, 남아 있던 당나라 군사들이 신라를 공격하려 하자 문무왕(文武王, 재위 661~681년)이 이들을 공격했고, 이후 당나라의 신라 공격이 본격적으로 추진되었다는 내용이다.

하지만 이는 역사적인 사실과 다르다. 이와 관련하여 671년(문무왕 11년) 문무왕과 당나라 장수 설인귀(薛仁貴, 614~683)가 주고받은 편지가 주목된다. 설인귀는 이미 양국이 전쟁 상황에 돌입했다고 하지만, 문무왕은 신라의 당나라 공격을 적극 부인하였다. 문무왕은 설인귀의 파견으로 전면적인 전쟁이 불가피하였지만 가급적 이를 회피하고자 했다. 당나라는 백제 지역에 웅진도독부(熊津都督府)

를, 고구려의 평양에 안동도호부(安東都護府)

를 설치하고 신라를 포함한 삼국 전역에 지배권을 미치고 있었기 때문이다. 만약 문무왕이 당나라 황제의 명을 받은 군사를 공격했다면 전쟁의 책임은 신라에 있는 것이다.

당나라는 신라와 전쟁을 치르기에 앞서 김인문(金仁問, 629~694)을 옥에 가두고, 당나라 설방(薛邦)

설인귀를 가리킨다고 추정

을 장수로 삼아 50만 대군을 파견할 계획을 세웠다. 김인문은 태종무열왕(太宗武烈王, 재위 654~661)의 둘째 아들로 651년(진덕여왕 5년) 이후 7차례에 걸쳐 당나라 사신으로 파견되었는데, 고구려 평양성이 함락된 이후 이적을 따라 당나라로 들어갔다. 나당 전쟁 직전에 한때 김인문은 곤경에 처했지만 당나라는 그를 신라 국왕으로 책봉하며 문무왕을 압박하고자 하였다. 이 때문에 그를 친당적(親唐的) 인물로 평가하는 연구도 있지만, 다른 한편으로는 나당 관계의 희생양이었다는 견해도 있다.

한편 당시 진골 출신의 신라 승려 의상(義相, 625~702)이 660년(태종무열왕 7년) 당나라에 들어가 중국 화엄종(華嚴宗)의 개조(開祖)로 여겨지는 지엄(智儼)의 문하에서 화엄교학을 수학하고 있었다. 의상은 김인문으로부터 당나라가 신라를 공격할 것이라는 정보를 입수하고 이를 귀국하여 문무왕에게 그 사실을 전하였던 것이다.

이 글의 내용은 집필자의 개인적 견해이며, 국사편찬위원회의 공식적 견해와 다를 수 있습니다.

참고문헌

논문

「김인문 소전」,『문화사학』21,권덕영,한국문화사학회,2004.
「나당관계의 변화와 김인문」,『백산학보』52,김수태,백산학회,1999.

저서

『의상-그의 생애와 화엄사상-』, 김두진, 민음사, 1995.
『백제부흥운동사』, 노중국, 일조각, 2003.
『나당전쟁사 연구』, 서영교, 아세아문화사, 2007.
『고구려 정치사 연구』, 임기환, 한나래, 2004.

관련사이트

[http://db.history.go.kr/id/sy_002r_0010_0010_0030] 국사편찬위원회 한국사데이터베이스",,,,https://contents.history.go.kr/front/hm/view.do?levelId=hm_014_0100,사료로 본 한국사\items\hm_age_20_삼국 시대\hm_ty_010_정치\hm_014_0100_나당전쟁과 김인문⋅의상.md
94,hm_age_20,삼국 시대,hm_ty_010,정치,hm_014_0110,"612년, 613년 수나라의 고구려 침공","삼국 시대 > 정치 > 통일로 가는 길 > 612년, 613년 수나라의 고구려 침공","영양왕 23년(612) 봄 정월 임오(壬午)에 황제가 조서를 내려 말하기를, “소추(보잘 것 없고 추악한 자)인 고구려가 사리에 어둡고 공손하지 않아 발해[渤]와 갈석[碣] 사이에 모여 들면서 요(遼)․예(濊)의 땅을 자주 잠식하였다. 비록 한(漢)과 위(魏)가 주륙을 거듭하여 (고구려의) 소굴이 잠시 기울었으나, 난리로 막힌 곳이 많아지니 종족과 부락이 다시 모여 지난 날 강과 숲에 모이며 씨를 뿌려 번창하니 오늘날에 이르렀다. 저 중화의 땅[華壤]을 넘보며 오랑캐가 되어 끊어지니, 여러 해 동안 오래도록 악의 쌓임이 이미 가득 찼다. 하늘의 도는 음란한 자에게 화를 내리니 망할 징조가 이미 시작되었다. 윤리를 어지럽히고 도덕과 의리를 그르침은 이루다 헤아릴 수 없고 사특함을 가리고 간사함을 품으며, 오로지 부족함만 말한다. 사신이 전하는 엄함을 면대하여 받은 적이 없고, 조정에 알현하는 예도 몸소 하려고 하지 않았다. 도망가고 배반한 자들을 꾀어서 받아들임에 끝을 알 수 없고 변방을 가득 채워 봉화대를 매우 수고롭게 하니, 관문의 빗장과 딱따기가 이로써 조용하지 못하니 백성들이 이 때문에 업을 폐하게 되었다. 지난날의 가벼운 정벌에서 이미 하늘이 친 그물에서 빠져나가 앞서 사로잡은 자들을 죽이는 것을 늦추어주고, 뒤에 항복한 자들에게도 곧바로 죽음을 내리지 않았는데, 거듭하여 은혜를 품지 않고 도리어 악을 길러 이에 거란의 무리를 합쳐 바다를 지키는 군사들을 죽이고 말갈(靺鞨)의 복속을 익혀 요서(遼西)를 침범하였다. 또 청구(靑丘)의 바깥에서는 모두 공납을 행하고 벽해(碧海)의 물가에서는 함께 정삭(正朔)을 받았는데, (그대[고구려]가) 결국 다시 보물을 강제로 빼앗고 왕래를 막아 끊어서 죄 없는 사람을 학대하고 성실한 자가 화를 만나게 되었다. 천자의 뜻을 받든 사신이 탄 수레가 해동(海東)에 이르면 정절(旌節)이 행차하는 바 그 길은 번경(藩境)을 지나게 되는데, (고구려가) 도로를 막고 왕의 명령을 받는 사람을 막아 거절하며 임금을 섬길 마음이 없으니, 어찌 신하의 예라 할 수 있겠는가? 이를 참는다면 무엇인들 용인할 수 없겠는가? 또한 법령이 가혹하며 세금을 거두는 데 번잡하고 무거우며, 힘 있는 신하와 호족이 모두 나라의 권력을 쥐고 붕당은 한패가 되는 것이 풍속이 되었으며, 뇌물을 주는 것이 시장과 같고, 억울함을 알릴 수가 없다. 여러 해 재난과 흉년이 거듭되어 집집마다 기근이고 전쟁은 쉬지 않으며 요역은 기한이 없어서 수송하는 데 힘을 다 쓰고 몸이 도랑에 빠지고 있다. 백성은 근심으로 괴로워하니, 이에 누구를 맞이하여 따를 것인가? 경내(境內)는 슬퍼서 어찌할 바를 모르니 그 폐단을 이길 수 없다. 머리를 돌려 내면을 보면 각각 생명을 보존할 대책을 품고, 노인과 아이는 모두 혹독함의 탄식을 느꼈다. 풍속을 살피고 유주(幽州)와 삭주(朔州)에 이르면서 억울한 사람을 위문하고 죄를 저지른 사람을 문책하며 다시는 황제의 수레가 가는 일이 없으리라. 이에 친히 6사(六師)를 거느리고 구벌(九伐)을 펼침으로 그 위태로움을 구원하고 하늘의 뜻을 복종하며 좇아 이 패악을 멸하여 능히 선대의 계책을 잇고자 한다. 지금 마땅히 법령을 내려 행군을 시작하니, 군대를 나누어 (정해진) 길로 향하고, 발해(渤海)를 덮어 우레와 같이 진동하고 부여(扶餘)를 거쳐 번개같이 쓸어버려라. 방패를 나란히 하고 갑옷을 살피며 군사들에게 경계하게 한 후에 행군하고, 세 번 영(令)을 내리고 다섯 번 훈계하여 반드시 승리함을 기약한 후에 싸우도록 하라.”

『삼국사기』 권20, 고구려본기8, 영양왕 23년

(대업(大業)) 9년(613)에 양제가 다시 고구려를 친정(親征)했다. 이때는 모든 군대에게 칙서를 내려 상황에 맞게 적절히 대응하라고 했다. 여러 장수들이 길을 나누어 성을 공격하니, 적(고구려)의 군세가 날로 위축되었다. 이 무렵 양현감(楊玄感)이 반란을 일으켰다. 반란을 보고하는 문서가 이르자, 양제는 크게 두려워하여 그날로 6군을 이끌고 돌아왔다. (이때) 병부시랑(兵部侍郞) 곡사정(斛斯政)이 고구려로 도망하여 들어가니, 고구려가 정보를 낱낱이 알고서 정예병을 총동원하여 추격하니, 후미의 부대는 대부분 패하였다.

『수서』 권81, 열전46, 동이, 고구려","二十三年, 春正月壬午, 帝下詔曰, “髙句麗小醜, 迷昏不恭, 崇聚勃·碣之間, 荐食遼·濊之境. 雖復漢·魏誅戮, 巢穴暫傾, 亂離多阻, 種落還集, 萃川藪於徃代, 播寔繁以訖今. 睠彼華壤, 翦爲夷類, 歷年永久, 惡稔旣盈. 天道禍淫, 亡徵已兆. 亂常敗徳, 非可勝圖, 掩慝懐姦, 唯曰不足. 移告之嚴, 未甞面受, 朝覲之禮, 莫肯躬親. 誘納亡叛, 不知紀極, 充斥邊垂, 亟勞烽候. 關柝以之不靜, 生人爲之廢業. 在昔薄伐, 已漏天網, 旣緩前禽之戮, 未即後服之誅, 曽不懐恩, 翻爲長惡, 乃兼契丹之黨, 處劉海戍, 習靺鞨之服, 侵軼遼西. 又青丘之表, 咸修職貢, 碧海之濵, 同禀正朔. 遂復敓攘琛責, 遏絶徃來, 虐及弗辜, 誠而遇禍. 輶車奉使, 爰曁海東, 旌節所次, 途經藩境, 而擁塞道路, 拒絶王人, 無事君之心, 豈爲臣之禮. 此而可忍, 孰不可容. 且法令苛酷, 賦歛煩重, 強臣豪族, 咸執國鈞, 朋黨比周, 以之成俗, 賄貨如市, 寃枉莫申. 重以仍歳災凶, 比屋饑饉, 兵戈不息, 徭役無期, 力竭轉輸, 身塡溝壑, 百姓愁苦, 爰誰適從. 境内哀惶, 不勝其弊. 迴首面内, 各懐性命之圖, 黄髮稚齒, 咸興酷毒之歎. 省俗觀風, 爰届幽·朔, 弔人問罪, 無俟再駕. 於是, 親㹅六師, 用申九伐, 拯厥阽危, 恊從天意, 殄兹逋穢, 剋嗣先謨. 今冝授律啓行, 分麾届路, 掩渤海而䨓震, 歷扶餘以電掃. 比干按甲, 誓旅而後行, 三令五申, 必勝而後戰.

『三國史記』卷20, 髙句麗本紀8, 嬰陽王 23年

[大業]九年(613), 帝復親征之, 乃勑諸軍以便宜從事. 諸將分道攻城, 賊勢日蹙. 會楊玄感作亂, 反書至, 帝大懼, 卽日六軍並還. 兵部侍郎斛斯政亡入高麗, 高麗具知事實, 悉銳來追, 殿軍多敗.

『隋書』 卷81, 列傳46, 東夷, 高句麗","고구려와 수나라의 612년 전쟁 개시와 613년 전쟁을 전하는 사료들이다. 첫 번째 사료는 『수서』 양제 제기에도 전하는데, 수나라가 고구려를 정벌하려는 명분을 담고 있다. 고구려의 일곱 가지 죄목을 나열하였는데, 번신(藩臣)의 예를 다하지 않았다는 점, 중국의 유망민을 꾀었다는 점, 거란과 말갈을 이용하여 변경에서 소란을 피웠다는 점, 주변국의 조공을 막았다는 점, 수나라 사신의 행차도 막았다는 점, 악정(惡政)을 일삼는다는 점, 잦은 전쟁과 요역(徭役)으로 백성이 고통스럽다는 점 등이다. 그러나 이 조서는 수나라 입장에서 고구려 원정의 명분을 내세운 것이므로, 곧이곧대로 믿기 어려운 측면이 있다. 단, 이 사료를 통해 고구려와 수나라 양국이 612년 이전부터 요서지역에서 국지전을 벌이고 있었다는 사실만큼은 알 수 있다.

수나라는 589년 중원을 통일한 이후, 영주총관부(營州總管府)를 통해 요서 지역의 여러 집단을 포섭하며 조금씩 동쪽으로 세력을 확장하였고, 이에 위기의식을 느낀 고구려의 영양왕은 598년 요서의 영주총관부를 공격하였다. 수나라는 30만 대군으로 고구려에 반격하려고 하였지만, 장마와 태풍으로 인해 중단되었다. 사료에 나오는 ‘지난 날의 가벼운 정벌’이 바로 이때 중단된 반격을 의미한다. 이후 한동안 양국간 전면전은 없었지만, 수나라는 요서의 해안 지역에 회원진(懷遠鎭)과 노하진(瀘河鎭) 등의 중소 규모 군사기지를 설치하며 동진하였고, 사료에 보이듯 고구려는 ‘거란의 무리를 합쳐 바다를 지키는 군사들을 죽이고, 말갈의 일을 익혀 요서를 침범’하는 등 이에 맞섰다.

605년에 즉위한 수양제는 관롱(關朧)집단 등 수나라의 주요 정치세력을 통제하고 집권력을 강화하기 위해, 대외정책과 전쟁을 주도하기 시작하였다. 이로써 수나라의 대외정책은 한층 적극적으로 바뀌었고, 607년부터 609년에 걸쳐서 서쪽의 철륵(鐵勒)과 토욕혼(土谷渾), 서역제국(西域諸國)을 복속시킨 수양제의 사이(四夷) 경략 구상은 동쪽의 고구려를 향하게 되었다.

한편 607년, 고구려는 곧 있을 수나라의 공격에 대비하기 위해 동돌궐과 연대하려고 하였다. 그러나 동돌궐의 계민가한(啟民可汗)은 고구려의 요청에 응하지 않았고, 오히려 고구려 사신이 방문했다는 사실을 마침 북쪽 변경을 순행하며 계민가한을 찾은 수양제에게 알렸다. 수양제는 그 자리에서 고구려 사신에게 영양왕이 친조(親朝)하지 않으면, 동돌궐을 동원하여 고구려를 공격하겠다고 엄포를 놓았다. 고구려의 동돌궐 교섭이 수나라를 자극한 것이었다. 이후, 수나라의 고구려 공격이 노골적으로 추진되면서, 고구려는 돌궐뿐 아니라, 백제, 왜 등 다각적 외교를 통해 수나라의 위협에 대비하였지만, 전쟁을 피할 수 없었다.

영양왕은 수양제의 입조 요구에 응하지 않았다. 고구려의 대응은 강경했던 것으로 이해된다. 607년부터 611년에 걸쳐서 고구려는 앞서 언급했듯이 진(鎭)과 수(戍) 등 수나라의 요서 해안 지역 군사기지들을 공격하여 전쟁에 대비하였다. 이에 대응하여 수양제는 고구려 공격을 결정하였고, 611년 수나라는 고구려의 무려성(武厲城)을 공격하기도 하는 등 요서 지역의 국지전이 전개된 끝에, 612년부터 양국간의 전면전이 전개되었다. 612년 1월 탁군(涿郡)에 모든 군사를 집결시킨 뒤, 첫 번째 사료에 인용된 수양제의 조서가 반포되면서 수나라의 고구려 공격이 시작되었다. 『수서』 예의지(禮儀志) 등을 통해 수나라의 군대는 좌우12군과 천자6군 등 수군과 육군 도합 34~36개 군, 총병력 200만여 명이 출전하여, 길을 나누어 고구려로 진군하였다는 사실이 확인된다.

그러나 『수서』 양제 제기에 나오듯, 고구려는 “각 성을 잘 지키고 있어, 수나라가 공격해도 함락되지 않았다.” 요동성(遼東城)에서 막힌 수나라군은 별동대를 편성하여, 고구려 도성(평양성)으로 직공하게 하였다. 수양제는 전쟁이 장기화되면서 군수물자의 부족과 사기 저하가 염려되었고, 말갈 등 고구려 원군과 다가올 장마를 경계해야 했다. 그러나 잘 알려져 있듯이, 별동대마저도 을지문덕(乙支文德)에게 살수(薩水)에서 대패함으로써 612년 전쟁은 수나라의 패배로 끝이 났다.

한편 두 번째 사료는 612년에 참패한 수양제가 이듬해 다시 고구려 원정에 나선 사실을 전하고 있다. 『수서』 양제 제기에 따르면, 수나라 군대는 다시 613년 1월에 탁군에 집결하여 3월부터 고구려로 진군하였고, 요수를 건넌 4월부터 전투가 시작되었다. 또다시 요동성과 신성(新城), 백암성(白巖城) 등에서 수나라의 공성과 고구려의 수성이 이어지던 중, 사료에서도 나오듯 수나라 내부에서 반란이 일어났다. 6월, 수나라 예부상서(禮部尙書) 양현감(楊玄感)이 반란을 일으켜 수나라 도성 낙양(洛陽)을 공격하였고, 원정군은 반란 진압을 위해 철군할 수밖에 없었다. 이 와중에 원정에 참전했던 수나라 병부시랑(兵部侍郎) 곡사정(斛斯政)은 군에서 이탈하여 고구려에 망명하기도 하였다. 이로써 613년 전쟁은 종료되었다.

이 글의 내용은 집필자의 개인적 견해이며, 국사편찬위원회의 공식적 견해와 다를 수 있습니다.

참고문헌

논문

김창석, 「고구려·수 전쟁의 배경과 전개-경제적 요인을 중심으로-」, 『동북아역사논총』 15, 2007.
김택민, 「려·수 역학관계와 전쟁의 양상」, 『동양사학연구』 127, 2014.
여호규, 「6세기말~7세기초 동아시아 국제질서와 고구려 대외정책의 변화」, 『역사와 현실』 46, 2002.

저서

김진한, 『고구려 후기 대외관계사 연구』, 한국학중앙연구원출판부, 2020.
노태돈, 『고구려사 연구』, 사계절, 1999.
이성제, 『고구려의 서방정책 연구』, 국학자료원, 2005.
이정빈, 『고구려-수 전쟁』, 주류성, 2018.
임기환, 『고구려와 수·당 70년 전쟁』, 동북아역사재단, 2022.
정동민, 『고대 동아시아 최대의 충돌, 고구려-수 전쟁』, 신서원, 2022.

관련사이트

[http://db.history.go.kr/id/sg_020r_0020_0220] 『삼국사기』 권20, 고구려본기8, 영양왕 23년국사편찬위원회 한국사데이터베이스

[http://db.history.go.kr/id/jo_013r_0010_0010_0110] 『수서』 권81, 열전46, 동이, 고구려, 국사편찬위원회 한국사데이터베이스",,https://contents.history.go.kr/front/hm/view.do?levelId=hm_014_0110,"사료로 본 한국사\items\hm_age_20_삼국 시대\hm_ty_010_정치\hm_014_0110_612년, 613년 수나라의 고구려 침공.md"
